province,endpoint,bacteria_species,amr_antibiotic,amr_class,amr_mean_2019_2024,amr_2019_2024_change,total_strains_2019_2024,n_years,sentinel_endpoint,cluster_id,cluster_name
Anhui,A. baumannii | Amikacin,A. baumannii,Amikacin,aminoglycosides,35.99689394541702,-5.3479403257369995,28333,6,FALSE,1,Eastern production-infrastructure belt
Anhui,A. baumannii | Aztreonam,A. baumannii,Aztreonam,other,73.73859001408968,0.5402565002441406,9969,6,FALSE,1,Eastern production-infrastructure belt
Anhui,A. baumannii | Cefepime,A. baumannii,Cefepime,cephalosporins,53.08417335941816,-11.016809940338135,55493,6,FALSE,1,Eastern production-infrastructure belt
Anhui,A. baumannii | Cefotaxime,A. baumannii,Cefotaxime,cephalosporins,67.24160276503125,-8.883017301559448,7711,6,FALSE,1,Eastern production-infrastructure belt
Anhui,A. baumannii | Ceftazidime,A. baumannii,Ceftazidime,cephalosporins,60.72536090622464,-3.167426586151123,55145,6,FALSE,1,Eastern production-infrastructure belt
Anhui,A. baumannii | Ceftriaxone,A. baumannii,Ceftriaxone,cephalosporins,58.548545362246465,-4.026615619659424,21413,6,FALSE,1,Eastern production-infrastructure belt
Anhui,A. baumannii | Ciprofloxacin,A. baumannii,Ciprofloxacin,fluoroquinolones,62.84673254833599,-2.45552659034729,46109,6,FALSE,1,Eastern production-infrastructure belt
Anhui,A. baumannii | Gentamicin,A. baumannii,Gentamicin,aminoglycosides,56.94017411885066,-5.065679550170898,21145,6,FALSE,1,Eastern production-infrastructure belt
Anhui,A. baumannii | Imipenem,A. baumannii,Imipenem,carbapenems,60.241145575033066,-3.520721197128296,53080,6,FALSE,1,Eastern production-infrastructure belt
Anhui,A. baumannii | Levofloxacin,A. baumannii,Levofloxacin,fluoroquinolones,48.633703306601454,2.3177117109298706,55698,6,TRUE,1,Eastern production-infrastructure belt
Anhui,A. baumannii | Meropenem,A. baumannii,Meropenem,carbapenems,65.13737173425024,-1.9455492496490479,33959,6,FALSE,1,Eastern production-infrastructure belt
Anhui,A. baumannii | Minocycline,A. baumannii,Minocycline,other,13.696881315126065,-17.308863252401352,32898,6,FALSE,1,Eastern production-infrastructure belt
Anhui,A. baumannii | Polymyxin B,A. baumannii,Polymyxin B,other,1.5217391353873007,1.8329938873648643,5980,6,FALSE,1,Eastern production-infrastructure belt
Anhui,A. baumannii | Tigecycline,A. baumannii,Tigecycline,tetracyclines,4.902314353092659,-1.2773152440786362,33270,6,FALSE,1,Eastern production-infrastructure belt
Anhui,A. baumannii | Tobramycin,A. baumannii,Tobramycin,aminoglycosides,54.133533583413815,-0.05552172660827637,45397,6,FALSE,1,Eastern production-infrastructure belt
Anhui,E. coli | Amikacin,E. coli,Amikacin,aminoglycosides,3.5304682960069216,1.1096667498350143,170374,6,FALSE,1,Eastern production-infrastructure belt
Anhui,E. coli | Ampicillin,E. coli,Ampicillin,other,82.4871802017592,-1.5476524829864502,96535,6,FALSE,1,Eastern production-infrastructure belt
Anhui,E. coli | Aztreonam,E. coli,Aztreonam,other,35.01336407419459,-6.571739912033081,107002,6,FALSE,1,Eastern production-infrastructure belt
Anhui,E. coli | Cefazolin,E. coli,Cefazolin,cephalosporins,64.74760678160476,-13.219016790390015,20583,6,FALSE,1,Eastern production-infrastructure belt
Anhui,E. coli | Cefepime,E. coli,Cefepime,cephalosporins,25.46647513508472,4.058593511581421,167051,6,FALSE,1,Eastern production-infrastructure belt
Anhui,E. coli | Cefotaxime,E. coli,Cefotaxime,cephalosporins,51.00783367247475,-1.5976190567016602,26294,6,FALSE,1,Eastern production-infrastructure belt
Anhui,E. coli | Cefotetan,E. coli,Cefotetan,cephalosporins,2.9160035947283567,-0.009430386126041412,69753,6,FALSE,1,Eastern production-infrastructure belt
Anhui,E. coli | Cefoxitin,E. coli,Cefoxitin,cephalosporins,11.19910570484119,-0.4198804497718829,74247,6,FALSE,1,Eastern production-infrastructure belt
Anhui,E. coli | Ceftazidime,E. coli,Ceftazidime,cephalosporins,24.68461909265358,-3.758397698402405,176057,6,FALSE,1,Eastern production-infrastructure belt
Anhui,E. coli | Ceftriaxone,E. coli,Ceftriaxone,cephalosporins,53.95834180773588,-6.821388006210327,145566,6,FALSE,1,Eastern production-infrastructure belt
Anhui,E. coli | Cefuroxime,E. coli,Cefuroxime,cephalosporins,52.72232280240197,0.0971376895904541,89262,6,FALSE,1,Eastern production-infrastructure belt
Anhui,E. coli | Chloramphenicol,E. coli,Chloramphenicol,other,26.2222219168404,-6.852956116199493,8100,6,FALSE,1,Eastern production-infrastructure belt
Anhui,E. coli | Ciprofloxacin,E. coli,Ciprofloxacin,fluoroquinolones,54.0590840594843,-1.9148826599121094,94578,6,TRUE,1,Eastern production-infrastructure belt
Anhui,E. coli | Ertapenem,E. coli,Ertapenem,carbapenems,1.2610474607862283,0.5745795555412769,131478,6,FALSE,1,Eastern production-infrastructure belt
Anhui,E. coli | Gentamicin,E. coli,Gentamicin,aminoglycosides,35.44583691756789,-2.770864963531494,95416,6,FALSE,1,Eastern production-infrastructure belt
Anhui,E. coli | Imipenem,E. coli,Imipenem,carbapenems,1.6312555671693345,-0.05747433751821518,173486,6,FALSE,1,Eastern production-infrastructure belt
Anhui,E. coli | Levofloxacin,E. coli,Levofloxacin,fluoroquinolones,51.05235617912458,0.12789368629455566,169287,6,TRUE,1,Eastern production-infrastructure belt
Anhui,E. coli | Meropenem,E. coli,Meropenem,carbapenems,1.6453300599229836,0.5339125171303749,44915,6,FALSE,1,Eastern production-infrastructure belt
Anhui,E. coli | Nitrofurantoin,E. coli,Nitrofurantoin,other,2.363021431047692,-1.2629009783267975,44350,6,FALSE,1,Eastern production-infrastructure belt
Anhui,E. coli | Polymyxin B,E. coli,Polymyxin B,other,1.070623591722071,NA,5324,4,FALSE,1,Eastern production-infrastructure belt
Anhui,E. coli | Tigecycline,E. coli,Tigecycline,tetracyclines,0.1363054912750388,0.06625083042308685,95374,6,FALSE,1,Eastern production-infrastructure belt
Anhui,E. coli | Tobramycin,E. coli,Tobramycin,aminoglycosides,19.088846459519846,21.221613883972168,91247,6,FALSE,1,Eastern production-infrastructure belt
Anhui,K. pneumoniae | Amikacin,K. pneumoniae,Amikacin,aminoglycosides,9.4789766378961,-6.012327969074249,126501,6,FALSE,1,Eastern production-infrastructure belt
Anhui,K. pneumoniae | Ampicillin,K. pneumoniae,Ampicillin,other,88.2409383145935,2.2815167903900146,43762,6,FALSE,1,Eastern production-infrastructure belt
Anhui,K. pneumoniae | Aztreonam,K. pneumoniae,Aztreonam,other,28.32546956429534,-7.990813255310059,71208,6,FALSE,1,Eastern production-infrastructure belt
Anhui,K. pneumoniae | Cefazolin,K. pneumoniae,Cefazolin,cephalosporins,33.227961249920604,-20.274242758750916,16766,6,FALSE,1,Eastern production-infrastructure belt
Anhui,K. pneumoniae | Cefepime,K. pneumoniae,Cefepime,cephalosporins,22.744515047652474,-5.424082279205322,125749,6,FALSE,1,Eastern production-infrastructure belt
Anhui,K. pneumoniae | Cefotaxime,K. pneumoniae,Cefotaxime,cephalosporins,34.263474869075424,-12.011349201202389,18886,6,FALSE,1,Eastern production-infrastructure belt
Anhui,K. pneumoniae | Cefotetan,K. pneumoniae,Cefotetan,cephalosporins,13.292859802960988,-3.752046078443529,44144,6,FALSE,1,Eastern production-infrastructure belt
Anhui,K. pneumoniae | Cefoxitin,K. pneumoniae,Cefoxitin,cephalosporins,19.033139576231168,-7.4821531772613525,58540,6,FALSE,1,Eastern production-infrastructure belt
Anhui,K. pneumoniae | Ceftazidime,K. pneumoniae,Ceftazidime,cephalosporins,24.256377445864448,-7.6010361313819885,129871,6,FALSE,1,Eastern production-infrastructure belt
Anhui,K. pneumoniae | Ceftriaxone,K. pneumoniae,Ceftriaxone,cephalosporins,32.35914878304511,-11.583256721496582,105182,6,FALSE,1,Eastern production-infrastructure belt
Anhui,K. pneumoniae | Cefuroxime,K. pneumoniae,Cefuroxime,cephalosporins,33.57583985113761,-9.422287344932556,70101,6,FALSE,1,Eastern production-infrastructure belt
Anhui,K. pneumoniae | Chloramphenicol,K. pneumoniae,Chloramphenicol,other,26.159479164934947,-3.2325074076652527,7374,6,FALSE,1,Eastern production-infrastructure belt
Anhui,K. pneumoniae | Ciprofloxacin,K. pneumoniae,Ciprofloxacin,fluoroquinolones,25.795973665500636,-7.133415341377258,65266,6,TRUE,1,Eastern production-infrastructure belt
Anhui,K. pneumoniae | Ertapenem,K. pneumoniae,Ertapenem,carbapenems,9.227525134199443,1.2059420347213745,93427,6,FALSE,1,Eastern production-infrastructure belt
Anhui,K. pneumoniae | Gentamicin,K. pneumoniae,Gentamicin,aminoglycosides,23.28807786248408,-7.1115642786025965,60619,6,FALSE,1,Eastern production-infrastructure belt
Anhui,K. pneumoniae | Imipenem,K. pneumoniae,Imipenem,carbapenems,12.767710024306693,-5.047919601202011,129898,6,FALSE,1,Eastern production-infrastructure belt
Anhui,K. pneumoniae | Levofloxacin,K. pneumoniae,Levofloxacin,fluoroquinolones,21.72441425043242,-6.197901070117954,128519,6,TRUE,1,Eastern production-infrastructure belt
Anhui,K. pneumoniae | Meropenem,K. pneumoniae,Meropenem,carbapenems,14.80206058841949,-1.7714768648147583,35137,6,FALSE,1,Eastern production-infrastructure belt
Anhui,K. pneumoniae | Nitrofurantoin,K. pneumoniae,Nitrofurantoin,other,32.61517700751607,-0.4715770483016968,25157,6,FALSE,1,Eastern production-infrastructure belt
Anhui,K. pneumoniae | Polymyxin B,K. pneumoniae,Polymyxin B,other,1.1876484390233164,NA,2947,4,FALSE,1,Eastern production-infrastructure belt
Anhui,K. pneumoniae | Tigecycline,K. pneumoniae,Tigecycline,tetracyclines,1.8011990193931746,-0.35484153777360916,74728,6,FALSE,1,Eastern production-infrastructure belt
Anhui,K. pneumoniae | Tobramycin,K. pneumoniae,Tobramycin,aminoglycosides,17.999803350541782,1.956421136856079,61084,6,FALSE,1,Eastern production-infrastructure belt
Anhui,P. aeruginosa | Amikacin,P. aeruginosa,Amikacin,aminoglycosides,4.028768106007156,-3.483785316348076,80645,6,FALSE,1,Eastern production-infrastructure belt
Anhui,P. aeruginosa | Aztreonam,P. aeruginosa,Aztreonam,other,24.182066524883563,-8.308285474777222,42424,6,FALSE,1,Eastern production-infrastructure belt
Anhui,P. aeruginosa | Cefepime,P. aeruginosa,Cefepime,cephalosporins,10.597020327001045,-6.320203095674515,83967,6,FALSE,1,Eastern production-infrastructure belt
Anhui,P. aeruginosa | Ceftazidime,P. aeruginosa,Ceftazidime,cephalosporins,16.027287569618522,-2.331259846687317,82528,6,FALSE,1,Eastern production-infrastructure belt
Anhui,P. aeruginosa | Ciprofloxacin,P. aeruginosa,Ciprofloxacin,fluoroquinolones,14.226864190875373,-6.814088672399521,78893,6,TRUE,1,Eastern production-infrastructure belt
Anhui,P. aeruginosa | Gentamicin,P. aeruginosa,Gentamicin,aminoglycosides,9.578478017859691,-4.514334350824354,34755,6,FALSE,1,Eastern production-infrastructure belt
Anhui,P. aeruginosa | Imipenem,P. aeruginosa,Imipenem,carbapenems,18.864048480159205,-3.4647509455680847,82750,6,FALSE,1,Eastern production-infrastructure belt
Anhui,P. aeruginosa | Levofloxacin,P. aeruginosa,Levofloxacin,fluoroquinolones,15.178423914785546,-4.745949804782869,78717,6,FALSE,1,Eastern production-infrastructure belt
Anhui,P. aeruginosa | Meropenem,P. aeruginosa,Meropenem,carbapenems,15.099925778753425,-1.0115951299667358,56742,6,FALSE,1,Eastern production-infrastructure belt
Anhui,P. aeruginosa | Piperacillin,P. aeruginosa,Piperacillin,other,17.660508529973548,-3.753437101840973,10934,6,FALSE,1,Eastern production-infrastructure belt
Anhui,P. aeruginosa | Polymyxin B,P. aeruginosa,Polymyxin B,other,2.415758143922146,1.7228158190846443,8072,6,FALSE,1,Eastern production-infrastructure belt
Anhui,P. aeruginosa | Tobramycin,P. aeruginosa,Tobramycin,aminoglycosides,7.060247460430968,0.022446364164352417,68567,6,FALSE,1,Eastern production-infrastructure belt
Anhui,S. aureus | Amikacin,S. aureus,Amikacin,aminoglycosides,2.922077849507332,NA,308,1,FALSE,1,Eastern production-infrastructure belt
Anhui,S. aureus | Cefoxitin,S. aureus,Cefoxitin,cephalosporins,34.851001477788934,-3.6405831575393677,10235,6,FALSE,1,Eastern production-infrastructure belt
Anhui,S. aureus | Chloramphenicol,S. aureus,Chloramphenicol,other,10.020450094680479,-57.58149437606335,978,3,FALSE,1,Eastern production-infrastructure belt
Anhui,S. aureus | Ciprofloxacin,S. aureus,Ciprofloxacin,fluoroquinolones,15.806229251863726,-2.4597972631454468,44919,6,FALSE,1,Eastern production-infrastructure belt
Anhui,S. aureus | Clindamycin,S. aureus,Clindamycin,other,25.28735643634015,-12.284597754478455,66033,6,FALSE,1,Eastern production-infrastructure belt
Anhui,S. aureus | Erythromycin,S. aureus,Erythromycin,macrolides,54.76395285845043,-6.790226697921753,67444,6,TRUE,1,Eastern production-infrastructure belt
Anhui,S. aureus | Gentamicin,S. aureus,Gentamicin,aminoglycosides,6.804448732642511,-5.105642229318619,68514,6,FALSE,1,Eastern production-infrastructure belt
Anhui,S. aureus | Levofloxacin,S. aureus,Levofloxacin,fluoroquinolones,14.854246423148055,-2.042761445045473,66688,6,FALSE,1,Eastern production-infrastructure belt
Anhui,S. aureus | Linezolid,S. aureus,Linezolid,other,0,0,69257,6,FALSE,1,Eastern production-infrastructure belt
Anhui,S. aureus | Nitrofurantoin,S. aureus,Nitrofurantoin,other,0.14590395842899256,0.04815054126083851,23303,6,FALSE,1,Eastern production-infrastructure belt
Anhui,S. aureus | Oxacillin,S. aureus,Oxacillin,other,38.44848991249301,-4.319235682487488,67199,6,FALSE,1,Eastern production-infrastructure belt
Anhui,S. aureus | Penicillin G,S. aureus,Penicillin G,other,93.24313662652412,-1.3508379459381246,63269,6,FALSE,1,Eastern production-infrastructure belt
Anhui,S. aureus | Rifampicin,S. aureus,Rifampicin,other,1.651161450281994,-2.0294195972383022,69224,6,FALSE,1,Eastern production-infrastructure belt
Anhui,S. aureus | Teicoplanin,S. aureus,Teicoplanin,other,0,0,14512,6,FALSE,1,Eastern production-infrastructure belt
Anhui,S. aureus | Tetracycline,S. aureus,Tetracycline,tetracyclines,19.495344599373542,-7.16816633939743,47042,6,FALSE,1,Eastern production-infrastructure belt
Anhui,S. aureus | Vancomycin,S. aureus,Vancomycin,other,0,0,68013,6,FALSE,1,Eastern production-infrastructure belt
Beijing,A. baumannii | Amikacin,A. baumannii,Amikacin,aminoglycosides,40.81966029183948,1.5097707509994507,27548,6,FALSE,2,Urban-industrial wastewater core
Beijing,A. baumannii | Aztreonam,A. baumannii,Aztreonam,other,73.62294280515484,7.2258055210113525,3522,6,FALSE,2,Urban-industrial wastewater core
Beijing,A. baumannii | Cefepime,A. baumannii,Cefepime,cephalosporins,51.16847760291491,-8.39565396308899,66240,6,FALSE,2,Urban-industrial wastewater core
Beijing,A. baumannii | Cefotaxime,A. baumannii,Cefotaxime,cephalosporins,43.57960731798586,3.8411468267440796,7336,6,FALSE,2,Urban-industrial wastewater core
Beijing,A. baumannii | Ceftazidime,A. baumannii,Ceftazidime,cephalosporins,56.71033561426059,-4.171442985534668,65265,6,FALSE,2,Urban-industrial wastewater core
Beijing,A. baumannii | Ceftriaxone,A. baumannii,Ceftriaxone,cephalosporins,53.39274316172475,-11.877241730690002,15710,6,FALSE,2,Urban-industrial wastewater core
Beijing,A. baumannii | Ciprofloxacin,A. baumannii,Ciprofloxacin,fluoroquinolones,58.721624554845214,-5.10067343711853,63612,6,FALSE,2,Urban-industrial wastewater core
Beijing,A. baumannii | Gentamicin,A. baumannii,Gentamicin,aminoglycosides,47.62373260665412,-7.51308798789978,26428,6,FALSE,2,Urban-industrial wastewater core
Beijing,A. baumannii | Imipenem,A. baumannii,Imipenem,carbapenems,57.459501430882305,-5.234158039093018,67719,6,FALSE,2,Urban-industrial wastewater core
Beijing,A. baumannii | Levofloxacin,A. baumannii,Levofloxacin,fluoroquinolones,47.67292927997431,1.3440191745758057,65576,6,TRUE,2,Urban-industrial wastewater core
Beijing,A. baumannii | Meropenem,A. baumannii,Meropenem,carbapenems,61.14543721424851,-6.1198890209198,48069,6,FALSE,2,Urban-industrial wastewater core
Beijing,A. baumannii | Minocycline,A. baumannii,Minocycline,other,17.757057004130836,-7.1694061160087585,39145,6,FALSE,2,Urban-industrial wastewater core
Beijing,A. baumannii | Polymyxin B,A. baumannii,Polymyxin B,other,4.6073978496044585,-1.995156705379486,3082,6,FALSE,2,Urban-industrial wastewater core
Beijing,A. baumannii | Tigecycline,A. baumannii,Tigecycline,tetracyclines,5.577256394933796,1.1273086071014404,38657,6,FALSE,2,Urban-industrial wastewater core
Beijing,A. baumannii | Tobramycin,A. baumannii,Tobramycin,aminoglycosides,50.49970022671984,-4.448896646499634,55133,6,FALSE,2,Urban-industrial wastewater core
Beijing,E. coli | Amikacin,E. coli,Amikacin,aminoglycosides,2.849133017060655,3.230578452348709,146606,6,FALSE,2,Urban-industrial wastewater core
Beijing,E. coli | Ampicillin,E. coli,Ampicillin,other,79.64785274562509,-0.8300900459289551,72867,6,FALSE,2,Urban-industrial wastewater core
Beijing,E. coli | Aztreonam,E. coli,Aztreonam,other,32.787887351952556,-2.789300680160519,94907,6,FALSE,2,Urban-industrial wastewater core
Beijing,E. coli | Cefazolin,E. coli,Cefazolin,cephalosporins,67.55988268313604,-1.7502963542938232,11606,6,FALSE,2,Urban-industrial wastewater core
Beijing,E. coli | Cefepime,E. coli,Cefepime,cephalosporins,27.579857131729607,2.8208374977111816,152053,6,FALSE,2,Urban-industrial wastewater core
Beijing,E. coli | Cefotaxime,E. coli,Cefotaxime,cephalosporins,51.01455735395172,-1.399618387222283,18136,6,FALSE,2,Urban-industrial wastewater core
Beijing,E. coli | Cefotetan,E. coli,Cefotetan,cephalosporins,3.625423424891495,-1.049451157450676,39554,6,FALSE,2,Urban-industrial wastewater core
Beijing,E. coli | Cefoxitin,E. coli,Cefoxitin,cephalosporins,12.996113290828577,-2.823247015476225,53516,6,FALSE,2,Urban-industrial wastewater core
Beijing,E. coli | Ceftazidime,E. coli,Ceftazidime,cephalosporins,23.680016636106707,-1.5318170189857483,151233,6,FALSE,2,Urban-industrial wastewater core
Beijing,E. coli | Ceftriaxone,E. coli,Ceftriaxone,cephalosporins,50.420406881817264,-1.3058125972747803,115959,6,FALSE,2,Urban-industrial wastewater core
Beijing,E. coli | Cefuroxime,E. coli,Cefuroxime,cephalosporins,51.16191947538704,-1.7470598220825195,96091,6,FALSE,2,Urban-industrial wastewater core
Beijing,E. coli | Chloramphenicol,E. coli,Chloramphenicol,other,22.558880462602993,2.182804048061371,16007,6,FALSE,2,Urban-industrial wastewater core
Beijing,E. coli | Ciprofloxacin,E. coli,Ciprofloxacin,fluoroquinolones,54.99679453401987,1.860564947128296,93620,6,TRUE,2,Urban-industrial wastewater core
Beijing,E. coli | Ertapenem,E. coli,Ertapenem,carbapenems,2.599232599154806,1.2824950739741323,71675,6,FALSE,2,Urban-industrial wastewater core
Beijing,E. coli | Gentamicin,E. coli,Gentamicin,aminoglycosides,34.948224702773324,-4.996150732040405,86817,6,FALSE,2,Urban-industrial wastewater core
Beijing,E. coli | Imipenem,E. coli,Imipenem,carbapenems,2.736431883863037,-0.18649064004421234,153448,6,FALSE,2,Urban-industrial wastewater core
Beijing,E. coli | Levofloxacin,E. coli,Levofloxacin,fluoroquinolones,53.62666254455123,3.9333224296569753,138888,6,TRUE,2,Urban-industrial wastewater core
Beijing,E. coli | Meropenem,E. coli,Meropenem,carbapenems,2.396762080060525,-0.033593922853469405,101053,6,FALSE,2,Urban-industrial wastewater core
Beijing,E. coli | Nitrofurantoin,E. coli,Nitrofurantoin,other,3.515896386751318,-2.4623656645417213,18715,6,FALSE,2,Urban-industrial wastewater core
Beijing,E. coli | Polymyxin B,E. coli,Polymyxin B,other,1.9188192426965904,NA,1355,4,FALSE,2,Urban-industrial wastewater core
Beijing,E. coli | Tigecycline,E. coli,Tigecycline,tetracyclines,0.22941041696612857,0.0900742830708623,78462,6,FALSE,2,Urban-industrial wastewater core
Beijing,E. coli | Tobramycin,E. coli,Tobramycin,aminoglycosides,15.955604957358492,21.444671601057053,64692,6,FALSE,2,Urban-industrial wastewater core
Beijing,K. pneumoniae | Amikacin,K. pneumoniae,Amikacin,aminoglycosides,16.516835110895034,8.618238568305971,132816,6,FALSE,2,Urban-industrial wastewater core
Beijing,K. pneumoniae | Ampicillin,K. pneumoniae,Ampicillin,other,89.93265624191031,1.1314511299133159,23462,6,FALSE,2,Urban-industrial wastewater core
Beijing,K. pneumoniae | Aztreonam,K. pneumoniae,Aztreonam,other,36.070587332070296,5.309498310089111,92538,6,FALSE,2,Urban-industrial wastewater core
Beijing,K. pneumoniae | Cefazolin,K. pneumoniae,Cefazolin,cephalosporins,44.71165760684867,7.7571094036102295,16092,6,FALSE,2,Urban-industrial wastewater core
Beijing,K. pneumoniae | Cefepime,K. pneumoniae,Cefepime,cephalosporins,35.40403716394976,7.669547200202942,138230,6,FALSE,2,Urban-industrial wastewater core
Beijing,K. pneumoniae | Cefotaxime,K. pneumoniae,Cefotaxime,cephalosporins,36.51186919179373,11.762115359306335,17356,6,FALSE,2,Urban-industrial wastewater core
Beijing,K. pneumoniae | Cefotetan,K. pneumoniae,Cefotetan,cephalosporins,18.23904636658857,0.018864870071411133,35742,6,FALSE,2,Urban-industrial wastewater core
Beijing,K. pneumoniae | Cefoxitin,K. pneumoniae,Cefoxitin,cephalosporins,30.88698781037159,-1.206317543983456,44420,6,FALSE,2,Urban-industrial wastewater core
Beijing,K. pneumoniae | Ceftazidime,K. pneumoniae,Ceftazidime,cephalosporins,35.88449919768874,8.652728796005249,135964,6,FALSE,2,Urban-industrial wastewater core
Beijing,K. pneumoniae | Ceftriaxone,K. pneumoniae,Ceftriaxone,cephalosporins,42.885458883734344,4.052326083183289,92325,6,FALSE,2,Urban-industrial wastewater core
Beijing,K. pneumoniae | Cefuroxime,K. pneumoniae,Cefuroxime,cephalosporins,47.055822936436016,6.237342953681946,72533,6,FALSE,2,Urban-industrial wastewater core
Beijing,K. pneumoniae | Chloramphenicol,K. pneumoniae,Chloramphenicol,other,20.91223789487854,1.5279173851013184,19644,6,FALSE,2,Urban-industrial wastewater core
Beijing,K. pneumoniae | Ciprofloxacin,K. pneumoniae,Ciprofloxacin,fluoroquinolones,33.04543996567931,2.8535664081573486,90427,6,TRUE,2,Urban-industrial wastewater core
Beijing,K. pneumoniae | Ertapenem,K. pneumoniae,Ertapenem,carbapenems,22.143593911700147,9.844432771205902,61047,6,FALSE,2,Urban-industrial wastewater core
Beijing,K. pneumoniae | Gentamicin,K. pneumoniae,Gentamicin,aminoglycosides,24.98425419300498,0.9808778762817347,71449,6,FALSE,2,Urban-industrial wastewater core
Beijing,K. pneumoniae | Imipenem,K. pneumoniae,Imipenem,carbapenems,24.45051366878582,3.7891894578933716,138766,6,FALSE,2,Urban-industrial wastewater core
Beijing,K. pneumoniae | Levofloxacin,K. pneumoniae,Levofloxacin,fluoroquinolones,31.43408462279707,3.5305649042129517,127998,6,TRUE,2,Urban-industrial wastewater core
Beijing,K. pneumoniae | Meropenem,K. pneumoniae,Meropenem,carbapenems,24.9797849941083,5.830797553062439,84096,6,FALSE,2,Urban-industrial wastewater core
Beijing,K. pneumoniae | Nitrofurantoin,K. pneumoniae,Nitrofurantoin,other,34.51965149595054,-3.4340113401412964,13740,6,FALSE,2,Urban-industrial wastewater core
Beijing,K. pneumoniae | Polymyxin B,K. pneumoniae,Polymyxin B,other,1.2086513944553168,NA,1572,4,FALSE,2,Urban-industrial wastewater core
Beijing,K. pneumoniae | Tigecycline,K. pneumoniae,Tigecycline,tetracyclines,4.07016800308185,2.1040547639131546,66754,6,FALSE,2,Urban-industrial wastewater core
Beijing,K. pneumoniae | Tobramycin,K. pneumoniae,Tobramycin,aminoglycosides,25.02561931014582,14.243802428245544,66356,6,FALSE,2,Urban-industrial wastewater core
Beijing,P. aeruginosa | Amikacin,P. aeruginosa,Amikacin,aminoglycosides,3.593779637786967,-0.8471148088574405,94914,6,FALSE,2,Urban-industrial wastewater core
Beijing,P. aeruginosa | Aztreonam,P. aeruginosa,Aztreonam,other,21.879887199569918,-1.3973295688629186,44758,6,FALSE,2,Urban-industrial wastewater core
Beijing,P. aeruginosa | Cefepime,P. aeruginosa,Cefepime,cephalosporins,10.134216388309191,-4.487095028162004,101478,6,FALSE,2,Urban-industrial wastewater core
Beijing,P. aeruginosa | Ceftazidime,P. aeruginosa,Ceftazidime,cephalosporins,15.355923696198795,-1.4179021120071393,101075,6,FALSE,2,Urban-industrial wastewater core
Beijing,P. aeruginosa | Ciprofloxacin,P. aeruginosa,Ciprofloxacin,fluoroquinolones,13.064062522838645,-0.9109899401664734,97795,6,TRUE,2,Urban-industrial wastewater core
Beijing,P. aeruginosa | Gentamicin,P. aeruginosa,Gentamicin,aminoglycosides,9.431765380800881,0.3809690475463867,42940,6,FALSE,2,Urban-industrial wastewater core
Beijing,P. aeruginosa | Imipenem,P. aeruginosa,Imipenem,carbapenems,24.061823198808344,-1.7855077981948853,101580,6,FALSE,2,Urban-industrial wastewater core
Beijing,P. aeruginosa | Levofloxacin,P. aeruginosa,Levofloxacin,fluoroquinolones,14.846404315388549,-0.43594837188720525,98603,6,FALSE,2,Urban-industrial wastewater core
Beijing,P. aeruginosa | Meropenem,P. aeruginosa,Meropenem,carbapenems,20.704645537867904,-1.073777675628662,90173,6,FALSE,2,Urban-industrial wastewater core
Beijing,P. aeruginosa | Piperacillin,P. aeruginosa,Piperacillin,other,16.61713578407613,-0.3928452730178833,31630,6,FALSE,2,Urban-industrial wastewater core
Beijing,P. aeruginosa | Polymyxin B,P. aeruginosa,Polymyxin B,other,6.693407014716491,-2.991117537021637,3989,6,FALSE,2,Urban-industrial wastewater core
Beijing,P. aeruginosa | Tobramycin,P. aeruginosa,Tobramycin,aminoglycosides,8.752189618678537,0.8773043751716614,82208,6,FALSE,2,Urban-industrial wastewater core
Beijing,S. aureus | Amikacin,S. aureus,Amikacin,aminoglycosides,13.927575945854189,NA,359,1,FALSE,2,Urban-industrial wastewater core
Beijing,S. aureus | Cefoxitin,S. aureus,Cefoxitin,cephalosporins,21.98473258176226,0.180034339427948,7860,6,FALSE,2,Urban-industrial wastewater core
Beijing,S. aureus | Chloramphenicol,S. aureus,Chloramphenicol,other,6.015891032494292,0.6000254303216934,881,6,FALSE,2,Urban-industrial wastewater core
Beijing,S. aureus | Ciprofloxacin,S. aureus,Ciprofloxacin,fluoroquinolones,21.907177327797584,-0.7344022393226624,26416,6,FALSE,2,Urban-industrial wastewater core
Beijing,S. aureus | Clindamycin,S. aureus,Clindamycin,other,29.670850363110056,-8.431220054626465,63345,6,FALSE,2,Urban-industrial wastewater core
Beijing,S. aureus | Erythromycin,S. aureus,Erythromycin,macrolides,58.341930658141365,-3.0105412006378174,64955,6,TRUE,2,Urban-industrial wastewater core
Beijing,S. aureus | Gentamicin,S. aureus,Gentamicin,aminoglycosides,16.188546815302637,-8.130673319101334,65151,6,FALSE,2,Urban-industrial wastewater core
Beijing,S. aureus | Levofloxacin,S. aureus,Levofloxacin,fluoroquinolones,22.959835711236046,-1.2440860271453857,59456,6,FALSE,2,Urban-industrial wastewater core
Beijing,S. aureus | Linezolid,S. aureus,Linezolid,other,0,0,64699,6,FALSE,2,Urban-industrial wastewater core
Beijing,S. aureus | Nitrofurantoin,S. aureus,Nitrofurantoin,other,0.49291988810950693,-0.6154735572636127,11158,6,FALSE,2,Urban-industrial wastewater core
Beijing,S. aureus | Oxacillin,S. aureus,Oxacillin,other,33.02343118705653,-2.1833300590515137,63461,6,FALSE,2,Urban-industrial wastewater core
Beijing,S. aureus | Penicillin G,S. aureus,Penicillin G,other,85.43357822513529,-2.2342562675476074,61223,6,FALSE,2,Urban-industrial wastewater core
Beijing,S. aureus | Rifampicin,S. aureus,Rifampicin,other,3.2656293985849483,-5.004607234150171,64398,6,FALSE,2,Urban-industrial wastewater core
Beijing,S. aureus | Teicoplanin,S. aureus,Teicoplanin,other,0,0,35167,6,FALSE,2,Urban-industrial wastewater core
Beijing,S. aureus | Tetracycline,S. aureus,Tetracycline,tetracyclines,23.76483156053408,-3.2587632536888123,29834,6,FALSE,2,Urban-industrial wastewater core
Beijing,S. aureus | Vancomycin,S. aureus,Vancomycin,other,0,0,64846,6,FALSE,2,Urban-industrial wastewater core
Chongqing,A. baumannii | Amikacin,A. baumannii,Amikacin,aminoglycosides,45.50796671099374,-8.266279101371758,43054,6,FALSE,3,Inland surveillance-gap belt
Chongqing,A. baumannii | Aztreonam,A. baumannii,Aztreonam,other,78.4920964370971,-5.009669065475464,31063,6,FALSE,3,Inland surveillance-gap belt
Chongqing,A. baumannii | Cefepime,A. baumannii,Cefepime,cephalosporins,57.48071655118433,-3.9208173751831055,47061,6,FALSE,3,Inland surveillance-gap belt
Chongqing,A. baumannii | Cefotaxime,A. baumannii,Cefotaxime,cephalosporins,58.70955916922699,-12.17462420463562,10942,6,FALSE,3,Inland surveillance-gap belt
Chongqing,A. baumannii | Ceftazidime,A. baumannii,Ceftazidime,cephalosporins,58.295522561966074,-3.913450241088867,46724,6,FALSE,3,Inland surveillance-gap belt
Chongqing,A. baumannii | Ceftriaxone,A. baumannii,Ceftriaxone,cephalosporins,61.03020815972545,-6.894099712371826,33236,6,FALSE,3,Inland surveillance-gap belt
Chongqing,A. baumannii | Ciprofloxacin,A. baumannii,Ciprofloxacin,fluoroquinolones,58.95353875724615,-2.8601229190826416,45200,6,FALSE,3,Inland surveillance-gap belt
Chongqing,A. baumannii | Gentamicin,A. baumannii,Gentamicin,aminoglycosides,51.96732841631858,-5.935463309288025,44197,6,FALSE,3,Inland surveillance-gap belt
Chongqing,A. baumannii | Imipenem,A. baumannii,Imipenem,carbapenems,58.01129344582576,-2.400130033493042,45517,6,FALSE,3,Inland surveillance-gap belt
Chongqing,A. baumannii | Levofloxacin,A. baumannii,Levofloxacin,fluoroquinolones,46.33705998629211,1.9551843404769897,45974,6,TRUE,3,Inland surveillance-gap belt
Chongqing,A. baumannii | Meropenem,A. baumannii,Meropenem,carbapenems,57.4440274669373,-4.923558235168457,41315,6,FALSE,3,Inland surveillance-gap belt
Chongqing,A. baumannii | Minocycline,A. baumannii,Minocycline,other,11.145032087178167,-7.171308249235153,24567,6,FALSE,3,Inland surveillance-gap belt
Chongqing,A. baumannii | Polymyxin B,A. baumannii,Polymyxin B,other,1.5791169590131529,-0.8373502641916275,3103,6,FALSE,3,Inland surveillance-gap belt
Chongqing,A. baumannii | Tigecycline,A. baumannii,Tigecycline,tetracyclines,1.833122600883707,0.23179557174444199,18984,6,FALSE,3,Inland surveillance-gap belt
Chongqing,A. baumannii | Tobramycin,A. baumannii,Tobramycin,aminoglycosides,47.74471418377554,-4.983395338058472,35051,6,FALSE,3,Inland surveillance-gap belt
Chongqing,E. coli | Amikacin,E. coli,Amikacin,aminoglycosides,1.8946506997908767,1.8735425546765327,195445,6,FALSE,3,Inland surveillance-gap belt
Chongqing,E. coli | Ampicillin,E. coli,Ampicillin,other,83.33227179162414,1.274794340133667,203969,6,FALSE,3,Inland surveillance-gap belt
Chongqing,E. coli | Aztreonam,E. coli,Aztreonam,other,29.755968336115476,-0.7283896207809413,200343,6,FALSE,3,Inland surveillance-gap belt
Chongqing,E. coli | Cefazolin,E. coli,Cefazolin,cephalosporins,56.0213963185796,1.3074219226837158,113105,6,FALSE,3,Inland surveillance-gap belt
Chongqing,E. coli | Cefepime,E. coli,Cefepime,cephalosporins,22.626714588969968,4.418283700942993,204811,6,FALSE,3,Inland surveillance-gap belt
Chongqing,E. coli | Cefotaxime,E. coli,Cefotaxime,cephalosporins,46.885350107987946,4.860395193099976,90877,6,FALSE,3,Inland surveillance-gap belt
Chongqing,E. coli | Cefotetan,E. coli,Cefotetan,cephalosporins,2.074998485911017,-0.27073733508586884,100482,6,FALSE,3,Inland surveillance-gap belt
Chongqing,E. coli | Cefoxitin,E. coli,Cefoxitin,cephalosporins,9.118019076109979,0.5776934325695038,75115,6,FALSE,3,Inland surveillance-gap belt
Chongqing,E. coli | Ceftazidime,E. coli,Ceftazidime,cephalosporins,19.672185882388813,-0.5102246999740601,209631,6,FALSE,3,Inland surveillance-gap belt
Chongqing,E. coli | Ceftriaxone,E. coli,Ceftriaxone,cephalosporins,48.511171408568664,-0.4729747772216797,181653,6,FALSE,3,Inland surveillance-gap belt
Chongqing,E. coli | Cefuroxime,E. coli,Cefuroxime,cephalosporins,49.38866537580598,0.9426295757293701,188031,6,FALSE,3,Inland surveillance-gap belt
Chongqing,E. coli | Chloramphenicol,E. coli,Chloramphenicol,other,23.611267282459988,2.451293170452118,44411,6,FALSE,3,Inland surveillance-gap belt
Chongqing,E. coli | Ciprofloxacin,E. coli,Ciprofloxacin,fluoroquinolones,46.17060629542593,3.7830084562301636,183123,6,TRUE,3,Inland surveillance-gap belt
Chongqing,E. coli | Ertapenem,E. coli,Ertapenem,carbapenems,1.1606095330580233,0.39109839126467716,150869,6,FALSE,3,Inland surveillance-gap belt
Chongqing,E. coli | Gentamicin,E. coli,Gentamicin,aminoglycosides,32.814055801879896,-3.8389891386032104,201883,6,FALSE,3,Inland surveillance-gap belt
Chongqing,E. coli | Imipenem,E. coli,Imipenem,carbapenems,1.013654503334704,0.08571352809667587,201252,6,FALSE,3,Inland surveillance-gap belt
Chongqing,E. coli | Levofloxacin,E. coli,Levofloxacin,fluoroquinolones,43.908319919181665,4.480898380279541,199477,6,TRUE,3,Inland surveillance-gap belt
Chongqing,E. coli | Meropenem,E. coli,Meropenem,carbapenems,0.9912194796216998,-0.0618680380284784,172313,6,FALSE,3,Inland surveillance-gap belt
Chongqing,E. coli | Nitrofurantoin,E. coli,Nitrofurantoin,other,2.043720718569551,-0.6976084783673289,60429,6,FALSE,3,Inland surveillance-gap belt
Chongqing,E. coli | Polymyxin B,E. coli,Polymyxin B,other,0.8502598112917424,NA,6351,4,FALSE,3,Inland surveillance-gap belt
Chongqing,E. coli | Tigecycline,E. coli,Tigecycline,tetracyclines,0.1383406291046181,0.1303401862969622,83851,6,FALSE,3,Inland surveillance-gap belt
Chongqing,E. coli | Tobramycin,E. coli,Tobramycin,aminoglycosides,16.633355422799742,20.51578164100647,133088,6,FALSE,3,Inland surveillance-gap belt
Chongqing,K. pneumoniae | Amikacin,K. pneumoniae,Amikacin,aminoglycosides,3.8602401018194183,-0.1983344554901123,115770,6,FALSE,3,Inland surveillance-gap belt
Chongqing,K. pneumoniae | Ampicillin,K. pneumoniae,Ampicillin,other,89.59263905409824,0.9425520896911621,100746,6,FALSE,3,Inland surveillance-gap belt
Chongqing,K. pneumoniae | Aztreonam,K. pneumoniae,Aztreonam,other,17.898928667399126,-0.09525269269943237,117778,6,FALSE,3,Inland surveillance-gap belt
Chongqing,K. pneumoniae | Cefazolin,K. pneumoniae,Cefazolin,cephalosporins,26.474948314250902,-2.3510515689849854,103207,6,FALSE,3,Inland surveillance-gap belt
Chongqing,K. pneumoniae | Cefepime,K. pneumoniae,Cefepime,cephalosporins,13.809280410206505,0.5598098039627093,121288,6,FALSE,3,Inland surveillance-gap belt
Chongqing,K. pneumoniae | Cefotaxime,K. pneumoniae,Cefotaxime,cephalosporins,19.162798623581025,-1.4337316155433655,48041,6,FALSE,3,Inland surveillance-gap belt
Chongqing,K. pneumoniae | Cefotetan,K. pneumoniae,Cefotetan,cephalosporins,5.383316498930411,-1.7177548259496689,59220,6,FALSE,3,Inland surveillance-gap belt
Chongqing,K. pneumoniae | Cefoxitin,K. pneumoniae,Cefoxitin,cephalosporins,13.423187204064332,0.6324067711830121,41920,6,FALSE,3,Inland surveillance-gap belt
Chongqing,K. pneumoniae | Ceftazidime,K. pneumoniae,Ceftazidime,cephalosporins,15.128149548245743,-0.34203082323074163,124503,6,FALSE,3,Inland surveillance-gap belt
Chongqing,K. pneumoniae | Ceftriaxone,K. pneumoniae,Ceftriaxone,cephalosporins,22.1688203832923,-3.314393758773811,107570,6,FALSE,3,Inland surveillance-gap belt
Chongqing,K. pneumoniae | Cefuroxime,K. pneumoniae,Cefuroxime,cephalosporins,25.442007235849445,-4.323571920394894,104410,6,FALSE,3,Inland surveillance-gap belt
Chongqing,K. pneumoniae | Chloramphenicol,K. pneumoniae,Chloramphenicol,other,20.828218275047792,3.048662841320038,27698,6,FALSE,3,Inland surveillance-gap belt
Chongqing,K. pneumoniae | Ciprofloxacin,K. pneumoniae,Ciprofloxacin,fluoroquinolones,14.765175491943355,2.2587925195693987,107293,6,TRUE,3,Inland surveillance-gap belt
Chongqing,K. pneumoniae | Ertapenem,K. pneumoniae,Ertapenem,carbapenems,5.575775511644686,0.44373273849487305,87647,6,FALSE,3,Inland surveillance-gap belt
Chongqing,K. pneumoniae | Gentamicin,K. pneumoniae,Gentamicin,aminoglycosides,12.89218788763962,-0.4170432686805725,120701,6,FALSE,3,Inland surveillance-gap belt
Chongqing,K. pneumoniae | Imipenem,K. pneumoniae,Imipenem,carbapenems,5.607113300660137,0.17177797853946686,120900,6,FALSE,3,Inland surveillance-gap belt
Chongqing,K. pneumoniae | Levofloxacin,K. pneumoniae,Levofloxacin,fluoroquinolones,12.137267184092002,2.465579658746721,119854,6,TRUE,3,Inland surveillance-gap belt
Chongqing,K. pneumoniae | Meropenem,K. pneumoniae,Meropenem,carbapenems,5.786503971343701,-0.32233335077762604,96414,6,FALSE,3,Inland surveillance-gap belt
Chongqing,K. pneumoniae | Nitrofurantoin,K. pneumoniae,Nitrofurantoin,other,21.29039304369211,-0.6809279322624207,36702,6,FALSE,3,Inland surveillance-gap belt
Chongqing,K. pneumoniae | Polymyxin B,K. pneumoniae,Polymyxin B,other,2.5000000443291284,NA,4080,4,FALSE,3,Inland surveillance-gap belt
Chongqing,K. pneumoniae | Tigecycline,K. pneumoniae,Tigecycline,tetracyclines,1.4697900649023221,-2.9168750159442425,46061,6,FALSE,3,Inland surveillance-gap belt
Chongqing,K. pneumoniae | Tobramycin,K. pneumoniae,Tobramycin,aminoglycosides,9.403460062107985,8.295046538114548,76642,6,FALSE,3,Inland surveillance-gap belt
Chongqing,P. aeruginosa | Amikacin,P. aeruginosa,Amikacin,aminoglycosides,1.8951776524391526,-0.8394898846745491,74030,6,FALSE,3,Inland surveillance-gap belt
Chongqing,P. aeruginosa | Aztreonam,P. aeruginosa,Aztreonam,other,15.957982060974176,-1.2518256902694702,67590,6,FALSE,3,Inland surveillance-gap belt
Chongqing,P. aeruginosa | Cefepime,P. aeruginosa,Cefepime,cephalosporins,9.339074821316458,-2.6931211352348328,76635,6,FALSE,3,Inland surveillance-gap belt
Chongqing,P. aeruginosa | Ceftazidime,P. aeruginosa,Ceftazidime,cephalosporins,12.640468053743419,0.11481717228889643,75907,6,FALSE,3,Inland surveillance-gap belt
Chongqing,P. aeruginosa | Ciprofloxacin,P. aeruginosa,Ciprofloxacin,fluoroquinolones,8.367412748166853,-1.7830200493335724,74336,6,TRUE,3,Inland surveillance-gap belt
Chongqing,P. aeruginosa | Gentamicin,P. aeruginosa,Gentamicin,aminoglycosides,4.5968758613495675,-1.374952495098114,68242,6,FALSE,3,Inland surveillance-gap belt
Chongqing,P. aeruginosa | Imipenem,P. aeruginosa,Imipenem,carbapenems,11.438617148844724,-0.0624731183052063,74231,6,FALSE,3,Inland surveillance-gap belt
Chongqing,P. aeruginosa | Levofloxacin,P. aeruginosa,Levofloxacin,fluoroquinolones,9.383579050085919,-1.4850713312625867,74673,6,FALSE,3,Inland surveillance-gap belt
Chongqing,P. aeruginosa | Meropenem,P. aeruginosa,Meropenem,carbapenems,8.865526556974638,-0.3516979515552521,75145,6,FALSE,3,Inland surveillance-gap belt
Chongqing,P. aeruginosa | Piperacillin,P. aeruginosa,Piperacillin,other,15.444808923658208,6.688728183507916,62746,6,FALSE,3,Inland surveillance-gap belt
Chongqing,P. aeruginosa | Polymyxin B,P. aeruginosa,Polymyxin B,other,0.7933436456999969,0.3110779915004969,5168,6,FALSE,3,Inland surveillance-gap belt
Chongqing,P. aeruginosa | Tobramycin,P. aeruginosa,Tobramycin,aminoglycosides,3.1834144980278904,-0.24454444646835283,52962,6,FALSE,3,Inland surveillance-gap belt
Chongqing,S. aureus | Amikacin,S. aureus,Amikacin,aminoglycosides,1.1299435049295423,NA,2832,1,FALSE,3,Inland surveillance-gap belt
Chongqing,S. aureus | Cefoxitin,S. aureus,Cefoxitin,cephalosporins,24.92970525805091,3.7314489483833313,26318,6,FALSE,3,Inland surveillance-gap belt
Chongqing,S. aureus | Chloramphenicol,S. aureus,Chloramphenicol,other,4.142312642213703,-1.8845554441213608,11805,6,FALSE,3,Inland surveillance-gap belt
Chongqing,S. aureus | Ciprofloxacin,S. aureus,Ciprofloxacin,fluoroquinolones,10.887825499934237,4.251626878976822,69169,6,FALSE,3,Inland surveillance-gap belt
Chongqing,S. aureus | Clindamycin,S. aureus,Clindamycin,other,29.483474540241176,-7.5496673583984375,93432,6,FALSE,3,Inland surveillance-gap belt
Chongqing,S. aureus | Erythromycin,S. aureus,Erythromycin,macrolides,52.79706103019607,-3.860276937484741,93920,6,TRUE,3,Inland surveillance-gap belt
Chongqing,S. aureus | Gentamicin,S. aureus,Gentamicin,aminoglycosides,8.218740614897039,-1.7893515527248365,93956,6,FALSE,3,Inland surveillance-gap belt
Chongqing,S. aureus | Levofloxacin,S. aureus,Levofloxacin,fluoroquinolones,11.384572439346222,4.400654137134552,78703,6,FALSE,3,Inland surveillance-gap belt
Chongqing,S. aureus | Linezolid,S. aureus,Linezolid,other,0,0,94084,6,FALSE,3,Inland surveillance-gap belt
Chongqing,S. aureus | Nitrofurantoin,S. aureus,Nitrofurantoin,other,0.201064795042756,0.09966654470190406,35312,6,FALSE,3,Inland surveillance-gap belt
Chongqing,S. aureus | Oxacillin,S. aureus,Oxacillin,other,25.700606349326534,0.708085298538208,93990,6,FALSE,3,Inland surveillance-gap belt
Chongqing,S. aureus | Penicillin G,S. aureus,Penicillin G,other,92.91368885120167,-1.8518567085266255,93476,6,FALSE,3,Inland surveillance-gap belt
Chongqing,S. aureus | Rifampicin,S. aureus,Rifampicin,other,1.2901983319374992,0.17390092834830284,93474,6,FALSE,3,Inland surveillance-gap belt
Chongqing,S. aureus | Teicoplanin,S. aureus,Teicoplanin,other,0,0,46661,6,FALSE,3,Inland surveillance-gap belt
Chongqing,S. aureus | Tetracycline,S. aureus,Tetracycline,tetracyclines,17.816263073119078,-3.9570808410644567,73910,6,FALSE,3,Inland surveillance-gap belt
Chongqing,S. aureus | Vancomycin,S. aureus,Vancomycin,other,0,0,93983,6,FALSE,3,Inland surveillance-gap belt
Fujian,A. baumannii | Amikacin,A. baumannii,Amikacin,aminoglycosides,34.028155892157876,-1.7784595489501953,25714,6,FALSE,1,Eastern production-infrastructure belt
Fujian,A. baumannii | Aztreonam,A. baumannii,Aztreonam,other,63.309183558585566,-5.73580265045166,25396,6,FALSE,1,Eastern production-infrastructure belt
Fujian,A. baumannii | Cefepime,A. baumannii,Cefepime,cephalosporins,47.9584740793269,-8.966195583343513,47489,6,FALSE,1,Eastern production-infrastructure belt
Fujian,A. baumannii | Cefotaxime,A. baumannii,Cefotaxime,cephalosporins,58.326826396762364,-18.59511137008667,8965,6,FALSE,1,Eastern production-infrastructure belt
Fujian,A. baumannii | Ceftazidime,A. baumannii,Ceftazidime,cephalosporins,49.123673566264344,-5.745464563369751,42507,6,FALSE,1,Eastern production-infrastructure belt
Fujian,A. baumannii | Ceftriaxone,A. baumannii,Ceftriaxone,cephalosporins,49.85398584779105,-15.042683482170105,22943,6,FALSE,1,Eastern production-infrastructure belt
Fujian,A. baumannii | Ciprofloxacin,A. baumannii,Ciprofloxacin,fluoroquinolones,51.06602623152712,-5.790722370147705,47466,6,FALSE,1,Eastern production-infrastructure belt
Fujian,A. baumannii | Gentamicin,A. baumannii,Gentamicin,aminoglycosides,42.86653938773258,-9.998846054077148,30406,6,FALSE,1,Eastern production-infrastructure belt
Fujian,A. baumannii | Imipenem,A. baumannii,Imipenem,carbapenems,49.34098418797531,-7.405421137809753,48102,6,FALSE,1,Eastern production-infrastructure belt
Fujian,A. baumannii | Levofloxacin,A. baumannii,Levofloxacin,fluoroquinolones,47.56781771569716,-5.489295721054077,47406,6,TRUE,1,Eastern production-infrastructure belt
Fujian,A. baumannii | Meropenem,A. baumannii,Meropenem,carbapenems,53.76886259625214,-2.810072898864746,28364,6,FALSE,1,Eastern production-infrastructure belt
Fujian,A. baumannii | Minocycline,A. baumannii,Minocycline,other,20.373264024043372,-5.773049592971802,22397,6,FALSE,1,Eastern production-infrastructure belt
Fujian,A. baumannii | Polymyxin B,A. baumannii,Polymyxin B,other,1.7268445907713292,1.1431897059082985,3185,6,FALSE,1,Eastern production-infrastructure belt
Fujian,A. baumannii | Tigecycline,A. baumannii,Tigecycline,tetracyclines,3.3822476793195233,-0.38952529430389404,16764,6,FALSE,1,Eastern production-infrastructure belt
Fujian,A. baumannii | Tobramycin,A. baumannii,Tobramycin,aminoglycosides,38.87700329353209,-1.439085602760315,42066,6,FALSE,1,Eastern production-infrastructure belt
Fujian,E. coli | Amikacin,E. coli,Amikacin,aminoglycosides,2.458443520380091,1.5442222356796265,171694,6,FALSE,1,Eastern production-infrastructure belt
Fujian,E. coli | Ampicillin,E. coli,Ampicillin,other,80.0331860631989,-1.845628023147583,159705,6,FALSE,1,Eastern production-infrastructure belt
Fujian,E. coli | Aztreonam,E. coli,Aztreonam,other,30.189651475226878,-4.6418696641922,168836,6,FALSE,1,Eastern production-infrastructure belt
Fujian,E. coli | Cefazolin,E. coli,Cefazolin,cephalosporins,62.70152162625666,-3.7905216217041016,58989,6,FALSE,1,Eastern production-infrastructure belt
Fujian,E. coli | Cefepime,E. coli,Cefepime,cephalosporins,18.643318170931188,0.004275143146514893,178568,6,FALSE,1,Eastern production-infrastructure belt
Fujian,E. coli | Cefotaxime,E. coli,Cefotaxime,cephalosporins,47.90585555336787,-4.872873425483704,49328,6,FALSE,1,Eastern production-infrastructure belt
Fujian,E. coli | Cefotetan,E. coli,Cefotetan,cephalosporins,2.1887500753069298,-0.09723138064146042,109743,6,FALSE,1,Eastern production-infrastructure belt
Fujian,E. coli | Cefoxitin,E. coli,Cefoxitin,cephalosporins,10.927812005639213,-3.1748481094837206,35643,6,FALSE,1,Eastern production-infrastructure belt
Fujian,E. coli | Ceftazidime,E. coli,Ceftazidime,cephalosporins,19.892333279220203,-0.8248522877693141,169226,6,FALSE,1,Eastern production-infrastructure belt
Fujian,E. coli | Ceftriaxone,E. coli,Ceftriaxone,cephalosporins,47.54166210136431,-4.581648111343384,159559,6,FALSE,1,Eastern production-infrastructure belt
Fujian,E. coli | Cefuroxime,E. coli,Cefuroxime,cephalosporins,48.36841342737258,-3.339681029319763,88748,6,FALSE,1,Eastern production-infrastructure belt
Fujian,E. coli | Chloramphenicol,E. coli,Chloramphenicol,other,27.313796260664464,-0.13270378112793324,25899,6,FALSE,1,Eastern production-infrastructure belt
Fujian,E. coli | Ciprofloxacin,E. coli,Ciprofloxacin,fluoroquinolones,48.66646179183302,-1.3758540153503418,169474,6,TRUE,1,Eastern production-infrastructure belt
Fujian,E. coli | Ertapenem,E. coli,Ertapenem,carbapenems,0.7950824362222032,0.18365844152867794,87035,6,FALSE,1,Eastern production-infrastructure belt
Fujian,E. coli | Gentamicin,E. coli,Gentamicin,aminoglycosides,32.750210393152685,-4.315477609634396,162973,6,FALSE,1,Eastern production-infrastructure belt
Fujian,E. coli | Imipenem,E. coli,Imipenem,carbapenems,1.0876617325673734,0.41295364499092124,183421,6,FALSE,1,Eastern production-infrastructure belt
Fujian,E. coli | Levofloxacin,E. coli,Levofloxacin,fluoroquinolones,46.18333060875745,-1.1527210474014282,178192,6,TRUE,1,Eastern production-infrastructure belt
Fujian,E. coli | Meropenem,E. coli,Meropenem,carbapenems,1.111101010035498,0.32365554943680774,110071,6,FALSE,1,Eastern production-infrastructure belt
Fujian,E. coli | Nitrofurantoin,E. coli,Nitrofurantoin,other,2.281453195939818,-1.8999326042830944,45059,6,FALSE,1,Eastern production-infrastructure belt
Fujian,E. coli | Polymyxin B,E. coli,Polymyxin B,other,0.9315392311756628,NA,6763,4,FALSE,1,Eastern production-infrastructure belt
Fujian,E. coli | Tigecycline,E. coli,Tigecycline,tetracyclines,0.09620009394132341,-0.05774378660134971,35343,6,FALSE,1,Eastern production-infrastructure belt
Fujian,E. coli | Tobramycin,E. coli,Tobramycin,aminoglycosides,15.315493972267872,20.229072123765945,146120,6,FALSE,1,Eastern production-infrastructure belt
Fujian,K. pneumoniae | Amikacin,K. pneumoniae,Amikacin,aminoglycosides,8.52732509932419,2.0914502441883087,112333,6,FALSE,1,Eastern production-infrastructure belt
Fujian,K. pneumoniae | Ampicillin,K. pneumoniae,Ampicillin,other,86.45196315037221,-3.3494651317596436,73900,6,FALSE,1,Eastern production-infrastructure belt
Fujian,K. pneumoniae | Aztreonam,K. pneumoniae,Aztreonam,other,25.91578446729658,0.3304600715637207,109933,6,FALSE,1,Eastern production-infrastructure belt
Fujian,K. pneumoniae | Cefazolin,K. pneumoniae,Cefazolin,cephalosporins,37.04155777240462,-5.0111740827560425,51615,6,FALSE,1,Eastern production-infrastructure belt
Fujian,K. pneumoniae | Cefepime,K. pneumoniae,Cefepime,cephalosporins,19.725407852832962,3.3476486802101135,116682,6,FALSE,1,Eastern production-infrastructure belt
Fujian,K. pneumoniae | Cefotaxime,K. pneumoniae,Cefotaxime,cephalosporins,35.169352722501046,-0.36024749279022217,27487,6,FALSE,1,Eastern production-infrastructure belt
Fujian,K. pneumoniae | Cefotetan,K. pneumoniae,Cefotetan,cephalosporins,9.033808925618919,-0.21687597036361694,64480,6,FALSE,1,Eastern production-infrastructure belt
Fujian,K. pneumoniae | Cefoxitin,K. pneumoniae,Cefoxitin,cephalosporins,20.6559432624186,-12.446080148220062,20764,6,FALSE,1,Eastern production-infrastructure belt
Fujian,K. pneumoniae | Ceftazidime,K. pneumoniae,Ceftazidime,cephalosporins,21.473670610971777,5.771329998970028,108016,6,FALSE,1,Eastern production-infrastructure belt
Fujian,K. pneumoniae | Ceftriaxone,K. pneumoniae,Ceftriaxone,cephalosporins,30.454485795104794,-3.261876106262207,99959,6,FALSE,1,Eastern production-infrastructure belt
Fujian,K. pneumoniae | Cefuroxime,K. pneumoniae,Cefuroxime,cephalosporins,33.959671916430125,0.7111191749572754,56785,6,FALSE,1,Eastern production-infrastructure belt
Fujian,K. pneumoniae | Chloramphenicol,K. pneumoniae,Chloramphenicol,other,30.884652014597016,2.059417963027954,15995,6,FALSE,1,Eastern production-infrastructure belt
Fujian,K. pneumoniae | Ciprofloxacin,K. pneumoniae,Ciprofloxacin,fluoroquinolones,22.15519324330106,-0.716535747051239,108742,6,TRUE,1,Eastern production-infrastructure belt
Fujian,K. pneumoniae | Ertapenem,K. pneumoniae,Ertapenem,carbapenems,7.596858433706766,-1.139167696237564,49402,6,FALSE,1,Eastern production-infrastructure belt
Fujian,K. pneumoniae | Gentamicin,K. pneumoniae,Gentamicin,aminoglycosides,18.067553968521025,-1.806493103504181,96427,6,FALSE,1,Eastern production-infrastructure belt
Fujian,K. pneumoniae | Imipenem,K. pneumoniae,Imipenem,carbapenems,10.46716054468359,1.3105206191539747,120023,6,FALSE,1,Eastern production-infrastructure belt
Fujian,K. pneumoniae | Levofloxacin,K. pneumoniae,Levofloxacin,fluoroquinolones,19.536383835727797,1.357074081897732,115656,6,TRUE,1,Eastern production-infrastructure belt
Fujian,K. pneumoniae | Meropenem,K. pneumoniae,Meropenem,carbapenems,10.152880166172412,1.8735520541667938,73260,6,FALSE,1,Eastern production-infrastructure belt
Fujian,K. pneumoniae | Nitrofurantoin,K. pneumoniae,Nitrofurantoin,other,25.885662059376614,-0.8879274129867589,31643,6,FALSE,1,Eastern production-infrastructure belt
Fujian,K. pneumoniae | Polymyxin B,K. pneumoniae,Polymyxin B,other,2.8413028981632147,NA,4329,4,FALSE,1,Eastern production-infrastructure belt
Fujian,K. pneumoniae | Tigecycline,K. pneumoniae,Tigecycline,tetracyclines,2.4601281380598743,-0.23449324071407318,21381,6,FALSE,1,Eastern production-infrastructure belt
Fujian,K. pneumoniae | Tobramycin,K. pneumoniae,Tobramycin,aminoglycosides,14.732394852955592,9.062410145998,97513,6,FALSE,1,Eastern production-infrastructure belt
Fujian,P. aeruginosa | Amikacin,P. aeruginosa,Amikacin,aminoglycosides,4.211639882526048,-0.7162179797887802,65224,6,FALSE,1,Eastern production-infrastructure belt
Fujian,P. aeruginosa | Aztreonam,P. aeruginosa,Aztreonam,other,19.575656041614224,-4.270610213279724,47273,6,FALSE,1,Eastern production-infrastructure belt
Fujian,P. aeruginosa | Cefepime,P. aeruginosa,Cefepime,cephalosporins,9.87224334808499,-3.2295607030391675,70055,6,FALSE,1,Eastern production-infrastructure belt
Fujian,P. aeruginosa | Ceftazidime,P. aeruginosa,Ceftazidime,cephalosporins,13.442843602099787,-0.1978754997253418,68304,6,FALSE,1,Eastern production-infrastructure belt
Fujian,P. aeruginosa | Ciprofloxacin,P. aeruginosa,Ciprofloxacin,fluoroquinolones,11.81856892859137,-2.806101739406584,70440,6,TRUE,1,Eastern production-infrastructure belt
Fujian,P. aeruginosa | Gentamicin,P. aeruginosa,Gentamicin,aminoglycosides,7.506716904803755,-2.655293792486191,55830,6,FALSE,1,Eastern production-infrastructure belt
Fujian,P. aeruginosa | Imipenem,P. aeruginosa,Imipenem,carbapenems,18.708581261074865,-9.1400146484375,71224,6,FALSE,1,Eastern production-infrastructure belt
Fujian,P. aeruginosa | Levofloxacin,P. aeruginosa,Levofloxacin,fluoroquinolones,12.322455192310857,-1.3097003102302551,70968,6,FALSE,1,Eastern production-infrastructure belt
Fujian,P. aeruginosa | Meropenem,P. aeruginosa,Meropenem,carbapenems,16.320098681190174,-8.150331676006315,67904,6,FALSE,1,Eastern production-infrastructure belt
Fujian,P. aeruginosa | Piperacillin,P. aeruginosa,Piperacillin,other,14.228414670257761,0.8070021867752075,52107,6,FALSE,1,Eastern production-infrastructure belt
Fujian,P. aeruginosa | Polymyxin B,P. aeruginosa,Polymyxin B,other,1.1022320117818878,-1.2669635470956564,3629,6,FALSE,1,Eastern production-infrastructure belt
Fujian,P. aeruginosa | Tobramycin,P. aeruginosa,Tobramycin,aminoglycosides,7.107387705268225,0.20327195525169373,59206,6,FALSE,1,Eastern production-infrastructure belt
Fujian,S. aureus | Amikacin,S. aureus,Amikacin,aminoglycosides,1.9512195140123367,NA,1025,1,FALSE,1,Eastern production-infrastructure belt
Fujian,S. aureus | Cefoxitin,S. aureus,Cefoxitin,cephalosporins,29.146027226648354,-14.172515273094177,10094,6,FALSE,1,Eastern production-infrastructure belt
Fujian,S. aureus | Chloramphenicol,S. aureus,Chloramphenicol,other,5.013927521027857,-0.1557718962430954,3231,6,FALSE,1,Eastern production-infrastructure belt
Fujian,S. aureus | Ciprofloxacin,S. aureus,Ciprofloxacin,fluoroquinolones,13.360518877628229,1.6738653182983416,72587,6,FALSE,1,Eastern production-infrastructure belt
Fujian,S. aureus | Clindamycin,S. aureus,Clindamycin,other,23.586521960223266,-5.94486445188522,75293,6,FALSE,1,Eastern production-infrastructure belt
Fujian,S. aureus | Erythromycin,S. aureus,Erythromycin,macrolides,43.336661029335865,-3.211730718612671,77131,6,TRUE,1,Eastern production-infrastructure belt
Fujian,S. aureus | Gentamicin,S. aureus,Gentamicin,aminoglycosides,9.516431159501048,-3.57905775308609,77445,6,FALSE,1,Eastern production-infrastructure belt
Fujian,S. aureus | Levofloxacin,S. aureus,Levofloxacin,fluoroquinolones,13.108362373879965,1.2227728962898237,68483,6,FALSE,1,Eastern production-infrastructure belt
Fujian,S. aureus | Linezolid,S. aureus,Linezolid,other,0,0,77699,6,FALSE,1,Eastern production-infrastructure belt
Fujian,S. aureus | Nitrofurantoin,S. aureus,Nitrofurantoin,other,0.13433732901612494,-0.11790035641752183,28287,6,FALSE,1,Eastern production-infrastructure belt
Fujian,S. aureus | Oxacillin,S. aureus,Oxacillin,other,28.610887537003922,-5.249428749084473,77114,6,FALSE,1,Eastern production-infrastructure belt
Fujian,S. aureus | Penicillin G,S. aureus,Penicillin G,other,89.4715403130729,-3.042978048324599,76108,6,FALSE,1,Eastern production-infrastructure belt
Fujian,S. aureus | Rifampicin,S. aureus,Rifampicin,other,2.8489255200731276,-4.152538254857063,73712,6,FALSE,1,Eastern production-infrastructure belt
Fujian,S. aureus | Teicoplanin,S. aureus,Teicoplanin,other,0,0,17808,6,FALSE,1,Eastern production-infrastructure belt
Fujian,S. aureus | Tetracycline,S. aureus,Tetracycline,tetracyclines,24.296143011748562,-3.029555082321167,71641,6,FALSE,1,Eastern production-infrastructure belt
Fujian,S. aureus | Vancomycin,S. aureus,Vancomycin,other,0,0,77830,6,FALSE,1,Eastern production-infrastructure belt
Gansu,A. baumannii | Amikacin,A. baumannii,Amikacin,aminoglycosides,39.611028085969714,9.307625889778134,23395,6,FALSE,3,Inland surveillance-gap belt
Gansu,A. baumannii | Aztreonam,A. baumannii,Aztreonam,other,57.68398340968859,-15.937411785125732,1848,6,FALSE,3,Inland surveillance-gap belt
Gansu,A. baumannii | Cefepime,A. baumannii,Cefepime,cephalosporins,51.950826426102104,-3.232938051223755,26681,6,FALSE,3,Inland surveillance-gap belt
Gansu,A. baumannii | Cefotaxime,A. baumannii,Cefotaxime,cephalosporins,55.16909735194,-13.218671083450317,6239,6,FALSE,3,Inland surveillance-gap belt
Gansu,A. baumannii | Ceftazidime,A. baumannii,Ceftazidime,cephalosporins,54.46944733384193,2.2163808345794678,25954,6,FALSE,3,Inland surveillance-gap belt
Gansu,A. baumannii | Ceftriaxone,A. baumannii,Ceftriaxone,cephalosporins,50.88345645483101,-3.4601718187332153,10923,6,FALSE,3,Inland surveillance-gap belt
Gansu,A. baumannii | Ciprofloxacin,A. baumannii,Ciprofloxacin,fluoroquinolones,59.04171307605427,0.2138674259185862,24022,6,FALSE,3,Inland surveillance-gap belt
Gansu,A. baumannii | Gentamicin,A. baumannii,Gentamicin,aminoglycosides,51.09176734861033,-13.322946429252625,20563,6,FALSE,3,Inland surveillance-gap belt
Gansu,A. baumannii | Imipenem,A. baumannii,Imipenem,carbapenems,53.00876747384419,1.9640862941741943,24977,6,FALSE,3,Inland surveillance-gap belt
Gansu,A. baumannii | Levofloxacin,A. baumannii,Levofloxacin,fluoroquinolones,47.24951142359329,5.06536066532135,27177,6,TRUE,3,Inland surveillance-gap belt
Gansu,A. baumannii | Meropenem,A. baumannii,Meropenem,carbapenems,51.72474168096723,2.7772635221481323,22873,6,FALSE,3,Inland surveillance-gap belt
Gansu,A. baumannii | Minocycline,A. baumannii,Minocycline,other,9.318772298907117,-11.108335852622986,20786,6,FALSE,3,Inland surveillance-gap belt
Gansu,A. baumannii | Polymyxin B,A. baumannii,Polymyxin B,other,1.4503263444264918,-1.9089718349277973,5516,6,FALSE,3,Inland surveillance-gap belt
Gansu,A. baumannii | Tigecycline,A. baumannii,Tigecycline,tetracyclines,2.7297297367649906,-1.119150035083294,14800,6,FALSE,3,Inland surveillance-gap belt
Gansu,A. baumannii | Tobramycin,A. baumannii,Tobramycin,aminoglycosides,52.46229118043904,2.908271551132202,19027,6,FALSE,3,Inland surveillance-gap belt
Gansu,E. coli | Amikacin,E. coli,Amikacin,aminoglycosides,2.7257596735217526,2.3881569504737854,109951,6,FALSE,3,Inland surveillance-gap belt
Gansu,E. coli | Ampicillin,E. coli,Ampicillin,other,87.70670117320029,2.0479977130889893,103894,6,FALSE,3,Inland surveillance-gap belt
Gansu,E. coli | Aztreonam,E. coli,Aztreonam,other,33.53250074843277,-2.309119701385498,87029,6,FALSE,3,Inland surveillance-gap belt
Gansu,E. coli | Cefazolin,E. coli,Cefazolin,cephalosporins,65.80363800161489,-4.861879348754883,43104,6,FALSE,3,Inland surveillance-gap belt
Gansu,E. coli | Cefepime,E. coli,Cefepime,cephalosporins,25.086252158299505,2.932347357273102,113620,6,FALSE,3,Inland surveillance-gap belt
Gansu,E. coli | Cefotaxime,E. coli,Cefotaxime,cephalosporins,45.9044713395519,-2.742677927017212,49200,6,FALSE,3,Inland surveillance-gap belt
Gansu,E. coli | Cefotetan,E. coli,Cefotetan,cephalosporins,1.8661055548709735,0.6699838675558567,18059,6,FALSE,3,Inland surveillance-gap belt
Gansu,E. coli | Cefoxitin,E. coli,Cefoxitin,cephalosporins,10.430609793804035,0.0399932265281695,93983,6,FALSE,3,Inland surveillance-gap belt
Gansu,E. coli | Ceftazidime,E. coli,Ceftazidime,cephalosporins,23.540104586030917,-1.011671125888828,110025,6,FALSE,3,Inland surveillance-gap belt
Gansu,E. coli | Ceftriaxone,E. coli,Ceftriaxone,cephalosporins,50.68173281374868,-0.8233547210693359,103193,6,FALSE,3,Inland surveillance-gap belt
Gansu,E. coli | Cefuroxime,E. coli,Cefuroxime,cephalosporins,53.1253827354926,0.47062039375305176,106211,6,FALSE,3,Inland surveillance-gap belt
Gansu,E. coli | Chloramphenicol,E. coli,Chloramphenicol,other,22.48436113671334,2.861948311328888,22380,6,FALSE,3,Inland surveillance-gap belt
Gansu,E. coli | Ciprofloxacin,E. coli,Ciprofloxacin,fluoroquinolones,52.03423665659009,3.7065356969833374,81898,6,TRUE,3,Inland surveillance-gap belt
Gansu,E. coli | Ertapenem,E. coli,Ertapenem,carbapenems,0.570980069787864,0.20949975587427616,64976,6,FALSE,3,Inland surveillance-gap belt
Gansu,E. coli | Gentamicin,E. coli,Gentamicin,aminoglycosides,36.667650434354414,-2.6111066341400146,105049,6,FALSE,3,Inland surveillance-gap belt
Gansu,E. coli | Imipenem,E. coli,Imipenem,carbapenems,0.4819142582365923,0.15601099003106356,107488,6,FALSE,3,Inland surveillance-gap belt
Gansu,E. coli | Levofloxacin,E. coli,Levofloxacin,fluoroquinolones,48.44173550194002,4.572451114654541,109577,6,TRUE,3,Inland surveillance-gap belt
Gansu,E. coli | Meropenem,E. coli,Meropenem,carbapenems,0.5407415305766514,0.30436611268669367,94130,6,FALSE,3,Inland surveillance-gap belt
Gansu,E. coli | Nitrofurantoin,E. coli,Nitrofurantoin,other,2.7517065276080306,1.0972797870635989,23440,6,FALSE,3,Inland surveillance-gap belt
Gansu,E. coli | Polymyxin B,E. coli,Polymyxin B,other,1.4448944857701786,NA,16541,4,FALSE,3,Inland surveillance-gap belt
Gansu,E. coli | Tigecycline,E. coli,Tigecycline,tetracyclines,0.31168308881417267,0.11531913187354803,49730,6,FALSE,3,Inland surveillance-gap belt
Gansu,E. coli | Tobramycin,E. coli,Tobramycin,aminoglycosides,18.113481884658174,14.433865249156952,45364,6,FALSE,3,Inland surveillance-gap belt
Gansu,K. pneumoniae | Amikacin,K. pneumoniae,Amikacin,aminoglycosides,2.5409140722398518,2.735155262053013,80168,6,FALSE,3,Inland surveillance-gap belt
Gansu,K. pneumoniae | Ampicillin,K. pneumoniae,Ampicillin,other,92.27768255721365,-4.649001359939589,57418,6,FALSE,3,Inland surveillance-gap belt
Gansu,K. pneumoniae | Aztreonam,K. pneumoniae,Aztreonam,other,12.319163089992795,-1.527474820613861,62902,6,FALSE,3,Inland surveillance-gap belt
Gansu,K. pneumoniae | Cefazolin,K. pneumoniae,Cefazolin,cephalosporins,24.6457683963382,-9.919007122516632,57166,6,FALSE,3,Inland surveillance-gap belt
Gansu,K. pneumoniae | Cefepime,K. pneumoniae,Cefepime,cephalosporins,8.903970260833047,-0.3644756972789782,83547,6,FALSE,3,Inland surveillance-gap belt
Gansu,K. pneumoniae | Cefotaxime,K. pneumoniae,Cefotaxime,cephalosporins,12.739622157191798,-6.135908514261246,35629,6,FALSE,3,Inland surveillance-gap belt
Gansu,K. pneumoniae | Cefotetan,K. pneumoniae,Cefotetan,cephalosporins,2.0635891197951417,-0.8476743474602699,13084,6,FALSE,3,Inland surveillance-gap belt
Gansu,K. pneumoniae | Cefoxitin,K. pneumoniae,Cefoxitin,cephalosporins,10.31462875154286,1.8317341804504395,67826,6,FALSE,3,Inland surveillance-gap belt
Gansu,K. pneumoniae | Ceftazidime,K. pneumoniae,Ceftazidime,cephalosporins,9.776118438451379,0.5892574787139875,80891,6,FALSE,3,Inland surveillance-gap belt
Gansu,K. pneumoniae | Ceftriaxone,K. pneumoniae,Ceftriaxone,cephalosporins,16.123376293170466,-4.193276166915897,75282,6,FALSE,3,Inland surveillance-gap belt
Gansu,K. pneumoniae | Cefuroxime,K. pneumoniae,Cefuroxime,cephalosporins,19.226433589634556,-2.3599207401275635,77175,6,FALSE,3,Inland surveillance-gap belt
Gansu,K. pneumoniae | Chloramphenicol,K. pneumoniae,Chloramphenicol,other,16.297219682270704,1.3243153691291791,24857,6,FALSE,3,Inland surveillance-gap belt
Gansu,K. pneumoniae | Ciprofloxacin,K. pneumoniae,Ciprofloxacin,fluoroquinolones,9.284399521252604,-0.3446556627750397,60844,6,TRUE,3,Inland surveillance-gap belt
Gansu,K. pneumoniae | Ertapenem,K. pneumoniae,Ertapenem,carbapenems,3.5587270324480276,2.3133380338549614,43583,6,FALSE,3,Inland surveillance-gap belt
Gansu,K. pneumoniae | Gentamicin,K. pneumoniae,Gentamicin,aminoglycosides,8.446449857505591,-2.2649765014648455,80448,6,FALSE,3,Inland surveillance-gap belt
Gansu,K. pneumoniae | Imipenem,K. pneumoniae,Imipenem,carbapenems,2.9315231216557414,1.0930066928267483,75865,6,FALSE,3,Inland surveillance-gap belt
Gansu,K. pneumoniae | Levofloxacin,K. pneumoniae,Levofloxacin,fluoroquinolones,7.94828700660394,1.2418337166309357,82068,6,TRUE,3,Inland surveillance-gap belt
Gansu,K. pneumoniae | Meropenem,K. pneumoniae,Meropenem,carbapenems,2.500510992836508,0.7945476099848747,73385,6,FALSE,3,Inland surveillance-gap belt
Gansu,K. pneumoniae | Nitrofurantoin,K. pneumoniae,Nitrofurantoin,other,16.854064126928115,1.5873238444328326,17076,6,FALSE,3,Inland surveillance-gap belt
Gansu,K. pneumoniae | Polymyxin B,K. pneumoniae,Polymyxin B,other,3.1335469536326674,NA,12797,4,FALSE,3,Inland surveillance-gap belt
Gansu,K. pneumoniae | Tigecycline,K. pneumoniae,Tigecycline,tetracyclines,2.1494428275056214,2.1152183413505554,35358,6,FALSE,3,Inland surveillance-gap belt
Gansu,K. pneumoniae | Tobramycin,K. pneumoniae,Tobramycin,aminoglycosides,6.301449516164397,0.3826029598712921,30977,6,FALSE,3,Inland surveillance-gap belt
Gansu,P. aeruginosa | Amikacin,P. aeruginosa,Amikacin,aminoglycosides,3.5192979158260003,-1.1813042685389523,22334,6,FALSE,3,Inland surveillance-gap belt
Gansu,P. aeruginosa | Aztreonam,P. aeruginosa,Aztreonam,other,16.631166853628713,-2.0262137055397016,17371,6,FALSE,3,Inland surveillance-gap belt
Gansu,P. aeruginosa | Cefepime,P. aeruginosa,Cefepime,cephalosporins,7.673753912888277,-4.386373609304428,22388,6,FALSE,3,Inland surveillance-gap belt
Gansu,P. aeruginosa | Ceftazidime,P. aeruginosa,Ceftazidime,cephalosporins,11.021024945071012,-3.379289805889133,21831,6,FALSE,3,Inland surveillance-gap belt
Gansu,P. aeruginosa | Ciprofloxacin,P. aeruginosa,Ciprofloxacin,fluoroquinolones,10.098268555413634,-4.1105754673481005,21370,6,TRUE,3,Inland surveillance-gap belt
Gansu,P. aeruginosa | Gentamicin,P. aeruginosa,Gentamicin,aminoglycosides,9.972859091362764,-4.704128205776215,17317,6,FALSE,3,Inland surveillance-gap belt
Gansu,P. aeruginosa | Imipenem,P. aeruginosa,Imipenem,carbapenems,10.556558238993242,-1.2737728655338305,21058,6,FALSE,3,Inland surveillance-gap belt
Gansu,P. aeruginosa | Levofloxacin,P. aeruginosa,Levofloxacin,fluoroquinolones,10.585849477249312,-3.184901922941206,22190,6,FALSE,3,Inland surveillance-gap belt
Gansu,P. aeruginosa | Meropenem,P. aeruginosa,Meropenem,carbapenems,8.209586493719957,-0.87476447224617,21280,6,FALSE,3,Inland surveillance-gap belt
Gansu,P. aeruginosa | Piperacillin,P. aeruginosa,Piperacillin,other,16.41954201233847,-1.6659751534461975,14635,6,FALSE,3,Inland surveillance-gap belt
Gansu,P. aeruginosa | Polymyxin B,P. aeruginosa,Polymyxin B,other,1.297957629234162,0.5249169655144215,5239,6,FALSE,3,Inland surveillance-gap belt
Gansu,P. aeruginosa | Tobramycin,P. aeruginosa,Tobramycin,aminoglycosides,7.889361272595894,-1.8907293677330035,18113,6,FALSE,3,Inland surveillance-gap belt
Gansu,S. aureus | Amikacin,S. aureus,Amikacin,aminoglycosides,3.9302803575992584,NA,2926,1,FALSE,3,Inland surveillance-gap belt
Gansu,S. aureus | Cefoxitin,S. aureus,Cefoxitin,cephalosporins,31.026647666748282,0.6152182817459106,33887,6,FALSE,3,Inland surveillance-gap belt
Gansu,S. aureus | Chloramphenicol,S. aureus,Chloramphenicol,other,5.92253761620721,-0.9889096021652222,16834,6,FALSE,3,Inland surveillance-gap belt
Gansu,S. aureus | Ciprofloxacin,S. aureus,Ciprofloxacin,fluoroquinolones,15.204057671980978,-2.845272421836853,37661,6,FALSE,3,Inland surveillance-gap belt
Gansu,S. aureus | Clindamycin,S. aureus,Clindamycin,other,48.481155848345395,-6.672075390815735,57445,6,FALSE,3,Inland surveillance-gap belt
Gansu,S. aureus | Erythromycin,S. aureus,Erythromycin,macrolides,69.95815694872147,-0.591278076171875,57836,6,TRUE,3,Inland surveillance-gap belt
Gansu,S. aureus | Gentamicin,S. aureus,Gentamicin,aminoglycosides,14.272721161447539,-6.382615119218826,58272,6,FALSE,3,Inland surveillance-gap belt
Gansu,S. aureus | Levofloxacin,S. aureus,Levofloxacin,fluoroquinolones,13.669828713844698,-1.855599880218504,55553,6,FALSE,3,Inland surveillance-gap belt
Gansu,S. aureus | Linezolid,S. aureus,Linezolid,other,0,0,58167,6,FALSE,3,Inland surveillance-gap belt
Gansu,S. aureus | Nitrofurantoin,S. aureus,Nitrofurantoin,other,0.4887156065878272,0.04016864113509655,18211,6,FALSE,3,Inland surveillance-gap belt
Gansu,S. aureus | Oxacillin,S. aureus,Oxacillin,other,32.093069174307026,-1.0478764772415161,50930,6,FALSE,3,Inland surveillance-gap belt
Gansu,S. aureus | Penicillin G,S. aureus,Penicillin G,other,93.61556589540126,-0.3970205783843994,55557,6,FALSE,3,Inland surveillance-gap belt
Gansu,S. aureus | Rifampicin,S. aureus,Rifampicin,other,2.778837922058361,-2.571493946015835,55023,6,FALSE,3,Inland surveillance-gap belt
Gansu,S. aureus | Teicoplanin,S. aureus,Teicoplanin,other,0,0,27385,6,FALSE,3,Inland surveillance-gap belt
Gansu,S. aureus | Tetracycline,S. aureus,Tetracycline,tetracyclines,23.875851012764308,-9.280972182750702,47169,6,FALSE,3,Inland surveillance-gap belt
Gansu,S. aureus | Vancomycin,S. aureus,Vancomycin,other,0,0,57875,6,FALSE,3,Inland surveillance-gap belt
Guangdong,A. baumannii | Amikacin,A. baumannii,Amikacin,aminoglycosides,42.772378040615635,4.312750697135925,43313,6,FALSE,2,Urban-industrial wastewater core
Guangdong,A. baumannii | Aztreonam,A. baumannii,Aztreonam,other,67.14146032694282,8.073055744171143,7161,6,FALSE,2,Urban-industrial wastewater core
Guangdong,A. baumannii | Cefepime,A. baumannii,Cefepime,cephalosporins,44.968769251775235,-5.3900063037872314,106147,6,FALSE,2,Urban-industrial wastewater core
Guangdong,A. baumannii | Cefotaxime,A. baumannii,Cefotaxime,cephalosporins,57.563510357980846,8.883923292160041,13856,6,FALSE,2,Urban-industrial wastewater core
Guangdong,A. baumannii | Ceftazidime,A. baumannii,Ceftazidime,cephalosporins,49.41326486532478,-3.7591099739074707,101238,6,FALSE,2,Urban-industrial wastewater core
Guangdong,A. baumannii | Ceftriaxone,A. baumannii,Ceftriaxone,cephalosporins,43.28320690613424,2.4498790502548218,19883,6,FALSE,2,Urban-industrial wastewater core
Guangdong,A. baumannii | Ciprofloxacin,A. baumannii,Ciprofloxacin,fluoroquinolones,52.088621849179674,-4.729199409484863,95326,6,FALSE,2,Urban-industrial wastewater core
Guangdong,A. baumannii | Gentamicin,A. baumannii,Gentamicin,aminoglycosides,48.9322243910084,2.7607321739196777,35588,6,FALSE,2,Urban-industrial wastewater core
Guangdong,A. baumannii | Imipenem,A. baumannii,Imipenem,carbapenems,49.06157120207114,-4.051336646080017,105229,6,FALSE,2,Urban-industrial wastewater core
Guangdong,A. baumannii | Levofloxacin,A. baumannii,Levofloxacin,fluoroquinolones,46.274082224524236,-2.0530343055725098,105625,6,TRUE,2,Urban-industrial wastewater core
Guangdong,A. baumannii | Meropenem,A. baumannii,Meropenem,carbapenems,51.45528282538884,-8.654522895812988,86856,6,FALSE,2,Urban-industrial wastewater core
Guangdong,A. baumannii | Minocycline,A. baumannii,Minocycline,other,13.244659700971972,-8.49267393350601,72701,6,FALSE,2,Urban-industrial wastewater core
Guangdong,A. baumannii | Polymyxin B,A. baumannii,Polymyxin B,other,1.8911346606612027,-0.5173069424927237,9994,6,FALSE,2,Urban-industrial wastewater core
Guangdong,A. baumannii | Tigecycline,A. baumannii,Tigecycline,tetracyclines,2.426958568041571,-0.7012311369180679,81666,6,FALSE,2,Urban-industrial wastewater core
Guangdong,A. baumannii | Tobramycin,A. baumannii,Tobramycin,aminoglycosides,42.02469278056149,-3.9624273777008057,75972,6,FALSE,2,Urban-industrial wastewater core
Guangdong,E. coli | Amikacin,E. coli,Amikacin,aminoglycosides,2.1699844380733757,2.044193632900715,434934,6,FALSE,2,Urban-industrial wastewater core
Guangdong,E. coli | Ampicillin,E. coli,Ampicillin,other,80.75166677294078,0.25040507316589355,194022,6,FALSE,2,Urban-industrial wastewater core
Guangdong,E. coli | Aztreonam,E. coli,Aztreonam,other,29.199777319632506,-3.6958694458007812,196433,6,FALSE,2,Urban-industrial wastewater core
Guangdong,E. coli | Cefazolin,E. coli,Cefazolin,cephalosporins,62.119625583175406,-0.26326775550841575,55406,6,FALSE,2,Urban-industrial wastewater core
Guangdong,E. coli | Cefepime,E. coli,Cefepime,cephalosporins,23.987101231282978,2.0933210849761963,435384,6,FALSE,2,Urban-industrial wastewater core
Guangdong,E. coli | Cefotaxime,E. coli,Cefotaxime,cephalosporins,47.64861068321208,-0.8136630058288574,49290,6,FALSE,2,Urban-industrial wastewater core
Guangdong,E. coli | Cefotetan,E. coli,Cefotetan,cephalosporins,1.6267533152417923,0.16669481992721558,79422,6,FALSE,2,Urban-industrial wastewater core
Guangdong,E. coli | Cefoxitin,E. coli,Cefoxitin,cephalosporins,9.628490119019464,-0.8875377476215363,285995,6,FALSE,2,Urban-industrial wastewater core
Guangdong,E. coli | Ceftazidime,E. coli,Ceftazidime,cephalosporins,19.595461649047174,-1.8532797694206238,443567,6,FALSE,2,Urban-industrial wastewater core
Guangdong,E. coli | Ceftriaxone,E. coli,Ceftriaxone,cephalosporins,47.06760175619306,-2.2471368312835693,396024,6,FALSE,2,Urban-industrial wastewater core
Guangdong,E. coli | Cefuroxime,E. coli,Cefuroxime,cephalosporins,47.540364936801204,-2.8787732124328613,318035,6,FALSE,2,Urban-industrial wastewater core
Guangdong,E. coli | Chloramphenicol,E. coli,Chloramphenicol,other,34.119691944796514,2.5364339351654053,32216,6,FALSE,2,Urban-industrial wastewater core
Guangdong,E. coli | Ciprofloxacin,E. coli,Ciprofloxacin,fluoroquinolones,44.59957180240873,-1.672440767288208,174838,6,TRUE,2,Urban-industrial wastewater core
Guangdong,E. coli | Ertapenem,E. coli,Ertapenem,carbapenems,1.4244188466369503,1.1296215001493695,358813,6,FALSE,2,Urban-industrial wastewater core
Guangdong,E. coli | Gentamicin,E. coli,Gentamicin,aminoglycosides,32.00876870213712,-3.8013935089111364,200242,6,FALSE,2,Urban-industrial wastewater core
Guangdong,E. coli | Imipenem,E. coli,Imipenem,carbapenems,1.5787042933590956,1.2628279626369476,443845,6,FALSE,2,Urban-industrial wastewater core
Guangdong,E. coli | Levofloxacin,E. coli,Levofloxacin,fluoroquinolones,42.91974409182279,-1.2573391199111938,426051,6,TRUE,2,Urban-industrial wastewater core
Guangdong,E. coli | Meropenem,E. coli,Meropenem,carbapenems,1.958284069192848,1.337865460664034,140378,6,FALSE,2,Urban-industrial wastewater core
Guangdong,E. coli | Nitrofurantoin,E. coli,Nitrofurantoin,other,1.9930225079508832,-1.93333076313138,51881,6,FALSE,2,Urban-industrial wastewater core
Guangdong,E. coli | Polymyxin B,E. coli,Polymyxin B,other,2.064300796706871,NA,11384,4,FALSE,2,Urban-industrial wastewater core
Guangdong,E. coli | Tigecycline,E. coli,Tigecycline,tetracyclines,0.06471386021220893,0.044749691733159125,275057,6,FALSE,2,Urban-industrial wastewater core
Guangdong,E. coli | Tobramycin,E. coli,Tobramycin,aminoglycosides,15.111493813608451,16.968845576047897,121980,6,FALSE,2,Urban-industrial wastewater core
Guangdong,K. pneumoniae | Amikacin,K. pneumoniae,Amikacin,aminoglycosides,8.271499994884168,4.339423030614851,232884,6,FALSE,2,Urban-industrial wastewater core
Guangdong,K. pneumoniae | Ampicillin,K. pneumoniae,Ampicillin,other,92.43621305457107,3.6473751068115234,49618,6,FALSE,2,Urban-industrial wastewater core
Guangdong,K. pneumoniae | Aztreonam,K. pneumoniae,Aztreonam,other,30.769160095866553,4.498270153999329,107793,6,FALSE,2,Urban-industrial wastewater core
Guangdong,K. pneumoniae | Cefazolin,K. pneumoniae,Cefazolin,cephalosporins,42.43911311618394,3.1147956848144602,49518,6,FALSE,2,Urban-industrial wastewater core
Guangdong,K. pneumoniae | Cefepime,K. pneumoniae,Cefepime,cephalosporins,25.10963378365461,3.159274160861969,232592,6,FALSE,2,Urban-industrial wastewater core
Guangdong,K. pneumoniae | Cefotaxime,K. pneumoniae,Cefotaxime,cephalosporins,39.962602395279376,4.168969392776489,28344,6,FALSE,2,Urban-industrial wastewater core
Guangdong,K. pneumoniae | Cefotetan,K. pneumoniae,Cefotetan,cephalosporins,5.817938497493309,1.9212368875741959,35889,6,FALSE,2,Urban-industrial wastewater core
Guangdong,K. pneumoniae | Cefoxitin,K. pneumoniae,Cefoxitin,cephalosporins,14.845090113569444,0.41968226432800115,149248,6,FALSE,2,Urban-industrial wastewater core
Guangdong,K. pneumoniae | Ceftazidime,K. pneumoniae,Ceftazidime,cephalosporins,23.496913094449383,1.821713149547577,235482,6,FALSE,2,Urban-industrial wastewater core
Guangdong,K. pneumoniae | Ceftriaxone,K. pneumoniae,Ceftriaxone,cephalosporins,32.25249732586983,-2.5131255388259888,194109,6,FALSE,2,Urban-industrial wastewater core
Guangdong,K. pneumoniae | Cefuroxime,K. pneumoniae,Cefuroxime,cephalosporins,34.715325335641396,-4.368963837623596,162519,6,FALSE,2,Urban-industrial wastewater core
Guangdong,K. pneumoniae | Chloramphenicol,K. pneumoniae,Chloramphenicol,other,34.263736647758144,-0.4437357187271118,21711,6,FALSE,2,Urban-industrial wastewater core
Guangdong,K. pneumoniae | Ciprofloxacin,K. pneumoniae,Ciprofloxacin,fluoroquinolones,27.605044396517073,3.7092402577400208,95555,6,TRUE,2,Urban-industrial wastewater core
Guangdong,K. pneumoniae | Ertapenem,K. pneumoniae,Ertapenem,carbapenems,6.14153657258558,2.998241037130356,175347,6,FALSE,2,Urban-industrial wastewater core
Guangdong,K. pneumoniae | Gentamicin,K. pneumoniae,Gentamicin,aminoglycosides,21.666190174901217,3.447449207305908,104910,6,FALSE,2,Urban-industrial wastewater core
Guangdong,K. pneumoniae | Imipenem,K. pneumoniae,Imipenem,carbapenems,8.661467168418964,3.8136575371026975,236692,6,FALSE,2,Urban-industrial wastewater core
Guangdong,K. pneumoniae | Levofloxacin,K. pneumoniae,Levofloxacin,fluoroquinolones,21.128591173778094,3.1997650861740077,228515,6,TRUE,2,Urban-industrial wastewater core
Guangdong,K. pneumoniae | Meropenem,K. pneumoniae,Meropenem,carbapenems,12.451081000462697,5.60516342520714,83045,6,FALSE,2,Urban-industrial wastewater core
Guangdong,K. pneumoniae | Nitrofurantoin,K. pneumoniae,Nitrofurantoin,other,30.898522619740863,-0.3844529390335083,22192,6,FALSE,2,Urban-industrial wastewater core
Guangdong,K. pneumoniae | Polymyxin B,K. pneumoniae,Polymyxin B,other,4.13419177632,NA,5902,4,FALSE,2,Urban-industrial wastewater core
Guangdong,K. pneumoniae | Tigecycline,K. pneumoniae,Tigecycline,tetracyclines,2.582490064014733,0.7443686947226524,135683,6,FALSE,2,Urban-industrial wastewater core
Guangdong,K. pneumoniae | Tobramycin,K. pneumoniae,Tobramycin,aminoglycosides,15.47215911705426,14.480337500572203,64671,6,FALSE,2,Urban-industrial wastewater core
Guangdong,P. aeruginosa | Amikacin,P. aeruginosa,Amikacin,aminoglycosides,2.2384250292872787,-0.7756480947136879,186113,6,FALSE,2,Urban-industrial wastewater core
Guangdong,P. aeruginosa | Aztreonam,P. aeruginosa,Aztreonam,other,17.288885603102546,-2.7287110686302185,86304,6,FALSE,2,Urban-industrial wastewater core
Guangdong,P. aeruginosa | Cefepime,P. aeruginosa,Cefepime,cephalosporins,5.041004272772758,-2.0082898437976837,192541,6,FALSE,2,Urban-industrial wastewater core
Guangdong,P. aeruginosa | Ceftazidime,P. aeruginosa,Ceftazidime,cephalosporins,10.332267256901014,0.11164769530296326,191352,6,FALSE,2,Urban-industrial wastewater core
Guangdong,P. aeruginosa | Ciprofloxacin,P. aeruginosa,Ciprofloxacin,fluoroquinolones,8.757609462668308,-2.1013110876083356,188910,6,TRUE,2,Urban-industrial wastewater core
Guangdong,P. aeruginosa | Gentamicin,P. aeruginosa,Gentamicin,aminoglycosides,6.1626864225601885,-0.174839049577713,56907,6,FALSE,2,Urban-industrial wastewater core
Guangdong,P. aeruginosa | Imipenem,P. aeruginosa,Imipenem,carbapenems,14.127965451775207,-1.1928454041481018,192349,6,FALSE,2,Urban-industrial wastewater core
Guangdong,P. aeruginosa | Levofloxacin,P. aeruginosa,Levofloxacin,fluoroquinolones,10.727315088728728,-1.1902347207069397,189684,6,FALSE,2,Urban-industrial wastewater core
Guangdong,P. aeruginosa | Meropenem,P. aeruginosa,Meropenem,carbapenems,10.696381059121748,-1.4955781400203723,184109,6,FALSE,2,Urban-industrial wastewater core
Guangdong,P. aeruginosa | Piperacillin,P. aeruginosa,Piperacillin,other,12.735400422477683,4.698511213064194,49437,6,FALSE,2,Urban-industrial wastewater core
Guangdong,P. aeruginosa | Polymyxin B,P. aeruginosa,Polymyxin B,other,2.5058170292457804,0.6647595670074227,16761,6,FALSE,2,Urban-industrial wastewater core
Guangdong,P. aeruginosa | Tobramycin,P. aeruginosa,Tobramycin,aminoglycosides,3.7938879347540273,0.49330778419971466,164396,6,FALSE,2,Urban-industrial wastewater core
Guangdong,S. aureus | Amikacin,S. aureus,Amikacin,aminoglycosides,1.8430251628160477,NA,3147,1,FALSE,2,Urban-industrial wastewater core
Guangdong,S. aureus | Cefoxitin,S. aureus,Cefoxitin,cephalosporins,35.639460897929986,-4.997554421424866,21956,6,FALSE,2,Urban-industrial wastewater core
Guangdong,S. aureus | Chloramphenicol,S. aureus,Chloramphenicol,other,6.284466939456145,-1.650363951921463,8704,6,FALSE,2,Urban-industrial wastewater core
Guangdong,S. aureus | Ciprofloxacin,S. aureus,Ciprofloxacin,fluoroquinolones,15.934448070577993,2.371862530708313,87747,6,FALSE,2,Urban-industrial wastewater core
Guangdong,S. aureus | Clindamycin,S. aureus,Clindamycin,other,23.952742687348668,-5.057029426097873,194341,6,FALSE,2,Urban-industrial wastewater core
Guangdong,S. aureus | Erythromycin,S. aureus,Erythromycin,macrolides,40.73635444037862,-6.423872709274292,202674,6,TRUE,2,Urban-industrial wastewater core
Guangdong,S. aureus | Gentamicin,S. aureus,Gentamicin,aminoglycosides,10.116173200667834,-0.4063762724399549,204178,6,FALSE,2,Urban-industrial wastewater core
Guangdong,S. aureus | Levofloxacin,S. aureus,Levofloxacin,fluoroquinolones,15.142492972632697,3.9061471819877625,189764,6,FALSE,2,Urban-industrial wastewater core
Guangdong,S. aureus | Linezolid,S. aureus,Linezolid,other,0,0,201749,6,FALSE,2,Urban-industrial wastewater core
Guangdong,S. aureus | Nitrofurantoin,S. aureus,Nitrofurantoin,other,0.12976729799037762,-0.14204413746483624,45466,6,FALSE,2,Urban-industrial wastewater core
Guangdong,S. aureus | Oxacillin,S. aureus,Oxacillin,other,29.955683198312983,-3.5479366779327393,202182,6,FALSE,2,Urban-industrial wastewater core
Guangdong,S. aureus | Penicillin G,S. aureus,Penicillin G,other,87.4360929499725,-3.2580554485321045,195791,6,FALSE,2,Urban-industrial wastewater core
Guangdong,S. aureus | Rifampicin,S. aureus,Rifampicin,other,2.5860556816836846,-0.4541367292404175,199493,6,FALSE,2,Urban-industrial wastewater core
Guangdong,S. aureus | Teicoplanin,S. aureus,Teicoplanin,other,0,0,136603,6,FALSE,2,Urban-industrial wastewater core
Guangdong,S. aureus | Tetracycline,S. aureus,Tetracycline,tetracyclines,29.22346632750363,-2.5574415922164917,87221,6,FALSE,2,Urban-industrial wastewater core
Guangdong,S. aureus | Vancomycin,S. aureus,Vancomycin,other,0,0,203578,6,FALSE,2,Urban-industrial wastewater core
Guangxi,A. baumannii | Amikacin,A. baumannii,Amikacin,aminoglycosides,39.10990837974753,3.3995747566223145,43636,6,FALSE,1,Eastern production-infrastructure belt
Guangxi,A. baumannii | Aztreonam,A. baumannii,Aztreonam,other,74.41258763425942,-5.70904016494751,32856,6,FALSE,1,Eastern production-infrastructure belt
Guangxi,A. baumannii | Cefepime,A. baumannii,Cefepime,cephalosporins,53.218058196354434,-3.0529558658599854,74315,6,FALSE,1,Eastern production-infrastructure belt
Guangxi,A. baumannii | Cefotaxime,A. baumannii,Cefotaxime,cephalosporins,58.783337679470534,3.08341383934021,9074,6,FALSE,1,Eastern production-infrastructure belt
Guangxi,A. baumannii | Ceftazidime,A. baumannii,Ceftazidime,cephalosporins,56.22797045185663,-1.184910535812385,75466,6,FALSE,1,Eastern production-infrastructure belt
Guangxi,A. baumannii | Ceftriaxone,A. baumannii,Ceftriaxone,cephalosporins,52.07009988456351,-8.698588609695435,22197,6,FALSE,1,Eastern production-infrastructure belt
Guangxi,A. baumannii | Ciprofloxacin,A. baumannii,Ciprofloxacin,fluoroquinolones,58.47683280408365,-3.8831353187561035,67596,6,FALSE,1,Eastern production-infrastructure belt
Guangxi,A. baumannii | Gentamicin,A. baumannii,Gentamicin,aminoglycosides,56.82544448395828,0.9322106838226247,33170,6,FALSE,1,Eastern production-infrastructure belt
Guangxi,A. baumannii | Imipenem,A. baumannii,Imipenem,carbapenems,55.83122760745138,-0.15679001808166504,72026,6,FALSE,1,Eastern production-infrastructure belt
Guangxi,A. baumannii | Levofloxacin,A. baumannii,Levofloxacin,fluoroquinolones,52.0508090358675,-2.6379764080047607,73215,6,TRUE,1,Eastern production-infrastructure belt
Guangxi,A. baumannii | Meropenem,A. baumannii,Meropenem,carbapenems,58.12703363983874,-3.1574487686157227,62692,6,FALSE,1,Eastern production-infrastructure belt
Guangxi,A. baumannii | Minocycline,A. baumannii,Minocycline,other,21.72840462528185,-8.156472444534302,53101,6,FALSE,1,Eastern production-infrastructure belt
Guangxi,A. baumannii | Polymyxin B,A. baumannii,Polymyxin B,other,1.202540843829882,0.17705969512462616,20623,6,FALSE,1,Eastern production-infrastructure belt
Guangxi,A. baumannii | Tigecycline,A. baumannii,Tigecycline,tetracyclines,3.1400252684466903,1.494397222995758,47420,6,FALSE,1,Eastern production-infrastructure belt
Guangxi,A. baumannii | Tobramycin,A. baumannii,Tobramycin,aminoglycosides,51.260693306891184,-4.962325096130371,57865,6,FALSE,1,Eastern production-infrastructure belt
Guangxi,E. coli | Amikacin,E. coli,Amikacin,aminoglycosides,2.3323142101494105,1.9363921135663986,252839,6,FALSE,1,Eastern production-infrastructure belt
Guangxi,E. coli | Ampicillin,E. coli,Ampicillin,other,82.48791395689057,-2.336663007736206,144386,6,FALSE,1,Eastern production-infrastructure belt
Guangxi,E. coli | Aztreonam,E. coli,Aztreonam,other,27.94790025110084,-4.726359248161316,128829,6,FALSE,1,Eastern production-infrastructure belt
Guangxi,E. coli | Cefazolin,E. coli,Cefazolin,cephalosporins,61.62596241637703,-2.7226507663726807,60395,6,FALSE,1,Eastern production-infrastructure belt
Guangxi,E. coli | Cefepime,E. coli,Cefepime,cephalosporins,22.68843499566449,1.4452964067459106,260992,6,FALSE,1,Eastern production-infrastructure belt
Guangxi,E. coli | Cefotaxime,E. coli,Cefotaxime,cephalosporins,46.78318787054364,-0.5676627159118652,46801,6,FALSE,1,Eastern production-infrastructure belt
Guangxi,E. coli | Cefotetan,E. coli,Cefotetan,cephalosporins,2.7980983331991642,0.6907211616635323,57003,6,FALSE,1,Eastern production-infrastructure belt
Guangxi,E. coli | Cefoxitin,E. coli,Cefoxitin,cephalosporins,11.883631220818922,-1.1933416128158587,177917,6,FALSE,1,Eastern production-infrastructure belt
Guangxi,E. coli | Ceftazidime,E. coli,Ceftazidime,cephalosporins,20.36099303656922,-0.44521838426589255,266210,6,FALSE,1,Eastern production-infrastructure belt
Guangxi,E. coli | Ceftriaxone,E. coli,Ceftriaxone,cephalosporins,45.5310000553268,-1.53847336769104,226516,6,FALSE,1,Eastern production-infrastructure belt
Guangxi,E. coli | Cefuroxime,E. coli,Cefuroxime,cephalosporins,46.96266760742805,-2.688223123550415,209526,6,FALSE,1,Eastern production-infrastructure belt
Guangxi,E. coli | Chloramphenicol,E. coli,Chloramphenicol,other,36.47902160726475,1.252254843711853,43806,6,FALSE,1,Eastern production-infrastructure belt
Guangxi,E. coli | Ciprofloxacin,E. coli,Ciprofloxacin,fluoroquinolones,45.77544666577457,-4.297074675559998,141080,6,TRUE,1,Eastern production-infrastructure belt
Guangxi,E. coli | Ertapenem,E. coli,Ertapenem,carbapenems,2.066357706335871,2.0223669707775116,175865,6,FALSE,1,Eastern production-infrastructure belt
Guangxi,E. coli | Gentamicin,E. coli,Gentamicin,aminoglycosides,33.813171151697794,-3.23980450630188,155747,6,FALSE,1,Eastern production-infrastructure belt
Guangxi,E. coli | Imipenem,E. coli,Imipenem,carbapenems,1.8582524125274795,1.4429619535803795,255186,6,FALSE,1,Eastern production-infrastructure belt
Guangxi,E. coli | Levofloxacin,E. coli,Levofloxacin,fluoroquinolones,43.41014023536894,-0.4996299743652344,259133,6,TRUE,1,Eastern production-infrastructure belt
Guangxi,E. coli | Meropenem,E. coli,Meropenem,carbapenems,1.818999575198186,1.4173676259815693,115613,6,FALSE,1,Eastern production-infrastructure belt
Guangxi,E. coli | Nitrofurantoin,E. coli,Nitrofurantoin,other,4.281463172065716,-3.3376993611454964,49399,6,FALSE,1,Eastern production-infrastructure belt
Guangxi,E. coli | Polymyxin B,E. coli,Polymyxin B,other,0.8845643368952522,NA,29393,4,FALSE,1,Eastern production-infrastructure belt
Guangxi,E. coli | Tigecycline,E. coli,Tigecycline,tetracyclines,0.21795445833474875,0.008540740236639977,136267,6,FALSE,1,Eastern production-infrastructure belt
Guangxi,E. coli | Tobramycin,E. coli,Tobramycin,aminoglycosides,16.43047078176723,15.45565873384476,95895,6,FALSE,1,Eastern production-infrastructure belt
Guangxi,K. pneumoniae | Amikacin,K. pneumoniae,Amikacin,aminoglycosides,5.505312542473847,2.4238552898168564,173269,6,FALSE,1,Eastern production-infrastructure belt
Guangxi,K. pneumoniae | Ampicillin,K. pneumoniae,Ampicillin,other,92.95031852261275,-2.5474905967712402,56882,6,FALSE,1,Eastern production-infrastructure belt
Guangxi,K. pneumoniae | Aztreonam,K. pneumoniae,Aztreonam,other,24.22734072149193,0.980021059513092,84578,6,FALSE,1,Eastern production-infrastructure belt
Guangxi,K. pneumoniae | Cefazolin,K. pneumoniae,Cefazolin,cephalosporins,36.75199462419711,-5.090054869651794,66176,6,FALSE,1,Eastern production-infrastructure belt
Guangxi,K. pneumoniae | Cefepime,K. pneumoniae,Cefepime,cephalosporins,18.808226890178638,2.1783068776130676,179900,6,FALSE,1,Eastern production-infrastructure belt
Guangxi,K. pneumoniae | Cefotaxime,K. pneumoniae,Cefotaxime,cephalosporins,31.42994744978364,3.8147926330566406,29071,6,FALSE,1,Eastern production-infrastructure belt
Guangxi,K. pneumoniae | Cefotetan,K. pneumoniae,Cefotetan,cephalosporins,6.282893955806613,4.246467724442482,39711,6,FALSE,1,Eastern production-infrastructure belt
Guangxi,K. pneumoniae | Cefoxitin,K. pneumoniae,Cefoxitin,cephalosporins,15.249981038618763,-0.7706582546234149,118669,6,FALSE,1,Eastern production-infrastructure belt
Guangxi,K. pneumoniae | Ceftazidime,K. pneumoniae,Ceftazidime,cephalosporins,19.12814491666075,1.312364637851715,182255,6,FALSE,1,Eastern production-infrastructure belt
Guangxi,K. pneumoniae | Ceftriaxone,K. pneumoniae,Ceftriaxone,cephalosporins,27.229035980062143,-3.7984877824783325,148562,6,FALSE,1,Eastern production-infrastructure belt
Guangxi,K. pneumoniae | Cefuroxime,K. pneumoniae,Cefuroxime,cephalosporins,30.094798571997067,-4.049864411354065,140403,6,FALSE,1,Eastern production-infrastructure belt
Guangxi,K. pneumoniae | Chloramphenicol,K. pneumoniae,Chloramphenicol,other,34.64768372924023,-4.881983995437622,35962,6,FALSE,1,Eastern production-infrastructure belt
Guangxi,K. pneumoniae | Ciprofloxacin,K. pneumoniae,Ciprofloxacin,fluoroquinolones,23.308069269265815,-1.4816418290138245,89587,6,TRUE,1,Eastern production-infrastructure belt
Guangxi,K. pneumoniae | Ertapenem,K. pneumoniae,Ertapenem,carbapenems,6.14828970363205,5.149356834590435,117675,6,FALSE,1,Eastern production-infrastructure belt
Guangxi,K. pneumoniae | Gentamicin,K. pneumoniae,Gentamicin,aminoglycosides,19.49251802049615,1.5192240476608276,99038,6,FALSE,1,Eastern production-infrastructure belt
Guangxi,K. pneumoniae | Imipenem,K. pneumoniae,Imipenem,carbapenems,6.824827994733605,4.8311622813344,173030,6,FALSE,1,Eastern production-infrastructure belt
Guangxi,K. pneumoniae | Levofloxacin,K. pneumoniae,Levofloxacin,fluoroquinolones,17.272814842347127,1.2514963746070862,176717,6,TRUE,1,Eastern production-infrastructure belt
Guangxi,K. pneumoniae | Meropenem,K. pneumoniae,Meropenem,carbapenems,9.083456194245398,6.403515674173832,73188,6,FALSE,1,Eastern production-infrastructure belt
Guangxi,K. pneumoniae | Nitrofurantoin,K. pneumoniae,Nitrofurantoin,other,35.605916208061714,-1.030859351158142,31506,6,FALSE,1,Eastern production-infrastructure belt
Guangxi,K. pneumoniae | Polymyxin B,K. pneumoniae,Polymyxin B,other,2.886702001890073,NA,19815,4,FALSE,1,Eastern production-infrastructure belt
Guangxi,K. pneumoniae | Tigecycline,K. pneumoniae,Tigecycline,tetracyclines,3.7287346453606185,1.605393923819065,90111,6,FALSE,1,Eastern production-infrastructure belt
Guangxi,K. pneumoniae | Tobramycin,K. pneumoniae,Tobramycin,aminoglycosides,13.192280987772007,10.374939441680908,66122,6,FALSE,1,Eastern production-infrastructure belt
Guangxi,P. aeruginosa | Amikacin,P. aeruginosa,Amikacin,aminoglycosides,2.8679702599563113,-1.277209259569645,122177,6,FALSE,1,Eastern production-infrastructure belt
Guangxi,P. aeruginosa | Aztreonam,P. aeruginosa,Aztreonam,other,19.211054878037245,-1.908394694328308,77648,6,FALSE,1,Eastern production-infrastructure belt
Guangxi,P. aeruginosa | Cefepime,P. aeruginosa,Cefepime,cephalosporins,7.4242365611207,-3.269071877002716,125885,6,FALSE,1,Eastern production-infrastructure belt
Guangxi,P. aeruginosa | Ceftazidime,P. aeruginosa,Ceftazidime,cephalosporins,12.58925242545733,-1.381867378950119,127728,6,FALSE,1,Eastern production-infrastructure belt
Guangxi,P. aeruginosa | Ciprofloxacin,P. aeruginosa,Ciprofloxacin,fluoroquinolones,9.104296403945627,-3.1268492341041583,120196,6,TRUE,1,Eastern production-infrastructure belt
Guangxi,P. aeruginosa | Gentamicin,P. aeruginosa,Gentamicin,aminoglycosides,7.504497665376993,-3.527561202645302,54474,6,FALSE,1,Eastern production-infrastructure belt
Guangxi,P. aeruginosa | Imipenem,P. aeruginosa,Imipenem,carbapenems,14.324546077003031,2.065501362085344,120667,6,FALSE,1,Eastern production-infrastructure belt
Guangxi,P. aeruginosa | Levofloxacin,P. aeruginosa,Levofloxacin,fluoroquinolones,10.452781226517216,-1.7078645527362823,121604,6,FALSE,1,Eastern production-infrastructure belt
Guangxi,P. aeruginosa | Meropenem,P. aeruginosa,Meropenem,carbapenems,12.12136285479741,0.9322077035903931,120630,6,FALSE,1,Eastern production-infrastructure belt
Guangxi,P. aeruginosa | Piperacillin,P. aeruginosa,Piperacillin,other,16.1204426640309,-2.002771198749546,49949,6,FALSE,1,Eastern production-infrastructure belt
Guangxi,P. aeruginosa | Polymyxin B,P. aeruginosa,Polymyxin B,other,1.0577533434994402,0.411249790340662,33089,6,FALSE,1,Eastern production-infrastructure belt
Guangxi,P. aeruginosa | Tobramycin,P. aeruginosa,Tobramycin,aminoglycosides,4.848134756301076,-0.4055000841617584,105587,6,FALSE,1,Eastern production-infrastructure belt
Guangxi,S. aureus | Amikacin,S. aureus,Amikacin,aminoglycosides,2.683134563267231,NA,2348,1,FALSE,1,Eastern production-infrastructure belt
Guangxi,S. aureus | Cefoxitin,S. aureus,Cefoxitin,cephalosporins,31.11011309800047,-3.7943363189697266,26718,6,FALSE,1,Eastern production-infrastructure belt
Guangxi,S. aureus | Chloramphenicol,S. aureus,Chloramphenicol,other,8.748416233568504,-4.5318253338336945,20518,6,FALSE,1,Eastern production-infrastructure belt
Guangxi,S. aureus | Ciprofloxacin,S. aureus,Ciprofloxacin,fluoroquinolones,10.839972621574208,0.8149698376655579,59871,6,FALSE,1,Eastern production-infrastructure belt
Guangxi,S. aureus | Clindamycin,S. aureus,Clindamycin,other,28.661265474524964,-6.976497173309326,110836,6,FALSE,1,Eastern production-infrastructure belt
Guangxi,S. aureus | Erythromycin,S. aureus,Erythromycin,macrolides,42.55532008238744,-9.162637591362,119938,6,TRUE,1,Eastern production-infrastructure belt
Guangxi,S. aureus | Gentamicin,S. aureus,Gentamicin,aminoglycosides,6.5138481213755615,-1.581474393606186,120666,6,FALSE,1,Eastern production-infrastructure belt
Guangxi,S. aureus | Levofloxacin,S. aureus,Levofloxacin,fluoroquinolones,9.213531175745285,1.4231055974960327,112096,6,FALSE,1,Eastern production-infrastructure belt
Guangxi,S. aureus | Linezolid,S. aureus,Linezolid,other,0,0,118628,6,FALSE,1,Eastern production-infrastructure belt
Guangxi,S. aureus | Nitrofurantoin,S. aureus,Nitrofurantoin,other,1.6591742710905266,0.7631417363882065,33812,6,FALSE,1,Eastern production-infrastructure belt
Guangxi,S. aureus | Oxacillin,S. aureus,Oxacillin,other,28.709324151015096,-3.843924403190613,116962,6,FALSE,1,Eastern production-infrastructure belt
Guangxi,S. aureus | Penicillin G,S. aureus,Penicillin G,other,91.19128869253336,-2.3131489753723145,115522,6,FALSE,1,Eastern production-infrastructure belt
Guangxi,S. aureus | Rifampicin,S. aureus,Rifampicin,other,4.138877486516572,-2.5723032653331757,119501,6,FALSE,1,Eastern production-infrastructure belt
Guangxi,S. aureus | Teicoplanin,S. aureus,Teicoplanin,other,0,0,79775,6,FALSE,1,Eastern production-infrastructure belt
Guangxi,S. aureus | Tetracycline,S. aureus,Tetracycline,tetracyclines,32.453746446183665,-2.055266499519348,66698,6,FALSE,1,Eastern production-infrastructure belt
Guangxi,S. aureus | Vancomycin,S. aureus,Vancomycin,other,0,0,118693,6,FALSE,1,Eastern production-infrastructure belt
Guizhou,A. baumannii | Amikacin,A. baumannii,Amikacin,aminoglycosides,41.177384847920216,7.271283864974976,25735,6,FALSE,3,Inland surveillance-gap belt
Guizhou,A. baumannii | Aztreonam,A. baumannii,Aztreonam,other,70.58938041987342,-27.673080563545227,10282,6,FALSE,3,Inland surveillance-gap belt
Guizhou,A. baumannii | Cefepime,A. baumannii,Cefepime,cephalosporins,48.254814430055255,-9.233412146568298,41285,6,FALSE,3,Inland surveillance-gap belt
Guizhou,A. baumannii | Cefotaxime,A. baumannii,Cefotaxime,cephalosporins,53.57389920368595,-23.97858500480652,8674,6,FALSE,3,Inland surveillance-gap belt
Guizhou,A. baumannii | Ceftazidime,A. baumannii,Ceftazidime,cephalosporins,49.76462444626367,-6.7793577909469604,40786,6,FALSE,3,Inland surveillance-gap belt
Guizhou,A. baumannii | Ceftriaxone,A. baumannii,Ceftriaxone,cephalosporins,51.52058382826574,-4.850810766220093,16178,6,FALSE,3,Inland surveillance-gap belt
Guizhou,A. baumannii | Ciprofloxacin,A. baumannii,Ciprofloxacin,fluoroquinolones,51.2697855710638,-5.775177478790283,38668,6,FALSE,3,Inland surveillance-gap belt
Guizhou,A. baumannii | Gentamicin,A. baumannii,Gentamicin,aminoglycosides,46.32486203005403,4.221075773239136,27033,6,FALSE,3,Inland surveillance-gap belt
Guizhou,A. baumannii | Imipenem,A. baumannii,Imipenem,carbapenems,47.657114206067,-3.783142566680908,38905,6,FALSE,3,Inland surveillance-gap belt
Guizhou,A. baumannii | Levofloxacin,A. baumannii,Levofloxacin,fluoroquinolones,36.71361257635011,-0.13924837112426758,40756,6,TRUE,3,Inland surveillance-gap belt
Guizhou,A. baumannii | Meropenem,A. baumannii,Meropenem,carbapenems,50.95874184841903,-9.354516863822937,27171,6,FALSE,3,Inland surveillance-gap belt
Guizhou,A. baumannii | Minocycline,A. baumannii,Minocycline,other,11.705743100443664,2.6040740311145782,23245,6,FALSE,3,Inland surveillance-gap belt
Guizhou,A. baumannii | Polymyxin B,A. baumannii,Polymyxin B,other,0.7780507824366133,0.1385243609547614,2442,6,FALSE,3,Inland surveillance-gap belt
Guizhou,A. baumannii | Tigecycline,A. baumannii,Tigecycline,tetracyclines,2.849849133397178,1.506639365106821,21545,6,FALSE,3,Inland surveillance-gap belt
Guizhou,A. baumannii | Tobramycin,A. baumannii,Tobramycin,aminoglycosides,46.394093924726796,-0.25157630443573,33459,6,FALSE,3,Inland surveillance-gap belt
Guizhou,E. coli | Amikacin,E. coli,Amikacin,aminoglycosides,2.8510923127090395,6.513050384819508,161026,6,FALSE,3,Inland surveillance-gap belt
Guizhou,E. coli | Ampicillin,E. coli,Ampicillin,other,85.4640872543656,-1.485586166381836,119848,6,FALSE,3,Inland surveillance-gap belt
Guizhou,E. coli | Aztreonam,E. coli,Aztreonam,other,32.6176584980462,-6.8264394998550415,115695,6,FALSE,3,Inland surveillance-gap belt
Guizhou,E. coli | Cefazolin,E. coli,Cefazolin,cephalosporins,61.205317596371444,-5.049687623977654,42578,6,FALSE,3,Inland surveillance-gap belt
Guizhou,E. coli | Cefepime,E. coli,Cefepime,cephalosporins,22.696339135263983,2.272576093673706,157814,6,FALSE,3,Inland surveillance-gap belt
Guizhou,E. coli | Cefotaxime,E. coli,Cefotaxime,cephalosporins,48.707311116895795,-7.5346678495407104,26998,6,FALSE,3,Inland surveillance-gap belt
Guizhou,E. coli | Cefotetan,E. coli,Cefotetan,cephalosporins,1.9368845572524716,-0.2346351742744448,58496,6,FALSE,3,Inland surveillance-gap belt
Guizhou,E. coli | Cefoxitin,E. coli,Cefoxitin,cephalosporins,9.669726016985818,-6.426418572664261,71698,6,FALSE,3,Inland surveillance-gap belt
Guizhou,E. coli | Ceftazidime,E. coli,Ceftazidime,cephalosporins,20.88967941246866,-5.188183486461639,165273,6,FALSE,3,Inland surveillance-gap belt
Guizhou,E. coli | Ceftriaxone,E. coli,Ceftriaxone,cephalosporins,51.86136022478805,-5.129146575927734,147634,6,FALSE,3,Inland surveillance-gap belt
Guizhou,E. coli | Cefuroxime,E. coli,Cefuroxime,cephalosporins,53.25688054502674,-7.227832078933716,100802,6,FALSE,3,Inland surveillance-gap belt
Guizhou,E. coli | Chloramphenicol,E. coli,Chloramphenicol,other,24.106521516032025,-0.9745478630065918,17236,6,FALSE,3,Inland surveillance-gap belt
Guizhou,E. coli | Ciprofloxacin,E. coli,Ciprofloxacin,fluoroquinolones,46.0846605001268,-1.423478126525879,93172,6,TRUE,3,Inland surveillance-gap belt
Guizhou,E. coli | Ertapenem,E. coli,Ertapenem,carbapenems,0.895048362928619,0.2827160991728306,124686,6,FALSE,3,Inland surveillance-gap belt
Guizhou,E. coli | Gentamicin,E. coli,Gentamicin,aminoglycosides,34.95783550220058,-3.089556097984314,120837,6,FALSE,3,Inland surveillance-gap belt
Guizhou,E. coli | Imipenem,E. coli,Imipenem,carbapenems,0.8438896624768389,0.02035582438111283,161988,6,FALSE,3,Inland surveillance-gap belt
Guizhou,E. coli | Levofloxacin,E. coli,Levofloxacin,fluoroquinolones,44.65400045206092,-1.168614625930779,158324,6,TRUE,3,Inland surveillance-gap belt
Guizhou,E. coli | Meropenem,E. coli,Meropenem,carbapenems,0.9066197692917265,0.1475243829190731,62540,6,FALSE,3,Inland surveillance-gap belt
Guizhou,E. coli | Nitrofurantoin,E. coli,Nitrofurantoin,other,2.690301268272912,-0.11096019297838211,36613,6,FALSE,3,Inland surveillance-gap belt
Guizhou,E. coli | Polymyxin B,E. coli,Polymyxin B,other,1.251303418787105,NA,4795,4,FALSE,3,Inland surveillance-gap belt
Guizhou,E. coli | Tigecycline,E. coli,Tigecycline,tetracyclines,0.17414479752337594,0.13080631324555725,66037,6,FALSE,3,Inland surveillance-gap belt
Guizhou,E. coli | Tobramycin,E. coli,Tobramycin,aminoglycosides,15.667880308824767,18.698008358478546,75792,6,FALSE,3,Inland surveillance-gap belt
Guizhou,K. pneumoniae | Amikacin,K. pneumoniae,Amikacin,aminoglycosides,8.013711954761375,4.447436705231668,97433,6,FALSE,3,Inland surveillance-gap belt
Guizhou,K. pneumoniae | Ampicillin,K. pneumoniae,Ampicillin,other,85.89501663112502,-1.8216252326965332,41340,6,FALSE,3,Inland surveillance-gap belt
Guizhou,K. pneumoniae | Aztreonam,K. pneumoniae,Aztreonam,other,21.717581638882898,-4.239027202129371,70215,6,FALSE,3,Inland surveillance-gap belt
Guizhou,K. pneumoniae | Cefazolin,K. pneumoniae,Cefazolin,cephalosporins,31.82235471699075,-14.202919602394104,34856,6,FALSE,3,Inland surveillance-gap belt
Guizhou,K. pneumoniae | Cefepime,K. pneumoniae,Cefepime,cephalosporins,15.762758853432535,-0.8014410734176618,94368,6,FALSE,3,Inland surveillance-gap belt
Guizhou,K. pneumoniae | Cefotaxime,K. pneumoniae,Cefotaxime,cephalosporins,21.86705611435953,-10.252997279167175,15736,6,FALSE,3,Inland surveillance-gap belt
Guizhou,K. pneumoniae | Cefotetan,K. pneumoniae,Cefotetan,cephalosporins,6.418642596771486,0.8476279675960541,34244,6,FALSE,3,Inland surveillance-gap belt
Guizhou,K. pneumoniae | Cefoxitin,K. pneumoniae,Cefoxitin,cephalosporins,15.242288854772356,-9.769900143146515,44967,6,FALSE,3,Inland surveillance-gap belt
Guizhou,K. pneumoniae | Ceftazidime,K. pneumoniae,Ceftazidime,cephalosporins,18.051984666838077,-3.585916757583618,98798,6,FALSE,3,Inland surveillance-gap belt
Guizhou,K. pneumoniae | Ceftriaxone,K. pneumoniae,Ceftriaxone,cephalosporins,25.97654202437866,-8.421418070793152,87221,6,FALSE,3,Inland surveillance-gap belt
Guizhou,K. pneumoniae | Cefuroxime,K. pneumoniae,Cefuroxime,cephalosporins,27.48514443187925,-11.427418887615204,59403,6,FALSE,3,Inland surveillance-gap belt
Guizhou,K. pneumoniae | Chloramphenicol,K. pneumoniae,Chloramphenicol,other,21.952731079276266,-14.691950380802155,11297,6,FALSE,3,Inland surveillance-gap belt
Guizhou,K. pneumoniae | Ciprofloxacin,K. pneumoniae,Ciprofloxacin,fluoroquinolones,14.717774097939333,-3.046827018260956,56639,6,TRUE,3,Inland surveillance-gap belt
Guizhou,K. pneumoniae | Ertapenem,K. pneumoniae,Ertapenem,carbapenems,7.161158705033017,5.046495236456394,69081,6,FALSE,3,Inland surveillance-gap belt
Guizhou,K. pneumoniae | Gentamicin,K. pneumoniae,Gentamicin,aminoglycosides,16.164300961996382,-3.552907705307007,72988,6,FALSE,3,Inland surveillance-gap belt
Guizhou,K. pneumoniae | Imipenem,K. pneumoniae,Imipenem,carbapenems,8.619068205752567,1.222468912601471,98897,6,FALSE,3,Inland surveillance-gap belt
Guizhou,K. pneumoniae | Levofloxacin,K. pneumoniae,Levofloxacin,fluoroquinolones,13.525732085403005,-0.247211754322052,97991,6,TRUE,3,Inland surveillance-gap belt
Guizhou,K. pneumoniae | Meropenem,K. pneumoniae,Meropenem,carbapenems,11.142422441184014,-3.4248128533363325,40099,6,FALSE,3,Inland surveillance-gap belt
Guizhou,K. pneumoniae | Nitrofurantoin,K. pneumoniae,Nitrofurantoin,other,21.695498535944523,-7.5726419687271065,23816,6,FALSE,3,Inland surveillance-gap belt
Guizhou,K. pneumoniae | Polymyxin B,K. pneumoniae,Polymyxin B,other,1.9003931903353555,NA,3052,4,FALSE,3,Inland surveillance-gap belt
Guizhou,K. pneumoniae | Tigecycline,K. pneumoniae,Tigecycline,tetracyclines,2.6589764537323153,1.9921432249248023,40918,6,FALSE,3,Inland surveillance-gap belt
Guizhou,K. pneumoniae | Tobramycin,K. pneumoniae,Tobramycin,aminoglycosides,10.508304642587854,4.080359637737274,45878,6,FALSE,3,Inland surveillance-gap belt
Guizhou,P. aeruginosa | Amikacin,P. aeruginosa,Amikacin,aminoglycosides,2.523234194987644,-2.975018694996834,43040,6,FALSE,3,Inland surveillance-gap belt
Guizhou,P. aeruginosa | Aztreonam,P. aeruginosa,Aztreonam,other,15.493493726691485,-3.244662284851074,26282,6,FALSE,3,Inland surveillance-gap belt
Guizhou,P. aeruginosa | Cefepime,P. aeruginosa,Cefepime,cephalosporins,6.258377898633866,-6.197812780737877,45507,6,FALSE,3,Inland surveillance-gap belt
Guizhou,P. aeruginosa | Ceftazidime,P. aeruginosa,Ceftazidime,cephalosporins,11.45930446975281,-3.8204237818717974,43973,6,FALSE,3,Inland surveillance-gap belt
Guizhou,P. aeruginosa | Ciprofloxacin,P. aeruginosa,Ciprofloxacin,fluoroquinolones,8.539482879313782,-3.2097741961479187,42930,6,TRUE,3,Inland surveillance-gap belt
Guizhou,P. aeruginosa | Gentamicin,P. aeruginosa,Gentamicin,aminoglycosides,6.536983507980725,-5.083597078919411,25241,6,FALSE,3,Inland surveillance-gap belt
Guizhou,P. aeruginosa | Imipenem,P. aeruginosa,Imipenem,carbapenems,11.600027623523966,-0.74825286865234375,43543,6,FALSE,3,Inland surveillance-gap belt
Guizhou,P. aeruginosa | Levofloxacin,P. aeruginosa,Levofloxacin,fluoroquinolones,9.428782392160347,-2.277214080095291,43346,6,FALSE,3,Inland surveillance-gap belt
Guizhou,P. aeruginosa | Meropenem,P. aeruginosa,Meropenem,carbapenems,9.666268150253634,-1.8837094306945783,38474,6,FALSE,3,Inland surveillance-gap belt
Guizhou,P. aeruginosa | Piperacillin,P. aeruginosa,Piperacillin,other,12.510906704956833,-3.810383379459381,14899,6,FALSE,3,Inland surveillance-gap belt
Guizhou,P. aeruginosa | Polymyxin B,P. aeruginosa,Polymyxin B,other,1.3227513478576112,1.39139061793685,1890,6,FALSE,3,Inland surveillance-gap belt
Guizhou,P. aeruginosa | Tobramycin,P. aeruginosa,Tobramycin,aminoglycosides,5.136520508306537,-0.5845218896865845,38236,6,FALSE,3,Inland surveillance-gap belt
Guizhou,S. aureus | Amikacin,S. aureus,Amikacin,aminoglycosides,0.8185538463294506,NA,733,1,FALSE,3,Inland surveillance-gap belt
Guizhou,S. aureus | Cefoxitin,S. aureus,Cefoxitin,cephalosporins,25.10714299178549,1.7763465642929077,16800,6,FALSE,3,Inland surveillance-gap belt
Guizhou,S. aureus | Chloramphenicol,S. aureus,Chloramphenicol,other,9.098737045960023,-11.569650471210483,3484,6,FALSE,3,Inland surveillance-gap belt
Guizhou,S. aureus | Ciprofloxacin,S. aureus,Ciprofloxacin,fluoroquinolones,7.914209584273197,-2.818468213081358,69192,6,FALSE,3,Inland surveillance-gap belt
Guizhou,S. aureus | Clindamycin,S. aureus,Clindamycin,other,33.65917155496219,-6.415608525276184,87569,6,FALSE,3,Inland surveillance-gap belt
Guizhou,S. aureus | Erythromycin,S. aureus,Erythromycin,macrolides,51.57253863848223,-4.3404340744018555,92303,6,TRUE,3,Inland surveillance-gap belt
Guizhou,S. aureus | Gentamicin,S. aureus,Gentamicin,aminoglycosides,5.57267447552613,-4.018935933709145,91841,6,FALSE,3,Inland surveillance-gap belt
Guizhou,S. aureus | Levofloxacin,S. aureus,Levofloxacin,fluoroquinolones,7.847063135284382,-1.8049024045467377,83407,6,FALSE,3,Inland surveillance-gap belt
Guizhou,S. aureus | Linezolid,S. aureus,Linezolid,other,0,0,90517,6,FALSE,3,Inland surveillance-gap belt
Guizhou,S. aureus | Nitrofurantoin,S. aureus,Nitrofurantoin,other,0.3093186007627636,0.06219940260052681,33299,6,FALSE,3,Inland surveillance-gap belt
Guizhou,S. aureus | Oxacillin,S. aureus,Oxacillin,other,30.327036438358725,-2.9526293277740514,90632,6,FALSE,3,Inland surveillance-gap belt
Guizhou,S. aureus | Penicillin G,S. aureus,Penicillin G,other,94.50476834022524,-0.945854187011733,89150,6,FALSE,3,Inland surveillance-gap belt
Guizhou,S. aureus | Rifampicin,S. aureus,Rifampicin,other,1.5337766848325791,-2.3446264676749706,89322,6,FALSE,3,Inland surveillance-gap belt
Guizhou,S. aureus | Teicoplanin,S. aureus,Teicoplanin,other,0,0,28015,6,FALSE,3,Inland surveillance-gap belt
Guizhou,S. aureus | Tetracycline,S. aureus,Tetracycline,tetracyclines,27.234763901651682,-6.087984144687649,74952,6,FALSE,3,Inland surveillance-gap belt
Guizhou,S. aureus | Vancomycin,S. aureus,Vancomycin,other,0,0,90743,6,FALSE,3,Inland surveillance-gap belt
Hainan,A. baumannii | Amikacin,A. baumannii,Amikacin,aminoglycosides,36.7801300911406,8.670288324356079,15541,6,FALSE,1,Eastern production-infrastructure belt
Hainan,A. baumannii | Aztreonam,A. baumannii,Aztreonam,other,48.71794792947236,-10.042542219161987,858,5,FALSE,1,Eastern production-infrastructure belt
Hainan,A. baumannii | Cefepime,A. baumannii,Cefepime,cephalosporins,45.88620531512634,-2.2746235132217407,24430,6,FALSE,1,Eastern production-infrastructure belt
Hainan,A. baumannii | Cefotaxime,A. baumannii,Cefotaxime,cephalosporins,52.4089101229157,1.1964797973632812,5791,6,FALSE,1,Eastern production-infrastructure belt
Hainan,A. baumannii | Ceftazidime,A. baumannii,Ceftazidime,cephalosporins,45.7172349498718,-0.5685359239578247,25194,6,FALSE,1,Eastern production-infrastructure belt
Hainan,A. baumannii | Ceftriaxone,A. baumannii,Ceftriaxone,cephalosporins,46.365352489840234,-18.055233359336853,8474,6,FALSE,1,Eastern production-infrastructure belt
Hainan,A. baumannii | Ciprofloxacin,A. baumannii,Ciprofloxacin,fluoroquinolones,48.510853603329295,-0.4359811544418335,23772,6,FALSE,1,Eastern production-infrastructure belt
Hainan,A. baumannii | Gentamicin,A. baumannii,Gentamicin,aminoglycosides,47.23905890947782,-6.705561280250549,15013,6,FALSE,1,Eastern production-infrastructure belt
Hainan,A. baumannii | Imipenem,A. baumannii,Imipenem,carbapenems,45.72640925290537,0.09720325469970703,24745,6,FALSE,1,Eastern production-infrastructure belt
Hainan,A. baumannii | Levofloxacin,A. baumannii,Levofloxacin,fluoroquinolones,44.90536550126425,-1.6130030155181885,25625,6,TRUE,1,Eastern production-infrastructure belt
Hainan,A. baumannii | Meropenem,A. baumannii,Meropenem,carbapenems,45.8799980319115,-1.2927234172821045,20983,6,FALSE,1,Eastern production-infrastructure belt
Hainan,A. baumannii | Minocycline,A. baumannii,Minocycline,other,9.096797994197837,0.43407082557678045,21612,6,FALSE,1,Eastern production-infrastructure belt
Hainan,A. baumannii | Polymyxin B,A. baumannii,Polymyxin B,other,2.005881924773796,-1.558258943259716,13261,6,FALSE,1,Eastern production-infrastructure belt
Hainan,A. baumannii | Tigecycline,A. baumannii,Tigecycline,tetracyclines,2.3449713703479818,-0.09396933019161224,11514,6,FALSE,1,Eastern production-infrastructure belt
Hainan,A. baumannii | Tobramycin,A. baumannii,Tobramycin,aminoglycosides,42.938751577277905,3.574085235595703,16980,6,FALSE,1,Eastern production-infrastructure belt
Hainan,E. coli | Amikacin,E. coli,Amikacin,aminoglycosides,2.7016222993919423,3.4494489431381226,60038,6,FALSE,1,Eastern production-infrastructure belt
Hainan,E. coli | Ampicillin,E. coli,Ampicillin,other,78.57143053159805,0.93326568603515625,40628,6,FALSE,1,Eastern production-infrastructure belt
Hainan,E. coli | Aztreonam,E. coli,Aztreonam,other,24.42179901572419,-3.904196619987488,22570,6,FALSE,1,Eastern production-infrastructure belt
Hainan,E. coli | Cefazolin,E. coli,Cefazolin,cephalosporins,54.47166533755862,-4.466491937637329,6776,6,FALSE,1,Eastern production-infrastructure belt
Hainan,E. coli | Cefepime,E. coli,Cefepime,cephalosporins,23.82881073353828,-3.473275899887085,53578,6,FALSE,1,Eastern production-infrastructure belt
Hainan,E. coli | Cefotaxime,E. coli,Cefotaxime,cephalosporins,47.23564509033411,-0.3390610218048167,14072,6,FALSE,1,Eastern production-infrastructure belt
Hainan,E. coli | Cefotetan,E. coli,Cefotetan,cephalosporins,1.7535709876460268,0.6867174059152603,8611,6,FALSE,1,Eastern production-infrastructure belt
Hainan,E. coli | Cefoxitin,E. coli,Cefoxitin,cephalosporins,9.79868092048195,0.25440528988838196,46394,6,FALSE,1,Eastern production-infrastructure belt
Hainan,E. coli | Ceftazidime,E. coli,Ceftazidime,cephalosporins,20.566716794605448,-2.0888119935989344,59183,6,FALSE,1,Eastern production-infrastructure belt
Hainan,E. coli | Ceftriaxone,E. coli,Ceftriaxone,cephalosporins,44.18553136933868,-3.7557899951934814,49609,6,FALSE,1,Eastern production-infrastructure belt
Hainan,E. coli | Cefuroxime,E. coli,Cefuroxime,cephalosporins,46.886722177008366,-3.3628374338150024,46655,6,FALSE,1,Eastern production-infrastructure belt
Hainan,E. coli | Chloramphenicol,E. coli,Chloramphenicol,other,34.621586764061824,2.189198136329651,19846,6,FALSE,1,Eastern production-infrastructure belt
Hainan,E. coli | Ciprofloxacin,E. coli,Ciprofloxacin,fluoroquinolones,46.95399812273823,2.3129910230636597,39281,6,TRUE,1,Eastern production-infrastructure belt
Hainan,E. coli | Ertapenem,E. coli,Ertapenem,carbapenems,1.0035771193319885,-0.1614615321159365,30192,6,FALSE,1,Eastern production-infrastructure belt
Hainan,E. coli | Gentamicin,E. coli,Gentamicin,aminoglycosides,30.944753681789113,-1.0261118412017822,40582,6,FALSE,1,Eastern production-infrastructure belt
Hainan,E. coli | Imipenem,E. coli,Imipenem,carbapenems,0.9634569537168367,-0.182337686419487,55633,6,FALSE,1,Eastern production-infrastructure belt
Hainan,E. coli | Levofloxacin,E. coli,Levofloxacin,fluoroquinolones,43.57246795184761,2.927583456039436,57736,6,TRUE,1,Eastern production-infrastructure belt
Hainan,E. coli | Meropenem,E. coli,Meropenem,carbapenems,0.8753229974160207,0.058908574283123016,30960,6,FALSE,1,Eastern production-infrastructure belt
Hainan,E. coli | Nitrofurantoin,E. coli,Nitrofurantoin,other,2.151971065654423,1.1606002226471899,5251,6,FALSE,1,Eastern production-infrastructure belt
Hainan,E. coli | Polymyxin B,E. coli,Polymyxin B,other,1.1559888570372296,NA,14360,4,FALSE,1,Eastern production-infrastructure belt
Hainan,E. coli | Tigecycline,E. coli,Tigecycline,tetracyclines,0.10667378015171414,-0.523733114823699,14999,6,FALSE,1,Eastern production-infrastructure belt
Hainan,E. coli | Tobramycin,E. coli,Tobramycin,aminoglycosides,12.8209741160494,10.364483296871184,22237,6,FALSE,1,Eastern production-infrastructure belt
Hainan,K. pneumoniae | Amikacin,K. pneumoniae,Amikacin,aminoglycosides,2.492125758975379,1.2775557115674019,54291,6,FALSE,1,Eastern production-infrastructure belt
Hainan,K. pneumoniae | Ampicillin,K. pneumoniae,Ampicillin,other,97.23438441414132,-0.5511164665222168,13704,6,FALSE,1,Eastern production-infrastructure belt
Hainan,K. pneumoniae | Aztreonam,K. pneumoniae,Aztreonam,other,20.4677184156446,1.7213761806488037,19841,6,FALSE,1,Eastern production-infrastructure belt
Hainan,K. pneumoniae | Cefazolin,K. pneumoniae,Cefazolin,cephalosporins,28.23210641327925,-7.994458079338074,22145,6,FALSE,1,Eastern production-infrastructure belt
Hainan,K. pneumoniae | Cefepime,K. pneumoniae,Cefepime,cephalosporins,18.79666518424308,5.17219603061676,48216,6,FALSE,1,Eastern production-infrastructure belt
Hainan,K. pneumoniae | Cefotaxime,K. pneumoniae,Cefotaxime,cephalosporins,31.264170427401048,4.887372255325317,12791,6,FALSE,1,Eastern production-infrastructure belt
Hainan,K. pneumoniae | Cefotetan,K. pneumoniae,Cefotetan,cephalosporins,4.660194080901666,-1.1281274259090424,7210,6,FALSE,1,Eastern production-infrastructure belt
Hainan,K. pneumoniae | Cefoxitin,K. pneumoniae,Cefoxitin,cephalosporins,13.048541068549683,-0.30099600553512573,43798,6,FALSE,1,Eastern production-infrastructure belt
Hainan,K. pneumoniae | Ceftazidime,K. pneumoniae,Ceftazidime,cephalosporins,17.557195042594927,3.5903841257095337,53938,6,FALSE,1,Eastern production-infrastructure belt
Hainan,K. pneumoniae | Ceftriaxone,K. pneumoniae,Ceftriaxone,cephalosporins,26.099827173232026,0.6693780422210658,38847,6,FALSE,1,Eastern production-infrastructure belt
Hainan,K. pneumoniae | Cefuroxime,K. pneumoniae,Cefuroxime,cephalosporins,28.939983661740012,1.1857569217681885,44188,6,FALSE,1,Eastern production-infrastructure belt
Hainan,K. pneumoniae | Chloramphenicol,K. pneumoniae,Chloramphenicol,other,24.462177168273918,-1.5554293990135193,27193,6,FALSE,1,Eastern production-infrastructure belt
Hainan,K. pneumoniae | Ciprofloxacin,K. pneumoniae,Ciprofloxacin,fluoroquinolones,16.262679275147196,2.086305618286133,36181,6,TRUE,1,Eastern production-infrastructure belt
Hainan,K. pneumoniae | Ertapenem,K. pneumoniae,Ertapenem,carbapenems,3.255166905770739,2.3602474480867386,25160,6,FALSE,1,Eastern production-infrastructure belt
Hainan,K. pneumoniae | Gentamicin,K. pneumoniae,Gentamicin,aminoglycosides,11.937155988280182,-1.116567850112915,37044,6,FALSE,1,Eastern production-infrastructure belt
Hainan,K. pneumoniae | Imipenem,K. pneumoniae,Imipenem,carbapenems,3.1483771553713598,1.4291424304246902,49327,6,FALSE,1,Eastern production-infrastructure belt
Hainan,K. pneumoniae | Levofloxacin,K. pneumoniae,Levofloxacin,fluoroquinolones,12.908203707843702,3.775709867477417,51843,6,TRUE,1,Eastern production-infrastructure belt
Hainan,K. pneumoniae | Meropenem,K. pneumoniae,Meropenem,carbapenems,2.128024124862404,0.1990305259823799,29182,6,FALSE,1,Eastern production-infrastructure belt
Hainan,K. pneumoniae | Nitrofurantoin,K. pneumoniae,Nitrofurantoin,other,12.281383805518432,12.45601773262024,5146,6,FALSE,1,Eastern production-infrastructure belt
Hainan,K. pneumoniae | Polymyxin B,K. pneumoniae,Polymyxin B,other,3.545799795763581,NA,14214,4,FALSE,1,Eastern production-infrastructure belt
Hainan,K. pneumoniae | Tigecycline,K. pneumoniae,Tigecycline,tetracyclines,1.0134128254426062,-1.9257663749158382,13420,6,FALSE,1,Eastern production-infrastructure belt
Hainan,K. pneumoniae | Tobramycin,K. pneumoniae,Tobramycin,aminoglycosides,7.432571591973145,7.5531914830207825,19428,6,FALSE,1,Eastern production-infrastructure belt
Hainan,P. aeruginosa | Amikacin,P. aeruginosa,Amikacin,aminoglycosides,2.3132237611533166,-0.7286693900823598,34627,6,FALSE,1,Eastern production-infrastructure belt
Hainan,P. aeruginosa | Aztreonam,P. aeruginosa,Aztreonam,other,10.906310804394861,-0.8971273899078369,24197,6,FALSE,1,Eastern production-infrastructure belt
Hainan,P. aeruginosa | Cefepime,P. aeruginosa,Cefepime,cephalosporins,4.8455155547283635,-0.7817748934030533,35311,6,FALSE,1,Eastern production-infrastructure belt
Hainan,P. aeruginosa | Ceftazidime,P. aeruginosa,Ceftazidime,cephalosporins,10.091886306342278,0.5924217402935046,38417,6,FALSE,1,Eastern production-infrastructure belt
Hainan,P. aeruginosa | Ciprofloxacin,P. aeruginosa,Ciprofloxacin,fluoroquinolones,7.811892612772464,-0.056737661361694336,36022,6,TRUE,1,Eastern production-infrastructure belt
Hainan,P. aeruginosa | Gentamicin,P. aeruginosa,Gentamicin,aminoglycosides,5.519623960031356,-0.9586818516254425,24893,6,FALSE,1,Eastern production-infrastructure belt
Hainan,P. aeruginosa | Imipenem,P. aeruginosa,Imipenem,carbapenems,10.131818521156596,0.9088166058063525,36262,6,FALSE,1,Eastern production-infrastructure belt
Hainan,P. aeruginosa | Levofloxacin,P. aeruginosa,Levofloxacin,fluoroquinolones,9.076376159646335,0.27125030755996704,36281,6,FALSE,1,Eastern production-infrastructure belt
Hainan,P. aeruginosa | Meropenem,P. aeruginosa,Meropenem,carbapenems,8.12766196675484,2.660795301198961,36628,6,FALSE,1,Eastern production-infrastructure belt
Hainan,P. aeruginosa | Piperacillin,P. aeruginosa,Piperacillin,other,11.464301850062276,3.2046481966972333,21990,6,FALSE,1,Eastern production-infrastructure belt
Hainan,P. aeruginosa | Polymyxin B,P. aeruginosa,Polymyxin B,other,1.1733333423733712,-0.42986143380403496,18750,6,FALSE,1,Eastern production-infrastructure belt
Hainan,P. aeruginosa | Tobramycin,P. aeruginosa,Tobramycin,aminoglycosides,5.290083887550829,3.1565438956022263,36748,6,FALSE,1,Eastern production-infrastructure belt
Hainan,S. aureus | Amikacin,S. aureus,Amikacin,aminoglycosides,1.6490485519170761,NA,2365,1,FALSE,1,Eastern production-infrastructure belt
Hainan,S. aureus | Cefoxitin,S. aureus,Cefoxitin,cephalosporins,20.316166642165793,-6.689050793647766,16194,6,FALSE,1,Eastern production-infrastructure belt
Hainan,S. aureus | Chloramphenicol,S. aureus,Chloramphenicol,other,7.256528817525618,-2.6394926011562347,14704,6,FALSE,1,Eastern production-infrastructure belt
Hainan,S. aureus | Ciprofloxacin,S. aureus,Ciprofloxacin,fluoroquinolones,8.652472084110789,4.1662853211164474,13996,6,FALSE,1,Eastern production-infrastructure belt
Hainan,S. aureus | Clindamycin,S. aureus,Clindamycin,other,21.875481100312868,-7.156860828399658,32493,6,FALSE,1,Eastern production-infrastructure belt
Hainan,S. aureus | Erythromycin,S. aureus,Erythromycin,macrolides,41.23313440203008,-8.539590239524841,32389,6,TRUE,1,Eastern production-infrastructure belt
Hainan,S. aureus | Gentamicin,S. aureus,Gentamicin,aminoglycosides,4.744191507772049,-1.0426416993141174,33873,6,FALSE,1,Eastern production-infrastructure belt
Hainan,S. aureus | Levofloxacin,S. aureus,Levofloxacin,fluoroquinolones,8.472167659618826,3.8613926619291306,33073,6,FALSE,1,Eastern production-infrastructure belt
Hainan,S. aureus | Linezolid,S. aureus,Linezolid,other,0,0,33733,6,FALSE,1,Eastern production-infrastructure belt
Hainan,S. aureus | Nitrofurantoin,S. aureus,Nitrofurantoin,other,0.939324693614818,2.455096016637981,3939,6,FALSE,1,Eastern production-infrastructure belt
Hainan,S. aureus | Oxacillin,S. aureus,Oxacillin,other,19.84215098692082,0.7002547383308411,33323,6,FALSE,1,Eastern production-infrastructure belt
Hainan,S. aureus | Penicillin G,S. aureus,Penicillin G,other,89.9972676174124,-2.213585376739502,32941,6,FALSE,1,Eastern production-infrastructure belt
Hainan,S. aureus | Rifampicin,S. aureus,Rifampicin,other,4.094463975000667,-1.9437894225120544,32605,6,FALSE,1,Eastern production-infrastructure belt
Hainan,S. aureus | Teicoplanin,S. aureus,Teicoplanin,other,0,0,23727,6,FALSE,1,Eastern production-infrastructure belt
Hainan,S. aureus | Tetracycline,S. aureus,Tetracycline,tetracyclines,37.72268835765496,-1.7311960458755493,22509,6,FALSE,1,Eastern production-infrastructure belt
Hainan,S. aureus | Vancomycin,S. aureus,Vancomycin,other,0,0,33629,6,FALSE,1,Eastern production-infrastructure belt
Hebei,A. baumannii | Amikacin,A. baumannii,Amikacin,aminoglycosides,37.03823386034018,-0.07943511009216309,55710,6,FALSE,2,Urban-industrial wastewater core
Hebei,A. baumannii | Aztreonam,A. baumannii,Aztreonam,other,69.9011174520015,-16.91240668296814,14057,6,FALSE,2,Urban-industrial wastewater core
Hebei,A. baumannii | Cefepime,A. baumannii,Cefepime,cephalosporins,49.81733180289706,-5.819419026374824,81295,6,FALSE,2,Urban-industrial wastewater core
Hebei,A. baumannii | Cefotaxime,A. baumannii,Cefotaxime,cephalosporins,54.80081356382395,-7.215696573257446,13279,6,FALSE,2,Urban-industrial wastewater core
Hebei,A. baumannii | Ceftazidime,A. baumannii,Ceftazidime,cephalosporins,53.23981036499095,-4.5648157596588135,83045,6,FALSE,2,Urban-industrial wastewater core
Hebei,A. baumannii | Ceftriaxone,A. baumannii,Ceftriaxone,cephalosporins,52.15938331208014,-6.287190318107605,42790,6,FALSE,2,Urban-industrial wastewater core
Hebei,A. baumannii | Ciprofloxacin,A. baumannii,Ciprofloxacin,fluoroquinolones,56.03829535306564,-3.038167953491211,78027,6,FALSE,2,Urban-industrial wastewater core
Hebei,A. baumannii | Gentamicin,A. baumannii,Gentamicin,aminoglycosides,48.1636146303895,-3.944733738899231,60826,6,FALSE,2,Urban-industrial wastewater core
Hebei,A. baumannii | Imipenem,A. baumannii,Imipenem,carbapenems,52.665555686728126,-2.823460102081299,82872,6,FALSE,2,Urban-industrial wastewater core
Hebei,A. baumannii | Levofloxacin,A. baumannii,Levofloxacin,fluoroquinolones,43.491844864709286,2.335461974143982,82581,6,TRUE,2,Urban-industrial wastewater core
Hebei,A. baumannii | Meropenem,A. baumannii,Meropenem,carbapenems,55.85780257121765,-3.3018290996551514,63377,6,FALSE,2,Urban-industrial wastewater core
Hebei,A. baumannii | Minocycline,A. baumannii,Minocycline,other,8.80649380238773,2.1438084542751312,47306,6,FALSE,2,Urban-industrial wastewater core
Hebei,A. baumannii | Polymyxin B,A. baumannii,Polymyxin B,other,1.7478018550847898,-1.4370009303092957,27978,6,FALSE,2,Urban-industrial wastewater core
Hebei,A. baumannii | Tigecycline,A. baumannii,Tigecycline,tetracyclines,2.4496868450822107,-0.3683304414153099,25391,6,FALSE,2,Urban-industrial wastewater core
Hebei,A. baumannii | Tobramycin,A. baumannii,Tobramycin,aminoglycosides,45.626903219303074,1.1281907558441162,56173,6,FALSE,2,Urban-industrial wastewater core
Hebei,E. coli | Amikacin,E. coli,Amikacin,aminoglycosides,3.5126054904933577,1.7661761492490768,195866,6,FALSE,2,Urban-industrial wastewater core
Hebei,E. coli | Ampicillin,E. coli,Ampicillin,other,84.4999044650985,-1.8764019012451172,157470,6,FALSE,2,Urban-industrial wastewater core
Hebei,E. coli | Aztreonam,E. coli,Aztreonam,other,33.63328019162004,-6.99387788772583,141803,6,FALSE,2,Urban-industrial wastewater core
Hebei,E. coli | Cefazolin,E. coli,Cefazolin,cephalosporins,66.37257233201503,-6.418806314468384,28789,6,FALSE,2,Urban-industrial wastewater core
Hebei,E. coli | Cefepime,E. coli,Cefepime,cephalosporins,26.2860978827663,-3.6725610494613647,199771,6,FALSE,2,Urban-industrial wastewater core
Hebei,E. coli | Cefotaxime,E. coli,Cefotaxime,cephalosporins,54.41976336688409,-6.044262647628784,34934,6,FALSE,2,Urban-industrial wastewater core
Hebei,E. coli | Cefotetan,E. coli,Cefotetan,cephalosporins,3.5248241906879416,-0.9871939197182655,71805,6,FALSE,2,Urban-industrial wastewater core
Hebei,E. coli | Cefoxitin,E. coli,Cefoxitin,cephalosporins,12.757201802347186,-2.435109764337538,78732,6,FALSE,2,Urban-industrial wastewater core
Hebei,E. coli | Ceftazidime,E. coli,Ceftazidime,cephalosporins,25.596618798940455,-5.354812741279606,201343,6,FALSE,2,Urban-industrial wastewater core
Hebei,E. coli | Ceftriaxone,E. coli,Ceftriaxone,cephalosporins,54.24057013469904,-4.620206356048584,153352,6,FALSE,2,Urban-industrial wastewater core
Hebei,E. coli | Cefuroxime,E. coli,Cefuroxime,cephalosporins,55.85708504242547,-4.3727099895477295,159704,6,FALSE,2,Urban-industrial wastewater core
Hebei,E. coli | Chloramphenicol,E. coli,Chloramphenicol,other,24.937810811168475,0.8706241846084595,45024,6,FALSE,2,Urban-industrial wastewater core
Hebei,E. coli | Ciprofloxacin,E. coli,Ciprofloxacin,fluoroquinolones,58.15349708743245,-0.18288493156433105,163899,6,TRUE,2,Urban-industrial wastewater core
Hebei,E. coli | Ertapenem,E. coli,Ertapenem,carbapenems,2.03137058247002,-1.459505595266819,35001,6,FALSE,2,Urban-industrial wastewater core
Hebei,E. coli | Gentamicin,E. coli,Gentamicin,aminoglycosides,39.84571305992611,-6.285673379898071,175517,6,FALSE,2,Urban-industrial wastewater core
Hebei,E. coli | Imipenem,E. coli,Imipenem,carbapenems,1.9306415659129796,-0.11139195412397362,201850,6,FALSE,2,Urban-industrial wastewater core
Hebei,E. coli | Levofloxacin,E. coli,Levofloxacin,fluoroquinolones,54.047959171736316,1.087099313735962,190701,6,TRUE,2,Urban-industrial wastewater core
Hebei,E. coli | Meropenem,E. coli,Meropenem,carbapenems,1.7363208327025497,-0.16869995743036292,170533,6,FALSE,2,Urban-industrial wastewater core
Hebei,E. coli | Nitrofurantoin,E. coli,Nitrofurantoin,other,4.493695789672053,-1.472197100520134,45842,6,FALSE,2,Urban-industrial wastewater core
Hebei,E. coli | Polymyxin B,E. coli,Polymyxin B,other,0.8814024040977131,NA,20422,4,FALSE,2,Urban-industrial wastewater core
Hebei,E. coli | Tigecycline,E. coli,Tigecycline,tetracyclines,0.1488708001212781,-0.06854338571429253,31571,6,FALSE,2,Urban-industrial wastewater core
Hebei,E. coli | Tobramycin,E. coli,Tobramycin,aminoglycosides,19.743978089409858,17.84556657075882,113584,6,FALSE,2,Urban-industrial wastewater core
Hebei,K. pneumoniae | Amikacin,K. pneumoniae,Amikacin,aminoglycosides,6.768729437548608,-0.7799658924341202,190863,6,FALSE,2,Urban-industrial wastewater core
Hebei,K. pneumoniae | Ampicillin,K. pneumoniae,Ampicillin,other,92.59458116592359,-3.8431525230407857,61455,6,FALSE,2,Urban-industrial wastewater core
Hebei,K. pneumoniae | Aztreonam,K. pneumoniae,Aztreonam,other,23.70219328368355,-3.6476388573646545,127465,6,FALSE,2,Urban-industrial wastewater core
Hebei,K. pneumoniae | Cefazolin,K. pneumoniae,Cefazolin,cephalosporins,36.28036688270501,-9.214839339256287,65614,6,FALSE,2,Urban-industrial wastewater core
Hebei,K. pneumoniae | Cefepime,K. pneumoniae,Cefepime,cephalosporins,20.3700241170527,-4.00528609752655,192582,6,FALSE,2,Urban-industrial wastewater core
Hebei,K. pneumoniae | Cefotaxime,K. pneumoniae,Cefotaxime,cephalosporins,29.90723024115556,-6.925255060195923,36650,6,FALSE,2,Urban-industrial wastewater core
Hebei,K. pneumoniae | Cefotetan,K. pneumoniae,Cefotetan,cephalosporins,10.392894515896689,-3.5707205533981323,63274,6,FALSE,2,Urban-industrial wastewater core
Hebei,K. pneumoniae | Cefoxitin,K. pneumoniae,Cefoxitin,cephalosporins,18.41152707601861,-4.470129311084747,86473,6,FALSE,2,Urban-industrial wastewater core
Hebei,K. pneumoniae | Ceftazidime,K. pneumoniae,Ceftazidime,cephalosporins,21.56942276205209,-3.923068940639496,194836,6,FALSE,2,Urban-industrial wastewater core
Hebei,K. pneumoniae | Ceftriaxone,K. pneumoniae,Ceftriaxone,cephalosporins,30.61493187462933,-7.187274098396301,142032,6,FALSE,2,Urban-industrial wastewater core
Hebei,K. pneumoniae | Cefuroxime,K. pneumoniae,Cefuroxime,cephalosporins,32.791758244266255,-6.7137062549591064,155411,6,FALSE,2,Urban-industrial wastewater core
Hebei,K. pneumoniae | Chloramphenicol,K. pneumoniae,Chloramphenicol,other,21.718154076559223,-5.483974516391754,66327,6,FALSE,2,Urban-industrial wastewater core
Hebei,K. pneumoniae | Ciprofloxacin,K. pneumoniae,Ciprofloxacin,fluoroquinolones,21.125622972263738,-4.103773832321163,152289,6,TRUE,2,Urban-industrial wastewater core
Hebei,K. pneumoniae | Ertapenem,K. pneumoniae,Ertapenem,carbapenems,9.21766723956301,-4.3874748051166534,35931,6,FALSE,2,Urban-industrial wastewater core
Hebei,K. pneumoniae | Gentamicin,K. pneumoniae,Gentamicin,aminoglycosides,17.978002368652067,-4.957517981529236,161108,6,FALSE,2,Urban-industrial wastewater core
Hebei,K. pneumoniae | Imipenem,K. pneumoniae,Imipenem,carbapenems,10.327865415020858,-2.4503365159034747,194958,6,FALSE,2,Urban-industrial wastewater core
Hebei,K. pneumoniae | Levofloxacin,K. pneumoniae,Levofloxacin,fluoroquinolones,17.874712873706688,-3.6250054836273193,189038,6,TRUE,2,Urban-industrial wastewater core
Hebei,K. pneumoniae | Meropenem,K. pneumoniae,Meropenem,carbapenems,9.904841481267864,-2.678493410348892,160154,6,FALSE,2,Urban-industrial wastewater core
Hebei,K. pneumoniae | Nitrofurantoin,K. pneumoniae,Nitrofurantoin,other,26.414175870462753,-6.8969085812568665,39051,6,FALSE,2,Urban-industrial wastewater core
Hebei,K. pneumoniae | Polymyxin B,K. pneumoniae,Polymyxin B,other,2.1918514516706313,NA,27146,4,FALSE,2,Urban-industrial wastewater core
Hebei,K. pneumoniae | Tigecycline,K. pneumoniae,Tigecycline,tetracyclines,1.0531364950283983,-0.38771815598011017,47952,6,FALSE,2,Urban-industrial wastewater core
Hebei,K. pneumoniae | Tobramycin,K. pneumoniae,Tobramycin,aminoglycosides,13.68922714098165,4.785643517971039,107223,6,FALSE,2,Urban-industrial wastewater core
Hebei,P. aeruginosa | Amikacin,P. aeruginosa,Amikacin,aminoglycosides,4.006429546744138,-2.774292044341564,99540,6,FALSE,2,Urban-industrial wastewater core
Hebei,P. aeruginosa | Aztreonam,P. aeruginosa,Aztreonam,other,19.40194253922262,-3.034970164299015,60128,6,FALSE,2,Urban-industrial wastewater core
Hebei,P. aeruginosa | Cefepime,P. aeruginosa,Cefepime,cephalosporins,10.738982538554243,-4.270409047603609,102384,6,FALSE,2,Urban-industrial wastewater core
Hebei,P. aeruginosa | Ceftazidime,P. aeruginosa,Ceftazidime,cephalosporins,14.898864491118262,-3.0425384640693647,105008,6,FALSE,2,Urban-industrial wastewater core
Hebei,P. aeruginosa | Ciprofloxacin,P. aeruginosa,Ciprofloxacin,fluoroquinolones,12.668474195412477,-4.874060302972794,100683,6,TRUE,2,Urban-industrial wastewater core
Hebei,P. aeruginosa | Gentamicin,P. aeruginosa,Gentamicin,aminoglycosides,10.178761537744018,-6.6142000257968885,76974,6,FALSE,2,Urban-industrial wastewater core
Hebei,P. aeruginosa | Imipenem,P. aeruginosa,Imipenem,carbapenems,16.485672271970767,-4.083947837352753,101937,6,FALSE,2,Urban-industrial wastewater core
Hebei,P. aeruginosa | Levofloxacin,P. aeruginosa,Levofloxacin,fluoroquinolones,13.070122386368901,-4.564207047224045,101009,6,FALSE,2,Urban-industrial wastewater core
Hebei,P. aeruginosa | Meropenem,P. aeruginosa,Meropenem,carbapenems,13.96533441041176,-3.318902850151062,98945,6,FALSE,2,Urban-industrial wastewater core
Hebei,P. aeruginosa | Piperacillin,P. aeruginosa,Piperacillin,other,16.83674243797212,1.390451192855835,64187,6,FALSE,2,Urban-industrial wastewater core
Hebei,P. aeruginosa | Polymyxin B,P. aeruginosa,Polymyxin B,other,1.3944284533651905,0.3214942291378975,32343,6,FALSE,2,Urban-industrial wastewater core
Hebei,P. aeruginosa | Tobramycin,P. aeruginosa,Tobramycin,aminoglycosides,9.139699318273797,-0.7186964154243487,87946,6,FALSE,2,Urban-industrial wastewater core
Hebei,S. aureus | Amikacin,S. aureus,Amikacin,aminoglycosides,3.5370446741580963,NA,4778,1,FALSE,2,Urban-industrial wastewater core
Hebei,S. aureus | Cefoxitin,S. aureus,Cefoxitin,cephalosporins,31.376790004196796,-2.2600799798965454,34210,6,FALSE,2,Urban-industrial wastewater core
Hebei,S. aureus | Chloramphenicol,S. aureus,Chloramphenicol,other,5.668472532653351,-2.796649932861328,27503,6,FALSE,2,Urban-industrial wastewater core
Hebei,S. aureus | Ciprofloxacin,S. aureus,Ciprofloxacin,fluoroquinolones,12.612101392190132,-2.5492273271083814,56422,6,FALSE,2,Urban-industrial wastewater core
Hebei,S. aureus | Clindamycin,S. aureus,Clindamycin,other,39.457911218597246,-10.403975844383233,79581,6,FALSE,2,Urban-industrial wastewater core
Hebei,S. aureus | Erythromycin,S. aureus,Erythromycin,macrolides,67.56316063040549,-4.021674394607544,90761,6,TRUE,2,Urban-industrial wastewater core
Hebei,S. aureus | Gentamicin,S. aureus,Gentamicin,aminoglycosides,12.828371775061612,-6.161190569400786,92007,6,FALSE,2,Urban-industrial wastewater core
Hebei,S. aureus | Levofloxacin,S. aureus,Levofloxacin,fluoroquinolones,11.981589898674669,-1.6169644892215729,80390,6,FALSE,2,Urban-industrial wastewater core
Hebei,S. aureus | Linezolid,S. aureus,Linezolid,other,0,0,90465,6,FALSE,2,Urban-industrial wastewater core
Hebei,S. aureus | Nitrofurantoin,S. aureus,Nitrofurantoin,other,0.4492311270235755,-0.6080764112994075,17363,6,FALSE,2,Urban-industrial wastewater core
Hebei,S. aureus | Oxacillin,S. aureus,Oxacillin,other,29.60799986652154,-1.6108453273773193,88699,6,FALSE,2,Urban-industrial wastewater core
Hebei,S. aureus | Penicillin G,S. aureus,Penicillin G,other,92.85055173548714,-1.579916477203355,81265,6,FALSE,2,Urban-industrial wastewater core
Hebei,S. aureus | Rifampicin,S. aureus,Rifampicin,other,2.6920830025918505,-2.925390563905239,87293,6,FALSE,2,Urban-industrial wastewater core
Hebei,S. aureus | Teicoplanin,S. aureus,Teicoplanin,other,0,0,42105,6,FALSE,2,Urban-industrial wastewater core
Hebei,S. aureus | Tetracycline,S. aureus,Tetracycline,tetracyclines,16.016398174302104,-7.703809440135956,71227,6,FALSE,2,Urban-industrial wastewater core
Hebei,S. aureus | Vancomycin,S. aureus,Vancomycin,other,0,0,89967,6,FALSE,2,Urban-industrial wastewater core
Heilongjiang,A. baumannii | Amikacin,A. baumannii,Amikacin,aminoglycosides,32.28448829621739,1.701575517654419,38455,6,FALSE,3,Inland surveillance-gap belt
Heilongjiang,A. baumannii | Aztreonam,A. baumannii,Aztreonam,other,53.06748417120404,NA,1304,5,FALSE,3,Inland surveillance-gap belt
Heilongjiang,A. baumannii | Cefepime,A. baumannii,Cefepime,cephalosporins,45.687992399944285,-2.3716390132904053,38903,6,FALSE,3,Inland surveillance-gap belt
Heilongjiang,A. baumannii | Cefotaxime,A. baumannii,Cefotaxime,cephalosporins,38.914673695369345,1.2961417436599731,5602,6,FALSE,3,Inland surveillance-gap belt
Heilongjiang,A. baumannii | Ceftazidime,A. baumannii,Ceftazidime,cephalosporins,43.910224570051874,10.473453998565674,39788,6,FALSE,3,Inland surveillance-gap belt
Heilongjiang,A. baumannii | Ceftriaxone,A. baumannii,Ceftriaxone,cephalosporins,26.836650185734594,1.2888342142105138,10903,6,FALSE,3,Inland surveillance-gap belt
Heilongjiang,A. baumannii | Ciprofloxacin,A. baumannii,Ciprofloxacin,fluoroquinolones,47.755091562966825,0.7152855396270823,39623,6,FALSE,3,Inland surveillance-gap belt
Heilongjiang,A. baumannii | Gentamicin,A. baumannii,Gentamicin,aminoglycosides,40.66940690103658,-9.659582376480103,34060,6,FALSE,3,Inland surveillance-gap belt
Heilongjiang,A. baumannii | Imipenem,A. baumannii,Imipenem,carbapenems,48.159286875812626,4.026061296463013,37241,6,FALSE,3,Inland surveillance-gap belt
Heilongjiang,A. baumannii | Levofloxacin,A. baumannii,Levofloxacin,fluoroquinolones,35.869460435816364,5.5801391601562536,41428,6,TRUE,3,Inland surveillance-gap belt
Heilongjiang,A. baumannii | Meropenem,A. baumannii,Meropenem,carbapenems,47.00249417257294,2.614542841911316,34879,6,FALSE,3,Inland surveillance-gap belt
Heilongjiang,A. baumannii | Minocycline,A. baumannii,Minocycline,other,13.767883410440271,-10.750899463891983,28029,6,FALSE,3,Inland surveillance-gap belt
Heilongjiang,A. baumannii | Polymyxin B,A. baumannii,Polymyxin B,other,3.162753582340399,-1.049548014998436,17548,6,FALSE,3,Inland surveillance-gap belt
Heilongjiang,A. baumannii | Tigecycline,A. baumannii,Tigecycline,tetracyclines,2.4476219360171867,-0.17035771161317825,20142,6,FALSE,3,Inland surveillance-gap belt
Heilongjiang,A. baumannii | Tobramycin,A. baumannii,Tobramycin,aminoglycosides,44.36817305030583,-7.184445858001709,19958,6,FALSE,3,Inland surveillance-gap belt
Heilongjiang,E. coli | Amikacin,E. coli,Amikacin,aminoglycosides,2.8548834380335752,3.107309713959694,99899,6,FALSE,3,Inland surveillance-gap belt
Heilongjiang,E. coli | Ampicillin,E. coli,Ampicillin,other,82.6270278643867,-0.5336344242095947,87993,6,FALSE,3,Inland surveillance-gap belt
Heilongjiang,E. coli | Aztreonam,E. coli,Aztreonam,other,33.92780041213585,-2.9051780700683594,64876,6,FALSE,3,Inland surveillance-gap belt
Heilongjiang,E. coli | Cefazolin,E. coli,Cefazolin,cephalosporins,67.03631393690749,-8.712393045425415,33816,6,FALSE,3,Inland surveillance-gap belt
Heilongjiang,E. coli | Cefepime,E. coli,Cefepime,cephalosporins,30.163544172110882,2.2251248359680176,96610,6,FALSE,3,Inland surveillance-gap belt
Heilongjiang,E. coli | Cefotaxime,E. coli,Cefotaxime,cephalosporins,52.358408316793835,-4.42318320274353,23024,6,FALSE,3,Inland surveillance-gap belt
Heilongjiang,E. coli | Cefotetan,E. coli,Cefotetan,cephalosporins,1.7666008408307863,0.0792898237705233,9623,6,FALSE,3,Inland surveillance-gap belt
Heilongjiang,E. coli | Cefoxitin,E. coli,Cefoxitin,cephalosporins,14.29316705460566,-2.038539946079256,69005,6,FALSE,3,Inland surveillance-gap belt
Heilongjiang,E. coli | Ceftazidime,E. coli,Ceftazidime,cephalosporins,25.710594879314545,0.16529560089111328,102203,6,FALSE,3,Inland surveillance-gap belt
Heilongjiang,E. coli | Ceftriaxone,E. coli,Ceftriaxone,cephalosporins,52.24205450295764,-1.0963201522827148,80395,6,FALSE,3,Inland surveillance-gap belt
Heilongjiang,E. coli | Cefuroxime,E. coli,Cefuroxime,cephalosporins,53.54197352519771,0.087642669677734375,84995,6,FALSE,3,Inland surveillance-gap belt
Heilongjiang,E. coli | Chloramphenicol,E. coli,Chloramphenicol,other,30.18488585701449,0.6288707256317139,22879,6,FALSE,3,Inland surveillance-gap belt
Heilongjiang,E. coli | Ciprofloxacin,E. coli,Ciprofloxacin,fluoroquinolones,60.86218139438284,3.022336959838867,68292,6,TRUE,3,Inland surveillance-gap belt
Heilongjiang,E. coli | Ertapenem,E. coli,Ertapenem,carbapenems,1.2484634282154998,-0.19953278824687004,52064,6,FALSE,3,Inland surveillance-gap belt
Heilongjiang,E. coli | Gentamicin,E. coli,Gentamicin,aminoglycosides,36.28321593520408,-2.9447078704833984,88738,6,FALSE,3,Inland surveillance-gap belt
Heilongjiang,E. coli | Imipenem,E. coli,Imipenem,carbapenems,1.032020995152865,-0.17222678288817417,95250,6,FALSE,3,Inland surveillance-gap belt
Heilongjiang,E. coli | Levofloxacin,E. coli,Levofloxacin,fluoroquinolones,57.35626937915528,2.7206897735595703,100343,6,TRUE,3,Inland surveillance-gap belt
Heilongjiang,E. coli | Meropenem,E. coli,Meropenem,carbapenems,0.9395329881349014,-0.34450022503733635,73015,6,FALSE,3,Inland surveillance-gap belt
Heilongjiang,E. coli | Nitrofurantoin,E. coli,Nitrofurantoin,other,4.9507219843018255,-0.4656907171010971,8726,6,FALSE,3,Inland surveillance-gap belt
Heilongjiang,E. coli | Polymyxin B,E. coli,Polymyxin B,other,1.3705499133849481,NA,5983,4,FALSE,3,Inland surveillance-gap belt
Heilongjiang,E. coli | Tigecycline,E. coli,Tigecycline,tetracyclines,0.08028483647404575,-0.08175134425982833,28648,6,FALSE,3,Inland surveillance-gap belt
Heilongjiang,E. coli | Tobramycin,E. coli,Tobramycin,aminoglycosides,17.384703784583532,21.140609681606293,19103,6,FALSE,3,Inland surveillance-gap belt
Heilongjiang,K. pneumoniae | Amikacin,K. pneumoniae,Amikacin,aminoglycosides,3.6303492383279203,3.1478136777877808,119713,6,FALSE,3,Inland surveillance-gap belt
Heilongjiang,K. pneumoniae | Ampicillin,K. pneumoniae,Ampicillin,other,95.69328046211463,-0.9478747844696187,48018,6,FALSE,3,Inland surveillance-gap belt
Heilongjiang,K. pneumoniae | Aztreonam,K. pneumoniae,Aztreonam,other,19.44369727404341,-0.569915771484375,70645,6,FALSE,3,Inland surveillance-gap belt
Heilongjiang,K. pneumoniae | Cefazolin,K. pneumoniae,Cefazolin,cephalosporins,30.734807690958633,-7.843008637428284,94079,6,FALSE,3,Inland surveillance-gap belt
Heilongjiang,K. pneumoniae | Cefepime,K. pneumoniae,Cefepime,cephalosporins,15.951836147809844,2.013064920902252,110539,6,FALSE,3,Inland surveillance-gap belt
Heilongjiang,K. pneumoniae | Cefotaxime,K. pneumoniae,Cefotaxime,cephalosporins,23.670194323955972,-9.205912053585052,28162,6,FALSE,3,Inland surveillance-gap belt
Heilongjiang,K. pneumoniae | Cefotetan,K. pneumoniae,Cefotetan,cephalosporins,5.937880615015952,5.739302933216095,9852,6,FALSE,3,Inland surveillance-gap belt
Heilongjiang,K. pneumoniae | Cefoxitin,K. pneumoniae,Cefoxitin,cephalosporins,11.630426732477865,1.2145437300205213,95061,6,FALSE,3,Inland surveillance-gap belt
Heilongjiang,K. pneumoniae | Ceftazidime,K. pneumoniae,Ceftazidime,cephalosporins,14.58603269304722,2.2819891571998596,123488,6,FALSE,3,Inland surveillance-gap belt
Heilongjiang,K. pneumoniae | Ceftriaxone,K. pneumoniae,Ceftriaxone,cephalosporins,24.420482014926346,-2.2330984473228455,98487,6,FALSE,3,Inland surveillance-gap belt
Heilongjiang,K. pneumoniae | Cefuroxime,K. pneumoniae,Cefuroxime,cephalosporins,25.6778771780462,-2.271905541419983,107431,6,FALSE,3,Inland surveillance-gap belt
Heilongjiang,K. pneumoniae | Chloramphenicol,K. pneumoniae,Chloramphenicol,other,19.06138112655172,-1.4275789260864258,53632,6,FALSE,3,Inland surveillance-gap belt
Heilongjiang,K. pneumoniae | Ciprofloxacin,K. pneumoniae,Ciprofloxacin,fluoroquinolones,15.954299445696547,1.5856653451919556,90590,6,TRUE,3,Inland surveillance-gap belt
Heilongjiang,K. pneumoniae | Ertapenem,K. pneumoniae,Ertapenem,carbapenems,5.921699717352251,2.6755206286907196,55913,6,FALSE,3,Inland surveillance-gap belt
Heilongjiang,K. pneumoniae | Gentamicin,K. pneumoniae,Gentamicin,aminoglycosides,13.420420812425993,-0.3203481435775757,110846,6,FALSE,3,Inland surveillance-gap belt
Heilongjiang,K. pneumoniae | Imipenem,K. pneumoniae,Imipenem,carbapenems,4.400971401078434,2.6571566238999367,110362,6,FALSE,3,Inland surveillance-gap belt
Heilongjiang,K. pneumoniae | Levofloxacin,K. pneumoniae,Levofloxacin,fluoroquinolones,13.793103659814639,2.5429919362068176,119596,6,TRUE,3,Inland surveillance-gap belt
Heilongjiang,K. pneumoniae | Meropenem,K. pneumoniae,Meropenem,carbapenems,4.086538426941823,2.637673169374466,94848,6,FALSE,3,Inland surveillance-gap belt
Heilongjiang,K. pneumoniae | Nitrofurantoin,K. pneumoniae,Nitrofurantoin,other,15.816111352179986,5.550065636634828,9484,6,FALSE,3,Inland surveillance-gap belt
Heilongjiang,K. pneumoniae | Polymyxin B,K. pneumoniae,Polymyxin B,other,2.7479891977177213,NA,8952,4,FALSE,3,Inland surveillance-gap belt
Heilongjiang,K. pneumoniae | Tigecycline,K. pneumoniae,Tigecycline,tetracyclines,1.0101245749846601,-0.04384871572256077,42866,6,FALSE,3,Inland surveillance-gap belt
Heilongjiang,K. pneumoniae | Tobramycin,K. pneumoniae,Tobramycin,aminoglycosides,11.799514466331793,7.468874752521515,19772,6,FALSE,3,Inland surveillance-gap belt
Heilongjiang,P. aeruginosa | Amikacin,P. aeruginosa,Amikacin,aminoglycosides,2.6327114064142023,-0.9959451854228973,39503,6,FALSE,3,Inland surveillance-gap belt
Heilongjiang,P. aeruginosa | Aztreonam,P. aeruginosa,Aztreonam,other,13.368723140727498,-1.085101068019867,34850,6,FALSE,3,Inland surveillance-gap belt
Heilongjiang,P. aeruginosa | Cefepime,P. aeruginosa,Cefepime,cephalosporins,6.511569638897882,-2.291962504386902,39975,6,FALSE,3,Inland surveillance-gap belt
Heilongjiang,P. aeruginosa | Ceftazidime,P. aeruginosa,Ceftazidime,cephalosporins,8.711299801843754,-1.1684857308864594,43346,6,FALSE,3,Inland surveillance-gap belt
Heilongjiang,P. aeruginosa | Ciprofloxacin,P. aeruginosa,Ciprofloxacin,fluoroquinolones,9.409174707973962,-0.7479056715965271,42246,6,TRUE,3,Inland surveillance-gap belt
Heilongjiang,P. aeruginosa | Gentamicin,P. aeruginosa,Gentamicin,aminoglycosides,6.67567564778634,-1.9177209585905075,33300,6,FALSE,3,Inland surveillance-gap belt
Heilongjiang,P. aeruginosa | Imipenem,P. aeruginosa,Imipenem,carbapenems,11.095778522916845,-0.5659319460391998,39132,6,FALSE,3,Inland surveillance-gap belt
Heilongjiang,P. aeruginosa | Levofloxacin,P. aeruginosa,Levofloxacin,fluoroquinolones,9.947848455831886,-1.2363113462924957,43527,6,FALSE,3,Inland surveillance-gap belt
Heilongjiang,P. aeruginosa | Meropenem,P. aeruginosa,Meropenem,carbapenems,7.57755478845274,0.28768032789230347,37941,6,FALSE,3,Inland surveillance-gap belt
Heilongjiang,P. aeruginosa | Piperacillin,P. aeruginosa,Piperacillin,other,10.623066406100678,-0.4512593150138855,27798,6,FALSE,3,Inland surveillance-gap belt
Heilongjiang,P. aeruginosa | Polymyxin B,P. aeruginosa,Polymyxin B,other,3.0345001354700063,-0.7581893354654312,15884,6,FALSE,3,Inland surveillance-gap belt
Heilongjiang,P. aeruginosa | Tobramycin,P. aeruginosa,Tobramycin,aminoglycosides,6.604100257872478,-0.6372787058353424,28876,6,FALSE,3,Inland surveillance-gap belt
Heilongjiang,S. aureus | Amikacin,S. aureus,Amikacin,aminoglycosides,2.6045236736536026,NA,2918,1,FALSE,3,Inland surveillance-gap belt
Heilongjiang,S. aureus | Cefoxitin,S. aureus,Cefoxitin,cephalosporins,18.901267652322915,6.509064137935638,18221,6,FALSE,3,Inland surveillance-gap belt
Heilongjiang,S. aureus | Chloramphenicol,S. aureus,Chloramphenicol,other,6.0325970805028595,0.8808407932519913,14173,6,FALSE,3,Inland surveillance-gap belt
Heilongjiang,S. aureus | Ciprofloxacin,S. aureus,Ciprofloxacin,fluoroquinolones,22.49004642299632,5.191031098365784,18586,6,FALSE,3,Inland surveillance-gap belt
Heilongjiang,S. aureus | Clindamycin,S. aureus,Clindamycin,other,44.28507698009282,-5.110055208206177,42599,6,FALSE,3,Inland surveillance-gap belt
Heilongjiang,S. aureus | Erythromycin,S. aureus,Erythromycin,macrolides,71.5744889884851,-1.2326955795288086,44154,6,TRUE,3,Inland surveillance-gap belt
Heilongjiang,S. aureus | Gentamicin,S. aureus,Gentamicin,aminoglycosides,15.873085544780736,-3.730574250221249,45511,6,FALSE,3,Inland surveillance-gap belt
Heilongjiang,S. aureus | Levofloxacin,S. aureus,Levofloxacin,fluoroquinolones,23.247917574611517,3.852549195289612,37698,6,FALSE,3,Inland surveillance-gap belt
Heilongjiang,S. aureus | Linezolid,S. aureus,Linezolid,other,0,0,44563,6,FALSE,3,Inland surveillance-gap belt
Heilongjiang,S. aureus | Nitrofurantoin,S. aureus,Nitrofurantoin,other,1.696113107113872,-0.18187835812568687,2830,6,FALSE,3,Inland surveillance-gap belt
Heilongjiang,S. aureus | Oxacillin,S. aureus,Oxacillin,other,18.532159409132458,1.938965916633606,40999,6,FALSE,3,Inland surveillance-gap belt
Heilongjiang,S. aureus | Penicillin G,S. aureus,Penicillin G,other,85.75016209681903,-0.6315827369689941,43004,6,FALSE,3,Inland surveillance-gap belt
Heilongjiang,S. aureus | Rifampicin,S. aureus,Rifampicin,other,2.632401525429304,-0.866013765335083,44788,6,FALSE,3,Inland surveillance-gap belt
Heilongjiang,S. aureus | Teicoplanin,S. aureus,Teicoplanin,other,0,0,26187,6,FALSE,3,Inland surveillance-gap belt
Heilongjiang,S. aureus | Tetracycline,S. aureus,Tetracycline,tetracyclines,16.310933350592663,-2.9819458723068237,32187,6,FALSE,3,Inland surveillance-gap belt
Heilongjiang,S. aureus | Vancomycin,S. aureus,Vancomycin,other,0,0,44629,6,FALSE,3,Inland surveillance-gap belt
Henan,A. baumannii | Amikacin,A. baumannii,Amikacin,aminoglycosides,58.230945443589455,-7.952243089675903,76832,6,FALSE,1,Eastern production-infrastructure belt
Henan,A. baumannii | Aztreonam,A. baumannii,Aztreonam,other,88.35934408705884,-4.62375283241272,27361,6,FALSE,1,Eastern production-infrastructure belt
Henan,A. baumannii | Cefepime,A. baumannii,Cefepime,cephalosporins,70.97335777622634,-9.887731075286865,79272,6,FALSE,1,Eastern production-infrastructure belt
Henan,A. baumannii | Cefotaxime,A. baumannii,Cefotaxime,cephalosporins,80.1493614035102,-5.655002593994141,29057,6,FALSE,1,Eastern production-infrastructure belt
Henan,A. baumannii | Ceftazidime,A. baumannii,Ceftazidime,cephalosporins,74.38988130982439,-9.637904167175293,80886,6,FALSE,1,Eastern production-infrastructure belt
Henan,A. baumannii | Ceftriaxone,A. baumannii,Ceftriaxone,cephalosporins,70.94915507337332,-15.201014280319214,24643,6,FALSE,1,Eastern production-infrastructure belt
Henan,A. baumannii | Ciprofloxacin,A. baumannii,Ciprofloxacin,fluoroquinolones,75.25583556462855,-9.156793355941772,79348,6,FALSE,1,Eastern production-infrastructure belt
Henan,A. baumannii | Gentamicin,A. baumannii,Gentamicin,aminoglycosides,71.12061115773153,-12.069964408874512,54506,6,FALSE,1,Eastern production-infrastructure belt
Henan,A. baumannii | Imipenem,A. baumannii,Imipenem,carbapenems,74.09683021981071,-7.670527696609497,78446,6,FALSE,1,Eastern production-infrastructure belt
Henan,A. baumannii | Levofloxacin,A. baumannii,Levofloxacin,fluoroquinolones,67.77374945231446,-4.9089133739471436,80813,6,TRUE,1,Eastern production-infrastructure belt
Henan,A. baumannii | Meropenem,A. baumannii,Meropenem,carbapenems,73.75766283296906,-5.650317668914795,77817,6,FALSE,1,Eastern production-infrastructure belt
Henan,A. baumannii | Minocycline,A. baumannii,Minocycline,other,15.388729156988239,-2.4005889892578107,54228,6,FALSE,1,Eastern production-infrastructure belt
Henan,A. baumannii | Polymyxin B,A. baumannii,Polymyxin B,other,1.1594053509128812,0.10665487498044979,38813,6,FALSE,1,Eastern production-infrastructure belt
Henan,A. baumannii | Tigecycline,A. baumannii,Tigecycline,tetracyclines,4.398225733764335,3.593628481030464,47792,6,FALSE,1,Eastern production-infrastructure belt
Henan,A. baumannii | Tobramycin,A. baumannii,Tobramycin,aminoglycosides,65.5485882256183,-10.429239273071289,50712,6,FALSE,1,Eastern production-infrastructure belt
Henan,E. coli | Amikacin,E. coli,Amikacin,aminoglycosides,4.141846390827772,3.0848585069179535,214542,6,FALSE,1,Eastern production-infrastructure belt
Henan,E. coli | Ampicillin,E. coli,Ampicillin,other,86.45684087536021,-1.3314902782440186,189173,6,FALSE,1,Eastern production-infrastructure belt
Henan,E. coli | Aztreonam,E. coli,Aztreonam,other,35.80460473991347,-9.400832653045654,173352,6,FALSE,1,Eastern production-infrastructure belt
Henan,E. coli | Cefazolin,E. coli,Cefazolin,cephalosporins,69.79012434760858,-4.84318733215332,70947,6,FALSE,1,Eastern production-infrastructure belt
Henan,E. coli | Cefepime,E. coli,Cefepime,cephalosporins,34.109359974964505,-3.2641440629959106,226152,6,FALSE,1,Eastern production-infrastructure belt
Henan,E. coli | Cefotaxime,E. coli,Cefotaxime,cephalosporins,56.12108334546547,-9.158653020858772,91969,6,FALSE,1,Eastern production-infrastructure belt
Henan,E. coli | Cefotetan,E. coli,Cefotetan,cephalosporins,4.160835393816713,-3.455607034265995,45015,6,FALSE,1,Eastern production-infrastructure belt
Henan,E. coli | Cefoxitin,E. coli,Cefoxitin,cephalosporins,11.798207930869197,-0.7840558886528015,112373,6,FALSE,1,Eastern production-infrastructure belt
Henan,E. coli | Ceftazidime,E. coli,Ceftazidime,cephalosporins,26.840522809947615,-6.688156723976135,235137,6,FALSE,1,Eastern production-infrastructure belt
Henan,E. coli | Ceftriaxone,E. coli,Ceftriaxone,cephalosporins,54.83854419545769,-8.20610523223877,136446,6,FALSE,1,Eastern production-infrastructure belt
Henan,E. coli | Cefuroxime,E. coli,Cefuroxime,cephalosporins,57.52931900578625,-7.601368427276611,200204,6,FALSE,1,Eastern production-infrastructure belt
Henan,E. coli | Chloramphenicol,E. coli,Chloramphenicol,other,25.945045100497705,-2.406325936317444,85234,6,FALSE,1,Eastern production-infrastructure belt
Henan,E. coli | Ciprofloxacin,E. coli,Ciprofloxacin,fluoroquinolones,59.16277459685934,-5.676305294036865,212010,6,TRUE,1,Eastern production-infrastructure belt
Henan,E. coli | Ertapenem,E. coli,Ertapenem,carbapenems,2.2786485334954354,-1.1024042963981628,48362,6,FALSE,1,Eastern production-infrastructure belt
Henan,E. coli | Gentamicin,E. coli,Gentamicin,aminoglycosides,39.76949117862658,-8.993884921073914,177694,6,FALSE,1,Eastern production-infrastructure belt
Henan,E. coli | Imipenem,E. coli,Imipenem,carbapenems,1.9212702274559115,-0.8342072367668152,226725,6,FALSE,1,Eastern production-infrastructure belt
Henan,E. coli | Levofloxacin,E. coli,Levofloxacin,fluoroquinolones,55.88833763031635,-4.184079170227051,225539,6,TRUE,1,Eastern production-infrastructure belt
Henan,E. coli | Meropenem,E. coli,Meropenem,carbapenems,1.9871777022882524,-0.595189072191715,213066,6,FALSE,1,Eastern production-infrastructure belt
Henan,E. coli | Nitrofurantoin,E. coli,Nitrofurantoin,other,3.1154126967279643,0.16230493783950806,27380,6,FALSE,1,Eastern production-infrastructure belt
Henan,E. coli | Polymyxin B,E. coli,Polymyxin B,other,0.7768270243748678,NA,69771,4,FALSE,1,Eastern production-infrastructure belt
Henan,E. coli | Tigecycline,E. coli,Tigecycline,tetracyclines,0.17715899593802797,-0.10369707597419617,95959,6,FALSE,1,Eastern production-infrastructure belt
Henan,E. coli | Tobramycin,E. coli,Tobramycin,aminoglycosides,23.476421126758662,14.98274356126785,115337,6,FALSE,1,Eastern production-infrastructure belt
Henan,K. pneumoniae | Amikacin,K. pneumoniae,Amikacin,aminoglycosides,19.657968827243838,-15.317434072494507,175832,6,FALSE,1,Eastern production-infrastructure belt
Henan,K. pneumoniae | Ampicillin,K. pneumoniae,Ampicillin,other,95.4104476598811,0.5941152572631836,121733,6,FALSE,1,Eastern production-infrastructure belt
Henan,K. pneumoniae | Aztreonam,K. pneumoniae,Aztreonam,other,38.03198699091336,-18.61703097820282,140558,6,FALSE,1,Eastern production-infrastructure belt
Henan,K. pneumoniae | Cefazolin,K. pneumoniae,Cefazolin,cephalosporins,45.506793500926996,-21.19908034801483,122841,6,FALSE,1,Eastern production-infrastructure belt
Henan,K. pneumoniae | Cefepime,K. pneumoniae,Cefepime,cephalosporins,34.23122599967709,-14.702680706977844,184729,6,FALSE,1,Eastern production-infrastructure belt
Henan,K. pneumoniae | Cefotaxime,K. pneumoniae,Cefotaxime,cephalosporins,42.21489858337636,-18.48650574684143,74649,6,FALSE,1,Eastern production-infrastructure belt
Henan,K. pneumoniae | Cefotetan,K. pneumoniae,Cefotetan,cephalosporins,18.238934684031516,-25.532551109790802,31992,6,FALSE,1,Eastern production-infrastructure belt
Henan,K. pneumoniae | Cefoxitin,K. pneumoniae,Cefoxitin,cephalosporins,26.24350995067002,-13.128085434436798,97064,6,FALSE,1,Eastern production-infrastructure belt
Henan,K. pneumoniae | Ceftazidime,K. pneumoniae,Ceftazidime,cephalosporins,34.112047206489734,-16.2952333688736,192026,6,FALSE,1,Eastern production-infrastructure belt
Henan,K. pneumoniae | Ceftriaxone,K. pneumoniae,Ceftriaxone,cephalosporins,39.94405029919155,-17.866715788841248,115817,6,FALSE,1,Eastern production-infrastructure belt
Henan,K. pneumoniae | Cefuroxime,K. pneumoniae,Cefuroxime,cephalosporins,43.364297866823485,-12.693363428115845,162982,6,FALSE,1,Eastern production-infrastructure belt
Henan,K. pneumoniae | Chloramphenicol,K. pneumoniae,Chloramphenicol,other,26.629222725463016,-10.548536479473114,101306,6,FALSE,1,Eastern production-infrastructure belt
Henan,K. pneumoniae | Ciprofloxacin,K. pneumoniae,Ciprofloxacin,fluoroquinolones,34.33755418437576,-18.385455012321472,176588,6,TRUE,1,Eastern production-infrastructure belt
Henan,K. pneumoniae | Ertapenem,K. pneumoniae,Ertapenem,carbapenems,21.26147230711861,-24.751757085323334,36719,6,FALSE,1,Eastern production-infrastructure belt
Henan,K. pneumoniae | Gentamicin,K. pneumoniae,Gentamicin,aminoglycosides,28.64756231412267,-20.63545286655426,144857,6,FALSE,1,Eastern production-infrastructure belt
Henan,K. pneumoniae | Imipenem,K. pneumoniae,Imipenem,carbapenems,21.970975834156537,-15.17341434955597,185431,6,FALSE,1,Eastern production-infrastructure belt
Henan,K. pneumoniae | Levofloxacin,K. pneumoniae,Levofloxacin,fluoroquinolones,31.62328088256633,-17.203080654144294,185199,6,TRUE,1,Eastern production-infrastructure belt
Henan,K. pneumoniae | Meropenem,K. pneumoniae,Meropenem,carbapenems,21.60714340762719,-10.382485389709473,179399,6,FALSE,1,Eastern production-infrastructure belt
Henan,K. pneumoniae | Nitrofurantoin,K. pneumoniae,Nitrofurantoin,other,35.199144839826225,-24.908116459846497,18705,6,FALSE,1,Eastern production-infrastructure belt
Henan,K. pneumoniae | Polymyxin B,K. pneumoniae,Polymyxin B,other,2.821128482190383,NA,58310,4,FALSE,1,Eastern production-infrastructure belt
Henan,K. pneumoniae | Tigecycline,K. pneumoniae,Tigecycline,tetracyclines,3.6638252837579888,2.6959704235196114,86931,6,FALSE,1,Eastern production-infrastructure belt
Henan,K. pneumoniae | Tobramycin,K. pneumoniae,Tobramycin,aminoglycosides,25.79598454675044,-14.53489065170288,98620,6,FALSE,1,Eastern production-infrastructure belt
Henan,P. aeruginosa | Amikacin,P. aeruginosa,Amikacin,aminoglycosides,5.525509478031097,-6.615631654858589,97258,6,FALSE,1,Eastern production-infrastructure belt
Henan,P. aeruginosa | Aztreonam,P. aeruginosa,Aztreonam,other,19.690406633496252,-6.235203146934513,95803,6,FALSE,1,Eastern production-infrastructure belt
Henan,P. aeruginosa | Cefepime,P. aeruginosa,Cefepime,cephalosporins,10.421513454534002,-6.724995374679565,98431,6,FALSE,1,Eastern production-infrastructure belt
Henan,P. aeruginosa | Ceftazidime,P. aeruginosa,Ceftazidime,cephalosporins,14.530624395730003,-5.766139924526216,101145,6,FALSE,1,Eastern production-infrastructure belt
Henan,P. aeruginosa | Ciprofloxacin,P. aeruginosa,Ciprofloxacin,fluoroquinolones,14.502650705422969,-9.116250276565552,100161,6,TRUE,1,Eastern production-infrastructure belt
Henan,P. aeruginosa | Gentamicin,P. aeruginosa,Gentamicin,aminoglycosides,10.472118763408043,-8.782262355089188,76718,6,FALSE,1,Eastern production-infrastructure belt
Henan,P. aeruginosa | Imipenem,P. aeruginosa,Imipenem,carbapenems,18.706430309331633,-6.527814269065857,98549,6,FALSE,1,Eastern production-infrastructure belt
Henan,P. aeruginosa | Levofloxacin,P. aeruginosa,Levofloxacin,fluoroquinolones,16.177457562180443,-9.079207479953766,99855,6,FALSE,1,Eastern production-infrastructure belt
Henan,P. aeruginosa | Meropenem,P. aeruginosa,Meropenem,carbapenems,15.200947963574613,-5.092318356037138,101270,6,FALSE,1,Eastern production-infrastructure belt
Henan,P. aeruginosa | Piperacillin,P. aeruginosa,Piperacillin,other,17.512679155337118,-2.663995325565338,69601,6,FALSE,1,Eastern production-infrastructure belt
Henan,P. aeruginosa | Polymyxin B,P. aeruginosa,Polymyxin B,other,0.9801274776217154,-0.16511492431163788,48157,6,FALSE,1,Eastern production-infrastructure belt
Henan,P. aeruginosa | Tobramycin,P. aeruginosa,Tobramycin,aminoglycosides,9.488888114993744,-6.198589503765108,76089,6,FALSE,1,Eastern production-infrastructure belt
Henan,S. aureus | Amikacin,S. aureus,Amikacin,aminoglycosides,3.11555452644825,NA,4301,1,FALSE,1,Eastern production-infrastructure belt
Henan,S. aureus | Cefoxitin,S. aureus,Cefoxitin,cephalosporins,33.263129282112715,4.88893985748291,52229,6,FALSE,1,Eastern production-infrastructure belt
Henan,S. aureus | Chloramphenicol,S. aureus,Chloramphenicol,other,5.8999813137543535,0.5807641893625259,32034,6,FALSE,1,Eastern production-infrastructure belt
Henan,S. aureus | Ciprofloxacin,S. aureus,Ciprofloxacin,fluoroquinolones,12.974025045847666,-2.9443711042404175,59596,6,FALSE,1,Eastern production-infrastructure belt
Henan,S. aureus | Clindamycin,S. aureus,Clindamycin,other,46.04138272159396,-7.295820116996765,92065,6,FALSE,1,Eastern production-infrastructure belt
Henan,S. aureus | Erythromycin,S. aureus,Erythromycin,macrolides,69.39040113061262,-3.9450466632843018,94931,6,TRUE,1,Eastern production-infrastructure belt
Henan,S. aureus | Gentamicin,S. aureus,Gentamicin,aminoglycosides,11.636016941646515,-4.861240833997726,95488,6,FALSE,1,Eastern production-infrastructure belt
Henan,S. aureus | Levofloxacin,S. aureus,Levofloxacin,fluoroquinolones,13.639479115123898,-0.7024198770523089,83163,6,FALSE,1,Eastern production-infrastructure belt
Henan,S. aureus | Linezolid,S. aureus,Linezolid,other,0,0,95524,6,FALSE,1,Eastern production-infrastructure belt
Henan,S. aureus | Nitrofurantoin,S. aureus,Nitrofurantoin,other,1.464369956060699,5.377278849482536,22467,6,FALSE,1,Eastern production-infrastructure belt
Henan,S. aureus | Oxacillin,S. aureus,Oxacillin,other,33.09024313713536,3.3645153045654297,95575,6,FALSE,1,Eastern production-infrastructure belt
Henan,S. aureus | Penicillin G,S. aureus,Penicillin G,other,94.69384276653005,-0.6546556949615621,93514,6,FALSE,1,Eastern production-infrastructure belt
Henan,S. aureus | Rifampicin,S. aureus,Rifampicin,other,2.6305046579260125,-2.58007375523448,95533,6,FALSE,1,Eastern production-infrastructure belt
Henan,S. aureus | Teicoplanin,S. aureus,Teicoplanin,other,0,0,61599,6,FALSE,1,Eastern production-infrastructure belt
Henan,S. aureus | Tetracycline,S. aureus,Tetracycline,tetracyclines,19.728042191576503,-6.3698649406433105,81042,6,FALSE,1,Eastern production-infrastructure belt
Henan,S. aureus | Vancomycin,S. aureus,Vancomycin,other,0,0,95865,6,FALSE,1,Eastern production-infrastructure belt
Hubei,A. baumannii | Amikacin,A. baumannii,Amikacin,aminoglycosides,48.18424407030739,-6.811496615409858,41966,6,FALSE,1,Eastern production-infrastructure belt
Hubei,A. baumannii | Aztreonam,A. baumannii,Aztreonam,other,83.21060355001065,15.317350625991835,3395,6,FALSE,1,Eastern production-infrastructure belt
Hubei,A. baumannii | Cefepime,A. baumannii,Cefepime,cephalosporins,60.33243990327548,-10.712718963623047,54145,6,FALSE,1,Eastern production-infrastructure belt
Hubei,A. baumannii | Cefotaxime,A. baumannii,Cefotaxime,cephalosporins,57.79178688034817,-13.140839338302612,10787,6,FALSE,1,Eastern production-infrastructure belt
Hubei,A. baumannii | Ceftazidime,A. baumannii,Ceftazidime,cephalosporins,62.01418334208135,-7.08433985710144,50482,6,FALSE,1,Eastern production-infrastructure belt
Hubei,A. baumannii | Ceftriaxone,A. baumannii,Ceftriaxone,cephalosporins,64.62242058647948,-6.8922460079193115,19241,6,FALSE,1,Eastern production-infrastructure belt
Hubei,A. baumannii | Ciprofloxacin,A. baumannii,Ciprofloxacin,fluoroquinolones,64.47721184532746,-8.318507671356201,52220,6,FALSE,1,Eastern production-infrastructure belt
Hubei,A. baumannii | Gentamicin,A. baumannii,Gentamicin,aminoglycosides,63.59781418921648,-13.949894905090332,40091,6,FALSE,1,Eastern production-infrastructure belt
Hubei,A. baumannii | Imipenem,A. baumannii,Imipenem,carbapenems,62.68965349180577,-7.777464389801025,54178,6,FALSE,1,Eastern production-infrastructure belt
Hubei,A. baumannii | Levofloxacin,A. baumannii,Levofloxacin,fluoroquinolones,56.18370562018732,-10.333985090255737,53738,6,TRUE,1,Eastern production-infrastructure belt
Hubei,A. baumannii | Meropenem,A. baumannii,Meropenem,carbapenems,62.48654170385098,-6.653809547424316,46442,6,FALSE,1,Eastern production-infrastructure belt
Hubei,A. baumannii | Minocycline,A. baumannii,Minocycline,other,16.420074829240626,-15.252341330051422,40688,6,FALSE,1,Eastern production-infrastructure belt
Hubei,A. baumannii | Polymyxin B,A. baumannii,Polymyxin B,other,1.696027447607978,-1.6218585893511772,19811,6,FALSE,1,Eastern production-infrastructure belt
Hubei,A. baumannii | Tigecycline,A. baumannii,Tigecycline,tetracyclines,4.100946313789467,-0.14317035675048828,19337,6,FALSE,1,Eastern production-infrastructure belt
Hubei,A. baumannii | Tobramycin,A. baumannii,Tobramycin,aminoglycosides,57.57377027128152,-12.49343752861023,28975,6,FALSE,1,Eastern production-infrastructure belt
Hubei,E. coli | Amikacin,E. coli,Amikacin,aminoglycosides,2.2331068167762287,1.6894558444619185,220903,6,FALSE,1,Eastern production-infrastructure belt
Hubei,E. coli | Ampicillin,E. coli,Ampicillin,other,84.69967097065891,-0.5108237266540527,183715,6,FALSE,1,Eastern production-infrastructure belt
Hubei,E. coli | Aztreonam,E. coli,Aztreonam,other,30.444302722768935,-4.076221585273743,167611,6,FALSE,1,Eastern production-infrastructure belt
Hubei,E. coli | Cefazolin,E. coli,Cefazolin,cephalosporins,62.51233124269159,-6.9290876388549805,64872,6,FALSE,1,Eastern production-infrastructure belt
Hubei,E. coli | Cefepime,E. coli,Cefepime,cephalosporins,30.00304030832196,-5.397891998291019,236796,6,FALSE,1,Eastern production-infrastructure belt
Hubei,E. coli | Cefotaxime,E. coli,Cefotaxime,cephalosporins,49.3433176124001,-4.224541783332825,95480,6,FALSE,1,Eastern production-infrastructure belt
Hubei,E. coli | Cefotetan,E. coli,Cefotetan,cephalosporins,1.8649213230770167,0.42184824123978615,25363,6,FALSE,1,Eastern production-infrastructure belt
Hubei,E. coli | Cefoxitin,E. coli,Cefoxitin,cephalosporins,8.507974009219174,-0.43326765298843384,160520,6,FALSE,1,Eastern production-infrastructure belt
Hubei,E. coli | Ceftazidime,E. coli,Ceftazidime,cephalosporins,21.257069310900505,-2.8914570808410645,231109,6,FALSE,1,Eastern production-infrastructure belt
Hubei,E. coli | Ceftriaxone,E. coli,Ceftriaxone,cephalosporins,48.75910288049224,-4.152229428291321,146789,6,FALSE,1,Eastern production-infrastructure belt
Hubei,E. coli | Cefuroxime,E. coli,Cefuroxime,cephalosporins,50.36017841552715,-4.039114713668823,168111,6,FALSE,1,Eastern production-infrastructure belt
Hubei,E. coli | Chloramphenicol,E. coli,Chloramphenicol,other,21.068338942613682,2.025677263736725,72711,6,FALSE,1,Eastern production-infrastructure belt
Hubei,E. coli | Ciprofloxacin,E. coli,Ciprofloxacin,fluoroquinolones,50.96919987142334,0.6204187870025635,173081,6,TRUE,1,Eastern production-infrastructure belt
Hubei,E. coli | Ertapenem,E. coli,Ertapenem,carbapenems,0.8031108208254286,0.37945001386106014,90523,6,FALSE,1,Eastern production-infrastructure belt
Hubei,E. coli | Gentamicin,E. coli,Gentamicin,aminoglycosides,31.495200406668047,-3.8165301084518433,198970,6,FALSE,1,Eastern production-infrastructure belt
Hubei,E. coli | Imipenem,E. coli,Imipenem,carbapenems,1.1606497323435288,-0.40992703288793564,237884,6,FALSE,1,Eastern production-infrastructure belt
Hubei,E. coli | Levofloxacin,E. coli,Levofloxacin,fluoroquinolones,47.60378721611297,2.0551741123199463,229049,6,TRUE,1,Eastern production-infrastructure belt
Hubei,E. coli | Meropenem,E. coli,Meropenem,carbapenems,1.253660711322755,-0.5993286147713659,169025,6,FALSE,1,Eastern production-infrastructure belt
Hubei,E. coli | Nitrofurantoin,E. coli,Nitrofurantoin,other,2.553238955050481,-0.698842853307724,17938,6,FALSE,1,Eastern production-infrastructure belt
Hubei,E. coli | Polymyxin B,E. coli,Polymyxin B,other,1.1052144666476835,NA,20539,4,FALSE,1,Eastern production-infrastructure belt
Hubei,E. coli | Tigecycline,E. coli,Tigecycline,tetracyclines,0.12835289177378983,0.038078014040365815,76352,6,FALSE,1,Eastern production-infrastructure belt
Hubei,E. coli | Tobramycin,E. coli,Tobramycin,aminoglycosides,18.842174095558242,12.91029006242752,82724,6,FALSE,1,Eastern production-infrastructure belt
Hubei,K. pneumoniae | Amikacin,K. pneumoniae,Amikacin,aminoglycosides,10.796079283982571,-2.525504678487776,129158,6,FALSE,1,Eastern production-infrastructure belt
Hubei,K. pneumoniae | Ampicillin,K. pneumoniae,Ampicillin,other,95.91457121123895,1.0073602199554443,62368,6,FALSE,1,Eastern production-infrastructure belt
Hubei,K. pneumoniae | Aztreonam,K. pneumoniae,Aztreonam,other,26.268825494888024,-4.249286651611325,91896,6,FALSE,1,Eastern production-infrastructure belt
Hubei,K. pneumoniae | Cefazolin,K. pneumoniae,Cefazolin,cephalosporins,33.53888871878972,-9.7116619348526,75730,6,FALSE,1,Eastern production-infrastructure belt
Hubei,K. pneumoniae | Cefepime,K. pneumoniae,Cefepime,cephalosporins,23.492097907495108,-5.1152959465980565,137625,6,FALSE,1,Eastern production-infrastructure belt
Hubei,K. pneumoniae | Cefotaxime,K. pneumoniae,Cefotaxime,cephalosporins,28.704970217819227,-6.302604079246521,48995,6,FALSE,1,Eastern production-infrastructure belt
Hubei,K. pneumoniae | Cefotetan,K. pneumoniae,Cefotetan,cephalosporins,6.159152545931562,10.621866770088674,8118,6,FALSE,1,Eastern production-infrastructure belt
Hubei,K. pneumoniae | Cefoxitin,K. pneumoniae,Cefoxitin,cephalosporins,18.76155706809804,-4.035869240760803,100045,6,FALSE,1,Eastern production-infrastructure belt
Hubei,K. pneumoniae | Ceftazidime,K. pneumoniae,Ceftazidime,cephalosporins,22.161005124137002,-3.0687347054481506,131226,6,FALSE,1,Eastern production-infrastructure belt
Hubei,K. pneumoniae | Ceftriaxone,K. pneumoniae,Ceftriaxone,cephalosporins,29.847277450532232,-5.327475070953369,83026,6,FALSE,1,Eastern production-infrastructure belt
Hubei,K. pneumoniae | Cefuroxime,K. pneumoniae,Cefuroxime,cephalosporins,31.565735687850882,-5.098965764045715,98797,6,FALSE,1,Eastern production-infrastructure belt
Hubei,K. pneumoniae | Chloramphenicol,K. pneumoniae,Chloramphenicol,other,23.516778977011345,-5.094099044799805,53549,6,FALSE,1,Eastern production-infrastructure belt
Hubei,K. pneumoniae | Ciprofloxacin,K. pneumoniae,Ciprofloxacin,fluoroquinolones,24.29885444561353,-2.625073492527008,101976,6,TRUE,1,Eastern production-infrastructure belt
Hubei,K. pneumoniae | Ertapenem,K. pneumoniae,Ertapenem,carbapenems,7.60144159746141,3.941478207707405,43005,6,FALSE,1,Eastern production-infrastructure belt
Hubei,K. pneumoniae | Gentamicin,K. pneumoniae,Gentamicin,aminoglycosides,20.154404495814546,-5.592454969882965,111266,6,FALSE,1,Eastern production-infrastructure belt
Hubei,K. pneumoniae | Imipenem,K. pneumoniae,Imipenem,carbapenems,11.20627765674879,-2.8024062514305133,137887,6,FALSE,1,Eastern production-infrastructure belt
Hubei,K. pneumoniae | Levofloxacin,K. pneumoniae,Levofloxacin,fluoroquinolones,21.187066209097402,-3.309163451194763,132798,6,TRUE,1,Eastern production-infrastructure belt
Hubei,K. pneumoniae | Meropenem,K. pneumoniae,Meropenem,carbapenems,11.63919681592556,-3.525687009096144,101141,6,FALSE,1,Eastern production-infrastructure belt
Hubei,K. pneumoniae | Nitrofurantoin,K. pneumoniae,Nitrofurantoin,other,24.971493079561736,18.898355960845947,1754,5,FALSE,1,Eastern production-infrastructure belt
Hubei,K. pneumoniae | Polymyxin B,K. pneumoniae,Polymyxin B,other,2.05358199746201,NA,16946,4,FALSE,1,Eastern production-infrastructure belt
Hubei,K. pneumoniae | Tigecycline,K. pneumoniae,Tigecycline,tetracyclines,2.588937705280274,-1.0542608797550204,43879,6,FALSE,1,Eastern production-infrastructure belt
Hubei,K. pneumoniae | Tobramycin,K. pneumoniae,Tobramycin,aminoglycosides,19.490489587413045,3.0871599912643433,46633,6,FALSE,1,Eastern production-infrastructure belt
Hubei,P. aeruginosa | Amikacin,P. aeruginosa,Amikacin,aminoglycosides,3.0349619341430416,-3.0445927754044533,85207,6,FALSE,1,Eastern production-infrastructure belt
Hubei,P. aeruginosa | Aztreonam,P. aeruginosa,Aztreonam,other,15.666624665582201,-2.921879291534424,71847,6,FALSE,1,Eastern production-infrastructure belt
Hubei,P. aeruginosa | Cefepime,P. aeruginosa,Cefepime,cephalosporins,8.093010130715424,-3.777654469013214,91474,6,FALSE,1,Eastern production-infrastructure belt
Hubei,P. aeruginosa | Ceftazidime,P. aeruginosa,Ceftazidime,cephalosporins,11.003182838133343,-2.695035934448242,90801,6,FALSE,1,Eastern production-infrastructure belt
Hubei,P. aeruginosa | Ciprofloxacin,P. aeruginosa,Ciprofloxacin,fluoroquinolones,9.89909236112284,-4.251806437969208,90776,6,TRUE,1,Eastern production-infrastructure belt
Hubei,P. aeruginosa | Gentamicin,P. aeruginosa,Gentamicin,aminoglycosides,6.853092325220767,-4.141172021627426,64190,6,FALSE,1,Eastern production-infrastructure belt
Hubei,P. aeruginosa | Imipenem,P. aeruginosa,Imipenem,carbapenems,13.148728221456414,-3.1284764409065247,91294,6,FALSE,1,Eastern production-infrastructure belt
Hubei,P. aeruginosa | Levofloxacin,P. aeruginosa,Levofloxacin,fluoroquinolones,12.316885874810906,-5.172266811132431,91200,6,FALSE,1,Eastern production-infrastructure belt
Hubei,P. aeruginosa | Meropenem,P. aeruginosa,Meropenem,carbapenems,10.477241652662459,-0.6550386548042297,86979,6,FALSE,1,Eastern production-infrastructure belt
Hubei,P. aeruginosa | Piperacillin,P. aeruginosa,Piperacillin,other,12.928226319921926,-0.32939016819000244,62321,6,FALSE,1,Eastern production-infrastructure belt
Hubei,P. aeruginosa | Polymyxin B,P. aeruginosa,Polymyxin B,other,1.3462803204551779,-0.5165017209947109,25849,6,FALSE,1,Eastern production-infrastructure belt
Hubei,P. aeruginosa | Tobramycin,P. aeruginosa,Tobramycin,aminoglycosides,5.223147061151306,-3.3219043165445328,61036,6,FALSE,1,Eastern production-infrastructure belt
Hubei,S. aureus | Amikacin,S. aureus,Amikacin,aminoglycosides,5.899543315172195,NA,5475,1,FALSE,1,Eastern production-infrastructure belt
Hubei,S. aureus | Cefoxitin,S. aureus,Cefoxitin,cephalosporins,28.439963334460266,-4.478815197944641,56832,6,FALSE,1,Eastern production-infrastructure belt
Hubei,S. aureus | Chloramphenicol,S. aureus,Chloramphenicol,other,4.597615237168048,-0.38936249911785126,26753,6,FALSE,1,Eastern production-infrastructure belt
Hubei,S. aureus | Ciprofloxacin,S. aureus,Ciprofloxacin,fluoroquinolones,17.62418047034679,-3.792327642440796,53994,6,FALSE,1,Eastern production-infrastructure belt
Hubei,S. aureus | Clindamycin,S. aureus,Clindamycin,other,30.495397151243747,-6.8397194147109985,111466,6,FALSE,1,Eastern production-infrastructure belt
Hubei,S. aureus | Erythromycin,S. aureus,Erythromycin,macrolides,54.075416244945544,-7.035040855407715,113105,6,TRUE,1,Eastern production-infrastructure belt
Hubei,S. aureus | Gentamicin,S. aureus,Gentamicin,aminoglycosides,11.264909267132646,-6.419793516397476,113352,6,FALSE,1,Eastern production-infrastructure belt
Hubei,S. aureus | Levofloxacin,S. aureus,Levofloxacin,fluoroquinolones,15.755489883372537,-2.5775656104087847,86573,6,FALSE,1,Eastern production-infrastructure belt
Hubei,S. aureus | Linezolid,S. aureus,Linezolid,other,0,0,113638,6,FALSE,1,Eastern production-infrastructure belt
Hubei,S. aureus | Nitrofurantoin,S. aureus,Nitrofurantoin,other,0.2581455439822911,-0.022247666493058205,14333,6,FALSE,1,Eastern production-infrastructure belt
Hubei,S. aureus | Oxacillin,S. aureus,Oxacillin,other,25.247100600228173,-2.526359260082245,91056,6,FALSE,1,Eastern production-infrastructure belt
Hubei,S. aureus | Penicillin G,S. aureus,Penicillin G,other,92.74134267957044,-1.619428396225004,110351,6,FALSE,1,Eastern production-infrastructure belt
Hubei,S. aureus | Rifampicin,S. aureus,Rifampicin,other,2.452179558796357,-1.9464259967207909,101787,6,FALSE,1,Eastern production-infrastructure belt
Hubei,S. aureus | Teicoplanin,S. aureus,Teicoplanin,other,0,0,69631,6,FALSE,1,Eastern production-infrastructure belt
Hubei,S. aureus | Tetracycline,S. aureus,Tetracycline,tetracyclines,17.13713293474159,-6.707529723644257,60897,6,FALSE,1,Eastern production-infrastructure belt
Hubei,S. aureus | Vancomycin,S. aureus,Vancomycin,other,0,0,112860,6,FALSE,1,Eastern production-infrastructure belt
Hunan,A. baumannii | Amikacin,A. baumannii,Amikacin,aminoglycosides,39.34588300083598,-2.982693910598755,47545,6,FALSE,1,Eastern production-infrastructure belt
Hunan,A. baumannii | Aztreonam,A. baumannii,Aztreonam,other,73.15210393594792,-1.1908650398254395,26449,6,FALSE,1,Eastern production-infrastructure belt
Hunan,A. baumannii | Cefepime,A. baumannii,Cefepime,cephalosporins,54.230480420714315,-3.5361647605895996,94611,6,FALSE,1,Eastern production-infrastructure belt
Hunan,A. baumannii | Cefotaxime,A. baumannii,Cefotaxime,cephalosporins,49.375488178093484,-11.51811778545379,2562,6,FALSE,1,Eastern production-infrastructure belt
Hunan,A. baumannii | Ceftazidime,A. baumannii,Ceftazidime,cephalosporins,57.125710524335695,-2.7224957942962575,91640,6,FALSE,1,Eastern production-infrastructure belt
Hunan,A. baumannii | Ceftriaxone,A. baumannii,Ceftriaxone,cephalosporins,56.51087766761512,-8.776956796646118,39626,6,FALSE,1,Eastern production-infrastructure belt
Hunan,A. baumannii | Ciprofloxacin,A. baumannii,Ciprofloxacin,fluoroquinolones,59.40969393866243,-5.305826663970947,78366,6,FALSE,1,Eastern production-infrastructure belt
Hunan,A. baumannii | Gentamicin,A. baumannii,Gentamicin,aminoglycosides,51.09382503703569,-9.870544075965881,48591,6,FALSE,1,Eastern production-infrastructure belt
Hunan,A. baumannii | Imipenem,A. baumannii,Imipenem,carbapenems,58.332795319443576,-1.8522024154663086,77435,6,FALSE,1,Eastern production-infrastructure belt
Hunan,A. baumannii | Levofloxacin,A. baumannii,Levofloxacin,fluoroquinolones,47.90474983321777,7.193368673324585,95287,6,TRUE,1,Eastern production-infrastructure belt
Hunan,A. baumannii | Meropenem,A. baumannii,Meropenem,carbapenems,58.70212985539945,-2.992027997970581,72827,6,FALSE,1,Eastern production-infrastructure belt
Hunan,A. baumannii | Minocycline,A. baumannii,Minocycline,other,14.291325912641103,-0.8483737707138097,71281,6,FALSE,1,Eastern production-infrastructure belt
Hunan,A. baumannii | Polymyxin B,A. baumannii,Polymyxin B,other,1.2907092924695927,0.16184905543923378,25025,6,FALSE,1,Eastern production-infrastructure belt
Hunan,A. baumannii | Tigecycline,A. baumannii,Tigecycline,tetracyclines,3.552348196422306,-0.6191067397594456,71502,6,FALSE,1,Eastern production-infrastructure belt
Hunan,A. baumannii | Tobramycin,A. baumannii,Tobramycin,aminoglycosides,48.349554213305574,-10.000604391098022,68224,6,FALSE,1,Eastern production-infrastructure belt
Hunan,E. coli | Amikacin,E. coli,Amikacin,aminoglycosides,1.7874980536284426,1.291925087571144,256280,6,FALSE,1,Eastern production-infrastructure belt
Hunan,E. coli | Ampicillin,E. coli,Ampicillin,other,83.43435288498458,-4.366910457611084,147661,6,FALSE,1,Eastern production-infrastructure belt
Hunan,E. coli | Aztreonam,E. coli,Aztreonam,other,30.23802185588331,-6.425639986991882,165153,6,FALSE,1,Eastern production-infrastructure belt
Hunan,E. coli | Cefazolin,E. coli,Cefazolin,cephalosporins,59.41419926197286,-7.954871654510498,48549,6,FALSE,1,Eastern production-infrastructure belt
Hunan,E. coli | Cefepime,E. coli,Cefepime,cephalosporins,23.7093558136495,-0.5827173590660095,261846,6,FALSE,1,Eastern production-infrastructure belt
Hunan,E. coli | Cefotaxime,E. coli,Cefotaxime,cephalosporins,48.09402789577124,-7.152664661407471,14166,6,FALSE,1,Eastern production-infrastructure belt
Hunan,E. coli | Cefotetan,E. coli,Cefotetan,cephalosporins,2.159162211129024,-0.300429947674274,50992,6,FALSE,1,Eastern production-infrastructure belt
Hunan,E. coli | Cefoxitin,E. coli,Cefoxitin,cephalosporins,10.72527075844682,-3.1508028507232666,152481,6,FALSE,1,Eastern production-infrastructure belt
Hunan,E. coli | Ceftazidime,E. coli,Ceftazidime,cephalosporins,20.620038754529276,-5.0306156277656555,255984,6,FALSE,1,Eastern production-infrastructure belt
Hunan,E. coli | Ceftriaxone,E. coli,Ceftriaxone,cephalosporins,48.11388555761111,-5.608269572257996,220082,6,FALSE,1,Eastern production-infrastructure belt
Hunan,E. coli | Cefuroxime,E. coli,Cefuroxime,cephalosporins,48.45983668170485,-4.708245396614068,151445,6,FALSE,1,Eastern production-infrastructure belt
Hunan,E. coli | Chloramphenicol,E. coli,Chloramphenicol,other,25.857082503463054,0.44591426849365234,28352,6,FALSE,1,Eastern production-infrastructure belt
Hunan,E. coli | Ciprofloxacin,E. coli,Ciprofloxacin,fluoroquinolones,44.718382824960734,0.12426972389221191,124886,6,TRUE,1,Eastern production-infrastructure belt
Hunan,E. coli | Ertapenem,E. coli,Ertapenem,carbapenems,1.3603665071043363,0.006018113344907761,156943,6,FALSE,1,Eastern production-infrastructure belt
Hunan,E. coli | Gentamicin,E. coli,Gentamicin,aminoglycosides,29.97953872346238,-3.811657428741455,169589,6,FALSE,1,Eastern production-infrastructure belt
Hunan,E. coli | Imipenem,E. coli,Imipenem,carbapenems,1.3676507443373844,-0.4695612937211986,227251,6,FALSE,1,Eastern production-infrastructure belt
Hunan,E. coli | Levofloxacin,E. coli,Levofloxacin,fluoroquinolones,40.37928263031492,0.1335054636001587,264710,6,TRUE,1,Eastern production-infrastructure belt
Hunan,E. coli | Meropenem,E. coli,Meropenem,carbapenems,1.682412753066436,-0.36004409193992615,125534,6,FALSE,1,Eastern production-infrastructure belt
Hunan,E. coli | Nitrofurantoin,E. coli,Nitrofurantoin,other,3.9395503360477004,-0.15000402927398682,91051,6,FALSE,1,Eastern production-infrastructure belt
Hunan,E. coli | Polymyxin B,E. coli,Polymyxin B,other,1.2936507961657344,NA,25200,4,FALSE,1,Eastern production-infrastructure belt
Hunan,E. coli | Tigecycline,E. coli,Tigecycline,tetracyclines,0.227083690140557,0.15321567188948393,151486,6,FALSE,1,Eastern production-infrastructure belt
Hunan,E. coli | Tobramycin,E. coli,Tobramycin,aminoglycosides,14.408147224137563,18.665797263383865,107814,6,FALSE,1,Eastern production-infrastructure belt
Hunan,K. pneumoniae | Amikacin,K. pneumoniae,Amikacin,aminoglycosides,9.262557742688696,1.984953135251999,186957,6,FALSE,1,Eastern production-infrastructure belt
Hunan,K. pneumoniae | Ampicillin,K. pneumoniae,Ampicillin,other,92.36087758074555,-2.663439512252822,97917,6,FALSE,1,Eastern production-infrastructure belt
Hunan,K. pneumoniae | Aztreonam,K. pneumoniae,Aztreonam,other,28.1664234075773,-4.9245089292526245,126136,6,FALSE,1,Eastern production-infrastructure belt
Hunan,K. pneumoniae | Cefazolin,K. pneumoniae,Cefazolin,cephalosporins,35.740941391241364,-11.782264709472656,73960,6,FALSE,1,Eastern production-infrastructure belt
Hunan,K. pneumoniae | Cefepime,K. pneumoniae,Cefepime,cephalosporins,22.65760574411651,-2.595721185207367,193648,6,FALSE,1,Eastern production-infrastructure belt
Hunan,K. pneumoniae | Cefotaxime,K. pneumoniae,Cefotaxime,cephalosporins,23.82214097399442,-2.496472001075748,12077,6,FALSE,1,Eastern production-infrastructure belt
Hunan,K. pneumoniae | Cefotetan,K. pneumoniae,Cefotetan,cephalosporins,8.58944349856204,0.8623786270618421,26486,6,FALSE,1,Eastern production-infrastructure belt
Hunan,K. pneumoniae | Cefoxitin,K. pneumoniae,Cefoxitin,cephalosporins,20.109557244082993,-5.818608403205872,116651,6,FALSE,1,Eastern production-infrastructure belt
Hunan,K. pneumoniae | Ceftazidime,K. pneumoniae,Ceftazidime,cephalosporins,23.045153931520666,-4.207359254360199,188378,6,FALSE,1,Eastern production-infrastructure belt
Hunan,K. pneumoniae | Ceftriaxone,K. pneumoniae,Ceftriaxone,cephalosporins,31.033965273239847,-9.807854890823364,146678,6,FALSE,1,Eastern production-infrastructure belt
Hunan,K. pneumoniae | Cefuroxime,K. pneumoniae,Cefuroxime,cephalosporins,32.771488899826004,-8.276963233947754,117233,6,FALSE,1,Eastern production-infrastructure belt
Hunan,K. pneumoniae | Chloramphenicol,K. pneumoniae,Chloramphenicol,other,25.898654546890395,-0.29425323009490967,27569,6,FALSE,1,Eastern production-infrastructure belt
Hunan,K. pneumoniae | Ciprofloxacin,K. pneumoniae,Ciprofloxacin,fluoroquinolones,22.58317525209239,-0.7761538028717041,94349,6,TRUE,1,Eastern production-infrastructure belt
Hunan,K. pneumoniae | Ertapenem,K. pneumoniae,Ertapenem,carbapenems,9.344278582545874,0.942007452249527,90633,6,FALSE,1,Eastern production-infrastructure belt
Hunan,K. pneumoniae | Gentamicin,K. pneumoniae,Gentamicin,aminoglycosides,17.803623915810796,-2.811133861541748,122520,6,FALSE,1,Eastern production-infrastructure belt
Hunan,K. pneumoniae | Imipenem,K. pneumoniae,Imipenem,carbapenems,11.638957882093722,1.2387596070766431,160779,6,FALSE,1,Eastern production-infrastructure belt
Hunan,K. pneumoniae | Levofloxacin,K. pneumoniae,Levofloxacin,fluoroquinolones,18.669918492289973,-0.6427973508834839,195582,6,TRUE,1,Eastern production-infrastructure belt
Hunan,K. pneumoniae | Meropenem,K. pneumoniae,Meropenem,carbapenems,14.952289187034888,0.4948377609252912,113287,6,FALSE,1,Eastern production-infrastructure belt
Hunan,K. pneumoniae | Nitrofurantoin,K. pneumoniae,Nitrofurantoin,other,30.264887898225716,-6.582757830619812,57043,6,FALSE,1,Eastern production-infrastructure belt
Hunan,K. pneumoniae | Polymyxin B,K. pneumoniae,Polymyxin B,other,2.3990164995442096,NA,28470,4,FALSE,1,Eastern production-infrastructure belt
Hunan,K. pneumoniae | Tigecycline,K. pneumoniae,Tigecycline,tetracyclines,4.565964258356535,2.4684222415089607,126326,6,FALSE,1,Eastern production-infrastructure belt
Hunan,K. pneumoniae | Tobramycin,K. pneumoniae,Tobramycin,aminoglycosides,16.360008650834256,10.13910174369812,79187,6,FALSE,1,Eastern production-infrastructure belt
Hunan,P. aeruginosa | Amikacin,P. aeruginosa,Amikacin,aminoglycosides,3.511945029724447,-1.925734430551529,103390,6,FALSE,1,Eastern production-infrastructure belt
Hunan,P. aeruginosa | Aztreonam,P. aeruginosa,Aztreonam,other,18.766328502067452,-6.333360075950623,60859,6,FALSE,1,Eastern production-infrastructure belt
Hunan,P. aeruginosa | Cefepime,P. aeruginosa,Cefepime,cephalosporins,8.39537085805055,-4.776427149772644,104641,6,FALSE,1,Eastern production-infrastructure belt
Hunan,P. aeruginosa | Ceftazidime,P. aeruginosa,Ceftazidime,cephalosporins,14.199972783363627,-2.869894355535507,101634,6,FALSE,1,Eastern production-infrastructure belt
Hunan,P. aeruginosa | Ciprofloxacin,P. aeruginosa,Ciprofloxacin,fluoroquinolones,8.523768947735427,-2.661909908056259,99815,6,TRUE,1,Eastern production-infrastructure belt
Hunan,P. aeruginosa | Gentamicin,P. aeruginosa,Gentamicin,aminoglycosides,6.682893195654187,-1.9765891134738922,56697,6,FALSE,1,Eastern production-infrastructure belt
Hunan,P. aeruginosa | Imipenem,P. aeruginosa,Imipenem,carbapenems,15.340252445088284,-1.9772335886955261,84790,6,FALSE,1,Eastern production-infrastructure belt
Hunan,P. aeruginosa | Levofloxacin,P. aeruginosa,Levofloxacin,fluoroquinolones,10.099936405777976,-2.4607568979263306,105367,6,FALSE,1,Eastern production-infrastructure belt
Hunan,P. aeruginosa | Meropenem,P. aeruginosa,Meropenem,carbapenems,12.975493463593878,-4.494302719831467,85569,6,FALSE,1,Eastern production-infrastructure belt
Hunan,P. aeruginosa | Piperacillin,P. aeruginosa,Piperacillin,other,17.72235888880394,-0.540368258953098,42184,6,FALSE,1,Eastern production-infrastructure belt
Hunan,P. aeruginosa | Polymyxin B,P. aeruginosa,Polymyxin B,other,1.2232529251939874,0.8066325448453426,27059,6,FALSE,1,Eastern production-infrastructure belt
Hunan,P. aeruginosa | Tobramycin,P. aeruginosa,Tobramycin,aminoglycosides,5.2742591581886185,0.1769077032804489,84865,6,FALSE,1,Eastern production-infrastructure belt
Hunan,S. aureus | Amikacin,S. aureus,Amikacin,aminoglycosides,2.815662138164043,NA,2273,1,FALSE,1,Eastern production-infrastructure belt
Hunan,S. aureus | Cefoxitin,S. aureus,Cefoxitin,cephalosporins,27.178114036896147,-2.012565732002262,29498,6,FALSE,1,Eastern production-infrastructure belt
Hunan,S. aureus | Chloramphenicol,S. aureus,Chloramphenicol,other,5.184541189348114,0.07513724267482758,12653,6,FALSE,1,Eastern production-infrastructure belt
Hunan,S. aureus | Ciprofloxacin,S. aureus,Ciprofloxacin,fluoroquinolones,10.01656959069789,1.6919456422328967,74836,6,FALSE,1,Eastern production-infrastructure belt
Hunan,S. aureus | Clindamycin,S. aureus,Clindamycin,other,22.866607287556047,-6.556227803230286,118942,6,FALSE,1,Eastern production-infrastructure belt
Hunan,S. aureus | Erythromycin,S. aureus,Erythromycin,macrolides,45.54183097096638,-7.029181718826301,121754,6,TRUE,1,Eastern production-infrastructure belt
Hunan,S. aureus | Gentamicin,S. aureus,Gentamicin,aminoglycosides,6.785064459399773,-1.164933294057846,122018,6,FALSE,1,Eastern production-infrastructure belt
Hunan,S. aureus | Levofloxacin,S. aureus,Levofloxacin,fluoroquinolones,11.770996998514763,1.8211945891380328,117815,6,FALSE,1,Eastern production-infrastructure belt
Hunan,S. aureus | Linezolid,S. aureus,Linezolid,other,0,0,120496,6,FALSE,1,Eastern production-infrastructure belt
Hunan,S. aureus | Nitrofurantoin,S. aureus,Nitrofurantoin,other,1.092782170391059,-0.29121506959199905,62318,6,FALSE,1,Eastern production-infrastructure belt
Hunan,S. aureus | Oxacillin,S. aureus,Oxacillin,other,24.906368742885125,-4.794871807098389,115613,6,FALSE,1,Eastern production-infrastructure belt
Hunan,S. aureus | Penicillin G,S. aureus,Penicillin G,other,91.99683568470651,-1.458108425140395,117516,6,FALSE,1,Eastern production-infrastructure belt
Hunan,S. aureus | Rifampicin,S. aureus,Rifampicin,other,2.132115818355547,-2.025939431041479,119365,6,FALSE,1,Eastern production-infrastructure belt
Hunan,S. aureus | Teicoplanin,S. aureus,Teicoplanin,other,0,0,46475,6,FALSE,1,Eastern production-infrastructure belt
Hunan,S. aureus | Tetracycline,S. aureus,Tetracycline,tetracyclines,23.19357628571865,-3.0230149626731837,100627,6,FALSE,1,Eastern production-infrastructure belt
Hunan,S. aureus | Vancomycin,S. aureus,Vancomycin,other,0,0,120194,6,FALSE,1,Eastern production-infrastructure belt
Inner Mongolia,A. baumannii | Amikacin,A. baumannii,Amikacin,aminoglycosides,39.623426784651095,2.8774529695510864,9613,6,FALSE,3,Inland surveillance-gap belt
Inner Mongolia,A. baumannii | Aztreonam,A. baumannii,Aztreonam,other,58.98345176650136,3.306269645690918,846,6,FALSE,3,Inland surveillance-gap belt
Inner Mongolia,A. baumannii | Cefepime,A. baumannii,Cefepime,cephalosporins,44.443889772669834,-13.264924287796013,20068,6,FALSE,3,Inland surveillance-gap belt
Inner Mongolia,A. baumannii | Cefotaxime,A. baumannii,Cefotaxime,cephalosporins,38.733599506237816,11.407065391540527,1753,6,FALSE,3,Inland surveillance-gap belt
Inner Mongolia,A. baumannii | Ceftazidime,A. baumannii,Ceftazidime,cephalosporins,50.42430399574081,-4.022723436355591,21329,6,FALSE,3,Inland surveillance-gap belt
Inner Mongolia,A. baumannii | Ceftriaxone,A. baumannii,Ceftriaxone,cephalosporins,52.883449567990525,-6.866404414176941,8254,6,FALSE,3,Inland surveillance-gap belt
Inner Mongolia,A. baumannii | Ciprofloxacin,A. baumannii,Ciprofloxacin,fluoroquinolones,54.989456602574585,-4.7798871994018555,20393,6,FALSE,3,Inland surveillance-gap belt
Inner Mongolia,A. baumannii | Gentamicin,A. baumannii,Gentamicin,aminoglycosides,47.12444662010241,-12.25917637348175,10398,6,FALSE,3,Inland surveillance-gap belt
Inner Mongolia,A. baumannii | Imipenem,A. baumannii,Imipenem,carbapenems,51.28774233467289,-4.5722514390945435,21627,6,FALSE,3,Inland surveillance-gap belt
Inner Mongolia,A. baumannii | Levofloxacin,A. baumannii,Levofloxacin,fluoroquinolones,38.47958917311356,-6.555616855621331,22586,6,TRUE,3,Inland surveillance-gap belt
Inner Mongolia,A. baumannii | Meropenem,A. baumannii,Meropenem,carbapenems,54.69935426548197,-4.5734405517578125,15949,6,FALSE,3,Inland surveillance-gap belt
Inner Mongolia,A. baumannii | Minocycline,A. baumannii,Minocycline,other,16.066506724548603,-10.748030245304108,11247,6,FALSE,3,Inland surveillance-gap belt
Inner Mongolia,A. baumannii | Polymyxin B,A. baumannii,Polymyxin B,other,0.7609384962975904,1.3114754110574722,1577,6,FALSE,3,Inland surveillance-gap belt
Inner Mongolia,A. baumannii | Tigecycline,A. baumannii,Tigecycline,tetracyclines,2.8094880190058564,-1.6307717189192767,14629,6,FALSE,3,Inland surveillance-gap belt
Inner Mongolia,A. baumannii | Tobramycin,A. baumannii,Tobramycin,aminoglycosides,42.832547437313764,-13.277667760848999,18005,6,FALSE,3,Inland surveillance-gap belt
Inner Mongolia,E. coli | Amikacin,E. coli,Amikacin,aminoglycosides,2.436213486474675,2.2174570709466934,93711,6,FALSE,3,Inland surveillance-gap belt
Inner Mongolia,E. coli | Ampicillin,E. coli,Ampicillin,other,82.45474942625583,0.13812780380249023,51712,6,FALSE,3,Inland surveillance-gap belt
Inner Mongolia,E. coli | Aztreonam,E. coli,Aztreonam,other,31.15388106817761,0.7198035717010498,54035,6,FALSE,3,Inland surveillance-gap belt
Inner Mongolia,E. coli | Cefazolin,E. coli,Cefazolin,cephalosporins,64.7635857082446,14.432197809219367,9073,6,FALSE,3,Inland surveillance-gap belt
Inner Mongolia,E. coli | Cefepime,E. coli,Cefepime,cephalosporins,21.35876788195403,3.136710822582245,89537,6,FALSE,3,Inland surveillance-gap belt
Inner Mongolia,E. coli | Cefotaxime,E. coli,Cefotaxime,cephalosporins,50.978558711575715,2.196952700614929,13898,6,FALSE,3,Inland surveillance-gap belt
Inner Mongolia,E. coli | Cefotetan,E. coli,Cefotetan,cephalosporins,1.409664045746826,-0.07568662986159325,25538,6,FALSE,3,Inland surveillance-gap belt
Inner Mongolia,E. coli | Cefoxitin,E. coli,Cefoxitin,cephalosporins,11.489546582699699,-0.7197976112365723,59837,6,FALSE,3,Inland surveillance-gap belt
Inner Mongolia,E. coli | Ceftazidime,E. coli,Ceftazidime,cephalosporins,21.05280669311821,-2.3244440555572474,90330,6,FALSE,3,Inland surveillance-gap belt
Inner Mongolia,E. coli | Ceftriaxone,E. coli,Ceftriaxone,cephalosporins,48.88522154248655,0.6138771772384644,86654,6,FALSE,3,Inland surveillance-gap belt
Inner Mongolia,E. coli | Cefuroxime,E. coli,Cefuroxime,cephalosporins,50.4535802133368,-0.13936161994934082,67353,6,FALSE,3,Inland surveillance-gap belt
Inner Mongolia,E. coli | Chloramphenicol,E. coli,Chloramphenicol,other,26.13073345312433,-0.6518840789794922,6257,6,FALSE,3,Inland surveillance-gap belt
Inner Mongolia,E. coli | Ciprofloxacin,E. coli,Ciprofloxacin,fluoroquinolones,63.52518172093823,3.8260996341705322,52003,6,TRUE,3,Inland surveillance-gap belt
Inner Mongolia,E. coli | Ertapenem,E. coli,Ertapenem,carbapenems,0.5993704458122566,0.014646211639046669,69573,6,FALSE,3,Inland surveillance-gap belt
Inner Mongolia,E. coli | Gentamicin,E. coli,Gentamicin,aminoglycosides,39.479583996962326,-3.9444267749786377,57992,6,FALSE,3,Inland surveillance-gap belt
Inner Mongolia,E. coli | Imipenem,E. coli,Imipenem,carbapenems,0.5768517171393731,0.06018122658133507,94305,6,FALSE,3,Inland surveillance-gap belt
Inner Mongolia,E. coli | Levofloxacin,E. coli,Levofloxacin,fluoroquinolones,61.18163456648705,2.8372645378112793,94530,6,TRUE,3,Inland surveillance-gap belt
Inner Mongolia,E. coli | Meropenem,E. coli,Meropenem,carbapenems,0.5542392014105887,0.30368040315806866,48535,6,FALSE,3,Inland surveillance-gap belt
Inner Mongolia,E. coli | Nitrofurantoin,E. coli,Nitrofurantoin,other,3.1965599502835844,0.8658977225422859,19302,6,FALSE,3,Inland surveillance-gap belt
Inner Mongolia,E. coli | Polymyxin B,E. coli,Polymyxin B,other,1.6260163177077362,NA,123,3,FALSE,3,Inland surveillance-gap belt
Inner Mongolia,E. coli | Tigecycline,E. coli,Tigecycline,tetracyclines,0.13769047192220465,-0.33113986428361386,54470,6,FALSE,3,Inland surveillance-gap belt
Inner Mongolia,E. coli | Tobramycin,E. coli,Tobramycin,aminoglycosides,19.354245313510496,19.846875965595245,43484,6,FALSE,3,Inland surveillance-gap belt
Inner Mongolia,K. pneumoniae | Amikacin,K. pneumoniae,Amikacin,aminoglycosides,3.834489420333381,-0.03949776291847229,61990,6,FALSE,3,Inland surveillance-gap belt
Inner Mongolia,K. pneumoniae | Ampicillin,K. pneumoniae,Ampicillin,other,84.61538422371915,0.1167595386505127,7670,6,FALSE,3,Inland surveillance-gap belt
Inner Mongolia,K. pneumoniae | Aztreonam,K. pneumoniae,Aztreonam,other,16.64022274322616,0.8722811937332153,35925,6,FALSE,3,Inland surveillance-gap belt
Inner Mongolia,K. pneumoniae | Cefazolin,K. pneumoniae,Cefazolin,cephalosporins,30.974651661219113,-4.309874773025513,7377,6,FALSE,3,Inland surveillance-gap belt
Inner Mongolia,K. pneumoniae | Cefepime,K. pneumoniae,Cefepime,cephalosporins,12.658123880519506,-0.9040489792823809,60870,6,FALSE,3,Inland surveillance-gap belt
Inner Mongolia,K. pneumoniae | Cefotaxime,K. pneumoniae,Cefotaxime,cephalosporins,21.053636156265735,4.329153895378113,10478,6,FALSE,3,Inland surveillance-gap belt
Inner Mongolia,K. pneumoniae | Cefotetan,K. pneumoniae,Cefotetan,cephalosporins,5.091638042904087,-2.2462528198957443,17460,6,FALSE,3,Inland surveillance-gap belt
Inner Mongolia,K. pneumoniae | Cefoxitin,K. pneumoniae,Cefoxitin,cephalosporins,10.44037498824397,-1.8396683037281054,39807,6,FALSE,3,Inland surveillance-gap belt
Inner Mongolia,K. pneumoniae | Ceftazidime,K. pneumoniae,Ceftazidime,cephalosporins,13.871277399418391,-0.6637021899223328,62460,6,FALSE,3,Inland surveillance-gap belt
Inner Mongolia,K. pneumoniae | Ceftriaxone,K. pneumoniae,Ceftriaxone,cephalosporins,22.44490367935992,-3.197017312049862,57082,6,FALSE,3,Inland surveillance-gap belt
Inner Mongolia,K. pneumoniae | Cefuroxime,K. pneumoniae,Cefuroxime,cephalosporins,24.36065210999018,-3.462071716785431,48135,6,FALSE,3,Inland surveillance-gap belt
Inner Mongolia,K. pneumoniae | Chloramphenicol,K. pneumoniae,Chloramphenicol,other,22.443602787060534,-4.233242571353912,6073,6,FALSE,3,Inland surveillance-gap belt
Inner Mongolia,K. pneumoniae | Ciprofloxacin,K. pneumoniae,Ciprofloxacin,fluoroquinolones,15.935647699360521,0.5785450339317322,35430,6,TRUE,3,Inland surveillance-gap belt
Inner Mongolia,K. pneumoniae | Ertapenem,K. pneumoniae,Ertapenem,carbapenems,3.1912016574653377,0.34817736595869064,44372,6,FALSE,3,Inland surveillance-gap belt
Inner Mongolia,K. pneumoniae | Gentamicin,K. pneumoniae,Gentamicin,aminoglycosides,12.986274297040126,-0.6875172257423401,38687,6,FALSE,3,Inland surveillance-gap belt
Inner Mongolia,K. pneumoniae | Imipenem,K. pneumoniae,Imipenem,carbapenems,4.01410235081796,-0.6331708282232285,63252,6,FALSE,3,Inland surveillance-gap belt
Inner Mongolia,K. pneumoniae | Levofloxacin,K. pneumoniae,Levofloxacin,fluoroquinolones,13.915847222820585,-0.01538395881652832,64193,6,TRUE,3,Inland surveillance-gap belt
Inner Mongolia,K. pneumoniae | Meropenem,K. pneumoniae,Meropenem,carbapenems,3.736578867252118,-0.9064480662345886,32784,6,FALSE,3,Inland surveillance-gap belt
Inner Mongolia,K. pneumoniae | Nitrofurantoin,K. pneumoniae,Nitrofurantoin,other,23.365487533166167,-1.4544054865837097,6531,6,FALSE,3,Inland surveillance-gap belt
Inner Mongolia,K. pneumoniae | Polymyxin B,K. pneumoniae,Polymyxin B,other,5.111821136249902,NA,313,3,FALSE,3,Inland surveillance-gap belt
Inner Mongolia,K. pneumoniae | Tigecycline,K. pneumoniae,Tigecycline,tetracyclines,1.1475212300701978,-0.13726754114031803,33202,6,FALSE,3,Inland surveillance-gap belt
Inner Mongolia,K. pneumoniae | Tobramycin,K. pneumoniae,Tobramycin,aminoglycosides,9.51704018335319,6.98346272110939,27435,6,FALSE,3,Inland surveillance-gap belt
Inner Mongolia,P. aeruginosa | Amikacin,P. aeruginosa,Amikacin,aminoglycosides,3.381125603717003,-3.8736505433917046,28038,6,FALSE,3,Inland surveillance-gap belt
Inner Mongolia,P. aeruginosa | Aztreonam,P. aeruginosa,Aztreonam,other,17.759536516689437,-3.510443866252899,10355,6,FALSE,3,Inland surveillance-gap belt
Inner Mongolia,P. aeruginosa | Cefepime,P. aeruginosa,Cefepime,cephalosporins,6.437021605398249,-3.271210566163063,28740,6,FALSE,3,Inland surveillance-gap belt
Inner Mongolia,P. aeruginosa | Ceftazidime,P. aeruginosa,Ceftazidime,cephalosporins,10.770596057440013,-0.7845863699913025,29302,6,FALSE,3,Inland surveillance-gap belt
Inner Mongolia,P. aeruginosa | Ciprofloxacin,P. aeruginosa,Ciprofloxacin,fluoroquinolones,9.196864499338496,-3.799498826265335,29086,6,TRUE,3,Inland surveillance-gap belt
Inner Mongolia,P. aeruginosa | Gentamicin,P. aeruginosa,Gentamicin,aminoglycosides,7.975289841917723,-6.43560066819191,14407,6,FALSE,3,Inland surveillance-gap belt
Inner Mongolia,P. aeruginosa | Imipenem,P. aeruginosa,Imipenem,carbapenems,13.472141256992026,-2.8355106711387617,29201,6,FALSE,3,Inland surveillance-gap belt
Inner Mongolia,P. aeruginosa | Levofloxacin,P. aeruginosa,Levofloxacin,fluoroquinolones,10.26460608062302,-3.894615918397905,30347,6,FALSE,3,Inland surveillance-gap belt
Inner Mongolia,P. aeruginosa | Meropenem,P. aeruginosa,Meropenem,carbapenems,9.99511152419582,-2.990081161260603,26593,6,FALSE,3,Inland surveillance-gap belt
Inner Mongolia,P. aeruginosa | Piperacillin,P. aeruginosa,Piperacillin,other,14.392381550629487,-0.02314448356628418,9241,6,FALSE,3,Inland surveillance-gap belt
Inner Mongolia,P. aeruginosa | Polymyxin B,P. aeruginosa,Polymyxin B,other,1.9357335807822653,1.9455252215266228,2583,6,FALSE,3,Inland surveillance-gap belt
Inner Mongolia,P. aeruginosa | Tobramycin,P. aeruginosa,Tobramycin,aminoglycosides,5.524312127861809,-2.2127561271190643,23116,6,FALSE,3,Inland surveillance-gap belt
Inner Mongolia,S. aureus | Amikacin,S. aureus,Amikacin,aminoglycosides,5.116279050707817,NA,860,1,FALSE,3,Inland surveillance-gap belt
Inner Mongolia,S. aureus | Cefoxitin,S. aureus,Cefoxitin,cephalosporins,19.15662652720888,2.262832224369049,4150,6,FALSE,3,Inland surveillance-gap belt
Inner Mongolia,S. aureus | Chloramphenicol,S. aureus,Chloramphenicol,other,6.316976913172716,2.820494771003723,1773,6,FALSE,3,Inland surveillance-gap belt
Inner Mongolia,S. aureus | Ciprofloxacin,S. aureus,Ciprofloxacin,fluoroquinolones,17.445649382147447,1.3487651944160461,18721,6,FALSE,3,Inland surveillance-gap belt
Inner Mongolia,S. aureus | Clindamycin,S. aureus,Clindamycin,other,32.362316451184206,-4.504501819610596,26982,6,FALSE,3,Inland surveillance-gap belt
Inner Mongolia,S. aureus | Erythromycin,S. aureus,Erythromycin,macrolides,67.89956510271516,-2.738833427429199,30308,6,TRUE,3,Inland surveillance-gap belt
Inner Mongolia,S. aureus | Gentamicin,S. aureus,Gentamicin,aminoglycosides,12.72522887132438,-7.996645569801331,30247,6,FALSE,3,Inland surveillance-gap belt
Inner Mongolia,S. aureus | Levofloxacin,S. aureus,Levofloxacin,fluoroquinolones,16.86688468266871,2.0173579454421997,28802,6,FALSE,3,Inland surveillance-gap belt
Inner Mongolia,S. aureus | Linezolid,S. aureus,Linezolid,other,0,0,30311,6,FALSE,3,Inland surveillance-gap belt
Inner Mongolia,S. aureus | Nitrofurantoin,S. aureus,Nitrofurantoin,other,0.7076230279136126,0.011501088738441467,6218,6,FALSE,3,Inland surveillance-gap belt
Inner Mongolia,S. aureus | Oxacillin,S. aureus,Oxacillin,other,18.379231813528563,2.60770320892334e-4,28505,6,FALSE,3,Inland surveillance-gap belt
Inner Mongolia,S. aureus | Penicillin G,S. aureus,Penicillin G,other,89.549827189324,-1.7489969730377197,26612,6,FALSE,3,Inland surveillance-gap belt
Inner Mongolia,S. aureus | Rifampicin,S. aureus,Rifampicin,other,3.8736341295619807,-2.68006045371294,28552,6,FALSE,3,Inland surveillance-gap belt
Inner Mongolia,S. aureus | Teicoplanin,S. aureus,Teicoplanin,other,0,0,10856,6,FALSE,3,Inland surveillance-gap belt
Inner Mongolia,S. aureus | Tetracycline,S. aureus,Tetracycline,tetracyclines,15.454304748260423,-2.374306321144104,18875,6,FALSE,3,Inland surveillance-gap belt
Inner Mongolia,S. aureus | Vancomycin,S. aureus,Vancomycin,other,0,0,29546,6,FALSE,3,Inland surveillance-gap belt
Jiangsu,A. baumannii | Amikacin,A. baumannii,Amikacin,aminoglycosides,41.45367920132875,3.2085657119750977,49103,6,FALSE,1,Eastern production-infrastructure belt
Jiangsu,A. baumannii | Aztreonam,A. baumannii,Aztreonam,other,77.34880433454987,-2.617841958999634,53176,6,FALSE,1,Eastern production-infrastructure belt
Jiangsu,A. baumannii | Cefepime,A. baumannii,Cefepime,cephalosporins,54.899155518495746,-10.264652967453003,120235,6,FALSE,1,Eastern production-infrastructure belt
Jiangsu,A. baumannii | Cefotaxime,A. baumannii,Cefotaxime,cephalosporins,71.00172276424391,-2.8729140758514404,35978,6,FALSE,1,Eastern production-infrastructure belt
Jiangsu,A. baumannii | Ceftazidime,A. baumannii,Ceftazidime,cephalosporins,60.71894028508116,-2.0366251468658447,113556,6,FALSE,1,Eastern production-infrastructure belt
Jiangsu,A. baumannii | Ceftriaxone,A. baumannii,Ceftriaxone,cephalosporins,55.77390073447353,1.6294360160827637,49819,6,FALSE,1,Eastern production-infrastructure belt
Jiangsu,A. baumannii | Ciprofloxacin,A. baumannii,Ciprofloxacin,fluoroquinolones,62.4489048828232,-4.101651906967163,120364,6,FALSE,1,Eastern production-infrastructure belt
Jiangsu,A. baumannii | Gentamicin,A. baumannii,Gentamicin,aminoglycosides,49.88411910602695,-1.7661213874816895,59544,6,FALSE,1,Eastern production-infrastructure belt
Jiangsu,A. baumannii | Imipenem,A. baumannii,Imipenem,carbapenems,61.31547748462394,-3.688293695449829,118877,6,FALSE,1,Eastern production-infrastructure belt
Jiangsu,A. baumannii | Levofloxacin,A. baumannii,Levofloxacin,fluoroquinolones,49.974190510769475,5.2741169929504395,120116,6,TRUE,1,Eastern production-infrastructure belt
Jiangsu,A. baumannii | Meropenem,A. baumannii,Meropenem,carbapenems,63.892381692618066,-2.349996566772461,80321,6,FALSE,1,Eastern production-infrastructure belt
Jiangsu,A. baumannii | Minocycline,A. baumannii,Minocycline,other,13.521620390871593,-10.373353213071823,71345,6,FALSE,1,Eastern production-infrastructure belt
Jiangsu,A. baumannii | Polymyxin B,A. baumannii,Polymyxin B,other,1.0982021785927545,0.5040574818849564,23584,6,FALSE,1,Eastern production-infrastructure belt
Jiangsu,A. baumannii | Tigecycline,A. baumannii,Tigecycline,tetracyclines,6.248411115908634,0.48586465418338776,59007,6,FALSE,1,Eastern production-infrastructure belt
Jiangsu,A. baumannii | Tobramycin,A. baumannii,Tobramycin,aminoglycosides,50.505715073630924,-5.364477634429932,105000,6,FALSE,1,Eastern production-infrastructure belt
Jiangsu,E. coli | Amikacin,E. coli,Amikacin,aminoglycosides,2.9458640840832593,1.4460086822509766,286741,6,FALSE,1,Eastern production-infrastructure belt
Jiangsu,E. coli | Ampicillin,E. coli,Ampicillin,other,82.66799409226158,-1.972043514251709,161672,6,FALSE,1,Eastern production-infrastructure belt
Jiangsu,E. coli | Aztreonam,E. coli,Aztreonam,other,33.777617805745614,-8.861932158470154,274824,6,FALSE,1,Eastern production-infrastructure belt
Jiangsu,E. coli | Cefazolin,E. coli,Cefazolin,cephalosporins,68.23553468522498,-19.14588212966919,24455,6,FALSE,1,Eastern production-infrastructure belt
Jiangsu,E. coli | Cefepime,E. coli,Cefepime,cephalosporins,25.639007717026058,1.7166107892990112,290998,6,FALSE,1,Eastern production-infrastructure belt
Jiangsu,E. coli | Cefotaxime,E. coli,Cefotaxime,cephalosporins,52.16533866927726,-7.600802183151245,109521,6,FALSE,1,Eastern production-infrastructure belt
Jiangsu,E. coli | Cefotetan,E. coli,Cefotetan,cephalosporins,2.9838350259339306,-1.146233081817627,215528,6,FALSE,1,Eastern production-infrastructure belt
Jiangsu,E. coli | Cefoxitin,E. coli,Cefoxitin,cephalosporins,10.95426185764937,-4.942461103200914,39245,6,FALSE,1,Eastern production-infrastructure belt
Jiangsu,E. coli | Ceftazidime,E. coli,Ceftazidime,cephalosporins,24.5131329952008,-4.460768401622772,282983,6,FALSE,1,Eastern production-infrastructure belt
Jiangsu,E. coli | Ceftriaxone,E. coli,Ceftriaxone,cephalosporins,52.91198928128542,-5.807995796203613,161436,6,FALSE,1,Eastern production-infrastructure belt
Jiangsu,E. coli | Cefuroxime,E. coli,Cefuroxime,cephalosporins,54.31010379315059,-5.661690235137947,149950,6,FALSE,1,Eastern production-infrastructure belt
Jiangsu,E. coli | Chloramphenicol,E. coli,Chloramphenicol,other,23.686075318179363,-1.1023223400115967,26809,6,FALSE,1,Eastern production-infrastructure belt
Jiangsu,E. coli | Ciprofloxacin,E. coli,Ciprofloxacin,fluoroquinolones,55.93895468786216,-0.030052661895751953,287399,6,TRUE,1,Eastern production-infrastructure belt
Jiangsu,E. coli | Ertapenem,E. coli,Ertapenem,carbapenems,0.8901277435352889,0.6821601651608944,107625,6,FALSE,1,Eastern production-infrastructure belt
Jiangsu,E. coli | Gentamicin,E. coli,Gentamicin,aminoglycosides,33.277450369458215,-4.468229413032532,176561,6,FALSE,1,Eastern production-infrastructure belt
Jiangsu,E. coli | Imipenem,E. coli,Imipenem,carbapenems,1.8511279955559203,-0.6344242021441462,294199,6,FALSE,1,Eastern production-infrastructure belt
Jiangsu,E. coli | Levofloxacin,E. coli,Levofloxacin,fluoroquinolones,53.782780492583164,0.4508852958679199,288518,6,TRUE,1,Eastern production-infrastructure belt
Jiangsu,E. coli | Meropenem,E. coli,Meropenem,carbapenems,2.1195681858812905,-0.8795617148280146,182490,6,FALSE,1,Eastern production-infrastructure belt
Jiangsu,E. coli | Nitrofurantoin,E. coli,Nitrofurantoin,other,2.34564257117932,-1.8370012752711777,33850,6,FALSE,1,Eastern production-infrastructure belt
Jiangsu,E. coli | Polymyxin B,E. coli,Polymyxin B,other,1.3545734083361776,NA,28939,4,FALSE,1,Eastern production-infrastructure belt
Jiangsu,E. coli | Tigecycline,E. coli,Tigecycline,tetracyclines,0.1403007439247143,0.07229881011880934,116179,6,FALSE,1,Eastern production-infrastructure belt
Jiangsu,E. coli | Tobramycin,E. coli,Tobramycin,aminoglycosides,18.95132021567508,18.530310690402985,250906,6,FALSE,1,Eastern production-infrastructure belt
Jiangsu,K. pneumoniae | Amikacin,K. pneumoniae,Amikacin,aminoglycosides,9.52714753200699,-7.641503214836121,235380,6,FALSE,1,Eastern production-infrastructure belt
Jiangsu,K. pneumoniae | Ampicillin,K. pneumoniae,Ampicillin,other,88.9667199330752,-4.261320829391494,61387,6,FALSE,1,Eastern production-infrastructure belt
Jiangsu,K. pneumoniae | Aztreonam,K. pneumoniae,Aztreonam,other,27.148641163184752,-10.604740679264072,228214,6,FALSE,1,Eastern production-infrastructure belt
Jiangsu,K. pneumoniae | Cefazolin,K. pneumoniae,Cefazolin,cephalosporins,38.432945816366484,-11.477556824684143,27172,6,FALSE,1,Eastern production-infrastructure belt
Jiangsu,K. pneumoniae | Cefepime,K. pneumoniae,Cefepime,cephalosporins,22.761857013603144,-6.41542375087738,243539,6,FALSE,1,Eastern production-infrastructure belt
Jiangsu,K. pneumoniae | Cefotaxime,K. pneumoniae,Cefotaxime,cephalosporins,33.65887313867707,-18.837520480155945,89902,6,FALSE,1,Eastern production-infrastructure belt
Jiangsu,K. pneumoniae | Cefotetan,K. pneumoniae,Cefotetan,cephalosporins,13.268558933012653,-6.842271238565445,170026,6,FALSE,1,Eastern production-infrastructure belt
Jiangsu,K. pneumoniae | Cefoxitin,K. pneumoniae,Cefoxitin,cephalosporins,22.335252884062758,1.7198503017425502,31260,6,FALSE,1,Eastern production-infrastructure belt
Jiangsu,K. pneumoniae | Ceftazidime,K. pneumoniae,Ceftazidime,cephalosporins,24.548812067524015,-7.308579981327057,235046,6,FALSE,1,Eastern production-infrastructure belt
Jiangsu,K. pneumoniae | Ceftriaxone,K. pneumoniae,Ceftriaxone,cephalosporins,32.63501569058625,-8.205026388168335,124967,6,FALSE,1,Eastern production-infrastructure belt
Jiangsu,K. pneumoniae | Cefuroxime,K. pneumoniae,Cefuroxime,cephalosporins,36.82062813107619,-15.266606211662292,121546,6,FALSE,1,Eastern production-infrastructure belt
Jiangsu,K. pneumoniae | Chloramphenicol,K. pneumoniae,Chloramphenicol,other,24.186325022851786,-7.433792948722836,28359,6,FALSE,1,Eastern production-infrastructure belt
Jiangsu,K. pneumoniae | Ciprofloxacin,K. pneumoniae,Ciprofloxacin,fluoroquinolones,24.582393838197454,-9.250581264495853,238622,6,TRUE,1,Eastern production-infrastructure belt
Jiangsu,K. pneumoniae | Ertapenem,K. pneumoniae,Ertapenem,carbapenems,7.6866869701983465,-0.11101961135864258,76639,6,FALSE,1,Eastern production-infrastructure belt
Jiangsu,K. pneumoniae | Gentamicin,K. pneumoniae,Gentamicin,aminoglycosides,20.20585257810037,-5.410897731781002,138643,6,FALSE,1,Eastern production-infrastructure belt
Jiangsu,K. pneumoniae | Imipenem,K. pneumoniae,Imipenem,carbapenems,14.030261307764505,-6.917431205511093,243545,6,FALSE,1,Eastern production-infrastructure belt
Jiangsu,K. pneumoniae | Levofloxacin,K. pneumoniae,Levofloxacin,fluoroquinolones,22.299050838842383,-7.794506847858429,241230,6,TRUE,1,Eastern production-infrastructure belt
Jiangsu,K. pneumoniae | Meropenem,K. pneumoniae,Meropenem,carbapenems,14.834799921868429,-6.9536328315734846,155115,6,FALSE,1,Eastern production-infrastructure belt
Jiangsu,K. pneumoniae | Nitrofurantoin,K. pneumoniae,Nitrofurantoin,other,42.363076601614665,-6.049123406410217,24028,6,FALSE,1,Eastern production-infrastructure belt
Jiangsu,K. pneumoniae | Polymyxin B,K. pneumoniae,Polymyxin B,other,2.333142078638527,NA,26145,4,FALSE,1,Eastern production-infrastructure belt
Jiangsu,K. pneumoniae | Tigecycline,K. pneumoniae,Tigecycline,tetracyclines,3.9403497176699767,-2.7407441288232803,95423,6,FALSE,1,Eastern production-infrastructure belt
Jiangsu,K. pneumoniae | Tobramycin,K. pneumoniae,Tobramycin,aminoglycosides,15.95023322010082,-0.4591628909111023,208091,6,FALSE,1,Eastern production-infrastructure belt
Jiangsu,P. aeruginosa | Amikacin,P. aeruginosa,Amikacin,aminoglycosides,3.8180643952110396,-1.4671757817268372,131585,6,FALSE,1,Eastern production-infrastructure belt
Jiangsu,P. aeruginosa | Aztreonam,P. aeruginosa,Aztreonam,other,20.59601743872114,-5.307728052139279,51777,6,FALSE,1,Eastern production-infrastructure belt
Jiangsu,P. aeruginosa | Cefepime,P. aeruginosa,Cefepime,cephalosporins,8.502363875118462,-5.94901368021965,144254,6,FALSE,1,Eastern production-infrastructure belt
Jiangsu,P. aeruginosa | Ceftazidime,P. aeruginosa,Ceftazidime,cephalosporins,14.30030443797496,-2.4765744805336,138060,6,FALSE,1,Eastern production-infrastructure belt
Jiangsu,P. aeruginosa | Ciprofloxacin,P. aeruginosa,Ciprofloxacin,fluoroquinolones,13.107553205587664,-2.59692519903183,142292,6,TRUE,1,Eastern production-infrastructure belt
Jiangsu,P. aeruginosa | Gentamicin,P. aeruginosa,Gentamicin,aminoglycosides,7.061024367647807,-1.3265892863273638,77510,6,FALSE,1,Eastern production-infrastructure belt
Jiangsu,P. aeruginosa | Imipenem,P. aeruginosa,Imipenem,carbapenems,22.97758290956517,-3.871139883995056,143640,6,FALSE,1,Eastern production-infrastructure belt
Jiangsu,P. aeruginosa | Levofloxacin,P. aeruginosa,Levofloxacin,fluoroquinolones,14.715823383466093,-1.7281904816627502,144083,6,FALSE,1,Eastern production-infrastructure belt
Jiangsu,P. aeruginosa | Meropenem,P. aeruginosa,Meropenem,carbapenems,18.825015877486795,-2.8021201491355896,96563,6,FALSE,1,Eastern production-infrastructure belt
Jiangsu,P. aeruginosa | Piperacillin,P. aeruginosa,Piperacillin,other,18.93907020499451,4.683746397495266,56196,6,FALSE,1,Eastern production-infrastructure belt
Jiangsu,P. aeruginosa | Polymyxin B,P. aeruginosa,Polymyxin B,other,2.2348366649704428,-0.1257808879017832,22373,6,FALSE,1,Eastern production-infrastructure belt
Jiangsu,P. aeruginosa | Tobramycin,P. aeruginosa,Tobramycin,aminoglycosides,6.391881573049057,-0.40503889322280884,123078,6,FALSE,1,Eastern production-infrastructure belt
Jiangsu,S. aureus | Amikacin,S. aureus,Amikacin,aminoglycosides,3.126809373497963,NA,1727,1,FALSE,1,Eastern production-infrastructure belt
Jiangsu,S. aureus | Cefoxitin,S. aureus,Cefoxitin,cephalosporins,38.33928313358611,-5.468413233757019,20449,6,FALSE,1,Eastern production-infrastructure belt
Jiangsu,S. aureus | Chloramphenicol,S. aureus,Chloramphenicol,other,3.6045313532830705,-3.27572263777256,8739,6,FALSE,1,Eastern production-infrastructure belt
Jiangsu,S. aureus | Ciprofloxacin,S. aureus,Ciprofloxacin,fluoroquinolones,23.79078514078054,5.3354814648628235,95041,6,FALSE,1,Eastern production-infrastructure belt
Jiangsu,S. aureus | Clindamycin,S. aureus,Clindamycin,other,23.512225912824185,-6.0932457447052,123221,6,FALSE,1,Eastern production-infrastructure belt
Jiangsu,S. aureus | Erythromycin,S. aureus,Erythromycin,macrolides,54.44137346377602,-5.207979679107673,137131,6,TRUE,1,Eastern production-infrastructure belt
Jiangsu,S. aureus | Gentamicin,S. aureus,Gentamicin,aminoglycosides,10.985230950463869,-3.875666856765749,138668,6,FALSE,1,Eastern production-infrastructure belt
Jiangsu,S. aureus | Levofloxacin,S. aureus,Levofloxacin,fluoroquinolones,24.620150959664816,-1.9084453582763672,134922,6,FALSE,1,Eastern production-infrastructure belt
Jiangsu,S. aureus | Linezolid,S. aureus,Linezolid,other,0,0,137300,6,FALSE,1,Eastern production-infrastructure belt
Jiangsu,S. aureus | Nitrofurantoin,S. aureus,Nitrofurantoin,other,0.37968053958193637,0.022627506405115128,22914,6,FALSE,1,Eastern production-infrastructure belt
Jiangsu,S. aureus | Oxacillin,S. aureus,Oxacillin,other,41.10996006901716,-5.763176083564758,138059,6,FALSE,1,Eastern production-infrastructure belt
Jiangsu,S. aureus | Penicillin G,S. aureus,Penicillin G,other,92.08920870993175,-2.3282825946808003,134740,6,FALSE,1,Eastern production-infrastructure belt
Jiangsu,S. aureus | Rifampicin,S. aureus,Rifampicin,other,1.2416448735108827,-1.2466595508158207,137640,6,FALSE,1,Eastern production-infrastructure belt
Jiangsu,S. aureus | Teicoplanin,S. aureus,Teicoplanin,other,0,0,46195,6,FALSE,1,Eastern production-infrastructure belt
Jiangsu,S. aureus | Tetracycline,S. aureus,Tetracycline,tetracyclines,20.063538792050558,-2.1946504712104797,96319,6,FALSE,1,Eastern production-infrastructure belt
Jiangsu,S. aureus | Vancomycin,S. aureus,Vancomycin,other,0,0,138671,6,FALSE,1,Eastern production-infrastructure belt
Jiangxi,A. baumannii | Amikacin,A. baumannii,Amikacin,aminoglycosides,48.01019670765421,-11.966848373413086,35305,6,FALSE,1,Eastern production-infrastructure belt
Jiangxi,A. baumannii | Aztreonam,A. baumannii,Aztreonam,other,57.49752991519898,6.07921481132508,8096,6,FALSE,1,Eastern production-infrastructure belt
Jiangxi,A. baumannii | Cefepime,A. baumannii,Cefepime,cephalosporins,54.447740264035716,-9.685999155044563,51914,6,FALSE,1,Eastern production-infrastructure belt
Jiangxi,A. baumannii | Cefotaxime,A. baumannii,Cefotaxime,cephalosporins,66.58905731715757,-24.59505796432495,6872,6,FALSE,1,Eastern production-infrastructure belt
Jiangxi,A. baumannii | Ceftazidime,A. baumannii,Ceftazidime,cephalosporins,58.40915839528327,-6.7953526973724365,50665,6,FALSE,1,Eastern production-infrastructure belt
Jiangxi,A. baumannii | Ceftriaxone,A. baumannii,Ceftriaxone,cephalosporins,57.29162845741186,-15.285798907279968,27463,6,FALSE,1,Eastern production-infrastructure belt
Jiangxi,A. baumannii | Ciprofloxacin,A. baumannii,Ciprofloxacin,fluoroquinolones,59.22471237962206,-7.086271047592163,48137,6,FALSE,1,Eastern production-infrastructure belt
Jiangxi,A. baumannii | Gentamicin,A. baumannii,Gentamicin,aminoglycosides,52.68588758860149,-18.165969848632812,36245,6,FALSE,1,Eastern production-infrastructure belt
Jiangxi,A. baumannii | Imipenem,A. baumannii,Imipenem,carbapenems,56.539318045113944,0.6948530673980713,44026,6,FALSE,1,Eastern production-infrastructure belt
Jiangxi,A. baumannii | Levofloxacin,A. baumannii,Levofloxacin,fluoroquinolones,51.20663180706036,-3.1199663877487183,51880,6,TRUE,1,Eastern production-infrastructure belt
Jiangxi,A. baumannii | Meropenem,A. baumannii,Meropenem,carbapenems,58.97757795514905,-9.248197078704834,45402,6,FALSE,1,Eastern production-infrastructure belt
Jiangxi,A. baumannii | Minocycline,A. baumannii,Minocycline,other,10.918907291998893,0.22051483392715454,37229,6,FALSE,1,Eastern production-infrastructure belt
Jiangxi,A. baumannii | Polymyxin B,A. baumannii,Polymyxin B,other,2.492540770522192,-1.94806307554245,21785,6,FALSE,1,Eastern production-infrastructure belt
Jiangxi,A. baumannii | Tigecycline,A. baumannii,Tigecycline,tetracyclines,1.5166726192461468,-2.672010939568281,27890,6,FALSE,1,Eastern production-infrastructure belt
Jiangxi,A. baumannii | Tobramycin,A. baumannii,Tobramycin,aminoglycosides,53.47031451661251,-5.816060304641724,31294,6,FALSE,1,Eastern production-infrastructure belt
Jiangxi,E. coli | Amikacin,E. coli,Amikacin,aminoglycosides,2.5159505663274717,2.0332982763648033,127268,6,FALSE,1,Eastern production-infrastructure belt
Jiangxi,E. coli | Ampicillin,E. coli,Ampicillin,other,83.89426603199253,-3.7620961666107178,110352,6,FALSE,1,Eastern production-infrastructure belt
Jiangxi,E. coli | Aztreonam,E. coli,Aztreonam,other,32.00789940569442,-10.493999719619751,67852,6,FALSE,1,Eastern production-infrastructure belt
Jiangxi,E. coli | Cefazolin,E. coli,Cefazolin,cephalosporins,61.90292988914449,-12.29209303855896,36365,6,FALSE,1,Eastern production-infrastructure belt
Jiangxi,E. coli | Cefepime,E. coli,Cefepime,cephalosporins,27.668735564135176,-5.813562870025635,117284,6,FALSE,1,Eastern production-infrastructure belt
Jiangxi,E. coli | Cefotaxime,E. coli,Cefotaxime,cephalosporins,47.06332439206425,-7.132872939109802,20908,6,FALSE,1,Eastern production-infrastructure belt
Jiangxi,E. coli | Cefotetan,E. coli,Cefotetan,cephalosporins,2.119236164255667,-0.7281169295310974,8588,6,FALSE,1,Eastern production-infrastructure belt
Jiangxi,E. coli | Cefoxitin,E. coli,Cefoxitin,cephalosporins,11.731202081251089,-5.943696945905685,89718,6,FALSE,1,Eastern production-infrastructure belt
Jiangxi,E. coli | Ceftazidime,E. coli,Ceftazidime,cephalosporins,23.800061965962673,-6.52478784322739,135382,6,FALSE,1,Eastern production-infrastructure belt
Jiangxi,E. coli | Ceftriaxone,E. coli,Ceftriaxone,cephalosporins,49.21928239544735,-7.548877596855164,115855,6,FALSE,1,Eastern production-infrastructure belt
Jiangxi,E. coli | Cefuroxime,E. coli,Cefuroxime,cephalosporins,50.85320438438168,-7.27497935295105,99390,6,FALSE,1,Eastern production-infrastructure belt
Jiangxi,E. coli | Chloramphenicol,E. coli,Chloramphenicol,other,26.40113026765262,2.6457622647285497,38915,6,FALSE,1,Eastern production-infrastructure belt
Jiangxi,E. coli | Ciprofloxacin,E. coli,Ciprofloxacin,fluoroquinolones,45.19891797574323,-2.581918239593506,109392,6,TRUE,1,Eastern production-infrastructure belt
Jiangxi,E. coli | Ertapenem,E. coli,Ertapenem,carbapenems,1.9187359113787439,1.2248954735696318,51388,6,FALSE,1,Eastern production-infrastructure belt
Jiangxi,E. coli | Gentamicin,E. coli,Gentamicin,aminoglycosides,30.716160015680167,-4.941451549530029,112042,6,FALSE,1,Eastern production-infrastructure belt
Jiangxi,E. coli | Imipenem,E. coli,Imipenem,carbapenems,1.8090227482529526,-0.32611116766929626,133995,6,FALSE,1,Eastern production-infrastructure belt
Jiangxi,E. coli | Levofloxacin,E. coli,Levofloxacin,fluoroquinolones,42.55086900504532,-1.26667320728302,131908,6,TRUE,1,Eastern production-infrastructure belt
Jiangxi,E. coli | Meropenem,E. coli,Meropenem,carbapenems,1.8317826813386648,-0.7123886607587337,96518,6,FALSE,1,Eastern production-infrastructure belt
Jiangxi,E. coli | Nitrofurantoin,E. coli,Nitrofurantoin,other,2.8803655749128407,-1.4752434566617008,26698,6,FALSE,1,Eastern production-infrastructure belt
Jiangxi,E. coli | Polymyxin B,E. coli,Polymyxin B,other,1.5056954454686704,NA,22913,4,FALSE,1,Eastern production-infrastructure belt
Jiangxi,E. coli | Tigecycline,E. coli,Tigecycline,tetracyclines,0.3195161105810881,0.017924676649272442,58526,6,FALSE,1,Eastern production-infrastructure belt
Jiangxi,E. coli | Tobramycin,E. coli,Tobramycin,aminoglycosides,17.691934252554432,6.619499623775482,43257,6,FALSE,1,Eastern production-infrastructure belt
Jiangxi,K. pneumoniae | Amikacin,K. pneumoniae,Amikacin,aminoglycosides,10.21925560955637,1.2361317873001116,107865,6,FALSE,1,Eastern production-infrastructure belt
Jiangxi,K. pneumoniae | Ampicillin,K. pneumoniae,Ampicillin,other,94.34903872341108,-1.1220753192901611,66325,6,FALSE,1,Eastern production-infrastructure belt
Jiangxi,K. pneumoniae | Aztreonam,K. pneumoniae,Aztreonam,other,30.283695399523626,-6.45944178104401,59712,6,FALSE,1,Eastern production-infrastructure belt
Jiangxi,K. pneumoniae | Cefazolin,K. pneumoniae,Cefazolin,cephalosporins,36.907267749684266,-9.410908818244934,67442,6,FALSE,1,Eastern production-infrastructure belt
Jiangxi,K. pneumoniae | Cefepime,K. pneumoniae,Cefepime,cephalosporins,22.27960602699936,-2.7732908725738525,102623,6,FALSE,1,Eastern production-infrastructure belt
Jiangxi,K. pneumoniae | Cefotaxime,K. pneumoniae,Cefotaxime,cephalosporins,26.918714178757767,-10.732181370258331,13225,6,FALSE,1,Eastern production-infrastructure belt
Jiangxi,K. pneumoniae | Cefotetan,K. pneumoniae,Cefotetan,cephalosporins,11.011282900388002,3.1891420483589172,4786,6,FALSE,1,Eastern production-infrastructure belt
Jiangxi,K. pneumoniae | Cefoxitin,K. pneumoniae,Cefoxitin,cephalosporins,17.551929746942378,-11.280679702758789,75439,6,FALSE,1,Eastern production-infrastructure belt
Jiangxi,K. pneumoniae | Ceftazidime,K. pneumoniae,Ceftazidime,cephalosporins,23.797564920069117,-5.857481062412262,117865,6,FALSE,1,Eastern production-infrastructure belt
Jiangxi,K. pneumoniae | Ceftriaxone,K. pneumoniae,Ceftriaxone,cephalosporins,30.906850826463344,-9.208381175994873,99829,6,FALSE,1,Eastern production-infrastructure belt
Jiangxi,K. pneumoniae | Cefuroxime,K. pneumoniae,Cefuroxime,cephalosporins,30.95797654024265,-14.02534544467926,81265,6,FALSE,1,Eastern production-infrastructure belt
Jiangxi,K. pneumoniae | Chloramphenicol,K. pneumoniae,Chloramphenicol,other,25.156631405657155,-8.383718132972717,39743,6,FALSE,1,Eastern production-infrastructure belt
Jiangxi,K. pneumoniae | Ciprofloxacin,K. pneumoniae,Ciprofloxacin,fluoroquinolones,24.246547448382938,-5.5645123124122655,88924,6,TRUE,1,Eastern production-infrastructure belt
Jiangxi,K. pneumoniae | Ertapenem,K. pneumoniae,Ertapenem,carbapenems,11.229642421763332,9.602469019591808,43964,6,FALSE,1,Eastern production-infrastructure belt
Jiangxi,K. pneumoniae | Gentamicin,K. pneumoniae,Gentamicin,aminoglycosides,18.524316889770095,-7.224695384502411,89423,6,FALSE,1,Eastern production-infrastructure belt
Jiangxi,K. pneumoniae | Imipenem,K. pneumoniae,Imipenem,carbapenems,12.955322820719395,-1.1452779173851013,113436,6,FALSE,1,Eastern production-infrastructure belt
Jiangxi,K. pneumoniae | Levofloxacin,K. pneumoniae,Levofloxacin,fluoroquinolones,20.0942416941596,-2.6650577783584595,115660,6,TRUE,1,Eastern production-infrastructure belt
Jiangxi,K. pneumoniae | Meropenem,K. pneumoniae,Meropenem,carbapenems,13.967892023315512,-2.338662743568422,88639,6,FALSE,1,Eastern production-infrastructure belt
Jiangxi,K. pneumoniae | Nitrofurantoin,K. pneumoniae,Nitrofurantoin,other,22.595137245323013,-9.602206945419312,18920,6,FALSE,1,Eastern production-infrastructure belt
Jiangxi,K. pneumoniae | Polymyxin B,K. pneumoniae,Polymyxin B,other,4.2381055260486695,NA,18664,4,FALSE,1,Eastern production-infrastructure belt
Jiangxi,K. pneumoniae | Tigecycline,K. pneumoniae,Tigecycline,tetracyclines,2.125177170110475,1.2636052444577217,59995,6,FALSE,1,Eastern production-infrastructure belt
Jiangxi,K. pneumoniae | Tobramycin,K. pneumoniae,Tobramycin,aminoglycosides,20.385647098612004,0.5388975143432617,39518,6,FALSE,1,Eastern production-infrastructure belt
Jiangxi,P. aeruginosa | Amikacin,P. aeruginosa,Amikacin,aminoglycosides,4.14489678624352,-2.4605307728052135,65840,6,FALSE,1,Eastern production-infrastructure belt
Jiangxi,P. aeruginosa | Aztreonam,P. aeruginosa,Aztreonam,other,16.24608451879718,-3.1120359897613525,51397,6,FALSE,1,Eastern production-infrastructure belt
Jiangxi,P. aeruginosa | Cefepime,P. aeruginosa,Cefepime,cephalosporins,9.02326145214471,-2.8293371200561523,66118,6,FALSE,1,Eastern production-infrastructure belt
Jiangxi,P. aeruginosa | Ceftazidime,P. aeruginosa,Ceftazidime,cephalosporins,14.656464967461217,-3.7518367171287537,64695,6,FALSE,1,Eastern production-infrastructure belt
Jiangxi,P. aeruginosa | Ciprofloxacin,P. aeruginosa,Ciprofloxacin,fluoroquinolones,11.133207321237919,-4.545024782419203,61348,6,TRUE,1,Eastern production-infrastructure belt
Jiangxi,P. aeruginosa | Gentamicin,P. aeruginosa,Gentamicin,aminoglycosides,7.174470989665127,-4.122244939208031,49481,6,FALSE,1,Eastern production-infrastructure belt
Jiangxi,P. aeruginosa | Imipenem,P. aeruginosa,Imipenem,carbapenems,15.65549315771643,-4.117876291275023,63128,6,FALSE,1,Eastern production-infrastructure belt
Jiangxi,P. aeruginosa | Levofloxacin,P. aeruginosa,Levofloxacin,fluoroquinolones,12.203120986276252,-4.604745656251907,64336,6,FALSE,1,Eastern production-infrastructure belt
Jiangxi,P. aeruginosa | Meropenem,P. aeruginosa,Meropenem,carbapenems,11.785597781089896,-3.9970383048057556,58283,6,FALSE,1,Eastern production-infrastructure belt
Jiangxi,P. aeruginosa | Piperacillin,P. aeruginosa,Piperacillin,other,18.354710396453374,-0.15775561332702637,36176,6,FALSE,1,Eastern production-infrastructure belt
Jiangxi,P. aeruginosa | Polymyxin B,P. aeruginosa,Polymyxin B,other,1.6916020991495353,-0.5264327861368656,26602,6,FALSE,1,Eastern production-infrastructure belt
Jiangxi,P. aeruginosa | Tobramycin,P. aeruginosa,Tobramycin,aminoglycosides,6.5295303122035495,-0.18891245126724243,47155,6,FALSE,1,Eastern production-infrastructure belt
Jiangxi,S. aureus | Amikacin,S. aureus,Amikacin,aminoglycosides,2.767527662217617,NA,2168,1,FALSE,1,Eastern production-infrastructure belt
Jiangxi,S. aureus | Cefoxitin,S. aureus,Cefoxitin,cephalosporins,23.970755908981804,-7.08661824464798,41171,6,FALSE,1,Eastern production-infrastructure belt
Jiangxi,S. aureus | Chloramphenicol,S. aureus,Chloramphenicol,other,3.4568583604546474,-0.4879452288150783,25312,6,FALSE,1,Eastern production-infrastructure belt
Jiangxi,S. aureus | Ciprofloxacin,S. aureus,Ciprofloxacin,fluoroquinolones,13.067208364971885,1.6476064920425397,31514,6,FALSE,1,Eastern production-infrastructure belt
Jiangxi,S. aureus | Clindamycin,S. aureus,Clindamycin,other,23.890182684071362,-8.064007759094238,67421,6,FALSE,1,Eastern production-infrastructure belt
Jiangxi,S. aureus | Erythromycin,S. aureus,Erythromycin,macrolides,42.7163737918237,-6.380581855773926,69313,6,TRUE,1,Eastern production-infrastructure belt
Jiangxi,S. aureus | Gentamicin,S. aureus,Gentamicin,aminoglycosides,6.372783837406126,-0.6776824593544006,68871,6,FALSE,1,Eastern production-infrastructure belt
Jiangxi,S. aureus | Levofloxacin,S. aureus,Levofloxacin,fluoroquinolones,12.341628002134575,-0.031102448701860297,63695,6,FALSE,1,Eastern production-infrastructure belt
Jiangxi,S. aureus | Linezolid,S. aureus,Linezolid,other,0,0,69420,6,FALSE,1,Eastern production-infrastructure belt
Jiangxi,S. aureus | Nitrofurantoin,S. aureus,Nitrofurantoin,other,0.5988023976633648,0.24794361088424915,16700,6,FALSE,1,Eastern production-infrastructure belt
Jiangxi,S. aureus | Oxacillin,S. aureus,Oxacillin,other,22.044470379976655,-3.1724944710731506,68135,6,FALSE,1,Eastern production-infrastructure belt
Jiangxi,S. aureus | Penicillin G,S. aureus,Penicillin G,other,92.47080711861871,-1.528042554855361,66541,6,FALSE,1,Eastern production-infrastructure belt
Jiangxi,S. aureus | Rifampicin,S. aureus,Rifampicin,other,2.0424932088018664,-1.9102931953966618,68152,6,FALSE,1,Eastern production-infrastructure belt
Jiangxi,S. aureus | Teicoplanin,S. aureus,Teicoplanin,other,0,0,38903,6,FALSE,1,Eastern production-infrastructure belt
Jiangxi,S. aureus | Tetracycline,S. aureus,Tetracycline,tetracyclines,16.873516217491616,-0.19379854202270508,48022,6,FALSE,1,Eastern production-infrastructure belt
Jiangxi,S. aureus | Vancomycin,S. aureus,Vancomycin,other,0,0,69620,6,FALSE,1,Eastern production-infrastructure belt
Jilin,A. baumannii | Amikacin,A. baumannii,Amikacin,aminoglycosides,26.62985093429507,-2.00880765914917,19557,6,FALSE,3,Inland surveillance-gap belt
Jilin,A. baumannii | Aztreonam,A. baumannii,Aztreonam,other,63.57250412903336,-2.145761251449585,5979,6,FALSE,3,Inland surveillance-gap belt
Jilin,A. baumannii | Cefepime,A. baumannii,Cefepime,cephalosporins,36.95912225227017,-12.698420882225037,30090,6,FALSE,3,Inland surveillance-gap belt
Jilin,A. baumannii | Cefotaxime,A. baumannii,Cefotaxime,cephalosporins,33.79582504982739,-14.627042412757874,7856,6,FALSE,3,Inland surveillance-gap belt
Jilin,A. baumannii | Ceftazidime,A. baumannii,Ceftazidime,cephalosporins,41.105827277728096,1.2446790933609009,29227,6,FALSE,3,Inland surveillance-gap belt
Jilin,A. baumannii | Ceftriaxone,A. baumannii,Ceftriaxone,cephalosporins,37.67419127669547,-6.779268383979797,12271,6,FALSE,3,Inland surveillance-gap belt
Jilin,A. baumannii | Ciprofloxacin,A. baumannii,Ciprofloxacin,fluoroquinolones,45.073038028488796,-1.3701349496841502,27999,6,FALSE,3,Inland surveillance-gap belt
Jilin,A. baumannii | Gentamicin,A. baumannii,Gentamicin,aminoglycosides,37.089651904863445,-11.692911386489861,18795,6,FALSE,3,Inland surveillance-gap belt
Jilin,A. baumannii | Imipenem,A. baumannii,Imipenem,carbapenems,41.40954111880674,-2.5180011987686157,29201,6,FALSE,3,Inland surveillance-gap belt
Jilin,A. baumannii | Levofloxacin,A. baumannii,Levofloxacin,fluoroquinolones,35.60807239580791,8.114510774612427,30128,6,TRUE,3,Inland surveillance-gap belt
Jilin,A. baumannii | Meropenem,A. baumannii,Meropenem,carbapenems,41.07511454460468,3.305879235267639,25188,6,FALSE,3,Inland surveillance-gap belt
Jilin,A. baumannii | Minocycline,A. baumannii,Minocycline,other,8.963531697858947,-2.8163664042949677,20840,6,FALSE,3,Inland surveillance-gap belt
Jilin,A. baumannii | Polymyxin B,A. baumannii,Polymyxin B,other,2.259522233874228,-1.223362423479557,4647,6,FALSE,3,Inland surveillance-gap belt
Jilin,A. baumannii | Tigecycline,A. baumannii,Tigecycline,tetracyclines,3.988953691907132,0.6383651867508888,9777,6,FALSE,3,Inland surveillance-gap belt
Jilin,A. baumannii | Tobramycin,A. baumannii,Tobramycin,aminoglycosides,37.00052169022861,-1.1813938617706299,19170,6,FALSE,3,Inland surveillance-gap belt
Jilin,E. coli | Amikacin,E. coli,Amikacin,aminoglycosides,2.6466941898388554,2.30149757117033,70163,6,FALSE,3,Inland surveillance-gap belt
Jilin,E. coli | Ampicillin,E. coli,Ampicillin,other,83.15940172284078,2.858448028564453,50307,6,FALSE,3,Inland surveillance-gap belt
Jilin,E. coli | Aztreonam,E. coli,Aztreonam,other,35.44930066202466,-0.7697999477386475,58413,6,FALSE,3,Inland surveillance-gap belt
Jilin,E. coli | Cefazolin,E. coli,Cefazolin,cephalosporins,68.3229171883733,2.9093801975250244,19361,6,FALSE,3,Inland surveillance-gap belt
Jilin,E. coli | Cefepime,E. coli,Cefepime,cephalosporins,30.16254020289769,3.3185809850692785,78750,6,FALSE,3,Inland surveillance-gap belt
Jilin,E. coli | Cefotaxime,E. coli,Cefotaxime,cephalosporins,52.571709863996084,3.228515386581421,22417,6,FALSE,3,Inland surveillance-gap belt
Jilin,E. coli | Cefotetan,E. coli,Cefotetan,cephalosporins,2.1202547965067553,0.01830160617828369,18677,6,FALSE,3,Inland surveillance-gap belt
Jilin,E. coli | Cefoxitin,E. coli,Cefoxitin,cephalosporins,14.175444363904944,-1.0616958141326904,35886,6,FALSE,3,Inland surveillance-gap belt
Jilin,E. coli | Ceftazidime,E. coli,Ceftazidime,cephalosporins,24.37904610856661,1.3242289423942566,76455,6,FALSE,3,Inland surveillance-gap belt
Jilin,E. coli | Ceftriaxone,E. coli,Ceftriaxone,cephalosporins,54.60994196457765,3.1579434871673584,58222,6,FALSE,3,Inland surveillance-gap belt
Jilin,E. coli | Cefuroxime,E. coli,Cefuroxime,cephalosporins,55.85574005194752,2.2966623306274414,62665,6,FALSE,3,Inland surveillance-gap belt
Jilin,E. coli | Chloramphenicol,E. coli,Chloramphenicol,other,30.81757963735396,3.955775499343872,20683,6,FALSE,3,Inland surveillance-gap belt
Jilin,E. coli | Ciprofloxacin,E. coli,Ciprofloxacin,fluoroquinolones,65.97038572964185,6.651955842971802,54097,6,TRUE,3,Inland surveillance-gap belt
Jilin,E. coli | Ertapenem,E. coli,Ertapenem,carbapenems,1.489223924298096,-0.01814570277929306,21622,6,FALSE,3,Inland surveillance-gap belt
Jilin,E. coli | Gentamicin,E. coli,Gentamicin,aminoglycosides,39.296611915287215,-2.7939170598983765,57351,6,FALSE,3,Inland surveillance-gap belt
Jilin,E. coli | Imipenem,E. coli,Imipenem,carbapenems,1.0310354952911613,0.45152739621698856,76622,6,FALSE,3,Inland surveillance-gap belt
Jilin,E. coli | Levofloxacin,E. coli,Levofloxacin,fluoroquinolones,63.51940741870597,5.750417709350586,72677,6,TRUE,3,Inland surveillance-gap belt
Jilin,E. coli | Meropenem,E. coli,Meropenem,carbapenems,0.9902646245463794,0.5566060543060303,59782,6,FALSE,3,Inland surveillance-gap belt
Jilin,E. coli | Nitrofurantoin,E. coli,Nitrofurantoin,other,5.208888924022515,-1.5782486647367477,11250,6,FALSE,3,Inland surveillance-gap belt
Jilin,E. coli | Polymyxin B,E. coli,Polymyxin B,other,1.7530909809382733,NA,5419,4,FALSE,3,Inland surveillance-gap belt
Jilin,E. coli | Tigecycline,E. coli,Tigecycline,tetracyclines,0.17300228530562575,0.02685594372451308,21387,6,FALSE,3,Inland surveillance-gap belt
Jilin,E. coli | Tobramycin,E. coli,Tobramycin,aminoglycosides,23.380146252908514,26.677681505680084,33182,6,FALSE,3,Inland surveillance-gap belt
Jilin,K. pneumoniae | Amikacin,K. pneumoniae,Amikacin,aminoglycosides,3.173427318700027,2.2465618327260017,83695,6,FALSE,3,Inland surveillance-gap belt
Jilin,K. pneumoniae | Ampicillin,K. pneumoniae,Ampicillin,other,91.44876250250826,2.9585540294647217,39199,6,FALSE,3,Inland surveillance-gap belt
Jilin,K. pneumoniae | Aztreonam,K. pneumoniae,Aztreonam,other,17.918286837026972,-0.019817054271697998,68165,6,FALSE,3,Inland surveillance-gap belt
Jilin,K. pneumoniae | Cefazolin,K. pneumoniae,Cefazolin,cephalosporins,32.56206047060339,-0.8771121501922607,42700,6,FALSE,3,Inland surveillance-gap belt
Jilin,K. pneumoniae | Cefepime,K. pneumoniae,Cefepime,cephalosporins,14.08040523463014,1.6931354999542219,94770,6,FALSE,3,Inland surveillance-gap belt
Jilin,K. pneumoniae | Cefotaxime,K. pneumoniae,Cefotaxime,cephalosporins,21.499890986080377,-4.6616896986961365,27442,6,FALSE,3,Inland surveillance-gap belt
Jilin,K. pneumoniae | Cefotetan,K. pneumoniae,Cefotetan,cephalosporins,3.7127954030531956,2.5557301938533783,19554,6,FALSE,3,Inland surveillance-gap belt
Jilin,K. pneumoniae | Cefoxitin,K. pneumoniae,Cefoxitin,cephalosporins,11.677446237439009,0.0087738037109375,47930,6,FALSE,3,Inland surveillance-gap belt
Jilin,K. pneumoniae | Ceftazidime,K. pneumoniae,Ceftazidime,cephalosporins,13.865958616840285,2.4582169950008392,86615,6,FALSE,3,Inland surveillance-gap belt
Jilin,K. pneumoniae | Ceftriaxone,K. pneumoniae,Ceftriaxone,cephalosporins,22.530264722385468,-1.2675389647483861,72609,6,FALSE,3,Inland surveillance-gap belt
Jilin,K. pneumoniae | Cefuroxime,K. pneumoniae,Cefuroxime,cephalosporins,25.178908326928443,-1.822778582572937,77414,6,FALSE,3,Inland surveillance-gap belt
Jilin,K. pneumoniae | Chloramphenicol,K. pneumoniae,Chloramphenicol,other,24.424901190006217,0.30554383993148804,27517,6,FALSE,3,Inland surveillance-gap belt
Jilin,K. pneumoniae | Ciprofloxacin,K. pneumoniae,Ciprofloxacin,fluoroquinolones,17.103087850043597,1.0009378194808924,64731,6,TRUE,3,Inland surveillance-gap belt
Jilin,K. pneumoniae | Ertapenem,K. pneumoniae,Ertapenem,carbapenems,3.6151649745146877,2.2436220198869705,25559,6,FALSE,3,Inland surveillance-gap belt
Jilin,K. pneumoniae | Gentamicin,K. pneumoniae,Gentamicin,aminoglycosides,13.569982450448963,-0.6830245256423968,69160,6,FALSE,3,Inland surveillance-gap belt
Jilin,K. pneumoniae | Imipenem,K. pneumoniae,Imipenem,carbapenems,2.8101907762736524,1.5237543731927872,90670,6,FALSE,3,Inland surveillance-gap belt
Jilin,K. pneumoniae | Levofloxacin,K. pneumoniae,Levofloxacin,fluoroquinolones,13.122955163359553,2.1589353680610657,88951,6,TRUE,3,Inland surveillance-gap belt
Jilin,K. pneumoniae | Meropenem,K. pneumoniae,Meropenem,carbapenems,2.809338032970099,1.436368003487587,70764,6,FALSE,3,Inland surveillance-gap belt
Jilin,K. pneumoniae | Nitrofurantoin,K. pneumoniae,Nitrofurantoin,other,25.709892798239974,-0.5580425262451172,9755,6,FALSE,3,Inland surveillance-gap belt
Jilin,K. pneumoniae | Polymyxin B,K. pneumoniae,Polymyxin B,other,1.3473288500140206,NA,6383,4,FALSE,3,Inland surveillance-gap belt
Jilin,K. pneumoniae | Tigecycline,K. pneumoniae,Tigecycline,tetracyclines,0.8326672070818888,-0.8436772972345351,30024,6,FALSE,3,Inland surveillance-gap belt
Jilin,K. pneumoniae | Tobramycin,K. pneumoniae,Tobramycin,aminoglycosides,10.466697982440348,12.464300915598873,38226,6,FALSE,3,Inland surveillance-gap belt
Jilin,P. aeruginosa | Amikacin,P. aeruginosa,Amikacin,aminoglycosides,2.2441366470227835,-1.193665247410536,34579,6,FALSE,3,Inland surveillance-gap belt
Jilin,P. aeruginosa | Aztreonam,P. aeruginosa,Aztreonam,other,20.50923006815785,-2.439229190349579,19284,6,FALSE,3,Inland surveillance-gap belt
Jilin,P. aeruginosa | Cefepime,P. aeruginosa,Cefepime,cephalosporins,7.64370955414672,-3.241559863090515,38463,6,FALSE,3,Inland surveillance-gap belt
Jilin,P. aeruginosa | Ceftazidime,P. aeruginosa,Ceftazidime,cephalosporins,10.354980316434654,-1.225136220455168,36002,6,FALSE,3,Inland surveillance-gap belt
Jilin,P. aeruginosa | Ciprofloxacin,P. aeruginosa,Ciprofloxacin,fluoroquinolones,10.529276442832229,-1.2281745672225952,37334,6,TRUE,3,Inland surveillance-gap belt
Jilin,P. aeruginosa | Gentamicin,P. aeruginosa,Gentamicin,aminoglycosides,7.905482962423302,-1.847320795059204,21795,6,FALSE,3,Inland surveillance-gap belt
Jilin,P. aeruginosa | Imipenem,P. aeruginosa,Imipenem,carbapenems,13.050785308424887,2.187998592853546,38082,6,FALSE,3,Inland surveillance-gap belt
Jilin,P. aeruginosa | Levofloxacin,P. aeruginosa,Levofloxacin,fluoroquinolones,11.217794757694659,-0.20097941160202026,37494,6,FALSE,3,Inland surveillance-gap belt
Jilin,P. aeruginosa | Meropenem,P. aeruginosa,Meropenem,carbapenems,10.877098738766902,1.7725378274917585,37225,6,FALSE,3,Inland surveillance-gap belt
Jilin,P. aeruginosa | Piperacillin,P. aeruginosa,Piperacillin,other,13.818967534371712,4.09817546606064,15732,6,FALSE,3,Inland surveillance-gap belt
Jilin,P. aeruginosa | Polymyxin B,P. aeruginosa,Polymyxin B,other,3.25166019106692,0.9755406528711319,4367,6,FALSE,3,Inland surveillance-gap belt
Jilin,P. aeruginosa | Tobramycin,P. aeruginosa,Tobramycin,aminoglycosides,5.069846384218522,0.2806343138217926,22979,6,FALSE,3,Inland surveillance-gap belt
Jilin,S. aureus | Amikacin,S. aureus,Amikacin,aminoglycosides,5.790297314524651,NA,1278,1,FALSE,3,Inland surveillance-gap belt
Jilin,S. aureus | Cefoxitin,S. aureus,Cefoxitin,cephalosporins,24.38944969089712,-1.4187976717948914,6142,6,FALSE,3,Inland surveillance-gap belt
Jilin,S. aureus | Chloramphenicol,S. aureus,Chloramphenicol,other,9.629029050369715,-5.382653325796127,4933,6,FALSE,3,Inland surveillance-gap belt
Jilin,S. aureus | Ciprofloxacin,S. aureus,Ciprofloxacin,fluoroquinolones,27.558510661917797,4.878678917884827,18800,6,FALSE,3,Inland surveillance-gap belt
Jilin,S. aureus | Clindamycin,S. aureus,Clindamycin,other,36.10664098264705,1.4981627464294505,27344,6,FALSE,3,Inland surveillance-gap belt
Jilin,S. aureus | Erythromycin,S. aureus,Erythromycin,macrolides,73.05167203413338,-1.4992952346801758,30462,6,TRUE,3,Inland surveillance-gap belt
Jilin,S. aureus | Gentamicin,S. aureus,Gentamicin,aminoglycosides,16.19402494001206,-2.014021575450897,30326,6,FALSE,3,Inland surveillance-gap belt
Jilin,S. aureus | Levofloxacin,S. aureus,Levofloxacin,fluoroquinolones,28.065066304704576,3.8063764572143555,24037,6,FALSE,3,Inland surveillance-gap belt
Jilin,S. aureus | Linezolid,S. aureus,Linezolid,other,0,0,30414,6,FALSE,3,Inland surveillance-gap belt
Jilin,S. aureus | Nitrofurantoin,S. aureus,Nitrofurantoin,other,0.9622289523622496,0.5597971379756927,6963,6,FALSE,3,Inland surveillance-gap belt
Jilin,S. aureus | Oxacillin,S. aureus,Oxacillin,other,20.38805576289251,-2.700854837894436,29738,6,FALSE,3,Inland surveillance-gap belt
Jilin,S. aureus | Penicillin G,S. aureus,Penicillin G,other,89.39014905569981,-2.914828062057495,25580,6,FALSE,3,Inland surveillance-gap belt
Jilin,S. aureus | Rifampicin,S. aureus,Rifampicin,other,2.5597213729062926,-1.8759200349450107,30433,6,FALSE,3,Inland surveillance-gap belt
Jilin,S. aureus | Teicoplanin,S. aureus,Teicoplanin,other,0,0,17646,6,FALSE,3,Inland surveillance-gap belt
Jilin,S. aureus | Tetracycline,S. aureus,Tetracycline,tetracyclines,16.237993506414533,-4.509572684764862,18740,6,FALSE,3,Inland surveillance-gap belt
Jilin,S. aureus | Vancomycin,S. aureus,Vancomycin,other,0,0,30159,6,FALSE,3,Inland surveillance-gap belt
Liaoning,A. baumannii | Amikacin,A. baumannii,Amikacin,aminoglycosides,47.12866730375394,-5.198580026626587,30404,6,FALSE,2,Urban-industrial wastewater core
Liaoning,A. baumannii | Aztreonam,A. baumannii,Aztreonam,other,75.17564373217365,-14.619642496109009,2135,6,FALSE,2,Urban-industrial wastewater core
Liaoning,A. baumannii | Cefepime,A. baumannii,Cefepime,cephalosporins,61.30732249671278,-14.985710382461548,41367,6,FALSE,2,Urban-industrial wastewater core
Liaoning,A. baumannii | Cefotaxime,A. baumannii,Cefotaxime,cephalosporins,66.87056096924884,-14.486396312713623,5068,6,FALSE,2,Urban-industrial wastewater core
Liaoning,A. baumannii | Ceftazidime,A. baumannii,Ceftazidime,cephalosporins,66.24222293802457,-7.03008770942688,38089,6,FALSE,2,Urban-industrial wastewater core
Liaoning,A. baumannii | Ceftriaxone,A. baumannii,Ceftriaxone,cephalosporins,69.35645383776271,-17.660963535308838,15974,6,FALSE,2,Urban-industrial wastewater core
Liaoning,A. baumannii | Ciprofloxacin,A. baumannii,Ciprofloxacin,fluoroquinolones,68.92769212594949,-6.077760457992554,40660,6,FALSE,2,Urban-industrial wastewater core
Liaoning,A. baumannii | Gentamicin,A. baumannii,Gentamicin,aminoglycosides,66.1358117091306,-5.540281534194946,21412,6,FALSE,2,Urban-industrial wastewater core
Liaoning,A. baumannii | Imipenem,A. baumannii,Imipenem,carbapenems,66.47250212504915,-2.404463291168213,36910,6,FALSE,2,Urban-industrial wastewater core
Liaoning,A. baumannii | Levofloxacin,A. baumannii,Levofloxacin,fluoroquinolones,55.14198204158844,-5.01171350479126,41132,6,TRUE,2,Urban-industrial wastewater core
Liaoning,A. baumannii | Meropenem,A. baumannii,Meropenem,carbapenems,66.74655437564716,-5.0522685050964355,35049,6,FALSE,2,Urban-industrial wastewater core
Liaoning,A. baumannii | Minocycline,A. baumannii,Minocycline,other,12.192338060837734,1.6158260405063647,28034,6,FALSE,2,Urban-industrial wastewater core
Liaoning,A. baumannii | Polymyxin B,A. baumannii,Polymyxin B,other,1.719901724356203,-1.9884968176484108,6105,6,FALSE,2,Urban-industrial wastewater core
Liaoning,A. baumannii | Tigecycline,A. baumannii,Tigecycline,tetracyclines,4.5060324307684905,0.22366717457771257,25943,6,FALSE,2,Urban-industrial wastewater core
Liaoning,A. baumannii | Tobramycin,A. baumannii,Tobramycin,aminoglycosides,62.62102126393353,-4.917711019515991,35841,6,FALSE,2,Urban-industrial wastewater core
Liaoning,E. coli | Amikacin,E. coli,Amikacin,aminoglycosides,2.7770806840144227,2.577940560877323,83685,6,FALSE,2,Urban-industrial wastewater core
Liaoning,E. coli | Ampicillin,E. coli,Ampicillin,other,84.43708936303919,-1.1248230934143066,80075,6,FALSE,2,Urban-industrial wastewater core
Liaoning,E. coli | Aztreonam,E. coli,Aztreonam,other,39.263365428610136,-6.022515892982483,78465,6,FALSE,2,Urban-industrial wastewater core
Liaoning,E. coli | Cefazolin,E. coli,Cefazolin,cephalosporins,71.0416328651048,-6.148767471313477,24404,6,FALSE,2,Urban-industrial wastewater core
Liaoning,E. coli | Cefepime,E. coli,Cefepime,cephalosporins,34.19961148019561,-4.296773672103882,90656,6,FALSE,2,Urban-industrial wastewater core
Liaoning,E. coli | Cefotaxime,E. coli,Cefotaxime,cephalosporins,57.22696175348573,0.2948582172393799,24969,6,FALSE,2,Urban-industrial wastewater core
Liaoning,E. coli | Cefotetan,E. coli,Cefotetan,cephalosporins,3.661312261562284,0.20541511476039886,30754,6,FALSE,2,Urban-industrial wastewater core
Liaoning,E. coli | Cefoxitin,E. coli,Cefoxitin,cephalosporins,13.028590143118803,-0.1353532075881958,49353,6,FALSE,2,Urban-industrial wastewater core
Liaoning,E. coli | Ceftazidime,E. coli,Ceftazidime,cephalosporins,29.24482001146115,-3.0582934617996216,95911,6,FALSE,2,Urban-industrial wastewater core
Liaoning,E. coli | Ceftriaxone,E. coli,Ceftriaxone,cephalosporins,57.28387221247226,-2.4604082107543945,73244,6,FALSE,2,Urban-industrial wastewater core
Liaoning,E. coli | Cefuroxime,E. coli,Cefuroxime,cephalosporins,58.939593895560854,-2.097994089126587,78253,6,FALSE,2,Urban-industrial wastewater core
Liaoning,E. coli | Chloramphenicol,E. coli,Chloramphenicol,other,30.294892371350354,2.5486737489700317,19363,6,FALSE,2,Urban-industrial wastewater core
Liaoning,E. coli | Ciprofloxacin,E. coli,Ciprofloxacin,fluoroquinolones,67.76858248484953,1.447814702987671,64887,6,TRUE,2,Urban-industrial wastewater core
Liaoning,E. coli | Ertapenem,E. coli,Ertapenem,carbapenems,2.7375154774639787,-1.4305483549833298,34703,6,FALSE,2,Urban-industrial wastewater core
Liaoning,E. coli | Gentamicin,E. coli,Gentamicin,aminoglycosides,40.59164206742568,-6.946074962615967,84781,6,FALSE,2,Urban-industrial wastewater core
Liaoning,E. coli | Imipenem,E. coli,Imipenem,carbapenems,1.7035095085573995,-0.8737280964851379,92691,6,FALSE,2,Urban-industrial wastewater core
Liaoning,E. coli | Levofloxacin,E. coli,Levofloxacin,fluoroquinolones,62.88601953468983,1.8760740756988525,89244,6,TRUE,2,Urban-industrial wastewater core
Liaoning,E. coli | Meropenem,E. coli,Meropenem,carbapenems,1.7560541779305239,-0.6992194801568983,80977,6,FALSE,2,Urban-industrial wastewater core
Liaoning,E. coli | Nitrofurantoin,E. coli,Nitrofurantoin,other,4.155496031551941,-3.670041263103485,22380,6,FALSE,2,Urban-industrial wastewater core
Liaoning,E. coli | Polymyxin B,E. coli,Polymyxin B,other,0.7352941203862429,NA,680,1,FALSE,2,Urban-industrial wastewater core
Liaoning,E. coli | Tigecycline,E. coli,Tigecycline,tetracyclines,0.3030959099111613,0.216641032602638,32333,6,FALSE,2,Urban-industrial wastewater core
Liaoning,E. coli | Tobramycin,E. coli,Tobramycin,aminoglycosides,23.625452796258397,11.311665177345276,48325,6,FALSE,2,Urban-industrial wastewater core
Liaoning,K. pneumoniae | Amikacin,K. pneumoniae,Amikacin,aminoglycosides,7.239624567873179,-2.330648899078371,74479,6,FALSE,2,Urban-industrial wastewater core
Liaoning,K. pneumoniae | Ampicillin,K. pneumoniae,Ampicillin,other,92.04025975238342,-10.698962211608887,33682,6,FALSE,2,Urban-industrial wastewater core
Liaoning,K. pneumoniae | Aztreonam,K. pneumoniae,Aztreonam,other,29.11291955530676,-5.652320384979248,69306,6,FALSE,2,Urban-industrial wastewater core
Liaoning,K. pneumoniae | Cefazolin,K. pneumoniae,Cefazolin,cephalosporins,41.511382425319965,-12.224894762039185,38746,6,FALSE,2,Urban-industrial wastewater core
Liaoning,K. pneumoniae | Cefepime,K. pneumoniae,Cefepime,cephalosporins,24.716067221206014,-6.097845733165741,80741,6,FALSE,2,Urban-industrial wastewater core
Liaoning,K. pneumoniae | Cefotaxime,K. pneumoniae,Cefotaxime,cephalosporins,33.44628552796697,-8.751043677330017,18887,6,FALSE,2,Urban-industrial wastewater core
Liaoning,K. pneumoniae | Cefotetan,K. pneumoniae,Cefotetan,cephalosporins,14.58326328414567,-8.344022184610367,29719,6,FALSE,2,Urban-industrial wastewater core
Liaoning,K. pneumoniae | Cefoxitin,K. pneumoniae,Cefoxitin,cephalosporins,16.299418150279738,-0.005279481410980225,40572,6,FALSE,2,Urban-industrial wastewater core
Liaoning,K. pneumoniae | Ceftazidime,K. pneumoniae,Ceftazidime,cephalosporins,24.291811650327997,-2.8836041688919067,83876,6,FALSE,2,Urban-industrial wastewater core
Liaoning,K. pneumoniae | Ceftriaxone,K. pneumoniae,Ceftriaxone,cephalosporins,35.496745040352906,-9.000948071479797,66654,6,FALSE,2,Urban-industrial wastewater core
Liaoning,K. pneumoniae | Cefuroxime,K. pneumoniae,Cefuroxime,cephalosporins,38.378222478229304,-9.53969657421112,69430,6,FALSE,2,Urban-industrial wastewater core
Liaoning,K. pneumoniae | Chloramphenicol,K. pneumoniae,Chloramphenicol,other,24.533650103204316,-1.7350032925605774,21872,6,FALSE,2,Urban-industrial wastewater core
Liaoning,K. pneumoniae | Ciprofloxacin,K. pneumoniae,Ciprofloxacin,fluoroquinolones,26.892216875302296,-5.1489174365997314,59824,6,TRUE,2,Urban-industrial wastewater core
Liaoning,K. pneumoniae | Ertapenem,K. pneumoniae,Ertapenem,carbapenems,10.502964219494837,-2.261333167552948,26145,6,FALSE,2,Urban-industrial wastewater core
Liaoning,K. pneumoniae | Gentamicin,K. pneumoniae,Gentamicin,aminoglycosides,22.06005827945977,-4.328997433185577,75027,6,FALSE,2,Urban-industrial wastewater core
Liaoning,K. pneumoniae | Imipenem,K. pneumoniae,Imipenem,carbapenems,12.117998058783998,0.5224674940109235,80137,6,FALSE,2,Urban-industrial wastewater core
Liaoning,K. pneumoniae | Levofloxacin,K. pneumoniae,Levofloxacin,fluoroquinolones,21.27200370211941,-3.168390691280365,76918,6,TRUE,2,Urban-industrial wastewater core
Liaoning,K. pneumoniae | Meropenem,K. pneumoniae,Meropenem,carbapenems,12.50033822019094,0.055307149887083185,73974,6,FALSE,2,Urban-industrial wastewater core
Liaoning,K. pneumoniae | Nitrofurantoin,K. pneumoniae,Nitrofurantoin,other,31.421571489973683,-7.498651742935184,15919,6,FALSE,2,Urban-industrial wastewater core
Liaoning,K. pneumoniae | Polymyxin B,K. pneumoniae,Polymyxin B,other,2.0679468289017677,NA,677,1,FALSE,2,Urban-industrial wastewater core
Liaoning,K. pneumoniae | Tigecycline,K. pneumoniae,Tigecycline,tetracyclines,1.6222088807726536,0.6175206042826173,26692,6,FALSE,2,Urban-industrial wastewater core
Liaoning,K. pneumoniae | Tobramycin,K. pneumoniae,Tobramycin,aminoglycosides,18.922091756552746,2.507270872592926,46850,6,FALSE,2,Urban-industrial wastewater core
Liaoning,P. aeruginosa | Amikacin,P. aeruginosa,Amikacin,aminoglycosides,5.380081667909499,-3.721800446510315,39702,6,FALSE,2,Urban-industrial wastewater core
Liaoning,P. aeruginosa | Aztreonam,P. aeruginosa,Aztreonam,other,26.425317710153408,-5.59169203042984,28976,6,FALSE,2,Urban-industrial wastewater core
Liaoning,P. aeruginosa | Cefepime,P. aeruginosa,Cefepime,cephalosporins,12.004611692116866,-5.992310494184494,41634,6,FALSE,2,Urban-industrial wastewater core
Liaoning,P. aeruginosa | Ceftazidime,P. aeruginosa,Ceftazidime,cephalosporins,17.794396748937885,-3.9658769965171814,42120,6,FALSE,2,Urban-industrial wastewater core
Liaoning,P. aeruginosa | Ciprofloxacin,P. aeruginosa,Ciprofloxacin,fluoroquinolones,16.186490267549992,-3.520613908767702,41096,6,TRUE,2,Urban-industrial wastewater core
Liaoning,P. aeruginosa | Gentamicin,P. aeruginosa,Gentamicin,aminoglycosides,13.702741259952305,-8.072435855865479,27323,6,FALSE,2,Urban-industrial wastewater core
Liaoning,P. aeruginosa | Imipenem,P. aeruginosa,Imipenem,carbapenems,23.168544143105652,-3.2689467072486877,40132,6,FALSE,2,Urban-industrial wastewater core
Liaoning,P. aeruginosa | Levofloxacin,P. aeruginosa,Levofloxacin,fluoroquinolones,16.449599480052754,-1.9240528345108032,40694,6,FALSE,2,Urban-industrial wastewater core
Liaoning,P. aeruginosa | Meropenem,P. aeruginosa,Meropenem,carbapenems,19.51285336390313,-2.9273152351379395,40768,6,FALSE,2,Urban-industrial wastewater core
Liaoning,P. aeruginosa | Piperacillin,P. aeruginosa,Piperacillin,other,19.815012615416578,7.203769683837891,16866,6,FALSE,2,Urban-industrial wastewater core
Liaoning,P. aeruginosa | Polymyxin B,P. aeruginosa,Polymyxin B,other,2.235635997414782,0.7553873583674431,4473,6,FALSE,2,Urban-industrial wastewater core
Liaoning,P. aeruginosa | Tobramycin,P. aeruginosa,Tobramycin,aminoglycosides,11.44468492550409,-5.102502554655075,35108,6,FALSE,2,Urban-industrial wastewater core
Liaoning,S. aureus | Amikacin,S. aureus,Amikacin,aminoglycosides,7.569721341133118,NA,502,1,FALSE,2,Urban-industrial wastewater core
Liaoning,S. aureus | Cefoxitin,S. aureus,Cefoxitin,cephalosporins,12.209053506204167,-5.571432411670683,7003,6,FALSE,2,Urban-industrial wastewater core
Liaoning,S. aureus | Chloramphenicol,S. aureus,Chloramphenicol,other,9.196801166281995,0.6771713495254517,5752,6,FALSE,2,Urban-industrial wastewater core
Liaoning,S. aureus | Ciprofloxacin,S. aureus,Ciprofloxacin,fluoroquinolones,25.917768563001225,-0.3121376037597656,24516,6,FALSE,2,Urban-industrial wastewater core
Liaoning,S. aureus | Clindamycin,S. aureus,Clindamycin,other,36.065726336943534,0.9415090084075928,32255,6,FALSE,2,Urban-industrial wastewater core
Liaoning,S. aureus | Erythromycin,S. aureus,Erythromycin,macrolides,72.40949856638082,-3.345668315887451,35331,6,TRUE,2,Urban-industrial wastewater core
Liaoning,S. aureus | Gentamicin,S. aureus,Gentamicin,aminoglycosides,11.646779265897493,-6.744778901338577,35366,6,FALSE,2,Urban-industrial wastewater core
Liaoning,S. aureus | Levofloxacin,S. aureus,Levofloxacin,fluoroquinolones,24.77891595208027,-2.435982227325443,28609,6,FALSE,2,Urban-industrial wastewater core
Liaoning,S. aureus | Linezolid,S. aureus,Linezolid,other,0,0,35552,6,FALSE,2,Urban-industrial wastewater core
Liaoning,S. aureus | Nitrofurantoin,S. aureus,Nitrofurantoin,other,1.1740684078617907,-2.0775453187525272,7836,6,FALSE,2,Urban-industrial wastewater core
Liaoning,S. aureus | Oxacillin,S. aureus,Oxacillin,other,16.546600245866877,-4.552958905696869,35536,6,FALSE,2,Urban-industrial wastewater core
Liaoning,S. aureus | Penicillin G,S. aureus,Penicillin G,other,88.52444095463751,-5.332040786743164,32774,6,FALSE,2,Urban-industrial wastewater core
Liaoning,S. aureus | Rifampicin,S. aureus,Rifampicin,other,2.2210961919184258,-1.3640634715557098,35523,6,FALSE,2,Urban-industrial wastewater core
Liaoning,S. aureus | Teicoplanin,S. aureus,Teicoplanin,other,0,0,13747,6,FALSE,2,Urban-industrial wastewater core
Liaoning,S. aureus | Tetracycline,S. aureus,Tetracycline,tetracyclines,14.752216600388893,-7.79450535774231,25264,6,FALSE,2,Urban-industrial wastewater core
Liaoning,S. aureus | Vancomycin,S. aureus,Vancomycin,other,0,0,35708,6,FALSE,2,Urban-industrial wastewater core
Ningxia,A. baumannii | Amikacin,A. baumannii,Amikacin,aminoglycosides,35.12735316523682,4.335463047027588,9030,6,FALSE,3,Inland surveillance-gap belt
Ningxia,A. baumannii | Aztreonam,A. baumannii,Aztreonam,other,60.12084651569585,28.730010986328125,993,6,FALSE,3,Inland surveillance-gap belt
Ningxia,A. baumannii | Cefepime,A. baumannii,Cefepime,cephalosporins,37.22194420028279,-10.996314883232117,11958,6,FALSE,3,Inland surveillance-gap belt
Ningxia,A. baumannii | Cefotaxime,A. baumannii,Cefotaxime,cephalosporins,29.16378713088688,-36.60800904035568,2894,6,FALSE,3,Inland surveillance-gap belt
Ningxia,A. baumannii | Ceftazidime,A. baumannii,Ceftazidime,cephalosporins,40.321744243035866,-0.7897675037384033,11562,6,FALSE,3,Inland surveillance-gap belt
Ningxia,A. baumannii | Ceftriaxone,A. baumannii,Ceftriaxone,cephalosporins,34.13949112477178,-25.109778344631195,6409,6,FALSE,3,Inland surveillance-gap belt
Ningxia,A. baumannii | Ciprofloxacin,A. baumannii,Ciprofloxacin,fluoroquinolones,42.62840714645094,-7.620656490325928,11117,6,FALSE,3,Inland surveillance-gap belt
Ningxia,A. baumannii | Gentamicin,A. baumannii,Gentamicin,aminoglycosides,28.352823474938727,-18.68058741092682,8038,6,FALSE,3,Inland surveillance-gap belt
Ningxia,A. baumannii | Imipenem,A. baumannii,Imipenem,carbapenems,39.70275993570316,-7.148289680480957,11304,6,FALSE,3,Inland surveillance-gap belt
Ningxia,A. baumannii | Levofloxacin,A. baumannii,Levofloxacin,fluoroquinolones,33.85293342371936,-2.968752384185791,12253,6,TRUE,3,Inland surveillance-gap belt
Ningxia,A. baumannii | Meropenem,A. baumannii,Meropenem,carbapenems,38.09986666628808,6.376570463180542,8231,6,FALSE,3,Inland surveillance-gap belt
Ningxia,A. baumannii | Minocycline,A. baumannii,Minocycline,other,22.20645184151588,-8.310441672801971,7750,6,FALSE,3,Inland surveillance-gap belt
Ningxia,A. baumannii | Polymyxin B,A. baumannii,Polymyxin B,other,3.863636420362375,-2.9304031282663345,440,6,FALSE,3,Inland surveillance-gap belt
Ningxia,A. baumannii | Tigecycline,A. baumannii,Tigecycline,tetracyclines,8.284940087011837,-10.09352020919323,5166,6,FALSE,3,Inland surveillance-gap belt
Ningxia,A. baumannii | Tobramycin,A. baumannii,Tobramycin,aminoglycosides,44.64755276945904,7.161623239517212,7987,6,FALSE,3,Inland surveillance-gap belt
Ningxia,E. coli | Amikacin,E. coli,Amikacin,aminoglycosides,1.9592318174599512,1.8043220043182373,54307,6,FALSE,3,Inland surveillance-gap belt
Ningxia,E. coli | Ampicillin,E. coli,Ampicillin,other,82.42756499248921,0.10458230972290039,48320,6,FALSE,3,Inland surveillance-gap belt
Ningxia,E. coli | Aztreonam,E. coli,Aztreonam,other,30.091687863479635,-2.460709214210514,49625,6,FALSE,3,Inland surveillance-gap belt
Ningxia,E. coli | Cefazolin,E. coli,Cefazolin,cephalosporins,62.4662710085423,-6.1246514320373535,21125,6,FALSE,3,Inland surveillance-gap belt
Ningxia,E. coli | Cefepime,E. coli,Cefepime,cephalosporins,20.953740019694052,1.0839447379112244,58171,6,FALSE,3,Inland surveillance-gap belt
Ningxia,E. coli | Cefotaxime,E. coli,Cefotaxime,cephalosporins,42.81578487075668,4.732146859169006,15889,6,FALSE,3,Inland surveillance-gap belt
Ningxia,E. coli | Cefotetan,E. coli,Cefotetan,cephalosporins,1.7972994283397903,-0.6439113058149815,32215,6,FALSE,3,Inland surveillance-gap belt
Ningxia,E. coli | Cefoxitin,E. coli,Cefoxitin,cephalosporins,8.839496702456403,-1.98516845703125,15657,6,FALSE,3,Inland surveillance-gap belt
Ningxia,E. coli | Ceftazidime,E. coli,Ceftazidime,cephalosporins,20.947511660261238,-3.19443941116333,56527,6,FALSE,3,Inland surveillance-gap belt
Ningxia,E. coli | Ceftriaxone,E. coli,Ceftriaxone,cephalosporins,48.0093577070626,-1.8334031105041504,50863,6,FALSE,3,Inland surveillance-gap belt
Ningxia,E. coli | Cefuroxime,E. coli,Cefuroxime,cephalosporins,49.58681946774314,-2.6751935482025146,39571,6,FALSE,3,Inland surveillance-gap belt
Ningxia,E. coli | Chloramphenicol,E. coli,Chloramphenicol,other,23.432696351845973,-4.072910547256466,7481,6,FALSE,3,Inland surveillance-gap belt
Ningxia,E. coli | Ciprofloxacin,E. coli,Ciprofloxacin,fluoroquinolones,52.846114550181795,5.431503057479858,49998,6,TRUE,3,Inland surveillance-gap belt
Ningxia,E. coli | Ertapenem,E. coli,Ertapenem,carbapenems,0.2098268890109491,0.1761667779646814,17157,6,FALSE,3,Inland surveillance-gap belt
Ningxia,E. coli | Gentamicin,E. coli,Gentamicin,aminoglycosides,36.039154081147935,-3.393539786338806,55473,6,FALSE,3,Inland surveillance-gap belt
Ningxia,E. coli | Imipenem,E. coli,Imipenem,carbapenems,0.6064247219830767,0.18460163846611977,53263,6,FALSE,3,Inland surveillance-gap belt
Ningxia,E. coli | Levofloxacin,E. coli,Levofloxacin,fluoroquinolones,48.45878993511679,7.692769169807434,55703,6,TRUE,3,Inland surveillance-gap belt
Ningxia,E. coli | Meropenem,E. coli,Meropenem,carbapenems,0.5747688657823788,0.17777984030544758,40886,6,FALSE,3,Inland surveillance-gap belt
Ningxia,E. coli | Nitrofurantoin,E. coli,Nitrofurantoin,other,1.6479579806870555,-0.6636374630033968,20935,6,FALSE,3,Inland surveillance-gap belt
Ningxia,E. coli | Polymyxin B,E. coli,Polymyxin B,other,1.9531250138243195,NA,1280,4,FALSE,3,Inland surveillance-gap belt
Ningxia,E. coli | Tigecycline,E. coli,Tigecycline,tetracyclines,0.19994287619139,0.23730422835797071,10503,6,FALSE,3,Inland surveillance-gap belt
Ningxia,E. coli | Tobramycin,E. coli,Tobramycin,aminoglycosides,16.82577587540956,22.415904700756073,34358,6,FALSE,3,Inland surveillance-gap belt
Ningxia,K. pneumoniae | Amikacin,K. pneumoniae,Amikacin,aminoglycosides,0.9159606382732219,-0.5551343783736231,48037,6,FALSE,3,Inland surveillance-gap belt
Ningxia,K. pneumoniae | Ampicillin,K. pneumoniae,Ampicillin,other,85.82397357685895,-14.435851573944092,22792,6,FALSE,3,Inland surveillance-gap belt
Ningxia,K. pneumoniae | Aztreonam,K. pneumoniae,Aztreonam,other,7.495887070734723,-4.064907133579254,43157,6,FALSE,3,Inland surveillance-gap belt
Ningxia,K. pneumoniae | Cefazolin,K. pneumoniae,Cefazolin,cephalosporins,19.817568943799785,-12.11380809545517,25215,6,FALSE,3,Inland surveillance-gap belt
Ningxia,K. pneumoniae | Cefepime,K. pneumoniae,Cefepime,cephalosporins,5.33369018838914,-1.0100692510604858,52309,6,FALSE,3,Inland surveillance-gap belt
Ningxia,K. pneumoniae | Cefotaxime,K. pneumoniae,Cefotaxime,cephalosporins,8.776900824605473,-6.245457381010057,14823,6,FALSE,3,Inland surveillance-gap belt
Ningxia,K. pneumoniae | Cefotetan,K. pneumoniae,Cefotetan,cephalosporins,1.6834247265004545,-1.9032408483326435,26256,6,FALSE,3,Inland surveillance-gap belt
Ningxia,K. pneumoniae | Cefoxitin,K. pneumoniae,Cefoxitin,cephalosporins,8.023228210536796,-6.023764982819557,16876,6,FALSE,3,Inland surveillance-gap belt
Ningxia,K. pneumoniae | Ceftazidime,K. pneumoniae,Ceftazidime,cephalosporins,6.305629164509532,-2.5713276118040085,50558,6,FALSE,3,Inland surveillance-gap belt
Ningxia,K. pneumoniae | Ceftriaxone,K. pneumoniae,Ceftriaxone,cephalosporins,11.137514567967152,-4.245204478502274,45028,6,FALSE,3,Inland surveillance-gap belt
Ningxia,K. pneumoniae | Cefuroxime,K. pneumoniae,Cefuroxime,cephalosporins,14.005414559627578,-4.540492594242096,37307,6,FALSE,3,Inland surveillance-gap belt
Ningxia,K. pneumoniae | Chloramphenicol,K. pneumoniae,Chloramphenicol,other,12.165888931047476,-4.770658910274506,9428,6,FALSE,3,Inland surveillance-gap belt
Ningxia,K. pneumoniae | Ciprofloxacin,K. pneumoniae,Ciprofloxacin,fluoroquinolones,5.685229574412878,-1.280796155333519,42971,6,TRUE,3,Inland surveillance-gap belt
Ningxia,K. pneumoniae | Ertapenem,K. pneumoniae,Ertapenem,carbapenems,0.12812299829815835,0.07172676851041615,15610,6,FALSE,3,Inland surveillance-gap belt
Ningxia,K. pneumoniae | Gentamicin,K. pneumoniae,Gentamicin,aminoglycosides,5.815525557001275,-3.327624127268791,49557,6,FALSE,3,Inland surveillance-gap belt
Ningxia,K. pneumoniae | Imipenem,K. pneumoniae,Imipenem,carbapenems,1.2245357312664567,-1.6597143840044737,44425,6,FALSE,3,Inland surveillance-gap belt
Ningxia,K. pneumoniae | Levofloxacin,K. pneumoniae,Levofloxacin,fluoroquinolones,4.387232853595182,-1.220976933836937,51194,6,TRUE,3,Inland surveillance-gap belt
Ningxia,K. pneumoniae | Meropenem,K. pneumoniae,Meropenem,carbapenems,1.189440080785392,-0.6345356348901987,37917,6,FALSE,3,Inland surveillance-gap belt
Ningxia,K. pneumoniae | Nitrofurantoin,K. pneumoniae,Nitrofurantoin,other,15.737149640514868,-1.8427155911922437,18307,6,FALSE,3,Inland surveillance-gap belt
Ningxia,K. pneumoniae | Polymyxin B,K. pneumoniae,Polymyxin B,other,1.9536019206247195,NA,1638,4,FALSE,3,Inland surveillance-gap belt
Ningxia,K. pneumoniae | Tigecycline,K. pneumoniae,Tigecycline,tetracyclines,1.5909973005585294,0.687336316332221,10308,6,FALSE,3,Inland surveillance-gap belt
Ningxia,K. pneumoniae | Tobramycin,K. pneumoniae,Tobramycin,aminoglycosides,4.0946874441730445,2.926645427942276,27670,6,FALSE,3,Inland surveillance-gap belt
Ningxia,P. aeruginosa | Amikacin,P. aeruginosa,Amikacin,aminoglycosides,1.583366633163112,-2.1384387277066708,12505,6,FALSE,3,Inland surveillance-gap belt
Ningxia,P. aeruginosa | Aztreonam,P. aeruginosa,Aztreonam,other,12.839308222613921,-8.502814918756487,8731,6,FALSE,3,Inland surveillance-gap belt
Ningxia,P. aeruginosa | Cefepime,P. aeruginosa,Cefepime,cephalosporins,4.511496322295029,-2.705954760313034,13787,6,FALSE,3,Inland surveillance-gap belt
Ningxia,P. aeruginosa | Ceftazidime,P. aeruginosa,Ceftazidime,cephalosporins,7.519649955963318,0.21929889917373657,12341,6,FALSE,3,Inland surveillance-gap belt
Ningxia,P. aeruginosa | Ciprofloxacin,P. aeruginosa,Ciprofloxacin,fluoroquinolones,5.585516291241433,-2.127695083618164,12980,6,TRUE,3,Inland surveillance-gap belt
Ningxia,P. aeruginosa | Gentamicin,P. aeruginosa,Gentamicin,aminoglycosides,4.822711170011909,-4.840617999434471,8771,6,FALSE,3,Inland surveillance-gap belt
Ningxia,P. aeruginosa | Imipenem,P. aeruginosa,Imipenem,carbapenems,5.997948122052995,-1.5966713428497314,12671,6,FALSE,3,Inland surveillance-gap belt
Ningxia,P. aeruginosa | Levofloxacin,P. aeruginosa,Levofloxacin,fluoroquinolones,6.584512315032058,-1.6477834433317184,13714,6,FALSE,3,Inland surveillance-gap belt
Ningxia,P. aeruginosa | Meropenem,P. aeruginosa,Meropenem,carbapenems,4.521134397669742,-0.9626835584640503,11214,6,FALSE,3,Inland surveillance-gap belt
Ningxia,P. aeruginosa | Piperacillin,P. aeruginosa,Piperacillin,other,7.49229316635492,-4.702714085578917,7461,6,FALSE,3,Inland surveillance-gap belt
Ningxia,P. aeruginosa | Polymyxin B,P. aeruginosa,Polymyxin B,other,2.566735123263125,2.698412723839283,974,6,FALSE,3,Inland surveillance-gap belt
Ningxia,P. aeruginosa | Tobramycin,P. aeruginosa,Tobramycin,aminoglycosides,3.1957563076219873,-2.8426511213183403,7729,6,FALSE,3,Inland surveillance-gap belt
Ningxia,S. aureus | Amikacin,S. aureus,Amikacin,aminoglycosides,1.2612612918019297,NA,555,1,FALSE,3,Inland surveillance-gap belt
Ningxia,S. aureus | Cefoxitin,S. aureus,Cefoxitin,cephalosporins,20.984042849629482,-1.8880009651184082,7520,6,FALSE,3,Inland surveillance-gap belt
Ningxia,S. aureus | Chloramphenicol,S. aureus,Chloramphenicol,other,10.779962095756204,-5.115862190723417,1577,6,FALSE,3,Inland surveillance-gap belt
Ningxia,S. aureus | Ciprofloxacin,S. aureus,Ciprofloxacin,fluoroquinolones,9.882832543124549,-0.7756009697914124,19630,6,FALSE,3,Inland surveillance-gap belt
Ningxia,S. aureus | Clindamycin,S. aureus,Clindamycin,other,33.07515718943564,5.305394530296322,24402,6,FALSE,3,Inland surveillance-gap belt
Ningxia,S. aureus | Erythromycin,S. aureus,Erythromycin,macrolides,54.94030707036217,-2.6393651962280273,25464,6,TRUE,3,Inland surveillance-gap belt
Ningxia,S. aureus | Gentamicin,S. aureus,Gentamicin,aminoglycosides,7.590117342604128,-4.837953299283981,24690,6,FALSE,3,Inland surveillance-gap belt
Ningxia,S. aureus | Levofloxacin,S. aureus,Levofloxacin,fluoroquinolones,8.521209147422212,-0.489286333322525,23952,6,FALSE,3,Inland surveillance-gap belt
Ningxia,S. aureus | Linezolid,S. aureus,Linezolid,other,0,0,25255,6,FALSE,3,Inland surveillance-gap belt
Ningxia,S. aureus | Nitrofurantoin,S. aureus,Nitrofurantoin,other,0.5751703492475054,-0.008708576206117868,11301,6,FALSE,3,Inland surveillance-gap belt
Ningxia,S. aureus | Oxacillin,S. aureus,Oxacillin,other,24.467206040909574,3.5390853881835973,21772,6,FALSE,3,Inland surveillance-gap belt
Ningxia,S. aureus | Penicillin G,S. aureus,Penicillin G,other,91.88871038167477,-0.3949224948883199,22931,6,FALSE,3,Inland surveillance-gap belt
Ningxia,S. aureus | Rifampicin,S. aureus,Rifampicin,other,2.652259297407743,-4.232432600110769,24432,6,FALSE,3,Inland surveillance-gap belt
Ningxia,S. aureus | Teicoplanin,S. aureus,Teicoplanin,other,0,0,8407,6,FALSE,3,Inland surveillance-gap belt
Ningxia,S. aureus | Tetracycline,S. aureus,Tetracycline,tetracyclines,15.172345931030357,-5.49478679895401,20366,6,FALSE,3,Inland surveillance-gap belt
Ningxia,S. aureus | Vancomycin,S. aureus,Vancomycin,other,0,0,25407,6,FALSE,3,Inland surveillance-gap belt
Qinghai,A. baumannii | Amikacin,A. baumannii,Amikacin,aminoglycosides,17.190006727947434,-24.913732707500458,4363,6,FALSE,3,Inland surveillance-gap belt
Qinghai,A. baumannii | Aztreonam,A. baumannii,Aztreonam,other,14.328358371172156,1.6666650772094727,670,6,FALSE,3,Inland surveillance-gap belt
Qinghai,A. baumannii | Cefepime,A. baumannii,Cefepime,cephalosporins,22.71065697198241,-8.171617984771729,10669,6,FALSE,3,Inland surveillance-gap belt
Qinghai,A. baumannii | Cefotaxime,A. baumannii,Cefotaxime,cephalosporins,26.60668425472659,-37.05441057682037,1556,6,FALSE,3,Inland surveillance-gap belt
Qinghai,A. baumannii | Ceftazidime,A. baumannii,Ceftazidime,cephalosporins,26.879439261795113,-6.6628605127334595,10841,6,FALSE,3,Inland surveillance-gap belt
Qinghai,A. baumannii | Ceftriaxone,A. baumannii,Ceftriaxone,cephalosporins,28.286045356575436,-20.07584273815155,3454,6,FALSE,3,Inland surveillance-gap belt
Qinghai,A. baumannii | Ciprofloxacin,A. baumannii,Ciprofloxacin,fluoroquinolones,28.811953988035615,-8.520475029945374,9503,6,FALSE,3,Inland surveillance-gap belt
Qinghai,A. baumannii | Gentamicin,A. baumannii,Gentamicin,aminoglycosides,23.146015794828486,-25.57501196861267,4342,6,FALSE,3,Inland surveillance-gap belt
Qinghai,A. baumannii | Imipenem,A. baumannii,Imipenem,carbapenems,26.47335908992695,-4.96041476726532,9553,6,FALSE,3,Inland surveillance-gap belt
Qinghai,A. baumannii | Levofloxacin,A. baumannii,Levofloxacin,fluoroquinolones,23.960163840451898,-5.949929356575012,10242,6,TRUE,3,Inland surveillance-gap belt
Qinghai,A. baumannii | Meropenem,A. baumannii,Meropenem,carbapenems,20.55765603256436,4.251036047935486,6348,6,FALSE,3,Inland surveillance-gap belt
Qinghai,A. baumannii | Minocycline,A. baumannii,Minocycline,other,20.585233106443614,7.471607625484463,2939,6,FALSE,3,Inland surveillance-gap belt
Qinghai,A. baumannii | Polymyxin B,A. baumannii,Polymyxin B,other,2.4458032257734836,5.451127886772156,1799,6,FALSE,3,Inland surveillance-gap belt
Qinghai,A. baumannii | Tigecycline,A. baumannii,Tigecycline,tetracyclines,1.938170781293438,0.4433081019669771,6243,6,FALSE,3,Inland surveillance-gap belt
Qinghai,A. baumannii | Tobramycin,A. baumannii,Tobramycin,aminoglycosides,25.44378702520919,-6.796255707740784,7943,6,FALSE,3,Inland surveillance-gap belt
Qinghai,E. coli | Amikacin,E. coli,Amikacin,aminoglycosides,1.4584977269538872,1.4331240206956863,39287,6,FALSE,3,Inland surveillance-gap belt
Qinghai,E. coli | Ampicillin,E. coli,Ampicillin,other,83.037502327366,2.2716403007507324,27944,6,FALSE,3,Inland surveillance-gap belt
Qinghai,E. coli | Aztreonam,E. coli,Aztreonam,other,26.62414613777244,-1.373627781867981,28692,6,FALSE,3,Inland surveillance-gap belt
Qinghai,E. coli | Cefazolin,E. coli,Cefazolin,cephalosporins,58.822496765422486,11.17497980594635,5690,6,FALSE,3,Inland surveillance-gap belt
Qinghai,E. coli | Cefepime,E. coli,Cefepime,cephalosporins,20.950408889795916,7.429338991641998,40572,6,FALSE,3,Inland surveillance-gap belt
Qinghai,E. coli | Cefotaxime,E. coli,Cefotaxime,cephalosporins,29.85477136687619,3.747606277465824,4820,6,FALSE,3,Inland surveillance-gap belt
Qinghai,E. coli | Cefotetan,E. coli,Cefotetan,cephalosporins,1.4129364504778994,-1.9235672429203987,17269,6,FALSE,3,Inland surveillance-gap belt
Qinghai,E. coli | Cefoxitin,E. coli,Cefoxitin,cephalosporins,7.43316572434782,0.018906593322753906,20274,6,FALSE,3,Inland surveillance-gap belt
Qinghai,E. coli | Ceftazidime,E. coli,Ceftazidime,cephalosporins,20.702268077290856,-1.7438367009162867,43744,6,FALSE,3,Inland surveillance-gap belt
Qinghai,E. coli | Ceftriaxone,E. coli,Ceftriaxone,cephalosporins,49.12111100424241,1.1221200227737427,38287,6,FALSE,3,Inland surveillance-gap belt
Qinghai,E. coli | Cefuroxime,E. coli,Cefuroxime,cephalosporins,50.49590311848456,4.991191625595093,20871,6,FALSE,3,Inland surveillance-gap belt
Qinghai,E. coli | Chloramphenicol,E. coli,Chloramphenicol,other,19.380888616814108,-0.9116247296333313,3715,6,FALSE,3,Inland surveillance-gap belt
Qinghai,E. coli | Ciprofloxacin,E. coli,Ciprofloxacin,fluoroquinolones,48.86254018298395,4.877671599388123,24880,6,TRUE,3,Inland surveillance-gap belt
Qinghai,E. coli | Ertapenem,E. coli,Ertapenem,carbapenems,0.24018708931606045,0.3294855472631753,31642,6,FALSE,3,Inland surveillance-gap belt
Qinghai,E. coli | Gentamicin,E. coli,Gentamicin,aminoglycosides,38.56905061221118,-4.3142735958099365,28834,6,FALSE,3,Inland surveillance-gap belt
Qinghai,E. coli | Imipenem,E. coli,Imipenem,carbapenems,0.4564643787532814,-0.4788170102983712,37900,6,FALSE,3,Inland surveillance-gap belt
Qinghai,E. coli | Levofloxacin,E. coli,Levofloxacin,fluoroquinolones,49.37739239766544,5.644157528877258,39190,6,TRUE,3,Inland surveillance-gap belt
Qinghai,E. coli | Meropenem,E. coli,Meropenem,carbapenems,0.30936764542183054,-0.19609881564974782,8081,6,FALSE,3,Inland surveillance-gap belt
Qinghai,E. coli | Nitrofurantoin,E. coli,Nitrofurantoin,other,2.1204819276659603,-0.032675545662641525,4150,6,FALSE,3,Inland surveillance-gap belt
Qinghai,E. coli | Polymyxin B,E. coli,Polymyxin B,other,0.7797270918402959,NA,1026,4,FALSE,3,Inland surveillance-gap belt
Qinghai,E. coli | Tigecycline,E. coli,Tigecycline,tetracyclines,0.08423586219652707,0.17305315705016255,16620,6,FALSE,3,Inland surveillance-gap belt
Qinghai,E. coli | Tobramycin,E. coli,Tobramycin,aminoglycosides,19.098923059342745,20.12648433446884,16336,6,FALSE,3,Inland surveillance-gap belt
Qinghai,K. pneumoniae | Amikacin,K. pneumoniae,Amikacin,aminoglycosides,0.7737420484499645,0.15794327482581139,20291,6,FALSE,3,Inland surveillance-gap belt
Qinghai,K. pneumoniae | Ampicillin,K. pneumoniae,Ampicillin,other,82.53658579035503,2.8557658195495605,3075,6,FALSE,3,Inland surveillance-gap belt
Qinghai,K. pneumoniae | Aztreonam,K. pneumoniae,Aztreonam,other,6.957592679286429,-0.12439265847206116,12993,6,FALSE,3,Inland surveillance-gap belt
Qinghai,K. pneumoniae | Cefazolin,K. pneumoniae,Cefazolin,cephalosporins,14.227759935041677,-2.0812809467315674,3451,6,FALSE,3,Inland surveillance-gap belt
Qinghai,K. pneumoniae | Cefepime,K. pneumoniae,Cefepime,cephalosporins,5.3377349752272485,1.4870237559080124,19690,6,FALSE,3,Inland surveillance-gap belt
Qinghai,K. pneumoniae | Cefotaxime,K. pneumoniae,Cefotaxime,cephalosporins,4.209919254303047,-0.6818387657403946,3468,6,FALSE,3,Inland surveillance-gap belt
Qinghai,K. pneumoniae | Cefotetan,K. pneumoniae,Cefotetan,cephalosporins,2.0556023509320887,0.5185723304748533,5935,6,FALSE,3,Inland surveillance-gap belt
Qinghai,K. pneumoniae | Cefoxitin,K. pneumoniae,Cefoxitin,cephalosporins,5.584786464787809,0.4145849496126175,13304,6,FALSE,3,Inland surveillance-gap belt
Qinghai,K. pneumoniae | Ceftazidime,K. pneumoniae,Ceftazidime,cephalosporins,6.009368813303122,0.8365333080291748,22415,6,FALSE,3,Inland surveillance-gap belt
Qinghai,K. pneumoniae | Ceftriaxone,K. pneumoniae,Ceftriaxone,cephalosporins,12.393254626136821,1.3010963797569275,18502,6,FALSE,3,Inland surveillance-gap belt
Qinghai,K. pneumoniae | Cefuroxime,K. pneumoniae,Cefuroxime,cephalosporins,12.415247840821715,0.7517173886299151,13274,6,FALSE,3,Inland surveillance-gap belt
Qinghai,K. pneumoniae | Chloramphenicol,K. pneumoniae,Chloramphenicol,other,9.367789538859991,0.03730356693268,2167,6,FALSE,3,Inland surveillance-gap belt
Qinghai,K. pneumoniae | Ciprofloxacin,K. pneumoniae,Ciprofloxacin,fluoroquinolones,5.162418380604558,2.727450057864189,10867,6,TRUE,3,Inland surveillance-gap belt
Qinghai,K. pneumoniae | Ertapenem,K. pneumoniae,Ertapenem,carbapenems,0.6185953436334755,0.7804829394444823,16004,6,FALSE,3,Inland surveillance-gap belt
Qinghai,K. pneumoniae | Gentamicin,K. pneumoniae,Gentamicin,aminoglycosides,5.637707946637275,0.5496539175510406,12984,6,FALSE,3,Inland surveillance-gap belt
Qinghai,K. pneumoniae | Imipenem,K. pneumoniae,Imipenem,carbapenems,0.9382912207703507,0.17617987468838703,20143,6,FALSE,3,Inland surveillance-gap belt
Qinghai,K. pneumoniae | Levofloxacin,K. pneumoniae,Levofloxacin,fluoroquinolones,4.442681496680663,3.017084114253521,20168,6,TRUE,3,Inland surveillance-gap belt
Qinghai,K. pneumoniae | Meropenem,K. pneumoniae,Meropenem,carbapenems,0.4280821908797992,-0.29746079817414284,5840,6,FALSE,3,Inland surveillance-gap belt
Qinghai,K. pneumoniae | Nitrofurantoin,K. pneumoniae,Nitrofurantoin,other,11.296472830202491,5.798519030213358,2098,6,FALSE,3,Inland surveillance-gap belt
Qinghai,K. pneumoniae | Polymyxin B,K. pneumoniae,Polymyxin B,other,1.6238159906492142,NA,739,4,FALSE,3,Inland surveillance-gap belt
Qinghai,K. pneumoniae | Tigecycline,K. pneumoniae,Tigecycline,tetracyclines,0.6953613183737141,1.053410000167787,11361,6,FALSE,3,Inland surveillance-gap belt
Qinghai,K. pneumoniae | Tobramycin,K. pneumoniae,Tobramycin,aminoglycosides,3.71604299692839,5.561444163322449,7804,6,FALSE,3,Inland surveillance-gap belt
Qinghai,P. aeruginosa | Amikacin,P. aeruginosa,Amikacin,aminoglycosides,1.2600409595307815,-0.8300826884806156,6349,6,FALSE,3,Inland surveillance-gap belt
Qinghai,P. aeruginosa | Aztreonam,P. aeruginosa,Aztreonam,other,10.032213501909938,-4.566106945276259,2173,6,FALSE,3,Inland surveillance-gap belt
Qinghai,P. aeruginosa | Cefepime,P. aeruginosa,Cefepime,cephalosporins,3.836709625922953,-1.565376296639442,6516,6,FALSE,3,Inland surveillance-gap belt
Qinghai,P. aeruginosa | Ceftazidime,P. aeruginosa,Ceftazidime,cephalosporins,7.388105264343527,-1.0549604892730713,6524,6,FALSE,3,Inland surveillance-gap belt
Qinghai,P. aeruginosa | Ciprofloxacin,P. aeruginosa,Ciprofloxacin,fluoroquinolones,5.12124805971639,-0.6576899439096451,5897,6,TRUE,3,Inland surveillance-gap belt
Qinghai,P. aeruginosa | Gentamicin,P. aeruginosa,Gentamicin,aminoglycosides,4.977544939039487,-0.8685581386089325,2672,6,FALSE,3,Inland surveillance-gap belt
Qinghai,P. aeruginosa | Imipenem,P. aeruginosa,Imipenem,carbapenems,9.342168954461307,-3.525577485561371,6187,6,FALSE,3,Inland surveillance-gap belt
Qinghai,P. aeruginosa | Levofloxacin,P. aeruginosa,Levofloxacin,fluoroquinolones,5.5174665606434425,1.1658154428005219,6126,6,FALSE,3,Inland surveillance-gap belt
Qinghai,P. aeruginosa | Meropenem,P. aeruginosa,Meropenem,carbapenems,6.4911367308554295,-5.994210019707678,3836,6,FALSE,3,Inland surveillance-gap belt
Qinghai,P. aeruginosa | Piperacillin,P. aeruginosa,Piperacillin,other,13.504823544017755,12.392180413007736,311,6,FALSE,3,Inland surveillance-gap belt
Qinghai,P. aeruginosa | Polymyxin B,P. aeruginosa,Polymyxin B,other,1.276102110045571,2.5089606642723083,862,6,FALSE,3,Inland surveillance-gap belt
Qinghai,P. aeruginosa | Tobramycin,P. aeruginosa,Tobramycin,aminoglycosides,3.220707362503361,0.5348321050405502,5061,6,FALSE,3,Inland surveillance-gap belt
Qinghai,S. aureus | Amikacin,S. aureus,Amikacin,aminoglycosides,1.5384615398943424,NA,195,1,FALSE,3,Inland surveillance-gap belt
Qinghai,S. aureus | Cefoxitin,S. aureus,Cefoxitin,cephalosporins,33.23667928084985,4.034608602523804,5518,6,FALSE,3,Inland surveillance-gap belt
Qinghai,S. aureus | Chloramphenicol,S. aureus,Chloramphenicol,other,5.4662379417229054,-0.2457190304994583,933,6,FALSE,3,Inland surveillance-gap belt
Qinghai,S. aureus | Ciprofloxacin,S. aureus,Ciprofloxacin,fluoroquinolones,7.057211313860812,-1.741597056388855,8757,6,FALSE,3,Inland surveillance-gap belt
Qinghai,S. aureus | Clindamycin,S. aureus,Clindamycin,other,43.345458416060765,-11.201012134552002,17319,6,FALSE,3,Inland surveillance-gap belt
Qinghai,S. aureus | Erythromycin,S. aureus,Erythromycin,macrolides,62.95849928545317,-6.330442428588867,19084,6,TRUE,3,Inland surveillance-gap belt
Qinghai,S. aureus | Gentamicin,S. aureus,Gentamicin,aminoglycosides,7.600479520694597,-4.667818546295168,19183,6,FALSE,3,Inland surveillance-gap belt
Qinghai,S. aureus | Levofloxacin,S. aureus,Levofloxacin,fluoroquinolones,7.054653546838705,0.2182580530643463,17492,6,FALSE,3,Inland surveillance-gap belt
Qinghai,S. aureus | Linezolid,S. aureus,Linezolid,other,0,0,19112,6,FALSE,3,Inland surveillance-gap belt
Qinghai,S. aureus | Nitrofurantoin,S. aureus,Nitrofurantoin,other,0.3490401459244254,-0.34948044922202826,2292,6,FALSE,3,Inland surveillance-gap belt
Qinghai,S. aureus | Oxacillin,S. aureus,Oxacillin,other,31.605371240106717,-1.6732364892959595,17130,6,FALSE,3,Inland surveillance-gap belt
Qinghai,S. aureus | Penicillin G,S. aureus,Penicillin G,other,93.90156726441214,-1.15457773208621,18185,6,FALSE,3,Inland surveillance-gap belt
Qinghai,S. aureus | Rifampicin,S. aureus,Rifampicin,other,1.135025180840155,-0.38258396089076996,18678,6,FALSE,3,Inland surveillance-gap belt
Qinghai,S. aureus | Teicoplanin,S. aureus,Teicoplanin,other,0,0,10523,6,FALSE,3,Inland surveillance-gap belt
Qinghai,S. aureus | Tetracycline,S. aureus,Tetracycline,tetracyclines,24.05188465735618,-6.7139580845832825,9097,6,FALSE,3,Inland surveillance-gap belt
Qinghai,S. aureus | Vancomycin,S. aureus,Vancomycin,other,0,0,19129,6,FALSE,3,Inland surveillance-gap belt
Shaanxi,A. baumannii | Amikacin,A. baumannii,Amikacin,aminoglycosides,40.09861487038285,12.520024180412292,26365,6,FALSE,3,Inland surveillance-gap belt
Shaanxi,A. baumannii | Aztreonam,A. baumannii,Aztreonam,other,88.64541837418697,-40.29126167297365,502,6,FALSE,3,Inland surveillance-gap belt
Shaanxi,A. baumannii | Cefepime,A. baumannii,Cefepime,cephalosporins,54.084155247139286,-3.0923306941986084,34389,6,FALSE,3,Inland surveillance-gap belt
Shaanxi,A. baumannii | Cefotaxime,A. baumannii,Cefotaxime,cephalosporins,48.54404729503659,9.941500425338745,5426,6,FALSE,3,Inland surveillance-gap belt
Shaanxi,A. baumannii | Ceftazidime,A. baumannii,Ceftazidime,cephalosporins,58.515628225849,-1.8356859683990479,34331,6,FALSE,3,Inland surveillance-gap belt
Shaanxi,A. baumannii | Ceftriaxone,A. baumannii,Ceftriaxone,cephalosporins,65.76222120518021,22.773247957229614,9656,6,FALSE,3,Inland surveillance-gap belt
Shaanxi,A. baumannii | Ciprofloxacin,A. baumannii,Ciprofloxacin,fluoroquinolones,60.49570807852783,-3.3990204334259033,32156,6,FALSE,3,Inland surveillance-gap belt
Shaanxi,A. baumannii | Gentamicin,A. baumannii,Gentamicin,aminoglycosides,53.68048549919226,6.039828062057495,16112,6,FALSE,3,Inland surveillance-gap belt
Shaanxi,A. baumannii | Imipenem,A. baumannii,Imipenem,carbapenems,58.52562789885076,-1.0025560855865479,32719,6,FALSE,3,Inland surveillance-gap belt
Shaanxi,A. baumannii | Levofloxacin,A. baumannii,Levofloxacin,fluoroquinolones,49.530044635929244,0.29900968074798584,33301,6,TRUE,3,Inland surveillance-gap belt
Shaanxi,A. baumannii | Meropenem,A. baumannii,Meropenem,carbapenems,58.94612038083089,-1.0335922241210938,32053,6,FALSE,3,Inland surveillance-gap belt
Shaanxi,A. baumannii | Minocycline,A. baumannii,Minocycline,other,10.474270622125571,-9.119890630245209,26293,6,FALSE,3,Inland surveillance-gap belt
Shaanxi,A. baumannii | Polymyxin B,A. baumannii,Polymyxin B,other,0.7799048046371563,0.04447726532816876,9873,6,FALSE,3,Inland surveillance-gap belt
Shaanxi,A. baumannii | Tigecycline,A. baumannii,Tigecycline,tetracyclines,1.8081587545220486,-1.254513394087553,18140,6,FALSE,3,Inland surveillance-gap belt
Shaanxi,A. baumannii | Tobramycin,A. baumannii,Tobramycin,aminoglycosides,51.17833312983324,0.29283761978149414,25587,6,FALSE,3,Inland surveillance-gap belt
Shaanxi,E. coli | Amikacin,E. coli,Amikacin,aminoglycosides,2.1993169028671145,2.6382149197161198,115354,6,FALSE,3,Inland surveillance-gap belt
Shaanxi,E. coli | Ampicillin,E. coli,Ampicillin,other,85.06473633257627,-0.8804440498352051,95231,6,FALSE,3,Inland surveillance-gap belt
Shaanxi,E. coli | Aztreonam,E. coli,Aztreonam,other,32.668543095729426,-5.102673172950745,100182,6,FALSE,3,Inland surveillance-gap belt
Shaanxi,E. coli | Cefazolin,E. coli,Cefazolin,cephalosporins,67.58900785328335,-6.096923351287842,31767,6,FALSE,3,Inland surveillance-gap belt
Shaanxi,E. coli | Cefepime,E. coli,Cefepime,cephalosporins,26.27937230219841,0.2750277519226074,128774,6,FALSE,3,Inland surveillance-gap belt
Shaanxi,E. coli | Cefotaxime,E. coli,Cefotaxime,cephalosporins,53.637840049704174,0.9123682975769043,27104,6,FALSE,3,Inland surveillance-gap belt
Shaanxi,E. coli | Cefotetan,E. coli,Cefotetan,cephalosporins,2.7212647149730094,-1.9185462966561317,46302,6,FALSE,3,Inland surveillance-gap belt
Shaanxi,E. coli | Cefoxitin,E. coli,Cefoxitin,cephalosporins,10.133355769236333,-4.594148695468903,59240,6,FALSE,3,Inland surveillance-gap belt
Shaanxi,E. coli | Ceftazidime,E. coli,Ceftazidime,cephalosporins,23.09695060296411,-4.50834333896637,129437,6,FALSE,3,Inland surveillance-gap belt
Shaanxi,E. coli | Ceftriaxone,E. coli,Ceftriaxone,cephalosporins,51.879991203398674,-4.020237922668457,105825,6,FALSE,3,Inland surveillance-gap belt
Shaanxi,E. coli | Cefuroxime,E. coli,Cefuroxime,cephalosporins,53.47576724707561,-4.614001512527466,108681,6,FALSE,3,Inland surveillance-gap belt
Shaanxi,E. coli | Chloramphenicol,E. coli,Chloramphenicol,other,16.888975182465952,2.859055995941164,25715,6,FALSE,3,Inland surveillance-gap belt
Shaanxi,E. coli | Ciprofloxacin,E. coli,Ciprofloxacin,fluoroquinolones,55.120786157294056,3.795754909515388,89166,6,TRUE,3,Inland surveillance-gap belt
Shaanxi,E. coli | Ertapenem,E. coli,Ertapenem,carbapenems,0.9158926479260353,0.551492627710104,38760,6,FALSE,3,Inland surveillance-gap belt
Shaanxi,E. coli | Gentamicin,E. coli,Gentamicin,aminoglycosides,35.88779044842945,-5.360990762710571,103949,6,FALSE,3,Inland surveillance-gap belt
Shaanxi,E. coli | Imipenem,E. coli,Imipenem,carbapenems,0.8742615373699818,-0.035538896918296814,126278,6,FALSE,3,Inland surveillance-gap belt
Shaanxi,E. coli | Levofloxacin,E. coli,Levofloxacin,fluoroquinolones,52.364460829237615,1.3265430927276611,121275,6,TRUE,3,Inland surveillance-gap belt
Shaanxi,E. coli | Meropenem,E. coli,Meropenem,carbapenems,0.8078566448260517,0.08063111454248428,102741,6,FALSE,3,Inland surveillance-gap belt
Shaanxi,E. coli | Nitrofurantoin,E. coli,Nitrofurantoin,other,2.200094849249236,-0.6215697154402733,10545,6,FALSE,3,Inland surveillance-gap belt
Shaanxi,E. coli | Polymyxin B,E. coli,Polymyxin B,other,0.6556493530288481,NA,11134,4,FALSE,3,Inland surveillance-gap belt
Shaanxi,E. coli | Tigecycline,E. coli,Tigecycline,tetracyclines,0.15152865552896044,0.023246736964210854,33657,6,FALSE,3,Inland surveillance-gap belt
Shaanxi,E. coli | Tobramycin,E. coli,Tobramycin,aminoglycosides,18.33529348340366,21.99435979127884,64624,6,FALSE,3,Inland surveillance-gap belt
Shaanxi,K. pneumoniae | Amikacin,K. pneumoniae,Amikacin,aminoglycosides,7.027013278276753,1.1496052145957938,79109,6,FALSE,3,Inland surveillance-gap belt
Shaanxi,K. pneumoniae | Ampicillin,K. pneumoniae,Ampicillin,other,87.64819871970718,-2.3334741592407084,9278,6,FALSE,3,Inland surveillance-gap belt
Shaanxi,K. pneumoniae | Aztreonam,K. pneumoniae,Aztreonam,other,21.493436494585865,1.9355371594429016,67723,6,FALSE,3,Inland surveillance-gap belt
Shaanxi,K. pneumoniae | Cefazolin,K. pneumoniae,Cefazolin,cephalosporins,29.958457960368627,-2.798795700073242,32979,6,FALSE,3,Inland surveillance-gap belt
Shaanxi,K. pneumoniae | Cefepime,K. pneumoniae,Cefepime,cephalosporins,17.196921544959853,0.6348937749862671,87568,6,FALSE,3,Inland surveillance-gap belt
Shaanxi,K. pneumoniae | Cefotaxime,K. pneumoniae,Cefotaxime,cephalosporins,24.275307906195017,1.777629554271698,19905,6,FALSE,3,Inland surveillance-gap belt
Shaanxi,K. pneumoniae | Cefotetan,K. pneumoniae,Cefotetan,cephalosporins,7.166543004801288,4.218847304582596,25633,6,FALSE,3,Inland surveillance-gap belt
Shaanxi,K. pneumoniae | Cefoxitin,K. pneumoniae,Cefoxitin,cephalosporins,17.02170672359572,0.3987312316894531,39573,6,FALSE,3,Inland surveillance-gap belt
Shaanxi,K. pneumoniae | Ceftazidime,K. pneumoniae,Ceftazidime,cephalosporins,18.119889460968324,0.49844682216644287,88665,6,FALSE,3,Inland surveillance-gap belt
Shaanxi,K. pneumoniae | Ceftriaxone,K. pneumoniae,Ceftriaxone,cephalosporins,25.2926817289404,-3.384813666343689,67992,6,FALSE,3,Inland surveillance-gap belt
Shaanxi,K. pneumoniae | Cefuroxime,K. pneumoniae,Cefuroxime,cephalosporins,28.290050061276922,-3.2122939825057983,71891,6,FALSE,3,Inland surveillance-gap belt
Shaanxi,K. pneumoniae | Chloramphenicol,K. pneumoniae,Chloramphenicol,other,20.565932836099034,3.5008698701858556,21628,6,FALSE,3,Inland surveillance-gap belt
Shaanxi,K. pneumoniae | Ciprofloxacin,K. pneumoniae,Ciprofloxacin,fluoroquinolones,18.922424171922156,2.4053335189819336,59374,6,TRUE,3,Inland surveillance-gap belt
Shaanxi,K. pneumoniae | Ertapenem,K. pneumoniae,Ertapenem,carbapenems,10.198931597038786,9.596272371709345,23777,6,FALSE,3,Inland surveillance-gap belt
Shaanxi,K. pneumoniae | Gentamicin,K. pneumoniae,Gentamicin,aminoglycosides,14.89134150213319,-0.35691410303115845,67321,6,FALSE,3,Inland surveillance-gap belt
Shaanxi,K. pneumoniae | Imipenem,K. pneumoniae,Imipenem,carbapenems,8.082648138021504,1.3365246355533582,86197,6,FALSE,3,Inland surveillance-gap belt
Shaanxi,K. pneumoniae | Levofloxacin,K. pneumoniae,Levofloxacin,fluoroquinolones,16.010570886546954,-0.2735614776611328,83245,6,TRUE,3,Inland surveillance-gap belt
Shaanxi,K. pneumoniae | Meropenem,K. pneumoniae,Meropenem,carbapenems,8.697889131255469,1.6538850963115692,69971,6,FALSE,3,Inland surveillance-gap belt
Shaanxi,K. pneumoniae | Nitrofurantoin,K. pneumoniae,Nitrofurantoin,other,18.463775286640992,-11.658658087253572,4127,6,FALSE,3,Inland surveillance-gap belt
Shaanxi,K. pneumoniae | Polymyxin B,K. pneumoniae,Polymyxin B,other,2.326854679130819,NA,7306,4,FALSE,3,Inland surveillance-gap belt
Shaanxi,K. pneumoniae | Tigecycline,K. pneumoniae,Tigecycline,tetracyclines,1.4940891066652395,-0.3547496162354944,25969,6,FALSE,3,Inland surveillance-gap belt
Shaanxi,K. pneumoniae | Tobramycin,K. pneumoniae,Tobramycin,aminoglycosides,15.567288409630303,9.675522148609161,42236,6,FALSE,3,Inland surveillance-gap belt
Shaanxi,P. aeruginosa | Amikacin,P. aeruginosa,Amikacin,aminoglycosides,3.977645485330513,-2.250410057604313,41155,6,FALSE,3,Inland surveillance-gap belt
Shaanxi,P. aeruginosa | Aztreonam,P. aeruginosa,Aztreonam,other,19.649558002696455,-6.359826028347015,34642,6,FALSE,3,Inland surveillance-gap belt
Shaanxi,P. aeruginosa | Cefepime,P. aeruginosa,Cefepime,cephalosporins,9.224139811711447,-3.495565801858902,45717,6,FALSE,3,Inland surveillance-gap belt
Shaanxi,P. aeruginosa | Ceftazidime,P. aeruginosa,Ceftazidime,cephalosporins,15.163252839110323,-3.0578464269638044,45696,6,FALSE,3,Inland surveillance-gap belt
Shaanxi,P. aeruginosa | Ciprofloxacin,P. aeruginosa,Ciprofloxacin,fluoroquinolones,11.03459466682366,-3.7969358265399933,43128,6,TRUE,3,Inland surveillance-gap belt
Shaanxi,P. aeruginosa | Gentamicin,P. aeruginosa,Gentamicin,aminoglycosides,7.443527313079244,-4.207224398851396,22046,6,FALSE,3,Inland surveillance-gap belt
Shaanxi,P. aeruginosa | Imipenem,P. aeruginosa,Imipenem,carbapenems,19.771297209407287,-1.3382598757743835,44337,6,FALSE,3,Inland surveillance-gap belt
Shaanxi,P. aeruginosa | Levofloxacin,P. aeruginosa,Levofloxacin,fluoroquinolones,12.402833466645596,-3.6614902317523956,43482,6,FALSE,3,Inland surveillance-gap belt
Shaanxi,P. aeruginosa | Meropenem,P. aeruginosa,Meropenem,carbapenems,16.717502006074017,-1.3840079307556152,44588,6,FALSE,3,Inland surveillance-gap belt
Shaanxi,P. aeruginosa | Piperacillin,P. aeruginosa,Piperacillin,other,21.13269371039336,-4.19507622718811,12819,6,FALSE,3,Inland surveillance-gap belt
Shaanxi,P. aeruginosa | Polymyxin B,P. aeruginosa,Polymyxin B,other,1.0281079121101264,1.3082250952720642,10602,6,FALSE,3,Inland surveillance-gap belt
Shaanxi,P. aeruginosa | Tobramycin,P. aeruginosa,Tobramycin,aminoglycosides,6.674299150584535,-0.35964176058769226,32318,6,FALSE,3,Inland surveillance-gap belt
Shaanxi,S. aureus | Amikacin,S. aureus,Amikacin,aminoglycosides,4.236343502998352,NA,897,1,FALSE,3,Inland surveillance-gap belt
Shaanxi,S. aureus | Cefoxitin,S. aureus,Cefoxitin,cephalosporins,34.354228737160696,-5.109143257141113,7673,6,FALSE,3,Inland surveillance-gap belt
Shaanxi,S. aureus | Chloramphenicol,S. aureus,Chloramphenicol,other,5.463677608676946,-0.4573047161102295,8163,6,FALSE,3,Inland surveillance-gap belt
Shaanxi,S. aureus | Ciprofloxacin,S. aureus,Ciprofloxacin,fluoroquinolones,13.501749896962506,1.603492349386217,34003,6,FALSE,3,Inland surveillance-gap belt
Shaanxi,S. aureus | Clindamycin,S. aureus,Clindamycin,other,38.32182623717046,-8.877617120742798,53737,6,FALSE,3,Inland surveillance-gap belt
Shaanxi,S. aureus | Erythromycin,S. aureus,Erythromycin,macrolides,65.58512991573622,-5.0585925579071045,59175,6,TRUE,3,Inland surveillance-gap belt
Shaanxi,S. aureus | Gentamicin,S. aureus,Gentamicin,aminoglycosides,10.680230847591265,-6.269770860671997,57995,6,FALSE,3,Inland surveillance-gap belt
Shaanxi,S. aureus | Levofloxacin,S. aureus,Levofloxacin,fluoroquinolones,13.326875383040559,-0.7872864603996259,53681,6,FALSE,3,Inland surveillance-gap belt
Shaanxi,S. aureus | Linezolid,S. aureus,Linezolid,other,0,0,59328,6,FALSE,3,Inland surveillance-gap belt
Shaanxi,S. aureus | Nitrofurantoin,S. aureus,Nitrofurantoin,other,0.18531387638497407,-0.0039850827306509296,4317,6,FALSE,3,Inland surveillance-gap belt
Shaanxi,S. aureus | Oxacillin,S. aureus,Oxacillin,other,35.372230622702624,2.056795358657837,58136,6,FALSE,3,Inland surveillance-gap belt
Shaanxi,S. aureus | Penicillin G,S. aureus,Penicillin G,other,93.5120814628868,0.810617208480835,56243,6,FALSE,3,Inland surveillance-gap belt
Shaanxi,S. aureus | Rifampicin,S. aureus,Rifampicin,other,2.1085591441122955,-1.580279227346182,55251,6,FALSE,3,Inland surveillance-gap belt
Shaanxi,S. aureus | Teicoplanin,S. aureus,Teicoplanin,other,0,0,30018,6,FALSE,3,Inland surveillance-gap belt
Shaanxi,S. aureus | Tetracycline,S. aureus,Tetracycline,tetracyclines,18.313246220712866,-5.765509605407715,34931,6,FALSE,3,Inland surveillance-gap belt
Shaanxi,S. aureus | Vancomycin,S. aureus,Vancomycin,other,0,0,58975,6,FALSE,3,Inland surveillance-gap belt
Shandong,A. baumannii | Amikacin,A. baumannii,Amikacin,aminoglycosides,41.67452506664412,-0.5336970090866089,112402,6,FALSE,1,Eastern production-infrastructure belt
Shandong,A. baumannii | Aztreonam,A. baumannii,Aztreonam,other,73.00305212877144,-6.105738878250122,5571,6,FALSE,1,Eastern production-infrastructure belt
Shandong,A. baumannii | Cefepime,A. baumannii,Cefepime,cephalosporins,50.95538914277427,-8.989998698234558,126022,6,FALSE,1,Eastern production-infrastructure belt
Shandong,A. baumannii | Cefotaxime,A. baumannii,Cefotaxime,cephalosporins,51.413092085871625,-9.52012836933136,28979,6,FALSE,1,Eastern production-infrastructure belt
Shandong,A. baumannii | Ceftazidime,A. baumannii,Ceftazidime,cephalosporins,55.24355687499394,-4.144984483718872,123256,6,FALSE,1,Eastern production-infrastructure belt
Shandong,A. baumannii | Ceftriaxone,A. baumannii,Ceftriaxone,cephalosporins,52.930575525504835,-7.667249441146851,72136,6,FALSE,1,Eastern production-infrastructure belt
Shandong,A. baumannii | Ciprofloxacin,A. baumannii,Ciprofloxacin,fluoroquinolones,56.026691335264665,-5.130171775817871,120937,6,FALSE,1,Eastern production-infrastructure belt
Shandong,A. baumannii | Gentamicin,A. baumannii,Gentamicin,aminoglycosides,51.22653353799463,-6.055587530136108,104563,6,FALSE,1,Eastern production-infrastructure belt
Shandong,A. baumannii | Imipenem,A. baumannii,Imipenem,carbapenems,55.65406796394199,-4.0579259395599365,117977,6,FALSE,1,Eastern production-infrastructure belt
Shandong,A. baumannii | Levofloxacin,A. baumannii,Levofloxacin,fluoroquinolones,50.32778030026856,-0.5547165870666504,126304,6,TRUE,1,Eastern production-infrastructure belt
Shandong,A. baumannii | Meropenem,A. baumannii,Meropenem,carbapenems,56.49751962700851,-2.2536098957061768,108249,6,FALSE,1,Eastern production-infrastructure belt
Shandong,A. baumannii | Minocycline,A. baumannii,Minocycline,other,15.406973348801134,-13.555879890918732,85325,6,FALSE,1,Eastern production-infrastructure belt
Shandong,A. baumannii | Polymyxin B,A. baumannii,Polymyxin B,other,0.5798260516699433,-0.9141034446656704,20006,6,FALSE,1,Eastern production-infrastructure belt
Shandong,A. baumannii | Tigecycline,A. baumannii,Tigecycline,tetracyclines,2.917696573850038,-1.3146359473466873,84553,6,FALSE,1,Eastern production-infrastructure belt
Shandong,A. baumannii | Tobramycin,A. baumannii,Tobramycin,aminoglycosides,46.16534820215287,-2.2774279117584157,107676,6,FALSE,1,Eastern production-infrastructure belt
Shandong,E. coli | Amikacin,E. coli,Amikacin,aminoglycosides,2.964089920810822,1.739680953323841,397019,6,FALSE,1,Eastern production-infrastructure belt
Shandong,E. coli | Ampicillin,E. coli,Ampicillin,other,82.79883969517093,0.7541894912719727,400723,6,FALSE,1,Eastern production-infrastructure belt
Shandong,E. coli | Aztreonam,E. coli,Aztreonam,other,30.601940405192266,-3.924471139907837,395903,6,FALSE,1,Eastern production-infrastructure belt
Shandong,E. coli | Cefazolin,E. coli,Cefazolin,cephalosporins,62.21105230040405,-1.8783032894134521,216259,6,FALSE,1,Eastern production-infrastructure belt
Shandong,E. coli | Cefepime,E. coli,Cefepime,cephalosporins,20.34045459074651,-1.3055920600891113,414563,6,FALSE,1,Eastern production-infrastructure belt
Shandong,E. coli | Cefotaxime,E. coli,Cefotaxime,cephalosporins,48.24553724860075,-2.681732177734375,217759,6,FALSE,1,Eastern production-infrastructure belt
Shandong,E. coli | Cefotetan,E. coli,Cefotetan,cephalosporins,2.6361522584189254,-0.5263559520244598,207727,6,FALSE,1,Eastern production-infrastructure belt
Shandong,E. coli | Cefoxitin,E. coli,Cefoxitin,cephalosporins,12.20384101017701,-2.1629035472869873,180984,6,FALSE,1,Eastern production-infrastructure belt
Shandong,E. coli | Ceftazidime,E. coli,Ceftazidime,cephalosporins,21.341621740994274,-2.7738913893699575,400888,6,FALSE,1,Eastern production-infrastructure belt
Shandong,E. coli | Ceftriaxone,E. coli,Ceftriaxone,cephalosporins,48.33093452870179,-2.685156464576721,372424,6,FALSE,1,Eastern production-infrastructure belt
Shandong,E. coli | Cefuroxime,E. coli,Cefuroxime,cephalosporins,49.63766492095292,-2.7788877487182617,360716,6,FALSE,1,Eastern production-infrastructure belt
Shandong,E. coli | Chloramphenicol,E. coli,Chloramphenicol,other,27.477283623021254,1.3706594705581665,37198,6,FALSE,1,Eastern production-infrastructure belt
Shandong,E. coli | Ciprofloxacin,E. coli,Ciprofloxacin,fluoroquinolones,53.891673650586405,2.3244082927703857,373798,6,TRUE,1,Eastern production-infrastructure belt
Shandong,E. coli | Ertapenem,E. coli,Ertapenem,carbapenems,1.3757886632233844,0.31217988580465317,345838,6,FALSE,1,Eastern production-infrastructure belt
Shandong,E. coli | Gentamicin,E. coli,Gentamicin,aminoglycosides,37.127458671073384,-4.752644896507263,392642,6,FALSE,1,Eastern production-infrastructure belt
Shandong,E. coli | Imipenem,E. coli,Imipenem,carbapenems,1.5235965271175234,0.15850830823183082,416777,6,FALSE,1,Eastern production-infrastructure belt
Shandong,E. coli | Levofloxacin,E. coli,Levofloxacin,fluoroquinolones,51.44258689637941,1.9648432731628418,411968,6,TRUE,1,Eastern production-infrastructure belt
Shandong,E. coli | Meropenem,E. coli,Meropenem,carbapenems,1.5921213994621874,0.1751210540533068,343818,6,FALSE,1,Eastern production-infrastructure belt
Shandong,E. coli | Nitrofurantoin,E. coli,Nitrofurantoin,other,2.6240372504896405,-0.8635092526674275,66996,6,FALSE,1,Eastern production-infrastructure belt
Shandong,E. coli | Polymyxin B,E. coli,Polymyxin B,other,1.020202018917924,NA,9900,4,FALSE,1,Eastern production-infrastructure belt
Shandong,E. coli | Tigecycline,E. coli,Tigecycline,tetracyclines,0.16982750662638413,-0.17637640703469515,172528,6,FALSE,1,Eastern production-infrastructure belt
Shandong,E. coli | Tobramycin,E. coli,Tobramycin,aminoglycosides,20.469410703683064,18.43787133693695,295988,6,FALSE,1,Eastern production-infrastructure belt
Shandong,K. pneumoniae | Amikacin,K. pneumoniae,Amikacin,aminoglycosides,4.405747777415169,0.060138851404190063,303558,6,FALSE,1,Eastern production-infrastructure belt
Shandong,K. pneumoniae | Ampicillin,K. pneumoniae,Ampicillin,other,91.39359100585281,-2.7978479862212993,58317,6,FALSE,1,Eastern production-infrastructure belt
Shandong,K. pneumoniae | Aztreonam,K. pneumoniae,Aztreonam,other,20.06314908240681,-2.1537423133850098,297710,6,FALSE,1,Eastern production-infrastructure belt
Shandong,K. pneumoniae | Cefazolin,K. pneumoniae,Cefazolin,cephalosporins,31.7313315725405,-6.44909143447876,243050,6,FALSE,1,Eastern production-infrastructure belt
Shandong,K. pneumoniae | Cefepime,K. pneumoniae,Cefepime,cephalosporins,15.007498527299768,-1.3515651226043701,318734,6,FALSE,1,Eastern production-infrastructure belt
Shandong,K. pneumoniae | Cefotaxime,K. pneumoniae,Cefotaxime,cephalosporins,25.962095411791346,-7.285575568675995,160561,6,FALSE,1,Eastern production-infrastructure belt
Shandong,K. pneumoniae | Cefotetan,K. pneumoniae,Cefotetan,cephalosporins,3.709650966979747,0.05879253149032637,151955,6,FALSE,1,Eastern production-infrastructure belt
Shandong,K. pneumoniae | Cefoxitin,K. pneumoniae,Cefoxitin,cephalosporins,14.555458168659126,-2.5869160890579206,146859,6,FALSE,1,Eastern production-infrastructure belt
Shandong,K. pneumoniae | Ceftazidime,K. pneumoniae,Ceftazidime,cephalosporins,16.68246158742646,-0.925949215888977,309169,6,FALSE,1,Eastern production-infrastructure belt
Shandong,K. pneumoniae | Ceftriaxone,K. pneumoniae,Ceftriaxone,cephalosporins,26.52662868829853,-4.901757836341854,283353,6,FALSE,1,Eastern production-infrastructure belt
Shandong,K. pneumoniae | Cefuroxime,K. pneumoniae,Cefuroxime,cephalosporins,28.76397541476272,-5.512532591819763,280674,6,FALSE,1,Eastern production-infrastructure belt
Shandong,K. pneumoniae | Chloramphenicol,K. pneumoniae,Chloramphenicol,other,22.846185280490573,-1.2942999601364136,39372,6,FALSE,1,Eastern production-infrastructure belt
Shandong,K. pneumoniae | Ciprofloxacin,K. pneumoniae,Ciprofloxacin,fluoroquinolones,18.652851569577532,-0.6569206714630127,279019,6,TRUE,1,Eastern production-infrastructure belt
Shandong,K. pneumoniae | Ertapenem,K. pneumoniae,Ertapenem,carbapenems,4.588109820446399,-0.13186149299144745,262570,6,FALSE,1,Eastern production-infrastructure belt
Shandong,K. pneumoniae | Gentamicin,K. pneumoniae,Gentamicin,aminoglycosides,15.935908426122344,-3.243255615234375,296701,6,FALSE,1,Eastern production-infrastructure belt
Shandong,K. pneumoniae | Imipenem,K. pneumoniae,Imipenem,carbapenems,4.735467504923363,-0.27343444526195526,319715,6,FALSE,1,Eastern production-infrastructure belt
Shandong,K. pneumoniae | Levofloxacin,K. pneumoniae,Levofloxacin,fluoroquinolones,16.16028577406105,-0.49428045749664307,316560,6,TRUE,1,Eastern production-infrastructure belt
Shandong,K. pneumoniae | Meropenem,K. pneumoniae,Meropenem,carbapenems,4.5489703786053575,-0.5273245275020599,259861,6,FALSE,1,Eastern production-infrastructure belt
Shandong,K. pneumoniae | Nitrofurantoin,K. pneumoniae,Nitrofurantoin,other,26.71171776414262,-5.610346794128418,47058,6,FALSE,1,Eastern production-infrastructure belt
Shandong,K. pneumoniae | Polymyxin B,K. pneumoniae,Polymyxin B,other,0.9641387483771936,NA,8505,4,FALSE,1,Eastern production-infrastructure belt
Shandong,K. pneumoniae | Tigecycline,K. pneumoniae,Tigecycline,tetracyclines,1.451934961872824,-0.718896556645632,142224,6,FALSE,1,Eastern production-infrastructure belt
Shandong,K. pneumoniae | Tobramycin,K. pneumoniae,Tobramycin,aminoglycosides,11.850443566194821,6.122980266809462,222017,6,FALSE,1,Eastern production-infrastructure belt
Shandong,P. aeruginosa | Amikacin,P. aeruginosa,Amikacin,aminoglycosides,1.9279958141524571,-0.987076573073864,181795,6,FALSE,1,Eastern production-infrastructure belt
Shandong,P. aeruginosa | Aztreonam,P. aeruginosa,Aztreonam,other,17.7671737567212,-3.899204730987549,171209,6,FALSE,1,Eastern production-infrastructure belt
Shandong,P. aeruginosa | Cefepime,P. aeruginosa,Cefepime,cephalosporins,7.153322895893473,-2.2351086139678955,194511,6,FALSE,1,Eastern production-infrastructure belt
Shandong,P. aeruginosa | Ceftazidime,P. aeruginosa,Ceftazidime,cephalosporins,11.42208316213445,-0.43999627232551575,190228,6,FALSE,1,Eastern production-infrastructure belt
Shandong,P. aeruginosa | Ciprofloxacin,P. aeruginosa,Ciprofloxacin,fluoroquinolones,11.293688148632931,-1.9712246954441088,191213,6,TRUE,1,Eastern production-infrastructure belt
Shandong,P. aeruginosa | Gentamicin,P. aeruginosa,Gentamicin,aminoglycosides,5.635822659169575,-0.7139910012483597,140157,6,FALSE,1,Eastern production-infrastructure belt
Shandong,P. aeruginosa | Imipenem,P. aeruginosa,Imipenem,carbapenems,13.82994078017178,-3.7445589900016785,194050,6,FALSE,1,Eastern production-infrastructure belt
Shandong,P. aeruginosa | Levofloxacin,P. aeruginosa,Levofloxacin,fluoroquinolones,12.866420770184693,-1.515234261751175,191856,6,FALSE,1,Eastern production-infrastructure belt
Shandong,P. aeruginosa | Meropenem,P. aeruginosa,Meropenem,carbapenems,10.813014409513517,-3.0418992042541504,179062,6,FALSE,1,Eastern production-infrastructure belt
Shandong,P. aeruginosa | Piperacillin,P. aeruginosa,Piperacillin,other,13.542088525134746,3.909648209810257,135725,6,FALSE,1,Eastern production-infrastructure belt
Shandong,P. aeruginosa | Polymyxin B,P. aeruginosa,Polymyxin B,other,0.8371185202506319,0.39772773161530495,26639,6,FALSE,1,Eastern production-infrastructure belt
Shandong,P. aeruginosa | Tobramycin,P. aeruginosa,Tobramycin,aminoglycosides,3.681001669599174,0.4447381943464279,152540,6,FALSE,1,Eastern production-infrastructure belt
Shandong,S. aureus | Amikacin,S. aureus,Amikacin,aminoglycosides,2.667814120650291,NA,2324,1,FALSE,1,Eastern production-infrastructure belt
Shandong,S. aureus | Cefoxitin,S. aureus,Cefoxitin,cephalosporins,26.298973283274055,2.0851939916610718,38184,6,FALSE,1,Eastern production-infrastructure belt
Shandong,S. aureus | Chloramphenicol,S. aureus,Chloramphenicol,other,4.176311285685169,1.6471786424517632,20305,6,FALSE,1,Eastern production-infrastructure belt
Shandong,S. aureus | Ciprofloxacin,S. aureus,Ciprofloxacin,fluoroquinolones,13.795642520268721,-0.03457367420196711,149395,6,FALSE,1,Eastern production-infrastructure belt
Shandong,S. aureus | Clindamycin,S. aureus,Clindamycin,other,32.486153929357975,-10.131305456161506,188862,6,FALSE,1,Eastern production-infrastructure belt
Shandong,S. aureus | Erythromycin,S. aureus,Erythromycin,macrolides,67.35595268173012,-5.166715383529663,191309,6,TRUE,1,Eastern production-infrastructure belt
Shandong,S. aureus | Gentamicin,S. aureus,Gentamicin,aminoglycosides,10.294449215358616,-8.090406656265259,190627,6,FALSE,1,Eastern production-infrastructure belt
Shandong,S. aureus | Levofloxacin,S. aureus,Levofloxacin,fluoroquinolones,13.05404741427106,0.5164027214050293,178121,6,FALSE,1,Eastern production-infrastructure belt
Shandong,S. aureus | Linezolid,S. aureus,Linezolid,other,0,0,190892,6,FALSE,1,Eastern production-infrastructure belt
Shandong,S. aureus | Nitrofurantoin,S. aureus,Nitrofurantoin,other,0.3049580305549205,0.13411627151072025,30496,6,FALSE,1,Eastern production-infrastructure belt
Shandong,S. aureus | Oxacillin,S. aureus,Oxacillin,other,24.87016082898358,-0.5286514759063721,188503,6,FALSE,1,Eastern production-infrastructure belt
Shandong,S. aureus | Penicillin G,S. aureus,Penicillin G,other,93.23345079516876,-0.9381175041198873,190023,6,FALSE,1,Eastern production-infrastructure belt
Shandong,S. aureus | Rifampicin,S. aureus,Rifampicin,other,1.1756646359554856,-1.3522609136998653,189765,6,FALSE,1,Eastern production-infrastructure belt
Shandong,S. aureus | Teicoplanin,S. aureus,Teicoplanin,other,0,0,89012,6,FALSE,1,Eastern production-infrastructure belt
Shandong,S. aureus | Tetracycline,S. aureus,Tetracycline,tetracyclines,12.943511317921981,-5.461955070495607,137567,6,FALSE,1,Eastern production-infrastructure belt
Shandong,S. aureus | Vancomycin,S. aureus,Vancomycin,other,0,0,190563,6,FALSE,1,Eastern production-infrastructure belt
Shanghai,A. baumannii | Amikacin,A. baumannii,Amikacin,aminoglycosides,44.88696799835927,-5.542281270027161,58302,6,FALSE,2,Urban-industrial wastewater core
Shanghai,A. baumannii | Aztreonam,A. baumannii,Aztreonam,other,71.70225725252931,-3.59078049659729,5011,6,FALSE,2,Urban-industrial wastewater core
Shanghai,A. baumannii | Cefepime,A. baumannii,Cefepime,cephalosporins,53.676611264240755,-5.608606338500977,62340,6,FALSE,2,Urban-industrial wastewater core
Shanghai,A. baumannii | Cefotaxime,A. baumannii,Cefotaxime,cephalosporins,60.29634205441407,-25.918829441070557,6614,6,FALSE,2,Urban-industrial wastewater core
Shanghai,A. baumannii | Ceftazidime,A. baumannii,Ceftazidime,cephalosporins,60.160179847271685,-2.041149139404297,62430,6,FALSE,2,Urban-industrial wastewater core
Shanghai,A. baumannii | Ceftriaxone,A. baumannii,Ceftriaxone,cephalosporins,58.62648120894816,-3.262805938720703,31554,6,FALSE,2,Urban-industrial wastewater core
Shanghai,A. baumannii | Ciprofloxacin,A. baumannii,Ciprofloxacin,fluoroquinolones,62.309949532756704,-3.7120819091796875,56235,6,FALSE,2,Urban-industrial wastewater core
Shanghai,A. baumannii | Gentamicin,A. baumannii,Gentamicin,aminoglycosides,49.3013832053509,-4.672899842262268,43944,6,FALSE,2,Urban-industrial wastewater core
Shanghai,A. baumannii | Imipenem,A. baumannii,Imipenem,carbapenems,59.428644225986616,-2.029186487197876,62098,6,FALSE,2,Urban-industrial wastewater core
Shanghai,A. baumannii | Levofloxacin,A. baumannii,Levofloxacin,fluoroquinolones,51.80914737908606,1.7361164093017578,57154,6,TRUE,2,Urban-industrial wastewater core
Shanghai,A. baumannii | Meropenem,A. baumannii,Meropenem,carbapenems,59.44533859771883,-1.9941270351409912,59712,6,FALSE,2,Urban-industrial wastewater core
Shanghai,A. baumannii | Minocycline,A. baumannii,Minocycline,other,17.564951846799886,-6.958344578742981,56311,6,FALSE,2,Urban-industrial wastewater core
Shanghai,A. baumannii | Polymyxin B,A. baumannii,Polymyxin B,other,0.39211841536224407,0.026079011149704456,10201,6,FALSE,2,Urban-industrial wastewater core
Shanghai,A. baumannii | Tigecycline,A. baumannii,Tigecycline,tetracyclines,3.0512141689705135,-1.3757316395640373,53618,6,FALSE,2,Urban-industrial wastewater core
Shanghai,A. baumannii | Tobramycin,A. baumannii,Tobramycin,aminoglycosides,48.47933198963055,-5.515480041503899,50537,6,FALSE,2,Urban-industrial wastewater core
Shanghai,E. coli | Amikacin,E. coli,Amikacin,aminoglycosides,2.845797516844861,2.167161740362644,173765,6,FALSE,2,Urban-industrial wastewater core
Shanghai,E. coli | Ampicillin,E. coli,Ampicillin,other,80.14729095276945,-0.9682059288024902,167559,6,FALSE,2,Urban-industrial wastewater core
Shanghai,E. coli | Aztreonam,E. coli,Aztreonam,other,31.981363101908975,-3.8244426250457764,147661,6,FALSE,2,Urban-industrial wastewater core
Shanghai,E. coli | Cefazolin,E. coli,Cefazolin,cephalosporins,63.777075614147655,-3.7839293479919434,62281,6,FALSE,2,Urban-industrial wastewater core
Shanghai,E. coli | Cefepime,E. coli,Cefepime,cephalosporins,26.056891349167504,3.1445026397705043,179465,6,FALSE,2,Urban-industrial wastewater core
Shanghai,E. coli | Cefotaxime,E. coli,Cefotaxime,cephalosporins,51.84285903381152,-4.439890384674072,79903,6,FALSE,2,Urban-industrial wastewater core
Shanghai,E. coli | Cefotetan,E. coli,Cefotetan,cephalosporins,3.8859709044621376,0.5545221269130702,52548,6,FALSE,2,Urban-industrial wastewater core
Shanghai,E. coli | Cefoxitin,E. coli,Cefoxitin,cephalosporins,11.6157525043988,-0.15726238489151179,123410,6,FALSE,2,Urban-industrial wastewater core
Shanghai,E. coli | Ceftazidime,E. coli,Ceftazidime,cephalosporins,24.027275405751606,-2.04022079706192,179650,6,FALSE,2,Urban-industrial wastewater core
Shanghai,E. coli | Ceftriaxone,E. coli,Ceftriaxone,cephalosporins,51.07120443916628,-3.6137521266937256,127240,6,FALSE,2,Urban-industrial wastewater core
Shanghai,E. coli | Cefuroxime,E. coli,Cefuroxime,cephalosporins,52.7942489574469,-3.023958206176758,166950,6,FALSE,2,Urban-industrial wastewater core
Shanghai,E. coli | Chloramphenicol,E. coli,Chloramphenicol,other,30.708509388110432,-4.856613278388977,5194,6,FALSE,2,Urban-industrial wastewater core
Shanghai,E. coli | Ciprofloxacin,E. coli,Ciprofloxacin,fluoroquinolones,56.354226601414446,1.2301862239837646,127726,6,TRUE,2,Urban-industrial wastewater core
Shanghai,E. coli | Ertapenem,E. coli,Ertapenem,carbapenems,2.0306560414963744,0.21866913884878159,81550,6,FALSE,2,Urban-industrial wastewater core
Shanghai,E. coli | Gentamicin,E. coli,Gentamicin,aminoglycosides,30.707583107631766,-1.5422254800796509,142372,6,FALSE,2,Urban-industrial wastewater core
Shanghai,E. coli | Imipenem,E. coli,Imipenem,carbapenems,2.2182791489289877,0.4135970026254654,179779,6,FALSE,2,Urban-industrial wastewater core
Shanghai,E. coli | Levofloxacin,E. coli,Levofloxacin,fluoroquinolones,53.290627994906934,2.3119986057281494,169223,6,TRUE,2,Urban-industrial wastewater core
Shanghai,E. coli | Meropenem,E. coli,Meropenem,carbapenems,2.2933877081190306,0.3595765680074692,173586,6,FALSE,2,Urban-industrial wastewater core
Shanghai,E. coli | Nitrofurantoin,E. coli,Nitrofurantoin,other,3.106390365660346,-1.25023853033781,57430,6,FALSE,2,Urban-industrial wastewater core
Shanghai,E. coli | Polymyxin B,E. coli,Polymyxin B,other,0.7047108392156618,NA,13055,4,FALSE,2,Urban-industrial wastewater core
Shanghai,E. coli | Tigecycline,E. coli,Tigecycline,tetracyclines,0.188940090206956,-0.18344224663451314,130200,6,FALSE,2,Urban-industrial wastewater core
Shanghai,E. coli | Tobramycin,E. coli,Tobramycin,aminoglycosides,18.008322301083762,18.87274533510208,109827,6,FALSE,2,Urban-industrial wastewater core
Shanghai,K. pneumoniae | Amikacin,K. pneumoniae,Amikacin,aminoglycosides,16.305170895617607,-2.1178975701332092,125451,6,FALSE,2,Urban-industrial wastewater core
Shanghai,K. pneumoniae | Ampicillin,K. pneumoniae,Ampicillin,other,94.44575497298378,-0.4860818386078023,97493,6,FALSE,2,Urban-industrial wastewater core
Shanghai,K. pneumoniae | Aztreonam,K. pneumoniae,Aztreonam,other,39.90090497198785,-8.455449342727661,109995,6,FALSE,2,Urban-industrial wastewater core
Shanghai,K. pneumoniae | Cefazolin,K. pneumoniae,Cefazolin,cephalosporins,48.514646888307695,-8.084672689437866,86848,6,FALSE,2,Urban-industrial wastewater core
Shanghai,K. pneumoniae | Cefepime,K. pneumoniae,Cefepime,cephalosporins,35.14969043891194,-3.029373288154602,130536,6,FALSE,2,Urban-industrial wastewater core
Shanghai,K. pneumoniae | Cefotaxime,K. pneumoniae,Cefotaxime,cephalosporins,46.96848489700984,-7.9521507024765015,53719,6,FALSE,2,Urban-industrial wastewater core
Shanghai,K. pneumoniae | Cefotetan,K. pneumoniae,Cefotetan,cephalosporins,25.763882937784686,-8.847171068191528,36753,6,FALSE,2,Urban-industrial wastewater core
Shanghai,K. pneumoniae | Cefoxitin,K. pneumoniae,Cefoxitin,cephalosporins,33.832856115350395,-6.105101108551025,89085,6,FALSE,2,Urban-industrial wastewater core
Shanghai,K. pneumoniae | Ceftazidime,K. pneumoniae,Ceftazidime,cephalosporins,37.7020143061349,-3.88776957988739,130436,6,FALSE,2,Urban-industrial wastewater core
Shanghai,K. pneumoniae | Ceftriaxone,K. pneumoniae,Ceftriaxone,cephalosporins,43.998599464353575,-6.149956583976746,94278,6,FALSE,2,Urban-industrial wastewater core
Shanghai,K. pneumoniae | Cefuroxime,K. pneumoniae,Cefuroxime,cephalosporins,46.94814414009102,-5.143249034881592,121123,6,FALSE,2,Urban-industrial wastewater core
Shanghai,K. pneumoniae | Chloramphenicol,K. pneumoniae,Chloramphenicol,other,30.52738342456837,-10.51168441772461,5916,6,FALSE,2,Urban-industrial wastewater core
Shanghai,K. pneumoniae | Ciprofloxacin,K. pneumoniae,Ciprofloxacin,fluoroquinolones,37.84786412938565,-5.554202198982239,93535,6,TRUE,2,Urban-industrial wastewater core
Shanghai,K. pneumoniae | Ertapenem,K. pneumoniae,Ertapenem,carbapenems,21.839863213984994,-4.138019680976868,54341,6,FALSE,2,Urban-industrial wastewater core
Shanghai,K. pneumoniae | Gentamicin,K. pneumoniae,Gentamicin,aminoglycosides,30.421127452270586,-3.800833225250244,102843,6,FALSE,2,Urban-industrial wastewater core
Shanghai,K. pneumoniae | Imipenem,K. pneumoniae,Imipenem,carbapenems,25.207849389930185,-4.546378552913662,130503,6,FALSE,2,Urban-industrial wastewater core
Shanghai,K. pneumoniae | Levofloxacin,K. pneumoniae,Levofloxacin,fluoroquinolones,34.972371420694834,-4.109963774681091,123060,6,TRUE,2,Urban-industrial wastewater core
Shanghai,K. pneumoniae | Meropenem,K. pneumoniae,Meropenem,carbapenems,25.641960009081885,-4.889382421970367,126215,6,FALSE,2,Urban-industrial wastewater core
Shanghai,K. pneumoniae | Nitrofurantoin,K. pneumoniae,Nitrofurantoin,other,45.542086670987736,0.8098781108856201,29285,6,FALSE,2,Urban-industrial wastewater core
Shanghai,K. pneumoniae | Polymyxin B,K. pneumoniae,Polymyxin B,other,1.517692484547583,NA,11926,4,FALSE,2,Urban-industrial wastewater core
Shanghai,K. pneumoniae | Tigecycline,K. pneumoniae,Tigecycline,tetracyclines,4.32705268006831,-0.20048096776008606,96486,6,FALSE,2,Urban-industrial wastewater core
Shanghai,K. pneumoniae | Tobramycin,K. pneumoniae,Tobramycin,aminoglycosides,27.68276831047581,0.6374627351760864,85313,6,FALSE,2,Urban-industrial wastewater core
Shanghai,P. aeruginosa | Amikacin,P. aeruginosa,Amikacin,aminoglycosides,3.435767562428251,-2.070613205432892,73055,6,FALSE,2,Urban-industrial wastewater core
Shanghai,P. aeruginosa | Aztreonam,P. aeruginosa,Aztreonam,other,20.355400305340915,-5.68161457777023,68655,6,FALSE,2,Urban-industrial wastewater core
Shanghai,P. aeruginosa | Cefepime,P. aeruginosa,Cefepime,cephalosporins,8.548549709051093,-4.06012684106827,75428,6,FALSE,2,Urban-industrial wastewater core
Shanghai,P. aeruginosa | Ceftazidime,P. aeruginosa,Ceftazidime,cephalosporins,13.983405178324393,-0.8061736822128314,75325,6,FALSE,2,Urban-industrial wastewater core
Shanghai,P. aeruginosa | Ciprofloxacin,P. aeruginosa,Ciprofloxacin,fluoroquinolones,17.262992510638217,-5.276294052600861,73869,6,TRUE,2,Urban-industrial wastewater core
Shanghai,P. aeruginosa | Gentamicin,P. aeruginosa,Gentamicin,aminoglycosides,9.248962325335217,-2.6128798723220843,52514,6,FALSE,2,Urban-industrial wastewater core
Shanghai,P. aeruginosa | Imipenem,P. aeruginosa,Imipenem,carbapenems,24.096465212705755,-5.363492667675015,75758,6,FALSE,2,Urban-industrial wastewater core
Shanghai,P. aeruginosa | Levofloxacin,P. aeruginosa,Levofloxacin,fluoroquinolones,18.53505000020013,-2.9189974069595337,66091,6,FALSE,2,Urban-industrial wastewater core
Shanghai,P. aeruginosa | Meropenem,P. aeruginosa,Meropenem,carbapenems,20.60150190366411,-5.575132369995117,74048,6,FALSE,2,Urban-industrial wastewater core
Shanghai,P. aeruginosa | Piperacillin,P. aeruginosa,Piperacillin,other,16.701999353407405,1.722012460231781,61322,6,FALSE,2,Urban-industrial wastewater core
Shanghai,P. aeruginosa | Polymyxin B,P. aeruginosa,Polymyxin B,other,0.9352868061126827,-0.29707546345889557,18497,6,FALSE,2,Urban-industrial wastewater core
Shanghai,P. aeruginosa | Tobramycin,P. aeruginosa,Tobramycin,aminoglycosides,8.0570918788029,-2.6396214962005615,58222,6,FALSE,2,Urban-industrial wastewater core
Shanghai,S. aureus | Amikacin,S. aureus,Amikacin,aminoglycosides,20.937499403953552,NA,320,1,FALSE,2,Urban-industrial wastewater core
Shanghai,S. aureus | Cefoxitin,S. aureus,Cefoxitin,cephalosporins,40.54187888518392,-2.766481041908264,22219,6,FALSE,2,Urban-industrial wastewater core
Shanghai,S. aureus | Chloramphenicol,S. aureus,Chloramphenicol,other,8.742632693473857,NA,1018,3,FALSE,2,Urban-industrial wastewater core
Shanghai,S. aureus | Ciprofloxacin,S. aureus,Ciprofloxacin,fluoroquinolones,29.37100066998035,1.512974500656128,30159,6,FALSE,2,Urban-industrial wastewater core
Shanghai,S. aureus | Clindamycin,S. aureus,Clindamycin,other,26.902415904569697,-3.516638278961178,76324,6,FALSE,2,Urban-industrial wastewater core
Shanghai,S. aureus | Erythromycin,S. aureus,Erythromycin,macrolides,49.70662558397185,-5.536252260208137,76523,6,TRUE,2,Urban-industrial wastewater core
Shanghai,S. aureus | Gentamicin,S. aureus,Gentamicin,aminoglycosides,14.492543012408927,-2.243296802043913,75632,6,FALSE,2,Urban-industrial wastewater core
Shanghai,S. aureus | Levofloxacin,S. aureus,Levofloxacin,fluoroquinolones,28.25053175631361,1.8772333860397303,76749,6,FALSE,2,Urban-industrial wastewater core
Shanghai,S. aureus | Linezolid,S. aureus,Linezolid,other,0,0,76702,6,FALSE,2,Urban-industrial wastewater core
Shanghai,S. aureus | Nitrofurantoin,S. aureus,Nitrofurantoin,other,0.38300294726088263,-0.6786154583096503,19321,6,FALSE,2,Urban-industrial wastewater core
Shanghai,S. aureus | Oxacillin,S. aureus,Oxacillin,other,43.9111234490519,-2.504754066467285,71335,6,FALSE,2,Urban-industrial wastewater core
Shanghai,S. aureus | Penicillin G,S. aureus,Penicillin G,other,88.88150469824659,-2.5900721549987935,76737,6,FALSE,2,Urban-industrial wastewater core
Shanghai,S. aureus | Rifampicin,S. aureus,Rifampicin,other,1.0962368347062388,-0.52015520632267,76717,6,FALSE,2,Urban-industrial wastewater core
Shanghai,S. aureus | Teicoplanin,S. aureus,Teicoplanin,other,0,0,34116,6,FALSE,2,Urban-industrial wastewater core
Shanghai,S. aureus | Tetracycline,S. aureus,Tetracycline,tetracyclines,28.188283347070236,-3.5299450159072876,29530,6,FALSE,2,Urban-industrial wastewater core
Shanghai,S. aureus | Vancomycin,S. aureus,Vancomycin,other,0,0,76324,6,FALSE,2,Urban-industrial wastewater core
Shanxi,A. baumannii | Amikacin,A. baumannii,Amikacin,aminoglycosides,39.48526436564403,-1.0052591562271118,39088,6,FALSE,3,Inland surveillance-gap belt
Shanxi,A. baumannii | Aztreonam,A. baumannii,Aztreonam,other,76.73289311116368,NA,2265,5,FALSE,3,Inland surveillance-gap belt
Shanxi,A. baumannii | Cefepime,A. baumannii,Cefepime,cephalosporins,51.490405135537046,-15.29369056224823,44451,6,FALSE,3,Inland surveillance-gap belt
Shanxi,A. baumannii | Cefotaxime,A. baumannii,Cefotaxime,cephalosporins,55.5404906324022,-12.132227420806885,8113,6,FALSE,3,Inland surveillance-gap belt
Shanxi,A. baumannii | Ceftazidime,A. baumannii,Ceftazidime,cephalosporins,53.96903432010286,-4.885220527648926,40690,6,FALSE,3,Inland surveillance-gap belt
Shanxi,A. baumannii | Ceftriaxone,A. baumannii,Ceftriaxone,cephalosporins,57.397389002179274,-10.040771961212165,27726,6,FALSE,3,Inland surveillance-gap belt
Shanxi,A. baumannii | Ciprofloxacin,A. baumannii,Ciprofloxacin,fluoroquinolones,56.48509902037124,-9.927588701248176,44024,6,FALSE,3,Inland surveillance-gap belt
Shanxi,A. baumannii | Gentamicin,A. baumannii,Gentamicin,aminoglycosides,49.72681212577597,-12.214156985282898,30748,6,FALSE,3,Inland surveillance-gap belt
Shanxi,A. baumannii | Imipenem,A. baumannii,Imipenem,carbapenems,56.738962540703874,-8.790409564971924,43894,6,FALSE,3,Inland surveillance-gap belt
Shanxi,A. baumannii | Levofloxacin,A. baumannii,Levofloxacin,fluoroquinolones,45.49889892093938,-4.9865394830703735,46322,6,TRUE,3,Inland surveillance-gap belt
Shanxi,A. baumannii | Meropenem,A. baumannii,Meropenem,carbapenems,55.22074448348994,-5.448800325393677,37600,6,FALSE,3,Inland surveillance-gap belt
Shanxi,A. baumannii | Minocycline,A. baumannii,Minocycline,other,14.828614115366541,0.28872936964035034,34892,6,FALSE,3,Inland surveillance-gap belt
Shanxi,A. baumannii | Polymyxin B,A. baumannii,Polymyxin B,other,2.3041474399551714,2.144713932648301,4340,6,FALSE,3,Inland surveillance-gap belt
Shanxi,A. baumannii | Tigecycline,A. baumannii,Tigecycline,tetracyclines,2.222491333561515,1.2423543259501457,16513,6,FALSE,3,Inland surveillance-gap belt
Shanxi,A. baumannii | Tobramycin,A. baumannii,Tobramycin,aminoglycosides,48.21638681227189,-11.023002862930298,38265,6,FALSE,3,Inland surveillance-gap belt
Shanxi,E. coli | Amikacin,E. coli,Amikacin,aminoglycosides,3.539756420441786,1.9290506839752197,132947,6,FALSE,3,Inland surveillance-gap belt
Shanxi,E. coli | Ampicillin,E. coli,Ampicillin,other,86.07563129116895,-0.9192883968353271,123309,6,FALSE,3,Inland surveillance-gap belt
Shanxi,E. coli | Aztreonam,E. coli,Aztreonam,other,30.246065469778262,-3.542262315750122,117245,6,FALSE,3,Inland surveillance-gap belt
Shanxi,E. coli | Cefazolin,E. coli,Cefazolin,cephalosporins,65.9414100607812,-0.002574920654296875,44444,6,FALSE,3,Inland surveillance-gap belt
Shanxi,E. coli | Cefepime,E. coli,Cefepime,cephalosporins,21.990733487449976,0.9003832936286926,133820,6,FALSE,3,Inland surveillance-gap belt
Shanxi,E. coli | Cefotaxime,E. coli,Cefotaxime,cephalosporins,49.71384652647762,-2.6446521282196045,35121,6,FALSE,3,Inland surveillance-gap belt
Shanxi,E. coli | Cefotetan,E. coli,Cefotetan,cephalosporins,2.2340123360859225,-0.30892789363861084,52775,6,FALSE,3,Inland surveillance-gap belt
Shanxi,E. coli | Cefoxitin,E. coli,Cefoxitin,cephalosporins,10.904181504317398,1.0224364697933215,82959,6,FALSE,3,Inland surveillance-gap belt
Shanxi,E. coli | Ceftazidime,E. coli,Ceftazidime,cephalosporins,21.55085955062942,-0.9084790945053101,120617,6,FALSE,3,Inland surveillance-gap belt
Shanxi,E. coli | Ceftriaxone,E. coli,Ceftriaxone,cephalosporins,48.540281750454795,-4.585579037666321,117968,6,FALSE,3,Inland surveillance-gap belt
Shanxi,E. coli | Cefuroxime,E. coli,Cefuroxime,cephalosporins,51.15720011351656,-4.198318719863892,120204,6,FALSE,3,Inland surveillance-gap belt
Shanxi,E. coli | Chloramphenicol,E. coli,Chloramphenicol,other,21.79554396481064,6.788666546344757,7630,6,FALSE,3,Inland surveillance-gap belt
Shanxi,E. coli | Ciprofloxacin,E. coli,Ciprofloxacin,fluoroquinolones,55.59211399823037,1.8818140029907227,113365,6,TRUE,3,Inland surveillance-gap belt
Shanxi,E. coli | Ertapenem,E. coli,Ertapenem,carbapenems,0.8763100375713111,0.7387203164398672,16889,6,FALSE,3,Inland surveillance-gap belt
Shanxi,E. coli | Gentamicin,E. coli,Gentamicin,aminoglycosides,40.92001349897803,-5.78034520149231,125672,6,FALSE,3,Inland surveillance-gap belt
Shanxi,E. coli | Imipenem,E. coli,Imipenem,carbapenems,1.1481583503652568,-0.8277415297925472,130644,6,FALSE,3,Inland surveillance-gap belt
Shanxi,E. coli | Levofloxacin,E. coli,Levofloxacin,fluoroquinolones,52.83723406489838,3.2678067684173584,136330,6,TRUE,3,Inland surveillance-gap belt
Shanxi,E. coli | Meropenem,E. coli,Meropenem,carbapenems,0.8754449776543959,0.3620991948992015,117426,6,FALSE,3,Inland surveillance-gap belt
Shanxi,E. coli | Nitrofurantoin,E. coli,Nitrofurantoin,other,3.358373847479713,-1.4331301674246788,20367,6,FALSE,3,Inland surveillance-gap belt
Shanxi,E. coli | Polymyxin B,E. coli,Polymyxin B,other,1.4843571296063398,NA,4379,4,FALSE,3,Inland surveillance-gap belt
Shanxi,E. coli | Tigecycline,E. coli,Tigecycline,tetracyclines,0.2677854111690467,0.11295180302113296,11203,6,FALSE,3,Inland surveillance-gap belt
Shanxi,E. coli | Tobramycin,E. coli,Tobramycin,aminoglycosides,21.53365804063929,14.809063076972961,89042,6,FALSE,3,Inland surveillance-gap belt
Shanxi,K. pneumoniae | Amikacin,K. pneumoniae,Amikacin,aminoglycosides,3.5114322647032017,1.5148051083087921,109471,6,FALSE,3,Inland surveillance-gap belt
Shanxi,K. pneumoniae | Ampicillin,K. pneumoniae,Ampicillin,other,88.11306791266973,-3.9672374725341797,34988,6,FALSE,3,Inland surveillance-gap belt
Shanxi,K. pneumoniae | Aztreonam,K. pneumoniae,Aztreonam,other,14.68915870460746,-1.2201517820358259,95322,6,FALSE,3,Inland surveillance-gap belt
Shanxi,K. pneumoniae | Cefazolin,K. pneumoniae,Cefazolin,cephalosporins,25.260754645338736,-4.813350737094879,60881,6,FALSE,3,Inland surveillance-gap belt
Shanxi,K. pneumoniae | Cefepime,K. pneumoniae,Cefepime,cephalosporins,10.820345034227882,1.596207171678543,109137,6,FALSE,3,Inland surveillance-gap belt
Shanxi,K. pneumoniae | Cefotaxime,K. pneumoniae,Cefotaxime,cephalosporins,18.482688265898155,-5.539014935493466,31424,6,FALSE,3,Inland surveillance-gap belt
Shanxi,K. pneumoniae | Cefotetan,K. pneumoniae,Cefotetan,cephalosporins,4.0593487210591706,2.126799523830414,46707,6,FALSE,3,Inland surveillance-gap belt
Shanxi,K. pneumoniae | Cefoxitin,K. pneumoniae,Cefoxitin,cephalosporins,9.705762254785716,1.379659026861189,68516,6,FALSE,3,Inland surveillance-gap belt
Shanxi,K. pneumoniae | Ceftazidime,K. pneumoniae,Ceftazidime,cephalosporins,11.2818418665451,2.6117302477359754,102891,6,FALSE,3,Inland surveillance-gap belt
Shanxi,K. pneumoniae | Ceftriaxone,K. pneumoniae,Ceftriaxone,cephalosporins,20.10544095576463,-4.193618893623352,94840,6,FALSE,3,Inland surveillance-gap belt
Shanxi,K. pneumoniae | Cefuroxime,K. pneumoniae,Cefuroxime,cephalosporins,21.72023284168334,-3.7516966462135315,101463,6,FALSE,3,Inland surveillance-gap belt
Shanxi,K. pneumoniae | Chloramphenicol,K. pneumoniae,Chloramphenicol,other,16.18033035156332,-1.5770897269248962,12954,6,FALSE,3,Inland surveillance-gap belt
Shanxi,K. pneumoniae | Ciprofloxacin,K. pneumoniae,Ciprofloxacin,fluoroquinolones,12.620306119014918,-1.2601874768733978,94966,6,TRUE,3,Inland surveillance-gap belt
Shanxi,K. pneumoniae | Ertapenem,K. pneumoniae,Ertapenem,carbapenems,4.277923326720085,4.309558682143688,14119,6,FALSE,3,Inland surveillance-gap belt
Shanxi,K. pneumoniae | Gentamicin,K. pneumoniae,Gentamicin,aminoglycosides,11.532133160528753,-2.84569188952446,103927,6,FALSE,3,Inland surveillance-gap belt
Shanxi,K. pneumoniae | Imipenem,K. pneumoniae,Imipenem,carbapenems,3.7900820378630216,0.5023125559091568,106594,6,FALSE,3,Inland surveillance-gap belt
Shanxi,K. pneumoniae | Levofloxacin,K. pneumoniae,Levofloxacin,fluoroquinolones,11.01436302204533,-1.5339747071266157,111745,6,TRUE,3,Inland surveillance-gap belt
Shanxi,K. pneumoniae | Meropenem,K. pneumoniae,Meropenem,carbapenems,3.3312707211535653,1.9220085814595222,96960,6,FALSE,3,Inland surveillance-gap belt
Shanxi,K. pneumoniae | Nitrofurantoin,K. pneumoniae,Nitrofurantoin,other,22.802891845399312,-5.968619883060455,11481,6,FALSE,3,Inland surveillance-gap belt
Shanxi,K. pneumoniae | Polymyxin B,K. pneumoniae,Polymyxin B,other,3.650563092861031,NA,5506,4,FALSE,3,Inland surveillance-gap belt
Shanxi,K. pneumoniae | Tigecycline,K. pneumoniae,Tigecycline,tetracyclines,2.2198204176440353,1.1017688550055027,12028,6,FALSE,3,Inland surveillance-gap belt
Shanxi,K. pneumoniae | Tobramycin,K. pneumoniae,Tobramycin,aminoglycosides,8.39225177177008,3.996334969997406,76094,6,FALSE,3,Inland surveillance-gap belt
Shanxi,P. aeruginosa | Amikacin,P. aeruginosa,Amikacin,aminoglycosides,3.9532498265818345,-3.5083092749118805,51679,6,FALSE,3,Inland surveillance-gap belt
Shanxi,P. aeruginosa | Aztreonam,P. aeruginosa,Aztreonam,other,16.84858212001658,-1.0962739586830157,40953,6,FALSE,3,Inland surveillance-gap belt
Shanxi,P. aeruginosa | Cefepime,P. aeruginosa,Cefepime,cephalosporins,8.156197117742057,-2.651488035917284,52549,6,FALSE,3,Inland surveillance-gap belt
Shanxi,P. aeruginosa | Ceftazidime,P. aeruginosa,Ceftazidime,cephalosporins,11.240034578853813,-1.1422999203205109,52055,6,FALSE,3,Inland surveillance-gap belt
Shanxi,P. aeruginosa | Ciprofloxacin,P. aeruginosa,Ciprofloxacin,fluoroquinolones,10.454701516159211,-5.830992758274078,52474,6,TRUE,3,Inland surveillance-gap belt
Shanxi,P. aeruginosa | Gentamicin,P. aeruginosa,Gentamicin,aminoglycosides,7.2185991865218755,-2.817288786172867,40174,6,FALSE,3,Inland surveillance-gap belt
Shanxi,P. aeruginosa | Imipenem,P. aeruginosa,Imipenem,carbapenems,14.109718344686083,-0.825241208076477,50894,6,FALSE,3,Inland surveillance-gap belt
Shanxi,P. aeruginosa | Levofloxacin,P. aeruginosa,Levofloxacin,fluoroquinolones,11.527712715213745,-3.565828502178192,53315,6,FALSE,3,Inland surveillance-gap belt
Shanxi,P. aeruginosa | Meropenem,P. aeruginosa,Meropenem,carbapenems,13.125372340145477,-2.8042592108249664,52029,6,FALSE,3,Inland surveillance-gap belt
Shanxi,P. aeruginosa | Piperacillin,P. aeruginosa,Piperacillin,other,13.054078708325806,0.2057820558547956,43067,6,FALSE,3,Inland surveillance-gap belt
Shanxi,P. aeruginosa | Polymyxin B,P. aeruginosa,Polymyxin B,other,1.8707483135350682,2.511355304159224,6468,6,FALSE,3,Inland surveillance-gap belt
Shanxi,P. aeruginosa | Tobramycin,P. aeruginosa,Tobramycin,aminoglycosides,6.798966585716671,-0.7817789912223816,42580,6,FALSE,3,Inland surveillance-gap belt
Shanxi,S. aureus | Amikacin,S. aureus,Amikacin,aminoglycosides,3.659447282552719,NA,1339,1,FALSE,3,Inland surveillance-gap belt
Shanxi,S. aureus | Cefoxitin,S. aureus,Cefoxitin,cephalosporins,19.489276780113297,-2.766057848930359,9046,6,FALSE,3,Inland surveillance-gap belt
Shanxi,S. aureus | Chloramphenicol,S. aureus,Chloramphenicol,other,5.069989705704389,2.244390919804573,5858,6,FALSE,3,Inland surveillance-gap belt
Shanxi,S. aureus | Ciprofloxacin,S. aureus,Ciprofloxacin,fluoroquinolones,10.037321207649853,-1.5482112765312195,43139,6,FALSE,3,Inland surveillance-gap belt
Shanxi,S. aureus | Clindamycin,S. aureus,Clindamycin,other,31.896717611238845,-4.5936256647109985,51974,6,FALSE,3,Inland surveillance-gap belt
Shanxi,S. aureus | Erythromycin,S. aureus,Erythromycin,macrolides,59.68089175371103,-6.694620847702026,52459,6,TRUE,3,Inland surveillance-gap belt
Shanxi,S. aureus | Gentamicin,S. aureus,Gentamicin,aminoglycosides,10.372746279996095,-6.307394802570343,51134,6,FALSE,3,Inland surveillance-gap belt
Shanxi,S. aureus | Levofloxacin,S. aureus,Levofloxacin,fluoroquinolones,9.843112635886884,-2.2320136427879316,50482,6,FALSE,3,Inland surveillance-gap belt
Shanxi,S. aureus | Linezolid,S. aureus,Linezolid,other,0,0,53525,6,FALSE,3,Inland surveillance-gap belt
Shanxi,S. aureus | Nitrofurantoin,S. aureus,Nitrofurantoin,other,0.34570596601739134,0.024626916274428368,5496,6,FALSE,3,Inland surveillance-gap belt
Shanxi,S. aureus | Oxacillin,S. aureus,Oxacillin,other,15.96894763124575,-0.24899542331695557,48563,6,FALSE,3,Inland surveillance-gap belt
Shanxi,S. aureus | Penicillin G,S. aureus,Penicillin G,other,93.6877279291289,-1.4835834503173828,50283,6,FALSE,3,Inland surveillance-gap belt
Shanxi,S. aureus | Rifampicin,S. aureus,Rifampicin,other,1.9301628198649419,-3.954504430294037,46680,6,FALSE,3,Inland surveillance-gap belt
Shanxi,S. aureus | Teicoplanin,S. aureus,Teicoplanin,other,0,0,10997,6,FALSE,3,Inland surveillance-gap belt
Shanxi,S. aureus | Tetracycline,S. aureus,Tetracycline,tetracyclines,11.20653343390653,-3.84783446788788,42734,6,FALSE,3,Inland surveillance-gap belt
Shanxi,S. aureus | Vancomycin,S. aureus,Vancomycin,other,0,0,52106,6,FALSE,3,Inland surveillance-gap belt
Sichuan,A. baumannii | Amikacin,A. baumannii,Amikacin,aminoglycosides,37.448078206368436,-6.074872612953179,63317,6,FALSE,3,Inland surveillance-gap belt
Sichuan,A. baumannii | Aztreonam,A. baumannii,Aztreonam,other,61.011440869374994,-7.415509223937988,66163,6,FALSE,3,Inland surveillance-gap belt
Sichuan,A. baumannii | Cefepime,A. baumannii,Cefepime,cephalosporins,48.01328914103622,-4.858407378196716,91206,6,FALSE,3,Inland surveillance-gap belt
Sichuan,A. baumannii | Cefotaxime,A. baumannii,Cefotaxime,cephalosporins,53.37177047585998,0.30053257942199707,41106,6,FALSE,3,Inland surveillance-gap belt
Sichuan,A. baumannii | Ceftazidime,A. baumannii,Ceftazidime,cephalosporins,48.48589784106733,-5.6405723094940186,89558,6,FALSE,3,Inland surveillance-gap belt
Sichuan,A. baumannii | Ceftriaxone,A. baumannii,Ceftriaxone,cephalosporins,49.370254072048304,-6.279262900352478,76380,6,FALSE,3,Inland surveillance-gap belt
Sichuan,A. baumannii | Ciprofloxacin,A. baumannii,Ciprofloxacin,fluoroquinolones,48.799800494971024,-5.530285835266113,88027,6,FALSE,3,Inland surveillance-gap belt
Sichuan,A. baumannii | Gentamicin,A. baumannii,Gentamicin,aminoglycosides,42.4813969650646,-5.9037476778030396,81438,6,FALSE,3,Inland surveillance-gap belt
Sichuan,A. baumannii | Imipenem,A. baumannii,Imipenem,carbapenems,48.458870652158865,-4.095196723937988,86203,6,FALSE,3,Inland surveillance-gap belt
Sichuan,A. baumannii | Levofloxacin,A. baumannii,Levofloxacin,fluoroquinolones,41.27027809572841,-3.9214402437210083,83588,6,TRUE,3,Inland surveillance-gap belt
Sichuan,A. baumannii | Meropenem,A. baumannii,Meropenem,carbapenems,49.53693436558736,-5.542734265327454,63274,6,FALSE,3,Inland surveillance-gap belt
Sichuan,A. baumannii | Minocycline,A. baumannii,Minocycline,other,13.610425464900926,-7.817481458187105,36450,6,FALSE,3,Inland surveillance-gap belt
Sichuan,A. baumannii | Polymyxin B,A. baumannii,Polymyxin B,other,0.9415371343493462,-0.6908067502081394,4567,6,FALSE,3,Inland surveillance-gap belt
Sichuan,A. baumannii | Tigecycline,A. baumannii,Tigecycline,tetracyclines,1.4069157011030387,0.5687578581273556,50465,6,FALSE,3,Inland surveillance-gap belt
Sichuan,A. baumannii | Tobramycin,A. baumannii,Tobramycin,aminoglycosides,41.58755486969555,-2.887094020843506,85112,6,FALSE,3,Inland surveillance-gap belt
Sichuan,E. coli | Amikacin,E. coli,Amikacin,aminoglycosides,2.2502774620029693,2.685922011733055,360400,6,FALSE,3,Inland surveillance-gap belt
Sichuan,E. coli | Ampicillin,E. coli,Ampicillin,other,84.1623157990834,0.020176172256469727,353928,6,FALSE,3,Inland surveillance-gap belt
Sichuan,E. coli | Aztreonam,E. coli,Aztreonam,other,31.95170265520268,-2.35711932182312,344038,6,FALSE,3,Inland surveillance-gap belt
Sichuan,E. coli | Cefazolin,E. coli,Cefazolin,cephalosporins,61.840684852209776,-0.4764676094055176,146402,6,FALSE,3,Inland surveillance-gap belt
Sichuan,E. coli | Cefepime,E. coli,Cefepime,cephalosporins,19.224419216678374,4.980804026126862,357977,6,FALSE,3,Inland surveillance-gap belt
Sichuan,E. coli | Cefotaxime,E. coli,Cefotaxime,cephalosporins,50.38635191125049,1.2787699699401855,168500,6,FALSE,3,Inland surveillance-gap belt
Sichuan,E. coli | Cefotetan,E. coli,Cefotetan,cephalosporins,2.2140424937780234,-0.9917208924889565,235271,6,FALSE,3,Inland surveillance-gap belt
Sichuan,E. coli | Cefoxitin,E. coli,Cefoxitin,cephalosporins,9.159290855768548,-0.036582350730895996,121909,6,FALSE,3,Inland surveillance-gap belt
Sichuan,E. coli | Ceftazidime,E. coli,Ceftazidime,cephalosporins,21.800319635976777,-1.7833247780799866,375600,6,FALSE,3,Inland surveillance-gap belt
Sichuan,E. coli | Ceftriaxone,E. coli,Ceftriaxone,cephalosporins,50.45077251434401,0.17150044441221723,357053,6,FALSE,3,Inland surveillance-gap belt
Sichuan,E. coli | Cefuroxime,E. coli,Cefuroxime,cephalosporins,51.6936467983013,-0.05819201469421387,284652,6,FALSE,3,Inland surveillance-gap belt
Sichuan,E. coli | Chloramphenicol,E. coli,Chloramphenicol,other,26.6158013191765,1.0429918766021729,38402,6,FALSE,3,Inland surveillance-gap belt
Sichuan,E. coli | Ciprofloxacin,E. coli,Ciprofloxacin,fluoroquinolones,47.56358226394026,1.59213840961457,327448,6,TRUE,3,Inland surveillance-gap belt
Sichuan,E. coli | Ertapenem,E. coli,Ertapenem,carbapenems,1.086129651888112,0.1338372007012365,316813,6,FALSE,3,Inland surveillance-gap belt
Sichuan,E. coli | Gentamicin,E. coli,Gentamicin,aminoglycosides,32.822378269977904,-3.526446223258972,355608,6,FALSE,3,Inland surveillance-gap belt
Sichuan,E. coli | Imipenem,E. coli,Imipenem,carbapenems,1.2518427321084855,-0.18303776159882545,368337,6,FALSE,3,Inland surveillance-gap belt
Sichuan,E. coli | Levofloxacin,E. coli,Levofloxacin,fluoroquinolones,45.435148416633496,2.4692028760910034,350559,6,TRUE,3,Inland surveillance-gap belt
Sichuan,E. coli | Meropenem,E. coli,Meropenem,carbapenems,1.2672386174037122,-0.058461353182792664,246757,6,FALSE,3,Inland surveillance-gap belt
Sichuan,E. coli | Nitrofurantoin,E. coli,Nitrofurantoin,other,2.534511412477099,-1.6747685149312024,213335,6,FALSE,3,Inland surveillance-gap belt
Sichuan,E. coli | Polymyxin B,E. coli,Polymyxin B,other,0.6320276405035211,NA,13607,4,FALSE,3,Inland surveillance-gap belt
Sichuan,E. coli | Tigecycline,E. coli,Tigecycline,tetracyclines,0.06289777418895057,0.04347733047325164,187606,6,FALSE,3,Inland surveillance-gap belt
Sichuan,E. coli | Tobramycin,E. coli,Tobramycin,aminoglycosides,16.261943869117307,19.201842695474625,314495,6,FALSE,3,Inland surveillance-gap belt
Sichuan,K. pneumoniae | Amikacin,K. pneumoniae,Amikacin,aminoglycosides,6.831397920592334,4.095860198140144,225620,6,FALSE,3,Inland surveillance-gap belt
Sichuan,K. pneumoniae | Ampicillin,K. pneumoniae,Ampicillin,other,83.92299804866812,-1.969766616821289,173969,6,FALSE,3,Inland surveillance-gap belt
Sichuan,K. pneumoniae | Aztreonam,K. pneumoniae,Aztreonam,other,20.71614797487319,-1.626308262348175,215933,6,FALSE,3,Inland surveillance-gap belt
Sichuan,K. pneumoniae | Cefazolin,K. pneumoniae,Cefazolin,cephalosporins,28.84788655855589,-6.6763341426849365,126550,6,FALSE,3,Inland surveillance-gap belt
Sichuan,K. pneumoniae | Cefepime,K. pneumoniae,Cefepime,cephalosporins,15.264044225391233,1.5163064002990723,227443,6,FALSE,3,Inland surveillance-gap belt
Sichuan,K. pneumoniae | Cefotaxime,K. pneumoniae,Cefotaxime,cephalosporins,27.27423806305599,-4.177841544151306,102320,6,FALSE,3,Inland surveillance-gap belt
Sichuan,K. pneumoniae | Cefotetan,K. pneumoniae,Cefotetan,cephalosporins,7.858209202624702,0.07835105061531067,139332,6,FALSE,3,Inland surveillance-gap belt
Sichuan,K. pneumoniae | Cefoxitin,K. pneumoniae,Cefoxitin,cephalosporins,14.578460930505459,-2.4115443229675293,73540,6,FALSE,3,Inland surveillance-gap belt
Sichuan,K. pneumoniae | Ceftazidime,K. pneumoniae,Ceftazidime,cephalosporins,17.65947589488103,-0.3449082374572754,235443,6,FALSE,3,Inland surveillance-gap belt
Sichuan,K. pneumoniae | Ceftriaxone,K. pneumoniae,Ceftriaxone,cephalosporins,25.669608846516002,-3.989797830581665,224086,6,FALSE,3,Inland surveillance-gap belt
Sichuan,K. pneumoniae | Cefuroxime,K. pneumoniae,Cefuroxime,cephalosporins,27.94046196472817,-5.150094628334042,172864,6,FALSE,3,Inland surveillance-gap belt
Sichuan,K. pneumoniae | Chloramphenicol,K. pneumoniae,Chloramphenicol,other,20.868076165187315,-3.285256028175354,26864,6,FALSE,3,Inland surveillance-gap belt
Sichuan,K. pneumoniae | Ciprofloxacin,K. pneumoniae,Ciprofloxacin,fluoroquinolones,17.440863283651563,0.40775537490844727,206343,6,TRUE,3,Inland surveillance-gap belt
Sichuan,K. pneumoniae | Ertapenem,K. pneumoniae,Ertapenem,carbapenems,7.216407826771548,1.862228661775589,189374,6,FALSE,3,Inland surveillance-gap belt
Sichuan,K. pneumoniae | Gentamicin,K. pneumoniae,Gentamicin,aminoglycosides,15.178807798138719,-0.18211156129837036,222725,6,FALSE,3,Inland surveillance-gap belt
Sichuan,K. pneumoniae | Imipenem,K. pneumoniae,Imipenem,carbapenems,8.498940619986847,1.1343345046043396,230817,6,FALSE,3,Inland surveillance-gap belt
Sichuan,K. pneumoniae | Levofloxacin,K. pneumoniae,Levofloxacin,fluoroquinolones,15.311755451321092,1.6052260994911194,215377,6,TRUE,3,Inland surveillance-gap belt
Sichuan,K. pneumoniae | Meropenem,K. pneumoniae,Meropenem,carbapenems,9.570104861960727,0.2137243747711146,148734,6,FALSE,3,Inland surveillance-gap belt
Sichuan,K. pneumoniae | Nitrofurantoin,K. pneumoniae,Nitrofurantoin,other,23.70479079903828,-0.940646231174469,124671,6,FALSE,3,Inland surveillance-gap belt
Sichuan,K. pneumoniae | Polymyxin B,K. pneumoniae,Polymyxin B,other,2.2134126687573974,NA,9081,3,FALSE,3,Inland surveillance-gap belt
Sichuan,K. pneumoniae | Tigecycline,K. pneumoniae,Tigecycline,tetracyclines,1.0782013116812235,0.38401749916374683,110369,6,FALSE,3,Inland surveillance-gap belt
Sichuan,K. pneumoniae | Tobramycin,K. pneumoniae,Tobramycin,aminoglycosides,11.621500710151786,8.112295717000961,198933,6,FALSE,3,Inland surveillance-gap belt
Sichuan,P. aeruginosa | Amikacin,P. aeruginosa,Amikacin,aminoglycosides,1.6452531253072953,-0.832036323845387,133171,6,FALSE,3,Inland surveillance-gap belt
Sichuan,P. aeruginosa | Aztreonam,P. aeruginosa,Aztreonam,other,15.084974386363513,-3.728896379470825,97912,6,FALSE,3,Inland surveillance-gap belt
Sichuan,P. aeruginosa | Cefepime,P. aeruginosa,Cefepime,cephalosporins,7.976814421722978,-1.2143060564994812,136809,6,FALSE,3,Inland surveillance-gap belt
Sichuan,P. aeruginosa | Ceftazidime,P. aeruginosa,Ceftazidime,cephalosporins,11.901648465442946,-0.8324861526489258,136124,6,FALSE,3,Inland surveillance-gap belt
Sichuan,P. aeruginosa | Ciprofloxacin,P. aeruginosa,Ciprofloxacin,fluoroquinolones,8.516383841641687,-4.155257344245911,132204,6,TRUE,3,Inland surveillance-gap belt
Sichuan,P. aeruginosa | Gentamicin,P. aeruginosa,Gentamicin,aminoglycosides,4.290594558728139,-2.6723261922597885,117676,6,FALSE,3,Inland surveillance-gap belt
Sichuan,P. aeruginosa | Imipenem,P. aeruginosa,Imipenem,carbapenems,9.943982032169261,-2.344917505979538,132814,6,FALSE,3,Inland surveillance-gap belt
Sichuan,P. aeruginosa | Levofloxacin,P. aeruginosa,Levofloxacin,fluoroquinolones,9.788908992298934,-2.214565873146059,124212,6,FALSE,3,Inland surveillance-gap belt
Sichuan,P. aeruginosa | Meropenem,P. aeruginosa,Meropenem,carbapenems,8.014407133002802,-3.3116579055786115,101617,6,FALSE,3,Inland surveillance-gap belt
Sichuan,P. aeruginosa | Piperacillin,P. aeruginosa,Piperacillin,other,17.01197490791871,3.2609477639198303,62215,6,FALSE,3,Inland surveillance-gap belt
Sichuan,P. aeruginosa | Polymyxin B,P. aeruginosa,Polymyxin B,other,1.1639507587042284,-1.3928783126175408,9021,6,FALSE,3,Inland surveillance-gap belt
Sichuan,P. aeruginosa | Tobramycin,P. aeruginosa,Tobramycin,aminoglycosides,3.410827194916703,0.8368436247110367,121730,6,FALSE,3,Inland surveillance-gap belt
Sichuan,S. aureus | Amikacin,S. aureus,Amikacin,aminoglycosides,9.30481255054474,NA,935,1,FALSE,3,Inland surveillance-gap belt
Sichuan,S. aureus | Cefoxitin,S. aureus,Cefoxitin,cephalosporins,30.53721747462418,-1.0126054286956787,24236,6,FALSE,3,Inland surveillance-gap belt
Sichuan,S. aureus | Chloramphenicol,S. aureus,Chloramphenicol,other,5.228208054659844,-1.1771585792303085,10692,6,FALSE,3,Inland surveillance-gap belt
Sichuan,S. aureus | Ciprofloxacin,S. aureus,Ciprofloxacin,fluoroquinolones,12.884988177307097,0.6979763507843018,156888,6,FALSE,3,Inland surveillance-gap belt
Sichuan,S. aureus | Clindamycin,S. aureus,Clindamycin,other,33.8975848204481,-8.006566762924194,171673,6,FALSE,3,Inland surveillance-gap belt
Sichuan,S. aureus | Erythromycin,S. aureus,Erythromycin,macrolides,57.5187309892963,-7.218724489212036,176313,6,TRUE,3,Inland surveillance-gap belt
Sichuan,S. aureus | Gentamicin,S. aureus,Gentamicin,aminoglycosides,10.403171663201418,-5.886147916316984,176302,6,FALSE,3,Inland surveillance-gap belt
Sichuan,S. aureus | Levofloxacin,S. aureus,Levofloxacin,fluoroquinolones,12.836974089104505,1.0635510087013245,165888,6,FALSE,3,Inland surveillance-gap belt
Sichuan,S. aureus | Linezolid,S. aureus,Linezolid,other,0,0,174295,6,FALSE,3,Inland surveillance-gap belt
Sichuan,S. aureus | Nitrofurantoin,S. aureus,Nitrofurantoin,other,0.32264322618597496,-0.3405152237974107,97941,6,FALSE,3,Inland surveillance-gap belt
Sichuan,S. aureus | Oxacillin,S. aureus,Oxacillin,other,29.022173365455423,1.0107696056365967,175614,6,FALSE,3,Inland surveillance-gap belt
Sichuan,S. aureus | Penicillin G,S. aureus,Penicillin G,other,93.13098509237066,0.11788606643676758,167797,6,FALSE,3,Inland surveillance-gap belt
Sichuan,S. aureus | Rifampicin,S. aureus,Rifampicin,other,1.7388239059870911,-2.407977916300297,173048,6,FALSE,3,Inland surveillance-gap belt
Sichuan,S. aureus | Teicoplanin,S. aureus,Teicoplanin,other,0,0,28191,6,FALSE,3,Inland surveillance-gap belt
Sichuan,S. aureus | Tetracycline,S. aureus,Tetracycline,tetracyclines,21.03167596305748,-5.72392046451569,164005,6,FALSE,3,Inland surveillance-gap belt
Sichuan,S. aureus | Vancomycin,S. aureus,Vancomycin,other,0,0,176317,6,FALSE,3,Inland surveillance-gap belt
Tianjin,A. baumannii | Amikacin,A. baumannii,Amikacin,aminoglycosides,11.445741707978916,-2.234039455652237,43597,6,FALSE,2,Urban-industrial wastewater core
Tianjin,A. baumannii | Aztreonam,A. baumannii,Aztreonam,other,44.235206711540854,-9.235849976539612,45509,6,FALSE,2,Urban-industrial wastewater core
Tianjin,A. baumannii | Cefepime,A. baumannii,Cefepime,cephalosporins,26.692866813717938,-8.809278905391693,54198,6,FALSE,2,Urban-industrial wastewater core
Tianjin,A. baumannii | Cefotaxime,A. baumannii,Cefotaxime,cephalosporins,34.92143758392329,4.991120100021362,21766,6,FALSE,2,Urban-industrial wastewater core
Tianjin,A. baumannii | Ceftazidime,A. baumannii,Ceftazidime,cephalosporins,32.12292005018293,-2.208229899406433,54279,6,FALSE,2,Urban-industrial wastewater core
Tianjin,A. baumannii | Ceftriaxone,A. baumannii,Ceftriaxone,cephalosporins,32.475135587284576,-1.942360401153568,28354,6,FALSE,2,Urban-industrial wastewater core
Tianjin,A. baumannii | Ciprofloxacin,A. baumannii,Ciprofloxacin,fluoroquinolones,33.87271780469261,-0.08666813373565319,52529,6,FALSE,2,Urban-industrial wastewater core
Tianjin,A. baumannii | Gentamicin,A. baumannii,Gentamicin,aminoglycosides,29.081414642347767,0.11444389820098877,30449,6,FALSE,2,Urban-industrial wastewater core
Tianjin,A. baumannii | Imipenem,A. baumannii,Imipenem,carbapenems,34.27110946293466,-2.0342409610748255,53993,6,FALSE,2,Urban-industrial wastewater core
Tianjin,A. baumannii | Levofloxacin,A. baumannii,Levofloxacin,fluoroquinolones,28.829700019235244,1.8218696117401123,53764,6,TRUE,2,Urban-industrial wastewater core
Tianjin,A. baumannii | Meropenem,A. baumannii,Meropenem,carbapenems,35.13301582476366,-2.1138548851013184,52287,6,FALSE,2,Urban-industrial wastewater core
Tianjin,A. baumannii | Minocycline,A. baumannii,Minocycline,other,9.836357210755178,-9.030696004629135,28110,6,FALSE,2,Urban-industrial wastewater core
Tianjin,A. baumannii | Polymyxin B,A. baumannii,Polymyxin B,other,2.012578626075443,2.0332270301878452,795,6,FALSE,2,Urban-industrial wastewater core
Tianjin,A. baumannii | Tigecycline,A. baumannii,Tigecycline,tetracyclines,2.4966862400875236,0.8479176089167595,46021,6,FALSE,2,Urban-industrial wastewater core
Tianjin,A. baumannii | Tobramycin,A. baumannii,Tobramycin,aminoglycosides,26.15760769356146,-1.304154098033905,51939,6,FALSE,2,Urban-industrial wastewater core
Tianjin,E. coli | Amikacin,E. coli,Amikacin,aminoglycosides,1.7909693033507679,1.2264817021787167,118595,6,FALSE,2,Urban-industrial wastewater core
Tianjin,E. coli | Ampicillin,E. coli,Ampicillin,other,75.62671410924447,3.0686378479003906,83132,6,FALSE,2,Urban-industrial wastewater core
Tianjin,E. coli | Aztreonam,E. coli,Aztreonam,other,24.724466008491,-0.08483231067657471,74764,6,FALSE,2,Urban-industrial wastewater core
Tianjin,E. coli | Cefazolin,E. coli,Cefazolin,cephalosporins,54.064971906351055,1.288461685180664,11882,6,FALSE,2,Urban-industrial wastewater core
Tianjin,E. coli | Cefepime,E. coli,Cefepime,cephalosporins,16.60232621578554,1.0603830218315125,118640,6,FALSE,2,Urban-industrial wastewater core
Tianjin,E. coli | Cefotaxime,E. coli,Cefotaxime,cephalosporins,43.77251088658078,1.5814214944839478,58306,6,FALSE,2,Urban-industrial wastewater core
Tianjin,E. coli | Cefotetan,E. coli,Cefotetan,cephalosporins,2.1649808170252944,0.01599397510290146,66929,6,FALSE,2,Urban-industrial wastewater core
Tianjin,E. coli | Cefoxitin,E. coli,Cefoxitin,cephalosporins,12.815918157409035,-4.7682322561740875,42970,6,FALSE,2,Urban-industrial wastewater core
Tianjin,E. coli | Ceftazidime,E. coli,Ceftazidime,cephalosporins,18.34631833852324,-0.4709780216217041,118983,6,FALSE,2,Urban-industrial wastewater core
Tianjin,E. coli | Ceftriaxone,E. coli,Ceftriaxone,cephalosporins,45.066194399306085,1.1240094900131226,109601,6,FALSE,2,Urban-industrial wastewater core
Tianjin,E. coli | Cefuroxime,E. coli,Cefuroxime,cephalosporins,45.350307843049876,1.5346825122833252,113814,6,FALSE,2,Urban-industrial wastewater core
Tianjin,E. coli | Chloramphenicol,E. coli,Chloramphenicol,other,10.376492333902034,13.40981312096119,3267,6,FALSE,2,Urban-industrial wastewater core
Tianjin,E. coli | Ciprofloxacin,E. coli,Ciprofloxacin,fluoroquinolones,47.751303382728985,5.547451972961419,74243,6,TRUE,2,Urban-industrial wastewater core
Tianjin,E. coli | Ertapenem,E. coli,Ertapenem,carbapenems,1.5730195486222203,0.1611003652215004,95358,6,FALSE,2,Urban-industrial wastewater core
Tianjin,E. coli | Gentamicin,E. coli,Gentamicin,aminoglycosides,33.36742578207358,-3.876519203186035,84085,6,FALSE,2,Urban-industrial wastewater core
Tianjin,E. coli | Imipenem,E. coli,Imipenem,carbapenems,1.385443544815994,0.1850232481956482,118518,6,FALSE,2,Urban-industrial wastewater core
Tianjin,E. coli | Levofloxacin,E. coli,Levofloxacin,fluoroquinolones,48.53655614465705,3.579571843147278,116506,6,TRUE,2,Urban-industrial wastewater core
Tianjin,E. coli | Meropenem,E. coli,Meropenem,carbapenems,1.4439233808564338,0.32122302800416946,78259,6,FALSE,2,Urban-industrial wastewater core
Tianjin,E. coli | Nitrofurantoin,E. coli,Nitrofurantoin,other,1.639867291565366,-0.7930438034236431,62688,6,FALSE,2,Urban-industrial wastewater core
Tianjin,E. coli | Polymyxin B,E. coli,Polymyxin B,other,3.7037037312984467,NA,81,3,FALSE,2,Urban-industrial wastewater core
Tianjin,E. coli | Tigecycline,E. coli,Tigecycline,tetracyclines,0.16965349792871215,0.16291606589220467,93131,6,FALSE,2,Urban-industrial wastewater core
Tianjin,E. coli | Tobramycin,E. coli,Tobramycin,aminoglycosides,13.977032016239836,20.98022624850273,68355,6,FALSE,2,Urban-industrial wastewater core
Tianjin,K. pneumoniae | Amikacin,K. pneumoniae,Amikacin,aminoglycosides,4.656314297802465,1.5947606414556503,134978,6,FALSE,2,Urban-industrial wastewater core
Tianjin,K. pneumoniae | Ampicillin,K. pneumoniae,Ampicillin,other,85.33707459023404,-0.12180805206298828,81955,6,FALSE,2,Urban-industrial wastewater core
Tianjin,K. pneumoniae | Aztreonam,K. pneumoniae,Aztreonam,other,18.523749679923057,7.257147133350372,80000,6,FALSE,2,Urban-industrial wastewater core
Tianjin,K. pneumoniae | Cefazolin,K. pneumoniae,Cefazolin,cephalosporins,27.485905551318012,1.0715126991271937,20043,6,FALSE,2,Urban-industrial wastewater core
Tianjin,K. pneumoniae | Cefepime,K. pneumoniae,Cefepime,cephalosporins,14.284975967863875,2.9860287904739398,135429,6,FALSE,2,Urban-industrial wastewater core
Tianjin,K. pneumoniae | Cefotaxime,K. pneumoniae,Cefotaxime,cephalosporins,24.49254417998975,6.733261048793793,63848,6,FALSE,2,Urban-industrial wastewater core
Tianjin,K. pneumoniae | Cefotetan,K. pneumoniae,Cefotetan,cephalosporins,6.2989816503005,1.2703880667686462,71583,6,FALSE,2,Urban-industrial wastewater core
Tianjin,K. pneumoniae | Cefoxitin,K. pneumoniae,Cefoxitin,cephalosporins,13.816463723968972,-1.8731147050857544,57569,6,FALSE,2,Urban-industrial wastewater core
Tianjin,K. pneumoniae | Ceftazidime,K. pneumoniae,Ceftazidime,cephalosporins,15.664089898461665,4.045814275741577,135584,6,FALSE,2,Urban-industrial wastewater core
Tianjin,K. pneumoniae | Ceftriaxone,K. pneumoniae,Ceftriaxone,cephalosporins,24.180844414500353,4.455459117889404,126960,6,FALSE,2,Urban-industrial wastewater core
Tianjin,K. pneumoniae | Cefuroxime,K. pneumoniae,Cefuroxime,cephalosporins,26.28319402633091,4.211841523647308,131761,6,FALSE,2,Urban-industrial wastewater core
Tianjin,K. pneumoniae | Chloramphenicol,K. pneumoniae,Chloramphenicol,other,12.508258054127674,13.651634752750397,4541,6,FALSE,2,Urban-industrial wastewater core
Tianjin,K. pneumoniae | Ciprofloxacin,K. pneumoniae,Ciprofloxacin,fluoroquinolones,14.507567342468198,3.023236244916916,78559,6,TRUE,2,Urban-industrial wastewater core
Tianjin,K. pneumoniae | Ertapenem,K. pneumoniae,Ertapenem,carbapenems,7.312523705680785,1.0995283722877502,113121,6,FALSE,2,Urban-industrial wastewater core
Tianjin,K. pneumoniae | Gentamicin,K. pneumoniae,Gentamicin,aminoglycosides,13.054781792531466,2.1193355321884138,86160,6,FALSE,2,Urban-industrial wastewater core
Tianjin,K. pneumoniae | Imipenem,K. pneumoniae,Imipenem,carbapenems,6.633292557734201,1.3989295810461044,134036,6,FALSE,2,Urban-industrial wastewater core
Tianjin,K. pneumoniae | Levofloxacin,K. pneumoniae,Levofloxacin,fluoroquinolones,13.019012721575104,2.1972455084323883,132752,6,TRUE,2,Urban-industrial wastewater core
Tianjin,K. pneumoniae | Meropenem,K. pneumoniae,Meropenem,carbapenems,6.971341011940247,1.769263669848442,82208,6,FALSE,2,Urban-industrial wastewater core
Tianjin,K. pneumoniae | Nitrofurantoin,K. pneumoniae,Nitrofurantoin,other,21.69538398336878,0.5275264382362366,62216,6,FALSE,2,Urban-industrial wastewater core
Tianjin,K. pneumoniae | Polymyxin B,K. pneumoniae,Polymyxin B,other,7.6271186472248225,NA,118,3,FALSE,2,Urban-industrial wastewater core
Tianjin,K. pneumoniae | Tigecycline,K. pneumoniae,Tigecycline,tetracyclines,4.386187816155528,2.404044009745121,110164,6,FALSE,2,Urban-industrial wastewater core
Tianjin,K. pneumoniae | Tobramycin,K. pneumoniae,Tobramycin,aminoglycosides,9.506955908020183,10.200386866927147,73462,6,FALSE,2,Urban-industrial wastewater core
Tianjin,P. aeruginosa | Amikacin,P. aeruginosa,Amikacin,aminoglycosides,2.190176751137436,-1.258492097258568,55338,6,FALSE,2,Urban-industrial wastewater core
Tianjin,P. aeruginosa | Aztreonam,P. aeruginosa,Aztreonam,other,18.569835399767662,-2.254025638103485,42149,6,FALSE,2,Urban-industrial wastewater core
Tianjin,P. aeruginosa | Cefepime,P. aeruginosa,Cefepime,cephalosporins,5.794654459017901,-2.9713910073041916,55672,6,FALSE,2,Urban-industrial wastewater core
Tianjin,P. aeruginosa | Ceftazidime,P. aeruginosa,Ceftazidime,cephalosporins,10.55520793862198,-0.5080446600914001,55925,6,FALSE,2,Urban-industrial wastewater core
Tianjin,P. aeruginosa | Ciprofloxacin,P. aeruginosa,Ciprofloxacin,fluoroquinolones,7.7407333129251805,-1.8044635653495789,55279,6,TRUE,2,Urban-industrial wastewater core
Tianjin,P. aeruginosa | Gentamicin,P. aeruginosa,Gentamicin,aminoglycosides,5.502049862408057,-5.719052255153656,30734,6,FALSE,2,Urban-industrial wastewater core
Tianjin,P. aeruginosa | Imipenem,P. aeruginosa,Imipenem,carbapenems,17.696547716794402,-1.9471138715744019,55152,6,FALSE,2,Urban-industrial wastewater core
Tianjin,P. aeruginosa | Levofloxacin,P. aeruginosa,Levofloxacin,fluoroquinolones,10.154889795177326,-1.6898974776268005,55136,6,FALSE,2,Urban-industrial wastewater core
Tianjin,P. aeruginosa | Meropenem,P. aeruginosa,Meropenem,carbapenems,13.894427749696852,-1.7022520303726179,55166,6,FALSE,2,Urban-industrial wastewater core
Tianjin,P. aeruginosa | Piperacillin,P. aeruginosa,Piperacillin,other,14.861074953293587,5.694222450256348,30664,6,FALSE,2,Urban-industrial wastewater core
Tianjin,P. aeruginosa | Polymyxin B,P. aeruginosa,Polymyxin B,other,3.098591535391522,0.3984961658716202,710,6,FALSE,2,Urban-industrial wastewater core
Tianjin,P. aeruginosa | Tobramycin,P. aeruginosa,Tobramycin,aminoglycosides,4.8446357083286395,-2.232261374592781,54163,6,FALSE,2,Urban-industrial wastewater core
Tianjin,S. aureus | Amikacin,S. aureus,Amikacin,aminoglycosides,0,NA,99,1,FALSE,2,Urban-industrial wastewater core
Tianjin,S. aureus | Cefoxitin,S. aureus,Cefoxitin,cephalosporins,21.32148831619414,1.9815757870674133,1801,6,FALSE,2,Urban-industrial wastewater core
Tianjin,S. aureus | Chloramphenicol,S. aureus,Chloramphenicol,other,6.239737402678319,6.785714440047741,609,6,FALSE,2,Urban-industrial wastewater core
Tianjin,S. aureus | Ciprofloxacin,S. aureus,Ciprofloxacin,fluoroquinolones,12.587900079762388,2.294480800628664,32992,6,FALSE,2,Urban-industrial wastewater core
Tianjin,S. aureus | Clindamycin,S. aureus,Clindamycin,other,25.920988743094583,-6.855420768260956,41260,6,FALSE,2,Urban-industrial wastewater core
Tianjin,S. aureus | Erythromycin,S. aureus,Erythromycin,macrolides,57.24196337843895,-3.1675636768341064,41225,6,TRUE,2,Urban-industrial wastewater core
Tianjin,S. aureus | Gentamicin,S. aureus,Gentamicin,aminoglycosides,11.312779199106114,-5.652286857366562,41873,6,FALSE,2,Urban-industrial wastewater core
Tianjin,S. aureus | Levofloxacin,S. aureus,Levofloxacin,fluoroquinolones,12.607952928155566,3.079947829246521,40990,6,FALSE,2,Urban-industrial wastewater core
Tianjin,S. aureus | Linezolid,S. aureus,Linezolid,other,0,0,41734,6,FALSE,2,Urban-industrial wastewater core
Tianjin,S. aureus | Nitrofurantoin,S. aureus,Nitrofurantoin,other,0.13353062026302367,-0.06676448974758385,27709,6,FALSE,2,Urban-industrial wastewater core
Tianjin,S. aureus | Oxacillin,S. aureus,Oxacillin,other,18.782305020123278,0.799308717250824,41209,6,FALSE,2,Urban-industrial wastewater core
Tianjin,S. aureus | Penicillin G,S. aureus,Penicillin G,other,84.14085805882381,-2.992832660675049,40267,6,FALSE,2,Urban-industrial wastewater core
Tianjin,S. aureus | Rifampicin,S. aureus,Rifampicin,other,1.0859902600190159,-1.2994235381484032,41621,6,FALSE,2,Urban-industrial wastewater core
Tianjin,S. aureus | Teicoplanin,S. aureus,Teicoplanin,other,0,0,9839,6,FALSE,2,Urban-industrial wastewater core
Tianjin,S. aureus | Tetracycline,S. aureus,Tetracycline,tetracyclines,9.980935914626707,-3.0523888766765612,32522,6,FALSE,2,Urban-industrial wastewater core
Tianjin,S. aureus | Vancomycin,S. aureus,Vancomycin,other,0,0,41737,6,FALSE,2,Urban-industrial wastewater core
Tibet,A. baumannii | Amikacin,A. baumannii,Amikacin,aminoglycosides,39.434889068309886,38.26804421842098,814,6,FALSE,3,Inland surveillance-gap belt
Tibet,A. baumannii | Aztreonam,A. baumannii,Aztreonam,other,54.2372880345684,-1.002335548400886,295,6,FALSE,3,Inland surveillance-gap belt
Tibet,A. baumannii | Cefepime,A. baumannii,Cefepime,cephalosporins,43.20469800157835,21.413165330886837,1192,6,FALSE,3,Inland surveillance-gap belt
Tibet,A. baumannii | Cefotaxime,A. baumannii,Cefotaxime,cephalosporins,40.847201038957905,46.47887349128723,661,6,FALSE,3,Inland surveillance-gap belt
Tibet,A. baumannii | Ceftazidime,A. baumannii,Ceftazidime,cephalosporins,46.476508369481806,23.10319542884827,1192,6,FALSE,3,Inland surveillance-gap belt
Tibet,A. baumannii | Ceftriaxone,A. baumannii,Ceftriaxone,cephalosporins,57.36434062899545,38.94937187433243,516,6,FALSE,3,Inland surveillance-gap belt
Tibet,A. baumannii | Ciprofloxacin,A. baumannii,Ciprofloxacin,fluoroquinolones,54.120878334883805,7.191917300224304,1092,6,FALSE,3,Inland surveillance-gap belt
Tibet,A. baumannii | Gentamicin,A. baumannii,Gentamicin,aminoglycosides,35.064934983656,20.98214328289032,770,6,FALSE,3,Inland surveillance-gap belt
Tibet,A. baumannii | Imipenem,A. baumannii,Imipenem,carbapenems,44.58762988243316,23.353084921836853,1164,6,FALSE,3,Inland surveillance-gap belt
Tibet,A. baumannii | Levofloxacin,A. baumannii,Levofloxacin,fluoroquinolones,36.34064128185806,-15.161392092704773,1186,6,TRUE,3,Inland surveillance-gap belt
Tibet,A. baumannii | Meropenem,A. baumannii,Meropenem,carbapenems,44.87562229940251,46.64720855653286,1005,6,FALSE,3,Inland surveillance-gap belt
Tibet,A. baumannii | Minocycline,A. baumannii,Minocycline,other,1.4669926593439941,0,818,6,FALSE,3,Inland surveillance-gap belt
Tibet,A. baumannii | Tigecycline,A. baumannii,Tigecycline,tetracyclines,1.2605041784628266,NA,714,5,FALSE,3,Inland surveillance-gap belt
Tibet,A. baumannii | Tobramycin,A. baumannii,Tobramycin,aminoglycosides,59.6816983320985,57.34127163887024,754,6,FALSE,3,Inland surveillance-gap belt
Tibet,E. coli | Amikacin,E. coli,Amikacin,aminoglycosides,1.0113982869789715,0.6972315721213818,6229,6,FALSE,3,Inland surveillance-gap belt
Tibet,E. coli | Ampicillin,E. coli,Ampicillin,other,75.36933375176154,9.390455484390259,3926,6,FALSE,3,Inland surveillance-gap belt
Tibet,E. coli | Aztreonam,E. coli,Aztreonam,other,32.79487958080846,-2.625897526741028,3281,6,FALSE,3,Inland surveillance-gap belt
Tibet,E. coli | Cefazolin,E. coli,Cefazolin,cephalosporins,73.8592754981157,5.690068006515503,2345,6,FALSE,3,Inland surveillance-gap belt
Tibet,E. coli | Cefepime,E. coli,Cefepime,cephalosporins,31.16502252039163,-5.681490898132324,7502,6,FALSE,3,Inland surveillance-gap belt
Tibet,E. coli | Cefotaxime,E. coli,Cefotaxime,cephalosporins,49.910313882635315,-11.907190084457397,2230,6,FALSE,3,Inland surveillance-gap belt
Tibet,E. coli | Cefotetan,E. coli,Cefotetan,cephalosporins,0.9900990158946502,NA,404,5,FALSE,3,Inland surveillance-gap belt
Tibet,E. coli | Cefoxitin,E. coli,Cefoxitin,cephalosporins,6.156716483381035,2.1608643233776093,5360,6,FALSE,3,Inland surveillance-gap belt
Tibet,E. coli | Ceftazidime,E. coli,Ceftazidime,cephalosporins,18.87439054821074,-3.5380810499191284,7587,6,FALSE,3,Inland surveillance-gap belt
Tibet,E. coli | Ceftriaxone,E. coli,Ceftriaxone,cephalosporins,57.73081203876357,-7.744401693344116,5394,6,FALSE,3,Inland surveillance-gap belt
Tibet,E. coli | Cefuroxime,E. coli,Cefuroxime,cephalosporins,57.908729404065795,-3.5807788372039795,2257,6,FALSE,3,Inland surveillance-gap belt
Tibet,E. coli | Chloramphenicol,E. coli,Chloramphenicol,other,10.091743235923463,0.3453277051448822,1635,6,FALSE,3,Inland surveillance-gap belt
Tibet,E. coli | Ciprofloxacin,E. coli,Ciprofloxacin,fluoroquinolones,38.26452613230054,-6.486138701438904,5232,6,TRUE,3,Inland surveillance-gap belt
Tibet,E. coli | Ertapenem,E. coli,Ertapenem,carbapenems,0.2770722709550784,0.1682085799984634,4331,6,FALSE,3,Inland surveillance-gap belt
Tibet,E. coli | Gentamicin,E. coli,Gentamicin,aminoglycosides,31.900698063538183,-7.588642835617065,6445,6,FALSE,3,Inland surveillance-gap belt
Tibet,E. coli | Imipenem,E. coli,Imipenem,carbapenems,0.1318874564128278,0.05656108842231333,6824,6,FALSE,3,Inland surveillance-gap belt
Tibet,E. coli | Levofloxacin,E. coli,Levofloxacin,fluoroquinolones,36.78722296464783,4.044696688652042,7576,6,TRUE,3,Inland surveillance-gap belt
Tibet,E. coli | Meropenem,E. coli,Meropenem,carbapenems,0.0785854617055974,-0.06740293465554714,5090,6,FALSE,3,Inland surveillance-gap belt
Tibet,E. coli | Nitrofurantoin,E. coli,Nitrofurantoin,other,1.265822789525684,NA,474,5,FALSE,3,Inland surveillance-gap belt
Tibet,E. coli | Tigecycline,E. coli,Tigecycline,tetracyclines,0.09386733463395373,NA,3196,5,FALSE,3,Inland surveillance-gap belt
Tibet,E. coli | Tobramycin,E. coli,Tobramycin,aminoglycosides,18.424242183114544,NA,825,5,FALSE,3,Inland surveillance-gap belt
Tibet,K. pneumoniae | Amikacin,K. pneumoniae,Amikacin,aminoglycosides,1.028571441627684,0.8223235607147219,2625,6,FALSE,3,Inland surveillance-gap belt
Tibet,K. pneumoniae | Ampicillin,K. pneumoniae,Ampicillin,other,87.11446168244579,-1.2381255626678467,1459,6,FALSE,3,Inland surveillance-gap belt
Tibet,K. pneumoniae | Aztreonam,K. pneumoniae,Aztreonam,other,28.31858386749891,5.708046257495877,1356,6,FALSE,3,Inland surveillance-gap belt
Tibet,K. pneumoniae | Cefazolin,K. pneumoniae,Cefazolin,cephalosporins,53.01204744771302,-2.7342498302459717,996,6,FALSE,3,Inland surveillance-gap belt
Tibet,K. pneumoniae | Cefepime,K. pneumoniae,Cefepime,cephalosporins,22.576610750522818,-0.11541098356246948,3198,6,FALSE,3,Inland surveillance-gap belt
Tibet,K. pneumoniae | Cefotaxime,K. pneumoniae,Cefotaxime,cephalosporins,39.21380666792678,7.591503858566284,1043,6,FALSE,3,Inland surveillance-gap belt
Tibet,K. pneumoniae | Cefotetan,K. pneumoniae,Cefotetan,cephalosporins,0,NA,137,5,FALSE,3,Inland surveillance-gap belt
Tibet,K. pneumoniae | Cefoxitin,K. pneumoniae,Cefoxitin,cephalosporins,6.95316279887117,5.473124235868454,2071,6,FALSE,3,Inland surveillance-gap belt
Tibet,K. pneumoniae | Ceftazidime,K. pneumoniae,Ceftazidime,cephalosporins,16.63033338405751,2.3418784141540527,3211,6,FALSE,3,Inland surveillance-gap belt
Tibet,K. pneumoniae | Ceftriaxone,K. pneumoniae,Ceftriaxone,cephalosporins,37.85950005728925,-2.1529555320739746,2121,6,FALSE,3,Inland surveillance-gap belt
Tibet,K. pneumoniae | Cefuroxime,K. pneumoniae,Cefuroxime,cephalosporins,41.39344240920465,4.090911149978638,488,6,FALSE,3,Inland surveillance-gap belt
Tibet,K. pneumoniae | Chloramphenicol,K. pneumoniae,Chloramphenicol,other,6.448087480550256,-3.799999877810478,915,6,FALSE,3,Inland surveillance-gap belt
Tibet,K. pneumoniae | Ciprofloxacin,K. pneumoniae,Ciprofloxacin,fluoroquinolones,5.386687263849264,2.45763398706913,2599,6,TRUE,3,Inland surveillance-gap belt
Tibet,K. pneumoniae | Ertapenem,K. pneumoniae,Ertapenem,carbapenems,2.820955636596364,4.008908569812775,1737,6,FALSE,3,Inland surveillance-gap belt
Tibet,K. pneumoniae | Gentamicin,K. pneumoniae,Gentamicin,aminoglycosides,8.908839792898181,-3.243038058280945,2896,6,FALSE,3,Inland surveillance-gap belt
Tibet,K. pneumoniae | Imipenem,K. pneumoniae,Imipenem,carbapenems,1.8139841294255217,2.366731408983469,3032,6,FALSE,3,Inland surveillance-gap belt
Tibet,K. pneumoniae | Levofloxacin,K. pneumoniae,Levofloxacin,fluoroquinolones,5.944600127871594,4.612651467323303,3213,6,TRUE,3,Inland surveillance-gap belt
Tibet,K. pneumoniae | Meropenem,K. pneumoniae,Meropenem,carbapenems,1.4899957361688585,2.282157726585865,2349,6,FALSE,3,Inland surveillance-gap belt
Tibet,K. pneumoniae | Nitrofurantoin,K. pneumoniae,Nitrofurantoin,other,6.358381563183889,NA,173,5,FALSE,3,Inland surveillance-gap belt
Tibet,K. pneumoniae | Tigecycline,K. pneumoniae,Tigecycline,tetracyclines,0.07407407379812664,NA,1350,5,FALSE,3,Inland surveillance-gap belt
Tibet,K. pneumoniae | Tobramycin,K. pneumoniae,Tobramycin,aminoglycosides,6.198347141304292,NA,242,5,FALSE,3,Inland surveillance-gap belt
Tibet,P. aeruginosa | Amikacin,P. aeruginosa,Amikacin,aminoglycosides,2.546916925036236,2.547770738601685,746,6,FALSE,3,Inland surveillance-gap belt
Tibet,P. aeruginosa | Aztreonam,P. aeruginosa,Aztreonam,other,23.794212496548987,15.384615957736969,311,6,FALSE,3,Inland surveillance-gap belt
Tibet,P. aeruginosa | Cefepime,P. aeruginosa,Cefepime,cephalosporins,4.303278653409149,-4.463730379939079,976,6,FALSE,3,Inland surveillance-gap belt
Tibet,P. aeruginosa | Ceftazidime,P. aeruginosa,Ceftazidime,cephalosporins,10.878661303356228,-2.067868411540987,956,6,FALSE,3,Inland surveillance-gap belt
Tibet,P. aeruginosa | Ciprofloxacin,P. aeruginosa,Ciprofloxacin,fluoroquinolones,5.229455675917857,-3.192407265305519,937,6,TRUE,3,Inland surveillance-gap belt
Tibet,P. aeruginosa | Gentamicin,P. aeruginosa,Gentamicin,aminoglycosides,4.275862092088008,-5.518355779349804,725,6,FALSE,3,Inland surveillance-gap belt
Tibet,P. aeruginosa | Imipenem,P. aeruginosa,Imipenem,carbapenems,11.1234704871663,1.82870551943779,899,6,FALSE,3,Inland surveillance-gap belt
Tibet,P. aeruginosa | Levofloxacin,P. aeruginosa,Levofloxacin,fluoroquinolones,6.631578973249385,-2.920866012573242,950,6,FALSE,3,Inland surveillance-gap belt
Tibet,P. aeruginosa | Meropenem,P. aeruginosa,Meropenem,carbapenems,7.46089046357018,8.215155359357595,831,6,FALSE,3,Inland surveillance-gap belt
Tibet,P. aeruginosa | Piperacillin,P. aeruginosa,Piperacillin,other,29.670329809516343,-30.11363595724106,182,6,FALSE,3,Inland surveillance-gap belt
Tibet,P. aeruginosa | Polymyxin B,P. aeruginosa,Polymyxin B,other,0,NA,10,1,FALSE,3,Inland surveillance-gap belt
Tibet,P. aeruginosa | Tobramycin,P. aeruginosa,Tobramycin,aminoglycosides,3.933434234016241,-2.2603485733270645,661,6,FALSE,3,Inland surveillance-gap belt
Tibet,S. aureus | Amikacin,S. aureus,Amikacin,aminoglycosides,1.7964072525501251,NA,167,1,FALSE,3,Inland surveillance-gap belt
Tibet,S. aureus | Cefoxitin,S. aureus,Cefoxitin,cephalosporins,41.871920940030385,6.101363897323608,2030,6,FALSE,3,Inland surveillance-gap belt
Tibet,S. aureus | Chloramphenicol,S. aureus,Chloramphenicol,other,6.363636248491027,NA,330,3,FALSE,3,Inland surveillance-gap belt
Tibet,S. aureus | Ciprofloxacin,S. aureus,Ciprofloxacin,fluoroquinolones,14.714566699969838,-3.8935482501983625,2032,6,FALSE,3,Inland surveillance-gap belt
Tibet,S. aureus | Clindamycin,S. aureus,Clindamycin,other,41.12337070891826,-13.286575675010681,3988,6,FALSE,3,Inland surveillance-gap belt
Tibet,S. aureus | Erythromycin,S. aureus,Erythromycin,macrolides,57.676869010243415,-13.413530588150024,3986,6,TRUE,3,Inland surveillance-gap belt
Tibet,S. aureus | Gentamicin,S. aureus,Gentamicin,aminoglycosides,9.817289211158698,-8.268854022026064,3667,6,FALSE,3,Inland surveillance-gap belt
Tibet,S. aureus | Levofloxacin,S. aureus,Levofloxacin,fluoroquinolones,9.372608982989965,5.011247098445894,2614,6,FALSE,3,Inland surveillance-gap belt
Tibet,S. aureus | Linezolid,S. aureus,Linezolid,other,0,0,3403,6,FALSE,3,Inland surveillance-gap belt
Tibet,S. aureus | Nitrofurantoin,S. aureus,Nitrofurantoin,other,0,0,1323,6,FALSE,3,Inland surveillance-gap belt
Tibet,S. aureus | Oxacillin,S. aureus,Oxacillin,other,45.030160378415594,4.8944056034088135,3813,6,FALSE,3,Inland surveillance-gap belt
Tibet,S. aureus | Penicillin G,S. aureus,Penicillin G,other,96.56117551052864,-0.9331822395324565,4013,6,FALSE,3,Inland surveillance-gap belt
Tibet,S. aureus | Rifampicin,S. aureus,Rifampicin,other,3.0969030765740277,-3.9424207992851734,4004,6,FALSE,3,Inland surveillance-gap belt
Tibet,S. aureus | Teicoplanin,S. aureus,Teicoplanin,other,0,0,3030,6,FALSE,3,Inland surveillance-gap belt
Tibet,S. aureus | Tetracycline,S. aureus,Tetracycline,tetracyclines,24.324324721406004,-9.751428663730621,2109,6,FALSE,3,Inland surveillance-gap belt
Tibet,S. aureus | Vancomycin,S. aureus,Vancomycin,other,0,0,3992,6,FALSE,3,Inland surveillance-gap belt
Xinjiang,A. baumannii | Amikacin,A. baumannii,Amikacin,aminoglycosides,38.33008003615718,9.21851098537445,25103,6,FALSE,3,Inland surveillance-gap belt
Xinjiang,A. baumannii | Aztreonam,A. baumannii,Aztreonam,other,74.42922322717432,-21.804678440093994,438,6,FALSE,3,Inland surveillance-gap belt
Xinjiang,A. baumannii | Cefepime,A. baumannii,Cefepime,cephalosporins,51.44335997719849,-7.385554909706116,45207,6,FALSE,3,Inland surveillance-gap belt
Xinjiang,A. baumannii | Cefotaxime,A. baumannii,Cefotaxime,cephalosporins,47.0942501206421,44.49666291475296,3321,6,FALSE,3,Inland surveillance-gap belt
Xinjiang,A. baumannii | Ceftazidime,A. baumannii,Ceftazidime,cephalosporins,51.097671880038604,1.484587788581841,34892,6,FALSE,3,Inland surveillance-gap belt
Xinjiang,A. baumannii | Ceftriaxone,A. baumannii,Ceftriaxone,cephalosporins,51.76722762167785,-9.393173456192017,35451,6,FALSE,3,Inland surveillance-gap belt
Xinjiang,A. baumannii | Ciprofloxacin,A. baumannii,Ciprofloxacin,fluoroquinolones,53.64179723346887,-5.807784199714661,40653,6,FALSE,3,Inland surveillance-gap belt
Xinjiang,A. baumannii | Gentamicin,A. baumannii,Gentamicin,aminoglycosides,42.98335068359987,-10.363441705703735,37240,6,FALSE,3,Inland surveillance-gap belt
Xinjiang,A. baumannii | Imipenem,A. baumannii,Imipenem,carbapenems,50.7253052621922,-1.3203531503677368,43430,6,FALSE,3,Inland surveillance-gap belt
Xinjiang,A. baumannii | Levofloxacin,A. baumannii,Levofloxacin,fluoroquinolones,33.44564839285385,-0.7596760988235474,44221,6,TRUE,3,Inland surveillance-gap belt
Xinjiang,A. baumannii | Meropenem,A. baumannii,Meropenem,carbapenems,54.93339084064863,-7.694512605667114,27699,6,FALSE,3,Inland surveillance-gap belt
Xinjiang,A. baumannii | Minocycline,A. baumannii,Minocycline,other,15.031920830506747,-4.166615754365923,25845,6,FALSE,3,Inland surveillance-gap belt
Xinjiang,A. baumannii | Polymyxin B,A. baumannii,Polymyxin B,other,2.25208860781765,-5.016153026372194,2753,6,FALSE,3,Inland surveillance-gap belt
Xinjiang,A. baumannii | Tigecycline,A. baumannii,Tigecycline,tetracyclines,1.38598745531655,-0.7811469025909901,24892,6,FALSE,3,Inland surveillance-gap belt
Xinjiang,A. baumannii | Tobramycin,A. baumannii,Tobramycin,aminoglycosides,36.95055245534906,3.765234351158142,37515,6,FALSE,3,Inland surveillance-gap belt
Xinjiang,E. coli | Amikacin,E. coli,Amikacin,aminoglycosides,1.6091022031316708,0.8041559718549252,130694,6,FALSE,3,Inland surveillance-gap belt
Xinjiang,E. coli | Ampicillin,E. coli,Ampicillin,other,76.98915460807208,-2.4832069873809814,121999,6,FALSE,3,Inland surveillance-gap belt
Xinjiang,E. coli | Aztreonam,E. coli,Aztreonam,other,26.661151939780126,-2.545484900474552,112422,6,FALSE,3,Inland surveillance-gap belt
Xinjiang,E. coli | Cefazolin,E. coli,Cefazolin,cephalosporins,60.23264130341746,-13.30074667930603,24759,6,FALSE,3,Inland surveillance-gap belt
Xinjiang,E. coli | Cefepime,E. coli,Cefepime,cephalosporins,14.007497358814776,1.4923542737960798,133914,6,FALSE,3,Inland surveillance-gap belt
Xinjiang,E. coli | Cefotaxime,E. coli,Cefotaxime,cephalosporins,41.99303377362043,-1.4259189367294312,25840,6,FALSE,3,Inland surveillance-gap belt
Xinjiang,E. coli | Cefotetan,E. coli,Cefotetan,cephalosporins,1.5809556111834793,-0.7454335689544676,71286,6,FALSE,3,Inland surveillance-gap belt
Xinjiang,E. coli | Cefoxitin,E. coli,Cefoxitin,cephalosporins,7.764555623284626,-4.597758501768112,42269,6,FALSE,3,Inland surveillance-gap belt
Xinjiang,E. coli | Ceftazidime,E. coli,Ceftazidime,cephalosporins,17.009484821673496,-1.9738122820854187,122514,6,FALSE,3,Inland surveillance-gap belt
Xinjiang,E. coli | Ceftriaxone,E. coli,Ceftriaxone,cephalosporins,43.11179947811288,-5.840051174163818,122630,6,FALSE,3,Inland surveillance-gap belt
Xinjiang,E. coli | Cefuroxime,E. coli,Cefuroxime,cephalosporins,46.68948452944201,-5.580922961235046,98459,6,FALSE,3,Inland surveillance-gap belt
Xinjiang,E. coli | Chloramphenicol,E. coli,Chloramphenicol,other,20.848138309599683,-2.675887942314148,12946,6,FALSE,3,Inland surveillance-gap belt
Xinjiang,E. coli | Ciprofloxacin,E. coli,Ciprofloxacin,fluoroquinolones,47.66288093730956,-0.5691647529602051,108745,6,TRUE,3,Inland surveillance-gap belt
Xinjiang,E. coli | Ertapenem,E. coli,Ertapenem,carbapenems,0.6944154690599663,0.23743901401758194,47954,6,FALSE,3,Inland surveillance-gap belt
Xinjiang,E. coli | Gentamicin,E. coli,Gentamicin,aminoglycosides,29.957819708528106,-5.030301213264465,123280,6,FALSE,3,Inland surveillance-gap belt
Xinjiang,E. coli | Imipenem,E. coli,Imipenem,carbapenems,0.6625452166039013,-0.27895248495042324,126331,6,FALSE,3,Inland surveillance-gap belt
Xinjiang,E. coli | Levofloxacin,E. coli,Levofloxacin,fluoroquinolones,43.81951204257082,-1.4467328786849976,127765,6,TRUE,3,Inland surveillance-gap belt
Xinjiang,E. coli | Meropenem,E. coli,Meropenem,carbapenems,0.613689531874449,-0.1508648507297039,98747,6,FALSE,3,Inland surveillance-gap belt
Xinjiang,E. coli | Nitrofurantoin,E. coli,Nitrofurantoin,other,2.8703577775032305,-0.8776016533374786,36755,6,FALSE,3,Inland surveillance-gap belt
Xinjiang,E. coli | Polymyxin B,E. coli,Polymyxin B,other,0.6701030980521986,NA,1940,3,FALSE,3,Inland surveillance-gap belt
Xinjiang,E. coli | Tigecycline,E. coli,Tigecycline,tetracyclines,0.30518820455074236,0.16447368543595076,29490,6,FALSE,3,Inland surveillance-gap belt
Xinjiang,E. coli | Tobramycin,E. coli,Tobramycin,aminoglycosides,13.846876912502095,19.488073885440826,93624,6,FALSE,3,Inland surveillance-gap belt
Xinjiang,K. pneumoniae | Amikacin,K. pneumoniae,Amikacin,aminoglycosides,3.085619951017474,-0.919555313885212,95702,6,FALSE,3,Inland surveillance-gap belt
Xinjiang,K. pneumoniae | Ampicillin,K. pneumoniae,Ampicillin,other,85.38310920603129,5.295306444168091,9188,6,FALSE,3,Inland surveillance-gap belt
Xinjiang,K. pneumoniae | Aztreonam,K. pneumoniae,Aztreonam,other,17.55598963960503,-0.7518813014030421,82872,6,FALSE,3,Inland surveillance-gap belt
Xinjiang,K. pneumoniae | Cefazolin,K. pneumoniae,Cefazolin,cephalosporins,25.27532501772391,-0.9562388062477112,32961,6,FALSE,3,Inland surveillance-gap belt
Xinjiang,K. pneumoniae | Cefepime,K. pneumoniae,Cefepime,cephalosporins,13.742192384641422,1.3678148388862592,98143,6,FALSE,3,Inland surveillance-gap belt
Xinjiang,K. pneumoniae | Cefotaxime,K. pneumoniae,Cefotaxime,cephalosporins,25.42230819537515,1.6694754362106323,15510,6,FALSE,3,Inland surveillance-gap belt
Xinjiang,K. pneumoniae | Cefotetan,K. pneumoniae,Cefotetan,cephalosporins,5.645688624072913,2.1481994539499283,48940,6,FALSE,3,Inland surveillance-gap belt
Xinjiang,K. pneumoniae | Cefoxitin,K. pneumoniae,Cefoxitin,cephalosporins,11.452415181553167,2.779434621334076,31155,6,FALSE,3,Inland surveillance-gap belt
Xinjiang,K. pneumoniae | Ceftazidime,K. pneumoniae,Ceftazidime,cephalosporins,16.222776349329425,-1.0345101356506365,90225,6,FALSE,3,Inland surveillance-gap belt
Xinjiang,K. pneumoniae | Ceftriaxone,K. pneumoniae,Ceftriaxone,cephalosporins,21.564333993234648,-5.973142385482788,89968,6,FALSE,3,Inland surveillance-gap belt
Xinjiang,K. pneumoniae | Cefuroxime,K. pneumoniae,Cefuroxime,cephalosporins,25.272349774694234,-5.866074562072754,70314,6,FALSE,3,Inland surveillance-gap belt
Xinjiang,K. pneumoniae | Chloramphenicol,K. pneumoniae,Chloramphenicol,other,18.97045586049942,-6.383618712425232,12219,6,FALSE,3,Inland surveillance-gap belt
Xinjiang,K. pneumoniae | Ciprofloxacin,K. pneumoniae,Ciprofloxacin,fluoroquinolones,16.39509471742648,-0.05104094743728638,77389,6,TRUE,3,Inland surveillance-gap belt
Xinjiang,K. pneumoniae | Ertapenem,K. pneumoniae,Ertapenem,carbapenems,7.3076053119455215,8.719604089856148,30913,6,FALSE,3,Inland surveillance-gap belt
Xinjiang,K. pneumoniae | Gentamicin,K. pneumoniae,Gentamicin,aminoglycosides,10.752908555153446,-7.5895145535469055,87846,6,FALSE,3,Inland surveillance-gap belt
Xinjiang,K. pneumoniae | Imipenem,K. pneumoniae,Imipenem,carbapenems,7.518038359805493,2.2519733756780624,92165,6,FALSE,3,Inland surveillance-gap belt
Xinjiang,K. pneumoniae | Levofloxacin,K. pneumoniae,Levofloxacin,fluoroquinolones,14.533542478706357,-0.2921953797340393,94939,6,TRUE,3,Inland surveillance-gap belt
Xinjiang,K. pneumoniae | Meropenem,K. pneumoniae,Meropenem,carbapenems,7.63084935421024,1.9531968981027603,76099,6,FALSE,3,Inland surveillance-gap belt
Xinjiang,K. pneumoniae | Nitrofurantoin,K. pneumoniae,Nitrofurantoin,other,18.19521165113642,-3.04199755191803,13575,6,FALSE,3,Inland surveillance-gap belt
Xinjiang,K. pneumoniae | Polymyxin B,K. pneumoniae,Polymyxin B,other,1.8750000047536257,NA,1920,3,FALSE,3,Inland surveillance-gap belt
Xinjiang,K. pneumoniae | Tigecycline,K. pneumoniae,Tigecycline,tetracyclines,1.833372014462533,-0.07935129106044747,21545,6,FALSE,3,Inland surveillance-gap belt
Xinjiang,K. pneumoniae | Tobramycin,K. pneumoniae,Tobramycin,aminoglycosides,8.256577389203189,1.6228117048740387,69593,6,FALSE,3,Inland surveillance-gap belt
Xinjiang,P. aeruginosa | Amikacin,P. aeruginosa,Amikacin,aminoglycosides,1.878682255663302,-2.220103796571493,33268,6,FALSE,3,Inland surveillance-gap belt
Xinjiang,P. aeruginosa | Aztreonam,P. aeruginosa,Aztreonam,other,12.793973951436783,-9.723427891731262,17391,6,FALSE,3,Inland surveillance-gap belt
Xinjiang,P. aeruginosa | Cefepime,P. aeruginosa,Cefepime,cephalosporins,7.00522826860115,-3.995821252465248,34046,6,FALSE,3,Inland surveillance-gap belt
Xinjiang,P. aeruginosa | Ceftazidime,P. aeruginosa,Ceftazidime,cephalosporins,10.796841982428779,-3.0005887150764465,31537,6,FALSE,3,Inland surveillance-gap belt
Xinjiang,P. aeruginosa | Ciprofloxacin,P. aeruginosa,Ciprofloxacin,fluoroquinolones,9.33855644122963,-3.5719700157642356,33442,6,TRUE,3,Inland surveillance-gap belt
Xinjiang,P. aeruginosa | Gentamicin,P. aeruginosa,Gentamicin,aminoglycosides,5.167214425452799,-3.0070919543504715,29513,6,FALSE,3,Inland surveillance-gap belt
Xinjiang,P. aeruginosa | Imipenem,P. aeruginosa,Imipenem,carbapenems,11.143947860209751,-4.319857060909273,32484,6,FALSE,3,Inland surveillance-gap belt
Xinjiang,P. aeruginosa | Levofloxacin,P. aeruginosa,Levofloxacin,fluoroquinolones,8.489913824295334,-3.8516297936439514,33263,6,FALSE,3,Inland surveillance-gap belt
Xinjiang,P. aeruginosa | Meropenem,P. aeruginosa,Meropenem,carbapenems,9.662194658056954,-3.6680959165096283,30935,6,FALSE,3,Inland surveillance-gap belt
Xinjiang,P. aeruginosa | Piperacillin,P. aeruginosa,Piperacillin,other,11.87427716916521,-2.7514129877090454,24212,6,FALSE,3,Inland surveillance-gap belt
Xinjiang,P. aeruginosa | Polymyxin B,P. aeruginosa,Polymyxin B,other,2.8291622344992238,1.8785362131893635,919,6,FALSE,3,Inland surveillance-gap belt
Xinjiang,P. aeruginosa | Tobramycin,P. aeruginosa,Tobramycin,aminoglycosides,4.97504479052999,-0.8458759635686874,31256,6,FALSE,3,Inland surveillance-gap belt
Xinjiang,S. aureus | Amikacin,S. aureus,Amikacin,aminoglycosides,0.5891016218811274,NA,679,1,FALSE,3,Inland surveillance-gap belt
Xinjiang,S. aureus | Cefoxitin,S. aureus,Cefoxitin,cephalosporins,11.55960639524791,-1.6244485974311829,6912,6,FALSE,3,Inland surveillance-gap belt
Xinjiang,S. aureus | Chloramphenicol,S. aureus,Chloramphenicol,other,5.301031464579924,-3.7860870361328116,4169,6,FALSE,3,Inland surveillance-gap belt
Xinjiang,S. aureus | Ciprofloxacin,S. aureus,Ciprofloxacin,fluoroquinolones,6.9150628746302845,-0.4964485764503479,53463,6,FALSE,3,Inland surveillance-gap belt
Xinjiang,S. aureus | Clindamycin,S. aureus,Clindamycin,other,26.612862270387915,-0.04858970642090199,58359,6,FALSE,3,Inland surveillance-gap belt
Xinjiang,S. aureus | Erythromycin,S. aureus,Erythromycin,macrolides,52.07476078091655,-8.295297622680664,64152,6,TRUE,3,Inland surveillance-gap belt
Xinjiang,S. aureus | Gentamicin,S. aureus,Gentamicin,aminoglycosides,5.161123701182169,-3.6788444966077805,65819,6,FALSE,3,Inland surveillance-gap belt
Xinjiang,S. aureus | Levofloxacin,S. aureus,Levofloxacin,fluoroquinolones,7.057665066455436,-1.4474503695964813,63973,6,FALSE,3,Inland surveillance-gap belt
Xinjiang,S. aureus | Linezolid,S. aureus,Linezolid,other,0,0,63138,6,FALSE,3,Inland surveillance-gap belt
Xinjiang,S. aureus | Nitrofurantoin,S. aureus,Nitrofurantoin,other,0.4556471145460387,-0.30181233305484056,10315,6,FALSE,3,Inland surveillance-gap belt
Xinjiang,S. aureus | Oxacillin,S. aureus,Oxacillin,other,20.523717956375105,3.252112865447998,65646,6,FALSE,3,Inland surveillance-gap belt
Xinjiang,S. aureus | Penicillin G,S. aureus,Penicillin G,other,93.52106814524329,-2.056342363357558,61399,6,FALSE,3,Inland surveillance-gap belt
Xinjiang,S. aureus | Rifampicin,S. aureus,Rifampicin,other,2.0405317645325227,-1.8364381045103073,64542,6,FALSE,3,Inland surveillance-gap belt
Xinjiang,S. aureus | Teicoplanin,S. aureus,Teicoplanin,other,0,0,13482,6,FALSE,3,Inland surveillance-gap belt
Xinjiang,S. aureus | Tetracycline,S. aureus,Tetracycline,tetracyclines,13.007963832148699,-2.572086453437805,58641,6,FALSE,3,Inland surveillance-gap belt
Xinjiang,S. aureus | Vancomycin,S. aureus,Vancomycin,other,0,0,65740,6,FALSE,3,Inland surveillance-gap belt
Yunnan,A. baumannii | Amikacin,A. baumannii,Amikacin,aminoglycosides,40.376692513800236,1.055675745010376,25485,6,FALSE,3,Inland surveillance-gap belt
Yunnan,A. baumannii | Aztreonam,A. baumannii,Aztreonam,other,64.16457352353486,-7.820630073547363,22288,6,FALSE,3,Inland surveillance-gap belt
Yunnan,A. baumannii | Cefepime,A. baumannii,Cefepime,cephalosporins,46.09218978546035,-9.233894944190979,39050,6,FALSE,3,Inland surveillance-gap belt
Yunnan,A. baumannii | Cefotaxime,A. baumannii,Cefotaxime,cephalosporins,55.6914296498129,-6.94810152053833,9813,6,FALSE,3,Inland surveillance-gap belt
Yunnan,A. baumannii | Ceftazidime,A. baumannii,Ceftazidime,cephalosporins,49.71353681858155,1.3532012701034546,36654,6,FALSE,3,Inland surveillance-gap belt
Yunnan,A. baumannii | Ceftriaxone,A. baumannii,Ceftriaxone,cephalosporins,50.179678923102394,-3.0606597661972046,19201,6,FALSE,3,Inland surveillance-gap belt
Yunnan,A. baumannii | Ciprofloxacin,A. baumannii,Ciprofloxacin,fluoroquinolones,53.26229441817367,0.32018721103668213,35098,6,FALSE,3,Inland surveillance-gap belt
Yunnan,A. baumannii | Gentamicin,A. baumannii,Gentamicin,aminoglycosides,42.554977259415594,2.7134090662002563,23828,6,FALSE,3,Inland surveillance-gap belt
Yunnan,A. baumannii | Imipenem,A. baumannii,Imipenem,carbapenems,50.31044823989235,-1.8840104341506958,38976,6,FALSE,3,Inland surveillance-gap belt
Yunnan,A. baumannii | Levofloxacin,A. baumannii,Levofloxacin,fluoroquinolones,43.00744188475799,2.4892717599868774,38970,6,TRUE,3,Inland surveillance-gap belt
Yunnan,A. baumannii | Meropenem,A. baumannii,Meropenem,carbapenems,53.62095036209433,-0.4958033561706543,30434,6,FALSE,3,Inland surveillance-gap belt
Yunnan,A. baumannii | Minocycline,A. baumannii,Minocycline,other,17.635270538505832,-1.7777517437934875,25449,6,FALSE,3,Inland surveillance-gap belt
Yunnan,A. baumannii | Polymyxin B,A. baumannii,Polymyxin B,other,1.20087334032142,-1.1452579870820045,4580,6,FALSE,3,Inland surveillance-gap belt
Yunnan,A. baumannii | Tigecycline,A. baumannii,Tigecycline,tetracyclines,3.5844013389726177,-2.7381671592593193,29182,6,FALSE,3,Inland surveillance-gap belt
Yunnan,A. baumannii | Tobramycin,A. baumannii,Tobramycin,aminoglycosides,40.488718526933425,-11.980518698692322,25086,6,FALSE,3,Inland surveillance-gap belt
Yunnan,E. coli | Amikacin,E. coli,Amikacin,aminoglycosides,1.7237826691235705,1.734231412410736,237791,6,FALSE,3,Inland surveillance-gap belt
Yunnan,E. coli | Ampicillin,E. coli,Ampicillin,other,86.53741637130102,0.1257479190826416,198736,6,FALSE,3,Inland surveillance-gap belt
Yunnan,E. coli | Aztreonam,E. coli,Aztreonam,other,30.1735329341819,-0.2601325511932373,202555,6,FALSE,3,Inland surveillance-gap belt
Yunnan,E. coli | Cefazolin,E. coli,Cefazolin,cephalosporins,64.56888967233203,-3.8785159587860107,93909,6,FALSE,3,Inland surveillance-gap belt
Yunnan,E. coli | Cefepime,E. coli,Cefepime,cephalosporins,23.5269900617063,9.151600301265717,242955,6,FALSE,3,Inland surveillance-gap belt
Yunnan,E. coli | Cefotaxime,E. coli,Cefotaxime,cephalosporins,48.03126973071517,-5.90415894985199,117944,6,FALSE,3,Inland surveillance-gap belt
Yunnan,E. coli | Cefotetan,E. coli,Cefotetan,cephalosporins,1.0135991325802847,0.24652993306517623,11839,6,FALSE,3,Inland surveillance-gap belt
Yunnan,E. coli | Cefoxitin,E. coli,Cefoxitin,cephalosporins,8.692328956314642,-0.667264312505722,197565,6,FALSE,3,Inland surveillance-gap belt
Yunnan,E. coli | Ceftazidime,E. coli,Ceftazidime,cephalosporins,18.90537578312496,-1.541757583618164,235880,6,FALSE,3,Inland surveillance-gap belt
Yunnan,E. coli | Ceftriaxone,E. coli,Ceftriaxone,cephalosporins,48.31020631200337,-4.239213466644287,227010,6,FALSE,3,Inland surveillance-gap belt
Yunnan,E. coli | Cefuroxime,E. coli,Cefuroxime,cephalosporins,49.109256118716324,-2.355837821960449,207411,6,FALSE,3,Inland surveillance-gap belt
Yunnan,E. coli | Chloramphenicol,E. coli,Chloramphenicol,other,24.423450851943898,5.460590124130249,17995,6,FALSE,3,Inland surveillance-gap belt
Yunnan,E. coli | Ciprofloxacin,E. coli,Ciprofloxacin,fluoroquinolones,46.0007707261703,-1.9238770008087158,163419,6,TRUE,3,Inland surveillance-gap belt
Yunnan,E. coli | Ertapenem,E. coli,Ertapenem,carbapenems,0.8671485710603672,0.6958118174225092,215534,6,FALSE,3,Inland surveillance-gap belt
Yunnan,E. coli | Gentamicin,E. coli,Gentamicin,aminoglycosides,35.48949337540688,-4.397982358932495,208287,6,FALSE,3,Inland surveillance-gap belt
Yunnan,E. coli | Imipenem,E. coli,Imipenem,carbapenems,0.8651389146960907,0.32586189918220043,242620,6,FALSE,3,Inland surveillance-gap belt
Yunnan,E. coli | Levofloxacin,E. coli,Levofloxacin,fluoroquinolones,44.84642311412254,-1.09022855758667,239067,6,TRUE,3,Inland surveillance-gap belt
Yunnan,E. coli | Meropenem,E. coli,Meropenem,carbapenems,0.9047772856114497,0.48103732988238335,176397,6,FALSE,3,Inland surveillance-gap belt
Yunnan,E. coli | Nitrofurantoin,E. coli,Nitrofurantoin,other,2.444228116214315,-1.6215174458920956,48277,6,FALSE,3,Inland surveillance-gap belt
Yunnan,E. coli | Polymyxin B,E. coli,Polymyxin B,other,0.7405578888611561,NA,8102,4,FALSE,3,Inland surveillance-gap belt
Yunnan,E. coli | Tigecycline,E. coli,Tigecycline,tetracyclines,0.08389779085186716,0.10189336026087405,162102,6,FALSE,3,Inland surveillance-gap belt
Yunnan,E. coli | Tobramycin,E. coli,Tobramycin,aminoglycosides,17.495557140563008,14.908983558416367,37701,6,FALSE,3,Inland surveillance-gap belt
Yunnan,K. pneumoniae | Amikacin,K. pneumoniae,Amikacin,aminoglycosides,9.406833559478777,1.6229867935180682,133605,6,FALSE,3,Inland surveillance-gap belt
Yunnan,K. pneumoniae | Ampicillin,K. pneumoniae,Ampicillin,other,92.18780272402913,12.332266569137573,77507,6,FALSE,3,Inland surveillance-gap belt
Yunnan,K. pneumoniae | Aztreonam,K. pneumoniae,Aztreonam,other,22.4863606282748,-0.057591497898098254,111810,6,FALSE,3,Inland surveillance-gap belt
Yunnan,K. pneumoniae | Cefazolin,K. pneumoniae,Cefazolin,cephalosporins,29.799173387865515,-4.591014981269836,80368,6,FALSE,3,Inland surveillance-gap belt
Yunnan,K. pneumoniae | Cefepime,K. pneumoniae,Cefepime,cephalosporins,19.06403227571205,1.9596651196479797,136073,6,FALSE,3,Inland surveillance-gap belt
Yunnan,K. pneumoniae | Cefotaxime,K. pneumoniae,Cefotaxime,cephalosporins,24.740581903791316,-10.402393341064453,60520,6,FALSE,3,Inland surveillance-gap belt
Yunnan,K. pneumoniae | Cefotetan,K. pneumoniae,Cefotetan,cephalosporins,4.383382307944986,-0.2870377153158188,6114,6,FALSE,3,Inland surveillance-gap belt
Yunnan,K. pneumoniae | Cefoxitin,K. pneumoniae,Cefoxitin,cephalosporins,13.98312395085967,-0.13105571269989014,104526,6,FALSE,3,Inland surveillance-gap belt
Yunnan,K. pneumoniae | Ceftazidime,K. pneumoniae,Ceftazidime,cephalosporins,19.782565554809324,-0.12777596712112427,131626,6,FALSE,3,Inland surveillance-gap belt
Yunnan,K. pneumoniae | Ceftriaxone,K. pneumoniae,Ceftriaxone,cephalosporins,24.590676897344697,-3.0314266681671143,124535,6,FALSE,3,Inland surveillance-gap belt
Yunnan,K. pneumoniae | Cefuroxime,K. pneumoniae,Cefuroxime,cephalosporins,26.001645997756114,1.135493814945221,110593,6,FALSE,3,Inland surveillance-gap belt
Yunnan,K. pneumoniae | Chloramphenicol,K. pneumoniae,Chloramphenicol,other,29.41628238191009,-6.12068772315979,11718,6,FALSE,3,Inland surveillance-gap belt
Yunnan,K. pneumoniae | Ciprofloxacin,K. pneumoniae,Ciprofloxacin,fluoroquinolones,19.97866335313733,4.471561312675476,92799,6,TRUE,3,Inland surveillance-gap belt
Yunnan,K. pneumoniae | Ertapenem,K. pneumoniae,Ertapenem,carbapenems,8.328510968368882,3.478699177503586,108867,6,FALSE,3,Inland surveillance-gap belt
Yunnan,K. pneumoniae | Gentamicin,K. pneumoniae,Gentamicin,aminoglycosides,17.984920728934757,1.0821834206581116,106239,6,FALSE,3,Inland surveillance-gap belt
Yunnan,K. pneumoniae | Imipenem,K. pneumoniae,Imipenem,carbapenems,10.223755358422721,0.784078985452652,135684,6,FALSE,3,Inland surveillance-gap belt
Yunnan,K. pneumoniae | Levofloxacin,K. pneumoniae,Levofloxacin,fluoroquinolones,17.027279788521785,2.224358916282654,133615,6,TRUE,3,Inland surveillance-gap belt
Yunnan,K. pneumoniae | Meropenem,K. pneumoniae,Meropenem,carbapenems,11.457190127016734,2.88998633623123,100234,6,FALSE,3,Inland surveillance-gap belt
Yunnan,K. pneumoniae | Nitrofurantoin,K. pneumoniae,Nitrofurantoin,other,25.95426214176644,-1.3924837112426722,23919,6,FALSE,3,Inland surveillance-gap belt
Yunnan,K. pneumoniae | Polymyxin B,K. pneumoniae,Polymyxin B,other,0.7698381452878552,NA,5066,4,FALSE,3,Inland surveillance-gap belt
Yunnan,K. pneumoniae | Tigecycline,K. pneumoniae,Tigecycline,tetracyclines,2.404457454014134,1.4330335892736912,86506,6,FALSE,3,Inland surveillance-gap belt
Yunnan,K. pneumoniae | Tobramycin,K. pneumoniae,Tobramycin,aminoglycosides,17.84062192374826,6.3140347599983215,20969,6,FALSE,3,Inland surveillance-gap belt
Yunnan,P. aeruginosa | Amikacin,P. aeruginosa,Amikacin,aminoglycosides,5.190574028705881,-6.33428767323494,44812,6,FALSE,3,Inland surveillance-gap belt
Yunnan,P. aeruginosa | Aztreonam,P. aeruginosa,Aztreonam,other,21.98235304874083,-9.411309659481049,32981,6,FALSE,3,Inland surveillance-gap belt
Yunnan,P. aeruginosa | Cefepime,P. aeruginosa,Cefepime,cephalosporins,10.085953700034667,-9.986238181591034,45955,6,FALSE,3,Inland surveillance-gap belt
Yunnan,P. aeruginosa | Ceftazidime,P. aeruginosa,Ceftazidime,cephalosporins,16.111931381552555,-4.9876585602760315,44706,6,FALSE,3,Inland surveillance-gap belt
Yunnan,P. aeruginosa | Ciprofloxacin,P. aeruginosa,Ciprofloxacin,fluoroquinolones,12.011020416910029,-7.385720312595367,43918,6,TRUE,3,Inland surveillance-gap belt
Yunnan,P. aeruginosa | Gentamicin,P. aeruginosa,Gentamicin,aminoglycosides,10.295893728530102,-2.0483329892158473,29808,6,FALSE,3,Inland surveillance-gap belt
Yunnan,P. aeruginosa | Imipenem,P. aeruginosa,Imipenem,carbapenems,19.322115536910573,-7.0120275020599365,45642,6,FALSE,3,Inland surveillance-gap belt
Yunnan,P. aeruginosa | Levofloxacin,P. aeruginosa,Levofloxacin,fluoroquinolones,13.936307201377472,-5.7604804635047895,45751,6,FALSE,3,Inland surveillance-gap belt
Yunnan,P. aeruginosa | Meropenem,P. aeruginosa,Meropenem,carbapenems,16.714858815939877,-6.798101961612701,42884,6,FALSE,3,Inland surveillance-gap belt
Yunnan,P. aeruginosa | Piperacillin,P. aeruginosa,Piperacillin,other,18.32995185546897,2.2065073251724243,31053,6,FALSE,3,Inland surveillance-gap belt
Yunnan,P. aeruginosa | Polymyxin B,P. aeruginosa,Polymyxin B,other,2.927321672482193,1.1955499649047852,5944,6,FALSE,3,Inland surveillance-gap belt
Yunnan,P. aeruginosa | Tobramycin,P. aeruginosa,Tobramycin,aminoglycosides,7.364476464863632,-4.596897587180138,31489,6,FALSE,3,Inland surveillance-gap belt
Yunnan,S. aureus | Amikacin,S. aureus,Amikacin,aminoglycosides,2.1396001800894737,NA,2851,1,FALSE,3,Inland surveillance-gap belt
Yunnan,S. aureus | Cefoxitin,S. aureus,Cefoxitin,cephalosporins,22.82326571636907,2.5374993681907654,19651,6,FALSE,3,Inland surveillance-gap belt
Yunnan,S. aureus | Chloramphenicol,S. aureus,Chloramphenicol,other,16.627689419441463,-5.261538177728651,4276,6,FALSE,3,Inland surveillance-gap belt
Yunnan,S. aureus | Ciprofloxacin,S. aureus,Ciprofloxacin,fluoroquinolones,12.988889772485875,2.758728712797165,62284,6,FALSE,3,Inland surveillance-gap belt
Yunnan,S. aureus | Clindamycin,S. aureus,Clindamycin,other,31.731342986881625,-1.3370901346206665,82127,6,FALSE,3,Inland surveillance-gap belt
Yunnan,S. aureus | Erythromycin,S. aureus,Erythromycin,macrolides,55.64478960290893,-2.2603392601013184,82430,6,TRUE,3,Inland surveillance-gap belt
Yunnan,S. aureus | Gentamicin,S. aureus,Gentamicin,aminoglycosides,9.824871345005203,-3.5268038511276245,83767,6,FALSE,3,Inland surveillance-gap belt
Yunnan,S. aureus | Levofloxacin,S. aureus,Levofloxacin,fluoroquinolones,12.502443069056103,1.4472566545009595,76745,6,FALSE,3,Inland surveillance-gap belt
Yunnan,S. aureus | Linezolid,S. aureus,Linezolid,other,0,0,83032,6,FALSE,3,Inland surveillance-gap belt
Yunnan,S. aureus | Nitrofurantoin,S. aureus,Nitrofurantoin,other,0.2902340115646916,0.055986864026635885,38245,6,FALSE,3,Inland surveillance-gap belt
Yunnan,S. aureus | Oxacillin,S. aureus,Oxacillin,other,21.341522438201274,1.9848838448524475,82876,6,FALSE,3,Inland surveillance-gap belt
Yunnan,S. aureus | Penicillin G,S. aureus,Penicillin G,other,93.59113344227062,-0.347745418548584,82183,6,FALSE,3,Inland surveillance-gap belt
Yunnan,S. aureus | Rifampicin,S. aureus,Rifampicin,other,1.9656111028751395,-1.3437218964099884,80840,6,FALSE,3,Inland surveillance-gap belt
Yunnan,S. aureus | Teicoplanin,S. aureus,Teicoplanin,other,0,0,45125,6,FALSE,3,Inland surveillance-gap belt
Yunnan,S. aureus | Tetracycline,S. aureus,Tetracycline,tetracyclines,35.21748499299324,-5.102762579917908,55728,6,FALSE,3,Inland surveillance-gap belt
Yunnan,S. aureus | Vancomycin,S. aureus,Vancomycin,other,0,0,81786,6,FALSE,3,Inland surveillance-gap belt
Zhejiang,A. baumannii | Amikacin,A. baumannii,Amikacin,aminoglycosides,24.226248331629876,7.795187830924988,35218,6,FALSE,1,Eastern production-infrastructure belt
Zhejiang,A. baumannii | Aztreonam,A. baumannii,Aztreonam,other,67.47909209776665,5.644130706787109,4185,6,FALSE,1,Eastern production-infrastructure belt
Zhejiang,A. baumannii | Cefepime,A. baumannii,Cefepime,cephalosporins,38.74449600977466,-4.044851660728455,97650,6,FALSE,1,Eastern production-infrastructure belt
Zhejiang,A. baumannii | Cefotaxime,A. baumannii,Cefotaxime,cephalosporins,36.615811629368096,-4.727432131767273,2884,6,FALSE,1,Eastern production-infrastructure belt
Zhejiang,A. baumannii | Ceftazidime,A. baumannii,Ceftazidime,cephalosporins,42.40983987646717,-0.8716702461242676,89840,6,FALSE,1,Eastern production-infrastructure belt
Zhejiang,A. baumannii | Ceftriaxone,A. baumannii,Ceftriaxone,cephalosporins,46.10941369432619,8.269983530044556,32720,6,FALSE,1,Eastern production-infrastructure belt
Zhejiang,A. baumannii | Ciprofloxacin,A. baumannii,Ciprofloxacin,fluoroquinolones,42.90702980335606,-2.5626659393310547,95644,6,FALSE,1,Eastern production-infrastructure belt
Zhejiang,A. baumannii | Gentamicin,A. baumannii,Gentamicin,aminoglycosides,37.44427047722903,8.676549792289734,33869,6,FALSE,1,Eastern production-infrastructure belt
Zhejiang,A. baumannii | Imipenem,A. baumannii,Imipenem,carbapenems,41.989695865758485,-1.9101917743682861,101513,6,FALSE,1,Eastern production-infrastructure belt
Zhejiang,A. baumannii | Levofloxacin,A. baumannii,Levofloxacin,fluoroquinolones,33.431638322680065,-2.1301358938217163,101724,6,TRUE,1,Eastern production-infrastructure belt
Zhejiang,A. baumannii | Meropenem,A. baumannii,Meropenem,carbapenems,44.47415509927511,-8.611398935317993,78160,6,FALSE,1,Eastern production-infrastructure belt
Zhejiang,A. baumannii | Minocycline,A. baumannii,Minocycline,other,10.829886421452404,-11.873484402894974,65033,6,FALSE,1,Eastern production-infrastructure belt
Zhejiang,A. baumannii | Polymyxin B,A. baumannii,Polymyxin B,other,1.8954864921295427,-0.1715395599603653,9549,6,FALSE,1,Eastern production-infrastructure belt
Zhejiang,A. baumannii | Tigecycline,A. baumannii,Tigecycline,tetracyclines,2.4458429614965014,-0.3315728157758713,79768,6,FALSE,1,Eastern production-infrastructure belt
Zhejiang,A. baumannii | Tobramycin,A. baumannii,Tobramycin,aminoglycosides,30.327778614990272,4.251676797866821,91586,6,FALSE,1,Eastern production-infrastructure belt
Zhejiang,E. coli | Amikacin,E. coli,Amikacin,aminoglycosides,1.9863860437789662,1.005799323320389,303365,6,FALSE,1,Eastern production-infrastructure belt
Zhejiang,E. coli | Ampicillin,E. coli,Ampicillin,other,79.8150589446723,-0.29171109199523926,183627,6,FALSE,1,Eastern production-infrastructure belt
Zhejiang,E. coli | Aztreonam,E. coli,Aztreonam,other,28.02271716254553,-3.3055663108825684,191748,6,FALSE,1,Eastern production-infrastructure belt
Zhejiang,E. coli | Cefazolin,E. coli,Cefazolin,cephalosporins,57.45027318844714,-5.062323808670044,36851,6,FALSE,1,Eastern production-infrastructure belt
Zhejiang,E. coli | Cefepime,E. coli,Cefepime,cephalosporins,21.45170516252696,1.4972835779190063,314320,6,FALSE,1,Eastern production-infrastructure belt
Zhejiang,E. coli | Cefotaxime,E. coli,Cefotaxime,cephalosporins,41.775352339462806,-5.856496095657349,15028,6,FALSE,1,Eastern production-infrastructure belt
Zhejiang,E. coli | Cefotetan,E. coli,Cefotetan,cephalosporins,1.664412221993993,-0.4076868295669558,77625,6,FALSE,1,Eastern production-infrastructure belt
Zhejiang,E. coli | Cefoxitin,E. coli,Cefoxitin,cephalosporins,9.883626312648955,-2.090337872505188,209154,6,FALSE,1,Eastern production-infrastructure belt
Zhejiang,E. coli | Ceftazidime,E. coli,Ceftazidime,cephalosporins,18.870648745897817,-3.9286568760871887,281914,6,FALSE,1,Eastern production-infrastructure belt
Zhejiang,E. coli | Ceftriaxone,E. coli,Ceftriaxone,cephalosporins,47.416072562105,-4.144078493118286,298770,6,FALSE,1,Eastern production-infrastructure belt
Zhejiang,E. coli | Cefuroxime,E. coli,Cefuroxime,cephalosporins,47.61539764427123,-3.2114386558532715,156567,6,FALSE,1,Eastern production-infrastructure belt
Zhejiang,E. coli | Chloramphenicol,E. coli,Chloramphenicol,other,25.11091801498867,0.9201020002365112,20736,6,FALSE,1,Eastern production-infrastructure belt
Zhejiang,E. coli | Ciprofloxacin,E. coli,Ciprofloxacin,fluoroquinolones,46.84964820845953,0.688248872756958,173314,6,TRUE,1,Eastern production-infrastructure belt
Zhejiang,E. coli | Ertapenem,E. coli,Ertapenem,carbapenems,1.284921416851101,0.04741586744785309,288111,6,FALSE,1,Eastern production-infrastructure belt
Zhejiang,E. coli | Gentamicin,E. coli,Gentamicin,aminoglycosides,29.580948437712458,-2.004694938659668,180312,6,FALSE,1,Eastern production-infrastructure belt
Zhejiang,E. coli | Imipenem,E. coli,Imipenem,carbapenems,1.3073337555464262,-0.2878309227526188,317287,6,FALSE,1,Eastern production-infrastructure belt
Zhejiang,E. coli | Levofloxacin,E. coli,Levofloxacin,fluoroquinolones,44.32070812553641,0.8112847805023193,312671,6,TRUE,1,Eastern production-infrastructure belt
Zhejiang,E. coli | Meropenem,E. coli,Meropenem,carbapenems,1.4416991268122732,-0.04071211442351319,103489,6,FALSE,1,Eastern production-infrastructure belt
Zhejiang,E. coli | Nitrofurantoin,E. coli,Nitrofurantoin,other,1.7944271187313057,-1.0797788389027119,68044,6,FALSE,1,Eastern production-infrastructure belt
Zhejiang,E. coli | Polymyxin B,E. coli,Polymyxin B,other,0.8369723334908485,NA,2748,1,FALSE,1,Eastern production-infrastructure belt
Zhejiang,E. coli | Tigecycline,E. coli,Tigecycline,tetracyclines,0.07501498135627666,-0.026004516985267415,218623,6,FALSE,1,Eastern production-infrastructure belt
Zhejiang,E. coli | Tobramycin,E. coli,Tobramycin,aminoglycosides,16.35378792476648,18.834996968507767,137167,6,FALSE,1,Eastern production-infrastructure belt
Zhejiang,K. pneumoniae | Amikacin,K. pneumoniae,Amikacin,aminoglycosides,5.923024282357434,-3.650152310729027,232567,6,FALSE,1,Eastern production-infrastructure belt
Zhejiang,K. pneumoniae | Ampicillin,K. pneumoniae,Ampicillin,other,87.50283190172843,-2.2419869899749756,39713,6,FALSE,1,Eastern production-infrastructure belt
Zhejiang,K. pneumoniae | Aztreonam,K. pneumoniae,Aztreonam,other,23.88423803698932,-6.416325271129608,129127,6,FALSE,1,Eastern production-infrastructure belt
Zhejiang,K. pneumoniae | Cefazolin,K. pneumoniae,Cefazolin,cephalosporins,26.15891237104099,-6.192970275878903,35529,6,FALSE,1,Eastern production-infrastructure belt
Zhejiang,K. pneumoniae | Cefepime,K. pneumoniae,Cefepime,cephalosporins,18.066258499748375,-4.8775747418403625,240725,6,FALSE,1,Eastern production-infrastructure belt
Zhejiang,K. pneumoniae | Cefotaxime,K. pneumoniae,Cefotaxime,cephalosporins,20.062994801515703,-9.069490432739258,10477,6,FALSE,1,Eastern production-infrastructure belt
Zhejiang,K. pneumoniae | Cefotetan,K. pneumoniae,Cefotetan,cephalosporins,11.929358121530969,-5.2603088319301605,46658,6,FALSE,1,Eastern production-infrastructure belt
Zhejiang,K. pneumoniae | Cefoxitin,K. pneumoniae,Cefoxitin,cephalosporins,14.392493192385649,-7.551822811365128,166566,6,FALSE,1,Eastern production-infrastructure belt
Zhejiang,K. pneumoniae | Ceftazidime,K. pneumoniae,Ceftazidime,cephalosporins,19.300403712498827,-9.02705043554306,219498,6,FALSE,1,Eastern production-infrastructure belt
Zhejiang,K. pneumoniae | Ceftriaxone,K. pneumoniae,Ceftriaxone,cephalosporins,25.92845537024782,-8.741088211536407,219612,6,FALSE,1,Eastern production-infrastructure belt
Zhejiang,K. pneumoniae | Cefuroxime,K. pneumoniae,Cefuroxime,cephalosporins,26.23698565402549,-8.542343974113464,129569,6,FALSE,1,Eastern production-infrastructure belt
Zhejiang,K. pneumoniae | Chloramphenicol,K. pneumoniae,Chloramphenicol,other,22.422001918441982,-2.3808076977729797,15962,6,FALSE,1,Eastern production-infrastructure belt
Zhejiang,K. pneumoniae | Ciprofloxacin,K. pneumoniae,Ciprofloxacin,fluoroquinolones,21.320004169609746,-5.686405301094055,112636,6,TRUE,1,Eastern production-infrastructure belt
Zhejiang,K. pneumoniae | Ertapenem,K. pneumoniae,Ertapenem,carbapenems,9.423645902820898,-2.583909034729004,206852,6,FALSE,1,Eastern production-infrastructure belt
Zhejiang,K. pneumoniae | Gentamicin,K. pneumoniae,Gentamicin,aminoglycosides,15.286104219827996,-4.662114381790161,109086,6,FALSE,1,Eastern production-infrastructure belt
Zhejiang,K. pneumoniae | Imipenem,K. pneumoniae,Imipenem,carbapenems,10.77527558396247,-5.913037806749344,241785,6,FALSE,1,Eastern production-infrastructure belt
Zhejiang,K. pneumoniae | Levofloxacin,K. pneumoniae,Levofloxacin,fluoroquinolones,15.86174594338199,-6.425014138221741,241121,6,TRUE,1,Eastern production-infrastructure belt
Zhejiang,K. pneumoniae | Meropenem,K. pneumoniae,Meropenem,carbapenems,14.648174474115102,-8.032137900590897,86236,6,FALSE,1,Eastern production-infrastructure belt
Zhejiang,K. pneumoniae | Nitrofurantoin,K. pneumoniae,Nitrofurantoin,other,36.220626410662824,1.2228667736053467,35789,6,FALSE,1,Eastern production-infrastructure belt
Zhejiang,K. pneumoniae | Polymyxin B,K. pneumoniae,Polymyxin B,other,2.6093630120158195,NA,1303,1,FALSE,1,Eastern production-infrastructure belt
Zhejiang,K. pneumoniae | Tigecycline,K. pneumoniae,Tigecycline,tetracyclines,2.040328404845761,-0.3629460930824273,171492,6,FALSE,1,Eastern production-infrastructure belt
Zhejiang,K. pneumoniae | Tobramycin,K. pneumoniae,Tobramycin,aminoglycosides,13.668934818534993,4.088103771209717,88478,6,FALSE,1,Eastern production-infrastructure belt
Zhejiang,P. aeruginosa | Amikacin,P. aeruginosa,Amikacin,aminoglycosides,2.5905678119882216,-1.4811661094427109,117619,6,FALSE,1,Eastern production-infrastructure belt
Zhejiang,P. aeruginosa | Aztreonam,P. aeruginosa,Aztreonam,other,19.81780568330996,-5.4466575384140015,41604,6,FALSE,1,Eastern production-infrastructure belt
Zhejiang,P. aeruginosa | Cefepime,P. aeruginosa,Cefepime,cephalosporins,10.815611539652048,-5.296966433525084,121038,6,FALSE,1,Eastern production-infrastructure belt
Zhejiang,P. aeruginosa | Ceftazidime,P. aeruginosa,Ceftazidime,cephalosporins,16.648668839692892,-2.7761295437812805,112976,6,FALSE,1,Eastern production-infrastructure belt
Zhejiang,P. aeruginosa | Ciprofloxacin,P. aeruginosa,Ciprofloxacin,fluoroquinolones,13.173977987242923,-5.372001975774765,121573,6,TRUE,1,Eastern production-infrastructure belt
Zhejiang,P. aeruginosa | Gentamicin,P. aeruginosa,Gentamicin,aminoglycosides,5.2734715989356555,-1.074836403131485,51541,6,FALSE,1,Eastern production-infrastructure belt
Zhejiang,P. aeruginosa | Imipenem,P. aeruginosa,Imipenem,carbapenems,22.141460149610186,-6.028358638286591,124233,6,FALSE,1,Eastern production-infrastructure belt
Zhejiang,P. aeruginosa | Levofloxacin,P. aeruginosa,Levofloxacin,fluoroquinolones,13.99464633653951,-3.511631488800049,124026,6,FALSE,1,Eastern production-infrastructure belt
Zhejiang,P. aeruginosa | Meropenem,P. aeruginosa,Meropenem,carbapenems,18.42597495631648,-6.648951768875126,98372,6,FALSE,1,Eastern production-infrastructure belt
Zhejiang,P. aeruginosa | Piperacillin,P. aeruginosa,Piperacillin,other,13.273028182644392,-5.014230310916901,16914,6,FALSE,1,Eastern production-infrastructure belt
Zhejiang,P. aeruginosa | Polymyxin B,P. aeruginosa,Polymyxin B,other,3.437206484893651,3.709949553012848,12772,6,FALSE,1,Eastern production-infrastructure belt
Zhejiang,P. aeruginosa | Tobramycin,P. aeruginosa,Tobramycin,aminoglycosides,4.5878304844393405,0.23706629872322083,110161,6,FALSE,1,Eastern production-infrastructure belt
Zhejiang,S. aureus | Amikacin,S. aureus,Amikacin,aminoglycosides,0.9652509354054928,NA,518,1,FALSE,1,Eastern production-infrastructure belt
Zhejiang,S. aureus | Cefoxitin,S. aureus,Cefoxitin,cephalosporins,34.396751409098336,4.432031512260437,3448,6,FALSE,1,Eastern production-infrastructure belt
Zhejiang,S. aureus | Chloramphenicol,S. aureus,Chloramphenicol,other,3.338526619066381,-0.29102787375450134,4493,6,FALSE,1,Eastern production-infrastructure belt
Zhejiang,S. aureus | Ciprofloxacin,S. aureus,Ciprofloxacin,fluoroquinolones,16.980896581720742,0.9898751974105835,120188,6,FALSE,1,Eastern production-infrastructure belt
Zhejiang,S. aureus | Clindamycin,S. aureus,Clindamycin,other,19.36714898391667,-4.093138873577118,154602,6,FALSE,1,Eastern production-infrastructure belt
Zhejiang,S. aureus | Erythromycin,S. aureus,Erythromycin,macrolides,48.31836554699889,-5.854511260986328,161688,6,TRUE,1,Eastern production-infrastructure belt
Zhejiang,S. aureus | Gentamicin,S. aureus,Gentamicin,aminoglycosides,5.401145299935248,-1.9271142780780792,162410,6,FALSE,1,Eastern production-infrastructure belt
Zhejiang,S. aureus | Levofloxacin,S. aureus,Levofloxacin,fluoroquinolones,16.30941019291445,0.7993102073669434,157823,6,FALSE,1,Eastern production-infrastructure belt
Zhejiang,S. aureus | Linezolid,S. aureus,Linezolid,other,0,0,162307,6,FALSE,1,Eastern production-infrastructure belt
Zhejiang,S. aureus | Nitrofurantoin,S. aureus,Nitrofurantoin,other,0.11032337260947353,-0.046902388567104936,55292,6,FALSE,1,Eastern production-infrastructure belt
Zhejiang,S. aureus | Oxacillin,S. aureus,Oxacillin,other,30.14363841856849,-2.441921830177307,161238,6,FALSE,1,Eastern production-infrastructure belt
Zhejiang,S. aureus | Penicillin G,S. aureus,Penicillin G,other,89.14301841868209,-2.3342669010162354,158755,6,FALSE,1,Eastern production-infrastructure belt
Zhejiang,S. aureus | Rifampicin,S. aureus,Rifampicin,other,0.7403287579763707,-0.31278887763619434,161820,6,FALSE,1,Eastern production-infrastructure belt
Zhejiang,S. aureus | Teicoplanin,S. aureus,Teicoplanin,other,0,0,51064,6,FALSE,1,Eastern production-infrastructure belt
Zhejiang,S. aureus | Tetracycline,S. aureus,Tetracycline,tetracyclines,15.338096095514945,-2.0066797733306867,109466,6,FALSE,1,Eastern production-infrastructure belt
Zhejiang,S. aureus | Vancomycin,S. aureus,Vancomycin,other,0,0,160925,6,FALSE,1,Eastern production-infrastructure belt
