scenario,matrix,env_class,endpoint,driver_metric,n_provinces,n_clusters,env_records_total,env_refs_total,n_units,env_year_min,env_year_max,env_amr_rho,env_amr_p,partial_env_amr_rho,partial_env_amr_p,cluster_contrast_p,cluster_contrast_epsilon,driver_env_rho,driver_env_p,driver_amr_rho,driver_amr_p,coherent_direction,loo_sign_stability,loo_influence_ratio,loo_most_influential_province,env_amr_q_fdr,partial_env_amr_q_fdr
all_years,wastewater influent,macrolides,S. aureus | Ciprofloxacin,LivestockAquacultureIndex,5,3,19,5,1,2018,2023,0.9999999999999998,3.971862410081713e-24,NA,NA,NA,NA,-0.5642880936468347,0.3217233358243004,-0.5642880936468347,0.3217233358243004,TRUE,NA,NA,,5.35605645999519e-21,NA
all_years,wastewater influent,macrolides,S. aureus | Levofloxacin,LivestockAquacultureIndex,5,3,19,5,1,2018,2023,0.9999999999999998,3.971862410081713e-24,NA,NA,NA,NA,-0.5642880936468347,0.3217233358243004,-0.5642880936468347,0.3217233358243004,TRUE,NA,NA,,5.35605645999519e-21,NA
all_years,surface water,diaminopyrimidines,K. pneumoniae | Trimethoprim/Sulfamethoxazole,LivestockAquacultureIndex,7,2,9,8,1,2018,2024,-0.9642857142857141,4.54149169194186e-4,NA,NA,NA,NA,-0.5714285714285714,0.18020198891152778,0.75,0.052181400457058,TRUE,1,0.03703703703703726,Hainan,0.30621007732917993,NA
all_years,sediment,other,E. coli | Nitrofurantoin,WastewaterHealthIndex,7,2,19,10,1,2008,2018,-0.9369749612033811,0.0018510301964419175,NA,NA,0.3724558699813696,0,-0.4,0.37393392381774704,0.21622499104693416,0.6414455093539178,TRUE,1,0.06726437888550857,Shandong,0.6682678492503734,NA
all_years,soil,diaminopyrimidines,E. coli | Imipenem,milk_output_2024,8,3,9,8,1,2008,2015,-0.9036800488347748,0.00207575159377333,-0.8095238095238095,0.014902667686230074,0.24103244438393973,0.07490909090909051,-0.5542570966186618,0.1539883457589951,0.6190476190476191,0.10173303745426454,TRUE,1,0.086646216576489965,Guangdong,0.6682678492503734,0.46496104652806064
all_years,sediment,other,A. baumannii | Levofloxacin,WastewaterHealthIndex,7,2,19,10,1,2008,2018,-0.9009374626955589,0.005620586715345035,NA,NA,0.3724558699813696,0,-0.4,0.37393392381774704,0.37839373433213475,0.40260220192175533,TRUE,1,0.06689638681378123,Jiangsu,0.8667757141803278,NA
all_years,wastewater influent,sulfonamides,E. coli | Ampicillin,freshwater_aquatic_products_2024,9,3,30,9,1,2016,2024,0.9,9.430623223403283e-4,0.8833333333333333,0.0015905004234978701,0.8007374029168087,0,-0.6333333333333333,0.06708578689234561,-0.6333333333333333,0.06708578689234561,TRUE,1,0.058201058201058364,Hebei,0.5086878166703731,0.3448468139795708
all_years,wastewater influent,macrolides,K. pneumoniae | Trimethoprim/Sulfamethoxazole,LivestockAquacultureIndex,5,3,19,5,1,2018,2023,-0.8999999999999998,0.03738607346849869,NA,NA,NA,NA,-0.5642880936468347,0.3217233358243004,0.5642880936468347,0.32172333582430024,TRUE,NA,NA,,0.8667757141803278,NA
all_years,wastewater influent,macrolides,E. coli | Cefazolin,LivestockAquacultureIndex,5,3,19,5,1,2018,2023,0.8999999999999998,0.03738607346849875,NA,NA,NA,NA,-0.5642880936468347,0.3217233358243004,-0.6668859288553503,0.21889398131323168,TRUE,NA,NA,,0.8667757141803278,NA
all_years,surface water,diaminopyrimidines,S. aureus | Nitrofurantoin,LivestockAquacultureIndex,7,2,9,8,1,2018,2024,-0.8928571428571427,0.006807187408935407,NA,NA,NA,NA,-0.5714285714285714,0.18020198891152778,0.4642857142857143,0.2939341076002518,TRUE,1,0.12000000000000022,Hubei,0.8667757141803278,NA
all_years,wastewater effluent,sulfonamides,E. coli | Ertapenem,EconomicScaleIndex,6,2,13,7,1,2018,2022,0.8857142857142858,0.01884548104956266,NA,NA,NA,NA,-0.20291986247835694,0.699797968157019,-0.23190841426097938,0.6583735712609271,TRUE,1,0.09677419354838737,Hunan,0.8667757141803278,NA
all_years,sediment,other,P. aeruginosa | Polymyxin B,WastewaterHealthIndex,7,2,19,10,1,2008,2018,0.8829187134416476,0.008450342381896656,NA,NA,0.3724558699813696,0,-0.4,0.37393392381774704,-0.19820624179302296,0.6700850339168265,TRUE,1,0.11630974132059964,Hainan,0.8667757141803278,NA
all_years,surface water,diaminopyrimidines,K. pneumoniae | Ampicillin,LivestockAquacultureIndex,7,2,9,8,1,2018,2024,-0.8571428571428569,0.013697326615325696,NA,NA,NA,NA,-0.5714285714285714,0.18020198891152778,0.35714285714285715,0.4316113520383284,TRUE,1,0.10000000000000032,Guangxi,0.8667757141803278,NA
all_years,sediment,other,E. coli | Polymyxin B,WastewaterHealthIndex,7,2,19,10,1,2008,2018,0.8468812149338253,0.016197127467871695,NA,NA,0.3724558699813696,0,-0.4,0.37393392381774704,-0.10811249552346708,0.8175332656241181,TRUE,1,0.11002590084953438,Guangdong,0.8667757141803278,NA
all_years,sediment,other,A. baumannii | Ceftriaxone,WastewaterHealthIndex,7,2,19,10,1,2008,2018,-0.8468812149338253,0.016197127467871716,NA,NA,0.3724558699813696,0,-0.4,0.37393392381774704,0.16216874328520062,0.7282995630820224,TRUE,1,0.18080314259673277,Shandong,0.8667757141803278,NA
all_years,soil,diaminopyrimidines,E. coli | Meropenem,milk_output_2024,8,3,9,8,1,2008,2015,-0.8313856449279929,0.010520130546871238,-0.8095238095238095,0.014902667686230074,0.24103244438393973,0.07490909090909051,-0.5542570966186618,0.1539883457589951,0.3333333333333333,0.41975308641975306,TRUE,1,0.1811371919309672,Hebei,0.8667757141803278,0.46496104652806064
all_years,sediment,other,P. aeruginosa | Ciprofloxacin,WastewaterHealthIndex,7,2,19,10,1,2008,2018,-0.8288624656799142,0.021173515581004228,NA,NA,0.3724558699813696,0,-0.4,0.37393392381774704,0.4865062298556018,0.268248562317831,TRUE,1,0.12565253636973503,Tianjin,0.8667757141803278,NA
all_years,wastewater effluent,sulfonamides,K. pneumoniae | Cefepime,LivestockAquacultureIndex,6,2,13,7,1,2018,2022,-0.8285714285714285,0.04156268221574345,NA,NA,NA,NA,0.3188740696088466,0.5379005604702051,-0.3768511731740915,0.4614828403508043,TRUE,1,0.20689655172413773,Heilongjiang,0.8667757141803278,NA
all_years,sediment,beta-lactams,A. baumannii | Minocycline,EconomicScaleIndex,7,3,34,15,1,2012,2018,-0.8214285714285713,0.0234488083456916,NA,NA,0.8983973213480706,0,-0.14285714285714285,0.7599453002180931,0.5357142857142857,0.21521745567801304,TRUE,1,0.07826086956521766,Guizhou,0.8667757141803278,NA
all_years,surface water,diaminopyrimidines,A. baumannii | Levofloxacin,LivestockAquacultureIndex,7,2,9,8,1,2018,2024,-0.8214285714285713,0.0234488083456916,NA,NA,NA,NA,-0.5714285714285714,0.18020198891152778,0.7857142857142857,0.03623846267982733,TRUE,1,0.07826086956521766,Hainan,0.8667757141803278,NA
all_years,surface water,diaminopyrimidines,E. coli | Nitrofurantoin,LivestockAquacultureIndex,7,2,9,8,1,2018,2024,-0.8214285714285713,0.0234488083456916,NA,NA,NA,NA,-0.5714285714285714,0.18020198891152778,0.8571428571428571,0.013697326615325727,TRUE,1,0.1478260869565219,Hainan,0.8667757141803278,NA
all_years,wastewater influent,sulfonamides,E. coli | Gentamicin,freshwater_aquatic_products_2024,9,3,30,9,1,2016,2024,0.8166666666666667,0.007224785246358781,0.6666666666666666,0.04986723056888514,0.8007374029168087,0,-0.6333333333333333,0.06708578689234561,-0.85,0.0037047773275857934,TRUE,1,0.09620991253644294,Shanxi,0.8667757141803278,0.6871582005647622
all_years,wastewater influent,sulfonamides,E. coli | Tigecycline,freshwater_aquatic_products_2024,9,3,30,9,1,2016,2024,0.8166666666666667,0.007224785246358781,1,0,0.8007374029168087,0,-0.6333333333333333,0.06708578689234561,-0.35,0.35581957250178814,TRUE,1,0.10787172011661837,Hunan,0.8667757141803278,0
all_years,wastewater influent,sulfonamides,E. coli | Tobramycin,freshwater_aquatic_products_2024,9,3,30,9,1,2016,2024,0.8166666666666667,0.007224785246358781,0.8,0.00962792472537981,0.8007374029168087,0,-0.6333333333333333,0.06708578689234561,-0.55,0.12497678418833179,TRUE,1,0.09620991253644294,Hebei,0.8667757141803278,0.4153533287640718
all_years,soil,phenicols,E. coli | Trimethoprim/Sulfamethoxazole,grp_per_capita_2024,10,3,22,13,1,2007,2016,-0.8037414860732018,0.00508357798839519,-0.0303030303030303,0.9337729580941467,0.17609777149412834,0.11860744297719157,0.7669288989248111,0.009638359377523338,-0.8666666666666667,0.0011735381801554613,TRUE,1,0.09309363890918526,Shanghai,0.8667757141803278,0.9853330220901917
all_years,wastewater influent,macrolides,E. coli | Aztreonam,LivestockAquacultureIndex,5,3,19,5,1,2018,2023,0.7999999999999998,0.10408803866182796,NA,NA,NA,NA,-0.5642880936468347,0.3217233358243004,-0.6668859288553503,0.21889398131323168,TRUE,NA,NA,,0.8797847845183826,NA
all_years,wastewater influent,macrolides,E. coli | Ampicillin,LivestockAquacultureIndex,5,3,19,5,1,2018,2023,-0.7999999999999998,0.10408803866182813,NA,NA,NA,NA,-0.5642880936468347,0.3217233358243004,0.6668859288553503,0.21889398131323154,TRUE,NA,NA,,0.8797847845183826,NA
all_years,wastewater influent,macrolides,E. coli | Tigecycline,LivestockAquacultureIndex,5,3,19,5,1,2018,2023,-0.7999999999999998,0.10408803866182813,NA,NA,NA,NA,-0.5642880936468347,0.3217233358243004,0.6668859288553503,0.21889398131323154,TRUE,NA,NA,,0.8797847845183826,NA
all_years,sediment,other,E. coli | Amikacin,WastewaterHealthIndex,7,2,19,10,1,2008,2018,-0.7928249671720917,0.03344354374054163,NA,NA,0.3724558699813696,0,-0.4,0.37393392381774704,0.504524979109513,0.2482031142645112,TRUE,1,0.17003587860340938,Jiangsu,0.8667757141803278,NA
all_years,sludge,sulfonamides,A. baumannii | Minocycline,grp_per_capita_2024,16,3,143,28,1,2005,2017,-0.7860012012625194,3.0633351496946035e-4,-0.6352941176470588,0.00818206461633403,0.6133729962850374,0,-0.3162426708204668,0.23275560389798974,0.36764705882352944,0.1612323576755899,TRUE,1,0.061242163259519346,Gansu,0.27539382995754486,0.4153533287640718
all_years,sediment,beta-lactams,A. baumannii | Tigecycline,EconomicScaleIndex,7,3,34,15,1,2012,2018,-0.7857142857142855,0.03623846267982718,NA,NA,0.8983973213480706,0,-0.14285714285714285,0.7599453002180931,0.42857142857142855,0.337368311085824,TRUE,1,0.2727272727272731,Jiangsu,0.8667757141803278,NA
all_years,surface water,diaminopyrimidines,A. baumannii | Cefepime,LivestockAquacultureIndex,7,2,9,8,1,2018,2024,-0.7857142857142855,0.03623846267982718,NA,NA,NA,NA,-0.5714285714285714,0.18020198891152778,0.6785714285714286,0.09375025395983154,TRUE,1,0.09090909090909062,Guangxi,0.8667757141803278,NA
all_years,surface water,diaminopyrimidines,A. baumannii | Minocycline,LivestockAquacultureIndex,7,2,9,8,1,2018,2024,-0.7857142857142855,0.03623846267982718,NA,NA,NA,NA,-0.5714285714285714,0.18020198891152778,0.8571428571428571,0.013697326615325727,TRUE,1,0.2727272727272731,Hainan,0.8667757141803278,NA
all_years,sediment,beta-lactams,K. pneumoniae | Polymyxin B,WastewaterHealthIndex,7,3,34,15,1,2012,2018,0.7857142857142855,0.03623846267982733,NA,NA,0.8983973213480706,0,0.14547859349066158,0.7556330131047917,0.6182840223353118,0.13889518793753766,TRUE,1,0.16363636363636339,Jiangxi,0.8667757141803278,NA
all_years,sediment,other,S. aureus | Amikacin,WastewaterHealthIndex,7,2,19,10,1,2008,2018,-0.7748062179181806,0.040769462520420345,NA,NA,0.3724558699813696,0,-0.4,0.37393392381774704,0.37839373433213475,0.40260220192175533,TRUE,1,0.17689336447085735,Tianjin,0.8667757141803278,NA
all_years,sediment,other,K. pneumoniae | Polymyxin B,WastewaterHealthIndex,7,2,19,10,1,2008,2018,0.7748062179181806,0.04076946252042039,NA,NA,0.3724558699813696,0,-0.4,0.37393392381774704,-0.46848748060169065,0.2889967715971478,TRUE,1,0.2720738912723112,Jiangxi,0.8667757141803278,NA
all_years,wastewater effluent,sulfonamides,E. coli | Ceftriaxone,LivestockAquacultureIndex,6,2,13,7,1,2018,2022,-0.7714285714285715,0.07239650145772594,NA,NA,NA,NA,0.3188740696088466,0.5379005604702051,-0.5797710356524485,0.2277839567150159,TRUE,1,0.22222222222222243,Heilongjiang,0.8667757141803278,NA
all_years,wastewater effluent,sulfonamides,E. coli | Cefuroxime,LivestockAquacultureIndex,6,2,13,7,1,2018,2022,-0.7714285714285715,0.07239650145772594,NA,NA,NA,NA,0.3188740696088466,0.5379005604702051,-0.4058397249567139,0.42466250756136453,TRUE,1,0.22222222222222243,Jiangsu,0.8667757141803278,NA
all_years,soil,diaminopyrimidines,S. aureus | Oxacillin,grp_2024,8,3,9,8,1,2008,2015,-0.7711403083390078,0.0250590266086871,-0.8333333333333335,0.01017554012345672,0.24103244438393973,0.07490909090909051,-0.2771285483093309,0.5063754253085381,0.5,0.20703124999999997,TRUE,1,0.15105764329961713,Beijing,0.8667757141803278,0.4153533287640718
all_years,sediment,phenicols,K. pneumoniae | Tobramycin,grp_per_capita_2024,14,3,58,25,1,2006,2020,-0.7626373626373627,0.0015142307860533217,-0.7098901098901099,0.004450741418764237,0.20022103787458767,0.11060606060606078,-0.6263736263736264,0.016541935428871186,0.5604395604395604,0.037104477004074335,TRUE,1,0.10951008645533145,Guangdong,0.6682678492503734,0.3707855110571458
all_years,wastewater effluent,macrolides,K. pneumoniae | Aztreonam,freshwater_aquatic_products_2024,10,3,27,10,1,2018,2024,-0.7575757575757575,0.011143446799694262,-0.7454545454545454,0.013330146315440047,0.09424870603515988,0.3890909090909095,-0.4909090909090909,0.14965567342083683,0.8303030303030303,0.002940227023279515,TRUE,1,0.11999999999999991,Guangdong,0.8667757141803278,0.4638890917773136
all_years,sediment,other,A. baumannii | Gentamicin,WastewaterHealthIndex,7,2,19,10,1,2008,2018,-0.7567874686642694,0.048905099134726474,NA,NA,0.3724558699813696,0,-0.4,0.37393392381774704,0.6486749731408025,0.11499598135612585,TRUE,1,0.1956003334601561,Tianjin,0.8667757141803278,NA
all_years,sediment,other,E. coli | Tobramycin,WastewaterHealthIndex,7,2,19,10,1,2008,2018,-0.7567874686642694,0.048905099134726474,NA,NA,0.3724558699813696,0,-0.4,0.37393392381774704,0.8108437164260031,0.02691632884316206,TRUE,1,0.13166789309723254,Shandong,0.8667757141803278,NA
all_years,sediment,other,P. aeruginosa | Levofloxacin,WastewaterHealthIndex,7,2,19,10,1,2008,2018,-0.7567874686642694,0.048905099134726474,NA,NA,0.3724558699813696,0,-0.4,0.37393392381774704,0.5225437283634242,0.22887787757609507,TRUE,1,0.13166789309723254,Shanghai,0.8667757141803278,NA
all_years,soil,phenicols,S. aureus | Levofloxacin,grp_per_capita_2024,10,3,22,13,1,2007,2016,0.7546580365420139,0.011644872504617399,0.12727272727272726,0.7260570147627898,0.17609777149412834,0.11860744297719157,0.7669288989248111,0.009638359377523338,0.806060606060606,0.0048620611019646025,TRUE,1,0.12395829101664348,Shanghai,0.8667757141803278,0.9729669155213013
all_years,wastewater influent,fluoroquinolones,S. aureus | Gentamicin,freshwater_aquatic_products_2024,11,3,44,12,1,2016,2024,0.7545454545454546,0.007282041008429129,0.8454545454545456,0.001045182145858685,0.07495187103951058,0.3977272727272725,-0.39090909090909093,0.2345400670951944,-0.44545454545454544,0.16973260492681155,TRUE,1,0.18072289156626473,Hebei,0.8667757141803278,0.3377431448474779
all_years,surface water,diaminopyrimidines,K. pneumoniae | Chloramphenicol,LivestockAquacultureIndex,7,2,9,8,1,2018,2024,-0.7499999999999998,0.052181400457058,NA,NA,NA,NA,-0.5714285714285714,0.18020198891152778,0.32142857142857145,0.48207203829967765,TRUE,1,0.2571428571428575,Anhui,0.8667757141803278,NA
all_years,soil,diaminopyrimidines,K. pneumoniae | Cefazolin,milk_output_2024,8,3,9,8,1,2008,2015,-0.747042173703414,0.03317680393916278,-0.5714285714285715,0.13895995716070633,0.24103244438393973,0.07490909090909051,-0.5542570966186618,0.1539883457589951,0.3333333333333333,0.41975308641975306,TRUE,1,0.1723572723207739,Beijing,0.8667757141803278,0.8234711270505317
all_years,sediment,phenicols,K. pneumoniae | Imipenem,grp_per_capita_2024,14,3,58,25,1,2006,2020,-0.7450549450549451,0.002230037316742069,-0.6703296703296703,0.008704233809858838,0.20022103787458767,0.11060606060606078,-0.6263736263736264,0.016541935428871186,0.6351648351648351,0.014657881327289188,TRUE,1,0.0855457227138643,Shanghai,0.6682678492503734,0.4153533287640718
all_years,sediment,other,A. baumannii | Minocycline,WastewaterHealthIndex,7,2,19,10,1,2008,2018,-0.7387687194103583,0.057858496895692946,NA,NA,0.3724558699813696,0,-0.4,0.37393392381774704,0.6306562238868912,0.1288876956849579,TRUE,1,0.18783783850663752,Shandong,0.8667757141803278,NA
all_years,wastewater effluent,macrolides,K. pneumoniae | Cefepime,freshwater_aquatic_products_2024,10,3,27,10,1,2018,2024,-0.7333333333333333,0.01580059625057152,-0.5636363636363636,0.08972402831709139,0.09424870603515988,0.3890909090909095,-0.4909090909090909,0.14965567342083683,0.806060606060606,0.0048620611019646025,TRUE,1,0.13636363636363635,Guangdong,0.8667757141803278,0.7507306204313801
all_years,wastewater effluent,macrolides,K. pneumoniae | Ciprofloxacin,freshwater_aquatic_products_2024,10,3,27,10,1,2018,2024,-0.7333333333333333,0.01580059625057152,-0.5272727272727272,0.11730806555020222,0.09424870603515988,0.3890909090909095,-0.4909090909090909,0.14965567342083683,0.8424242424242424,0.0022200312259168407,TRUE,1,0.13636363636363635,Guangdong,0.8667757141803278,0.8138668527285788
all_years,wastewater influent,sulfonamides,A. baumannii | Aztreonam,freshwater_aquatic_products_2024,9,3,30,9,1,2016,2024,0.7333333333333333,0.0245541500714697,0.85,0.003704777327585805,0.8007374029168087,0,-0.6333333333333333,0.06708578689234561,-0.18333333333333332,0.6368198117628943,TRUE,1,0.2012987012987015,Anhui,0.8667757141803278,0.3707855110571458
all_years,wastewater influent,sulfonamides,S. aureus | Amikacin,freshwater_aquatic_products_2024,9,3,30,9,1,2016,2024,0.7333333333333333,0.0245541500714697,0.8,0.00962792472537981,0.8007374029168087,0,-0.6333333333333333,0.06708578689234561,-0.6166666666666667,0.07692880993776291,TRUE,1,0.1558441558441556,Guangdong,0.8667757141803278,0.4153533287640718
all_years,soil,phenicols,S. aureus | Erythromycin,milk_output_2024,10,3,22,13,1,2007,2016,-0.73011631177642,0.01650624549810055,-0.29696969696969694,0.4047016712701569,0.17609777149412834,0.11860744297719157,-0.7301163117764201,0.01650624549810055,0.793939393939394,0.0060999233136969115,TRUE,1,0.1376650247883407,Beijing,0.8667757141803278,0.9479489788776115
all_years,sludge,macrolides,A. baumannii | Minocycline,hogs_year_end_2024,14,3,77,25,1,2005,2017,-0.7208548533732152,0.00362660839330962,-0.6395604395604395,0.013779616833463801,0.8556343441410651,0,0.6118366811038092,0.020054411609237308,-0.367032967032967,0.1967388717074883,TRUE,1,0.1184381472941723,Hunan,0.8667757141803278,0.46496104652806064
all_years,sediment,other,E. coli | Ceftazidime,WastewaterHealthIndex,7,2,19,10,1,2008,2018,-0.7207499701564472,0.0676349947302815,NA,NA,0.3724558699813696,0,-0.4,0.37393392381774704,0.30631873731649006,0.5040270086665882,TRUE,1,0.2468194831367578,Jiangsu,0.8667757141803278,NA
all_years,sediment,other,S. aureus | Penicillin G,WastewaterHealthIndex,7,2,19,10,1,2008,2018,-0.7207499701564472,0.0676349947302815,NA,NA,0.3724558699813696,0,-0.4,0.37393392381774704,0.5225437283634242,0.22887787757609507,TRUE,1,0.38744369255116085,Shanghai,0.8667757141803278,NA
all_years,soil,phenicols,S. aureus | Penicillin G,urban_share_2024,10,3,22,13,1,2007,2016,-0.717845449393623,0.019399289073600074,0.07878787878787878,0.8287173946974608,0.17609777149412834,0.11860744297719157,0.8160123484559989,0.0039891443952871615,-0.8666666666666667,0.0011735381801554613,TRUE,1,0.20434136323747426,Tianjin,0.8667757141803278,0.9842154623604513
all_years,wastewater effluent,sulfonamides,A. baumannii | Tigecycline,EconomicScaleIndex,6,2,13,7,1,2018,2022,-0.7142857142857143,0.11078717201166183,NA,NA,NA,NA,-0.20291986247835694,0.699797968157019,0.753702346348183,0.0835232813732598,TRUE,1,0.30000000000000016,Anhui,0.8797847845183826,NA
all_years,wastewater effluent,sulfonamides,E. coli | Cefazolin,LivestockAquacultureIndex,6,2,13,7,1,2018,2022,-0.7142857142857143,0.11078717201166183,NA,NA,NA,NA,0.3188740696088466,0.5379005604702051,-0.11595420713048969,0.8268482133858148,TRUE,1,0.30000000000000016,Jiangsu,0.8797847845183826,NA
all_years,wastewater effluent,sulfonamides,K. pneumoniae | Cefotetan,LivestockAquacultureIndex,6,2,13,7,1,2018,2022,-0.7142857142857143,0.11078717201166183,NA,NA,NA,NA,0.3188740696088466,0.5379005604702051,-0.6957252427829381,0.12478933744028699,TRUE,1,0.30000000000000016,Shandong,0.8797847845183826,NA
all_years,wastewater effluent,sulfonamides,P. aeruginosa | Polymyxin B,LivestockAquacultureIndex,6,2,13,7,1,2018,2022,-0.7142857142857143,0.11078717201166183,NA,NA,NA,NA,0.3188740696088466,0.5379005604702051,-0.550782483869826,0.25736933162257475,TRUE,1,0.30000000000000016,Shandong,0.8797847845183826,NA
all_years,wastewater effluent,sulfonamides,S. aureus | Ciprofloxacin,LivestockAquacultureIndex,6,2,13,7,1,2018,2022,-0.7142857142857143,0.11078717201166183,NA,NA,NA,NA,0.3188740696088466,0.5379005604702051,-0.11595420713048969,0.8268482133858148,TRUE,1,0.30000000000000016,Jiangsu,0.8797847845183826,NA
all_years,wastewater effluent,sulfonamides,S. aureus | Levofloxacin,LivestockAquacultureIndex,6,2,13,7,1,2018,2022,-0.7142857142857143,0.11078717201166183,NA,NA,NA,NA,0.3188740696088466,0.5379005604702051,-0.11595420713048969,0.8268482133858148,TRUE,1,0.30000000000000016,Jiangsu,0.8797847845183826,NA
all_years,sediment,beta-lactams,K. pneumoniae | Tigecycline,EconomicScaleIndex,7,3,34,15,1,2012,2018,-0.7142857142857142,0.07134356146753773,NA,NA,0.8983973213480706,0,-0.14285714285714285,0.7599453002180931,0.2857142857142857,0.5345092286010409,TRUE,1,0.24000000000000027,Hubei,0.8667757141803278,NA
all_years,soil,phenicols,S. aureus | Ciprofloxacin,grp_per_capita_2024,10,3,22,13,1,2007,2016,0.7055745870108261,0.02262559284836104,0.19999999999999996,0.5795840000000001,0.17609777149412834,0.11860744297719157,0.7669288989248111,0.009638359377523338,0.7696969696969697,0.009221952722216011,TRUE,1,0.15911715559122644,Shanghai,0.8667757141803278,0.9606462350922552
all_years,sediment,other,A. baumannii | Tobramycin,WastewaterHealthIndex,7,2,19,10,1,2008,2018,-0.7027312209025359,0.07823745383207181,NA,NA,0.3724558699813696,0,-0.4,0.37393392381774704,0.28829998806257884,0.5306506599466652,TRUE,1,0.257477230886298,Guangdong,0.8667757141803278,NA
all_years,wastewater influent,macrolides,E. coli | Ertapenem,LivestockAquacultureIndex,5,3,19,5,1,2018,2023,-0.6999999999999998,0.1881204043741875,NA,NA,NA,NA,-0.5642880936468347,0.3217233358243004,0.872081599272381,0.0538542177275421,TRUE,NA,NA,,0.9040897335352907,NA
all_years,soil,diaminopyrimidines,K. pneumoniae | Cefotaxime,milk_output_2024,8,3,9,8,1,2008,2015,-0.6988459044322259,0.05378837201307148,-0.5952380952380953,0.11952980613879259,0.24103244438393973,0.07490909090909051,-0.5542570966186618,0.1539883457589951,0.30952380952380953,0.4556448907375821,TRUE,1,0.17492544140526428,Chongqing,0.8667757141803278,0.8138668527285788
all_years,soil,diaminopyrimidines,S. aureus | Rifampicin,milk_output_2024,8,3,9,8,1,2008,2015,-0.6988459044322259,0.05378837201307148,-0.642857142857143,0.08555889101267292,0.24103244438393973,0.07490909090909051,-0.5542570966186618,0.1539883457589951,0.047619047619047616,0.9108491685195835,TRUE,1,0.09289130977520534,Guangxi,0.8667757141803278,0.7507306204313801
all_years,soil,phenicols,S. aureus | Tetracycline,urban_share_2024,10,3,22,13,1,2007,2016,0.6933037246280291,0.026203489677142117,0.8787878787878787,8.138621117322115e-4,0.17609777149412834,0.11860744297719157,0.8160123484559989,0.0039891443952871615,0.3333333333333333,0.34659350708733433,TRUE,1,0.17362156792324385,Tianjin,0.8667757141803278,0.3068260161230437
all_years,soil,diaminopyrimidines,P. aeruginosa | Meropenem,milk_output_2024,8,3,9,8,1,2008,2015,-0.6867968371144288,0.059897455567072176,-0.5476190476190477,0.1600256425388963,0.24103244438393973,0.07490909090909051,-0.5542570966186618,0.1539883457589951,0.8095238095238095,0.014902667686230074,TRUE,1,0.23308840281208867,Liaoning,0.8667757141803278,0.8334416432151582
all_years,sediment,other,A. baumannii | Ceftazidime,WastewaterHealthIndex,7,2,19,10,1,2008,2018,-0.6847124716486247,0.0896664531910684,NA,NA,0.3724558699813696,0,-0.4,0.37393392381774704,0.46848748060169065,0.288996771597148,TRUE,1,0.2802739825696134,Tianjin,0.8667757141803278,NA
all_years,sediment,other,A. baumannii | Ciprofloxacin,WastewaterHealthIndex,7,2,19,10,1,2008,2018,-0.6847124716486247,0.0896664531910684,NA,NA,0.3724558699813696,0,-0.4,0.37393392381774704,0.46848748060169065,0.288996771597148,TRUE,1,0.2802739825696134,Tianjin,0.8667757141803278,NA
all_years,sediment,other,A. baumannii | Imipenem,WastewaterHealthIndex,7,2,19,10,1,2008,2018,-0.6847124716486247,0.0896664531910684,NA,NA,0.3724558699813696,0,-0.4,0.37393392381774704,0.46848748060169065,0.288996771597148,TRUE,1,0.2802739825696134,Tianjin,0.8667757141803278,NA
all_years,sediment,other,A. baumannii | Meropenem,WastewaterHealthIndex,7,2,19,10,1,2008,2018,-0.6847124716486247,0.0896664531910684,NA,NA,0.3724558699813696,0,-0.4,0.37393392381774704,0.46848748060169065,0.288996771597148,TRUE,1,0.2802739825696134,Tianjin,0.8667757141803278,NA
all_years,sediment,other,E. coli | Cefuroxime,WastewaterHealthIndex,7,2,19,10,1,2008,2018,-0.6847124716486247,0.0896664531910684,NA,NA,0.3724558699813696,0,-0.4,0.37393392381774704,0.46848748060169065,0.288996771597148,TRUE,1,0.2802739825696134,Tianjin,0.8667757141803278,NA
all_years,surface water,sulfonamides,E. coli | Polymyxin B,urban_share_2024,13,3,49,15,1,2013,2024,0.6813186813186813,0.010340409451492874,0.7252747252747253,0.005023237655349926,0.07898257926378309,0.18961038961038862,0.4835164835164835,0.0941346925969393,0.34615384615384615,0.24662526251007166,TRUE,1,0.127565982404692,Guangdong,0.8667757141803278,0.3746559822509201
all_years,soil,phenicols,K. pneumoniae | Meropenem,LivestockAquacultureIndex,10,3,22,13,1,2007,2016,0.6810328622452322,0.030150884031876924,0.49090909090909085,0.14965567342083677,0.17609777149412834,0.11860744297719157,-0.791470623690405,0.0063770841870565975,-0.5393939393939394,0.10759318778241472,TRUE,1,0.2410497785038381,Henan,0.8667757141803278,0.8334416432151582
all_years,soil,phenicols,S. aureus | Trimethoprim/Sulfamethoxazole,milk_output_2024,10,3,22,13,1,2007,2016,-0.6810328622452322,0.030150884031877014,-0.8181818181818181,0.003814920082550725,0.17609777149412834,0.11860744297719157,-0.7301163117764201,0.01650624549810055,0.503030303030303,0.13833369839449197,TRUE,1,0.17859706704471168,Guangdong,0.8667757141803278,0.3707855110571458
all_years,surface water,diaminopyrimidines,A. baumannii | Gentamicin,LivestockAquacultureIndex,7,2,9,8,1,2018,2024,-0.6785714285714284,0.09375025395983154,NA,NA,NA,NA,-0.5714285714285714,0.18020198891152778,0.7142857142857143,0.07134356146753773,TRUE,1,0.3052631578947373,Anhui,0.8797847845183826,NA
all_years,surface water,diaminopyrimidines,E. coli | Tigecycline,LivestockAquacultureIndex,7,2,9,8,1,2018,2024,-0.6785714285714284,0.09375025395983154,NA,NA,NA,NA,-0.5714285714285714,0.18020198891152778,0.7142857142857143,0.07134356146753773,TRUE,1,0.2842105263157893,Guangxi,0.8797847845183826,NA
all_years,sediment,lincosamides,E. coli | Ertapenem,large_animals_year_end_2024,13,3,26,22,1,2010,2018,0.6767544228932973,0.011071551812544388,0.7692307692307693,0.00211222959934988,0.2592759711301179,0.06997245179063301,-0.327373074489034,0.27488966062773995,-0.11538461538461539,0.7073898735142602,TRUE,1,0.13049370126246002,Guangxi,0.8667757141803278,0.3456898164180563
all_years,wastewater effluent,macrolides,K. pneumoniae | Meropenem,milk_output_2024,10,3,27,10,1,2018,2024,-0.6727272727272726,0.03304122254543776,-0.3575757575757575,0.3103760917056805,0.09424870603515988,0.3890909090909095,0.47878787878787876,0.16152292801745585,-0.7575757575757576,0.011143446799694262,TRUE,1,0.18243243243243223,Shaanxi,0.8667757141803278,0.9122214762504753
all_years,sediment,phenicols,K. pneumoniae | Ertapenem,grp_per_capita_2024,14,3,58,25,1,2006,2020,-0.6703296703296703,0.008704233809858838,-0.6527472527472528,0.011384573997954223,0.20022103787458767,0.11060606060606078,-0.6263736263736264,0.016541935428871186,0.45054945054945056,0.10593278527264058,TRUE,1,0.12295081967213105,Shanghai,0.8667757141803278,0.4153533287640718
all_years,soil,phenicols,P. aeruginosa | Imipenem,large_animals_year_end_2024,10,3,22,13,1,2007,2016,0.6687619998624351,0.0344851886232837,0.10303030303030301,0.7769984634438898,0.17609777149412834,0.11860744297719157,-0.754658036542014,0.011644872504617456,-0.8181818181818182,0.003814920082550725,TRUE,1,0.3687765304792881,Guangdong,0.8667757141803278,0.9760848906711721
all_years,sediment,lincosamides,S. aureus | Penicillin G,large_animals_year_end_2024,13,3,26,22,1,2010,2018,-0.6685013201750863,0.012492173132818885,-0.8186813186813187,6.209883849300365e-4,0.2592759711301179,0.06997245179063301,-0.327373074489034,0.27488966062773995,0.7307692307692307,0.004547733743967136,TRUE,1,0.13547764389190786,Guizhou,0.8667757141803278,0.3068260161230437
all_years,sediment,other,A. baumannii | Cefepime,WastewaterHealthIndex,7,2,19,10,1,2008,2018,-0.6666937223947136,0.10192046024618232,NA,NA,0.3724558699813696,0,-0.4,0.37393392381774704,0.3423562358243124,0.45225122159090597,TRUE,1,0.3043029911006756,Guangdong,0.8797847845183826,NA
all_years,sediment,other,E. coli | Tigecycline,WastewaterHealthIndex,7,2,19,10,1,2008,2018,-0.6666937223947136,0.10192046024618232,NA,NA,0.3724558699813696,0,-0.4,0.37393392381774704,0.036037498507822355,0.9388605613942143,TRUE,1,0.21746976557381759,Tianjin,0.8797847845183826,NA
all_years,sediment,phenicols,A. baumannii | Imipenem,grp_per_capita_2024,14,3,58,25,1,2006,2020,-0.6615384615384615,0.009975179240423711,-0.7142857142857143,0.004104409161880238,0.20022103787458767,0.11060606060606078,-0.6263736263736264,0.016541935428871186,0.2835164835164835,0.32596594744177265,TRUE,1,0.2292358803986713,Zhejiang,0.8667757141803278,0.3707855110571458
all_years,sediment,phenicols,A. baumannii | Meropenem,grp_per_capita_2024,14,3,58,25,1,2006,2020,-0.6571428571428571,0.010661967747329781,-0.6879120879120879,0.006540042491841914,0.20022103787458767,0.11060606060606078,-0.6263736263736264,0.016541935428871186,0.3010989010989011,0.2955144656072166,TRUE,1,0.22909698996655523,Zhejiang,0.8667757141803278,0.4153533287640718
all_years,wastewater effluent,sulfonamides,A. baumannii | Imipenem,EconomicScaleIndex,6,2,13,7,1,2018,2022,-0.6571428571428571,0.15617492711370246,NA,NA,NA,NA,-0.20291986247835694,0.699797968157019,0.6377481392176932,0.17307111024125968,TRUE,1,0.5217391304347823,Heilongjiang,0.9040897335352907,NA
all_years,wastewater effluent,sulfonamides,E. coli | Ampicillin,LivestockAquacultureIndex,6,2,13,7,1,2018,2022,0.6571428571428571,0.15617492711370246,NA,NA,NA,NA,0.3188740696088466,0.5379005604702051,0.057977103565244846,0.9131317851623265,TRUE,1,0.08695652173913063,Anhui,0.9040897335352907,NA
all_years,wastewater effluent,sulfonamides,E. coli | Aztreonam,LivestockAquacultureIndex,6,2,13,7,1,2018,2022,-0.6571428571428571,0.15617492711370246,NA,NA,NA,NA,0.3188740696088466,0.5379005604702051,-0.5797710356524485,0.2277839567150159,TRUE,1,0.08695652173913063,Anhui,0.9040897335352907,NA
all_years,wastewater effluent,sulfonamides,E. coli | Cefotaxime,LivestockAquacultureIndex,6,2,13,7,1,2018,2022,-0.6571428571428571,0.15617492711370246,NA,NA,NA,NA,0.3188740696088466,0.5379005604702051,0.11595420713048969,0.826848213385815,FALSE,1,0.08695652173913063,Anhui,0.9040897335352907,NA
all_years,wastewater effluent,sulfonamides,K. pneumoniae | Ceftriaxone,EconomicScaleIndex,6,2,13,7,1,2018,2022,-0.6571428571428571,0.15617492711370246,NA,NA,NA,NA,-0.20291986247835694,0.699797968157019,0.6377481392176932,0.17307111024125968,TRUE,1,0.5217391304347823,Heilongjiang,0.9040897335352907,NA
all_years,wastewater effluent,sulfonamides,K. pneumoniae | Cefuroxime,EconomicScaleIndex,6,2,13,7,1,2018,2022,-0.6571428571428571,0.15617492711370246,NA,NA,NA,NA,-0.20291986247835694,0.699797968157019,0.6377481392176932,0.17307111024125968,TRUE,1,0.5217391304347823,Heilongjiang,0.9040897335352907,NA
all_years,wastewater effluent,sulfonamides,K. pneumoniae | Trimethoprim/Sulfamethoxazole,LivestockAquacultureIndex,6,2,13,7,1,2018,2022,0.6571428571428571,0.15617492711370246,NA,NA,NA,NA,0.3188740696088466,0.5379005604702051,-0.11595420713048969,0.8268482133858148,FALSE,1,0.08695652173913063,Anhui,0.9040897335352907,NA
all_years,wastewater effluent,sulfonamides,P. aeruginosa | Meropenem,EconomicScaleIndex,6,2,13,7,1,2018,2022,-0.6571428571428571,0.15617492711370246,NA,NA,NA,NA,-0.20291986247835694,0.699797968157019,0.6377481392176932,0.17307111024125968,TRUE,1,0.5217391304347823,Heilongjiang,0.9040897335352907,NA
all_years,wastewater effluent,sulfonamides,S. aureus | Amikacin,EconomicScaleIndex,6,2,13,7,1,2018,2022,-0.6571428571428571,0.15617492711370246,NA,NA,NA,NA,-0.20291986247835694,0.699797968157019,0.6377481392176932,0.17307111024125968,TRUE,1,0.5217391304347823,Heilongjiang,0.9040897335352907,NA
all_years,soil,diaminopyrimidines,K. pneumoniae | Ceftriaxone,milk_output_2024,8,3,9,8,1,2008,2015,-0.6506496351610379,0.08061471293837583,-0.4761904761904763,0.23293553465009784,0.24103244438393973,0.07490909090909051,-0.5542570966186618,0.1539883457589951,0.5,0.20703124999999997,TRUE,1,0.27333329138403456,Beijing,0.8667757141803278,0.8756506136724482
all_years,soil,diaminopyrimidines,K. pneumoniae | Cefuroxime,milk_output_2024,8,3,9,8,1,2008,2015,-0.6506496351610379,0.08061471293837583,-0.4761904761904763,0.23293553465009784,0.24103244438393973,0.07490909090909051,-0.5542570966186618,0.1539883457589951,0.5,0.20703124999999997,TRUE,1,0.27333329138403456,Beijing,0.8667757141803278,0.8756506136724482
all_years,wastewater influent,sulfonamides,S. aureus | Tetracycline,freshwater_aquatic_products_2024,9,3,30,9,1,2016,2024,-0.65,0.0580730580171487,-0.5166666666666667,0.15439012098622512,0.8007374029168087,0,-0.6333333333333333,0.06708578689234561,0.75,0.019942126131992522,TRUE,1,0.39194139194139227,Henan,0.8667757141803278,0.8334416432151582
all_years,sediment,other,P. aeruginosa | Cefepime,WastewaterHealthIndex,7,2,19,10,1,2008,2018,-0.6486749731408024,0.11499598135612574,NA,NA,0.3724558699813696,0,-0.4,0.37393392381774704,0.27028123880866767,0.5577307488053698,TRUE,1,0.10622259273350676,Jiangsu,0.8797847845183826,NA
all_years,sediment,other,P. aeruginosa | Gentamicin,WastewaterHealthIndex,7,2,19,10,1,2008,2018,-0.6486749731408024,0.11499598135612574,NA,NA,0.3724558699813696,0,-0.4,0.37393392381774704,0.27028123880866767,0.5577307488053698,TRUE,1,0.45351243981550193,Shandong,0.8797847845183826,NA
all_years,surface water,diaminopyrimidines,A. baumannii | Imipenem,LivestockAquacultureIndex,7,2,9,8,1,2018,2024,-0.6428571428571427,0.1193923734274112,NA,NA,NA,NA,-0.5714285714285714,0.18020198891152778,0.6428571428571429,0.11939237342741121,TRUE,1,0.28888888888888914,Anhui,0.8797847845183826,NA
all_years,surface water,diaminopyrimidines,E. coli | Ampicillin,LivestockAquacultureIndex,7,2,9,8,1,2018,2024,-0.6428571428571427,0.1193923734274112,NA,NA,NA,NA,-0.5714285714285714,0.18020198891152778,0.9642857142857143,4.541491691941827e-4,TRUE,1,0.3333333333333332,Tibet,0.8797847845183826,NA
all_years,surface water,diaminopyrimidines,E. coli | Chloramphenicol,LivestockAquacultureIndex,7,2,9,8,1,2018,2024,-0.6428571428571427,0.1193923734274112,NA,NA,NA,NA,-0.5714285714285714,0.18020198891152778,0.2857142857142857,0.5345092286010409,TRUE,1,0.555555555555556,Hubei,0.8797847845183826,NA
all_years,surface water,diaminopyrimidines,K. pneumoniae | Tigecycline,LivestockAquacultureIndex,7,2,9,8,1,2018,2024,-0.6428571428571427,0.1193923734274112,NA,NA,NA,NA,-0.5714285714285714,0.18020198891152778,0.5714285714285714,0.18020198891152778,TRUE,1,0.3333333333333332,Guangxi,0.8797847845183826,NA
all_years,surface water,diaminopyrimidines,P. aeruginosa | Aztreonam,LivestockAquacultureIndex,7,2,9,8,1,2018,2024,0.6428571428571427,0.11939237342741121,NA,NA,NA,NA,-0.5714285714285714,0.18020198891152778,-0.2857142857142857,0.5345092286010411,TRUE,1,0.20000000000000037,Guangxi,0.8797847845183826,NA
all_years,surface water,diaminopyrimidines,S. aureus | Cefoxitin,LivestockAquacultureIndex,7,2,9,8,1,2018,2024,0.6428571428571427,0.11939237342741121,NA,NA,NA,NA,-0.5714285714285714,0.18020198891152778,-0.42857142857142855,0.3373683110858241,TRUE,1,0.3333333333333332,Tibet,0.8797847845183826,NA
all_years,surface water,diaminopyrimidines,S. aureus | Oxacillin,LivestockAquacultureIndex,7,2,9,8,1,2018,2024,0.6428571428571427,0.11939237342741121,NA,NA,NA,NA,-0.5714285714285714,0.18020198891152778,-0.42857142857142855,0.3373683110858241,TRUE,1,0.3333333333333332,Tibet,0.8797847845183826,NA
all_years,sediment,phenicols,P. aeruginosa | Levofloxacin,grp_per_capita_2024,14,3,58,25,1,2006,2020,-0.6395604395604395,0.013779616833463801,-0.3626373626373626,0.2025645438172418,0.20022103787458767,0.11060606060606078,-0.6263736263736264,0.016541935428871186,0.6615384615384615,0.009975179240423728,TRUE,1,0.24570446735395207,Hunan,0.8667757141803278,0.8680942753677526
all_years,soil,diaminopyrimidines,E. coli | Amikacin,milk_output_2024,8,3,9,8,1,2008,2015,-0.6386005678432409,0.08833208816147785,-0.4523809523809525,0.2604047674368849,0.24103244438393973,0.07490909090909051,-0.5542570966186618,0.1539883457589951,0.5238095238095238,0.18272075053971484,TRUE,1,0.2311465448751251,Beijing,0.8667757141803278,0.8871017830455327
all_years,soil,phenicols,E. coli | Gentamicin,milk_output_2024,10,3,22,13,1,2007,2016,-0.6319494127140443,0.049975087411338576,-0.1636363636363636,0.6514773427962428,0.17609777149412834,0.11860744297719157,-0.7301163117764201,0.01650624549810055,0.806060606060606,0.0048620611019646025,TRUE,1,0.12661973328554119,Beijing,0.8667757141803278,0.9729669155213013
all_years,soil,phenicols,K. pneumoniae | Aztreonam,large_animals_year_end_2024,10,3,22,13,1,2007,2016,0.6319494127140443,0.04997508741133867,0.7333333333333333,0.015800596250571564,0.17609777149412834,0.11860744297719157,-0.754658036542014,0.011644872504617456,-0.40606060606060607,0.24428229408662663,TRUE,1,0.39040999408461335,Henan,0.8667757141803278,0.46496104652806064
all_years,soil,phenicols,K. pneumoniae | Cefepime,LivestockAquacultureIndex,10,3,22,13,1,2007,2016,0.6319494127140443,0.04997508741133867,0.6848484848484847,0.028882797506732782,0.17609777149412834,0.11860744297719157,-0.791470623690405,0.0063770841870565975,-0.3939393939393939,0.2599977668348876,TRUE,1,0.2712319945916466,Henan,0.8667757141803278,0.5536685420358437
all_years,soil,phenicols,K. pneumoniae | Ceftazidime,grp_per_capita_2024,10,3,22,13,1,2007,2016,0.6319494127140443,0.04997508741133867,0.5636363636363636,0.08972402831709125,0.17609777149412834,0.11860744297719157,0.7669288989248111,0.009638359377523338,0.4303030303030303,0.21449233253280775,TRUE,1,0.2712319945916466,Henan,0.8667757141803278,0.7507306204313801
all_years,sediment,phenicols,K. pneumoniae | Meropenem,grp_per_capita_2024,14,3,58,25,1,2006,2020,-0.6307692307692307,0.01557822427277127,-0.4901098901098901,0.07522006672685844,0.20022103787458767,0.11060606060606078,-0.6263736263736264,0.016541935428871186,0.5648351648351648,0.03533018486755273,TRUE,1,0.18466898954703856,Guangdong,0.8667757141803278,0.7507306204313801
all_years,sediment,other,A. baumannii | Aztreonam,WastewaterHealthIndex,7,2,19,10,1,2008,2018,-0.6306562238868911,0.1288876956849579,NA,NA,0.3724558699813696,0,-0.4,0.37393392381774704,0.7748062179181807,0.04076946252042039,TRUE,1,0.3564802667681249,Tianjin,0.8907699548976915,NA
all_years,sediment,other,E. coli | Cefazolin,WastewaterHealthIndex,7,2,19,10,1,2008,2018,-0.6306562238868911,0.1288876956849579,NA,NA,0.3724558699813696,0,-0.4,0.37393392381774704,0.6306562238868912,0.1288876956849579,TRUE,1,0.3564802667681249,Tianjin,0.8907699548976915,NA
all_years,surface water,tetracyclines,S. aureus | Nitrofurantoin,grp_per_capita_2024,15,2,42,17,1,2015,2024,0.6285714285714284,0.012079539175905785,0.5392857142857143,0.03802165626355785,1,0,-0.49642857142857144,0.059797413749923985,-0.44285714285714284,0.09829406554687134,TRUE,1,0.13636363636363627,Henan,0.8667757141803278,0.5850679351576045
all_years,soil,diaminopyrimidines,K. pneumoniae | Nitrofurantoin,milk_output_2024,8,3,9,8,1,2008,2015,-0.626551500525444,0.09646118602901291,-0.4761904761904763,0.23293553465009784,0.24103244438393973,0.07490909090909051,-0.5542570966186618,0.1539883457589951,0.23809523809523808,0.5701563208157683,TRUE,1,0.25227618127352086,Chongqing,0.8797847845183826,0.8756506136724482
all_years,sediment,phenicols,A. baumannii | Ceftriaxone,grp_per_capita_2024,14,3,58,25,1,2006,2020,-0.6263736263736264,0.016541935428871186,-0.7406593406593407,0.0024451976404460214,0.20022103787458767,0.11060606060606078,-0.6263736263736264,0.016541935428871186,0.12087912087912088,0.6806070200628929,TRUE,1,0.18421052631578952,Zhejiang,0.8667757141803278,0.3456898164180563
all_years,sediment,phenicols,E. coli | Trimethoprim/Sulfamethoxazole,grp_per_capita_2024,14,3,58,25,1,2006,2020,0.6263736263736264,0.016541935428871186,0.45494505494505494,0.10215352669182921,0.20022103787458767,0.11060606060606078,-0.6263736263736264,0.016541935428871186,-0.8505494505494505,1.1565615890988931e-4,TRUE,1,0.14912280701754385,Fujian,0.8667757141803278,0.7738974610579332
all_years,sediment,phenicols,K. pneumoniae | Levofloxacin,grp_per_capita_2024,14,3,58,25,1,2006,2020,-0.6263736263736264,0.016541935428871186,-0.6747252747252748,0.008117706397553236,0.20022103787458767,0.11060606060606078,-0.6263736263736264,0.016541935428871186,0.6263736263736264,0.016541935428871186,TRUE,1,0.20175438596491227,Guangdong,0.8667757141803278,0.4153533287640718
all_years,sediment,phenicols,A. baumannii | Cefepime,grp_per_capita_2024,14,3,58,25,1,2006,2020,-0.621978021978022,0.017550315290540023,-0.7450549450549451,0.002230037316742069,0.20022103787458767,0.11060606060606078,-0.6263736263736264,0.016541935428871186,0.1076923076923077,0.7140308087262495,TRUE,1,0.22791519434628982,Zhejiang,0.8667757141803278,0.3456898164180563
all_years,sediment,phenicols,K. pneumoniae | Cefoxitin,grp_per_capita_2024,14,3,58,25,1,2006,2020,-0.621978021978022,0.017550315290540023,-0.6615384615384615,0.009975179240423711,0.20022103787458767,0.11060606060606078,-0.6263736263736264,0.016541935428871186,0.5516483516483517,0.04084905835112294,TRUE,1,0.15724381625441694,Zhejiang,0.8667757141803278,0.4153533287640718
all_years,sediment,phenicols,A. baumannii | Ceftazidime,grp_per_capita_2024,14,3,58,25,1,2006,2020,-0.6175824175824176,0.018604674280708396,-0.7142857142857143,0.004104409161880238,0.20022103787458767,0.11060606060606078,-0.6263736263736264,0.016541935428871186,0.1956043956043956,0.5027500912969567,TRUE,1,0.2277580071174378,Zhejiang,0.8667757141803278,0.3707855110571458
all_years,soil,diaminopyrimidines,P. aeruginosa | Aztreonam,milk_output_2024,8,3,9,8,1,2008,2015,-0.614502433207647,0.10500463789515234,-0.4761904761904763,0.23293553465009784,0.24103244438393973,0.07490909090909051,-0.5542570966186618,0.1539883457589951,0.7619047619047619,0.028004939153071826,TRUE,1,0.43680263206264625,Liaoning,0.8797847845183826,0.8756506136724482
all_years,sediment,phenicols,P. aeruginosa | Imipenem,grp_per_capita_2024,14,3,58,25,1,2006,2020,-0.6131868131868131,0.019706331926038816,-0.5252747252747252,0.053747501767883114,0.20022103787458767,0.11060606060606078,-0.6263736263736264,0.016541935428871186,0.6,0.023308410880000015,TRUE,1,0.2724014336917566,Hubei,0.8667757141803278,0.7068421453427418
all_years,sediment,other,A. baumannii | Amikacin,WastewaterHealthIndex,7,2,19,10,1,2008,2018,-0.61263747463298,0.14358857530128613,NA,NA,0.3724558699813696,0,-0.4,0.37393392381774704,0.3603749850782236,0.42714880856090626,TRUE,1,0.38487084323423704,Tianjin,0.9027002041668268,NA
all_years,sediment,other,E. coli | Cefotetan,WastewaterHealthIndex,7,2,19,10,1,2008,2018,-0.61263747463298,0.14358857530128613,NA,NA,0.3724558699813696,0,-0.4,0.37393392381774704,0.16216874328520062,0.7282995630820224,TRUE,1,0.30044855837756596,Shanghai,0.9027002041668268,NA
all_years,sediment,other,E. coli | Ceftriaxone,WastewaterHealthIndex,7,2,19,10,1,2008,2018,-0.61263747463298,0.14358857530128613,NA,NA,0.3724558699813696,0,-0.4,0.37393392381774704,0.504524979109513,0.2482031142645112,TRUE,1,0.19560033346015618,Guangdong,0.9027002041668268,NA
all_years,wastewater effluent,macrolides,S. aureus | Erythromycin,milk_output_2024,10,3,27,10,1,2018,2024,0.612121212121212,0.05997214247725528,0.41818181818181815,0.22911284098281884,0.09424870603515988,0.3890909090909095,0.47878787878787876,0.16152292801745585,0.8787878787878788,8.138621117322115e-4,TRUE,1,0.41584158415841627,Hebei,0.8667757141803278,0.8756506136724482
all_years,wastewater effluent,macrolides,K. pneumoniae | Ceftazidime,freshwater_aquatic_products_2024,10,3,27,10,1,2018,2024,-0.612121212121212,0.05997214247725533,-0.406060606060606,0.24428229408662663,0.09424870603515988,0.3890909090909095,-0.4909090909090909,0.14965567342083683,0.7696969696969697,0.009221952722216011,TRUE,1,0.23762376237623742,Shaanxi,0.8667757141803278,0.8785296752720978
all_years,wastewater influent,fluoroquinolones,E. coli | Cefazolin,freshwater_aquatic_products_2024,11,3,44,12,1,2016,2024,0.6090909090909091,0.04669570935409886,0.6545454545454545,0.02886459895700191,0.07495187103951058,0.3977272727272725,-0.39090909090909093,0.2345400670951944,-0.4727272727272727,0.14199852020632006,TRUE,1,0.21393034825870655,Zhejiang,0.8667757141803278,0.5536685420358437
all_years,wastewater influent,fluoroquinolones,S. aureus | Clindamycin,milk_output_2024,11,3,44,12,1,2016,2024,0.6090909090909091,0.04669570935409886,0.8272727272727273,0.001676973896452378,0.07495187103951058,0.3977272727272725,0.2909090909090909,0.38545696969136556,0.8636363636363636,0.00061169385009317105,TRUE,1,0.2437810945273629,Hebei,0.8667757141803278,0.3448468139795708
all_years,sediment,lincosamides,E. coli | Chloramphenicol,large_animals_year_end_2024,13,3,26,22,1,2010,2018,0.6079785669082062,0.02749260430003922,0.6538461538461539,0.015348516732105476,0.2592759711301179,0.06997245179063301,-0.327373074489034,0.27488966062773995,-0.36813186813186816,0.21585718064938147,TRUE,1,0.17616104888522993,Guangxi,0.8667757141803278,0.46496104652806064
all_years,soil,phenicols,K. pneumoniae | Ciprofloxacin,large_animals_year_end_2024,10,3,22,13,1,2007,2016,0.6074076879484502,0.06252817596740043,0.7212121212121211,0.018573155089460183,0.17609777149412834,0.11860744297719157,-0.754658036542014,0.011644872504617456,-0.44242424242424244,0.20042268671194216,TRUE,1,0.4052570849305388,Henan,0.8667757141803278,0.5186725532389992
all_years,soil,phenicols,K. pneumoniae | Imipenem,LivestockAquacultureIndex,10,3,22,13,1,2007,2016,0.6074076879484502,0.06252817596740043,0.5030303030303029,0.13833369839449197,0.17609777149412834,0.11860744297719157,-0.791470623690405,0.0063770841870565975,-0.5272727272727272,0.11730806555020222,TRUE,1,0.2558639884027138,Guangdong,0.8667757141803278,0.8234711270505317
all_years,soil,phenicols,K. pneumoniae | Tigecycline,urban_share_2024,10,3,22,13,1,2007,2016,0.6074076879484502,0.06252817596740043,-0.018181818181818177,0.9602404181286244,0.17609777149412834,0.11860744297719157,0.8160123484559989,0.0039891443952871615,0.7454545454545455,0.013330146315440047,TRUE,1,0.2279558997715425,Tianjin,0.8667757141803278,0.9869199755591355
all_years,soil,phenicols,S. aureus | Clindamycin,grp_per_capita_2024,10,3,22,13,1,2007,2016,-0.6074076879484502,0.06252817596740043,0.4666666666666666,0.17393859716506646,0.17609777149412834,0.11860744297719157,0.7669288989248111,0.009638359377523338,-0.6606060606060606,0.03758837757140932,TRUE,1,0.13204709460172606,Hebei,0.8667757141803278,0.8507301600285916
all_years,soil,phenicols,S. aureus | Oxacillin,grp_per_capita_2024,10,3,22,13,1,2007,2016,0.6074076879484502,0.06252817596740043,0.5393939393939393,0.10759318778241472,0.17609777149412834,0.11860744297719157,0.7669288989248111,0.009638359377523338,0.47878787878787876,0.16152292801745585,TRUE,1,0.28126381273078527,Henan,0.8667757141803278,0.7902982973469247
all_years,surface water,diaminopyrimidines,A. baumannii | Cefotaxime,LivestockAquacultureIndex,7,2,9,8,1,2018,2024,-0.607142857142857,0.1482311614811614,NA,NA,NA,NA,-0.5714285714285714,0.18020198891152778,0.35714285714285715,0.4316113520383284,TRUE,1,0.5529411764705886,Anhui,0.9040897335352907,NA
all_years,surface water,diaminopyrimidines,P. aeruginosa | Gentamicin,LivestockAquacultureIndex,7,2,9,8,1,2018,2024,-0.607142857142857,0.1482311614811614,NA,NA,NA,NA,-0.5714285714285714,0.18020198891152778,0.6071428571428571,0.1482311614811615,TRUE,1,0.5529411764705886,Anhui,0.9040897335352907,NA
all_years,soil,diaminopyrimidines,P. aeruginosa | Imipenem,milk_output_2024,8,3,9,8,1,2008,2015,-0.60245336588985,0.11396448084515554,-0.42857142857142866,0.2894032248467901,0.24103244438393973,0.07490909090909051,-0.5542570966186618,0.1539883457589951,0.7619047619047619,0.028004939153071826,TRUE,1,0.3359384232032563,Beijing,0.8797847845183826,0.8969656318280155
all_years,soil,diaminopyrimidines,A. baumannii | Aztreonam,milk_output_2024,8,3,9,8,1,2008,2015,0.60245336588985,0.11396448084515579,0.5238095238095238,0.18272075053971484,0.24103244438393973,0.07490909090909051,-0.5542570966186618,0.1539883457589951,-0.5714285714285714,0.13895995716070633,TRUE,1,0.4057207792057808,Tianjin,0.8797847845183826,0.8521945107646086
all_years,sediment,phenicols,K. pneumoniae | Ceftazidime,grp_per_capita_2024,14,3,58,25,1,2006,2020,-0.6,0.023308410879999953,-0.6131868131868131,0.019706331926038816,0.20022103787458767,0.11060606060606078,-0.6263736263736264,0.016541935428871186,0.621978021978022,0.017550315290540023,TRUE,1,0.30952380952380953,Guangdong,0.8667757141803278,0.5217687382956994
all_years,wastewater effluent,macrolides,S. aureus | Cefoxitin,EconomicScaleIndex,10,3,27,10,1,2018,2024,-0.6,0.0666879999999999,-0.19999999999999996,0.5795840000000001,0.09424870603515988,0.3890909090909095,-0.503030303030303,0.13833369839449197,0.8666666666666667,0.0011735381801554663,TRUE,1,0.2777777777777779,Jiangsu,0.8667757141803278,0.9606462350922552
all_years,wastewater influent,sulfonamides,S. aureus | Penicillin G,urban_share_2024,9,3,30,9,1,2016,2024,0.6,0.08762282904140234,0.7,0.035769574970261654,0.8007374029168087,0,-0.26666666666666666,0.487922274838701,-0.7,0.035769574970261654,TRUE,1,0.3492063492063493,Anhui,0.8667757141803278,0.5697942153713511
all_years,wastewater effluent,sulfonamides,A. baumannii | Aztreonam,EconomicScaleIndex,6,2,13,7,1,2018,2022,-0.6,0.20799999999999974,NA,NA,NA,NA,-0.20291986247835694,0.699797968157019,0.8116794499134278,0.04985758510134043,TRUE,1,0.5000000000000001,Anhui,0.9077420142945268,NA
all_years,wastewater effluent,sulfonamides,A. baumannii | Ciprofloxacin,EconomicScaleIndex,6,2,13,7,1,2018,2022,-0.6,0.20799999999999974,NA,NA,NA,NA,-0.20291986247835694,0.699797968157019,0.49280538030458115,0.3206325828658276,TRUE,1,0.4999999999999997,Heilongjiang,0.9077420142945268,NA
all_years,wastewater effluent,sulfonamides,E. coli | Ceftazidime,LivestockAquacultureIndex,6,2,13,7,1,2018,2022,-0.6,0.20799999999999974,NA,NA,NA,NA,0.3188740696088466,0.5379005604702051,-0.49280538030458115,0.3206325828658276,TRUE,1,0.16666666666666682,Jiangxi,0.9077420142945268,NA
all_years,wastewater effluent,sulfonamides,E. coli | Ciprofloxacin,LivestockAquacultureIndex,6,2,13,7,1,2018,2022,-0.6,0.20799999999999974,NA,NA,NA,NA,0.3188740696088466,0.5379005604702051,-0.11595420713048969,0.8268482133858148,TRUE,1,0.16666666666666682,Anhui,0.9077420142945268,NA
all_years,wastewater effluent,sulfonamides,K. pneumoniae | Ceftazidime,LivestockAquacultureIndex,6,2,13,7,1,2018,2022,-0.6,0.20799999999999974,NA,NA,NA,NA,0.3188740696088466,0.5379005604702051,-0.46381682852195877,0.3541642984362302,TRUE,1,0.5000000000000001,Anhui,0.9077420142945268,NA
all_years,wastewater effluent,sulfonamides,K. pneumoniae | Levofloxacin,LivestockAquacultureIndex,6,2,13,7,1,2018,2022,-0.6,0.20799999999999974,NA,NA,NA,NA,0.3188740696088466,0.5379005604702051,-0.46381682852195877,0.3541642984362302,TRUE,1,0.5000000000000001,Anhui,0.9077420142945268,NA
all_years,wastewater effluent,sulfonamides,K. pneumoniae | Nitrofurantoin,EconomicScaleIndex,6,2,13,7,1,2018,2022,-0.6,0.20799999999999974,NA,NA,NA,NA,-0.20291986247835694,0.699797968157019,0.8116794499134278,0.04985758510134043,TRUE,1,0.5000000000000001,Anhui,0.9077420142945268,NA
all_years,wastewater effluent,sulfonamides,P. aeruginosa | Imipenem,LivestockAquacultureIndex,6,2,13,7,1,2018,2022,-0.6,0.20799999999999974,NA,NA,NA,NA,0.3188740696088466,0.5379005604702051,-0.46381682852195877,0.3541642984362302,TRUE,1,0.5000000000000001,Anhui,0.9077420142945268,NA
all_years,wastewater effluent,sulfonamides,S. aureus | Cefoxitin,EconomicScaleIndex,6,2,13,7,1,2018,2022,-0.6,0.20799999999999974,NA,NA,NA,NA,-0.20291986247835694,0.699797968157019,0.8116794499134278,0.04985758510134043,TRUE,1,0.5000000000000001,Anhui,0.9077420142945268,NA
all_years,wastewater effluent,sulfonamides,S. aureus | Oxacillin,EconomicScaleIndex,6,2,13,7,1,2018,2022,-0.6,0.20799999999999974,NA,NA,NA,NA,-0.20291986247835694,0.699797968157019,0.8116794499134278,0.04985758510134043,TRUE,1,0.5000000000000001,Anhui,0.9077420142945268,NA
all_years,wastewater effluent,sulfonamides,E. coli | Tigecycline,LivestockAquacultureIndex,6,2,13,7,1,2018,2022,0.6,0.2079999999999999,NA,NA,NA,NA,0.3188740696088466,0.5379005604702051,-0.028988551782622423,0.9565293523898404,FALSE,1,0.16666666666666682,Hunan,0.9077420142945268,NA
all_years,wastewater influent,macrolides,K. pneumoniae | Ertapenem,LivestockAquacultureIndex,5,3,19,5,1,2018,2023,-0.5999999999999999,0.28475697986529386,NA,NA,NA,NA,-0.5642880936468347,0.3217233358243004,-0.15389675281277312,0.8048288166080633,FALSE,NA,NA,,0.9084965716610526,NA
all_years,wastewater influent,macrolides,P. aeruginosa | Ciprofloxacin,WastewaterHealthIndex,5,3,19,5,1,2018,2023,0.5999999999999999,0.28475697986529386,NA,NA,NA,NA,0.2,0.7470600781046621,0.6,0.28475697986529386,TRUE,NA,NA,,0.9084965716610526,NA
all_years,wastewater influent,macrolides,P. aeruginosa | Polymyxin B,LivestockAquacultureIndex,5,3,19,5,1,2018,2023,0.5999999999999999,0.28475697986529386,NA,NA,NA,NA,-0.5642880936468347,0.3217233358243004,-0.872081599272381,0.05385421772754198,TRUE,NA,NA,,0.9084965716610526,NA
all_years,wastewater influent,macrolides,E. coli | Polymyxin B,LivestockAquacultureIndex,5,3,19,5,1,2018,2023,0.5999999999999999,0.28475697986529386,NA,NA,NA,NA,-0.5642880936468347,0.3217233358243004,-0.872081599272381,0.05385421772754198,TRUE,NA,NA,,0.9084965716610526,NA
all_years,soil,phenicols,E. coli | Ampicillin,urban_share_2024,10,3,22,13,1,2007,2016,-0.5951368255656534,0.06951501015301105,0.709090909090909,0.021665923367532435,0.17609777149412834,0.11860744297719157,0.8160123484559989,0.0039891443952871615,-0.8424242424242424,0.0022200312259168533,TRUE,1,0.16782403870025522,Tianjin,0.8667757141803278,0.5269711683586922
all_years,sediment,other,E. coli | Ampicillin,WastewaterHealthIndex,7,2,19,10,1,2008,2018,-0.5946187253790688,0.15908999370118462,NA,NA,0.3724558699813696,0,-0.4,0.37393392381774704,0.7387687194103584,0.057858496895692835,TRUE,1,0.48954993832332455,Shanghai,0.9040897335352907,NA
all_years,sediment,other,A. baumannii | Polymyxin B,WastewaterHealthIndex,7,2,19,10,1,2008,2018,0.5946187253790688,0.1590899937011848,NA,NA,0.3724558699813696,0,-0.4,0.37393392381774704,-0.41443123283995714,0.3552689437660521,TRUE,1,0.5600478381378792,Jiangxi,0.9040897335352907,NA
all_years,sediment,phenicols,A. baumannii | Ciprofloxacin,grp_per_capita_2024,14,3,58,25,1,2006,2020,-0.5912087912087912,0.025970813668962544,-0.6967032967032967,0.005628677002967555,0.20022103787458767,0.11060606060606078,-0.6263736263736264,0.016541935428871186,0.1956043956043956,0.5027500912969567,TRUE,1,0.29182156133829007,Zhejiang,0.8667757141803278,0.3978771056472691
all_years,sediment,phenicols,K. pneumoniae | Amikacin,grp_per_capita_2024,14,3,58,25,1,2006,2020,-0.5912087912087912,0.025970813668962544,-0.5604395604395604,0.037104477004074335,0.20022103787458767,0.11060606060606078,-0.6263736263736264,0.016541935428871186,0.6307692307692307,0.01557822427277127,TRUE,1,0.1895910780669144,Guangdong,0.8667757141803278,0.5823623977159444
all_years,wastewater influent,fluoroquinolones,S. aureus | Rifampicin,total_aquatic_products_2024,11,3,44,12,1,2016,2024,0.5909090909090909,0.055575604288774665,0.6545454545454545,0.02886459895700191,0.07495187103951058,0.3977272727272725,-0.37272727272727274,0.2589258736842223,-0.5,0.11730680301423815,TRUE,1,0.28205128205128177,Hebei,0.8667757141803278,0.5536685420358437
all_years,sludge,fluoroquinolones,E. coli | Meropenem,sewage_pipe_length_2024,16,3,149,31,2,2005,2017,0.5896458066912301,0.01621857147671127,0.43529411764705883,0.09195235850572929,0.06923543109736396,0.25696039035591295,0.5555707977618373,0.025461783832817764,0.6764705882352942,0.00400825239020936,TRUE,1,0.26435988110461783,Shanghai,0.8667757141803278,0.7508889348012985
all_years,wastewater effluent,macrolides,A. baumannii | Minocycline,chemical_fertilizers_2024,10,3,27,10,1,2018,2024,0.5878787878787879,0.07387770688865797,0.6727272727272726,0.03304122254543776,0.09424870603515988,0.3890909090909095,0.5151515151515151,0.1275528697032343,0.503030303030303,0.13833369839449197,TRUE,1,0.26288659793814434,Shandong,0.8667757141803278,0.5697942153713511
all_years,wastewater effluent,macrolides,K. pneumoniae | Gentamicin,freshwater_aquatic_products_2024,10,3,27,10,1,2018,2024,-0.5878787878787879,0.07387770688865797,-0.406060606060606,0.24428229408662663,0.09424870603515988,0.3890909090909095,-0.4909090909090909,0.14965567342083683,0.8181818181818182,0.003814920082550725,TRUE,1,0.26288659793814434,Guangdong,0.8667757141803278,0.8785296752720978
all_years,wastewater influent,sulfonamides,A. baumannii | Ceftriaxone,urban_share_2024,9,3,30,9,1,2016,2024,0.5833333333333334,0.09918581647988328,0.6833333333333333,0.04244227208707236,0.8007374029168087,0,-0.26666666666666666,0.487922274838701,-0.5,0.17047066078705375,TRUE,1,0.4285714285714287,Anhui,0.8797847845183826,0.6372597085097534
all_years,wastewater influent,sulfonamides,E. coli | Cefotetan,freshwater_aquatic_products_2024,9,3,30,9,1,2016,2024,0.5833333333333334,0.09918581647988328,0.6166666666666667,0.07692880993776291,0.8007374029168087,0,-0.6333333333333333,0.06708578689234561,-0.31666666666666665,0.4063970144863861,TRUE,1,0.38775510204081626,Shanxi,0.8797847845183826,0.7507306204313801
all_years,wastewater influent,sulfonamides,P. aeruginosa | Polymyxin B,hospitals_count_2024,9,3,30,9,1,2016,2024,-0.5833333333333334,0.09918581647988328,-0.8833333333333333,0.0015905004234978701,0.8007374029168087,0,0.21666666666666667,0.5755148957119259,-0.75,0.019942126131992522,TRUE,1,0.22448979591836749,Shanxi,0.8797847845183826,0.3448468139795708
all_years,soil,phenicols,E. coli | Meropenem,urban_share_2024,10,3,22,13,1,2007,2016,0.5828659631828563,0.07699231666639234,0.47878787878787876,0.16152292801745585,0.17609777149412834,0.11860744297719157,0.8160123484559989,0.0039891443952871615,0.503030303030303,0.13833369839449197,TRUE,1,0.21475451672504003,Shanghai,0.8667757141803278,0.8334416432151582
all_years,soil,diaminopyrimidines,K. pneumoniae | Cefepime,grp_2024,8,3,9,8,1,2008,2015,-0.5783552312542559,0.13313858556272326,-0.6190476190476192,0.10173303745426454,0.24103244438393973,0.07490909090909051,-0.2771285483093309,0.5063754253085381,0.7619047619047619,0.028004939153071826,TRUE,1,0.3711538098515684,Beijing,0.8907699548976915,0.7738974610579332
all_years,soil,diaminopyrimidines,K. pneumoniae | Cefotetan,milk_output_2024,8,3,9,8,1,2008,2015,-0.5783552312542559,0.13313858556272326,-0.42857142857142866,0.2894032248467901,0.24103244438393973,0.07490909090909051,-0.5542570966186618,0.1539883457589951,0.7619047619047619,0.028004939153071826,TRUE,1,0.3711538098515684,Beijing,0.8907699548976915,0.8969656318280155
all_years,soil,diaminopyrimidines,P. aeruginosa | Polymyxin B,milk_output_2024,8,3,9,8,1,2008,2015,-0.5783552312542559,0.13313858556272326,-0.5476190476190477,0.1600256425388963,0.24103244438393973,0.07490909090909051,-0.5542570966186618,0.1539883457589951,0.5714285714285714,0.13895995716070658,TRUE,1,0.3711538098515684,Beijing,0.8907699548976915,0.8334416432151582
all_years,soil,diaminopyrimidines,A. baumannii | Polymyxin B,milk_output_2024,8,3,9,8,1,2008,2015,-0.5783552312542559,0.13313858556272326,-0.6190476190476192,0.10173303745426454,0.24103244438393973,0.07490909090909051,-0.5542570966186618,0.1539883457589951,0.5476190476190477,0.1600256425388963,TRUE,1,0.3834616183265495,Guangxi,0.8907699548976915,0.7738974610579332
all_years,sediment,phenicols,P. aeruginosa | Meropenem,grp_per_capita_2024,14,3,58,25,1,2006,2020,-0.578021978021978,0.030383014145237017,-0.49450549450549447,0.07224967403413257,0.20022103787458767,0.11060606060606078,-0.6263736263736264,0.016541935428871186,0.512087912087912,0.061198486156458405,TRUE,1,0.36882129277566567,Hubei,0.8667757141803278,0.7507306204313801
all_years,surface water,sulfonamides,E. coli | Cefazolin,milk_output_2024,14,3,49,15,1,2013,2024,0.578021978021978,0.030383014145237017,0.5340659340659341,0.04915991637198511,0.07898257926378309,0.18961038961038862,0.18681318681318682,0.5225040123791592,0.6,0.023308410880000015,TRUE,1,0.1882129277566541,Guangdong,0.8667757141803278,0.6871582005647622
all_years,sediment,other,K. pneumoniae | Tobramycin,WastewaterHealthIndex,7,2,19,10,1,2008,2018,-0.5765999761251577,0.17538182452245665,NA,NA,0.3724558699813696,0,-0.4,0.37393392381774704,0.30631873731649006,0.5040270086665882,TRUE,1,0.4369952529994166,Shandong,0.9040897335352907,NA
all_years,sludge,fluoroquinolones,K. pneumoniae | Amikacin,grp_per_capita_2024,16,3,149,31,2,2005,2017,0.576312107544946,0.01945635060805135,0.29411764705882354,0.268846554622893,0.06923543109736396,0.25696039035591295,0.4933468684125115,0.052146211631197946,0.7294117647058823,0.001343078682383667,TRUE,1,0.25007738986315037,Shanghai,0.8667757141803278,0.8969656318280155
all_years,wastewater effluent,macrolides,K. pneumoniae | Imipenem,milk_output_2024,10,3,27,10,1,2018,2024,-0.5757575757575757,0.08155281477260244,-0.3818181818181818,0.2762553333854361,0.09424870603515988,0.3890909090909095,0.47878787878787876,0.16152292801745585,-0.6848484848484848,0.02888279750673284,TRUE,1,0.27631578947368407,Shaanxi,0.8667757141803278,0.8969656318280155
all_years,wastewater effluent,macrolides,K. pneumoniae | Nitrofurantoin,EconomicScaleIndex,10,3,27,10,1,2018,2024,-0.5757575757575757,0.08155281477260244,-0.3090909090909091,0.38484123026128325,0.09424870603515988,0.3890909090909095,-0.503030303030303,0.13833369839449197,0.9151515151515152,2.0447240614883307e-4,TRUE,1,0.2447368421052633,Shandong,0.8667757141803278,0.9421113234318428
all_years,sediment,lincosamides,K. pneumoniae | Polymyxin B,total_aquatic_products_2024,13,3,26,22,1,2010,2018,0.5749661560353624,0.039818073887586104,0.5879120879120879,0.03458605834210783,0.2592759711301179,0.06997245179063301,0.3218710060102268,0.2835130785985348,0.5824175824175825,0.03674133435865416,TRUE,1,0.19401104180705234,Shanghai,0.8667757141803278,0.5697942153713511
all_years,sediment,phenicols,S. aureus | Amikacin,grp_per_capita_2024,14,3,58,25,1,2006,2020,-0.5736263736263736,0.03197081397639698,-0.7186813186813187,0.0037795799614122956,0.20022103787458767,0.11060606060606078,-0.6263736263736264,0.016541935428871186,0.17802197802197803,0.5425969526062151,TRUE,1,0.2260536398467433,Zhejiang,0.8667757141803278,0.3707855110571458
all_years,surface water,macrolides,A. baumannii | Gentamicin,chemical_fertilizers_2024,14,3,42,16,1,2015,2023,-0.5736263736263736,0.03197081397639698,-0.42417582417582417,0.13063731043811047,0.006641885476426646,0.5788497217068641,-0.512087912087912,0.061198486156458405,0.7582417582417582,0.0016730034070264247,TRUE,1,0.16666666666666657,Henan,0.8667757141803278,0.818563978423839
all_years,sediment,beta-lactams,P. aeruginosa | Ceftazidime,LivestockAquacultureIndex,7,3,34,15,1,2012,2018,0.5714285714285713,0.18020198891152778,NA,NA,0.8983973213480706,0,-0.14285714285714285,0.7599453002180931,-0.5714285714285714,0.18020198891152778,TRUE,1,0.5500000000000005,Guangdong,0.9040897335352907,NA
all_years,sediment,beta-lactams,S. aureus | Gentamicin,EconomicScaleIndex,7,3,34,15,1,2012,2018,-0.5714285714285713,0.18020198891152778,NA,NA,0.8983973213480706,0,-0.14285714285714285,0.7599453002180931,0.5357142857142857,0.21521745567801304,TRUE,1,0.5500000000000005,Guizhou,0.9040897335352907,NA
all_years,surface water,diaminopyrimidines,A. baumannii | Aztreonam,LivestockAquacultureIndex,7,2,9,8,1,2018,2024,-0.5714285714285713,0.18020198891152778,NA,NA,NA,NA,-0.5714285714285714,0.18020198891152778,0.75,0.052181400457058,TRUE,1,0.5500000000000005,Hainan,0.9040897335352907,NA
all_years,surface water,diaminopyrimidines,E. coli | Aztreonam,LivestockAquacultureIndex,7,2,9,8,1,2018,2024,0.5714285714285713,0.18020198891152778,NA,NA,NA,NA,-0.5714285714285714,0.18020198891152778,0.07142857142857142,0.8790481931481541,FALSE,1,0.3500000000000004,Zhejiang,0.9040897335352907,NA
all_years,surface water,diaminopyrimidines,E. coli | Ceftriaxone,LivestockAquacultureIndex,7,2,9,8,1,2018,2024,0.5714285714285713,0.18020198891152778,NA,NA,NA,NA,-0.5714285714285714,0.18020198891152778,-0.07142857142857142,0.8790481931481541,TRUE,1,0.4499999999999998,Tibet,0.9040897335352907,NA
all_years,surface water,diaminopyrimidines,E. coli | Cefuroxime,LivestockAquacultureIndex,7,2,9,8,1,2018,2024,0.5714285714285713,0.18020198891152778,NA,NA,NA,NA,-0.5714285714285714,0.18020198891152778,-0.07142857142857142,0.8790481931481541,TRUE,1,0.4499999999999998,Tibet,0.9040897335352907,NA
all_years,surface water,diaminopyrimidines,E. coli | Trimethoprim/Sulfamethoxazole,LivestockAquacultureIndex,7,2,9,8,1,2018,2024,-0.5714285714285713,0.18020198891152778,NA,NA,NA,NA,-0.5714285714285714,0.18020198891152778,0.14285714285714285,0.7599453002180929,TRUE,1,0.6500000000000004,Hubei,0.9040897335352907,NA
all_years,soil,phenicols,K. pneumoniae | Nitrofurantoin,grp_per_capita_2024,10,3,22,13,1,2007,2016,0.5705951008000594,0.08497172598894799,0.2363636363636363,0.5108853175152004,0.17609777149412834,0.11860744297719157,0.7669288989248111,0.009638359377523338,0.5515151515151515,0.09840117666963506,TRUE,1,0.28699334851974967,Shanghai,0.8667757141803278,0.9606462350922552
all_years,sludge,fluoroquinolones,K. pneumoniae | Ceftazidime,sewage_disposal_capacity_2024,16,3,149,31,2,2005,2017,0.5703860190354864,0.02104656073617826,0.3617647058823529,0.1685588225038843,0.06923543109736396,0.25696039035591295,0.41334467353480697,0.11152120896786284,0.7852941176470588,3.128539178860109e-4,TRUE,1,0.3070525524146441,Shanghai,0.8667757141803278,0.8449663040229046
all_years,surface water,macrolides,A. baumannii | Meropenem,chemical_fertilizers_2024,14,3,42,16,1,2015,2023,-0.5692307692307692,0.03361941707727023,-0.39780219780219783,0.15895077451083486,0.006641885476426646,0.5788497217068641,-0.512087912087912,0.061198486156458405,0.701098901098901,0.005211861769946939,TRUE,1,0.18918918918918912,Hubei,0.8667757141803278,0.8334416432151582
all_years,soil,sulfonamides,A. baumannii | Amikacin,sewage_pipe_length_2024,20,3,313,56,2,2006,2019,0.5674468155808285,0.009067050897225372,0.34285714285714286,0.13891001088101332,0.22138678024989444,0.059746349446122726,0.5516216055845504,0.011689585959119946,0.36541353383458647,0.11312213950560118,TRUE,1,0.21360580728040698,Henan,0.8667757141803278,0.8234711270505317
all_years,sludge,fluoroquinolones,K. pneumoniae | Meropenem,grp_per_capita_2024,16,3,149,31,2,2005,2017,0.5674229747807567,0.021878370829243036,0.39705882352941174,0.12780600908826198,0.06923543109736396,0.25696039035591295,0.4933468684125115,0.052146211631197946,0.6588235294117647,0.005511422336343709,TRUE,1,0.30124445084361046,Shanghai,0.8667757141803278,0.818563978423839
all_years,sludge,tetracyclines,E. coli | Tobramycin,milk_output_2024,14,3,77,19,2,2004,2020,-0.5673111734808801,0.0343587968997415,-0.6571428571428571,0.010661967747329781,0.30098512187415105,0.03648989898989916,-0.13496515820714486,0.6454977036795251,0.6879120879120879,0.006540042491841914,TRUE,1,0.4415060100513599,Hebei,0.8667757141803278,0.4153533287640718
all_years,wastewater influent,sulfonamides,A. baumannii | Cefepime,urban_share_2024,9,3,30,9,1,2016,2024,0.5666666666666667,0.11163298761149111,0.6166666666666667,0.07692880993776291,0.8007374029168087,0,-0.26666666666666666,0.487922274838701,-0.6,0.08762282904140234,TRUE,1,0.32773109243697474,Guangdong,0.8797847845183826,0.7507306204313801
all_years,soil,diaminopyrimidines,E. coli | Ertapenem,milk_output_2024,8,3,9,8,1,2008,2015,-0.5663061639364589,0.1433540530104835,-0.21428571428571433,0.6103444156452666,0.24103244438393973,0.07490909090909051,-0.5542570966186618,0.1539883457589951,0.6428571428571429,0.08555889101267312,TRUE,1,0.4318115677741092,Liaoning,0.9027002041668268,0.9606462350922552
all_years,sediment,macrolides,A. baumannii | Minocycline,grp_2024,23,3,430,93,2,2008,2025,-0.5632411067193676,0.005134542639159382,-0.5691699604743083,0.0045897410740937585,0.003177020108859277,0.4751811594202898,-0.37351778656126483,0.07915444117090965,0.3685770750988142,0.08352519372717142,TRUE,1,0.11979949874686756,Zhejiang,0.8667757141803278,0.3707855110571458
all_years,sediment,phenicols,K. pneumoniae | Cefotetan,grp_per_capita_2024,14,3,58,25,1,2006,2020,-0.5604395604395604,0.037104477004074335,-0.4857142857142857,0.07827588645863327,0.20022103787458767,0.11060606060606078,-0.6263736263736264,0.016541935428871186,0.4901098901098901,0.07522006672685844,TRUE,1,0.23529411764705876,Hubei,0.8667757141803278,0.7507306204313801
all_years,sediment,other,E. coli | Aztreonam,WastewaterHealthIndex,7,2,19,10,1,2008,2018,-0.5585812268712466,0.19245253188052244,NA,NA,0.3724558699813696,0,-0.4,0.37393392381774704,0.5405624776173353,0.2102892534955025,TRUE,1,0.2734454624801412,Guangdong,0.9077420142945268,NA
all_years,sediment,other,E. coli | Cefotaxime,WastewaterHealthIndex,7,2,19,10,1,2008,2018,-0.5585812268712466,0.19245253188052244,NA,NA,0.3724558699813696,0,-0.4,0.37393392381774704,0.5225437283634242,0.22887787757609507,TRUE,1,0.4810324732001008,Tianjin,0.9077420142945268,NA
all_years,sediment,other,P. aeruginosa | Ceftazidime,WastewaterHealthIndex,7,2,19,10,1,2008,2018,-0.5585812268712466,0.19245253188052244,NA,NA,0.3724558699813696,0,-0.4,0.37393392381774704,0.3603749850782236,0.42714880856090626,TRUE,1,0.16965195712016126,Guangdong,0.9077420142945268,NA
all_years,sediment,other,S. aureus | Oxacillin,WastewaterHealthIndex,7,2,19,10,1,2008,2018,-0.5585812268712466,0.19245253188052244,NA,NA,0.3724558699813696,0,-0.4,0.37393392381774704,0.4865062298556018,0.268248562317831,TRUE,1,0.4810324732001008,Tianjin,0.9077420142945268,NA
all_years,surface water,fluoroquinolones,E. coli | Cefotetan,chemical_fertilizers_2024,15,3,77,21,1,2015,2024,0.557142857142857,0.030961086755812012,0.5464285714285714,0.035066660216709865,0.27743910513984715,0.014965986394557854,0.4107142857142857,0.1283286460157489,0.7928571428571428,4.2207718519234993e-4,TRUE,1,0.18343195266272178,Hebei,0.8667757141803278,0.5697942153713511
all_years,sediment,phenicols,P. aeruginosa | Cefepime,grp_per_capita_2024,14,3,58,25,1,2006,2020,-0.556043956043956,0.03894365041866064,-0.43296703296703293,0.1220100059684803,0.20022103787458767,0.11060606060606078,-0.6263736263736264,0.016541935428871186,0.43736263736263736,0.11784483174447682,TRUE,1,0.15019762845849782,Guangdong,0.8667757141803278,0.8138668527285788
all_years,sludge,fluoroquinolones,K. pneumoniae | Imipenem,grp_per_capita_2024,16,3,149,31,2,2005,2017,0.5555707977618374,0.025461783832817764,0.2852941176470588,0.28413874015956303,0.06923543109736396,0.25696039035591295,0.4933468684125115,0.052146211631197946,0.6911764705882353,0.0030247187950434096,TRUE,1,0.3031984230934212,Shanghai,0.8667757141803278,0.8969656318280155
all_years,wastewater effluent,macrolides,S. aureus | Trimethoprim/Sulfamethoxazole,milk_output_2024,10,3,27,10,1,2018,2024,0.5515151515151514,0.09840117666963506,0.10303030303030301,0.7769984634438898,0.09424870603515988,0.3890909090909095,0.47878787878787876,0.16152292801745585,0.8424242424242424,0.0022200312259168407,TRUE,1,0.48076923076923106,Hebei,0.8797847845183826,0.9760848906711721
all_years,wastewater effluent,macrolides,K. pneumoniae | Chloramphenicol,freshwater_aquatic_products_2024,10,3,27,10,1,2018,2024,-0.5515151515151514,0.09840117666963512,-0.33333333333333326,0.34659350708733433,0.09424870603515988,0.3890909090909095,-0.4909090909090909,0.14965567342083683,0.8787878787878788,8.138621117322115e-4,TRUE,1,0.32967032967032983,Shandong,0.8797847845183826,0.9268335373285431
all_years,sediment,lincosamides,E. coli | Ampicillin,large_animals_year_end_2024,13,3,26,22,1,2010,2018,-0.5502068478807296,0.05138341269643196,-0.40659340659340665,0.167978346147896,0.2592759711301179,0.06997245179063301,-0.327373074489034,0.27488966062773995,0.7307692307692307,0.004547733743967136,TRUE,1,0.22334455244907594,Guizhou,0.8667757141803278,0.8449663040229046
all_years,surface water,fluoroquinolones,E. coli | Cefotaxime,chemical_fertilizers_2024,15,3,77,21,1,2015,2024,0.5499999999999999,0.03365535781500704,0.4785714285714285,0.07113080825563328,0.27743910513984715,0.014965986394557854,0.4107142857142857,0.1283286460157489,0.5321428571428571,0.04115858038693436,TRUE,1,0.18881118881118877,Hebei,0.8667757141803278,0.7507306204313801
all_years,surface water,fluoroquinolones,E. coli | Levofloxacin,milk_output_2024,15,3,77,21,1,2015,2024,0.5499999999999999,0.03365535781500704,0.5785714285714284,0.02384665876299667,0.27743910513984715,0.014965986394557854,0.42857142857142855,0.11096021426087677,0.55,0.03365535781500704,TRUE,1,0.1808191808191807,Hebei,0.8667757141803278,0.5536685420358437
all_years,sludge,fluoroquinolones,S. aureus | Clindamycin,grp_per_capita_2024,16,3,149,31,2,2005,2017,-0.546681664997648,0.028432258372250458,-0.4617647058823529,0.07176841584053806,0.06923543109736396,0.25696039035591295,0.4933468684125115,0.052146211631197946,-0.7647058823529411,5.596762943567445e-4,TRUE,1,0.17929046253212347,Gansu,0.8667757141803278,0.7507306204313801
all_years,soil,phenicols,K. pneumoniae | Ceftriaxone,grp_per_capita_2024,10,3,22,13,1,2007,2016,0.5460533760344655,0.10247883425571182,0.5636363636363636,0.08972402831709125,0.17609777149412834,0.11860744297719157,0.7669288989248111,0.009638359377523338,0.40606060606060607,0.24428229408662663,TRUE,1,0.31703576361020963,Shanghai,0.8797847845183826,0.7507306204313801
all_years,soil,phenicols,K. pneumoniae | Tobramycin,large_animals_year_end_2024,10,3,22,13,1,2007,2016,0.5460533760344655,0.10247883425571182,0.5636363636363636,0.08972402831709125,0.17609777149412834,0.11860744297719157,-0.754658036542014,0.011644872504617456,-0.38181818181818183,0.2762553333854361,TRUE,1,0.42522603888031146,Henan,0.8797847845183826,0.7507306204313801
all_years,wastewater influent,fluoroquinolones,S. aureus | Penicillin G,urban_share_2024,11,3,44,12,1,2016,2024,-0.5454545454545454,0.08265095734417509,-0.5181818181818182,0.10249153979096404,0.07495187103951058,0.3977272727272725,0.2727272727272727,0.41714143714253127,-0.7909090909090909,0.0037460829533974027,TRUE,1,0.27777777777777785,Beijing,0.8667757141803278,0.7738974610579332
all_years,surface water,sulfonamides,A. baumannii | Polymyxin B,LivestockAquacultureIndex,13,3,49,15,1,2013,2024,0.543956043956044,0.05464653454086536,0.631868131868132,0.02051604257287242,0.07898257926378309,0.18961038961038862,-0.35763445112247416,0.2302422829709429,-0.6134806353870134,0.025750542734763314,TRUE,1,0.2084481175390266,Hainan,0.8667757141803278,0.5217687382956994
all_years,wastewater effluent,fluoroquinolones,S. aureus | Cefoxitin,freshwater_aquatic_products_2024,13,3,34,15,1,2016,2024,-0.543956043956044,0.05464653454086536,-0.5604395604395604,0.04634590589406466,0.28932970799328467,0.04803767660910481,-0.6978021978021978,0.00800071741122648,0.7967032967032966,0.0011136526522685848,TRUE,1,0.1955922865013774,Sichuan,0.8667757141803278,0.6720156354639376
all_years,wastewater effluent,fluoroquinolones,S. aureus | Chloramphenicol,total_aquatic_products_2024,13,3,34,15,1,2016,2024,0.543956043956044,0.05464653454086536,0.6098901098901099,0.026877834421252016,0.28932970799328467,0.04803767660910481,-0.6758241758241759,0.011225245577668611,-0.31868131868131866,0.28858316144472024,TRUE,1,0.22865013774104692,Zhejiang,0.8667757141803278,0.5536685420358437
all_years,wastewater effluent,sulfonamides,A. baumannii | Amikacin,EconomicScaleIndex,6,2,13,7,1,2018,2022,0.5428571428571428,0.2657026239067054,NA,NA,NA,NA,-0.20291986247835694,0.699797968157019,0.34786262139146906,0.49925321811463336,FALSE,1,0.4736842105263156,Jiangsu,0.9077420142945268,NA
all_years,wastewater effluent,sulfonamides,A. baumannii | Ceftazidime,LivestockAquacultureIndex,6,2,13,7,1,2018,2022,-0.5428571428571428,0.2657026239067054,NA,NA,NA,NA,0.3188740696088466,0.5379005604702051,-0.550782483869826,0.25736933162257475,TRUE,1,0.4736842105263156,Heilongjiang,0.9077420142945268,NA
all_years,wastewater effluent,sulfonamides,A. baumannii | Meropenem,LivestockAquacultureIndex,6,2,13,7,1,2018,2022,-0.5428571428571428,0.2657026239067054,NA,NA,NA,NA,0.3188740696088466,0.5379005604702051,-0.550782483869826,0.25736933162257475,TRUE,1,0.4736842105263156,Heilongjiang,0.9077420142945268,NA
all_years,wastewater effluent,sulfonamides,E. coli | Chloramphenicol,EconomicScaleIndex,6,2,13,7,1,2018,2022,0.5428571428571428,0.2657026239067054,NA,NA,NA,NA,-0.20291986247835694,0.699797968157019,-0.6377481392176932,0.1730711102412599,TRUE,1,0.657894736842105,Heilongjiang,0.9077420142945268,NA
all_years,wastewater effluent,sulfonamides,K. pneumoniae | Cefoxitin,EconomicScaleIndex,6,2,13,7,1,2018,2022,-0.5428571428571428,0.2657026239067054,NA,NA,NA,NA,-0.20291986247835694,0.699797968157019,0.6377481392176932,0.17307111024125968,TRUE,1,0.657894736842105,Heilongjiang,0.9077420142945268,NA
all_years,wastewater effluent,sulfonamides,K. pneumoniae | Ciprofloxacin,LivestockAquacultureIndex,6,2,13,7,1,2018,2022,-0.5428571428571428,0.2657026239067054,NA,NA,NA,NA,0.3188740696088466,0.5379005604702051,-0.550782483869826,0.25736933162257475,TRUE,1,0.4736842105263156,Heilongjiang,0.9077420142945268,NA
all_years,wastewater effluent,sulfonamides,K. pneumoniae | Gentamicin,LivestockAquacultureIndex,6,2,13,7,1,2018,2022,-0.5428571428571428,0.2657026239067054,NA,NA,NA,NA,0.3188740696088466,0.5379005604702051,-0.550782483869826,0.25736933162257475,TRUE,1,0.4736842105263156,Heilongjiang,0.9077420142945268,NA
all_years,wastewater effluent,sulfonamides,P. aeruginosa | Aztreonam,EconomicScaleIndex,6,2,13,7,1,2018,2022,-0.5428571428571428,0.2657026239067054,NA,NA,NA,NA,-0.20291986247835694,0.699797968157019,0.6667366910003157,0.14808979944035283,TRUE,1,0.4736842105263156,Heilongjiang,0.9077420142945268,NA
all_years,wastewater effluent,sulfonamides,P. aeruginosa | Tobramycin,LivestockAquacultureIndex,6,2,13,7,1,2018,2022,-0.5428571428571428,0.2657026239067054,NA,NA,NA,NA,0.3188740696088466,0.5379005604702051,-0.7826908981308054,0.0657038480715889,TRUE,1,0.657894736842105,Jiangsu,0.9077420142945268,NA
all_years,wastewater effluent,sulfonamides,S. aureus | Tetracycline,EconomicScaleIndex,6,2,13,7,1,2018,2022,-0.5428571428571428,0.2657026239067054,NA,NA,NA,NA,-0.20291986247835694,0.699797968157019,0.2608969660436018,0.6175338174259972,TRUE,1,0.657894736842105,Hunan,0.9077420142945268,NA
all_years,sludge,tetracyclines,A. baumannii | Ceftriaxone,pork_output_2024,14,3,77,19,2,2004,2020,-0.5421481778829378,0.04519985160493759,-0.6263736263736264,0.016541935428871186,0.30098512187415105,0.03648989898989916,0.39117020429528426,0.16665684827775362,0.13406593406593406,0.6477195279851133,FALSE,1,0.4282447858110008,Qinghai,0.8667757141803278,0.4736437713937547
all_years,sediment,other,E. coli | Ciprofloxacin,WastewaterHealthIndex,7,2,19,10,1,2008,2018,-0.5405624776173353,0.2102892534955025,NA,NA,0.3724558699813696,0,-0.4,0.37393392381774704,0.05405624776173354,0.9083652825239952,TRUE,1,0.41859502407379917,Shanghai,0.9077420142945268,NA
all_years,sediment,other,E. coli | Imipenem,WastewaterHealthIndex,7,2,19,10,1,2008,2018,-0.5405624776173353,0.2102892534955025,NA,NA,0.3724558699813696,0,-0.4,0.37393392381774704,0.3603749850782236,0.42714880856090626,TRUE,1,0.42708494090976556,Shandong,0.9077420142945268,NA
all_years,sediment,other,K. pneumoniae | Cefoxitin,WastewaterHealthIndex,7,2,19,10,1,2008,2018,-0.5405624776173353,0.2102892534955025,NA,NA,0.3724558699813696,0,-0.4,0.37393392381774704,0.3603749850782236,0.42714880856090626,TRUE,1,0.42708494090976556,Shandong,0.9077420142945268,NA
all_years,sediment,phenicols,P. aeruginosa | Ciprofloxacin,grp_per_capita_2024,14,3,58,25,1,2006,2020,-0.5384615384615384,0.04697614585955515,-0.18681318681318682,0.5225040123791592,0.20022103787458767,0.11060606060606078,-0.6263736263736264,0.016541935428871186,0.6087912087912087,0.02085661601722324,TRUE,1,0.36734693877551017,Hunan,0.8667757141803278,0.9606462350922552
all_years,surface water,macrolides,K. pneumoniae | Cefoxitin,chemical_fertilizers_2024,14,3,42,16,1,2015,2023,-0.5384615384615384,0.04697614585955515,-0.2747252747252747,0.3418297437194818,0.006641885476426646,0.5788497217068641,-0.512087912087912,0.061198486156458405,0.7582417582417582,0.0016730034070264247,TRUE,1,0.21428571428571436,Hunan,0.8667757141803278,0.9268335373285431
all_years,sludge,tetracyclines,A. baumannii | Aztreonam,hospitals_count_2024,14,3,77,19,2,2004,2020,-0.5375730877742211,0.047411719584755714,-0.6,0.023308410879999953,0.30098512187415105,0.03648989898989916,0.28594313179479847,0.3216615793914707,0.33186813186813185,0.24637718314961182,FALSE,1,0.44040006058386016,Qinghai,0.8667757141803278,0.5492044313599989
all_years,wastewater influent,fluoroquinolones,S. aureus | Trimethoprim/Sulfamethoxazole,milk_output_2024,11,3,44,12,1,2016,2024,0.5363636363636364,0.08895341813596276,0.6636363636363636,0.025984133918765542,0.07495187103951058,0.3977272727272725,0.2909090909090909,0.38545696969136556,0.8090909090909091,0.002558580199713915,TRUE,1,0.1977401129943504,Heilongjiang,0.8667757141803278,0.5536685420358437
all_years,surface water,fluoroquinolones,E. coli | Ceftazidime,chemical_fertilizers_2024,15,3,77,21,1,2015,2024,0.5357142857142856,0.03956697222954953,0.4785714285714285,0.07113080825563328,0.27743910513984715,0.014965986394557854,0.4107142857142857,0.1283286460157489,0.6571428571428571,0.007770251358668445,TRUE,1,0.22666666666666696,Jiangxi,0.8667757141803278,0.7507306204313801
all_years,sediment,beta-lactams,A. baumannii | Ceftazidime,WastewaterHealthIndex,7,3,34,15,1,2012,2018,-0.5357142857142856,0.21521745567801281,NA,NA,0.8983973213480706,0,0.14547859349066158,0.7556330131047917,0.181848241863327,0.6963638336303284,FALSE,1,0.5199999999999998,Hubei,0.9077420142945268,NA
all_years,surface water,diaminopyrimidines,A. baumannii | Meropenem,LivestockAquacultureIndex,7,2,9,8,1,2018,2024,-0.5357142857142856,0.21521745567801281,NA,NA,NA,NA,-0.5714285714285714,0.18020198891152778,0.5714285714285714,0.18020198891152778,TRUE,1,0.546666666666667,Anhui,0.9077420142945268,NA
all_years,surface water,diaminopyrimidines,E. coli | Cefotetan,LivestockAquacultureIndex,7,2,9,8,1,2018,2024,-0.5357142857142856,0.21521745567801281,NA,NA,NA,NA,-0.5714285714285714,0.18020198891152778,0.6428571428571429,0.11939237342741121,TRUE,1,0.546666666666667,Anhui,0.9077420142945268,NA
all_years,surface water,diaminopyrimidines,S. aureus | Rifampicin,WastewaterHealthIndex,7,2,9,8,1,2018,2024,-0.5357142857142856,0.21521745567801281,NA,NA,NA,NA,-0.07142857142857142,0.8790481931481541,-0.7857142857142857,0.03623846267982718,FALSE,1,0.6533333333333339,Tibet,0.9077420142945268,NA
all_years,sediment,beta-lactams,P. aeruginosa | Amikacin,LivestockAquacultureIndex,7,3,34,15,1,2012,2018,0.5357142857142856,0.21521745567801304,NA,NA,0.8983973213480706,0,-0.14285714285714285,0.7599453002180931,-0.35714285714285715,0.4316113520383278,TRUE,1,0.546666666666667,Guangdong,0.9077420142945268,NA
all_years,soil,phenicols,S. aureus | Cefoxitin,EconomicScaleIndex,10,3,22,13,1,2007,2016,0.5337825136516684,0.11202516929143758,0.6606060606060605,0.03758837757140932,0.17609777149412834,0.11860744297719157,0.4984827760499675,0.14251770391579796,0.5349568784384569,0.11108833030248288,TRUE,1,0.49260156782575415,Beijing,0.8797847845183826,0.5823623977159444
all_years,wastewater influent,sulfonamides,A. baumannii | Tobramycin,urban_share_2024,9,3,30,9,1,2016,2024,0.5333333333333333,0.13922686754397803,0.6,0.08762282904140234,0.8007374029168087,0,-0.26666666666666666,0.487922274838701,-0.5833333333333334,0.09918581647988328,TRUE,1,0.38392857142857173,Anhui,0.9027002041668268,0.7507306204313801
all_years,wastewater influent,sulfonamides,E. coli | Amikacin,freshwater_aquatic_products_2024,9,3,30,9,1,2016,2024,0.5333333333333333,0.13922686754397803,0.8166666666666667,0.007224785246358781,0.8007374029168087,0,-0.6333333333333333,0.06708578689234561,-0.5166666666666667,0.15439012098622512,TRUE,1,0.3392857142857145,Anhui,0.9027002041668268,0.4153533287640718
all_years,sludge,fluoroquinolones,P. aeruginosa | Imipenem,grp_per_capita_2024,16,3,149,31,2,2005,2017,0.5303849215966341,0.03455703579370543,0.38235294117647056,0.14385924954389048,0.06923543109736396,0.25696039035591295,0.4933468684125115,0.052146211631197946,0.7529411764705882,7.610810731946058e-4,TRUE,1,0.3177773202155322,Shanghai,0.8667757141803278,0.8234711270505317
all_years,soil,diaminopyrimidines,K. pneumoniae | Aztreonam,grp_2024,8,3,9,8,1,2008,2015,-0.5301589619830679,0.1765098301165558,-0.5476190476190477,0.1600256425388963,0.24103244438393973,0.07490909090909051,-0.2771285483093309,0.5063754253085381,0.6904761904761905,0.05799031816457269,TRUE,1,0.4511887795068233,Beijing,0.9040897335352907,0.8334416432151582
all_years,soil,diaminopyrimidines,A. baumannii | Amikacin,freshwater_aquatic_products_2024,8,3,9,8,1,2008,2015,0.5301589619830679,0.17650983011655597,0.5714285714285715,0.13895995716070658,0.24103244438393973,0.07490909090909051,0.44581549075848886,0.26825005020123793,0.6190476190476191,0.10173303745426454,TRUE,1,0.4274727448414604,Tianjin,0.9040897335352907,0.8234711270505317
all_years,surface water,macrolides,A. baumannii | Cefotaxime,urban_env_infra_investment_2024,14,3,42,16,1,2015,2023,-0.5296703296703297,0.05141659813787088,-0.389010989010989,0.16921738979769044,0.006641885476426646,0.5788497217068641,-0.4725274725274725,0.087967424612542,0.6967032967032967,0.005628677002967555,TRUE,1,0.21161825726141076,Anhui,0.8667757141803278,0.8449663040229046
all_years,sludge,fluoroquinolones,K. pneumoniae | Cefuroxime,sewage_disposal_capacity_2024,16,3,149,31,2,2005,2017,0.5289033994692692,0.03515968856487151,0.30588235294117644,0.2492542989289186,0.06923543109736396,0.25696039035591295,0.41334467353480697,0.11152120896786284,0.7764705882352941,4.043508405454691e-4,TRUE,1,0.26725447790201845,Shanghai,0.8667757141803278,0.8809581627768966
all_years,surface water,fluoroquinolones,E. coli | Ciprofloxacin,milk_output_2024,15,3,77,21,1,2015,2024,0.5285714285714285,0.042797289309450426,0.49285714285714277,0.06195100671416861,0.27743910513984715,0.014965986394557854,0.42857142857142855,0.11096021426087677,0.5285714285714286,0.042797289309450426,TRUE,1,0.19750519750519738,Hebei,0.8667757141803278,0.7336815559552324
all_years,surface water,tetracyclines,E. coli | Cefotaxime,milk_output_2024,15,2,42,17,1,2015,2024,0.5285714285714285,0.042797289309450426,0.4749999999999999,0.07357086204591369,1,0,0.16071428571428573,0.5671967045803448,0.5964285714285714,0.01893192468786513,TRUE,1,0.32640332640332675,Shaanxi,0.8667757141803278,0.7507306204313801
all_years,wastewater influent,fluoroquinolones,S. aureus | Nitrofurantoin,sewage_pipe_length_2024,11,3,44,12,1,2016,2024,0.5272727272727272,0.09556521835315433,0.7090909090909091,0.014552051953727723,0.07495187103951058,0.3977272727272725,-0.2909090909090909,0.385456969691365,-0.7545454545454545,0.007282041008429129,TRUE,1,0.29885057471264376,Zhejiang,0.8797847845183826,0.46496104652806064
all_years,wastewater effluent,macrolides,K. pneumoniae | Ceftriaxone,freshwater_aquatic_products_2024,10,3,27,10,1,2018,2024,-0.5272727272727272,0.11730806555020222,-0.39393939393939387,0.2599977668348876,0.09424870603515988,0.3890909090909095,-0.4909090909090909,0.14965567342083683,0.8424242424242424,0.0022200312259168407,TRUE,1,0.2643678160919541,Zhejiang,0.8797847845183826,0.8871017830455327
all_years,wastewater effluent,macrolides,E. coli | Ciprofloxacin,milk_output_2024,10,3,27,10,1,2018,2024,0.5272727272727272,0.11730806555020236,0.2727272727272727,0.44583834154275137,0.09424870603515988,0.3890909090909095,0.47878787878787876,0.16152292801745585,0.793939393939394,0.0060999233136969115,TRUE,1,0.4224137931034484,Hebei,0.8797847845183826,0.9535880891790752
all_years,sludge,fluoroquinolones,K. pneumoniae | Ertapenem,grp_per_capita_2024,16,3,149,31,2,2005,2017,0.5259403552145394,0.03638881558890429,0.39705882352941174,0.12780600908826198,0.06923543109736396,0.25696039035591295,0.4933468684125115,0.052146211631197946,0.5617647058823529,0.023537016474280862,TRUE,1,0.2607640580408045,Shanghai,0.8667757141803278,0.818563978423839
all_years,sediment,phenicols,A. baumannii | Levofloxacin,urban_env_infra_investment_2024,14,3,58,25,1,2006,2020,-0.5252747252747252,0.053747501767883114,-0.6791208791208792,0.007562257031145488,0.20022103787458767,0.11060606060606078,-0.4065934065934066,0.14910193900151375,0.41098901098901097,0.14433266812460496,TRUE,1,0.3389121338912135,Zhejiang,0.8667757141803278,0.4153533287640718
all_years,sediment,phenicols,S. aureus | Rifampicin,grp_per_capita_2024,14,3,58,25,1,2006,2020,0.5252747252747252,0.053747501767883114,0.2747252747252747,0.3418297437194815,0.20022103787458767,0.11060606060606078,-0.6263736263736264,0.016541935428871186,-0.4725274725274725,0.087967424612542,TRUE,1,0.3075313807531383,Guizhou,0.8667757141803278,0.9268335373285431
all_years,surface water,sulfonamides,E. coli | Cefepime,hospital_beds_2024,14,3,49,15,1,2013,2024,0.5252747252747252,0.053747501767883114,0.5648351648351648,0.03533018486755273,0.07898257926378309,0.18961038961038862,-0.35384615384615387,0.21453987088124624,-0.5912087912087912,0.025970813668962544,TRUE,1,0.28661087866108814,Shanxi,0.8667757141803278,0.5697942153713511
all_years,surface water,fluoroquinolones,S. aureus | Erythromycin,milk_output_2024,15,3,77,21,1,2015,2024,0.5249999999999999,0.04448390580010641,0.4749999999999999,0.07357086204591369,0.27743910513984715,0.014965986394557854,0.42857142857142855,0.11096021426087677,0.7071428571428572,0.003195481258245066,TRUE,1,0.2004186289900574,Hebei,0.8667757141803278,0.7507306204313801
all_years,sludge,fluoroquinolones,E. coli | Imipenem,sewage_disposal_capacity_2024,16,3,149,31,2,2005,2017,0.5229773109598096,0.0376501312345086,0.2117647058823529,0.43108324723922153,0.06923543109736396,0.25696039035591295,0.41334467353480697,0.11152120896786284,0.7176470588235294,0.0017475350604702412,TRUE,1,0.2884678544314112,Shanghai,0.8667757141803278,0.9507920383745695
all_years,sludge,macrolides,K. pneumoniae | Polymyxin B,freshwater_aquatic_products_2024,14,3,77,25,1,2005,2017,0.522842254761437,0.055069771151416265,0.6615384615384615,0.009975179240423728,0.8556343441410651,0,0.5829134925425382,0.028685897723242478,0.27912087912087913,0.33384507719455425,TRUE,1,0.22749403370740692,Shanxi,0.8667757141803278,0.4153533287640718
all_years,surface water,macrolides,E. coli | Polymyxin B,urban_share_2024,13,3,42,16,1,2015,2023,0.521978021978022,0.06729171199351026,0.521978021978022,0.06729171199351026,0.006641885476426646,0.5788497217068641,0.489010989010989,0.08991308230865631,0.41208791208791207,0.16175105277252627,TRUE,1,0.3933014354066987,Shaanxi,0.8667757141803278,0.7507306204313801
all_years,soil,phenicols,P. aeruginosa | Meropenem,large_animals_year_end_2024,10,3,22,13,1,2007,2016,0.5215116512688714,0.12211083031892103,0.0909090909090909,0.8027717312071618,0.17609777149412834,0.11860744297719157,-0.754658036542014,0.011644872504617456,-0.7333333333333333,0.01580059625057152,TRUE,1,0.6577404646915822,Guangdong,0.8829300519306434,0.9842154623604513
all_years,soil,phenicols,S. aureus | Chloramphenicol,urban_share_2024,10,3,22,13,1,2007,2016,0.5215116512688714,0.12211083031892103,0.6848484848484847,0.028882797506732782,0.17609777149412834,0.11860744297719157,0.8160123484559989,0.0039891443952871615,0.5515151515151515,0.09840117666963506,TRUE,1,0.3499057001209481,Guangdong,0.8829300519306434,0.5536685420358437
all_years,surface water,macrolides,K. pneumoniae | Cefotetan,chemical_fertilizers_2024,14,3,42,16,1,2015,2023,-0.5208791208791208,0.056153927343702656,-0.41098901098901103,0.14433266812460463,0.006641885476426646,0.5788497217068641,-0.512087912087912,0.061198486156458405,0.6,0.023308410880000015,TRUE,1,0.22995780590717285,Tibet,0.8667757141803278,0.8234711270505317
all_years,surface water,macrolides,K. pneumoniae | Levofloxacin,chemical_fertilizers_2024,14,3,42,16,1,2015,2023,-0.5208791208791208,0.056153927343702656,-0.33186813186813185,0.24637718314961182,0.006641885476426646,0.5788497217068641,-0.512087912087912,0.061198486156458405,0.810989010989011,4.322100649076809e-4,TRUE,1,0.2658227848101267,Guangdong,0.8667757141803278,0.8785296752720978
all_years,soil,diaminopyrimidines,A. baumannii | Gentamicin,freshwater_aquatic_products_2024,8,3,9,8,1,2008,2015,0.518109894665271,0.1883939303844395,0.5000000000000001,0.20703124999999997,0.24103244438393973,0.07490909090909051,0.44581549075848886,0.26825005020123793,0.7380952380952381,0.03655276105286072,TRUE,1,0.5302254894867479,Tianjin,0.9040897335352907,0.8680942753677526
all_years,soil,diaminopyrimidines,K. pneumoniae | Ceftazidime,grp_2024,8,3,9,8,1,2008,2015,-0.518109894665271,0.1883939303844395,-0.380952380952381,0.35181255311756493,0.24103244438393973,0.07490909090909051,-0.2771285483093309,0.5063754253085381,0.6666666666666666,0.07098765432098751,TRUE,1,0.4735241198757317,Beijing,0.9040897335352907,0.9268335373285431
all_years,soil,diaminopyrimidines,K. pneumoniae | Meropenem,grp_2024,8,3,9,8,1,2008,2015,-0.518109894665271,0.1883939303844395,-0.380952380952381,0.35181255311756493,0.24103244438393973,0.07490909090909051,-0.2771285483093309,0.5063754253085381,0.6666666666666666,0.07098765432098751,TRUE,1,0.4735241198757317,Beijing,0.9040897335352907,0.9268335373285431
all_years,soil,diaminopyrimidines,S. aureus | Gentamicin,milk_output_2024,8,3,9,8,1,2008,2015,-0.518109894665271,0.1883939303844395,-0.40476190476190477,0.31988864122881633,0.24103244438393973,0.07490909090909051,-0.5542570966186618,0.1539883457589951,0.7380952380952381,0.03655276105286072,TRUE,1,0.4735241198757317,Beijing,0.9040897335352907,0.918259018349724
all_years,soil,fluoroquinolones,E. coli | Nitrofurantoin,hospitals_count_2024,23,3,318,64,2,2006,2020,-0.5176762857619156,0.011404898250902807,-0.3942687747035573,0.06265524525291534,0.9845108143090242,0,-0.5305316663061466,0.00920503544877101,0.35276679841897235,0.0987309002687824,TRUE,1,0.19865350139094481,Zhejiang,0.8667757141803278,0.7343324599072254
all_years,wastewater effluent,fluoroquinolones,S. aureus | Trimethoprim/Sulfamethoxazole,freshwater_aquatic_products_2024,13,3,34,15,1,2016,2024,0.5164835164835165,0.07074904067496361,0.5879120879120879,0.03458605834210783,0.28932970799328467,0.04803767660910481,-0.6978021978021978,0.00800071741122648,-0.6483516483516484,0.016536698804267284,TRUE,1,0.21856866537717612,Hainan,0.8667757141803278,0.5697942153713511
all_years,sediment,phenicols,K. pneumoniae | Ciprofloxacin,grp_per_capita_2024,14,3,58,25,1,2006,2020,-0.5164835164835164,0.058637163441278554,-0.5472527472527472,0.042822049378197405,0.20022103787458767,0.11060606060606078,-0.6263736263736264,0.016541935428871186,0.5472527472527473,0.042822049378197294,TRUE,1,0.46808510638297907,Guangdong,0.8667757141803278,0.6372597085097534
all_years,surface water,macrolides,A. baumannii | Levofloxacin,urban_env_infra_investment_2024,14,3,42,16,1,2015,2023,-0.5164835164835164,0.058637163441278554,-0.3142857142857143,0.2738049029628676,0.006641885476426646,0.5788497217068641,-0.4725274725274725,0.087967424612542,0.7978021978021979,6.282758224581759e-4,TRUE,1,0.18085106382978705,Henan,0.8667757141803278,0.8969656318280155
all_years,surface water,sulfonamides,A. baumannii | Minocycline,hogs_year_end_2024,14,3,49,15,1,2013,2024,-0.5164835164835164,0.058637163441278554,-0.6087912087912087,0.02085661601722322,0.07898257926378309,0.18961038961038862,-0.4461538461538462,0.10980712780122513,0.7450549450549451,0.002230037316742069,TRUE,1,0.2872340425531918,Hainan,0.8667757141803278,0.5217687382956994
all_years,surface water,fluoroquinolones,E. coli | Aztreonam,chemical_fertilizers_2024,15,3,77,21,1,2015,2024,0.5142857142857142,0.049839233471420635,0.45357142857142846,0.08948590014302728,0.27743910513984715,0.014965986394557854,0.4107142857142857,0.1283286460157489,0.5321428571428571,0.04115858038693436,TRUE,1,0.2008547008547007,Anhui,0.8667757141803278,0.7507306204313801
all_years,sediment,phenicols,S. aureus | Chloramphenicol,grp_per_capita_2024,14,3,58,25,1,2006,2020,0.512087912087912,0.061198486156458405,0.23076923076923075,0.4273358616774501,0.20022103787458767,0.11060606060606078,-0.6263736263736264,0.016541935428871186,-0.6483516483516484,0.012144222573105748,TRUE,1,0.31974248927038645,Shanghai,0.8667757141803278,0.9479489788776115
all_years,surface water,macrolides,E. coli | Amikacin,chemical_fertilizers_2024,14,3,42,16,1,2015,2023,-0.512087912087912,0.061198486156458405,-0.41098901098901103,0.14433266812460463,0.006641885476426646,0.5788497217068641,-0.512087912087912,0.061198486156458405,0.5956043956043956,0.024612610795286847,TRUE,1,0.3948497854077255,Shanxi,0.8667757141803278,0.8234711270505317
all_years,soil,phenicols,K. pneumoniae | Gentamicin,urban_share_2024,10,3,22,13,1,2007,2016,0.5092407888860745,0.13274267581496013,0.6848484848484847,0.028882797506732782,0.17609777149412834,0.11860744297719157,0.8160123484559989,0.0039891443952871615,0.2606060606060606,0.4670890543863403,TRUE,1,0.46252305401877813,Henan,0.8907699548976915,0.5536685420358437
all_years,soil,phenicols,E. coli | Tobramycin,hospitals_count_2024,10,3,22,13,1,2007,2016,-0.5092407888860745,0.13274267581496033,0.2242424242424242,0.5334005612725952,0.17609777149412834,0.11860744297719157,-0.7423871741592171,0.01392776805646452,0.7454545454545455,0.013330146315440047,TRUE,1,0.30095281609391117,Shandong,0.8907699548976915,0.9606462350922552
all_years,sludge,tetracyclines,A. baumannii | Cefepime,pork_output_2024,14,3,77,19,2,2004,2020,-0.5078350020675619,0.06375217503583483,-0.5868131868131868,0.027384375531087794,0.30098512187415105,0.03648989898989916,0.39117020429528426,0.16665684827775362,0.24395604395604395,0.400624803916119,FALSE,1,0.4468409893745295,Qinghai,0.8667757141803278,0.5536685420358437
all_years,surface water,macrolides,A. baumannii | Tigecycline,chemical_fertilizers_2024,14,3,42,16,1,2015,2023,-0.5076923076923077,0.06383915813376853,-0.4021978021978022,0.1539744295414041,0.006641885476426646,0.5788497217068641,-0.512087912087912,0.061198486156458405,0.6131868131868132,0.01970633192603887,TRUE,1,0.24242424242424235,Tibet,0.8667757141803278,0.8334416432151582
all_years,surface water,macrolides,P. aeruginosa | Levofloxacin,chemical_fertilizers_2024,14,3,42,16,1,2015,2023,-0.5076923076923077,0.06383915813376853,-0.16483516483516483,0.573346405013138,0.006641885476426646,0.5788497217068641,-0.512087912087912,0.061198486156458405,0.832967032967033,2.1655091041647016e-4,TRUE,1,0.23160173160173145,Anhui,0.8667757141803278,0.9606462350922552
all_years,surface water,sulfonamides,E. coli | Cefuroxime,total_aquatic_products_2024,14,3,49,15,1,2013,2024,0.5076923076923077,0.06383915813376853,0.5076923076923077,0.06383915813376853,0.07898257926378309,0.18961038961038862,-0.3098901098901099,0.2809332808692584,-0.5648351648351648,0.03533018486755273,TRUE,1,0.3636363636363637,Guangdong,0.8667757141803278,0.740534234351715
all_years,soil,diaminopyrimidines,A. baumannii | Cefepime,milk_output_2024,8,3,9,8,1,2008,2015,0.5060608273474739,0.2006906961272417,0.5714285714285715,0.13895995716070658,0.24103244438393973,0.07490909090909051,-0.5542570966186618,0.1539883457589951,-0.30952380952380953,0.4556448907375821,TRUE,1,0.4598417413231262,Tianjin,0.9077420142945268,0.8234711270505317
all_years,sludge,tetracyclines,S. aureus | Rifampicin,population_2024,14,3,77,19,2,2004,2020,0.5055474570132036,0.06515686557507652,0.4637362637362637,0.09487633150889964,0.30098512187415105,0.03648989898989916,0.4140456548388681,0.14107667385991463,0.34945054945054943,0.22068999774644746,TRUE,1,0.31467155098619504,Tianjin,0.8667757141803278,0.7556699361729984
all_years,sediment,other,K. pneumoniae | Ceftriaxone,WastewaterHealthIndex,7,2,19,10,1,2008,2018,-0.504524979109513,0.2482031142645112,NA,NA,0.3724558699813696,0,-0.4,0.37393392381774704,0.37839373433213475,0.40260220192175533,TRUE,1,0.5978001667300782,Tianjin,0.9077420142945268,NA
all_years,surface water,fluoroquinolones,P. aeruginosa | Aztreonam,chemical_fertilizers_2024,15,3,77,21,1,2015,2024,0.5035714285714284,0.05565451716115852,0.5499999999999999,0.03365535781500704,0.27743910513984715,0.014965986394557854,0.4107142857142857,0.1283286460157489,0.3392857142857143,0.21602892534195475,TRUE,1,0.33115111838516115,Tibet,0.8667757141803278,0.5697942153713511
all_years,wastewater effluent,macrolides,E. coli | Meropenem,freshwater_aquatic_products_2024,10,3,27,10,1,2018,2024,-0.5030303030303029,0.13833369839449197,-0.47878787878787876,0.16152292801745585,0.09424870603515988,0.3890909090909095,-0.4909090909090909,0.14965567342083683,0.8424242424242424,0.0022200312259168407,TRUE,1,0.2590361445783134,Zhejiang,0.9027002041668268,0.8334416432151582
all_years,wastewater effluent,macrolides,K. pneumoniae | Cefuroxime,sewage_pipe_length_2024,10,3,27,10,1,2018,2024,-0.5030303030303029,0.13833369839449197,-0.2363636363636363,0.5108853175152004,0.09424870603515988,0.3890909090909095,-0.4666666666666667,0.17393859716506646,0.7454545454545455,0.013330146315440047,TRUE,1,0.4246987951807232,Zhejiang,0.9027002041668268,0.9606462350922552
all_years,wastewater effluent,macrolides,S. aureus | Clindamycin,milk_output_2024,10,3,27,10,1,2018,2024,0.5030303030303029,0.13833369839449197,0.19999999999999996,0.5795840000000001,0.09424870603515988,0.3890909090909095,0.47878787878787876,0.16152292801745585,0.8424242424242424,0.0022200312259168407,TRUE,1,0.45783132530120496,Hebei,0.9027002041668268,0.9606462350922552
all_years,sediment,sulfonamides,S. aureus | Clindamycin,large_animals_year_end_2024,24,3,1061,135,2,2008,2025,0.5022831168966869,0.012376878987650039,0.4869565217391304,0.015810056730347407,0.0015521231748156271,0.520774428109915,0.3309415168470811,0.1141958009148479,0.6208695652173913,0.0012059039024496904,TRUE,1,0.18854371059322714,Guangdong,0.8667757141803278,0.46496104652806064
all_years,sludge,tetracyclines,A. baumannii | Ceftazidime,WastewaterHealthIndex,14,3,77,19,2,2004,2020,-0.5009723669044869,0.06803239649905755,-0.5868131868131868,0.027384375531087794,0.30098512187415105,0.03648989898989916,0.27740330061302765,0.3369525462308456,0.4096926237970869,0.14572856692530514,FALSE,1,0.4553787233476561,Qinghai,0.8667757141803278,0.5536685420358437
all_years,wastewater influent,sulfonamides,A. baumannii | Imipenem,urban_share_2024,9,3,30,9,1,2016,2024,0.5,0.17047066078705375,0.6166666666666667,0.07692880993776291,0.8007374029168087,0,-0.26666666666666666,0.487922274838701,-0.55,0.12497678418833179,TRUE,1,0.4285714285714288,Anhui,0.9040897335352907,0.7507306204313801
all_years,wastewater influent,sulfonamides,E. coli | Cefazolin,freshwater_aquatic_products_2024,9,3,30,9,1,2016,2024,0.5,0.17047066078705375,0.21666666666666667,0.5755148957119259,0.8007374029168087,0,-0.6333333333333333,0.06708578689234561,-0.65,0.0580730580171487,TRUE,1,0.28571428571428603,Heilongjiang,0.9040897335352907,0.9606462350922552
all_years,wastewater influent,sulfonamides,E. coli | Chloramphenicol,freshwater_aquatic_products_2024,9,3,30,9,1,2016,2024,-0.5,0.17047066078705375,-0.4,0.2861051019083131,0.8007374029168087,0,-0.6333333333333333,0.06708578689234561,0.48333333333333334,0.18746985521554207,TRUE,1,0.4285714285714285,Guangdong,0.9040897335352907,0.8969656318280155
all_years,wastewater influent,sulfonamides,P. aeruginosa | Meropenem,freshwater_aquatic_products_2024,9,3,30,9,1,2016,2024,0.5,0.17047066078705375,0.5666666666666667,0.11163298761149111,0.8007374029168087,0,-0.6333333333333333,0.06708578689234561,-0.2,0.6059012741795533,TRUE,1,0.4285714285714288,Anhui,0.9040897335352907,0.8067534120677089
all_years,wastewater influent,sulfonamides,S. aureus | Cefoxitin,freshwater_aquatic_products_2024,9,3,30,9,1,2016,2024,-0.5,0.17047066078705375,-0.45,0.22421610749233684,0.8007374029168087,0,-0.6333333333333333,0.06708578689234561,0.6,0.08762282904140234,TRUE,1,0.4285714285714285,Anhui,0.9040897335352907,0.8756506136724482
all_years,wastewater influent,sulfonamides,S. aureus | Chloramphenicol,freshwater_aquatic_products_2024,9,3,30,9,1,2016,2024,-0.5,0.17047066078705375,-0.48333333333333334,0.18746985521554207,0.8007374029168087,0,-0.6333333333333333,0.06708578689234561,0.26666666666666666,0.48792227483870076,TRUE,1,0.523809523809524,Liaoning,0.9040897335352907,0.8528211362044058
all_years,wastewater influent,sulfonamides,S. aureus | Oxacillin,freshwater_aquatic_products_2024,9,3,30,9,1,2016,2024,-0.5,0.17047066078705375,-0.4666666666666667,0.205386351105812,0.8007374029168087,0,-0.6333333333333333,0.06708578689234561,0.5833333333333334,0.09918581647988328,TRUE,1,0.6190476190476191,Henan,0.9040897335352907,0.8680942753677526
all_years,sediment,beta-lactams,E. coli | Trimethoprim/Sulfamethoxazole,EconomicScaleIndex,7,3,34,15,1,2012,2018,0.4999999999999999,0.2531699951003227,NA,NA,0.8983973213480706,0,-0.14285714285714285,0.7599453002180931,-0.4642857142857143,0.29393410760025207,TRUE,1,0.5428571428571433,Guizhou,0.9077420142945268,NA
all_years,sediment,beta-lactams,K. pneumoniae | Amikacin,EconomicScaleIndex,7,3,34,15,1,2012,2018,-0.4999999999999999,0.2531699951003227,NA,NA,0.8983973213480706,0,-0.14285714285714285,0.7599453002180931,0.25,0.5887244480896832,TRUE,1,0.5428571428571433,Jiangxi,0.9077420142945268,NA
all_years,sediment,beta-lactams,S. aureus | Ciprofloxacin,EconomicScaleIndex,7,3,34,15,1,2012,2018,-0.4999999999999999,0.2531699951003227,NA,NA,0.8983973213480706,0,-0.14285714285714285,0.7599453002180931,0.75,0.052181400457058,TRUE,1,0.6571428571428574,Guizhou,0.9077420142945268,NA
all_years,sediment,beta-lactams,S. aureus | Levofloxacin,EconomicScaleIndex,7,3,34,15,1,2012,2018,-0.4999999999999999,0.2531699951003227,NA,NA,0.8983973213480706,0,-0.14285714285714285,0.7599453002180931,0.75,0.052181400457058,TRUE,1,0.6571428571428574,Guizhou,0.9077420142945268,NA
all_years,sediment,beta-lactams,A. baumannii | Polymyxin B,LivestockAquacultureIndex,7,3,34,15,1,2012,2018,0.4999999999999999,0.2531699951003227,NA,NA,0.8983973213480706,0,-0.14285714285714285,0.7599453002180931,0.7142857142857143,0.07134356146753773,FALSE,1,0.6571428571428574,Hubei,0.9077420142945268,NA
all_years,surface water,diaminopyrimidines,A. baumannii | Ceftazidime,LivestockAquacultureIndex,7,2,9,8,1,2018,2024,-0.4999999999999999,0.2531699951003227,NA,NA,NA,NA,-0.5714285714285714,0.18020198891152778,0.6071428571428571,0.1482311614811615,TRUE,1,0.37142857142857116,Hubei,0.9077420142945268,NA
all_years,surface water,diaminopyrimidines,A. baumannii | Ciprofloxacin,LivestockAquacultureIndex,7,2,9,8,1,2018,2024,-0.4999999999999999,0.2531699951003227,NA,NA,NA,NA,-0.5714285714285714,0.18020198891152778,0.6071428571428571,0.1482311614811615,TRUE,1,0.37142857142857116,Hubei,0.9077420142945268,NA
all_years,surface water,diaminopyrimidines,S. aureus | Amikacin,LivestockAquacultureIndex,7,2,9,8,1,2018,2024,-0.4999999999999999,0.2531699951003227,NA,NA,NA,NA,-0.5714285714285714,0.18020198891152778,0.6071428571428571,0.1482311614811615,TRUE,1,0.37142857142857116,Hubei,0.9077420142945268,NA
all_years,surface water,diaminopyrimidines,S. aureus | Erythromycin,LivestockAquacultureIndex,7,2,9,8,1,2018,2024,0.4999999999999999,0.2531699951003227,NA,NA,NA,NA,-0.5714285714285714,0.18020198891152778,0.2857142857142857,0.5345092286010409,FALSE,1,0.37142857142857116,Guangxi,0.9077420142945268,NA
all_years,wastewater influent,macrolides,E. coli | Ceftazidime,LivestockAquacultureIndex,5,3,19,5,1,2018,2023,0.4999999999999999,0.39100221895577053,NA,NA,NA,NA,-0.5642880936468347,0.3217233358243004,-0.41039134083406165,0.49253578170279755,TRUE,NA,NA,,0.9582118561710397,NA
all_years,wastewater influent,macrolides,E. coli | Ciprofloxacin,LivestockAquacultureIndex,5,3,19,5,1,2018,2023,0.4999999999999999,0.39100221895577053,NA,NA,NA,NA,-0.5642880936468347,0.3217233358243004,-0.41039134083406165,0.49253578170279755,TRUE,NA,NA,,0.9582118561710397,NA
all_years,wastewater influent,macrolides,E. coli | Levofloxacin,LivestockAquacultureIndex,5,3,19,5,1,2018,2023,0.4999999999999999,0.39100221895577053,NA,NA,NA,NA,-0.5642880936468347,0.3217233358243004,-0.41039134083406165,0.49253578170279755,TRUE,NA,NA,,0.9582118561710397,NA
all_years,wastewater influent,macrolides,S. aureus | Gentamicin,LivestockAquacultureIndex,5,3,19,5,1,2018,2023,0.4999999999999999,0.39100221895577053,NA,NA,NA,NA,-0.5642880936468347,0.3217233358243004,-0.41039134083406165,0.49253578170279755,TRUE,NA,NA,,0.9582118561710397,NA
all_years,sediment,phenicols,A. baumannii | Aztreonam,urban_env_infra_investment_2024,14,3,58,25,1,2006,2020,-0.49890109890109885,0.06936352739715487,-0.6395604395604395,0.013779616833463801,0.20022103787458767,0.11060606060606078,-0.4065934065934066,0.14910193900151375,0.4725274725274725,0.08796742461254224,TRUE,1,0.15638766519823813,Guangxi,0.8667757141803278,0.46496104652806064
all_years,surface water,macrolides,A. baumannii | Ceftazidime,chemical_fertilizers_2024,14,3,42,16,1,2015,2023,-0.49890109890109885,0.06936352739715487,-0.389010989010989,0.16921738979769044,0.006641885476426646,0.5788497217068641,-0.512087912087912,0.061198486156458405,0.6923076923076923,0.0060710487499900405,TRUE,1,0.22907488986784127,Henan,0.8667757141803278,0.8449663040229046
all_years,soil,phenicols,K. pneumoniae | Cefotaxime,urban_share_2024,10,3,22,13,1,2007,2016,0.49696992650327754,0.14392654659800444,0.806060606060606,0.0048620611019646025,0.17609777149412834,0.11860744297719157,0.8160123484559989,0.0039891443952871615,0.21212121212121213,0.5563057751029297,TRUE,1,0.46495754932301236,Henan,0.9027206887786464,0.3746559822509201
all_years,sediment,tetracyclines,E. coli | Tobramycin,milk_output_2024,23,3,693,129,2,2004,2025,-0.4956758243735878,0.016162052695473234,-0.4575098814229249,0.028159575196551826,0.06310630550908343,0.17629345855989417,-0.30343465220875665,0.15927575726801604,0.525691699604743,0.009987982109574405,TRUE,1,0.17594239001238055,Hebei,0.8667757141803278,0.5536685420358437
all_years,sediment,lincosamides,S. aureus | Erythromycin,total_aquatic_products_2024,13,3,26,22,1,2010,2018,-0.49518616309265656,0.08532601474120984,-0.5,0.08186423116569437,0.2592759711301179,0.06997245179063301,0.3218710060102268,0.2835130785985348,-0.44505494505494503,0.12752383613843682,TRUE,1,0.2024720044048917,Hebei,0.8667757141803278,0.7507306204313801
all_years,sediment,phenicols,P. aeruginosa | Ceftazidime,grp_per_capita_2024,14,3,58,25,1,2006,2020,-0.49450549450549447,0.07224967403413257,-0.4021978021978022,0.1539744295414041,0.20022103787458767,0.11060606060606078,-0.6263736263736264,0.016541935428871186,0.27472527472527475,0.3418297437194815,TRUE,1,0.3444444444444447,Hubei,0.8667757141803278,0.8334416432151582
all_years,sediment,phenicols,S. aureus | Levofloxacin,urban_share_2024,14,3,58,25,1,2006,2020,-0.49450549450549447,0.07224967403413257,-0.5296703296703297,0.05141659813787088,0.20022103787458767,0.11060606060606078,-0.46813186813186813,0.0913763650683315,0.7274725274725274,0.0031906163189881556,TRUE,1,0.4222222222222222,Jilin,0.8667757141803278,0.6964332035201433
all_years,soil,diaminopyrimidines,E. coli | Cefoxitin,milk_output_2024,8,3,9,8,1,2008,2015,-0.4940117600296769,0.21339733028119015,-0.28571428571428575,0.49272624501695705,0.24103244438393973,0.07490909090909051,-0.5542570966186618,0.1539883457589951,0.7857142857142857,0.020815127253525287,TRUE,1,0.49544763745295867,Liaoning,0.9077420142945268,0.9606462350922552
all_years,soil,diaminopyrimidines,P. aeruginosa | Gentamicin,milk_output_2024,8,3,9,8,1,2008,2015,-0.4940117600296769,0.21339733028119015,-0.23809523809523814,0.5701563208157683,0.24103244438393973,0.07490909090909051,-0.5542570966186618,0.1539883457589951,0.6666666666666666,0.07098765432098751,TRUE,1,0.49544763745295867,Liaoning,0.9077420142945268,0.9606462350922552
all_years,sludge,fluoroquinolones,K. pneumoniae | Cefepime,sewage_disposal_capacity_2024,16,3,149,31,2,2005,2017,0.4933468684125116,0.052146211631197946,0.2411764705882353,0.36820660804263405,0.06923543109736396,0.25696039035591295,0.41334467353480697,0.11152120896786284,0.7676470588235295,5.168835242959224e-4,TRUE,1,0.28593636209713436,Shanghai,0.8667757141803278,0.932377137755518
all_years,sludge,fluoroquinolones,K. pneumoniae | Tigecycline,large_animals_year_end_2024,16,3,149,31,2,2005,2017,0.4933468684125116,0.052146211631197946,0.4441176470588235,0.08482274417741589,0.06923543109736396,0.25696039035591295,-0.45630881522838906,0.07563688051962573,-0.6647058823529411,0.004967385937482028,TRUE,1,0.24234529897519747,Shanghai,0.8667757141803278,0.7507306204313801
all_years,wastewater effluent,macrolides,K. pneumoniae | Tigecycline,milk_output_2024,10,3,27,10,1,2018,2024,-0.49090909090909085,0.14965567342083683,-0.054545454545454536,0.8810361811618528,0.09424870603515988,0.3890909090909095,0.47878787878787876,0.16152292801745585,-0.8303030303030303,0.002940227023279534,TRUE,1,0.527777777777778,Hebei,0.9040897335352907,0.9842154623604513
all_years,wastewater effluent,macrolides,S. aureus | Tetracycline,freshwater_aquatic_products_2024,10,3,27,10,1,2018,2024,-0.49090909090909085,0.14965567342083683,-0.04242424242424242,0.9073638178128158,0.09424870603515988,0.3890909090909095,-0.4909090909090909,0.14965567342083683,0.5636363636363636,0.08972402831709125,TRUE,1,0.38888888888888884,Guangdong,0.9040897335352907,0.9842154623604513
all_years,wastewater effluent,macrolides,K. pneumoniae | Polymyxin B,chemical_fertilizers_2024,10,3,27,10,1,2018,2024,-0.49090909090909085,0.14965567342083683,-0.49090909090909085,0.14965567342083683,0.09424870603515988,0.3890909090909095,0.5151515151515151,0.1275528697032343,-0.6848484848484848,0.02888279750673284,TRUE,1,0.425925925925926,Heilongjiang,0.9040897335352907,0.8334416432151582
all_years,sludge,fluoroquinolones,K. pneumoniae | Cefazolin,sewage_disposal_capacity_2024,16,3,149,31,2,2005,2017,0.4903838241577818,0.05379532178049675,0.23235294117647057,0.38651134990798497,0.06923543109736396,0.25696039035591295,0.41334467353480697,0.11152120896786284,0.7794117647058824,3.7168023647875557e-4,TRUE,1,0.3375608235587632,Shanghai,0.8667757141803278,0.9431377276071866
all_years,sediment,phenicols,K. pneumoniae | Ceftriaxone,grp_per_capita_2024,14,3,58,25,1,2006,2020,-0.4901098901098901,0.07522006672685844,-0.48131868131868133,0.08141829504280487,0.20022103787458767,0.11060606060606078,-0.6263736263736264,0.016541935428871186,0.4945054945054945,0.07224967403413257,TRUE,1,0.32286995515695077,Guangdong,0.8667757141803278,0.7507306204313801
all_years,sediment,phenicols,S. aureus | Ciprofloxacin,urban_share_2024,14,3,58,25,1,2006,2020,-0.4901098901098901,0.07522006672685844,-0.43296703296703293,0.1220100059684803,0.20022103787458767,0.11060606060606078,-0.46813186813186813,0.0913763650683315,0.7098901098901099,0.004450741418764216,TRUE,1,0.423766816143498,Jilin,0.8667757141803278,0.8138668527285788
all_years,surface water,macrolides,A. baumannii | Cefepime,pork_output_2024,14,3,42,16,1,2015,2023,-0.4901098901098901,0.07522006672685844,-0.25274725274725274,0.3833149644785111,0.006641885476426646,0.5788497217068641,-0.3978021978021978,0.15895077451083486,0.701098901098901,0.005211861769946939,TRUE,1,0.20403587443946172,Henan,0.8667757141803278,0.9421113234318428
all_years,sludge,fluoroquinolones,K. pneumoniae | Cefotetan,grp_per_capita_2024,16,3,149,31,2,2005,2017,0.4889023020304169,0.05463420655549042,0.19705882352941176,0.4644642112257388,0.06923543109736396,0.25696039035591295,0.4933468684125115,0.052146211631197946,0.5470588235294118,0.02830108724210882,TRUE,1,0.3342828139232823,Shanghai,0.8667757141803278,0.9606462350922552
all_years,sludge,macrolides,E. coli | Tobramycin,milk_output_2024,14,3,77,25,1,2005,2017,-0.4872444842244881,0.0772023279137118,-0.643956043956044,0.012942152559322944,0.8556343441410651,0,-0.34262854141813315,0.23045006637631998,0.6527472527472528,0.01138457399795419,TRUE,1,0.24816361283092359,Beijing,0.8667757141803278,0.4574242045185703
all_years,sludge,macrolides,S. aureus | Amikacin,hogs_year_end_2024,14,3,77,25,1,2005,2017,-0.4872444842244881,0.0772023279137118,-0.49890109890109885,0.06936352739715487,0.8556343441410651,0,0.6118366811038092,0.020054411609237308,-0.15604395604395604,0.5942347005808518,TRUE,1,0.2385056857499411,Beijing,0.8667757141803278,0.7507306204313801
all_years,sediment,other,K. pneumoniae | Ceftazidime,WastewaterHealthIndex,7,2,19,10,1,2008,2018,-0.48650622985560177,0.268248562317831,NA,NA,0.3724558699813696,0,-0.4,0.37393392381774704,0.10811249552346708,0.8175332656241185,TRUE,1,0.8205610357285077,Shandong,0.9077420142945268,NA
all_years,sediment,other,K. pneumoniae | Nitrofurantoin,WastewaterHealthIndex,7,2,19,10,1,2008,2018,-0.48650622985560177,0.268248562317831,NA,NA,0.3724558699813696,0,-0.4,0.37393392381774704,0.5225437283634242,0.22887787757609507,TRUE,1,0.4896290121108219,Guangdong,0.9077420142945268,NA
all_years,sediment,other,S. aureus | Cefoxitin,WastewaterHealthIndex,7,2,19,10,1,2008,2018,-0.48650622985560177,0.268248562317831,NA,NA,0.3724558699813696,0,-0.4,0.37393392381774704,0.5225437283634242,0.22887787757609507,TRUE,1,0.4896290121108219,Guangdong,0.9077420142945268,NA
all_years,sediment,other,S. aureus | Ciprofloxacin,WastewaterHealthIndex,7,2,19,10,1,2008,2018,-0.48650622985560177,0.268248562317831,NA,NA,0.3724558699813696,0,-0.4,0.37393392381774704,0.5225437283634242,0.22887787757609507,TRUE,1,0.4896290121108219,Guangdong,0.9077420142945268,NA
all_years,sediment,phenicols,K. pneumoniae | Cefepime,grp_per_capita_2024,14,3,58,25,1,2006,2020,-0.4857142857142857,0.07827588645863327,-0.5736263736263736,0.03197081397639698,0.20022103787458767,0.11060606060606078,-0.6263736263736264,0.016541935428871186,0.512087912087912,0.061198486156458405,TRUE,1,0.5045248868778283,Guangdong,0.8667757141803278,0.5697942153713511
all_years,wastewater effluent,sulfonamides,A. baumannii | Cefotaxime,EconomicScaleIndex,6,2,13,7,1,2018,2022,-0.4857142857142857,0.3287230320699709,NA,NA,NA,NA,-0.20291986247835694,0.699797968157019,0.6377481392176932,0.17307111024125968,TRUE,1,0.7941176470588236,Anhui,0.9323150863286164,NA
all_years,wastewater effluent,sulfonamides,E. coli | Cefotetan,EconomicScaleIndex,6,2,13,7,1,2018,2022,-0.4857142857142857,0.3287230320699709,NA,NA,NA,NA,-0.20291986247835694,0.699797968157019,0.898645105261295,0.014888622005580361,TRUE,1,0.7941176470588236,Anhui,0.9323150863286164,NA
all_years,wastewater effluent,sulfonamides,P. aeruginosa | Gentamicin,LivestockAquacultureIndex,6,2,13,7,1,2018,2022,-0.4857142857142857,0.3287230320699709,NA,NA,NA,NA,0.3188740696088466,0.5379005604702051,-0.8406680016960503,0.036057572845159334,TRUE,1,0.7941176470588236,Shandong,0.9323150863286164,NA
all_years,surface water,tetracyclines,E. coli | Cefuroxime,grp_per_capita_2024,15,2,42,17,1,2015,2024,0.4857142857142856,0.06642631232518965,0.3642857142857142,0.18191025904581395,1,0,-0.49642857142857144,0.059797413749923985,-0.3464285714285714,0.20589599209355103,TRUE,1,0.2895927601809958,Hunan,0.8667757141803278,0.8521945107646086
all_years,soil,phenicols,K. pneumoniae | Cefotetan,LivestockAquacultureIndex,10,3,22,13,1,2007,2016,0.4846990641204806,0.15566725143921836,0.2848484848484848,0.42503815489214547,0.17609777149412834,0.11860744297719157,-0.791470623690405,0.0063770841870565975,-0.5393939393939394,0.10759318778241472,TRUE,1,0.5738042386312486,Guangdong,0.9040897335352907,0.9479489788776115
all_years,soil,phenicols,K. pneumoniae | Levofloxacin,large_animals_year_end_2024,10,3,22,13,1,2007,2016,0.4846990641204806,0.15566725143921836,0.5636363636363636,0.08972402831709125,0.17609777149412834,0.11860744297719157,-0.754658036542014,0.011644872504617456,-0.3333333333333333,0.34659350708733433,TRUE,1,0.4675153102122711,Henan,0.9040897335352907,0.7507306204313801
all_years,soil,phenicols,P. aeruginosa | Aztreonam,grp_per_capita_2024,10,3,22,13,1,2007,2016,0.4846990641204806,0.15566725143921836,-0.054545454545454536,0.8810361811618528,0.17609777149412834,0.11860744297719157,0.7669288989248111,0.009638359377523338,0.6848484848484848,0.028882797506732782,TRUE,1,0.713697948731804,Guangdong,0.9040897335352907,0.9842154623604513
all_years,sludge,fluoroquinolones,K. pneumoniae | Cefotaxime,EconomicScaleIndex,16,3,149,31,2,2005,2017,0.48445773564832223,0.05720893032264829,0.19117647058823528,0.47816401281702814,0.06923543109736396,0.25696039035591295,0.4447838054515712,0.08430108728541173,0.8256072875316275,8.183684554804908e-5,TRUE,1,0.34652394065652337,Shanghai,0.8667757141803278,0.9606462350922552
all_years,wastewater influent,sulfonamides,A. baumannii | Amikacin,sewage_disposal_capacity_2024,9,3,30,9,1,2016,2024,0.48333333333333334,0.18746985521554207,0.7333333333333333,0.0245541500714697,0.8007374029168087,0,-0.21666666666666667,0.5755148957119254,0.6666666666666666,0.04986723056888514,FALSE,1,0.6748768472906405,Guangdong,0.9040897335352907,0.5536685420358437
all_years,wastewater influent,sulfonamides,A. baumannii | Ciprofloxacin,urban_share_2024,9,3,30,9,1,2016,2024,0.48333333333333334,0.18746985521554207,0.6,0.08762282904140234,0.8007374029168087,0,-0.26666666666666666,0.487922274838701,-0.5833333333333334,0.09918581647988328,TRUE,1,0.428571428571429,Anhui,0.9040897335352907,0.7507306204313801
all_years,wastewater influent,sulfonamides,E. coli | Levofloxacin,freshwater_aquatic_products_2024,9,3,30,9,1,2016,2024,0.48333333333333334,0.18746985521554207,0.25,0.5164895523012263,0.8007374029168087,0,-0.6333333333333333,0.06708578689234561,-0.7,0.035769574970261654,TRUE,1,0.4778325123152712,Heilongjiang,0.9040897335352907,0.9606462350922552
all_years,wastewater influent,sulfonamides,S. aureus | Erythromycin,freshwater_aquatic_products_2024,9,3,30,9,1,2016,2024,0.48333333333333334,0.18746985521554207,0.2833333333333333,0.46003032896571994,0.8007374029168087,0,-0.6333333333333333,0.06708578689234561,-0.6333333333333333,0.06708578689234561,TRUE,1,0.458128078817734,Guangdong,0.9040897335352907,0.9606462350922552
all_years,sludge,fluoroquinolones,K. pneumoniae | Cefoxitin,grp_per_capita_2024,16,3,149,31,2,2005,2017,0.4829762135209573,0.05808673575886021,0.1823529411764706,0.4990748572457999,0.06923543109736396,0.25696039035591295,0.4933468684125115,0.052146211631197946,0.6676470588235294,0.004711981947989975,TRUE,1,0.3283908484198794,Shanghai,0.8667757141803278,0.9606462350922552
all_years,soil,diaminopyrimidines,E. coli | Gentamicin,milk_output_2024,8,3,9,8,1,2008,2015,-0.48196269271187997,0.22651055579608517,-0.1904761904761905,0.6514014957024816,0.24103244438393973,0.07490909090909051,-0.5542570966186618,0.1539883457589951,0.7619047619047619,0.028004939153071826,TRUE,1,0.49544763745295856,Liaoning,0.9077420142945268,0.9729669155213013
all_years,soil,diaminopyrimidines,K. pneumoniae | Ciprofloxacin,grp_2024,8,3,9,8,1,2008,2015,-0.48196269271187997,0.22651055579608517,-0.5714285714285715,0.13895995716070633,0.24103244438393973,0.07490909090909051,-0.2771285483093309,0.5063754253085381,0.7380952380952381,0.03655276105286072,TRUE,1,0.5472307430931292,Beijing,0.9077420142945268,0.8234711270505317
all_years,wastewater influent,fluoroquinolones,S. aureus | Erythromycin,milk_output_2024,11,3,44,12,1,2016,2024,0.4818181818181818,0.13343383825682884,0.6363636363636364,0.03528698122006226,0.07495187103951058,0.3977272727272725,0.2909090909090909,0.38545696969136556,0.7636363636363637,0.006233059747904751,TRUE,1,0.2704402515723267,Guangdong,0.8907699548976915,0.5697942153713511
all_years,surface water,macrolides,E. coli | Imipenem,chemical_fertilizers_2024,14,3,42,16,1,2015,2023,-0.48131868131868133,0.08141829504280487,-0.03296703296703296,0.9109186530718454,0.006641885476426646,0.5788497217068641,-0.512087912087912,0.061198486156458405,0.7582417582417582,0.0016730034070264247,TRUE,1,0.27853881278538817,Guangdong,0.8667757141803278,0.9842154623604513
all_years,sludge,fluoroquinolones,P. aeruginosa | Aztreonam,grp_per_capita_2024,16,3,149,31,2,2005,2017,0.48001316926622756,0.059872065183671073,0.3382352941176471,0.2000655587786896,0.06923543109736396,0.25696039035591295,0.4933468684125115,0.052146211631197946,0.6558823529411765,0.005800736962231502,TRUE,1,0.1854247261432733,Heilongjiang,0.8667757141803278,0.8680942753677526
all_years,wastewater effluent,macrolides,K. pneumoniae | Cefotetan,large_animals_year_end_2024,10,3,27,10,1,2018,2024,-0.47878787878787876,0.16152292801745585,-0.41818181818181815,0.22911284098281884,0.09424870603515988,0.3890909090909095,0.4909090909090909,0.14965567342083677,-0.5393939393939394,0.10759318778241472,TRUE,1,0.6012658227848103,Guangdong,0.9040897335352907,0.8756506136724482
all_years,soil,fluoroquinolones,E. coli | Ampicillin,hospitals_count_2024,23,3,318,64,2,2006,2020,-0.47861570641598306,0.020868866204051602,-0.29150197628458496,0.1771570817691434,0.9845108143090242,0,-0.5305316663061466,0.00920503544877101,0.6106719367588933,0.0019683170776877874,TRUE,1,0.20201647609057521,Zhejiang,0.8667757141803278,0.8521945107646086
all_years,surface water,fluoroquinolones,A. baumannii | Amikacin,chemical_fertilizers_2024,15,3,77,21,1,2015,2024,-0.4785714285714285,0.07113080825563328,-0.5928571428571427,0.019846421970181112,0.27743910513984715,0.014965986394557854,0.4107142857142857,0.1283286460157489,0.3107142857142857,0.2596673973372179,FALSE,1,0.2514351320321468,Hubei,0.8667757141803278,0.5217687382956994
all_years,surface water,fluoroquinolones,E. coli | Cefoxitin,chemical_fertilizers_2024,15,3,77,21,1,2015,2024,0.4785714285714285,0.07113080825563328,0.3499999999999999,0.20094535081629372,0.27743910513984715,0.014965986394557854,0.4107142857142857,0.1283286460157489,0.675,0.00576349921805083,TRUE,1,0.28128587830080376,Jiangxi,0.8667757141803278,0.8680942753677526
all_years,sludge,fluoroquinolones,K. pneumoniae | Gentamicin,sewage_disposal_capacity_2024,16,3,149,31,2,2005,2017,0.47853164713886265,0.060779712705402146,0.21470588235294114,0.42455923362010295,0.06923543109736396,0.25696039035591295,0.41334467353480697,0.11152120896786284,0.7705882352941177,4.768223953633258e-4,TRUE,1,0.34072884391603925,Shanghai,0.8667757141803278,0.9479489788776115
all_years,sludge,fluoroquinolones,P. aeruginosa | Polymyxin B,urban_share_2024,16,3,149,31,2,2005,2017,0.47853164713886265,0.060779712705402146,0.7117647058823529,0.0019840432477699634,0.06923543109736396,0.25696039035591295,0.39408488587906326,0.13094775073762935,0.3235294117647059,0.22157412500124293,TRUE,1,0.4195651446127384,Heilongjiang,0.8667757141803278,0.3456898164180563
all_years,sludge,fluoroquinolones,K. pneumoniae | Ceftriaxone,sewage_disposal_capacity_2024,16,3,149,31,2,2005,2017,0.4770501250114977,0.061697430838495125,0.2852941176470588,0.28413874015956303,0.06923543109736396,0.25696039035591295,0.41334467353480697,0.11152120896786284,0.8117647058823529,1.3432237477471032e-4,TRUE,1,0.3448925980896917,Shanghai,0.8667757141803278,0.8969656318280155
all_years,surface water,macrolides,E. coli | Ceftazidime,chemical_fertilizers_2024,14,3,42,16,1,2015,2023,-0.47692307692307695,0.08464843419468661,-0.2835164835164835,0.3259659474417733,0.006641885476426646,0.5788497217068641,-0.512087912087912,0.061198486156458405,0.6263736263736264,0.016541935428871186,TRUE,1,0.2741935483870968,Guangdong,0.8667757141803278,0.921151822516418
all_years,surface water,macrolides,K. pneumoniae | Tobramycin,chemical_fertilizers_2024,14,3,42,16,1,2015,2023,-0.47692307692307695,0.08464843419468661,-0.2,0.49300373504000006,0.006641885476426646,0.5788497217068641,-0.512087912087912,0.061198486156458405,0.7406593406593407,0.0024451976404460214,TRUE,1,0.23963133640553003,Henan,0.8667757141803278,0.9606462350922552
all_years,sludge,fluoroquinolones,K. pneumoniae | Nitrofurantoin,sewage_disposal_capacity_2024,16,3,149,31,2,2005,2017,0.47408708075676786,0.06356332408087917,0.23235294117647057,0.38651134990798497,0.06923543109736396,0.25696039035591295,0.41334467353480697,0.11152120896786284,0.8323529411764706,6.328124573232565e-5,TRUE,1,0.3457378518175413,Shanghai,0.8667757141803278,0.9431377276071866
all_years,sludge,fluoroquinolones,P. aeruginosa | Meropenem,grp_per_capita_2024,16,3,149,31,2,2005,2017,0.47408708075676786,0.06356332408087917,0.32352941176470584,0.22157412500124293,0.06923543109736396,0.25696039035591295,0.4933468684125115,0.052146211631197946,0.7029411764705882,0.002386952669300937,TRUE,1,0.2776949267256433,Shanghai,0.8667757141803278,0.8756506136724482
all_years,wastewater influent,fluoroquinolones,E. coli | Cefotaxime,milk_output_2024,11,3,44,12,1,2016,2024,0.4727272727272727,0.14199852020632006,0.7272727272727273,0.011204967253592057,0.07495187103951058,0.3977272727272725,0.2909090909090909,0.38545696969136556,0.5454545454545454,0.08265095734417509,TRUE,1,0.3974358974358973,Hebei,0.9027002041668268,0.4153533287640718
all_years,wastewater influent,fluoroquinolones,S. aureus | Cefoxitin,freshwater_aquatic_products_2024,11,3,44,12,1,2016,2024,-0.4727272727272727,0.14199852020632006,-0.16363636363636364,0.6306852146425359,0.07495187103951058,0.3977272727272725,-0.39090909090909093,0.2345400670951944,0.6909090909090909,0.01856503338159502,TRUE,1,0.3205128205128204,Guangdong,0.9027002041668268,0.9643538787526716
all_years,surface water,macrolides,A. baumannii | Imipenem,chemical_fertilizers_2024,14,3,42,16,1,2015,2023,-0.47252747252747257,0.087967424612542,-0.3098901098901099,0.2809332808692584,0.006641885476426646,0.5788497217068641,-0.512087912087912,0.061198486156458405,0.6747252747252748,0.008117706397553236,TRUE,1,0.2558139534883722,Henan,0.8667757141803278,0.8969656318280155
all_years,surface water,macrolides,K. pneumoniae | Amikacin,chemical_fertilizers_2024,14,3,42,16,1,2015,2023,-0.47252747252747257,0.087967424612542,-0.23516483516483513,0.4183338961985912,0.006641885476426646,0.5788497217068641,-0.512087912087912,0.061198486156458405,0.7450549450549451,0.002230037316742069,TRUE,1,0.24418604651162795,Henan,0.8667757141803278,0.9479489788776115
all_years,surface water,macrolides,K. pneumoniae | Gentamicin,chemical_fertilizers_2024,14,3,42,16,1,2015,2023,-0.47252747252747257,0.087967424612542,-0.22637362637362637,0.43643479455605194,0.006641885476426646,0.5788497217068641,-0.512087912087912,0.061198486156458405,0.8065934065934066,4.911128961691054e-4,TRUE,1,0.38372093023255804,Guangdong,0.8667757141803278,0.9507920383745695
all_years,surface water,macrolides,K. pneumoniae | Imipenem,pork_output_2024,14,3,42,16,1,2015,2023,-0.47252747252747257,0.087967424612542,-0.2,0.49300373504000006,0.006641885476426646,0.5788497217068641,-0.3978021978021978,0.15895077451083486,0.8065934065934066,4.911128961691054e-4,TRUE,1,0.2558139534883722,Henan,0.8667757141803278,0.9606462350922552
all_years,soil,phenicols,K. pneumoniae | Amikacin,LivestockAquacultureIndex,10,3,22,13,1,2007,2016,0.4724282017376836,0.1679685554116793,0.6,0.066688,0.17609777149412834,0.11860744297719157,-0.791470623690405,0.0063770841870565975,-0.24848484848484848,0.4887763045192429,TRUE,1,0.6473391877967237,Henan,0.9040897335352907,0.7507306204313801
all_years,soil,phenicols,K. pneumoniae | Cefuroxime,urban_share_2024,10,3,22,13,1,2007,2016,0.4724282017376836,0.1679685554116793,0.5515151515151514,0.09840117666963506,0.17609777149412834,0.11860744297719157,0.8160123484559989,0.0039891443952871615,0.3333333333333333,0.34659350708733433,TRUE,1,0.35412709167860434,Shanghai,0.9040897335352907,0.7674546268315644
all_years,surface water,fluoroquinolones,K. pneumoniae | Nitrofurantoin,hospitals_count_2024,15,3,77,21,1,2015,2024,0.47142857142857136,0.07607042915033124,0.5535714285714285,0.03228710377012356,0.27743910513984715,0.014965986394557854,0.4035714285714286,0.13576799650365637,0.75,0.0012808984509355334,TRUE,1,0.17016317016317017,Shaanxi,0.8667757141803278,0.5697942153713511
all_years,soil,fluoroquinolones,E. coli | Trimethoprim/Sulfamethoxazole,grp_per_capita_2024,23,3,318,64,2,2006,2020,-0.4711991407173883,0.023233080683342795,-0.26482213438735175,0.2220234550460932,0.9845108143090242,0,0.41433880369482834,0.04933753133495683,-0.791501976284585,6.853329489533131e-6,TRUE,1,0.23892615313436225,Zhejiang,0.8667757141803278,0.8756506136724482
all_years,soil,diaminopyrimidines,K. pneumoniae | Gentamicin,grp_2024,8,3,9,8,1,2008,2015,-0.46991362539408293,0.24002662706354724,-0.4523809523809525,0.2604047674368849,0.24103244438393973,0.07490909090909051,-0.2771285483093309,0.5063754253085381,0.5952380952380952,0.11952980613879259,TRUE,1,0.5743195020533693,Beijing,0.9077420142945268,0.8871017830455327
all_years,sludge,tetracyclines,A. baumannii | Tobramycin,sewage_disposal_capacity_2024,14,3,77,19,2,2004,2020,-0.46894673614346943,0.09073756586149015,-0.4681318681318681,0.0913763650683315,0.30098512187415105,0.03648989898989916,0.1098021626092026,0.7086491974533016,0.46373626373626375,0.09487633150889964,FALSE,1,0.4824555368052869,Qinghai,0.867753720384824,0.7508889348012985
all_years,sediment,other,E. coli | Cefepime,WastewaterHealthIndex,7,2,19,10,1,2008,2018,-0.46848748060169054,0.2889967715971478,NA,NA,0.3724558699813696,0,-0.4,0.37393392381774704,0.0900937462695559,0.8476720796198264,TRUE,1,0.8905826140257582,Shandong,0.9084965716610526,NA
all_years,sediment,phenicols,S. aureus | Trimethoprim/Sulfamethoxazole,grp_per_capita_2024,14,3,58,25,1,2006,2020,0.4681318681318681,0.09137636506833126,0.5032967032967033,0.06656042759911306,0.20022103787458767,0.11060606060606078,-0.6263736263736264,0.016541935428871186,-0.5648351648351648,0.03533018486755273,TRUE,1,0.43192488262910805,Guangdong,0.867753720384824,0.7507306204313801
all_years,sediment,phenicols,K. pneumoniae | Cefuroxime,grp_per_capita_2024,14,3,58,25,1,2006,2020,-0.4681318681318681,0.0913763650683315,-0.5868131868131868,0.027384375531087794,0.20022103787458767,0.11060606060606078,-0.6263736263736264,0.016541935428871186,0.5076923076923077,0.06383915813376853,TRUE,1,0.31455399061032885,Guangdong,0.867753720384824,0.5536685420358437
all_years,sediment,phenicols,P. aeruginosa | Amikacin,grp_per_capita_2024,14,3,58,25,1,2006,2020,-0.4681318681318681,0.0913763650683315,-0.512087912087912,0.061198486156458405,0.20022103787458767,0.11060606060606078,-0.6263736263736264,0.016541935428871186,0.26153846153846155,0.3664111370667421,TRUE,1,0.17370892018779366,Fujian,0.867753720384824,0.7285840825574154
all_years,surface water,macrolides,P. aeruginosa | Ciprofloxacin,chemical_fertilizers_2024,14,3,42,16,1,2015,2023,-0.4681318681318681,0.0913763650683315,-0.1032967032967033,0.7252822110889449,0.006641885476426646,0.5788497217068641,-0.512087912087912,0.061198486156458405,0.810989010989011,4.322100649076809e-4,TRUE,1,0.27230046948356795,Anhui,0.867753720384824,0.9729669155213013
all_years,sediment,diaminopyrimidines,S. aureus | Clindamycin,freshwater_aquatic_products_2024,18,3,122,45,2,2008,2020,0.4674922600619195,0.050437519451044334,0.521155830753354,0.02656569710386475,0.01039862314664235,0.47547758284600455,-0.21362229102167182,0.3946884572555506,-0.39525283797729616,0.10449665262201602,TRUE,1,0.23730684326710824,Shandong,0.8667757141803278,0.5536685420358437
all_years,wastewater effluent,fluoroquinolones,S. aureus | Clindamycin,freshwater_aquatic_products_2024,13,3,34,15,1,2016,2024,0.46703296703296704,0.10760914039913917,0.6758241758241759,0.011225245577668611,0.28932970799328467,0.04803767660910481,-0.6978021978021978,0.00800071741122648,-0.35714285714285715,0.23092986230203383,TRUE,1,0.5721925133689841,Hainan,0.8797847845183826,0.4153533287640718
all_years,sludge,fluoroquinolones,K. pneumoniae | Aztreonam,sewage_disposal_capacity_2024,16,3,149,31,2,2005,2017,0.46667947011994343,0.06840856264864184,0.1823529411764706,0.4990748572457999,0.06923543109736396,0.25696039035591295,0.41334467353480697,0.11152120896786284,0.7794117647058824,3.7168023647875557e-4,TRUE,1,0.34405777959304984,Shanghai,0.8667757141803278,0.9606462350922552
all_years,wastewater influent,sulfonamides,E. coli | Cefotaxime,freshwater_aquatic_products_2024,9,3,30,9,1,2016,2024,0.4666666666666667,0.2053863511058118,0.31666666666666665,0.4063970144863861,0.8007374029168087,0,-0.6333333333333333,0.06708578689234561,-0.5833333333333334,0.09918581647988328,TRUE,1,0.5306122448979594,Shanxi,0.9077420142945268,0.9479489788776115
all_years,wastewater influent,sulfonamides,E. coli | Cefuroxime,freshwater_aquatic_products_2024,9,3,30,9,1,2016,2024,0.4666666666666667,0.2053863511058118,0.31666666666666665,0.4063970144863861,0.8007374029168087,0,-0.6333333333333333,0.06708578689234561,-0.5833333333333334,0.09918581647988328,TRUE,1,0.5306122448979594,Shanxi,0.9077420142945268,0.9479489788776115
all_years,wastewater influent,sulfonamides,E. coli | Ciprofloxacin,freshwater_aquatic_products_2024,9,3,30,9,1,2016,2024,0.4666666666666667,0.2053863511058118,0.21666666666666667,0.5755148957119259,0.8007374029168087,0,-0.6333333333333333,0.06708578689234561,-0.7,0.035769574970261654,TRUE,1,0.48979591836734687,Guangdong,0.9077420142945268,0.9606462350922552
all_years,wastewater effluent,macrolides,E. coli | Ertapenem,population_2024,10,3,27,10,1,2018,2024,-0.4666666666666666,0.17393859716506646,-0.8181818181818181,0.003814920082550725,0.09424870603515988,0.3890909090909095,-0.41818181818181815,0.22911284098281884,0.4909090909090909,0.14965567342083677,TRUE,1,0.42857142857142866,Shandong,0.9040897335352907,0.3707855110571458
all_years,wastewater effluent,macrolides,K. pneumoniae | Amikacin,milk_output_2024,10,3,27,10,1,2018,2024,-0.4666666666666666,0.17393859716506646,-0.1515151515151515,0.6760651759978541,0.09424870603515988,0.3890909090909095,0.47878787878787876,0.16152292801745585,-0.6848484848484848,0.02888279750673284,TRUE,1,0.3214285714285714,Heilongjiang,0.9040897335352907,0.9729669155213013
all_years,wastewater effluent,macrolides,K. pneumoniae | Levofloxacin,freshwater_aquatic_products_2024,10,3,27,10,1,2018,2024,-0.4666666666666666,0.17393859716506646,-0.2121212121212121,0.5563057751029297,0.09424870603515988,0.3890909090909095,-0.4909090909090909,0.14965567342083683,0.7696969696969697,0.009221952722216011,TRUE,1,0.42857142857142866,Zhejiang,0.9040897335352907,0.9606462350922552
all_years,wastewater effluent,macrolides,P. aeruginosa | Imipenem,large_animals_year_end_2024,10,3,27,10,1,2018,2024,-0.4666666666666666,0.17393859716506646,-0.29696969696969694,0.4047016712701569,0.09424870603515988,0.3890909090909095,0.4909090909090909,0.14965567342083677,-0.7454545454545455,0.013330146315440047,TRUE,1,0.3571428571428571,Heilongjiang,0.9040897335352907,0.9479489788776115
all_years,wastewater effluent,macrolides,S. aureus | Oxacillin,large_animals_year_end_2024,10,3,27,10,1,2018,2024,-0.4666666666666666,0.17393859716506646,-0.10303030303030301,0.7769984634438898,0.09424870603515988,0.3890909090909095,0.4909090909090909,0.14965567342083677,-0.806060606060606,0.004862061101964583,TRUE,1,0.3214285714285716,Jiangsu,0.9040897335352907,0.9760848906711721
all_years,sediment,sulfonamides,A. baumannii | Minocycline,grp_2024,24,3,1061,135,2,2008,2025,-0.4648836813528643,0.022085609105480093,-0.5382608695652173,0.006661450969899958,0.0015521231748156271,0.520774428109915,-0.23961731377495624,0.2594293755011346,0.4617391304347826,0.02312405927019514,TRUE,1,0.26608908416186783,Hainan,0.8667757141803278,0.4153533287640718
all_years,sediment,beta-lactams,E. coli | Cefoxitin,LivestockAquacultureIndex,7,3,34,15,1,2012,2018,0.46428571428571414,0.2939341076002518,NA,NA,0.8983973213480706,0,-0.14285714285714285,0.7599453002180931,-0.6071428571428571,0.1482311614811614,TRUE,1,0.6923076923076922,Hubei,0.9084965716610526,NA
all_years,sediment,beta-lactams,P. aeruginosa | Piperacillin,LivestockAquacultureIndex,7,3,34,15,1,2012,2018,0.46428571428571414,0.2939341076002518,NA,NA,0.8983973213480706,0,-0.14285714285714285,0.7599453002180931,-0.2857142857142857,0.5345092286010411,TRUE,1,0.4461538461538459,Shaanxi,0.9084965716610526,NA
all_years,surface water,diaminopyrimidines,P. aeruginosa | Piperacillin,LivestockAquacultureIndex,7,2,9,8,1,2018,2024,0.46428571428571414,0.2939341076002518,NA,NA,NA,NA,-0.5714285714285714,0.18020198891152778,-0.17857142857142858,0.7016579425162729,TRUE,1,0.6923076923076922,Tibet,0.9084965716610526,NA
all_years,sediment,beta-lactams,A. baumannii | Ciprofloxacin,WastewaterHealthIndex,7,3,34,15,1,2012,2018,-0.46428571428571414,0.29393410760025207,NA,NA,0.8983973213480706,0,0.14547859349066158,0.7556330131047917,0.38188130791298663,0.39791732527399254,FALSE,1,0.6923076923076922,Hubei,0.9084965716610526,NA
all_years,sediment,beta-lactams,A. baumannii | Imipenem,WastewaterHealthIndex,7,3,34,15,1,2012,2018,-0.46428571428571414,0.29393410760025207,NA,NA,0.8983973213480706,0,0.14547859349066158,0.7556330131047917,0.38188130791298663,0.39791732527399254,FALSE,1,0.6923076923076922,Hubei,0.9084965716610526,NA
all_years,sediment,beta-lactams,K. pneumoniae | Levofloxacin,EconomicScaleIndex,7,3,34,15,1,2012,2018,-0.46428571428571414,0.29393410760025207,NA,NA,0.8983973213480706,0,-0.14285714285714285,0.7599453002180931,0.7142857142857143,0.07134356146753773,TRUE,1,0.6615384615384622,Guizhou,0.9084965716610526,NA
all_years,surface water,diaminopyrimidines,A. baumannii | Tigecycline,LivestockAquacultureIndex,7,2,9,8,1,2018,2024,-0.46428571428571414,0.29393410760025207,NA,NA,NA,NA,-0.5714285714285714,0.18020198891152778,0.6785714285714286,0.09375025395983154,TRUE,1,0.6923076923076922,Tibet,0.9084965716610526,NA
all_years,surface water,diaminopyrimidines,K. pneumoniae | Cefoxitin,LivestockAquacultureIndex,7,2,9,8,1,2018,2024,-0.46428571428571414,0.29393410760025207,NA,NA,NA,NA,-0.5714285714285714,0.18020198891152778,0.6785714285714286,0.09375025395983154,TRUE,1,0.6923076923076922,Tibet,0.9084965716610526,NA
all_years,surface water,diaminopyrimidines,K. pneumoniae | Gentamicin,LivestockAquacultureIndex,7,2,9,8,1,2018,2024,-0.46428571428571414,0.29393410760025207,NA,NA,NA,NA,-0.5714285714285714,0.18020198891152778,0.6785714285714286,0.09375025395983154,TRUE,1,0.6923076923076922,Tibet,0.9084965716610526,NA
all_years,surface water,diaminopyrimidines,K. pneumoniae | Levofloxacin,LivestockAquacultureIndex,7,2,9,8,1,2018,2024,-0.46428571428571414,0.29393410760025207,NA,NA,NA,NA,-0.5714285714285714,0.18020198891152778,0.6785714285714286,0.09375025395983154,TRUE,1,0.6923076923076922,Tibet,0.9084965716610526,NA
all_years,sediment,phenicols,K. pneumoniae | Nitrofurantoin,grp_per_capita_2024,14,3,58,25,1,2006,2020,-0.4637362637362637,0.09487633150889989,-0.20439560439560442,0.48334622304222363,0.20022103787458767,0.11060606060606078,-0.6263736263736264,0.016541935428871186,0.4901098901098901,0.07522006672685844,TRUE,1,0.32701421800947883,Hubei,0.8797847845183826,0.9606462350922552
all_years,wastewater influent,fluoroquinolones,E. coli | Levofloxacin,freshwater_aquatic_products_2024,11,3,44,12,1,2016,2024,0.4636363636363636,0.15090149929248606,0.7272727272727273,0.011204967253592057,0.07495187103951058,0.3977272727272725,-0.39090909090909093,0.2345400670951944,-0.5818181818181818,0.06041989621564824,TRUE,1,0.2549019607843138,Heilongjiang,0.9040897335352907,0.4153533287640718
all_years,surface water,sulfonamides,K. pneumoniae | Polymyxin B,chemical_fertilizers_2024,13,3,49,15,1,2013,2024,0.46153846153846156,0.11237597055825145,0.23076923076923078,0.4481273823153654,0.07898257926378309,0.18961038961038862,-0.2692307692307692,0.37373304228189186,-0.6758241758241759,0.011225245577668611,TRUE,1,0.3333333333333333,Guangxi,0.8797847845183826,0.9535880891790752
all_years,wastewater effluent,fluoroquinolones,S. aureus | Rifampicin,population_2024,13,3,34,15,1,2016,2024,0.46153846153846156,0.11237597055825145,0.4395604395604396,0.13286024415692976,0.28932970799328467,0.04803767660910481,-0.6043956043956044,0.02867270567140693,-0.6208791208791209,0.02353816709643303,TRUE,1,0.3181818181818181,Zhejiang,0.8797847845183826,0.8234711270505317
all_years,soil,phenicols,K. pneumoniae | Cefazolin,urban_share_2024,10,3,22,13,1,2007,2016,0.4601573393548866,0.18083317091172604,0.6727272727272726,0.03304122254543776,0.17609777149412834,0.11860744297719157,0.8160123484559989,0.0039891443952871615,0.2606060606060606,0.4670890543863403,TRUE,1,0.49122575365570087,Henan,0.9040897335352907,0.5697942153713511
all_years,soil,phenicols,K. pneumoniae | Cefoxitin,grp_per_capita_2024,10,3,22,13,1,2007,2016,0.4601573393548866,0.18083317091172604,0.5636363636363636,0.08972402831709125,0.17609777149412834,0.11860744297719157,0.7669288989248111,0.009638359377523338,0.296969696969697,0.4047016712701569,TRUE,1,0.447419845102806,Shanghai,0.9040897335352907,0.7507306204313801
all_years,sediment,diaminopyrimidines,S. aureus | Gentamicin,urban_share_2024,18,3,122,45,2,2008,2020,0.45923632610939114,0.0552156619872672,0.5562435500515996,0.016518403054404864,0.01039862314664235,0.47547758284600455,0.28586171310629516,0.2501695935454805,0.5830753353973168,0.01109244361954168,TRUE,1,0.19943820224719097,Zhejiang,0.8667757141803278,0.4736437713937547
all_years,soil,diaminopyrimidines,P. aeruginosa | Levofloxacin,milk_output_2024,8,3,9,8,1,2008,2015,-0.45786455807628595,0.2539413413452635,-0.33333333333333337,0.419753086419753,0.24103244438393973,0.07490909090909051,-0.5542570966186618,0.1539883457589951,0.5952380952380952,0.11952980613879259,TRUE,1,0.5741554078452196,Liaoning,0.9077420142945268,0.9479489788776115
all_years,soil,macrolides,E. coli | Nitrofurantoin,milk_output_2024,20,3,104,34,2,2006,2020,-0.45671811938944673,0.04293629294248405,-0.4857142857142857,0.029920782525592438,0.3132637601270729,0.018907030492805205,0.43554575623894254,0.054921130935576906,0.20601503759398496,0.3835325530925866,FALSE,1,0.28127887485238284,Liaoning,0.8667757141803278,0.5640067506074175
all_years,soil,sulfonamides,A. baumannii | Imipenem,EconomicScaleIndex,20,3,313,56,2,2006,2019,0.45667034560688197,0.042960842230268116,0.22706766917293233,0.3356744310134179,0.22138678024989444,0.059746349446122726,0.5737461236962149,0.008166765310944247,0.3168989599972711,0.1734007332586593,TRUE,1,0.2325887793933246,Henan,0.8667757141803278,0.9259701987223795
all_years,sludge,macrolides,S. aureus | Gentamicin,hogs_year_end_2024,14,3,77,25,1,2005,2017,-0.4560964350046578,0.10117918566396843,-0.47692307692307695,0.08464843419468661,0.8556343441410651,0,0.6118366811038092,0.020054411609237308,-0.42417582417582417,0.13063731043811047,TRUE,1,0.3027153108539531,Beijing,0.8797847845183826,0.7507306204313801
all_years,sludge,tetracyclines,A. baumannii | Imipenem,sewage_pipe_length_2024,14,3,77,19,2,2004,2020,-0.4552214658173191,0.10191902910403237,-0.5076923076923077,0.06383915813376853,0.30098512187415105,0.03648989898989916,0.26764277135993136,0.3549157774316807,0.4197802197802198,0.13510107382914258,FALSE,1,0.47748918659823397,Qinghai,0.8797847845183826,0.740534234351715
all_years,sediment,phenicols,E. coli | Imipenem,sewage_disposal_capacity_2024,14,3,58,25,1,2006,2020,-0.45494505494505494,0.10215352669182921,-0.38461538461538464,0.1745087507750957,0.20022103787458767,0.11060606060606078,-0.42417582417582417,0.13063731043811047,0.6747252747252748,0.008117706397553236,TRUE,1,0.35265700483091794,Guangxi,0.8797847845183826,0.8507301600285916
all_years,sediment,phenicols,K. pneumoniae | Aztreonam,grp_per_capita_2024,14,3,58,25,1,2006,2020,-0.45494505494505494,0.10215352669182921,-0.34065934065934067,0.23331605103682326,0.20022103787458767,0.11060606060606078,-0.6263736263736264,0.016541935428871186,0.4989010989010989,0.06936352739715487,TRUE,1,0.5458937198067632,Guangdong,0.8797847845183826,0.8756506136724482
all_years,surface water,macrolides,K. pneumoniae | Ceftazidime,freshwater_aquatic_products_2024,14,3,42,16,1,2015,2023,-0.45494505494505494,0.10215352669182921,-0.2,0.49300373504000006,0.006641885476426646,0.5788497217068641,-0.4153846153846154,0.1396659475175257,0.7406593406593407,0.0024451976404460214,TRUE,1,0.32850241545893716,Guangdong,0.8797847845183826,0.9606462350922552
all_years,wastewater effluent,macrolides,K. pneumoniae | Trimethoprim/Sulfamethoxazole,freshwater_aquatic_products_2024,10,3,27,10,1,2018,2024,-0.45454545454545453,0.18690481034933193,-0.6242424242424242,0.05371776721716757,0.09424870603515988,0.3890909090909095,-0.4909090909090909,0.14965567342083683,0.6242424242424243,0.05371776721716743,TRUE,1,0.65,Zhejiang,0.9040897335352907,0.7068421453427418
all_years,surface water,fluoroquinolones,P. aeruginosa | Cefepime,hospitals_count_2024,15,3,77,21,1,2015,2024,0.45357142857142846,0.08948590014302728,0.3499999999999999,0.20094535081629372,0.27743910513984715,0.014965986394557854,0.4035714285714286,0.13576799650365637,0.5928571428571429,0.019846421970181112,TRUE,1,0.22955784373107194,Hebei,0.8667757141803278,0.8680942753677526
all_years,surface water,fluoroquinolones,P. aeruginosa | Meropenem,hospitals_count_2024,15,3,77,21,1,2015,2024,0.45357142857142846,0.08948590014302728,0.4785714285714285,0.07113080825563328,0.27743910513984715,0.014965986394557854,0.4035714285714286,0.13576799650365637,0.5464285714285714,0.035066660216709865,TRUE,1,0.1871592973955181,Sichuan,0.8667757141803278,0.7507306204313801
all_years,surface water,tetracyclines,E. coli | Aztreonam,chemical_fertilizers_2024,15,2,42,17,1,2015,2024,0.45357142857142846,0.08948590014302728,0.23928571428571424,0.39037931192023567,1,0,0.19285714285714287,0.49104870160522307,0.575,0.024936227942582555,TRUE,1,0.27801332525741956,Henan,0.8667757141803278,0.9479489788776115
all_years,soil,sulfonamides,A. baumannii | Ciprofloxacin,EconomicScaleIndex,20,3,313,56,2,2006,2019,0.452902438464911,0.04493139831762079,0.23759398496240602,0.31313056374426707,0.22138678024989444,0.059746349446122726,0.5737461236962149,0.008166765310944247,0.24313150612617232,0.30164634765516385,TRUE,1,0.2331335487685763,Henan,0.8667757141803278,0.9151180041208424
all_years,sediment,lincosamides,A. baumannii | Tigecycline,chemical_fertilizers_2024,13,3,26,22,1,2010,2018,-0.4511696152621982,0.12175488699699001,-0.6263736263736264,0.021988602409889625,0.2592759711301179,0.06997245179063301,-0.23933997882811733,0.4309595500618638,0.7032967032967034,0.007318569842104322,TRUE,1,0.2887325499145683,Guangxi,0.8829300519306434,0.5291299856507482
all_years,sediment,lincosamides,E. coli | Imipenem,milk_output_2024,13,3,26,22,1,2010,2018,0.4511696152621982,0.12175488699699001,0.4450549450549451,0.12752383613843682,0.2592759711301179,0.06997245179063301,0.13204964349137507,0.6671737125899861,0.5659340659340659,0.04379259223545473,TRUE,1,0.2547088867963942,Guizhou,0.8829300519306434,0.818563978423839
all_years,surface water,macrolides,A. baumannii | Ciprofloxacin,chemical_fertilizers_2024,14,3,42,16,1,2015,2023,-0.45054945054945056,0.10593278527264058,-0.3098901098901099,0.2809332808692584,0.006641885476426646,0.5788497217068641,-0.512087912087912,0.061198486156458405,0.6395604395604395,0.013779616833463801,TRUE,1,0.28048780487804875,Henan,0.8797847845183826,0.8969656318280155
all_years,surface water,sulfonamides,E. coli | Ceftriaxone,total_aquatic_products_2024,14,3,49,15,1,2013,2024,0.45054945054945056,0.10593278527264058,0.5208791208791208,0.056153927343702656,0.07898257926378309,0.18961038961038862,-0.3098901098901099,0.2809332808692584,-0.4945054945054945,0.07224967403413257,TRUE,1,0.3780487804878049,Guangdong,0.8797847845183826,0.7095844995310587
all_years,surface water,sulfonamides,E. coli | Chloramphenicol,LivestockAquacultureIndex,14,3,49,15,1,2013,2024,-0.45054945054945056,0.10593278527264058,-0.23516483516483513,0.4183338961985912,0.07898257926378309,0.18961038961038862,-0.4862489191020163,0.07789960750661203,0.3278329816570155,0.2525179894868294,TRUE,1,0.3780487804878049,Guangdong,0.8797847845183826,0.9479489788776115
all_years,wastewater influent,sulfonamides,E. coli | Polymyxin B,freshwater_aquatic_products_2024,9,3,30,9,1,2016,2024,-0.45,0.22421610749233684,-0.5666666666666667,0.11163298761149111,0.8007374029168087,0,-0.6333333333333333,0.06708578689234561,0.2,0.6059012741795533,TRUE,1,0.9576719576719578,Shanxi,0.9077420142945268,0.8067534120677089
all_years,wastewater influent,sulfonamides,A. baumannii | Ceftazidime,urban_share_2024,9,3,30,9,1,2016,2024,0.45,0.2242161074923369,0.6,0.08762282904140234,0.8007374029168087,0,-0.26666666666666666,0.487922274838701,-0.5333333333333333,0.13922686754397803,TRUE,1,0.4285714285714289,Anhui,0.9077420142945268,0.7507306204313801
all_years,wastewater influent,sulfonamides,E. coli | Ceftriaxone,freshwater_aquatic_products_2024,9,3,30,9,1,2016,2024,0.45,0.2242161074923369,0.43333333333333335,0.2439524358800516,0.8007374029168087,0,-0.6333333333333333,0.06708578689234561,-0.5166666666666667,0.15439012098622512,TRUE,1,0.5343915343915349,Shanxi,0.9077420142945268,0.8785296752720978
all_years,wastewater influent,sulfonamides,P. aeruginosa | Ciprofloxacin,freshwater_aquatic_products_2024,9,3,30,9,1,2016,2024,0.45,0.2242161074923369,0.4,0.28610510190831273,0.8007374029168087,0,-0.6333333333333333,0.06708578689234561,-0.31666666666666665,0.4063970144863861,TRUE,1,0.4285714285714289,Anhui,0.9077420142945268,0.8969656318280155
all_years,wastewater influent,sulfonamides,P. aeruginosa | Gentamicin,freshwater_aquatic_products_2024,9,3,30,9,1,2016,2024,0.45,0.2242161074923369,0.5,0.17047066078705375,0.8007374029168087,0,-0.6333333333333333,0.06708578689234561,-0.38333333333333336,0.3084952723803716,TRUE,1,0.3756613756613759,Shandong,0.9077420142945268,0.8474827136270673
all_years,sludge,macrolides,E. coli | Ciprofloxacin,milk_output_2024,14,3,77,25,1,2005,2017,-0.44942185302897986,0.10691755864722943,-0.4637362637362637,0.09487633150889989,0.8556343441410651,0,-0.34262854141813315,0.23045006637631998,0.7758241758241758,0.001108478667778739,TRUE,1,0.31098171350016074,Guangdong,0.8797847845183826,0.7556699361729984
all_years,sludge,fluoroquinolones,K. pneumoniae | Levofloxacin,sewage_disposal_capacity_2024,16,3,149,31,2,2005,2017,0.4474196824641997,0.08225955430566029,0.1676470588235294,0.5348568245819434,0.06923543109736396,0.25696039035591295,0.41334467353480697,0.11152120896786284,0.8058823529411765,1.6384666473672645e-4,TRUE,1,0.36185986938898435,Shanghai,0.8667757141803278,0.9606462350922552
all_years,soil,diaminopyrimidines,K. pneumoniae | Cefoxitin,milk_output_2024,8,3,9,8,1,2008,2015,-0.4458154907584889,0.26825005020123766,-0.6190476190476192,0.10173303745426454,0.24103244438393973,0.07490909090909051,-0.5542570966186618,0.1539883457589951,0.2857142857142857,0.49272624501695705,TRUE,1,0.8187876671725172,Hubei,0.9077420142945268,0.7738974610579332
all_years,soil,diaminopyrimidines,K. pneumoniae | Ertapenem,milk_output_2024,8,3,9,8,1,2008,2015,-0.4458154907584889,0.26825005020123766,-0.42857142857142866,0.2894032248467901,0.24103244438393973,0.07490909090909051,-0.5542570966186618,0.1539883457589951,0.6428571428571429,0.08555889101267312,TRUE,1,0.6328897916971317,Beijing,0.9077420142945268,0.8969656318280155
all_years,wastewater influent,fluoroquinolones,S. aureus | Amikacin,total_aquatic_products_2024,11,3,44,12,1,2016,2024,0.4454545454545455,0.16973260492681175,0.6545454545454545,0.02886459895700191,0.07495187103951058,0.3977272727272725,-0.37272727272727274,0.2589258736842223,-0.2909090909090909,0.385456969691365,TRUE,1,0.41496598639455795,Beijing,0.9040897335352907,0.5536685420358437
all_years,wastewater influent,fluoroquinolones,S. aureus | Ciprofloxacin,urban_share_2024,11,3,44,12,1,2016,2024,0.4454545454545455,0.16973260492681175,0.3727272727272727,0.25892587368422226,0.07495187103951058,0.3977272727272725,0.2727272727272727,0.41714143714253127,0.7636363636363637,0.006233059747904751,TRUE,1,0.3741496598639451,Zhejiang,0.9040897335352907,0.8871017830455327
all_years,wastewater influent,fluoroquinolones,S. aureus | Levofloxacin,urban_share_2024,11,3,44,12,1,2016,2024,0.4454545454545455,0.16973260492681175,0.3727272727272727,0.25892587368422226,0.07495187103951058,0.3977272727272725,0.2727272727272727,0.41714143714253127,0.7636363636363637,0.006233059747904751,TRUE,1,0.3741496598639451,Zhejiang,0.9040897335352907,0.8871017830455327
all_years,soil,sulfonamides,A. baumannii | Ceftazidime,sewage_pipe_length_2024,20,3,313,56,2,2006,2019,0.44461304275257485,0.0495111256773116,0.25413533834586466,0.27959763551527717,0.22138678024989444,0.059746349446122726,0.5516216055845504,0.011689585959119946,0.28421052631578947,0.22458459821120466,TRUE,1,0.23436454288906053,Henan,0.8667757141803278,0.8969656318280155
all_years,sediment,tetracyclines,S. aureus | Chloramphenicol,urban_env_infra_investment_2024,23,3,693,129,2,2004,2025,0.4437855336864226,0.03390161761675315,0.4397233201581027,0.03576788455293156,0.06310630550908343,0.17629345855989417,-0.35334816991736323,0.09813788776686909,-0.40118577075098816,0.057786798317303614,TRUE,1,0.20271507229392688,Anhui,0.8667757141803278,0.5697942153713511
all_years,surface water,fluoroquinolones,E. coli | Cefuroxime,milk_output_2024,15,3,77,21,1,2015,2024,0.4428571428571428,0.09829406554687134,0.4785714285714285,0.07113080825563328,0.27743910513984715,0.014965986394557854,0.42857142857142855,0.11096021426087677,0.4392857142857143,0.10136057119347243,TRUE,1,0.45409429280397057,Tibet,0.8797847845183826,0.7507306204313801
all_years,surface water,fluoroquinolones,P. aeruginosa | Ceftazidime,hospitals_count_2024,15,3,77,21,1,2015,2024,0.4428571428571428,0.09829406554687134,0.5142857142857142,0.049839233471420635,0.27743910513984715,0.014965986394557854,0.4035714285714286,0.13576799650365637,0.6428571428571429,0.009739944695595278,TRUE,1,0.39454094292804,Jilin,0.8797847845183826,0.6871582005647622
all_years,surface water,fluoroquinolones,P. aeruginosa | Ciprofloxacin,chemical_fertilizers_2024,15,3,77,21,1,2015,2024,0.4428571428571428,0.09829406554687134,0.4785714285714285,0.07113080825563328,0.27743910513984715,0.014965986394557854,0.4107142857142857,0.1283286460157489,0.6785714285714286,0.005416550219591705,TRUE,1,0.24565756823821344,Jiangxi,0.8797847845183826,0.7507306204313801
all_years,sediment,phenicols,P. aeruginosa | Piperacillin,milk_output_2024,14,3,58,25,1,2006,2020,-0.44175824175824174,0.11377750302872344,-0.49450549450549447,0.07224967403413257,0.20022103787458767,0.11060606060606078,-0.23956043956043957,0.4094298928517326,0.6615384615384615,0.009975179240423728,TRUE,1,0.31840796019900514,Hubei,0.8797847845183826,0.7507306204313801
all_years,sludge,fluoroquinolones,E. coli | Ertapenem,sewage_pipe_length_2024,16,3,149,31,2,2005,2017,0.44149359395474014,0.08690013393643876,0.24411764705882352,0.36221349614195,0.06923543109736396,0.25696039035591295,0.5555707977618373,0.025461783832817764,0.43529411764705883,0.09195235850572929,TRUE,1,0.3223464254536192,Jiangsu,0.8667757141803278,0.9299965133633268
all_years,sediment,sulfonamides,K. pneumoniae | Chloramphenicol,total_aquatic_products_2024,24,3,1061,135,2,2008,2025,-0.4414003148486036,0.030829813745130896,-0.43043478260869555,0.035763160898824684,0.0015521231748156271,0.520774428109915,-0.36747119807593104,0.07730622585656055,0.5695652173913044,0.003670316994100722,TRUE,1,0.400623715586327,Guangdong,0.8667757141803278,0.5697942153713511
all_years,sediment,diaminopyrimidines,P. aeruginosa | Ciprofloxacin,grp_2024,18,3,122,45,2,2008,2020,-0.4406604747162023,0.06720191241367018,-0.3085655314757482,0.2128287059586833,0.01039862314664235,0.47547758284600455,-0.32507739938080493,0.18808478142236898,0.39525283797729616,0.10449665262201602,TRUE,1,0.318208430913349,Liaoning,0.8667757141803278,0.8681380821706243
all_years,soil,sulfonamides,A. baumannii | Gentamicin,sewage_pipe_length_2024,20,3,313,56,2,2006,2019,0.4400915541822097,0.05215534101081455,0.25263157894736843,0.2825500572639194,0.22138678024989444,0.059746349446122726,0.5516216055845504,0.011689585959119946,0.3097744360902256,0.1838064324119103,TRUE,1,0.32922511081991723,Guangxi,0.8667757141803278,0.8969656318280155
all_years,surface water,tetracyclines,E. coli | Ceftazidime,chemical_fertilizers_2024,15,2,42,17,1,2015,2024,0.4392857142857142,0.10136057119347243,0.21428571428571425,0.44314093482351435,1,0,0.19285714285714287,0.49104870160522307,0.7107142857142857,0.0029789948868027454,TRUE,1,0.2945590994371481,Henan,0.8797847845183826,0.9535880891790752
all_years,soil,fluoroquinolones,E. coli | Ceftazidime,hospitals_count_2024,23,3,318,64,2,2006,2020,-0.43856625164357127,0.036314041151200176,-0.3349802371541502,0.11818082467219866,0.9845108143090242,0,-0.5305316663061466,0.00920503544877101,0.40810276679841895,0.05321483992066214,TRUE,1,0.30662912683274485,Zhejiang,0.8667757141803278,0.8138668527285788
all_years,sediment,lincosamides,E. coli | Ceftriaxone,total_aquatic_products_2024,13,3,26,22,1,2010,2018,-0.43741444406518,0.13498399679612444,-0.4010989010989011,0.17435746494503276,0.2592759711301179,0.06997245179063301,0.3218710060102268,0.2835130785985348,-0.4010989010989011,0.17435746494503276,TRUE,1,0.27320565172282646,Hebei,0.8952520789120342,0.8507301600285916
all_years,surface water,macrolides,E. coli | Cefotetan,chemical_fertilizers_2024,14,3,42,16,1,2015,2023,-0.43736263736263736,0.11784483174447682,-0.11648351648351647,0.6916912502331573,0.006641885476426646,0.5788497217068641,-0.512087912087912,0.061198486156458405,0.7538461538461538,0.0018447252892572208,TRUE,1,0.32160804020100503,Tibet,0.8797847845183826,0.9729669155213013
all_years,soil,diaminopyrimidines,A. baumannii | Cefotaxime,freshwater_aquatic_products_2024,8,3,9,8,1,2008,2015,0.433766423440692,0.2829476709180395,0.6904761904761907,0.05799031816457269,0.24103244438393973,0.07490909090909051,0.44581549075848886,0.26825005020123793,0.5952380952380952,0.11952980613879259,TRUE,1,0.6200682739073716,Tianjin,0.9084965716610526,0.7193041300970549
all_years,soil,diaminopyrimidines,A. baumannii | Ceftazidime,milk_output_2024,8,3,9,8,1,2008,2015,0.433766423440692,0.2829476709180395,0.5238095238095238,0.18272075053971484,0.24103244438393973,0.07490909090909051,-0.5542570966186618,0.1539883457589951,-0.2619047619047619,0.5309228615658013,TRUE,1,0.45390742530148714,Tianjin,0.9084965716610526,0.8521945107646086
all_years,soil,diaminopyrimidines,A. baumannii | Ciprofloxacin,milk_output_2024,8,3,9,8,1,2008,2015,0.433766423440692,0.2829476709180395,0.5238095238095238,0.18272075053971484,0.24103244438393973,0.07490909090909051,-0.5542570966186618,0.1539883457589951,-0.2619047619047619,0.5309228615658013,TRUE,1,0.45390742530148714,Tianjin,0.9084965716610526,0.8521945107646086
all_years,soil,diaminopyrimidines,A. baumannii | Imipenem,milk_output_2024,8,3,9,8,1,2008,2015,0.433766423440692,0.2829476709180395,0.5238095238095238,0.18272075053971484,0.24103244438393973,0.07490909090909051,-0.5542570966186618,0.1539883457589951,-0.2619047619047619,0.5309228615658013,TRUE,1,0.45390742530148714,Tianjin,0.9084965716610526,0.8521945107646086
all_years,soil,diaminopyrimidines,K. pneumoniae | Imipenem,milk_output_2024,8,3,9,8,1,2008,2015,-0.433766423440692,0.2829476709180395,-0.4761904761904763,0.23293553465009784,0.24103244438393973,0.07490909090909051,-0.5542570966186618,0.1539883457589951,0.40476190476190477,0.3198886412288162,TRUE,1,0.6646153652541699,Beijing,0.9084965716610526,0.8756506136724482
all_years,wastewater influent,sulfonamides,E. coli | Ceftazidime,freshwater_aquatic_products_2024,9,3,30,9,1,2016,2024,0.43333333333333335,0.2439524358800516,0.2,0.6059012741795533,0.8007374029168087,0,-0.6333333333333333,0.06708578689234561,-0.5666666666666667,0.11163298761149111,TRUE,1,0.5604395604395604,Guangdong,0.9077420142945268,0.9606462350922552
all_years,wastewater influent,sulfonamides,E. coli | Trimethoprim/Sulfamethoxazole,freshwater_aquatic_products_2024,9,3,30,9,1,2016,2024,0.43333333333333335,0.2439524358800516,0.15,0.7000942309691419,0.8007374029168087,0,-0.6333333333333333,0.06708578689234561,-0.6166666666666667,0.07692880993776291,TRUE,1,0.48351648351648385,Heilongjiang,0.9077420142945268,0.9729669155213013
all_years,wastewater influent,sulfonamides,P. aeruginosa | Levofloxacin,freshwater_aquatic_products_2024,9,3,30,9,1,2016,2024,0.43333333333333335,0.2439524358800516,0.6166666666666667,0.07692880993776291,0.8007374029168087,0,-0.6333333333333333,0.06708578689234561,-0.13333333333333333,0.7323675052362975,TRUE,1,0.48351648351648385,Anhui,0.9077420142945268,0.7507306204313801
all_years,wastewater influent,sulfonamides,P. aeruginosa | Tobramycin,freshwater_aquatic_products_2024,9,3,30,9,1,2016,2024,0.43333333333333335,0.2439524358800516,0.4,0.28610510190831273,0.8007374029168087,0,-0.6333333333333333,0.06708578689234561,-0.4666666666666667,0.205386351105812,TRUE,1,0.3736263736263738,Shandong,0.9077420142945268,0.8969656318280155
all_years,wastewater influent,sulfonamides,S. aureus | Clindamycin,freshwater_aquatic_products_2024,9,3,30,9,1,2016,2024,0.43333333333333335,0.2439524358800516,0.15,0.7000942309691419,0.8007374029168087,0,-0.6333333333333333,0.06708578689234561,-0.6166666666666667,0.07692880993776291,TRUE,1,0.4285714285714288,Heilongjiang,0.9077420142945268,0.9729669155213013
all_years,soil,macrolides,E. coli | Tigecycline,milk_output_2024,20,3,104,34,2,2006,2020,-0.43252113293172767,0.05682232548285139,-0.44511278195488724,0.049225296692117664,0.3132637601270729,0.018907030492805205,0.43554575623894254,0.054921130935576906,0.04661654135338346,0.8452698052894374,FALSE,1,0.4080566820752227,Liaoning,0.8667757141803278,0.6871582005647622
all_years,sediment,other,E. coli | Meropenem,WastewaterHealthIndex,7,2,19,10,1,2008,2018,-0.43244998209386826,0.33252677821284404,NA,NA,0.3724558699813696,0,-0.4,0.37393392381774704,0.41443123283995714,0.3552689437660521,TRUE,1,0.537518769149613,Shanghai,0.9323150863286164,NA
all_years,sediment,other,K. pneumoniae | Cefazolin,WastewaterHealthIndex,7,2,19,10,1,2008,2018,-0.43244998209386826,0.33252677821284404,NA,NA,0.3724558699813696,0,-0.4,0.37393392381774704,0.37839373433213475,0.40260220192175533,TRUE,1,0.798900083365039,Tianjin,0.9323150863286164,NA
all_years,sediment,other,K. pneumoniae | Ciprofloxacin,WastewaterHealthIndex,7,2,19,10,1,2008,2018,-0.43244998209386826,0.33252677821284404,NA,NA,0.3724558699813696,0,-0.4,0.37393392381774704,0.37839373433213475,0.40260220192175533,TRUE,1,0.798900083365039,Tianjin,0.9323150863286164,NA
all_years,sediment,other,K. pneumoniae | Levofloxacin,WastewaterHealthIndex,7,2,19,10,1,2008,2018,-0.43244998209386826,0.33252677821284404,NA,NA,0.3724558699813696,0,-0.4,0.37393392381774704,0.41443123283995714,0.3552689437660521,TRUE,1,0.537518769149613,Shanghai,0.9323150863286164,NA
all_years,sludge,tetracyclines,A. baumannii | Ciprofloxacin,sewage_pipe_length_2024,14,3,77,19,2,2004,2020,-0.43234601527373523,0.12260640653877192,-0.44175824175824174,0.11377750302872344,0.30098512187415105,0.03648989898989916,0.26764277135993136,0.3549157774316807,0.4197802197802198,0.13510107382914258,FALSE,1,0.4902992168942037,Qinghai,0.8841429904680959,0.8138668527285788
all_years,surface water,fluoroquinolones,E. coli | Ceftriaxone,milk_output_2024,15,3,77,21,1,2015,2024,0.43214285714285705,0.10769303754639804,0.3785714285714285,0.1640908265592207,0.27743910513984715,0.014965986394557854,0.42857142857142855,0.11096021426087677,0.275,0.32121117331937676,TRUE,1,0.47997457088366197,Tibet,0.8797847845183826,0.8378633175552082
all_years,surface water,fluoroquinolones,P. aeruginosa | Gentamicin,chemical_fertilizers_2024,15,3,77,21,1,2015,2024,0.43214285714285705,0.10769303754639804,0.38928571428571423,0.15151193679039388,0.27743910513984715,0.014965986394557854,0.4107142857142857,0.1283286460157489,0.6464285714285715,0.009214550689979973,TRUE,1,0.3032422123331213,Hebei,0.8797847845183826,0.8334416432151582
all_years,sediment,lincosamides,E. coli | Cefotaxime,chemical_fertilizers_2024,13,3,26,22,1,2010,2018,-0.4319123755863727,0.14053110184653042,-0.5054945054945056,0.07803332731018385,0.2592759711301179,0.06997245179063301,-0.23933997882811733,0.4309595500618638,0.5769230769230769,0.03899262343244824,TRUE,1,0.27320565172282646,Hebei,0.9027002041668268,0.7507306204313801
all_years,sediment,lincosamides,E. coli | Ceftazidime,total_aquatic_products_2024,13,3,26,22,1,2010,2018,-0.4319123755863727,0.14053110184653042,-0.39010989010989017,0.1875741161338378,0.2592759711301179,0.06997245179063301,0.3218710060102268,0.2835130785985348,-0.4175824175824176,0.15567475363347455,TRUE,1,0.326904018515958,Guangdong,0.9027002041668268,0.8528211362044058
all_years,sediment,lincosamides,E. coli | Meropenem,EconomicScaleIndex,13,3,26,22,1,2010,2018,0.4319123755863727,0.14053110184653042,0.45054945054945056,0.12233188767803571,0.2592759711301179,0.06997245179063301,0.2066115702479339,0.4982454329898226,0.6354889093022426,0.019586594816267955,TRUE,1,0.3218631925529982,Jiangsu,0.9027002041668268,0.8138668527285788
all_years,soil,fluoroquinolones,S. aureus | Nitrofurantoin,grp_per_capita_2024,23,3,318,64,2,2006,2020,-0.43114968594497644,0.03997281378567283,-0.20849802371541504,0.3397253478384772,0.9845108143090242,0,0.41433880369482834,0.04933753133495683,-0.4090909090909091,0.052585231858250224,TRUE,1,0.2989581808591858,Zhejiang,0.8667757141803278,0.9268335373285431
all_years,soil,sulfonamides,A. baumannii | Cefepime,sewage_pipe_length_2024,20,3,313,56,2,2006,2019,0.43029499561308515,0.058253249629521414,0.2962406015037594,0.2047182974286215,0.22138678024989444,0.059746349446122726,0.5516216055845504,0.011689585959119946,0.23609022556390977,0.3162939707830972,TRUE,1,0.2447784024469789,Henan,0.8667757141803278,0.8680942753677526
all_years,sediment,tetracyclines,P. aeruginosa | Ciprofloxacin,urban_env_infra_investment_2024,23,3,693,129,2,2004,2025,-0.4289597363472325,0.04110674493868975,-0.3201581027667984,0.13640197751758237,0.06310630550908343,0.17629345855989417,-0.35334816991736323,0.09813788776686909,0.516798418972332,0.01156963491205538,TRUE,1,0.47602315027583914,Qinghai,0.8667757141803278,0.8234711270505317
all_years,surface water,macrolides,K. pneumoniae | Ampicillin,freshwater_aquatic_products_2024,14,3,42,16,1,2015,2023,-0.42857142857142855,0.1262738881593127,0.054945054945054944,0.8520077036323677,0.006641885476426646,0.5788497217068641,-0.4153846153846154,0.1396659475175257,0.7406593406593407,0.0024451976404460214,TRUE,1,0.2435897435897439,Anhui,0.8907699548976915,0.9842154623604513
all_years,wastewater effluent,sulfonamides,A. baumannii | Levofloxacin,LivestockAquacultureIndex,6,2,13,7,1,2018,2022,0.42857142857142855,0.39650145772594747,NA,NA,NA,NA,0.3188740696088466,0.5379005604702051,-0.23190841426097938,0.6583735712609271,FALSE,1,0.7666666666666667,Jiangxi,0.9582118561710397,NA
all_years,wastewater effluent,sulfonamides,A. baumannii | Minocycline,LivestockAquacultureIndex,6,2,13,7,1,2018,2022,0.42857142857142855,0.39650145772594747,NA,NA,NA,NA,0.3188740696088466,0.5379005604702051,0.898645105261295,0.014888622005580361,TRUE,0.8333333333333334,1.3333333333333328,Jiangxi,0.9582118561710397,NA
all_years,wastewater effluent,sulfonamides,E. coli | Nitrofurantoin,EconomicScaleIndex,6,2,13,7,1,2018,2022,0.42857142857142855,0.39650145772594747,NA,NA,NA,NA,-0.20291986247835694,0.699797968157019,-0.8116794499134278,0.0498575851013405,TRUE,0.6666666666666666,1,Anhui,0.9582118561710397,NA
all_years,wastewater effluent,sulfonamides,K. pneumoniae | Ampicillin,EconomicScaleIndex,6,2,13,7,1,2018,2022,0.42857142857142855,0.39650145772594747,NA,NA,NA,NA,-0.20291986247835694,0.699797968157019,-0.753702346348183,0.08352328137325972,TRUE,1,0.7666666666666667,Anhui,0.9582118561710397,NA
all_years,wastewater effluent,sulfonamides,K. pneumoniae | Cefotaxime,LivestockAquacultureIndex,6,2,13,7,1,2018,2022,-0.42857142857142855,0.39650145772594747,NA,NA,NA,NA,0.3188740696088466,0.5379005604702051,-0.49280538030458115,0.3206325828658276,TRUE,1,0.7666666666666667,Anhui,0.9582118561710397,NA
all_years,wastewater effluent,sulfonamides,K. pneumoniae | Imipenem,LivestockAquacultureIndex,6,2,13,7,1,2018,2022,-0.42857142857142855,0.39650145772594747,NA,NA,NA,NA,0.3188740696088466,0.5379005604702051,-0.5217939320872036,0.2883432338003937,TRUE,0.8333333333333334,1,Jiangsu,0.9582118561710397,NA
all_years,wastewater effluent,sulfonamides,P. aeruginosa | Ciprofloxacin,EconomicScaleIndex,6,2,13,7,1,2018,2022,-0.42857142857142855,0.39650145772594747,NA,NA,NA,NA,-0.20291986247835694,0.699797968157019,0.5217939320872036,0.2883432338003937,TRUE,1,0.7666666666666667,Anhui,0.9582118561710397,NA
all_years,wastewater effluent,sulfonamides,S. aureus | Gentamicin,LivestockAquacultureIndex,6,2,13,7,1,2018,2022,-0.42857142857142855,0.39650145772594747,NA,NA,NA,NA,0.3188740696088466,0.5379005604702051,0.34786262139146906,0.49925321811463336,FALSE,1,0.6333333333333331,Shandong,0.9582118561710397,NA
all_years,sediment,beta-lactams,P. aeruginosa | Cefepime,LivestockAquacultureIndex,7,3,34,15,1,2012,2018,0.42857142857142844,0.337368311085824,NA,NA,0.8983973213480706,0,-0.14285714285714285,0.7599453002180931,-0.5714285714285714,0.18020198891152778,TRUE,1,0.6666666666666666,Jiangxi,0.9323150863286164,NA
all_years,sediment,beta-lactams,E. coli | Ciprofloxacin,LivestockAquacultureIndex,7,3,34,15,1,2012,2018,-0.42857142857142844,0.3373683110858241,NA,NA,0.8983973213480706,0,-0.14285714285714285,0.7599453002180931,-0.5,0.2531699951003227,FALSE,1,0.5333333333333338,Shaanxi,0.9323150863286164,NA
all_years,sediment,beta-lactams,E. coli | Levofloxacin,EconomicScaleIndex,7,3,34,15,1,2012,2018,-0.42857142857142844,0.3373683110858241,NA,NA,0.8983973213480706,0,-0.14285714285714285,0.7599453002180931,0.35714285714285715,0.4316113520383284,TRUE,1,0.8,Jiangxi,0.9323150863286164,NA
all_years,sediment,beta-lactams,K. pneumoniae | Cefoxitin,LivestockAquacultureIndex,7,3,34,15,1,2012,2018,-0.42857142857142844,0.3373683110858241,NA,NA,0.8983973213480706,0,-0.14285714285714285,0.7599453002180931,-0.21428571428571427,0.6445115810207208,FALSE,1,0.5333333333333332,Shanghai,0.9323150863286164,NA
all_years,sediment,beta-lactams,K. pneumoniae | Nitrofurantoin,EconomicScaleIndex,7,3,34,15,1,2012,2018,-0.42857142857142844,0.3373683110858241,NA,NA,0.8983973213480706,0,-0.14285714285714285,0.7599453002180931,0.75,0.052181400457058,TRUE,1,0.5333333333333332,Shaanxi,0.9323150863286164,NA
all_years,sediment,beta-lactams,S. aureus | Amikacin,EconomicScaleIndex,7,3,34,15,1,2012,2018,-0.42857142857142844,0.3373683110858241,NA,NA,0.8983973213480706,0,-0.14285714285714285,0.7599453002180931,0.25,0.5887244480896832,TRUE,1,0.6666666666666666,Hubei,0.9323150863286164,NA
all_years,sediment,beta-lactams,S. aureus | Chloramphenicol,WastewaterHealthIndex,7,3,34,15,1,2012,2018,-0.42857142857142844,0.3373683110858241,NA,NA,0.8983973213480706,0,0.14547859349066158,0.7556330131047917,-0.5455447255899809,0.205281505228726,TRUE,1,0.8000000000000006,Hubei,0.9323150863286164,NA
all_years,surface water,diaminopyrimidines,E. coli | Imipenem,LivestockAquacultureIndex,7,2,9,8,1,2018,2024,-0.42857142857142844,0.3373683110858241,NA,NA,NA,NA,-0.5714285714285714,0.18020198891152778,0.6071428571428571,0.1482311614811615,TRUE,1,0.8,Guangxi,0.9323150863286164,NA
all_years,surface water,diaminopyrimidines,E. coli | Meropenem,LivestockAquacultureIndex,7,2,9,8,1,2018,2024,-0.42857142857142844,0.3373683110858241,NA,NA,NA,NA,-0.5714285714285714,0.18020198891152778,0.6071428571428571,0.1482311614811615,TRUE,1,0.8,Guangxi,0.9323150863286164,NA
all_years,sludge,tetracyclines,A. baumannii | Amikacin,WastewaterHealthIndex,14,3,77,19,2,2004,2020,-0.42777092516501847,0.12706109361948106,-0.5208791208791208,0.056153927343702656,0.30098512187415105,0.03648989898989916,0.27740330061302765,0.3369525462308456,0.4603535396429632,0.09763244198781369,FALSE,1,0.4269625487965329,Qinghai,0.8907699548976915,0.7095844995310587
all_years,soil,fluoroquinolones,P. aeruginosa | Ciprofloxacin,hospitals_count_2024,23,3,318,64,2,2006,2020,-0.424721995672861,0.04337253203431405,-0.6254940711462451,0.0014134791654659385,0.9845108143090242,0,-0.5305316663061466,0.00920503544877101,0.4683794466403162,0.0241864930843233,TRUE,1,0.22645882069637657,Guizhou,0.8667757141803278,0.3448468139795708
all_years,soil,tetracyclines,E. coli | Ampicillin,hogs_year_end_2024,24,3,312,68,2,2007,2022,-0.4243478260869564,0.038760097639367115,-0.30956521739130427,0.14101146711310492,0.48567178524771265,0,-0.2643478260869565,0.2119392787870507,0.6965217391304348,1.5626257645940972e-4,TRUE,1,0.32265275707898683,Zhejiang,0.8667757141803278,0.8234711270505317
all_years,sediment,phenicols,A. baumannii | Tigecycline,grp_per_capita_2024,14,3,58,25,1,2006,2020,-0.42417582417582417,0.13063731043811047,-0.5164835164835164,0.058637163441278554,0.20022103787458767,0.11060606060606078,-0.6263736263736264,0.016541935428871186,0.0945054945054945,0.7479382611415478,TRUE,1,0.2564766839378241,Jilin,0.8907699548976915,0.7193041300970549
all_years,surface water,macrolides,K. pneumoniae | Ciprofloxacin,chemical_fertilizers_2024,14,3,42,16,1,2015,2023,-0.42417582417582417,0.13063731043811047,-0.2,0.49300373504000006,0.006641885476426646,0.5788497217068641,-0.512087912087912,0.061198486156458405,0.7758241758241758,0.001108478667778739,TRUE,1,0.5414507772020726,Guangdong,0.8907699548976915,0.9606462350922552
all_years,sediment,diaminopyrimidines,E. coli | Amikacin,urban_env_infra_investment_2024,18,3,122,45,2,2008,2020,-0.4241486068111455,0.07938890239460483,-0.325077399380805,0.18808478142236898,0.01039862314664235,0.47547758284600455,-0.22807017543859648,0.3627002084947104,0.4716202270381837,0.0481689767895532,TRUE,1,0.39263990267639926,Zhejiang,0.8667757141803278,0.8528211362044058
all_years,soil,phenicols,E. coli | Amikacin,milk_output_2024,10,3,22,13,1,2007,2016,-0.4233447522064957,0.22281810428303186,0.19999999999999996,0.5795840000000001,0.17609777149412834,0.11860744297719157,-0.7301163117764201,0.01650624549810055,0.7696969696969697,0.009221952722216011,TRUE,1,0.35932735664093446,Shandong,0.9077420142945268,0.9606462350922552
all_years,soil,phenicols,K. pneumoniae | Ertapenem,LivestockAquacultureIndex,10,3,22,13,1,2007,2016,0.4233447522064957,0.2228181042830321,0.17575757575757575,0.6271883447764844,0.17609777149412834,0.11860744297719157,-0.791470623690405,0.0063770841870565975,-0.6,0.0666879999999999,TRUE,1,0.6417236486076052,Guangdong,0.9077420142945268,0.9643538787526716
all_years,soil,diaminopyrimidines,K. pneumoniae | Amikacin,grp_2024,8,3,9,8,1,2008,2015,-0.42171735612289496,0.2980286979370499,-0.761904761904762,0.02800493915307187,0.24103244438393973,0.07490909090909051,-0.2771285483093309,0.5063754253085381,0.8095238095238095,0.014902667686230074,TRUE,1,0.837264240299349,Hubei,0.9094418877550858,0.5536685420358437
all_years,surface water,tetracyclines,E. coli | Ceftriaxone,grp_per_capita_2024,15,2,42,17,1,2015,2024,0.4214285714285714,0.11769939585541658,0.28571428571428564,0.3019363513225497,1,0,-0.49642857142857144,0.059797413749923985,-0.325,0.237225438237234,TRUE,1,0.3089960886571056,Hunan,0.8797847845183826,0.9122214762504753
all_years,sludge,macrolides,E. coli | Levofloxacin,milk_output_2024,14,3,77,25,1,2005,2017,-0.4204986644677089,0.13436459633396478,-0.45054945054945056,0.10593278527264058,0.8556343441410651,0,-0.34262854141813315,0.23045006637631998,0.7494505494505495,0.002030145549100648,TRUE,1,0.32329792768755966,Guangdong,0.8947686822535876,0.7856392140547968
all_years,sediment,phenicols,E. coli | Meropenem,sewage_disposal_capacity_2024,14,3,58,25,1,2006,2020,-0.4197802197802198,0.13510107382914271,-0.12967032967032965,0.658619276321178,0.20022103787458767,0.11060606060606078,-0.42417582417582417,0.13063731043811047,0.7318681318681318,0.002924630946811924,TRUE,1,0.41361256544502617,Guangdong,0.8952520789120342,0.9729669155213013
all_years,soil,sulfonamides,A. baumannii | Meropenem,EconomicScaleIndex,20,3,313,56,2,2006,2019,0.41823769275877803,0.06648338050553473,0.1218045112781955,0.608956622164901,0.22138678024989444,0.059746349446122726,0.5737461236962149,0.008166765310944247,0.30560802318026614,0.1900834417914166,TRUE,1,0.23440018520087902,Henan,0.8667757141803278,0.9606462350922552
all_years,wastewater effluent,macrolides,E. coli | Imipenem,population_2024,10,3,27,10,1,2018,2024,-0.41818181818181815,0.22911284098281884,-0.6242424242424242,0.05371776721716757,0.09424870603515988,0.3890909090909095,-0.41818181818181815,0.22911284098281884,0.696969696969697,0.02509667588225183,TRUE,1,0.315217391304348,Zhejiang,0.9077420142945268,0.7068421453427418
all_years,wastewater effluent,macrolides,E. coli | Tigecycline,urban_share_2024,10,3,27,10,1,2018,2024,0.41818181818181815,0.22911284098281884,0.2363636363636363,0.5108853175152004,0.09424870603515988,0.3890909090909095,-0.23636363636363636,0.5108853175152004,-0.8181818181818182,0.003814920082550725,TRUE,1,0.5217391304347826,Guangdong,0.9077420142945268,0.9606462350922552
all_years,wastewater effluent,macrolides,K. pneumoniae | Cefazolin,freshwater_aquatic_products_2024,10,3,27,10,1,2018,2024,-0.41818181818181815,0.22911284098281884,-0.32121212121212117,0.36546831043867045,0.09424870603515988,0.3890909090909095,-0.4909090909090909,0.14965567342083683,0.7696969696969697,0.009221952722216011,TRUE,1,0.6739130434782609,Zhejiang,0.9077420142945268,0.9302154792872848
all_years,wastewater effluent,macrolides,K. pneumoniae | Ertapenem,chemical_fertilizers_2024,10,3,27,10,1,2018,2024,-0.41818181818181815,0.22911284098281884,-0.49090909090909085,0.14965567342083683,0.09424870603515988,0.3890909090909095,0.5151515151515151,0.1275528697032343,-0.696969696969697,0.025096675882251923,TRUE,1,0.5942028985507246,Guangdong,0.9077420142945268,0.8334416432151582
all_years,wastewater effluent,macrolides,K. pneumoniae | Tobramycin,milk_output_2024,10,3,27,10,1,2018,2024,-0.41818181818181815,0.22911284098281884,-0.19999999999999996,0.5795840000000001,0.09424870603515988,0.3890909090909095,0.47878787878787876,0.16152292801745585,-0.696969696969697,0.025096675882251923,TRUE,1,0.4021739130434782,Heilongjiang,0.9077420142945268,0.9606462350922552
all_years,wastewater effluent,macrolides,S. aureus | Penicillin G,freshwater_aquatic_products_2024,10,3,27,10,1,2018,2024,0.41818181818181815,0.22911284098281884,0.47878787878787876,0.16152292801745585,0.09424870603515988,0.3890909090909095,-0.4909090909090909,0.14965567342083683,-0.6,0.0666879999999999,TRUE,1,0.992753623188406,Heilongjiang,0.9077420142945268,0.8334416432151582
all_years,surface water,fluoroquinolones,S. aureus | Trimethoprim/Sulfamethoxazole,milk_output_2024,15,3,77,21,1,2015,2024,0.4178571428571428,0.1211725360218785,0.38928571428571423,0.15151193679039388,0.27743910513984715,0.014965986394557854,0.42857142857142855,0.11096021426087677,0.7607142857142857,9.911286119823697e-4,TRUE,1,0.31097961867192636,Hebei,0.8829300519306434,0.8334416432151582
all_years,sediment,macrolides,S. aureus | Trimethoprim/Sulfamethoxazole,freshwater_aquatic_products_2024,23,3,430,93,2,2008,2025,0.4169960474308301,0.047753648476345424,0.38636363636363635,0.06859702156027192,0.003177020108859277,0.4751811594202898,-0.4901185770750988,0.017589302048693578,-0.5573122529644269,0.005732392601422864,TRUE,1,0.4285714285714288,Guangdong,0.8667757141803278,0.7507306204313801
all_years,wastewater influent,sulfonamides,A. baumannii | Gentamicin,freshwater_aquatic_products_2024,9,3,30,9,1,2016,2024,0.4166666666666667,0.26458604674749603,0.7166666666666667,0.02981803569584527,0.8007374029168087,0,-0.6333333333333333,0.06708578689234561,0.25,0.5164895523012263,FALSE,1,0.485714285714286,Anhui,0.9077420142945268,0.5640067506074175
all_years,wastewater influent,sulfonamides,A. baumannii | Minocycline,freshwater_aquatic_products_2024,9,3,30,9,1,2016,2024,0.4166666666666667,0.26458604674749603,0.4666666666666667,0.2053863511058118,0.8007374029168087,0,-0.6333333333333333,0.06708578689234561,0.06666666666666667,0.8646897846262037,FALSE,1,0.6000000000000001,Liaoning,0.9077420142945268,0.8680942753677526
all_years,wastewater influent,sulfonamides,K. pneumoniae | Chloramphenicol,freshwater_aquatic_products_2024,9,3,30,9,1,2016,2024,-0.4166666666666667,0.26458604674749603,-0.26666666666666666,0.487922274838701,0.8007374029168087,0,-0.6333333333333333,0.06708578689234561,0.8333333333333334,0.005265691029161737,TRUE,1,0.6000000000000001,Henan,0.9077420142945268,0.9606462350922552
all_years,wastewater influent,sulfonamides,P. aeruginosa | Amikacin,freshwater_aquatic_products_2024,9,3,30,9,1,2016,2024,0.4166666666666667,0.26458604674749603,0.48333333333333334,0.18746985521554207,0.8007374029168087,0,-0.6333333333333333,0.06708578689234561,-0.2833333333333333,0.4600303289657205,TRUE,1,0.42857142857142877,Anhui,0.9077420142945268,0.8528211362044058
all_years,sediment,lincosamides,K. pneumoniae | Trimethoprim/Sulfamethoxazole,total_aquatic_products_2024,13,3,26,22,1,2010,2018,0.4154061701499508,0.1580634335810994,0.6923076923076923,0.008730317796749324,0.2592759711301179,0.06997245179063301,0.3218710060102268,0.2835130785985348,0.3241758241758242,0.27988186889313993,TRUE,1,0.6442059740791466,Zhejiang,0.9040897335352907,0.4153533287640718
all_years,sediment,lincosamides,E. coli | Aztreonam,chemical_fertilizers_2024,13,3,26,22,1,2010,2018,-0.4154061701499508,0.15806343358109964,-0.576923076923077,0.03899262343244812,0.2592759711301179,0.06997245179063301,-0.23933997882811733,0.4309595500618638,0.6483516483516484,0.016536698804267252,TRUE,1,0.19731922214994274,Hebei,0.9040897335352907,0.5959548257040382
all_years,sediment,phenicols,E. coli | Gentamicin,large_animals_year_end_2024,14,3,58,25,1,2006,2020,0.4153846153846154,0.1396659475175257,0.35824175824175825,0.20849812479076696,0.20022103787458767,0.11060606060606078,0.5076923076923077,0.06383915813376853,0.6263736263736264,0.016541935428871186,TRUE,1,0.25925925925925924,Shanghai,0.9027002041668268,0.8680942753677526
all_years,soil,fluoroquinolones,E. coli | Ertapenem,hospitals_count_2024,23,3,318,64,2,2006,2020,-0.4153276791213076,0.04874340244534428,-0.30632411067193677,0.15514347085987568,0.9845108143090242,0,-0.5305316663061466,0.00920503544877101,0.274703557312253,0.20460597944666872,TRUE,1,0.19311172037677005,Fujian,0.8667757141803278,0.8334416432151582
all_years,sediment,other,S. aureus | Clindamycin,WastewaterHealthIndex,7,2,19,10,1,2008,2018,-0.4144312328399571,0.3552689437660521,NA,NA,0.3724558699813696,0,-0.4,0.37393392381774704,0.3964124835860459,0.37863470950041317,TRUE,1,0.7931760955203238,Shandong,0.9526686311875808,NA
all_years,surface water,tetracyclines,E. coli | Nitrofurantoin,hogs_year_end_2024,15,2,42,17,1,2015,2024,0.41428571428571426,0.12471544223657098,0.4357142857142856,0.10449335704406645,1,0,0.2357142857142857,0.3977029459032726,0.6392857142857142,0.010288446619594169,TRUE,1,0.2944297082228117,Jilin,0.8876554114710145,0.7826621643499282
all_years,sludge,tetracyclines,E. coli | Ciprofloxacin,milk_output_2024,14,3,77,19,2,2004,2020,-0.4140456548388681,0.14107667385991432,-0.34065934065934067,0.23331605103682326,0.30098512187415105,0.03648989898989916,-0.13496515820714486,0.6454977036795251,0.7670329670329671,0.0013676823882456104,TRUE,1,0.7517690512792509,Hebei,0.9027002041668268,0.8756506136724482
all_years,sediment,macrolides,K. pneumoniae | Cefoxitin,grp_2024,23,3,430,93,2,2008,2025,-0.41304347826086957,0.050124271924485306,-0.3547430830039525,0.09672579385868327,0.003177020108859277,0.4751811594202898,-0.37351778656126483,0.07915444117090965,0.6136363636363636,0.0018445825485394792,TRUE,1,0.1879699248120303,Qinghai,0.8667757141803278,0.7650130968823131
all_years,sediment,lincosamides,E. coli | Cefuroxime,total_aquatic_products_2024,13,3,26,22,1,2010,2018,-0.41265513591054714,0.1611167931488155,-0.34615384615384615,0.24662526251007164,0.2592759711301179,0.06997245179063301,0.3218710060102268,0.2835130785985348,-0.4175824175824176,0.15567475363347455,TRUE,1,0.2901817270791309,Hebei,0.9040897335352907,0.8785296752720978
all_years,soil,sulfonamides,A. baumannii | Levofloxacin,sewage_pipe_length_2024,20,3,313,56,2,2006,2019,0.4122090413316245,0.07091244585562852,0.1548872180451128,0.5143826800752822,0.22138678024989444,0.059746349446122726,0.5516216055845504,0.011689585959119946,0.2796992481203007,0.23234786067734575,TRUE,1,0.3381644016322344,Guangxi,0.8667757141803278,0.9606462350922552
all_years,wastewater effluent,fluoroquinolones,K. pneumoniae | Tigecycline,freshwater_aquatic_products_2024,13,3,34,15,1,2016,2024,-0.4120879120879121,0.16175105277252627,-0.37912087912087916,0.20140608996104353,0.28932970799328467,0.04803767660910481,-0.6978021978021978,0.00800071741122648,0.4010989010989011,0.17435746494503282,TRUE,1,0.7478787878787878,Beijing,0.9040897335352907,0.8680942753677526
all_years,sludge,fluoroquinolones,K. pneumoniae | Ciprofloxacin,sewage_disposal_capacity_2024,16,3,149,31,2,2005,2017,0.4118631514074422,0.11293919792124964,0.08529411764705883,0.7534650694747833,0.06923543109736396,0.25696039035591295,0.41334467353480697,0.11152120896786284,0.8382352941176471,5.010342100683506e-5,TRUE,1,0.3750001169649763,Shanghai,0.8797847845183826,0.9760417777324718
all_years,soil,phenicols,E. coli | Imipenem,urban_share_2024,10,3,22,13,1,2007,2016,0.4110738898236987,0.23794186616753038,0.36969696969696964,0.2930500752928225,0.17609777149412834,0.11860744297719157,0.8160123484559989,0.0039891443952871615,0.38181818181818183,0.2762553333854361,TRUE,1,0.46391477509973716,Shanghai,0.9077420142945268,0.9024732535006884
all_years,soil,phenicols,K. pneumoniae | Chloramphenicol,EconomicScaleIndex,10,3,22,13,1,2007,2016,0.4110738898236987,0.23794186616753038,0.8787878787878787,8.138621117322115e-4,0.17609777149412834,0.11860744297719157,0.4984827760499675,0.14251770391579796,0.5592731001856593,0.09278876749399563,TRUE,1,0.5051521000920651,Guangdong,0.9077420142945268,0.3068260161230437
all_years,soil,phenicols,P. aeruginosa | Polymyxin B,LivestockAquacultureIndex,10,3,22,13,1,2007,2016,0.4110738898236987,0.23794186616753038,-0.17575757575757575,0.6271883447764844,0.17609777149412834,0.11860744297719157,-0.791470623690405,0.0063770841870565975,-0.6363636363636364,0.04791172612997558,TRUE,1,0.9381542746394119,Shanghai,0.9077420142945268,0.9643538787526716
all_years,sediment,phenicols,E. coli | Chloramphenicol,grp_per_capita_2024,14,3,58,25,1,2006,2020,0.41098901098901103,0.14433266812460496,0.4153846153846154,0.1396659475175257,0.20022103787458767,0.11060606060606078,-0.6263736263736264,0.016541935428871186,-0.31868131868131866,0.2667849608113615,TRUE,1,0.4705882352941174,Guizhou,0.9031675311648715,0.8234711270505317
all_years,sediment,sulfonamides,K. pneumoniae | Cefoxitin,grp_2024,24,3,1061,135,2,2008,2025,-0.410958913824562,0.04604962968971617,-0.4139130434782608,0.044355692190527256,0.0015521231748156271,0.520774428109915,-0.23961731377495624,0.2594293755011346,0.648695652173913,6.061249548857917e-4,TRUE,1,0.2710814682733124,Hainan,0.8667757141803278,0.6533934735054591
all_years,surface water,tetracyclines,K. pneumoniae | Nitrofurantoin,chemical_fertilizers_2024,15,2,42,17,1,2015,2024,0.4107142857142856,0.1283286460157489,0.6107142857142855,0.01559283142117561,1,0,0.19285714285714287,0.49104870160522307,0.9178571428571428,1.417696851500636e-6,TRUE,1,0.3431438127090303,Shandong,0.8907699548976915,0.46496104652806064
all_years,soil,diaminopyrimidines,E. coli | Cefazolin,milk_output_2024,8,3,9,8,1,2008,2015,-0.4096682888050979,0.313487214282711,-0.380952380952381,0.35181255311756493,0.24103244438393973,0.07490909090909051,-0.5542570966186618,0.1539883457589951,0.47619047619047616,0.23293553465009784,TRUE,1,0.6273988995811609,Liaoning,0.9230076603935279,0.9268335373285431
all_years,soil,diaminopyrimidines,K. pneumoniae | Levofloxacin,grp_2024,8,3,9,8,1,2008,2015,-0.4096682888050979,0.313487214282711,-0.380952380952381,0.35181255311756493,0.24103244438393973,0.07490909090909051,-0.2771285483093309,0.5063754253085381,0.6428571428571429,0.08555889101267312,TRUE,1,0.7336651429959584,Beijing,0.9230076603935279,0.9268335373285431
all_years,soil,diaminopyrimidines,P. aeruginosa | Amikacin,milk_output_2024,8,3,9,8,1,2008,2015,-0.4096682888050979,0.313487214282711,-0.33333333333333337,0.419753086419753,0.24103244438393973,0.07490909090909051,-0.5542570966186618,0.1539883457589951,0.6428571428571429,0.08555889101267312,TRUE,1,0.5834151455384267,Liaoning,0.9230076603935279,0.9479489788776115
all_years,wastewater influent,fluoroquinolones,E. coli | Ceftazidime,milk_output_2024,11,3,44,12,1,2016,2024,0.4090909090909091,0.21154501034209594,0.7545454545454546,0.007282041008429129,0.07495187103951058,0.3977272727272725,0.2909090909090909,0.38545696969136556,0.4909090909090909,0.12520440713849532,TRUE,1,0.40740740740740716,Anhui,0.9077420142945268,0.4153533287640718
all_years,soil,sulfonamides,A. baumannii | Ceftriaxone,EconomicScaleIndex,20,3,313,56,2,2006,2019,0.4084411341896535,0.07379058546156718,0.21203007518796993,0.36948599387790193,0.22138678024989444,0.059746349446122726,0.5737461236962149,0.008166765310944247,0.16710586489167262,0.48132287997105216,TRUE,1,0.2769275789472622,Guangdong,0.8667757141803278,0.9332530909721706
all_years,soil,fluoroquinolones,E. coli | Aztreonam,hospitals_count_2024,23,3,318,64,2,2006,2020,-0.40741667570947315,0.05365541025228035,-0.325098814229249,0.13011856167333397,0.9845108143090242,0,-0.5305316663061466,0.00920503544877101,0.34881422924901184,0.10283305097355999,TRUE,1,0.2553342191456544,Zhejiang,0.8667757141803278,0.818563978423839
all_years,surface water,fluoroquinolones,E. coli | Ertapenem,chemical_fertilizers_2024,15,3,77,21,1,2015,2024,0.40714285714285703,0.1320126637798538,0.2535714285714285,0.3618161038158896,0.27743910513984715,0.014965986394557854,0.4107142857142857,0.1283286460157489,0.6142857142857143,0.014833955405976944,TRUE,1,0.46288798920377905,Jiangxi,0.8907699548976915,0.9299965133633268
all_years,soil,fluoroquinolones,P. aeruginosa | Ceftazidime,hospitals_count_2024,23,3,318,64,2,2006,2020,-0.4069222379962335,0.053974655570189906,-0.3527667984189723,0.09873090026878216,0.9845108143090242,0,-0.5305316663061466,0.00920503544877101,0.4031620553359684,0.05645077604087723,TRUE,1,0.3634112285519356,Jilin,0.8667757141803278,0.7674546268315644
all_years,soil,macrolides,S. aureus | Nitrofurantoin,grp_per_capita_2024,20,3,104,34,2,2006,2020,-0.40681183482040123,0.07506178749689996,-0.35789473684210527,0.12130112810947347,0.3132637601270729,0.018907030492805205,0.21399209898545266,0.3649682823792031,-0.35639097744360904,0.1229863108022689,TRUE,1,0.3690337653541678,Liaoning,0.8667757141803278,0.8138668527285788
all_years,sediment,phenicols,E. coli | Cefotetan,milk_output_2024,14,3,58,25,1,2006,2020,-0.4065934065934066,0.14910193900151375,-0.41098901098901103,0.14433266812460463,0.20022103787458767,0.11060606060606078,-0.23956043956043957,0.4094298928517326,0.621978021978022,0.017550315290540023,TRUE,1,0.39189189189189216,Hubei,0.9040897335352907,0.8234711270505317
all_years,sediment,phenicols,P. aeruginosa | Tobramycin,grp_per_capita_2024,14,3,58,25,1,2006,2020,-0.4065934065934066,0.14910193900151375,-0.5912087912087912,0.025970813668962544,0.20022103787458767,0.11060606060606078,-0.6263736263736264,0.016541935428871186,0.23956043956043957,0.4094298928517326,TRUE,1,0.2972972972972973,Shanghai,0.9040897335352907,0.5536685420358437
all_years,surface water,macrolides,P. aeruginosa | Cefepime,chemical_fertilizers_2024,14,3,42,16,1,2015,2023,-0.4065934065934066,0.14910193900151375,-0.16483516483516483,0.573346405013138,0.006641885476426646,0.5788497217068641,-0.512087912087912,0.061198486156458405,0.6659340659340659,0.009322999096841785,TRUE,1,0.3648648648648648,Anhui,0.9040897335352907,0.9606462350922552
all_years,sludge,diaminopyrimidines,S. aureus | Ciprofloxacin,urban_share_2024,13,3,19,17,1,2010,2017,0.4045566970313674,0.1703252146483081,0.31868131868131866,0.28858316144472024,0.8019823386358851,0,0.19071958574335895,0.5325404019517954,0.7472527472527473,0.0033267413834299686,TRUE,1,0.30807027005836063,Hunan,0.9040897335352907,0.8969656318280155
all_years,sludge,diaminopyrimidines,S. aureus | Oxacillin,pork_output_2024,13,3,19,17,1,2010,2017,0.4045566970313674,0.1703252146483081,-0.05494505494505495,0.8585042942308735,0.8019823386358851,0,-0.7166432918841367,0.005846431266760286,-0.5989010989010989,0.03055411417293782,TRUE,1,0.20658724300025352,Beijing,0.9040897335352907,0.9842154623604513
all_years,sludge,fluoroquinolones,P. aeruginosa | Ceftazidime,sewage_pipe_length_2024,16,3,149,31,2,2005,2017,0.4044555407706176,0.12021846038056233,0.3352941176470588,0.20425458084551526,0.06923543109736396,0.25696039035591295,0.5555707977618373,0.025461783832817764,0.45294117647058824,0.07809874141672514,TRUE,1,0.42562016835410327,Guangdong,0.8821484126494333,0.8680942753677526
all_years,sediment,macrolides,K. pneumoniae | Amikacin,grp_2024,23,3,430,93,2,2008,2025,-0.4041501976284585,0.05579175689820351,-0.31620553359683795,0.14158261779089343,0.003177020108859277,0.4751811594202898,-0.37351778656126483,0.07915444117090965,0.633399209486166,0.0011765515263597297,TRUE,1,0.1694027244149496,Qinghai,0.8667757141803278,0.8234711270505317
all_years,sediment,diaminopyrimidines,S. aureus | Cefoxitin,grp_2024,18,3,122,45,2,2008,2020,-0.40350877192982454,0.09680965248246648,-0.27966976264189886,0.2610264770684414,0.01039862314664235,0.47547758284600455,-0.32507739938080493,0.18808478142236898,0.6346749226006192,0.00466284274887114,TRUE,1,0.41528132992327393,Guangdong,0.8797847845183826,0.8878825430508487
all_years,sediment,tetracyclines,E. coli | Polymyxin B,milk_output_2024,23,3,693,129,2,2004,2025,0.4027674943813301,0.056715589222933106,0.3596837944664032,0.09184514903971808,0.06310630550908343,0.17629345855989417,-0.30343465220875665,0.15927575726801604,-0.40711462450592883,0.05385026270864829,TRUE,1,0.25368142645299047,Jiangsu,0.8667757141803278,0.7508889348012985
all_years,sludge,tetracyclines,E. coli | Polymyxin B,population_2024,14,3,77,19,2,2004,2020,0.4026079295670762,0.15351542336998902,0.3626373626373626,0.2025645438172415,0.30098512187415105,0.03648989898989916,0.4140456548388681,0.14107667385991463,0.14725274725274726,0.6154187624847252,TRUE,1,0.3134698996179515,Hebei,0.9040897335352907,0.8680942753677526
all_years,sediment,phenicols,K. pneumoniae | Tigecycline,grp_per_capita_2024,14,3,58,25,1,2006,2020,-0.4021978021978022,0.1539744295414041,-0.35384615384615387,0.21453987088124624,0.20022103787458767,0.11060606060606078,-0.6263736263736264,0.016541935428871186,0.2835164835164835,0.32596594744177265,TRUE,1,0.36612021857923505,Guizhou,0.9040897335352907,0.8681380821706243
all_years,surface water,sulfonamides,A. baumannii | Gentamicin,chemical_fertilizers_2024,14,3,49,15,1,2013,2024,-0.4021978021978022,0.1539744295414041,-0.38461538461538464,0.1745087507750957,0.07898257926378309,0.18961038961038862,-0.4153846153846154,0.1396659475175257,0.5956043956043956,0.024612610795286847,TRUE,1,0.3715846994535518,Tibet,0.9040897335352907,0.8507301600285916
all_years,soil,sulfonamides,A. baumannii | Cefotaxime,sewage_pipe_length_2024,20,3,313,56,2,2006,2019,0.40165890133410576,0.07918974302942781,0.26766917293233083,0.2538915426582107,0.22138678024989444,0.059746349446122726,0.5516216055845504,0.011689585959119946,0.3172932330827068,0.1728368864071423,TRUE,1,0.26783347613993114,Henan,0.8667757141803278,0.8871017830455327
all_years,sediment,lincosamides,E. coli | Cefoxitin,chemical_fertilizers_2024,13,3,26,22,1,2010,2018,0.40165099895293255,0.17370959597151917,0.40659340659340665,0.1679783461478961,0.2592759711301179,0.06997245179063301,-0.23933997882811733,0.4309595500618638,0.38461538461538464,0.19441291997748622,FALSE,1,0.43017621152427077,Guangdong,0.9040897335352907,0.8449663040229046
all_years,wastewater effluent,fluoroquinolones,K. pneumoniae | Polymyxin B,freshwater_aquatic_products_2024,13,3,34,15,1,2016,2024,-0.4010989010989011,0.17435746494503276,-0.5879120879120879,0.03458605834210767,0.28932970799328467,0.04803767660910481,-0.6978021978021978,0.00800071741122648,0.38461538461538464,0.19441291997748622,TRUE,1,0.5168119551681196,Hainan,0.9040897335352907,0.5697942153713511
all_years,sediment,macrolides,S. aureus | Chloramphenicol,freshwater_aquatic_products_2024,23,3,430,93,2,2008,2025,0.40019762845849804,0.05846386887150024,0.325098814229249,0.13011856167333397,0.003177020108859277,0.4751811594202898,-0.4901185770750988,0.017589302048693578,-0.3685770750988142,0.08352519372717142,TRUE,1,0.19223985890652592,Guangxi,0.8667757141803278,0.818563978423839
all_years,sludge,fluoroquinolones,K. pneumoniae | Tobramycin,sewage_disposal_capacity_2024,16,3,149,31,2,2005,2017,0.4000109743885229,0.12473911788932683,0.20882352941176469,0.4376585109498007,0.06923543109736396,0.25696039035591295,0.41334467353480697,0.11152120896786284,0.7823529411764706,3.4122076396497184e-4,TRUE,1,0.37989932038219815,Shanghai,0.8876554114710145,0.9507920383745695
all_years,wastewater influent,fluoroquinolones,E. coli | Nitrofurantoin,grp_2024,11,3,44,12,1,2016,2024,0.4,0.22286835013352002,0.43636363636363634,0.17966487658001135,0.07495187103951058,0.3977272727272725,-0.2727272727272727,0.41714143714253127,-0.7636363636363637,0.006233059747904751,TRUE,1,0.5000000000000001,Zhejiang,0.9077420142945268,0.8521945107646086
all_years,wastewater influent,fluoroquinolones,K. pneumoniae | Chloramphenicol,freshwater_aquatic_products_2024,11,3,44,12,1,2016,2024,-0.4,0.2228683501335206,-0.5,0.11730680301423815,0.07495187103951058,0.3977272727272725,-0.39090909090909093,0.2345400670951944,0.7454545454545455,0.008454728885061592,TRUE,1,0.37878787878787845,Xinjiang,0.9077420142945268,0.8138668527285788
all_years,wastewater influent,macrolides,E. coli | Ceftriaxone,LivestockAquacultureIndex,5,3,19,5,1,2018,2023,0.3999999999999999,0.504631575468691,NA,NA,NA,NA,-0.5642880936468347,0.3217233358243004,-0.15389675281277312,0.8048288166080633,TRUE,NA,NA,,0.9606720658320372,NA
all_years,wastewater influent,macrolides,E. coli | Cefuroxime,LivestockAquacultureIndex,5,3,19,5,1,2018,2023,0.3999999999999999,0.504631575468691,NA,NA,NA,NA,-0.5642880936468347,0.3217233358243004,-0.15389675281277312,0.8048288166080633,TRUE,NA,NA,,0.9606720658320372,NA
all_years,wastewater influent,macrolides,K. pneumoniae | Aztreonam,EconomicScaleIndex,5,3,19,5,1,2018,2023,-0.3999999999999999,0.504631575468691,NA,NA,NA,NA,0.3,0.623837664781073,0.5,0.39100221895577053,FALSE,NA,NA,,0.9606720658320372,NA
all_years,wastewater influent,macrolides,K. pneumoniae | Meropenem,EconomicScaleIndex,5,3,19,5,1,2018,2023,-0.3999999999999999,0.504631575468691,NA,NA,NA,NA,0.3,0.623837664781073,0.5,0.39100221895577053,FALSE,NA,NA,,0.9606720658320372,NA
all_years,wastewater influent,macrolides,K. pneumoniae | Tobramycin,EconomicScaleIndex,5,3,19,5,1,2018,2023,-0.3999999999999999,0.504631575468691,NA,NA,NA,NA,0.3,0.623837664781073,0.5,0.39100221895577053,FALSE,NA,NA,,0.9606720658320372,NA
all_years,soil,phenicols,P. aeruginosa | Levofloxacin,large_animals_year_end_2024,10,3,22,13,1,2007,2016,0.39880302744090174,0.25362657589473014,0.2727272727272727,0.44583834154275137,0.17609777149412834,0.11860744297719157,-0.754658036542014,0.011644872504617456,-0.5151515151515151,0.1275528697032343,TRUE,1,0.5749383423867738,Shanghai,0.9077420142945268,0.9535880891790752
all_years,sludge,diaminopyrimidines,K. pneumoniae | Ampicillin,hogs_year_end_2024,13,3,19,17,1,2010,2017,-0.398777315645205,0.17709863849181467,-0.3516483516483516,0.23869970534203355,0.8019823386358851,0,-0.7050845291118119,0.007106491488108418,0.3901098901098901,0.18757411613383762,TRUE,1,0.3009615985182899,Gansu,0.9040897335352907,0.8756506136724482
all_years,sediment,phenicols,K. pneumoniae | Gentamicin,grp_per_capita_2024,14,3,58,25,1,2006,2020,-0.39780219780219783,0.15895077451083486,-0.3230769230769231,0.2598736195087899,0.20022103787458767,0.11060606060606078,-0.6263736263736264,0.016541935428871186,0.44175824175824174,0.11377750302872344,TRUE,1,0.5055248618784531,Guangdong,0.9040897335352907,0.8871017830455327
all_years,surface water,macrolides,A. baumannii | Minocycline,urban_env_infra_investment_2024,14,3,42,16,1,2015,2023,-0.39780219780219783,0.15895077451083486,-0.4593406593406593,0.09846837616829027,0.006641885476426646,0.5788497217068641,-0.4725274725274725,0.087967424612542,0.3274725274725275,0.2530710007719408,TRUE,1,0.3784530386740332,Tibet,0.9040897335352907,0.7674546268315644
all_years,soil,diaminopyrimidines,E. coli | Cefotetan,milk_output_2024,8,3,9,8,1,2008,2015,-0.39761922148730094,0.32931690299077687,-0.23809523809523814,0.5701563208157683,0.24103244438393973,0.07490909090909051,-0.5542570966186618,0.1539883457589951,0.6428571428571429,0.08555889101267312,TRUE,1,0.7836364666028243,Guangdong,0.9323150863286164,0.9606462350922552
all_years,soil,fluoroquinolones,P. aeruginosa | Gentamicin,hospitals_count_2024,23,3,318,64,2,2006,2020,-0.39752792144468013,0.06032366154996017,-0.5632411067193676,0.005134542639159382,0.9845108143090242,0,-0.5305316663061466,0.00920503544877101,0.26976284584980237,0.213195806177203,TRUE,1,0.28619774624067784,Sichuan,0.8667757141803278,0.3746559822509201
all_years,sediment,other,S. aureus | Nitrofurantoin,WastewaterHealthIndex,7,2,19,10,1,2008,2018,-0.39641248358604586,0.37863470950041317,NA,NA,0.3724558699813696,0,-0.4,0.37393392381774704,-0.4865062298556018,0.268248562317831,FALSE,1,0.7806182727618608,Guangdong,0.9582118561710397,NA
all_years,wastewater effluent,macrolides,E. coli | Cefazolin,milk_output_2024,10,3,27,10,1,2018,2024,0.39393939393939387,0.2599977668348876,0.45454545454545453,0.18690481034933193,0.09424870603515988,0.3890909090909095,0.47878787878787876,0.16152292801745585,0.5272727272727272,0.11730806555020236,TRUE,1,0.4076923076923076,Zhejiang,0.9077420142945268,0.8528211362044058
all_years,wastewater effluent,macrolides,S. aureus | Nitrofurantoin,EconomicScaleIndex,10,3,27,10,1,2018,2024,0.39393939393939387,0.2599977668348876,0.06666666666666667,0.8548130882487426,0.09424870603515988,0.3890909090909095,-0.503030303030303,0.13833369839449197,-0.7333333333333333,0.01580059625057152,TRUE,1,0.5346153846153846,Guangdong,0.9077420142945268,0.9842154623604513
all_years,sludge,macrolides,S. aureus | Erythromycin,milk_output_2024,14,3,77,25,1,2005,2017,-0.3938003365649972,0.1635721787350751,-0.6131868131868131,0.019706331926038816,0.8556343441410651,0,-0.34262854141813315,0.23045006637631998,0.7714285714285715,0.0012326572868001802,TRUE,1,0.3907657315073442,Guangdong,0.9040897335352907,0.5217687382956994
all_years,surface water,sulfonamides,E. coli | Cefotetan,chemical_fertilizers_2024,14,3,49,15,1,2013,2024,-0.39340659340659345,0.16403157340077784,-0.2747252747252747,0.3418297437194818,0.07898257926378309,0.18961038961038862,-0.4153846153846154,0.1396659475175257,0.6571428571428571,0.010661967747329802,TRUE,1,0.3854748603351956,Guangdong,0.9040897335352907,0.9268335373285431
all_years,sediment,lincosamides,K. pneumoniae | Chloramphenicol,large_animals_year_end_2024,13,3,26,22,1,2010,2018,0.3933978962347216,0.18355527592859225,0.37912087912087916,0.20140608996104353,0.2592759711301179,0.06997245179063301,-0.327373074489034,0.27488966062773995,-0.4065934065934066,0.167978346147896,TRUE,1,0.4212701583078062,Guangxi,0.9040897335352907,0.8680942753677526
all_years,sludge,diaminopyrimidines,K. pneumoniae | Chloramphenicol,pork_output_2024,13,3,19,17,1,2010,2017,-0.39299793425904267,0.18404119921627768,-0.2857142857142857,0.3440002182586702,0.8019823386358851,0,-0.7166432918841367,0.005846431266760286,0.532967032967033,0.06073650306561786,TRUE,1,0.28771939564831256,Hunan,0.9040897335352907,0.9268335373285431
all_years,sediment,beta-lactams,A. baumannii | Levofloxacin,LivestockAquacultureIndex,7,3,34,15,1,2012,2018,-0.39285714285714274,0.38331687042697266,NA,NA,0.8983973213480706,0,-0.14285714285714285,0.7599453002180931,0.14285714285714285,0.7599453002180929,TRUE,1,0.9272727272727272,Hubei,0.9582118561710397,NA
all_years,sediment,beta-lactams,K. pneumoniae | Ampicillin,LivestockAquacultureIndex,7,3,34,15,1,2012,2018,-0.39285714285714274,0.38331687042697266,NA,NA,0.8983973213480706,0,-0.14285714285714285,0.7599453002180931,0.32142857142857145,0.48207203829967765,TRUE,1,0.9272727272727272,Hubei,0.9582118561710397,NA
all_years,sediment,beta-lactams,K. pneumoniae | Cefepime,EconomicScaleIndex,7,3,34,15,1,2012,2018,-0.39285714285714274,0.38331687042697266,NA,NA,0.8983973213480706,0,-0.14285714285714285,0.7599453002180931,0.7857142857142857,0.03623846267982733,TRUE,1,0.6727272727272732,Guizhou,0.9582118561710397,NA
all_years,sediment,beta-lactams,K. pneumoniae | Gentamicin,EconomicScaleIndex,7,3,34,15,1,2012,2018,-0.39285714285714274,0.38331687042697266,NA,NA,0.8983973213480706,0,-0.14285714285714285,0.7599453002180931,0.7857142857142857,0.03623846267982733,TRUE,1,0.6363636363636362,Shaanxi,0.9582118561710397,NA
all_years,surface water,diaminopyrimidines,E. coli | Ertapenem,LivestockAquacultureIndex,7,2,9,8,1,2018,2024,-0.39285714285714274,0.38331687042697266,NA,NA,NA,NA,-0.5714285714285714,0.18020198891152778,0.5357142857142857,0.21521745567801304,TRUE,1,0.9272727272727272,Guangxi,0.9582118561710397,NA
all_years,surface water,diaminopyrimidines,K. pneumoniae | Ciprofloxacin,LivestockAquacultureIndex,7,2,9,8,1,2018,2024,-0.39285714285714274,0.38331687042697266,NA,NA,NA,NA,-0.5714285714285714,0.18020198891152778,0.5357142857142857,0.21521745567801304,TRUE,1,0.9272727272727272,Tibet,0.9582118561710397,NA
all_years,sediment,beta-lactams,E. coli | Ertapenem,LivestockAquacultureIndex,7,3,34,15,1,2012,2018,0.39285714285714274,0.38331687042697277,NA,NA,0.8983973213480706,0,-0.14285714285714285,0.7599453002180931,-0.6071428571428571,0.1482311614811614,TRUE,1,1.2545454545454555,Shanghai,0.9582118561710397,NA
all_years,surface water,diaminopyrimidines,E. coli | Cefazolin,LivestockAquacultureIndex,7,2,9,8,1,2018,2024,0.39285714285714274,0.38331687042697277,NA,NA,NA,NA,-0.5714285714285714,0.18020198891152778,0,1,FALSE,1,0.9272727272727272,Tibet,0.9582118561710397,NA
all_years,soil,fluoroquinolones,E. coli | Cefotaxime,hospitals_count_2024,23,3,318,64,2,2006,2020,-0.3915946688858043,0.06461931177675857,-0.4505928853754941,0.03094774516843192,0.9845108143090242,0,-0.5305316663061466,0.00920503544877101,0.383399209486166,0.0709324027483355,TRUE,1,0.3608946634454854,Zhejiang,0.8667757141803278,0.5697942153713511
all_years,wastewater influent,fluoroquinolones,A. baumannii | Amikacin,total_aquatic_products_2024,11,3,44,12,1,2016,2024,0.3909090909090909,0.2345400670951944,0.018181818181818184,0.9576852410216187,0.07495187103951058,0.3977272727272725,-0.37272727272727274,0.2589258736842223,0.3181818181818182,0.34029761418190374,FALSE,1,0.689922480620155,Heilongjiang,0.9077420142945268,0.9867239251522226
all_years,wastewater influent,fluoroquinolones,E. coli | Ciprofloxacin,freshwater_aquatic_products_2024,11,3,44,12,1,2016,2024,0.3909090909090909,0.2345400670951944,0.5727272727272728,0.06554305260101853,0.07495187103951058,0.3977272727272725,-0.39090909090909093,0.2345400670951944,-0.6636363636363637,0.025984133918765542,TRUE,1,0.36434108527131787,Heilongjiang,0.9077420142945268,0.7507306204313801
all_years,sediment,fluoroquinolones,S. aureus | Cefoxitin,grp_2024,23,3,950,128,2,2007,2025,-0.3903162055335968,0.06557477255777341,-0.22529644268774704,0.30132600343455657,0.025862178954528397,0.2654973649538867,-0.32707509881422925,0.12766439967393878,0.6116600790513834,0.0019263122933621478,TRUE,1,0.32368896925858975,Guangdong,0.8667757141803278,0.9122214762504753
all_years,sediment,macrolides,K. pneumoniae | Imipenem,grp_2024,23,3,430,93,2,2008,2025,-0.3903162055335968,0.06557477255777341,-0.341897233201581,0.11031176821291082,0.003177020108859277,0.4751811594202898,-0.37351778656126483,0.07915444117090965,0.607707509881423,0.0020990278142723456,TRUE,1,0.18481012658227886,Qinghai,0.8667757141803278,0.8049200635406589
all_years,surface water,fluoroquinolones,S. aureus | Levofloxacin,chemical_fertilizers_2024,15,3,77,21,1,2015,2024,0.38928571428571423,0.15151193679039388,0.34642857142857136,0.20589599209355144,0.27743910513984715,0.014965986394557854,0.4107142857142857,0.1283286460157489,0.6392857142857142,0.010288446619594169,TRUE,1,0.5751587861679605,Hubei,0.9040897335352907,0.8680942753677526
all_years,sediment,phenicols,A. baumannii | Tobramycin,grp_per_capita_2024,14,3,58,25,1,2006,2020,-0.389010989010989,0.16921738979769044,-0.6747252747252748,0.008117706397553236,0.20022103787458767,0.11060606060606078,-0.6263736263736264,0.016541935428871186,-0.14285714285714285,0.6261174762253241,FALSE,1,0.3841807909604519,Zhejiang,0.9040897335352907,0.4153533287640718
all_years,surface water,macrolides,K. pneumoniae | Trimethoprim/Sulfamethoxazole,freshwater_aquatic_products_2024,14,3,42,16,1,2015,2023,-0.389010989010989,0.16921738979769044,-0.006593406593406593,0.9821527354577906,0.006641885476426646,0.5788497217068641,-0.4153846153846154,0.1396659475175257,0.8681318681318682,5.679818908691542e-5,TRUE,1,0.5677966101694917,Guangdong,0.9040897335352907,0.9935731161026486
all_years,surface water,tetracyclines,E. coli | Cefazolin,milk_output_2024,15,2,42,17,1,2015,2024,0.3857142857142857,0.1556307945859602,0.2107142857142857,0.45095786521528547,1,0,0.16071428571428573,0.5671967045803448,0.6285714285714286,0.012079539175905785,TRUE,1,0.28774928774928776,Henan,0.9040897335352907,0.9560137686194712
all_years,surface water,tetracyclines,K. pneumoniae | Chloramphenicol,hogs_year_end_2024,15,2,42,17,1,2015,2024,0.3857142857142857,0.1556307945859602,0.22499999999999995,0.42010468690763503,1,0,0.2357142857142857,0.3977029459032726,0.6535714285714286,0.008230371463638973,TRUE,1,0.3675213675213675,Henan,0.9040897335352907,0.9479489788776115
all_years,soil,diaminopyrimidines,A. baumannii | Ceftriaxone,milk_output_2024,8,3,9,8,1,2008,2015,0.3855701541695039,0.34551105853655584,0.5000000000000001,0.20703124999999997,0.24103244438393973,0.07490909090909051,-0.5542570966186618,0.1539883457589951,-0.14285714285714285,0.7357648598798121,TRUE,1,0.5326726132959504,Chongqing,0.9384122103455103,0.8680942753677526
all_years,soil,diaminopyrimidines,E. coli | Nitrofurantoin,milk_output_2024,8,3,9,8,1,2008,2015,-0.3855701541695039,0.34551105853655606,-0.23809523809523814,0.5701563208157683,0.24103244438393973,0.07490909090909051,-0.5542570966186618,0.1539883457589951,0.35714285714285715,0.38512064355625625,TRUE,1,0.5563943206173685,Guangdong,0.9384122103455103,0.9606462350922552
all_years,soil,diaminopyrimidines,P. aeruginosa | Ciprofloxacin,milk_output_2024,8,3,9,8,1,2008,2015,-0.3855701541695039,0.34551105853655606,-0.21428571428571433,0.6103444156452666,0.24103244438393973,0.07490909090909051,-0.5542570966186618,0.1539883457589951,0.4523809523809524,0.2604047674368849,TRUE,1,0.6356458534641733,Liaoning,0.9384122103455103,0.9606462350922552
all_years,soil,fluoroquinolones,K. pneumoniae | Cefotetan,grp_per_capita_2024,23,3,318,64,2,2006,2020,-0.3846725409004492,0.06992198611813873,-0.4723320158102767,0.022858637065060545,0.9845108143090242,0,0.41433880369482834,0.04933753133495683,0.41699604743083,0.047753648476345424,FALSE,1,0.330649927008791,Jilin,0.8667757141803278,0.5442761793807047
all_years,sediment,phenicols,A. baumannii | Gentamicin,urban_env_infra_investment_2024,14,3,58,25,1,2006,2020,-0.38461538461538464,0.1745087507750957,-0.6351648351648351,0.014657881327289188,0.20022103787458767,0.11060606060606078,-0.4065934065934066,0.14910193900151375,0.35824175824175825,0.20849812479076696,TRUE,1,0.3285714285714287,Zhejiang,0.9040897335352907,0.46496104652806064
all_years,sludge,tetracyclines,E. coli | Ceftriaxone,total_aquatic_products_2024,14,3,77,19,2,2004,2020,-0.3843075691322091,0.1748832615425119,-0.35824175824175825,0.208498124790767,0.30098512187415105,0.03648989898989916,0.4209082900019433,0.13394589712344326,-0.23956043956043957,0.4094298928517326,TRUE,1,0.7895728322663526,Hebei,0.9040897335352907,0.8680942753677526
all_years,sludge,fluoroquinolones,S. aureus | Penicillin G,urban_share_2024,16,3,149,31,2,2005,2017,-0.383714230987509,0.14231835894220585,-0.27352941176470585,0.3053231563074056,0.06923543109736396,0.25696039035591295,0.39408488587906326,0.13094775073762935,-0.75,8.197640272555872e-4,TRUE,1,0.4416343138263242,Heilongjiang,0.9027002041668268,0.9122214762504753
all_years,sediment,fluoroquinolones,E. coli | Tigecycline,total_aquatic_products_2024,23,3,950,128,2,2007,2025,0.383399209486166,0.0709324027483355,0.32312252964426874,0.13260645224986678,0.025862178954528397,0.2654973649538867,-0.24209486166007904,0.2657271000486687,-0.31620553359683795,0.14158261779089343,TRUE,1,0.4212076583210606,Guangdong,0.8667757141803278,0.8234711270505317
all_years,wastewater influent,sulfonamides,A. baumannii | Meropenem,urban_share_2024,9,3,30,9,1,2016,2024,0.38333333333333336,0.3084952723803716,0.5166666666666667,0.1543901209862251,0.8007374029168087,0,-0.26666666666666666,0.487922274838701,-0.55,0.12497678418833179,TRUE,1,0.677018633540373,Shanxi,0.9203669796569272,0.8334416432151582
all_years,wastewater influent,sulfonamides,S. aureus | Levofloxacin,urban_share_2024,9,3,30,9,1,2016,2024,-0.38333333333333336,0.3084952723803716,-0.36666666666666664,0.3317398014330152,0.8007374029168087,0,-0.26666666666666666,0.487922274838701,0.5666666666666667,0.11163298761149111,TRUE,1,0.8012422360248451,Liaoning,0.9203669796569272,0.9248305921258484
all_years,wastewater influent,sulfonamides,S. aureus | Nitrofurantoin,grp_per_capita_2024,9,3,30,9,1,2016,2024,0.38333333333333336,0.3084952723803716,-0.016666666666666666,0.9660548039946862,0.8007374029168087,0,-0.36666666666666664,0.3317398014330152,-0.8,0.00962792472537981,TRUE,1,0.6894409937888198,Anhui,0.9203669796569272,0.9878914858209675
all_years,soil,fluoroquinolones,P. aeruginosa | Cefepime,hospitals_count_2024,23,3,318,64,2,2006,2020,-0.38220035233425087,0.07189381816938907,-0.41798418972332013,0.04717485486789248,0.9845108143090242,0,-0.5305316663061466,0.00920503544877101,0.4090909090909091,0.05258523185825033,TRUE,1,0.2668247563796387,Guizhou,0.8667757141803278,0.6740665755625385
all_years,wastewater influent,fluoroquinolones,E. coli | Cefoxitin,freshwater_aquatic_products_2024,11,3,44,12,1,2016,2024,0.38181818181818183,0.24655957577897017,0.4,0.22286835013352002,0.07495187103951058,0.3977272727272725,-0.39090909090909093,0.2345400670951944,-0.4,0.2228683501335206,TRUE,1,0.5079365079365077,Sichuan,0.9077420142945268,0.8756506136724482
all_years,soil,fluoroquinolones,E. coli | Amikacin,hospitals_count_2024,23,3,318,64,2,2006,2020,-0.3817059146210113,0.07229319525023631,-0.3567193675889328,0.09475100941564729,0.9845108143090242,0,-0.5305316663061466,0.00920503544877101,0.4901185770750988,0.017589302048693578,TRUE,1,0.22440814268509404,Yunnan,0.8667757141803278,0.7556699361729984
all_years,sediment,phenicols,A. baumannii | Amikacin,sewage_disposal_capacity_2024,14,3,58,25,1,2006,2020,-0.38021978021978026,0.1799061463060816,-0.39780219780219783,0.15895077451083486,0.20022103787458767,0.11060606060606078,-0.42417582417582417,0.13063731043811047,0.4725274725274725,0.08796742461254224,TRUE,1,0.38728323699421957,Guangdong,0.9040897335352907,0.8334416432151582
all_years,sludge,tetracyclines,A. baumannii | Gentamicin,pork_output_2024,14,3,77,19,2,2004,2020,-0.37973247902349233,0.18051105619488267,-0.6703296703296703,0.008704233809858838,0.30098512187415105,0.03648989898989916,0.39117020429528426,0.16665684827775362,0.5604395604395604,0.037104477004074335,FALSE,1,0.5479455404392553,Qinghai,0.9040897335352907,0.4153533287640718
all_years,sediment,macrolides,K. pneumoniae | Nitrofurantoin,sewage_disposal_capacity_2024,23,3,430,93,2,2008,2025,-0.37845849802371545,0.07495820299718059,-0.35375494071146246,0.09772454155290561,0.003177020108859277,0.4751811594202898,-0.25592885375494073,0.2385167406569983,0.8023715415019763,4.112846982131592e-6,TRUE,1,0.19283849309958953,Tibet,0.8667757141803278,0.7674546268315644
all_years,sediment,other,K. pneumoniae | Amikacin,WastewaterHealthIndex,7,2,19,10,1,2008,2018,-0.3783937343321347,0.402602201921755,NA,NA,0.3724558699813696,0,-0.4,0.37393392381774704,0.12613124477737825,0.7875721594074742,TRUE,1,1.1897070521895874,Shandong,0.9600626569866181,NA
all_years,sediment,other,K. pneumoniae | Cefuroxime,WastewaterHealthIndex,7,2,19,10,1,2008,2018,-0.3783937343321347,0.402602201921755,NA,NA,0.3724558699813696,0,-0.4,0.37393392381774704,0.16216874328520062,0.7282995630820224,TRUE,0.8571428571428571,1,Tianjin,0.9600626569866181,NA
all_years,sludge,macrolides,K. pneumoniae | Chloramphenicol,freshwater_aquatic_products_2024,14,3,77,25,1,2005,2017,0.37822631195508205,0.18238901263457657,0.3362637362637363,0.23979220225725306,0.8556343441410651,0,0.5829134925425382,0.028685897723242478,0.6307692307692307,0.01557822427277127,TRUE,1,0.4262148604118136,Shanghai,0.9040897335352907,0.8756506136724482
all_years,sediment,sulfonamides,E. coli | Amikacin,urban_env_infra_investment_2024,24,3,1061,135,2,2008,2025,-0.37790824985560245,0.06864796348995215,-0.408695652173913,0.047381337539541823,0.0015521231748156271,0.520774428109915,-0.19525984371135272,0.36053130301013314,0.4426086956521739,0.030321189497146253,TRUE,1,0.20962892836121233,Hebei,0.8667757141803278,0.6740665755625385
all_years,soil,fluoroquinolones,K. pneumoniae | Ertapenem,hospitals_count_2024,23,3,318,64,2,2006,2020,-0.3772559752018544,0.07596367849290059,-0.541501976284585,0.007616587228798878,0.9845108143090242,0,-0.5305316663061466,0.00920503544877101,0.30632411067193677,0.15514347085987568,TRUE,1,0.3598046575144271,Jilin,0.8667757141803278,0.4153533287640718
all_years,sediment,phenicols,E. coli | Ciprofloxacin,milk_output_2024,14,3,58,25,1,2006,2020,-0.3758241758241758,0.18541002869712309,-0.29230769230769227,0.3105263203858824,0.20022103787458767,0.11060606060606078,-0.23956043956043957,0.4094298928517326,0.6527472527472528,0.01138457399795419,TRUE,1,0.4912280701754386,Jilin,0.9040897335352907,0.9122214762504753
all_years,surface water,sulfonamides,E. coli | Aztreonam,chemical_fertilizers_2024,14,3,49,15,1,2013,2024,0.3758241758241758,0.18541002869712309,0.48131868131868133,0.08141829504280487,0.07898257926378309,0.18961038961038862,-0.4153846153846154,0.1396659475175257,0.3098901098901099,0.2809332808692584,FALSE,1,0.38596491228070173,Guangxi,0.9040897335352907,0.7507306204313801
all_years,sludge,diaminopyrimidines,E. coli | Chloramphenicol,pork_output_2024,13,3,19,17,1,2010,2017,-0.37565979010055545,0.20589065865718503,-0.2527472527472528,0.40477407127094656,0.8019823386358851,0,-0.7166432918841367,0.005846431266760286,0.554945054945055,0.04900449559833093,TRUE,1,0.2846511099680283,Guangdong,0.9077420142945268,0.9479489788776115
all_years,sediment,macrolides,A. baumannii | Cefotaxime,freshwater_aquatic_products_2024,23,3,430,93,2,2008,2025,-0.37549407114624506,0.07745523146339539,-0.2717391304347826,0.20973141942466625,0.003177020108859277,0.4751811594202898,-0.4901185770750988,0.017589302048693578,0.516798418972332,0.01156963491205538,TRUE,1,0.27067669172932374,Zhejiang,0.8667757141803278,0.8680942753677526
all_years,sediment,sulfonamides,S. aureus | Trimethoprim/Sulfamethoxazole,freshwater_aquatic_products_2024,24,3,1061,135,2,2008,2025,0.374429232595712,0.07144741381424369,0.3730434782608695,0.07258638217608113,0.0015521231748156271,0.520774428109915,-0.3461622173591019,0.09751993168062467,-0.47391304347826085,0.01931158001008254,TRUE,1,0.42940571235433683,Guangdong,0.8667757141803278,0.7507306204313801
all_years,soil,diaminopyrimidines,K. pneumoniae | Trimethoprim/Sulfamethoxazole,freshwater_aquatic_products_2024,8,3,9,8,1,2008,2015,-0.373521086851707,0.3620625982631652,-0.33333333333333337,0.419753086419753,0.24103244438393973,0.07490909090909051,0.44581549075848886,0.26825005020123793,0.5238095238095238,0.18272075053971484,FALSE,1,0.6066005890243801,Hebei,0.9545286681483447,0.9479489788776115
all_years,soil,diaminopyrimidines,S. aureus | Penicillin G,urban_share_2024,8,3,9,8,1,2008,2015,0.373521086851707,0.3620625982631652,0.33333333333333337,0.41975308641975306,0.24103244438393973,0.07490909090909051,-0.22893227903814295,0.5855140871254392,-0.7619047619047619,0.02800493915307187,TRUE,1,0.7587987681527486,Chongqing,0.9545286681483447,0.9479489788776115
all_years,sediment,tetracyclines,S. aureus | Cefoxitin,grp_2024,23,3,693,129,2,2004,2025,-0.37163331996903093,0.08080070905372942,-0.19762845849802374,0.3660491897294186,0.06310630550908343,0.17629345855989417,-0.29701014002844095,0.1687385708187329,0.6116600790513834,0.0019263122933621478,TRUE,1,0.3359134309842294,Guangdong,0.8667757141803278,0.9302154792872848
all_years,sediment,macrolides,A. baumannii | Tigecycline,sewage_disposal_capacity_2024,23,3,430,93,2,2008,2025,-0.37154150197628455,0.08088157371504422,-0.2845849802371542,0.18813339830503914,0.003177020108859277,0.4751811594202898,-0.25592885375494073,0.2385167406569983,0.532608695652174,0.008884954717418526,TRUE,1,0.2568389057750763,Jiangxi,0.8667757141803278,0.8528211362044058
all_years,surface water,macrolides,K. pneumoniae | Meropenem,pork_output_2024,14,3,42,16,1,2015,2023,-0.37142857142857144,0.19102081204361637,0.054945054945054944,0.8520077036323677,0.006641885476426646,0.5788497217068641,-0.3978021978021978,0.15895077451083486,0.8505494505494505,1.1565615890988971e-4,TRUE,1,0.39349112426035504,Henan,0.9077420142945268,0.9842154623604513
all_years,surface water,diaminopyrimidines,K. pneumoniae | Polymyxin B,WastewaterHealthIndex,6,2,9,8,1,2018,2024,-0.37142857142857144,0.46847813411078737,NA,NA,NA,NA,0.4857142857142857,0.3287230320699709,-0.7714285714285715,0.07239650145772594,TRUE,1,0.7307692307692308,Guangxi,0.9606720658320372,NA
all_years,wastewater effluent,sulfonamides,E. coli | Cefepime,LivestockAquacultureIndex,6,2,13,7,1,2018,2022,-0.37142857142857144,0.46847813411078737,NA,NA,NA,NA,0.3188740696088466,0.5379005604702051,-0.6667366910003157,0.14808979944035283,TRUE,0.8333333333333334,1.2692307692307692,Shandong,0.9606720658320372,NA
all_years,wastewater effluent,sulfonamides,E. coli | Cefoxitin,EconomicScaleIndex,6,2,13,7,1,2018,2022,0.37142857142857144,0.46847813411078737,NA,NA,NA,NA,-0.20291986247835694,0.699797968157019,-0.49280538030458115,0.3206325828658276,TRUE,1,0.8846153846153841,Heilongjiang,0.9606720658320372,NA
all_years,wastewater effluent,sulfonamides,E. coli | Levofloxacin,LivestockAquacultureIndex,6,2,13,7,1,2018,2022,-0.37142857142857144,0.46847813411078737,NA,NA,NA,NA,0.3188740696088466,0.5379005604702051,0.11595420713048969,0.826848213385815,FALSE,1,0.7307692307692308,Jiangsu,0.9606720658320372,NA
all_years,wastewater effluent,sulfonamides,K. pneumoniae | Meropenem,EconomicScaleIndex,6,2,13,7,1,2018,2022,-0.37142857142857144,0.46847813411078737,NA,NA,NA,NA,-0.20291986247835694,0.699797968157019,0.49280538030458115,0.3206325828658276,TRUE,1,0.8846153846153841,Heilongjiang,0.9606720658320372,NA
all_years,wastewater effluent,sulfonamides,P. aeruginosa | Levofloxacin,EconomicScaleIndex,6,2,13,7,1,2018,2022,-0.37142857142857144,0.46847813411078737,NA,NA,NA,NA,-0.20291986247835694,0.699797968157019,0.6667366910003157,0.14808979944035283,TRUE,0.6666666666666666,1,Anhui,0.9606720658320372,NA
all_years,surface water,fluoroquinolones,S. aureus | Cefoxitin,milk_output_2024,15,3,77,21,1,2015,2024,0.3714285714285714,0.17284974708033993,0.4178571428571428,0.1211725360218785,0.27743910513984715,0.014965986394557854,0.42857142857142855,0.11096021426087677,0.11071428571428571,0.694462647207096,TRUE,1,0.48520710059171596,Tibet,0.9040897335352907,0.8138668527285788
all_years,sediment,sulfonamides,S. aureus | Erythromycin,milk_output_2024,24,3,1061,135,2,2008,2025,0.37138509249330787,0.07396752736934642,0.35304347826086946,0.09060541970723551,0.0015521231748156271,0.520774428109915,0.20613177264851043,0.3338648970533443,0.7095652173913043,1.0319687237483659e-4,TRUE,1,0.5036639265559332,Guangdong,0.8667757141803278,0.7507306204313801
all_years,soil,fluoroquinolones,E. coli | Ceftriaxone,large_animals_year_end_2024,23,3,318,64,2,2006,2020,-0.3703338472164993,0.08195083405500564,-0.24209486166007907,0.2657271000486687,0.9845108143090242,0,-0.3653894700841028,0.08643958128251814,0.4288537549407115,0.04116225412837917,TRUE,1,0.4771736073668558,Tibet,0.8667757141803278,0.894456399270965
all_years,wastewater effluent,macrolides,E. coli | Levofloxacin,milk_output_2024,10,3,27,10,1,2018,2024,0.36969696969696964,0.2930500752928225,0.17575757575757575,0.6271883447764844,0.09424870603515988,0.3890909090909095,0.47878787878787876,0.16152292801745585,0.806060606060606,0.0048620611019646025,TRUE,1,0.5778688524590168,Hebei,0.9084965716610526,0.9643538787526716
all_years,wastewater effluent,macrolides,P. aeruginosa | Meropenem,large_animals_year_end_2024,10,3,27,10,1,2018,2024,-0.36969696969696964,0.2930500752928225,-0.2727272727272727,0.44583834154275137,0.09424870603515988,0.3890909090909095,0.4909090909090909,0.14965567342083677,-0.6848484848484848,0.02888279750673284,TRUE,1,0.7131147540983609,Guangdong,0.9084965716610526,0.9535880891790752
all_years,sediment,fluoroquinolones,S. aureus | Chloramphenicol,urban_env_infra_investment_2024,23,3,950,128,2,2007,2025,0.3695652173913043,0.08263688794382809,0.23221343873517786,0.28632757233033423,0.025862178954528397,0.2654973649538867,-0.3616600790513834,0.08994509168798827,-0.40118577075098816,0.057786798317303614,TRUE,1,0.38884644766997734,Anhui,0.8667757141803278,0.8969656318280155
all_years,soil,fluoroquinolones,E. coli | Cefuroxime,hospitals_count_2024,23,3,318,64,2,2006,2020,-0.36934497179001996,0.08283426425294045,-0.25691699604743085,0.23664567701812353,0.9845108143090242,0,-0.5305316663061466,0.00920503544877101,0.2875494071146245,0.1833737659091203,TRUE,1,0.43522581225573514,Tibet,0.8667757141803278,0.8756506136724482
all_years,soil,sulfonamides,S. aureus | Chloramphenicol,EconomicScaleIndex,20,3,313,56,2,2006,2019,-0.3692548999131554,0.10910023910700457,-0.2360902255639098,0.3162939707830975,0.22138678024989444,0.059746349446122726,0.5737461236962149,0.008166765310944247,-0.5171249062188248,0.019547120390212995,TRUE,1,0.4005290005856648,Liaoning,0.8797847845183826,0.9180513702300525
all_years,sediment,tetracyclines,S. aureus | Penicillin G,urban_share_2024,23,3,693,129,2,2004,2025,-0.36916235374583256,0.08299818818244045,-0.4505928853754941,0.03094774516843192,0.06310630550908343,0.17629345855989417,-0.04892513121932721,0.8245597755931289,-0.6946640316205533,2.3495864270621007e-4,FALSE,1,0.4687839322342612,Guizhou,0.8667757141803278,0.5697942153713511
all_years,sediment,lincosamides,A. baumannii | Ceftazidime,chemical_fertilizers_2024,13,3,26,22,1,2010,2018,-0.36863858808008876,0.21517716251196928,-0.3516483516483516,0.23869970534203355,0.2592759711301179,0.06997245179063301,-0.23933997882811733,0.4309595500618638,0.6538461538461539,0.015348516732105476,TRUE,1,0.40622713772371893,Guizhou,0.9077420142945268,0.8756506136724482
all_years,sediment,lincosamides,K. pneumoniae | Nitrofurantoin,sewage_disposal_capacity_2024,13,3,26,22,1,2010,2018,0.36863858808008876,0.21517716251196928,0.05494505494505495,0.8585042942308735,0.2592759711301179,0.06997245179063301,0.2310868761099064,0.4474852561081235,0.7637362637362637,0.0023766147979084403,TRUE,1,0.40622713772371893,Jiangsu,0.9077420142945268,0.9842154623604513
all_years,sediment,diaminopyrimidines,K. pneumoniae | Nitrofurantoin,sewage_disposal_capacity_2024,18,3,122,45,2,2008,2020,-0.3684210526315789,0.13248715636055633,-0.17234262125902994,0.49407642787678374,0.01039862314664235,0.47547758284600455,-0.20743034055727555,0.4088537259590218,0.6924664602683178,0.0014476080524246128,TRUE,1,0.35714285714285754,Hainan,0.8907699548976915,0.9606462350922552
all_years,sludge,tetracyclines,E. coli | Cefuroxime,total_aquatic_products_2024,14,3,77,19,2,2004,2020,-0.3682947537517004,0.19508646793450543,-0.3626373626373626,0.2025645438172418,0.30098512187415105,0.03648989898989916,0.4209082900019433,0.13394589712344326,-0.2087912087912088,0.47377883730981396,TRUE,1,0.8124573953388123,Hebei,0.9077420142945268,0.8680942753677526
all_years,wastewater effluent,fluoroquinolones,K. pneumoniae | Cefotaxime,freshwater_aquatic_products_2024,13,3,34,15,1,2016,2024,0.3681318681318681,0.21585718064938147,0.5,0.08186423116569437,0.28932970799328467,0.04803767660910481,-0.6978021978021978,0.00800071741122648,0.2032967032967033,0.5053147342962482,FALSE,1,0.5386702849389419,Guangdong,0.9077420142945268,0.7507306204313801
all_years,sediment,sulfonamides,P. aeruginosa | Amikacin,freshwater_aquatic_products_2024,24,3,1061,135,2,2008,2025,-0.36790607523341734,0.07692972417064879,-0.3460869565217391,0.09759766185158254,0.0015521231748156271,0.520774428109915,-0.3461622173591019,0.09751993168062467,0.22086956521739132,0.2996651742301721,TRUE,1,0.23311200634940923,Liaoning,0.8667757141803278,0.7674546268315644
all_years,surface water,fluoroquinolones,S. aureus | Gentamicin,milk_output_2024,15,3,77,21,1,2015,2024,0.36785714285714277,0.1773421468934914,0.28571428571428564,0.3019363513225497,0.27743910513984715,0.014965986394557854,0.42857142857142855,0.11096021426087677,0.475,0.07357086204591369,TRUE,1,0.5354742345033611,Hubei,0.9040897335352907,0.9122214762504753
all_years,soil,fluoroquinolones,K. pneumoniae | Meropenem,hospitals_count_2024,23,3,318,64,2,2006,2020,-0.36736722093706137,0.08462253941642751,-0.5474308300395258,0.0068574899732255406,0.9845108143090242,0,-0.5305316663061466,0.00920503544877101,0.3577075098814229,0.0937749113069188,TRUE,1,0.3610361820603228,Jilin,0.8667757141803278,0.4153533287640718
all_years,sediment,phenicols,P. aeruginosa | Aztreonam,urban_share_2024,14,3,58,25,1,2006,2020,-0.36703296703296706,0.1967388717074883,-0.29230769230769227,0.3105263203858824,0.20022103787458767,0.11060606060606078,-0.46813186813186813,0.0913763650683315,0.48131868131868133,0.08141829504280487,TRUE,1,0.48203592814371266,Hubei,0.9077420142945268,0.9122214762504753
all_years,sediment,phenicols,S. aureus | Gentamicin,urban_share_2024,14,3,58,25,1,2006,2020,-0.36703296703296706,0.1967388717074883,-0.27912087912087913,0.3338450771945549,0.20022103787458767,0.11060606060606078,-0.46813186813186813,0.0913763650683315,0.42417582417582417,0.13063731043811042,TRUE,1,0.6616766467065869,Jilin,0.9077420142945268,0.9248305921258484
all_years,surface water,macrolides,K. pneumoniae | Chloramphenicol,freshwater_aquatic_products_2024,14,3,42,16,1,2015,2023,-0.36703296703296706,0.1967388717074883,-0.10769230769230768,0.7140308087262489,0.006641885476426646,0.5788497217068641,-0.4153846153846154,0.1396659475175257,0.7758241758241758,0.001108478667778739,TRUE,1,0.7365269461077841,Guangdong,0.9077420142945268,0.9729669155213013
all_years,sludge,diaminopyrimidines,P. aeruginosa | Ciprofloxacin,hogs_year_end_2024,13,3,19,17,1,2010,2017,0.3669907180213119,0.21739344491415952,0.2967032967032967,0.32492158848597497,0.8019823386358851,0,-0.7050845291118119,0.007106491488108418,-0.19230769230769232,0.5290679872349876,TRUE,1,0.342452641398582,Gansu,0.9077420142945268,0.921151822516418
all_years,sludge,diaminopyrimidines,S. aureus | Gentamicin,pork_output_2024,13,3,19,17,1,2010,2017,0.3669907180213119,0.21739344491415952,0.1263736263736264,0.680785475070949,0.8019823386358851,0,-0.7166432918841367,0.005846431266760286,-0.35714285714285715,0.23092986230203383,TRUE,1,0.6373854186755432,Zhejiang,0.9077420142945268,0.9729669155213013
all_years,sludge,diaminopyrimidines,K. pneumoniae | Trimethoprim/Sulfamethoxazole,pork_output_2024,13,3,19,17,1,2010,2017,-0.3641010273282307,0.2213136642554958,-0.3736263736263737,0.2085540597952089,0.8019823386358851,0,-0.7166432918841367,0.005846431266760286,0.34615384615384615,0.24662526251007166,TRUE,1,0.49661837883673104,Beijing,0.9077420142945268,0.8680942753677526
all_years,sludge,tetracyclines,A. baumannii | Meropenem,sewage_disposal_capacity_2024,14,3,77,19,2,2004,2020,-0.3637196636429836,0.20112012350893074,-0.389010989010989,0.16921738979769044,0.30098512187415105,0.03648989898989916,0.1098021626092026,0.7086491974533016,0.6043956043956044,0.022056861754616054,FALSE,1,0.5694759876030815,Qinghai,0.9077420142945268,0.8449663040229046
all_years,wastewater influent,fluoroquinolones,P. aeruginosa | Cefepime,chemical_fertilizers_2024,11,3,44,12,1,2016,2024,-0.36363636363636365,0.27163754099382226,-0.07272727272727274,0.831716405381337,0.07495187103951058,0.3977272727272725,-0.34545454545454546,0.2980892209030389,-0.2909090909090909,0.385456969691365,FALSE,1,0.6166666666666667,Liaoning,0.9084965716610526,0.9842154623604513
all_years,sludge,fluoroquinolones,S. aureus | Erythromycin,milk_output_2024,16,3,149,31,2,2005,2017,-0.3629729212044004,0.16703622412432112,-0.1676470588235294,0.5348568245819432,0.06923543109736396,0.25696039035591295,-0.3022305139824395,0.2552382704186771,0.7617647058823529,6.053428380705901e-4,TRUE,1,0.28573118933435704,Liaoning,0.9040897335352907,0.9606462350922552
all_years,sediment,phenicols,E. coli | Polymyxin B,large_animals_year_end_2024,14,3,58,25,1,2006,2020,0.3626373626373626,0.2025645438172415,0.3362637362637363,0.23979220225725306,0.20022103787458767,0.11060606060606078,0.5076923076923077,0.06383915813376853,0.27912087912087913,0.33384507719455425,TRUE,1,0.37878787878787884,Hunan,0.9077420142945268,0.8756506136724482
all_years,surface water,sulfonamides,K. pneumoniae | Cefazolin,LivestockAquacultureIndex,14,3,49,15,1,2013,2024,0.3626373626373626,0.2025645438172415,0.5296703296703297,0.05141659813787076,0.07898257926378309,0.18961038961038862,-0.4862489191020163,0.07789960750661203,0.19801992180625097,0.49738323621605096,FALSE,1,0.5606060606060609,Shanxi,0.9077420142945268,0.6964332035201433
all_years,wastewater effluent,fluoroquinolones,E. coli | Ciprofloxacin,freshwater_aquatic_products_2024,13,3,34,15,1,2016,2024,0.3626373626373626,0.22331572029248162,0.38461538461538464,0.19441291997748622,0.28932970799328467,0.04803767660910481,-0.6978021978021978,0.00800071741122648,-0.45054945054945056,0.12233188767803571,TRUE,1,0.46556473829201134,Jiangsu,0.9077420142945268,0.8680942753677526
all_years,soil,diaminopyrimidines,K. pneumoniae | Tobramycin,grp_2024,8,3,9,8,1,2008,2015,-0.36147201953390995,0.37896407380977487,-0.380952380952381,0.35181255311756493,0.24103244438393973,0.07490909090909051,-0.2771285483093309,0.5063754253085381,0.7142857142857143,0.04652823228416723,TRUE,1,0.899384609576251,Beijing,0.9582118561710397,0.9268335373285431
all_years,soil,diaminopyrimidines,S. aureus | Amikacin,milk_output_2024,8,3,9,8,1,2008,2015,-0.36147201953390995,0.37896407380977487,-0.23809523809523814,0.5701563208157683,0.24103244438393973,0.07490909090909051,-0.5542570966186618,0.1539883457589951,0.2619047619047619,0.5309228615658013,TRUE,1,0.899384609576251,Beijing,0.9582118561710397,0.9606462350922552
all_years,soil,diaminopyrimidines,E. coli | Ampicillin,freshwater_aquatic_products_2024,8,3,9,8,1,2008,2015,0.36147201953390995,0.3789640738097753,0.5476190476190477,0.1600256425388963,0.24103244438393973,0.07490909090909051,0.44581549075848886,0.26825005020123793,0.5238095238095238,0.18272075053971484,TRUE,1,0.7607693324156087,Hebei,0.9582118561710397,0.8334416432151582
all_years,surface water,fluoroquinolones,P. aeruginosa | Levofloxacin,chemical_fertilizers_2024,15,3,77,21,1,2015,2024,0.36071428571428565,0.18655437415416332,0.41428571428571426,0.12471544223657098,0.27743910513984715,0.014965986394557854,0.4107142857142857,0.1283286460157489,0.6964285714285714,0.003921190506879554,TRUE,1,0.3236862147753236,Hebei,0.9040897335352907,0.818563978423839
all_years,surface water,tetracyclines,S. aureus | Rifampicin,urban_share_2024,15,2,42,17,1,2015,2024,0.36071428571428565,0.18655437415416332,0.16428571428571426,0.5584973732486012,1,0,-0.43214285714285716,0.10769303754639804,-0.5321428571428571,0.041158580386934276,TRUE,1,0.36024371667936017,Shandong,0.9040897335352907,0.9606462350922552
all_years,sediment,other,K. pneumoniae | Gentamicin,WastewaterHealthIndex,7,2,19,10,1,2008,2018,-0.3603749850782236,0.42714880856090626,NA,NA,0.3724558699813696,0,-0.4,0.37393392381774704,0.41443123283995714,0.3552689437660521,TRUE,1,0.7696792663876565,Guangdong,0.9606720658320372,NA
all_years,sediment,other,K. pneumoniae | Trimethoprim/Sulfamethoxazole,WastewaterHealthIndex,7,2,19,10,1,2008,2018,-0.3603749850782236,0.42714880856090626,NA,NA,0.3724558699813696,0,-0.4,0.37393392381774704,0.30631873731649006,0.5040270086665882,TRUE,0.8571428571428571,1.3327590329655468,Guangdong,0.9606720658320372,NA
all_years,soil,sulfonamides,E. coli | Trimethoprim/Sulfamethoxazole,grp_per_capita_2024,20,3,313,56,2,2006,2019,-0.3602119227724251,0.11873677698634844,0.009022556390977442,0.9698849998123448,0.22138678024989444,0.059746349446122726,0.5425786284438201,0.01344424302302041,-0.8030075187969925,2.024332720754983e-5,TRUE,1,0.48940496924207705,Liaoning,0.8797847845183826,0.9881783805943072
all_years,sludge,fluoroquinolones,E. coli | Tobramycin,milk_output_2024,16,3,149,31,2,2005,2017,-0.3585283548223057,0.17268273694026204,-0.3529411764705882,0.17995865788498142,0.06923543109736396,0.25696039035591295,-0.3022305139824395,0.2552382704186771,0.6794117647058824,0.00379343266915975,TRUE,1,0.3720305465813916,Jiangsu,0.9040897335352907,0.8521945107646086
all_years,sediment,phenicols,S. aureus | Cefoxitin,grp_per_capita_2024,14,3,58,25,1,2006,2020,-0.35824175824175825,0.208498124790767,-0.2879120879120879,0.3181928710258007,0.20022103787458767,0.11060606060606078,-0.6263736263736264,0.016541935428871186,0.7142857142857143,0.004104409161880227,TRUE,1,0.45705521472392646,Guangdong,0.9077420142945268,0.9180513702300525
all_years,surface water,sulfonamides,S. aureus | Nitrofurantoin,hogs_year_end_2024,14,3,49,15,1,2013,2024,-0.35824175824175825,0.208498124790767,-0.12087912087912088,0.6806070200628929,0.07898257926378309,0.18961038961038862,-0.4461538461538462,0.10980712780122513,0.2043956043956044,0.4833462230422234,TRUE,1,0.4478527607361963,Guangxi,0.9077420142945268,0.9729669155213013
all_years,sludge,macrolides,S. aureus | Chloramphenicol,hogs_year_end_2024,14,3,77,25,1,2005,2017,0.3582025660280483,0.20855151611662764,0.47692307692307695,0.08464843419468661,0.8556343441410651,0,0.6118366811038092,0.020054411609237308,-0.12087912087912088,0.6806070200628929,FALSE,1,0.3823767543344956,Shanghai,0.9077420142945268,0.7507306204313801
all_years,sediment,fluoroquinolones,E. coli | Ertapenem,sewage_disposal_capacity_2024,23,3,950,128,2,2007,2025,0.3577075098814229,0.0937749113069188,0.458498023715415,0.027778181718757528,0.025862178954528397,0.2654973649538867,-0.1600790513833992,0.4656193711578118,0.3349802371541502,0.11818082467219873,FALSE,1,0.47592738752959785,Xinjiang,0.8797847845183826,0.5536685420358437
all_years,wastewater effluent,macrolides,E. coli | Cefoxitin,milk_output_2024,10,3,27,10,1,2018,2024,0.3575757575757575,0.3103760917056805,0.06666666666666667,0.8548130882487426,0.09424870603515988,0.3890909090909095,0.47878787878787876,0.16152292801745585,0.44242424242424244,0.20042268671194216,TRUE,1,0.6779661016949156,Xinjiang,0.9212799171433933,0.9842154623604513
all_years,wastewater effluent,macrolides,E. coli | Gentamicin,milk_output_2024,10,3,27,10,1,2018,2024,0.3575757575757575,0.3103760917056805,0.2363636363636363,0.5108853175152004,0.09424870603515988,0.3890909090909095,0.47878787878787876,0.16152292801745585,0.7333333333333333,0.015800596250571564,TRUE,1,0.7711864406779665,Hebei,0.9212799171433933,0.9606462350922552
all_years,wastewater effluent,macrolides,P. aeruginosa | Ceftazidime,large_animals_year_end_2024,10,3,27,10,1,2018,2024,-0.3575757575757575,0.3103760917056805,-0.3818181818181818,0.2762553333854361,0.09424870603515988,0.3890909090909095,0.4909090909090909,0.14965567342083677,-0.503030303030303,0.13833369839449197,TRUE,1,1.050847457627119,Guangdong,0.9212799171433933,0.8969656318280155
all_years,wastewater effluent,fluoroquinolones,K. pneumoniae | Chloramphenicol,freshwater_aquatic_products_2024,13,3,34,15,1,2016,2024,-0.35714285714285715,0.23092986230203383,-0.42307692307692313,0.1497485415549681,0.28932970799328467,0.04803767660910481,-0.6978021978021978,0.00800071741122648,0.6703296703296703,0.012166220319952023,TRUE,1,0.33146853146853156,Zhejiang,0.9077420142945268,0.8334416432151582
all_years,wastewater effluent,fluoroquinolones,K. pneumoniae | Nitrofurantoin,sewage_pipe_length_2024,13,3,34,15,1,2016,2024,-0.35714285714285715,0.23092986230203383,-0.2527472527472528,0.40477407127094656,0.28932970799328467,0.04803767660910481,-0.5714285714285714,0.0413422673717235,0.6263736263736264,0.021988602409889625,TRUE,1,0.6055944055944056,Beijing,0.9077420142945268,0.9479489788776115
all_years,surface water,fluoroquinolones,E. coli | Gentamicin,milk_output_2024,15,3,77,21,1,2015,2024,0.3571428571428571,0.19127476343157898,0.3535714285714285,0.19607167843419906,0.27743910513984715,0.014965986394557854,0.42857142857142855,0.11096021426087677,0.7107142857142857,0.0029789948868027454,TRUE,1,0.36000000000000015,Shanxi,0.9077420142945268,0.8680942753677526
all_years,surface water,tetracyclines,E. coli | Ciprofloxacin,chemical_fertilizers_2024,15,2,42,17,1,2015,2024,0.3571428571428571,0.19127476343157898,0.2535714285714285,0.3618161038158896,1,0,0.19285714285714287,0.49104870160522307,0.5964285714285714,0.01893192468786513,TRUE,1,0.4153846153846153,Jiangsu,0.9077420142945268,0.9299965133633268
all_years,sediment,beta-lactams,A. baumannii | Aztreonam,WastewaterHealthIndex,7,3,34,15,1,2012,2018,-0.3571428571428571,0.4316113520383278,NA,NA,0.8983973213480706,0,0.14547859349066158,0.7556330131047917,0.0909241209316635,0.8462796783701478,FALSE,0.8571428571428571,1.32,Shaanxi,0.9606720658320372,NA
all_years,surface water,diaminopyrimidines,A. baumannii | Amikacin,LivestockAquacultureIndex,7,2,9,8,1,2018,2024,-0.3571428571428571,0.4316113520383278,NA,NA,NA,NA,-0.5714285714285714,0.18020198891152778,0.5,0.2531699951003227,TRUE,1,1.0000000000000002,Tibet,0.9606720658320372,NA
all_years,sediment,beta-lactams,E. coli | Polymyxin B,LivestockAquacultureIndex,7,3,34,15,1,2012,2018,0.3571428571428571,0.4316113520383284,NA,NA,0.8983973213480706,0,-0.14285714285714285,0.7599453002180931,0.5714285714285714,0.18020198891152778,FALSE,1,1.4800000000000004,Shaanxi,0.9606720658320372,NA
all_years,surface water,diaminopyrimidines,S. aureus | Penicillin G,LivestockAquacultureIndex,7,2,9,8,1,2018,2024,0.3571428571428571,0.4316113520383284,NA,NA,NA,NA,-0.5714285714285714,0.18020198891152778,0,1,FALSE,0.8571428571428571,1.32,Zhejiang,0.9606720658320372,NA
all_years,sludge,diaminopyrimidines,P. aeruginosa | Polymyxin B,hogs_year_end_2024,13,3,19,17,1,2010,2017,0.3554319552489871,0.23333257289557213,0.45054945054945056,0.12233188767803571,0.8019823386358851,0,-0.7050845291118119,0.007106491488108418,-0.24175824175824176,0.42617551959450883,TRUE,1,0.43861379081632984,Guangdong,0.9077420142945268,0.8138668527285788
all_years,soil,sulfonamides,K. pneumoniae | Cefuroxime,EconomicScaleIndex,20,3,313,56,2,2006,2019,0.3549368527736657,0.12463168931408401,0.09624060150375939,0.6864870716570239,0.22138678024989444,0.059746349446122726,0.5737461236962149,0.008166765310944247,0.4305610572884538,0.05808080610563148,TRUE,1,0.4743714708925522,Chongqing,0.8876554114710145,0.9729669155213013
all_years,wastewater influent,fluoroquinolones,A. baumannii | Minocycline,total_aquatic_products_2024,11,3,44,12,1,2016,2024,0.35454545454545455,0.28469274095588704,-0.03636363636363637,0.9154683168905347,0.07495187103951058,0.3977272727272725,-0.37272727272727274,0.2589258736842223,-0.35454545454545455,0.2846927409558868,TRUE,1,0.6068376068376069,Beijing,0.9084965716610526,0.9842154623604513
all_years,wastewater influent,fluoroquinolones,E. coli | Cefepime,urban_share_2024,11,3,44,12,1,2016,2024,0.35454545454545455,0.28469274095588704,0.4272727272727273,0.18994372496542714,0.07495187103951058,0.3977272727272725,0.2727272727272727,0.41714143714253127,0.5636363636363636,0.07095173447637536,TRUE,1,0.5555555555555552,Sichuan,0.9084965716610526,0.8593054117435923
all_years,wastewater influent,fluoroquinolones,E. coli | Gentamicin,milk_output_2024,11,3,44,12,1,2016,2024,0.35454545454545455,0.28469274095588704,0.5545454545454546,0.07665233333978251,0.07495187103951058,0.3977272727272725,0.2909090909090909,0.38545696969136556,0.6727272727272727,0.023313039833185972,TRUE,1,0.6068376068376069,Zhejiang,0.9084965716610526,0.7507306204313801
all_years,wastewater influent,fluoroquinolones,E. coli | Trimethoprim/Sulfamethoxazole,milk_output_2024,11,3,44,12,1,2016,2024,0.35454545454545455,0.28469274095588704,0.5181818181818182,0.10249153979096383,0.07495187103951058,0.3977272727272725,0.2909090909090909,0.38545696969136556,0.6272727272727273,0.03884525362035334,TRUE,1,0.47008547008547014,Zhejiang,0.9084965716610526,0.7738974610579332
all_years,surface water,fluoroquinolones,K. pneumoniae | Polymyxin B,milk_output_2024,14,3,77,21,1,2015,2024,-0.35384615384615387,0.21453987088124624,-0.3626373626373626,0.2025645438172418,0.27743910513984715,0.014965986394557854,0.4725274725274725,0.08796742461254224,-0.4065934065934066,0.14910193900151375,TRUE,1,0.36645962732919246,Hubei,0.9077420142945268,0.8680942753677526
all_years,surface water,tetracyclines,K. pneumoniae | Cefotetan,hogs_year_end_2024,15,2,42,17,1,2015,2024,0.3535714285714285,0.19607167843419906,0.19999999999999996,0.4748139645221686,1,0,0.2357142857142857,0.3977029459032726,0.6285714285714286,0.012079539175905785,TRUE,1,0.4219114219114217,Henan,0.9077420142945268,0.9606462350922552
all_years,surface water,tetracyclines,S. aureus | Amikacin,hospitals_count_2024,15,2,42,17,1,2015,2024,0.3535714285714285,0.19607167843419906,0.29285714285714276,0.2894716672124011,1,0,0.2357142857142857,0.3977029459032726,0.4642857142857143,0.08125098075549496,TRUE,1,0.634809634809635,Hubei,0.9077420142945268,0.8969656318280155
all_years,sludge,sulfonamides,S. aureus | Cefoxitin,urban_env_infra_investment_2024,16,3,143,28,1,2005,2017,0.3530864771296474,0.17976692069103659,0.4235294117647058,0.10210932208599748,0.6133729962850374,0,0.24255505820210563,0.3653907279159272,0.4441176470588235,0.08482274417741589,TRUE,1,0.2749824125120548,Heilongjiang,0.9040897335352907,0.7738974610579332
all_years,sediment,macrolides,K. pneumoniae | Meropenem,grp_2024,23,3,430,93,2,2008,2025,-0.3527667984189723,0.09873090026878216,-0.36264822134387353,0.08900612431420185,0.003177020108859277,0.4751811594202898,-0.37351778656126483,0.07915444117090965,0.6413043478260869,9.744185569798843e-4,TRUE,1,0.1956782713085238,Qinghai,0.8797847845183826,0.7507306204313801
all_years,sediment,diaminopyrimidines,S. aureus | Oxacillin,grp_2024,18,3,122,45,2,2008,2020,-0.35190918472652216,0.15210693918997742,-0.2198142414860681,0.38079539135013785,0.01039862314664235,0.47547758284600455,-0.32507739938080493,0.18808478142236898,0.47368421052631576,0.04706411117172422,TRUE,1,0.3244134897360702,Tianjin,0.9040897335352907,0.941610697038996
all_years,wastewater influent,sulfonamides,A. baumannii | Levofloxacin,freshwater_aquatic_products_2024,9,3,30,9,1,2016,2024,0.35,0.3558195725017889,0.65,0.05807305801714861,0.8007374029168087,0,-0.6333333333333333,0.06708578689234561,0.36666666666666664,0.3317398014330152,FALSE,1,0.9727891156462593,Shanxi,0.9526686311875808,0.7193041300970549
all_years,wastewater influent,sulfonamides,P. aeruginosa | Cefepime,freshwater_aquatic_products_2024,9,3,30,9,1,2016,2024,0.35,0.3558195725017889,0.36666666666666664,0.3317398014330152,0.8007374029168087,0,-0.6333333333333333,0.06708578689234561,-0.2833333333333333,0.4600303289657205,TRUE,1,0.7959183673469387,Guangdong,0.9526686311875808,0.9248305921258484
all_years,surface water,fluoroquinolones,K. pneumoniae | Cefotetan,hospital_beds_2024,15,3,77,21,1,2015,2024,0.3499999999999999,0.20094535081629372,0.2821428571428571,0.3082844568200556,0.27743910513984715,0.014965986394557854,0.36428571428571427,0.18191025904581395,0.6071428571428571,0.01638130676830714,TRUE,1,0.48822605965463123,Jiangxi,0.9077420142945268,0.9122214762504753
all_years,sludge,diaminopyrimidines,S. aureus | Levofloxacin,urban_share_2024,13,3,19,17,1,2010,2017,0.3496525738628247,0.24156051189056468,0.14285714285714285,0.6415164215860886,0.8019823386358851,0,0.19071958574335895,0.5325404019517954,0.7032967032967034,0.007318569842104322,TRUE,1,0.19942014717496287,Hebei,0.9077420142945268,0.9699934128527622
all_years,sediment,phenicols,A. baumannii | Minocycline,grp_per_capita_2024,14,3,58,25,1,2006,2020,-0.34945054945054943,0.220689997746447,-0.22637362637362637,0.43643479455605194,0.20022103787458767,0.11060606060606078,-0.6263736263736264,0.016541935428871186,0.3230769230769231,0.2598736195087899,TRUE,1,0.509433962264151,Guangxi,0.9077420142945268,0.9507920383745695
all_years,surface water,macrolides,E. coli | Meropenem,pork_output_2024,14,3,42,16,1,2015,2023,-0.34945054945054943,0.220689997746447,0.06813186813186813,0.8169838797817922,0.006641885476426646,0.5788497217068641,-0.3978021978021978,0.15895077451083486,0.8989010989010989,1.2358700865600847e-5,TRUE,1,0.588050314465409,Guangdong,0.9077420142945268,0.9842154623604513
all_years,surface water,macrolides,K. pneumoniae | Ertapenem,chemical_fertilizers_2024,14,3,42,16,1,2015,2023,-0.34945054945054943,0.220689997746447,-0.059340659340659345,0.8403017626906826,0.006641885476426646,0.5788497217068641,-0.512087912087912,0.061198486156458405,0.643956043956044,0.012942152559322932,TRUE,1,0.4025157232704402,Henan,0.9077420142945268,0.9842154623604513
all_years,soil,diaminopyrimidines,P. aeruginosa | Tobramycin,milk_output_2024,8,3,9,8,1,2008,2015,-0.34942295221611297,0.3962076825398593,-0.28571428571428575,0.49272624501695705,0.24103244438393973,0.07490909090909051,-0.5542570966186618,0.1539883457589951,0.6904761904761905,0.05799031816457269,TRUE,1,0.742164200439145,Chongqing,0.9582118561710397,0.9606462350922552
all_years,sediment,lincosamides,A. baumannii | Ciprofloxacin,chemical_fertilizers_2024,13,3,26,22,1,2010,2018,-0.34938134840426327,0.24195088010629676,-0.39010989010989017,0.1875741161338378,0.2592759711301179,0.06997245179063301,-0.23933997882811733,0.4309595500618638,0.6758241758241759,0.011225245577668611,TRUE,1,0.6140638576958666,Guizhou,0.9077420142945268,0.8528211362044058
all_years,sludge,tetracyclines,E. coli | Levofloxacin,milk_output_2024,14,3,77,19,2,2004,2020,-0.3477068482624749,0.22315976857001554,-0.24835164835164833,0.3919195389384572,0.30098512187415105,0.03648989898989916,-0.13496515820714486,0.6454977036795251,0.7450549450549451,0.002230037316742069,TRUE,1,0.844977563915466,Hebei,0.9077420142945268,0.9479489788776115
all_years,soil,tetracyclines,S. aureus | Penicillin G,urban_share_2024,24,3,312,68,2,2007,2022,-0.34695652173913044,0.09670236783045816,-0.11826086956521736,0.5820677933682573,0.48567178524771265,0,0.25043478260869567,0.23787902276971334,-0.7156521739130435,8.43857663600932e-5,TRUE,1,0.26737297789929354,Zhejiang,0.8797847845183826,0.9606462350922552
all_years,sediment,macrolides,S. aureus | Gentamicin,milk_output_2024,23,3,430,93,2,2008,2025,0.3468379446640316,0.10493057615386295,0.4614624505928854,0.02665868230373516,0.003177020108859277,0.4751811594202898,0.21936758893280633,0.31456006390749924,0.5988142292490118,0.002536201568479607,TRUE,1,0.20634920634920664,Hubei,0.8797847845183826,0.5536685420358437
all_years,surface water,fluoroquinolones,P. aeruginosa | Imipenem,hospitals_count_2024,15,3,77,21,1,2015,2024,0.34642857142857136,0.20589599209355144,0.34642857142857136,0.20589599209355144,0.27743910513984715,0.014965986394557854,0.4035714285714286,0.13576799650365637,0.5107142857142857,0.051725498368269236,TRUE,1,0.30848532910388565,Hebei,0.9077420142945268,0.8680942753677526
all_years,surface water,tetracyclines,P. aeruginosa | Tobramycin,grp_per_capita_2024,15,2,42,17,1,2015,2024,0.34642857142857136,0.20589599209355144,0.10357142857142856,0.7133796306287292,1,0,-0.49642857142857144,0.059797413749923985,-0.125,0.6571356681869504,TRUE,1,0.4353687549563837,Henan,0.9077420142945268,0.9729669155213013
all_years,sediment,tetracyclines,P. aeruginosa | Levofloxacin,grp_2024,23,3,693,129,2,2004,2025,-0.34593527124776813,0.10589902000629443,-0.12351778656126482,0.5744611041376417,0.06310630550908343,0.17629345855989417,-0.29701014002844095,0.1687385708187329,0.6067193675889329,0.002144202213860906,TRUE,1,0.5559733069972924,Qinghai,0.8797847845183826,0.9606462350922552
all_years,sediment,sulfonamides,E. coli | Chloramphenicol,total_aquatic_products_2024,24,3,1061,135,2,2008,2025,-0.34572734020161566,0.09796971281087313,-0.3565217391304347,0.08725310458309897,0.0015521231748156271,0.520774428109915,-0.36747119807593104,0.07730622585656055,0.4504347826086956,0.027187078784635606,TRUE,1,0.4108480173274815,Guangdong,0.8797847845183826,0.7507306204313801
all_years,sediment,diaminopyrimidines,E. coli | Ertapenem,grp_2024,18,3,122,45,2,2008,2020,0.3457172342621259,0.15995306278645877,0.40763673890608876,0.09312305169960113,0.01039862314664235,0.47547758284600455,-0.32507739938080493,0.18808478142236898,-0.304437564499484,0.21933066080450428,TRUE,1,0.2832089552238808,Chongqing,0.9040897335352907,0.7523012248017777
all_years,soil,fluoroquinolones,K. pneumoniae | Nitrofurantoin,sewage_disposal_capacity_2024,23,3,318,64,2,2006,2020,-0.3456119615545167,0.10624747835435154,-0.5701581027667985,0.004503831633144598,0.9845108143090242,0,-0.2793573079804033,0.196731172213068,0.782608695652174,1.0185227503637145e-5,TRUE,1,0.26035362867341105,Guizhou,0.8797847845183826,0.3707855110571458
all_years,wastewater influent,fluoroquinolones,P. aeruginosa | Ceftazidime,chemical_fertilizers_2024,11,3,44,12,1,2016,2024,-0.34545454545454546,0.2980892209030389,-0.009090909090909092,0.9788365001441937,0.07495187103951058,0.3977272727272725,-0.34545454545454546,0.2980892209030389,-0.37272727272727274,0.2589258736842223,FALSE,1,0.6315789473684209,Liaoning,0.9094418877550858,0.9919929047160242
all_years,wastewater effluent,macrolides,E. coli | Nitrofurantoin,large_animals_year_end_2024,10,3,27,10,1,2018,2024,0.3454545454545454,0.32822651147136733,-0.2121212121212121,0.5563057751029297,0.09424870603515988,0.3890909090909095,0.4909090909090909,0.14965567342083677,0.8181818181818182,0.003814920082550725,TRUE,1,0.6622807017543859,Guangdong,0.9323150863286164,0.9606462350922552
all_years,wastewater effluent,macrolides,K. pneumoniae | Cefoxitin,freshwater_aquatic_products_2024,10,3,27,10,1,2018,2024,-0.3454545454545454,0.32822651147136733,-0.18787878787878787,0.6032176100292088,0.09424870603515988,0.3890909090909095,-0.4909090909090909,0.14965567342083683,0.41818181818181815,0.22911284098281884,TRUE,1,0.6403508771929827,Zhejiang,0.9323150863286164,0.9606462350922552
all_years,wastewater effluent,macrolides,P. aeruginosa | Aztreonam,large_animals_year_end_2024,10,3,27,10,1,2018,2024,-0.3454545454545454,0.32822651147136733,-0.18787878787878787,0.6032176100292088,0.09424870603515988,0.3890909090909095,0.4909090909090909,0.14965567342083677,-0.7090909090909091,0.021665923367532435,TRUE,1,0.5438596491228073,Guangdong,0.9323150863286164,0.9606462350922552
all_years,sludge,fluoroquinolones,K. pneumoniae | Trimethoprim/Sulfamethoxazole,sewage_disposal_capacity_2024,16,3,149,31,2,2005,2017,0.34519465567602164,0.190376667861959,-0.038235294117647055,0.888197653985307,0.06923543109736396,0.25696039035591295,0.41334467353480697,0.11152120896786284,0.8264705882352941,7.92354858224972e-5,TRUE,1,0.513765406767628,Tianjin,0.9077420142945268,0.9842154623604513
all_years,surface water,macrolides,P. aeruginosa | Tobramycin,chemical_fertilizers_2024,14,3,42,16,1,2015,2023,-0.34505494505494505,0.22694868004170002,-0.2087912087912088,0.47377883730981396,0.006641885476426646,0.5788497217068641,-0.512087912087912,0.061198486156458405,0.35824175824175825,0.20849812479076696,TRUE,1,0.4585987261146496,Anhui,0.9077420142945268,0.9606462350922552
all_years,sludge,macrolides,E. coli | Ceftazidime,milk_output_2024,14,3,77,25,1,2005,2017,-0.34485340207669246,0.22723825219538635,-0.4681318681318681,0.0913763650683315,0.8556343441410651,0,-0.34262854141813315,0.23045006637631998,0.6395604395604395,0.013779616833463801,TRUE,1,0.4337274878751685,Guangdong,0.9077420142945268,0.7508889348012985
all_years,soil,fluoroquinolones,P. aeruginosa | Tobramycin,hospitals_count_2024,23,3,318,64,2,2006,2020,-0.34412864841479773,0.10785696912596193,-0.5158102766798419,0.01175739777565201,0.9845108143090242,0,-0.5305316663061466,0.00920503544877101,0.15810276679841898,0.47121646253366734,TRUE,1,0.27563666358436745,Sichuan,0.8797847845183826,0.42214656775436266
all_years,soil,macrolides,E. coli | Chloramphenicol,milk_output_2024,20,3,104,34,2,2006,2020,-0.3440509011956925,0.1374499600085604,-0.41353383458646614,0.06992073829262126,0.3132637601270729,0.018907030492805205,0.43554575623894254,0.054921130935576906,-0.2075187969924812,0.37999323699324683,TRUE,1,0.3294694836824778,Guangdong,0.9027002041668268,0.7507306204313801
all_years,sediment,tetracyclines,S. aureus | Oxacillin,grp_2024,23,3,693,129,2,2004,2025,-0.3434643050245698,0.10858359164832476,-0.26679841897233203,0.2184637655539391,0.06310630550908343,0.17629345855989417,-0.29701014002844095,0.1687385708187329,0.43478260869565216,0.03814605716443817,TRUE,1,0.22710528961611698,Jiangsu,0.8797847845183826,0.8756506136724482
all_years,sludge,tetracyclines,E. coli | Ceftazidime,milk_output_2024,14,3,77,19,2,2004,2020,-0.3431317581537581,0.2297211838272124,-0.43296703296703293,0.1220100059684803,0.30098512187415105,0.03648989898989916,-0.13496515820714486,0.6454977036795251,0.5692307692307692,0.03361941707727023,TRUE,1,0.8527342263463417,Hebei,0.9077420142945268,0.8138668527285788
all_years,soil,fluoroquinolones,E. coli | Chloramphenicol,pork_output_2024,23,3,318,64,2,2006,2020,-0.3426453352750788,0.10948426423562081,-0.191699604743083,0.3808902686961456,0.9845108143090242,0,-0.4212609316801834,0.04529455133056167,0.33794466403162055,0.11475994546630613,TRUE,1,0.289767764659136,Fujian,0.8797847845183826,0.941610697038996
all_years,sediment,other,A. baumannii | Cefotaxime,WastewaterHealthIndex,7,2,19,10,1,2008,2018,-0.34235623582431235,0.45225122159090597,NA,NA,0.3724558699813696,0,-0.4,0.37393392381774704,0.23424374030084533,0.6131550369752421,TRUE,0.8571428571428571,1.1693472982189144,Tianjin,0.9606720658320372,NA
all_years,sediment,other,E. coli | Levofloxacin,WastewaterHealthIndex,7,2,19,10,1,2008,2018,-0.34235623582431235,0.45225122159090597,NA,NA,0.3724558699813696,0,-0.4,0.37393392381774704,0.19820624179302296,0.6700850339168269,TRUE,1,0.8628202804080597,Jiangxi,0.9606720658320372,NA
all_years,sediment,other,E. coli | Trimethoprim/Sulfamethoxazole,WastewaterHealthIndex,7,2,19,10,1,2008,2018,0.34235623582431235,0.45225122159090597,NA,NA,0.3724558699813696,0,-0.4,0.37393392381774704,-0.1801874925391118,0.6990457740939315,TRUE,1,1.253292011962788,Shandong,0.9606720658320372,NA
all_years,sediment,other,K. pneumoniae | Ampicillin,WastewaterHealthIndex,7,2,19,10,1,2008,2018,-0.34235623582431235,0.45225122159090597,NA,NA,0.3724558699813696,0,-0.4,0.37393392381774704,-0.3964124835860459,0.37863470950041317,FALSE,0.8571428571428571,1.1693472982189144,Tianjin,0.9606720658320372,NA
all_years,sediment,other,K. pneumoniae | Aztreonam,WastewaterHealthIndex,7,2,19,10,1,2008,2018,-0.34235623582431235,0.45225122159090597,NA,NA,0.3724558699813696,0,-0.4,0.37393392381774704,0.10811249552346708,0.8175332656241185,TRUE,0.8571428571428571,1.1693472982189144,Tianjin,0.9606720658320372,NA
all_years,sediment,other,K. pneumoniae | Ertapenem,LivestockAquacultureIndex,7,2,19,10,1,2008,2018,-0.34235623582431235,0.45225122159090597,NA,NA,0.3724558699813696,0,-0.10811249552346708,0.8175332656241181,-0.4642857142857143,0.29393410760025207,FALSE,1,1.253292011962788,Shandong,0.9606720658320372,NA
all_years,sediment,other,K. pneumoniae | Imipenem,WastewaterHealthIndex,7,2,19,10,1,2008,2018,-0.34235623582431235,0.45225122159090597,NA,NA,0.3724558699813696,0,-0.4,0.37393392381774704,0.1801874925391118,0.6990457740939315,TRUE,1,1.253292011962788,Shandong,0.9606720658320372,NA
all_years,sediment,other,K. pneumoniae | Meropenem,WastewaterHealthIndex,7,2,19,10,1,2008,2018,-0.34235623582431235,0.45225122159090597,NA,NA,0.3724558699813696,0,-0.4,0.37393392381774704,0.1801874925391118,0.6990457740939315,TRUE,1,1.253292011962788,Shandong,0.9606720658320372,NA
all_years,sediment,other,S. aureus | Levofloxacin,WastewaterHealthIndex,7,2,19,10,1,2008,2018,-0.34235623582431235,0.45225122159090597,NA,NA,0.3724558699813696,0,-0.4,0.37393392381774704,0.4504687313477795,0.3104293018513229,TRUE,1,0.9165447402976745,Shanghai,0.9606720658320372,NA
all_years,sediment,lincosamides,A. baumannii | Ceftriaxone,chemical_fertilizers_2024,13,3,26,22,1,2010,2018,-0.3411282456860523,0.2540107344193662,-0.3516483516483516,0.23869970534203355,0.2592759711301179,0.06997245179063301,-0.23933997882811733,0.4309595500618638,0.45604395604395603,0.11728306543614495,TRUE,1,0.41695467691733895,Guizhou,0.9077420142945268,0.8756506136724482
all_years,sediment,lincosamides,A. baumannii | Imipenem,chemical_fertilizers_2024,13,3,26,22,1,2010,2018,-0.3411282456860523,0.2540107344193662,-0.39010989010989017,0.1875741161338378,0.2592759711301179,0.06997245179063301,-0.23933997882811733,0.4309595500618638,0.6703296703296703,0.012166220319952023,TRUE,1,0.6223104271952141,Guizhou,0.9077420142945268,0.8528211362044058
all_years,sludge,diaminopyrimidines,E. coli | Tigecycline,freshwater_aquatic_products_2024,13,3,19,17,1,2010,2017,0.3409835017835811,0.2542253737983046,0.5,0.08186423116569437,0.8019823386358851,0,-0.5288133968338589,0.06315863753009365,-0.510989010989011,0.07432891414402142,TRUE,1,0.5621687584550079,Gansu,0.9077420142945268,0.7507306204313801
all_years,sediment,sulfonamides,S. aureus | Gentamicin,milk_output_2024,24,3,1061,135,2,2008,2025,0.34094369146926623,0.10301947188333346,0.388695652173913,0.06049840464982582,0.0015521231748156271,0.520774428109915,0.20613177264851043,0.3338648970533443,0.5130434782608696,0.010353828161824782,TRUE,1,0.2375701525367623,Hainan,0.8797847845183826,0.7240602715233122
all_years,surface water,sulfonamides,A. baumannii | Levofloxacin,LivestockAquacultureIndex,14,3,49,15,1,2013,2024,-0.34065934065934067,0.23331605103682326,-0.2087912087912088,0.47377883730981396,0.07898257926378309,0.18961038961038862,-0.4862489191020163,0.07789960750661203,0.5566560024109055,0.03868362446395851,TRUE,1,0.4193548387096774,Guangxi,0.9077420142945268,0.9606462350922552
all_years,soil,fluoroquinolones,E. coli | Cefepime,grp_per_capita_2024,23,3,318,64,2,2006,2020,-0.33967870899564084,0.11279265924817625,-0.28063241106719367,0.19460991482665604,0.9845108143090242,0,0.41433880369482834,0.04933753133495683,-0.18379446640316205,0.40120109039639607,TRUE,1,0.3842183083648951,Tibet,0.8797847845183826,0.8680942753677526
all_years,surface water,fluoroquinolones,S. aureus | Chloramphenicol,hospitals_count_2024,15,3,77,21,1,2015,2024,0.33928571428571425,0.21602892534195475,0.5499999999999999,0.03365535781500704,0.27743910513984715,0.014965986394557854,0.4035714285714286,0.13576799650365637,-0.5107142857142857,0.051725498368269236,FALSE,1,0.3927125506072877,Hainan,0.9077420142945268,0.5697942153713511
all_years,surface water,tetracyclines,E. coli | Cefotetan,hospitals_count_2024,15,2,42,17,1,2015,2024,0.33928571428571425,0.21602892534195475,0.33928571428571425,0.21602892534195475,1,0,0.2357142857142857,0.3977029459032726,0.8321428571428572,1.1902824493849791e-4,TRUE,1,0.45748987854251016,Shandong,0.9077420142945268,0.872602552006253
all_years,soil,macrolides,E. coli | Amikacin,milk_output_2024,20,3,104,34,2,2006,2020,-0.33800165458126274,0.14496103339204106,-0.2932330827067669,0.2095713888030252,0.3132637601270729,0.018907030492805205,0.43554575623894254,0.054921130935576906,0.39097744360902253,0.08828010210661397,FALSE,1,0.32859339364786894,Tibet,0.9040897335352907,0.8680942753677526
all_years,soil,tetracyclines,S. aureus | Rifampicin,hospitals_count_2024,24,3,312,68,2,2007,2022,0.33739130434782605,0.10689212043935843,0.3608695652173913,0.08319459278354295,0.48567178524771265,0,-0.35391304347826086,0.0897584560898227,-0.26260869565217393,0.21507317009837817,TRUE,1,0.2678069353327085,Zhejiang,0.8797847845183826,0.7507306204313801
all_years,soil,diaminopyrimidines,A. baumannii | Levofloxacin,freshwater_aquatic_products_2024,8,3,9,8,1,2008,2015,0.33737388489831593,0.4137852789694415,0.21428571428571433,0.6103444156452669,0.24103244438393973,0.07490909090909051,0.44581549075848886,0.26825005020123793,0.5476190476190477,0.1600256425388963,TRUE,1,0.7863646232210059,Hubei,0.9606720658320372,0.9606462350922552
all_years,sediment,sulfonamides,A. baumannii | Tigecycline,sewage_disposal_capacity_2024,24,3,1061,135,2,2008,2025,-0.33702979705188946,0.10729214704670023,-0.328695652173913,0.11682275058870716,0.0015521231748156271,0.520774428109915,-0.130898024403379,0.542083078884666,0.5539130434782609,0.004979948102990915,TRUE,1,0.2800966156235953,Hainan,0.8797847845183826,0.8138668527285788
all_years,sediment,phenicols,E. coli | Ceftazidime,milk_output_2024,14,3,58,25,1,2006,2020,-0.3362637362637363,0.2397922022572526,-0.45054945054945056,0.10593278527264058,0.20022103787458767,0.11060606060606078,-0.23956043956043957,0.4094298928517326,0.5648351648351648,0.03533018486755273,TRUE,1,0.43790849673202603,Jilin,0.9077420142945268,0.7856392140547968
all_years,surface water,macrolides,K. pneumoniae | Nitrofurantoin,chemical_fertilizers_2024,14,3,42,16,1,2015,2023,-0.3362637362637363,0.2397922022572526,0.23956043956043957,0.4094298928517326,0.006641885476426646,0.5788497217068641,-0.512087912087912,0.061198486156458405,0.8945054945054945,1.5798308486800605e-5,TRUE,1,0.4934640522875817,Tibet,0.9077420142945268,0.9479489788776115
all_years,sediment,phenicols,S. aureus | Tetracycline,WastewaterHealthIndex,14,3,58,25,1,2006,2020,0.3362637362637363,0.23979220225725306,0.19120879120879122,0.5125839704707784,0.20022103787458767,0.11060606060606078,-0.3674369660182657,0.1962088401883401,-0.45764604150778004,0.09987801229644964,TRUE,1,0.4869281045751633,Shanghai,0.9077420142945268,0.9606462350922552
all_years,sediment,macrolides,K. pneumoniae | Tigecycline,grp_2024,23,3,430,93,2,2008,2025,-0.3359683794466403,0.11703240429458718,-0.36758893280632415,0.08442064140763417,0.003177020108859277,0.4751811594202898,-0.37351778656126483,0.07915444117090965,0.4298418972332016,0.040646976298646303,TRUE,1,0.3226890756302524,Tianjin,0.8797847845183826,0.7507306204313801
all_years,surface water,tetracyclines,E. coli | Amikacin,chemical_fertilizers_2024,15,2,42,17,1,2015,2024,0.3357142857142857,0.22121153763932597,0.17499999999999996,0.532748148137859,1,0,0.19285714285714287,0.49104870160522307,0.6321428571428571,0.011457541540078926,TRUE,1,0.5384615384615384,Shandong,0.9077420142945268,0.9606462350922552
all_years,surface water,tetracyclines,E. coli | Cefoxitin,chemical_fertilizers_2024,15,2,42,17,1,2015,2024,0.3357142857142857,0.22121153763932597,0.1821428571428571,0.5158816817070391,1,0,0.19285714285714287,0.49104870160522307,0.6928571428571428,0.0041902329602981365,TRUE,1,0.7479541734860886,Shandong,0.9077420142945268,0.9606462350922552
all_years,surface water,tetracyclines,P. aeruginosa | Aztreonam,chemical_fertilizers_2024,15,2,42,17,1,2015,2024,0.3357142857142857,0.22121153763932597,0.2821428571428571,0.3082844568200556,1,0,0.19285714285714287,0.49104870160522307,0.42857142857142855,0.11096021426087677,TRUE,1,0.3551554828150574,Sichuan,0.9077420142945268,0.9122214762504753
all_years,sludge,diaminopyrimidines,S. aureus | Erythromycin,freshwater_aquatic_products_2024,13,3,19,17,1,2010,2017,0.3352041203974187,0.2628836974875423,0.7032967032967032,0.007318569842104322,0.8019823386358851,0,-0.5288133968338589,0.06315863753009365,-0.521978021978022,0.06729171199351026,TRUE,1,0.547695694789,Hebei,0.9077420142945268,0.4153533287640718
all_years,sediment,fluoroquinolones,S. aureus | Oxacillin,grp_2024,23,3,950,128,2,2007,2025,-0.3349802371541502,0.11818082467219866,-0.24308300395256915,0.2637204912591649,0.025862178954528397,0.2654973649538867,-0.32707509881422925,0.12766439967393878,0.43478260869565216,0.03814605716443817,TRUE,1,0.25663716814159276,Tianjin,0.8797847845183826,0.8903518675048224
all_years,sludge,fluoroquinolones,E. coli | Ampicillin,grp_per_capita_2024,16,3,149,31,2,2005,2017,-0.33482400078446733,0.20492936135315565,-0.3382352941176471,0.20006555877868937,0.06923543109736396,0.25696039035591295,0.4933468684125115,0.052146211631197946,-0.7617647058823529,6.053428380705901e-4,TRUE,1,0.4295548059757876,Gansu,0.9077420142945268,0.8680942753677526
all_years,sediment,tetracyclines,E. coli | Ciprofloxacin,milk_output_2024,23,3,693,129,2,2004,2025,-0.33407463337641613,0.11924048789838282,-0.27964426877470355,0.19625242340232033,0.06310630550908343,0.17629345855989417,-0.30343465220875665,0.15927575726801604,0.6867588932806324,2.9542354789082316e-4,TRUE,1,0.2832236692718438,Jiangxi,0.8797847845183826,0.8680942753677526
all_years,sludge,macrolides,E. coli | Cefotetan,hogs_year_end_2024,14,3,77,25,1,2005,2017,-0.33372909878389595,0.24357601436462192,-0.3230769230769231,0.2598736195087899,0.8556343441410651,0,0.6118366811038092,0.020054411609237308,-0.14285714285714285,0.6261174762253241,TRUE,1,0.5832203937631312,Qinghai,0.9077420142945268,0.8871017830455327
all_years,wastewater influent,sulfonamides,S. aureus | Ciprofloxacin,urban_share_2024,9,3,30,9,1,2016,2024,-0.3333333333333333,0.3807131816768637,-0.31666666666666665,0.4063970144863861,0.8007374029168087,0,-0.26666666666666666,0.487922274838701,0.7,0.035769574970261654,TRUE,1,0.8571428571428577,Liaoning,0.9582118561710397,0.9479489788776115
all_years,sediment,lincosamides,A. baumannii | Aztreonam,chemical_fertilizers_2024,13,3,26,22,1,2010,2018,-0.3328751429678414,0.26642140336629505,-0.4945054945054945,0.0858235306096076,0.2592759711301179,0.06997245179063301,-0.23933997882811733,0.4309595500618638,0.7032967032967034,0.007318569842104322,TRUE,1,0.694100082044422,Guangxi,0.9077420142945268,0.7507306204313801
all_years,surface water,tetracyclines,S. aureus | Chloramphenicol,urban_share_2024,15,2,42,17,1,2015,2024,0.33214285714285713,0.2264717590707243,0.1857142857142857,0.5075409629336736,1,0,-0.43214285714285716,0.10769303754639804,-0.6,0.018050087941499947,TRUE,1,0.5285359801488834,Jiangsu,0.9077420142945268,0.9606462350922552
all_years,sludge,tetracyclines,S. aureus | Erythromycin,milk_output_2024,14,3,77,19,2,2004,2020,-0.33169403288196614,0.24664023874983768,-0.27912087912087913,0.3338450771945549,0.30098512187415105,0.03648989898989916,-0.13496515820714486,0.6454977036795251,0.7142857142857143,0.004104409161880227,TRUE,1,0.873062031337603,Hebei,0.9077420142945268,0.9248305921258484
all_years,sediment,diaminopyrimidines,A. baumannii | Amikacin,urban_env_infra_investment_2024,18,3,122,45,2,2008,2020,0.33126934984520123,0.17932214439926777,0.4262125902992776,0.07778293683965698,0.01039862314664235,0.47547758284600455,-0.22807017543859648,0.3627002084947104,0.32094943240454077,0.19408223512614617,FALSE,1,0.7535046728971965,Tianjin,0.9040897335352907,0.7507306204313801
all_years,soil,tetracyclines,S. aureus | Cefoxitin,population_2024,24,3,312,68,2,2007,2022,-0.32956521739130434,0.11580045288804067,-0.19391304347826083,0.36391885592937123,0.48567178524771265,0,-0.31217391304347825,0.1375180295921436,0.6582608695652173,4.709427402385809e-4,TRUE,1,0.27128807867594157,Shanxi,0.8797847845183826,0.9302154792872848
all_years,sediment,macrolides,S. aureus | Clindamycin,freshwater_aquatic_products_2024,23,3,430,93,2,2008,2025,0.3290513833992095,0.1252437578391541,0.37549407114624506,0.07745523146339534,0.003177020108859277,0.4751811594202898,-0.4901185770750988,0.017589302048693578,-0.5454545454545454,0.007103198332729999,TRUE,1,0.24066924066924106,Guangdong,0.8889010918215752,0.7507306204313801
all_years,sludge,fluoroquinolones,A. baumannii | Tigecycline,grp_per_capita_2024,16,3,149,31,2,2005,2017,0.32889791227500775,0.2135587489862601,0.22647058823529412,0.3989829266412893,0.06923543109736396,0.25696039035591295,0.4933468684125115,0.052146211631197946,0.4588235294117647,0.07383553449548111,TRUE,1,0.4411906079956594,Jiangsu,0.9077420142945268,0.9479489788776115
all_years,sludge,sulfonamides,E. coli | Levofloxacin,milk_output_2024,16,3,143,28,1,2005,2017,-0.3285239395901937,0.21411099904925524,-0.39999999999999997,0.12475042359840012,0.6133729962850374,0,-0.024562537539453734,0.928054318697964,0.75,8.197640272555872e-4,TRUE,1,0.6501224915888364,Hebei,0.9077420142945268,0.818563978423839
all_years,wastewater influent,fluoroquinolones,K. pneumoniae | Cefazolin,urban_share_2024,11,3,44,12,1,2016,2024,0.32727272727272727,0.3258949410128417,0.34545454545454546,0.2980892209030389,0.07495187103951058,0.3977272727272725,0.2727272727272727,0.41714143714253127,0.5727272727272728,0.06554305260101853,TRUE,1,0.6851851851851852,Beijing,0.9323150863286164,0.9062873893584329
all_years,sediment,diaminopyrimidines,S. aureus | Penicillin G,chemical_fertilizers_2024,18,3,122,45,2,2008,2020,-0.32714138286893707,0.18513284759128767,-0.3622291021671827,0.1396250064170029,0.01039862314664235,0.47547758284600455,-0.24458204334365324,0.3280041243603068,0.6676986584107327,0.002462394297708642,TRUE,1,0.3856466876971608,Tianjin,0.9040897335352907,0.8234711270505317
all_years,sediment,macrolides,A. baumannii | Levofloxacin,freshwater_aquatic_products_2024,23,3,430,93,2,2008,2025,-0.32707509881422925,0.12766439967393878,-0.10474308300395258,0.6343387370358157,0.003177020108859277,0.4751811594202898,-0.4901185770750988,0.017589302048693578,0.4367588932806324,0.037180289761529664,TRUE,1,0.3517479499352613,Zhejiang,0.8907699548976915,0.9662452681313233
all_years,sediment,sulfonamides,K. pneumoniae | Nitrofurantoin,sewage_disposal_capacity_2024,24,3,1061,135,2,2008,2025,-0.32572299095724544,0.12036730287541397,-0.29739130434782607,0.158154260595396,0.0015521231748156271,0.520774428109915,-0.130898024403379,0.542083078884666,0.8121739130434783,1.4412573127324241e-6,TRUE,1,0.46108229323753497,Hainan,0.8821484126494333,0.8334416432151582
all_years,soil,fluoroquinolones,P. aeruginosa | Levofloxacin,hospitals_count_2024,23,3,318,64,2,2006,2020,-0.325340015311691,0.12981723383254504,-0.6027667984189723,0.002333237514324469,0.9845108143090242,0,-0.5305316663061466,0.00920503544877101,0.44565217391304346,0.03307031065047676,TRUE,1,0.33020351104261825,Guizhou,0.8907699548976915,0.3456898164180563
all_years,soil,diaminopyrimidines,P. aeruginosa | Piperacillin,milk_output_2024,8,3,9,8,1,2008,2015,-0.32532481758051895,0.43168838619534605,-0.04761904761904762,0.9108491685195835,0.24103244438393973,0.07490909090909051,-0.5542570966186618,0.1539883457589951,0.5952380952380952,0.11952980613879259,TRUE,1,0.8446154911020661,Guangdong,0.9606720658320372,0.9842154623604513
all_years,soil,phenicols,P. aeruginosa | Ciprofloxacin,large_animals_year_end_2024,10,3,22,13,1,2007,2016,0.3251778531441199,0.35923767071478296,0.24848484848484845,0.48877630451924314,0.17609777149412834,0.11860744297719157,-0.754658036542014,0.011644872504617456,-0.41818181818181815,0.22911284098281884,TRUE,1,0.7914791868312475,Shanghai,0.9526686311875808,0.9606462350922552
all_years,sediment,diaminopyrimidines,A. baumannii | Polymyxin B,chemical_fertilizers_2024,18,3,122,45,2,2008,2020,0.325077399380805,0.18808478142236898,0.3766769865841073,0.12337214538125069,0.01039862314664235,0.47547758284600455,-0.24458204334365324,0.3280041243603068,-0.4674922600619195,0.050437519451044334,TRUE,1,0.44761904761904764,Zhejiang,0.9040897335352907,0.8159876983987984
all_years,surface water,fluoroquinolones,S. aureus | Oxacillin,milk_output_2024,15,3,77,21,1,2015,2024,0.32499999999999996,0.237225438237234,0.3142857142857142,0.2539400163236714,0.27743910513984715,0.014965986394557854,0.42857142857142855,0.11096021426087677,0.19642857142857142,0.4828987562716335,TRUE,1,0.5350803043110736,Jilin,0.9077420142945268,0.8871017830455327
all_years,surface water,tetracyclines,E. coli | Levofloxacin,urban_share_2024,15,2,42,17,1,2015,2024,0.32499999999999996,0.237225438237234,0.24642857142857139,0.3759505159738048,1,0,-0.43214285714285716,0.10769303754639804,0.375,0.16843274984674558,FALSE,1,0.47928994082840226,Jiangsu,0.9077420142945268,0.935533627208742
all_years,soil,fluoroquinolones,E. coli | Polymyxin B,hospitals_count_2024,22,3,318,64,2,2006,2020,0.32495066775633713,0.1400580910255743,0.22077922077922085,0.3234691059087892,0.9845108143090242,0,-0.47018948795351745,0.02723008712193248,-0.36645962732919257,0.09345377564913691,TRUE,1,0.3457336198218213,Jilin,0.9027002041668268,0.921151822516418
all_years,sludge,tetracyclines,K. pneumoniae | Chloramphenicol,total_aquatic_products_2024,14,3,77,19,2,2004,2020,0.324831397718891,0.25714535928032345,0.21318681318681318,0.4643028200397442,0.30098512187415105,0.03648989898989916,0.4209082900019433,0.13394589712344326,0.701098901098901,0.005211861769946939,TRUE,1,0.403969943188837,Fujian,0.9077420142945268,0.9606462350922552
all_years,sediment,tetracyclines,S. aureus | Rifampicin,grp_per_capita_2024,23,3,693,129,2,2004,2025,0.3246849617282624,0.1306367503591839,0.26482213438735175,0.2220234550460932,0.06310630550908343,0.17629345855989417,-0.14381023419014363,0.5126967145545874,-0.31126482213438733,0.1482533703130442,TRUE,1,0.496030209516004,Tianjin,0.8907699548976915,0.8756506136724482
all_years,sediment,other,P. aeruginosa | Meropenem,LivestockAquacultureIndex,7,2,19,10,1,2008,2018,-0.3243374865704012,0.4778854797399313,NA,NA,0.3724558699813696,0,-0.10811249552346708,0.8175332656241181,-0.4642857142857143,0.29393410760025207,FALSE,1,0.9663102959862853,Tianjin,0.9606720658320372,NA
all_years,sediment,other,P. aeruginosa | Piperacillin,WastewaterHealthIndex,7,2,19,10,1,2008,2018,-0.3243374865704012,0.4778854797399313,NA,NA,0.3724558699813696,0,-0.4,0.37393392381774704,0.23424374030084533,0.6131550369752421,TRUE,1,0.6737415973633052,Shandong,0.9606720658320372,NA
all_years,sediment,other,P. aeruginosa | Tobramycin,WastewaterHealthIndex,7,2,19,10,1,2008,2018,-0.3243374865704012,0.4778854797399313,NA,NA,0.3724558699813696,0,-0.4,0.37393392381774704,-0.41443123283995714,0.3552689437660521,FALSE,1,1.9070248796310039,Shandong,0.9606720658320372,NA
all_years,wastewater effluent,fluoroquinolones,E. coli | Gentamicin,freshwater_aquatic_products_2024,13,3,34,15,1,2016,2024,0.3241758241758242,0.27988186889313993,0.631868131868132,0.02051604257287242,0.28932970799328467,0.04803767660910481,-0.6978021978021978,0.00800071741122648,-0.14835164835164835,0.6286094178894164,TRUE,1,0.5685670261941448,Zhejiang,0.9084965716610526,0.5217687382956994
all_years,wastewater effluent,fluoroquinolones,S. aureus | Erythromycin,freshwater_aquatic_products_2024,13,3,34,15,1,2016,2024,0.3241758241758242,0.27988186889313993,0.5054945054945056,0.07803332731018381,0.28932970799328467,0.04803767660910481,-0.6978021978021978,0.00800071741122648,-0.44505494505494503,0.12752383613843682,TRUE,1,0.7473035439137135,Hainan,0.9084965716610526,0.7507306204313801
all_years,sediment,macrolides,K. pneumoniae | Chloramphenicol,freshwater_aquatic_products_2024,23,3,430,93,2,2008,2025,-0.32312252964426874,0.13260645224986678,-0.28952569169960474,0.1802469820479305,0.003177020108859277,0.4751811594202898,-0.4901185770750988,0.017589302048693578,0.5790513833992095,0.0037894951096109635,TRUE,1,0.5220620358235042,Guangdong,0.8907699548976915,0.8521945107646086
all_years,sediment,sulfonamides,K. pneumoniae | Ceftazidime,grp_2024,24,3,1061,135,2,2008,2025,-0.3231137280123275,0.1235424888535833,-0.417391304347826,0.042424281562143965,0.0015521231748156271,0.520774428109915,-0.23961731377495624,0.2594293755011346,0.6417391304347826,7.243804451471963e-4,TRUE,1,0.24804876012753135,Guangdong,0.8861545011651972,0.6372597085097534
all_years,sediment,sulfonamides,K. pneumoniae | Levofloxacin,grp_2024,24,3,1061,135,2,2008,2025,-0.3231137280123275,0.1235424888535833,-0.4121739130434782,0.04534690802018237,0.0015521231748156271,0.520774428109915,-0.23961731377495624,0.2594293755011346,0.7069565217391305,1.123214906922447e-4,TRUE,1,0.3902896114655956,Hainan,0.8861545011651972,0.6617722963977581
all_years,surface water,macrolides,P. aeruginosa | Gentamicin,chemical_fertilizers_2024,14,3,42,16,1,2015,2023,-0.3230769230769231,0.2598736195087899,-0.06373626373626373,0.828626422928612,0.006641885476426646,0.5788497217068641,-0.512087912087912,0.061198486156458405,0.6879120879120879,0.006540042491841914,TRUE,1,0.5238095238095238,Tibet,0.9077420142945268,0.9842154623604513
all_years,surface water,sulfonamides,A. baumannii | Tigecycline,chemical_fertilizers_2024,14,3,49,15,1,2013,2024,-0.3230769230769231,0.2598736195087899,-0.5164835164835164,0.058637163441278554,0.07898257926378309,0.18961038961038862,-0.4153846153846154,0.1396659475175257,0.7582417582417582,0.0016730034070264247,TRUE,1,0.5238095238095238,Tibet,0.9077420142945268,0.7193041300970549
all_years,surface water,sulfonamides,K. pneumoniae | Aztreonam,freshwater_aquatic_products_2024,14,3,49,15,1,2013,2024,0.3230769230769231,0.2598736195087899,0.34505494505494505,0.22694868004170052,0.07898257926378309,0.18961038961038862,-0.13846153846153847,0.6368849912650185,0.6043956043956044,0.022056861754616054,FALSE,1,0.6326530612244897,Shanxi,0.9077420142945268,0.8756506136724482
all_years,soil,macrolides,K. pneumoniae | Cefotaxime,milk_output_2024,20,3,104,34,2,2006,2020,0.32287853804518835,0.1649836186940314,0.2706766917293233,0.24839056913669727,0.3132637601270729,0.018907030492805205,0.43554575623894254,0.054921130935576906,0.08571428571428572,0.7193660879190986,TRUE,1,0.30451931582933156,Shanghai,0.9040897335352907,0.8806574723937448
all_years,soil,sulfonamides,E. coli | Nitrofurantoin,grp_per_capita_2024,20,3,313,56,2,2006,2019,-0.3225328513527153,0.16546242008391368,-0.3112781954887218,0.18157577037037334,0.22138678024989444,0.059746349446122726,0.5425786284438201,0.01344424302302041,-0.5052631578947369,0.023059229474174162,TRUE,1,0.3825315484753352,Zhejiang,0.9040897335352907,0.8521945107646086
all_years,surface water,fluoroquinolones,A. baumannii | Tobramycin,chemical_fertilizers_2024,15,3,77,21,1,2015,2024,-0.3214285714285714,0.24271904680166823,-0.3285714285714285,0.23180969720615974,0.27743910513984715,0.014965986394557854,0.4107142857142857,0.1283286460157489,0.22142857142857142,0.42771371901637,FALSE,1,0.44615384615384607,Hubei,0.9077420142945268,0.8756506136724482
all_years,sediment,beta-lactams,A. baumannii | Amikacin,LivestockAquacultureIndex,7,3,34,15,1,2012,2018,-0.32142857142857134,0.48207203829967765,NA,NA,0.8983973213480706,0,-0.14285714285714285,0.7599453002180931,0.4642857142857143,0.2939341076002518,TRUE,0.8571428571428571,1.4000000000000008,Jiangxi,0.9606720658320372,NA
all_years,sediment,beta-lactams,A. baumannii | Meropenem,WastewaterHealthIndex,7,3,34,15,1,2012,2018,-0.32142857142857134,0.48207203829967765,NA,NA,0.8983973213480706,0,0.14547859349066158,0.7556330131047917,0.4364357804719847,0.32758249926618527,FALSE,1,0.8666666666666671,Guizhou,0.9606720658320372,NA
all_years,sediment,beta-lactams,K. pneumoniae | Cefuroxime,EconomicScaleIndex,7,3,34,15,1,2012,2018,-0.32142857142857134,0.48207203829967765,NA,NA,0.8983973213480706,0,-0.14285714285714285,0.7599453002180931,0.8214285714285714,0.023448808345691546,TRUE,1,0.8666666666666671,Guizhou,0.9606720658320372,NA
all_years,sediment,beta-lactams,P. aeruginosa | Polymyxin B,WastewaterHealthIndex,7,3,34,15,1,2012,2018,0.32142857142857134,0.48207203829967765,NA,NA,0.8983973213480706,0,0.14547859349066158,0.7556330131047917,0.8001322641986387,0.03070096191271272,TRUE,1,1.044444444444445,Shaanxi,0.9606720658320372,NA
all_years,sediment,beta-lactams,S. aureus | Cefoxitin,EconomicScaleIndex,7,3,34,15,1,2012,2018,-0.32142857142857134,0.48207203829967765,NA,NA,0.8983973213480706,0,-0.14285714285714285,0.7599453002180931,0.7857142857142857,0.03623846267982733,TRUE,0.8571428571428571,1.2666666666666666,Jiangxi,0.9606720658320372,NA
all_years,surface water,diaminopyrimidines,E. coli | Amikacin,LivestockAquacultureIndex,7,2,9,8,1,2018,2024,-0.32142857142857134,0.48207203829967765,NA,NA,NA,NA,-0.5714285714285714,0.18020198891152778,0.4642857142857143,0.2939341076002518,TRUE,0.7142857142857143,1.2666666666666666,Tibet,0.9606720658320372,NA
all_years,surface water,diaminopyrimidines,E. coli | Cefoxitin,LivestockAquacultureIndex,7,2,9,8,1,2018,2024,-0.32142857142857134,0.48207203829967765,NA,NA,NA,NA,-0.5714285714285714,0.18020198891152778,0.6428571428571429,0.11939237342741121,TRUE,0.8571428571428571,1.2666666666666666,Tibet,0.9606720658320372,NA
all_years,surface water,diaminopyrimidines,K. pneumoniae | Amikacin,LivestockAquacultureIndex,7,2,9,8,1,2018,2024,-0.32142857142857134,0.48207203829967765,NA,NA,NA,NA,-0.5714285714285714,0.18020198891152778,0.5357142857142857,0.21521745567801304,TRUE,0.8571428571428571,1.2666666666666666,Tibet,0.9606720658320372,NA
all_years,surface water,diaminopyrimidines,K. pneumoniae | Tobramycin,LivestockAquacultureIndex,7,2,9,8,1,2018,2024,-0.32142857142857134,0.48207203829967765,NA,NA,NA,NA,-0.5714285714285714,0.18020198891152778,0.5357142857142857,0.21521745567801304,TRUE,0.8571428571428571,1.2666666666666666,Tibet,0.9606720658320372,NA
all_years,surface water,diaminopyrimidines,P. aeruginosa | Tobramycin,LivestockAquacultureIndex,7,2,9,8,1,2018,2024,-0.32142857142857134,0.48207203829967765,NA,NA,NA,NA,-0.5714285714285714,0.18020198891152778,-0.14285714285714285,0.7599453002180931,FALSE,1,0.8666666666666671,Anhui,0.9606720658320372,NA
all_years,surface water,diaminopyrimidines,S. aureus | Levofloxacin,LivestockAquacultureIndex,7,2,9,8,1,2018,2024,0.32142857142857134,0.48207203829967765,NA,NA,NA,NA,-0.5714285714285714,0.18020198891152778,0.2857142857142857,0.5345092286010409,FALSE,1,0.9111111111111111,Guangxi,0.9606720658320372,NA
all_years,surface water,diaminopyrimidines,S. aureus | Trimethoprim/Sulfamethoxazole,LivestockAquacultureIndex,7,2,9,8,1,2018,2024,0.32142857142857134,0.48207203829967765,NA,NA,NA,NA,-0.5714285714285714,0.18020198891152778,0.10714285714285714,0.8191508555699913,FALSE,1,0.8666666666666671,Guangxi,0.9606720658320372,NA
all_years,sludge,diaminopyrimidines,P. aeruginosa | Levofloxacin,hogs_year_end_2024,13,3,19,17,1,2010,2017,0.32075566693201274,0.2852800296369557,0.22527472527472528,0.4593051427250058,0.8019823386358851,0,-0.7050845291118119,0.007106491488108418,-0.19230769230769232,0.5290679872349876,TRUE,1,0.5825035505211787,Gansu,0.9084965716610526,0.9606462350922552
all_years,sediment,sulfonamides,P. aeruginosa | Ciprofloxacin,grp_2024,24,3,1061,135,2,2008,2025,-0.3200695879099234,0.12732318067177348,-0.2521739130434782,0.23452757092161927,0.0015521231748156271,0.520774428109915,-0.23961731377495624,0.2594293755011346,0.5626086956521739,0.004211057389435806,TRUE,1,0.3957923839986599,Hainan,0.8907699548976915,0.8756506136724482
all_years,sediment,sulfonamides,K. pneumoniae | Cefotetan,large_animals_year_end_2024,24,3,1061,135,2,2008,2025,-0.3196347107524371,0.12787003386049384,-0.3139130434782608,0.13522381083434734,0.0015521231748156271,0.520774428109915,0.3309415168470811,0.1141958009148479,-0.42434782608695654,0.038760097639367115,TRUE,1,0.3868685894540413,Hainan,0.8907699548976915,0.8234711270505317
all_years,surface water,sulfonamides,E. coli | Trimethoprim/Sulfamethoxazole,urban_env_infra_investment_2024,14,3,49,15,1,2013,2024,-0.31868131868131866,0.2667849608113615,-0.10769230769230768,0.7140308087262489,0.07898257926378309,0.18961038961038862,-0.35384615384615387,0.21453987088124624,-0.34505494505494505,0.22694868004170002,FALSE,1,0.5000000000000002,Jilin,0.9077420142945268,0.9729669155213013
all_years,surface water,sulfonamides,K. pneumoniae | Trimethoprim/Sulfamethoxazole,LivestockAquacultureIndex,14,3,49,15,1,2013,2024,-0.31868131868131866,0.2667849608113615,-0.18681318681318682,0.5225040123791592,0.07898257926378309,0.18961038961038862,-0.4862489191020163,0.07789960750661203,0.56765710917791945,0.03422467036760971,TRUE,1,0.8103448275862072,Guangdong,0.9077420142945268,0.9606462350922552
all_years,sludge,fluoroquinolones,P. aeruginosa | Piperacillin,sewage_pipe_length_2024,16,3,149,31,2,2005,2017,0.31852725738345344,0.22921241374400053,0.25588235294117645,0.33878990807124576,0.06923543109736396,0.25696039035591295,0.5555707977618373,0.025461783832817764,0.42058823529411765,0.10476751392918707,TRUE,1,0.4877631172624455,Guangdong,0.9077420142945268,0.9268335373285431
all_years,wastewater influent,fluoroquinolones,S. aureus | Oxacillin,large_animals_year_end_2024,11,3,44,12,1,2016,2024,-0.3181818181818182,0.34029761418190363,0.09090909090909091,0.7903727377532903,0.07495187103951058,0.3977272727272725,0.15454545454545454,0.65003396549758,-0.6909090909090909,0.01856503338159502,TRUE,1,1.038095238095238,Beijing,0.9323618109051564,0.9799202460692253
all_years,wastewater influent,fluoroquinolones,E. coli | Aztreonam,grp_2024,11,3,44,12,1,2016,2024,0.3181818181818182,0.34029761418190374,0.6181818181818182,0.042645569805326744,0.07495187103951058,0.3977272727272725,-0.2727272727272727,0.41714143714253127,-0.43636363636363634,0.17966487658001135,TRUE,1,0.8095238095238093,Anhui,0.9323618109051564,0.6372597085097534
all_years,wastewater influent,fluoroquinolones,K. pneumoniae | Cefotaxime,urban_share_2024,11,3,44,12,1,2016,2024,0.3181818181818182,0.34029761418190374,0.38181818181818183,0.24655957577897017,0.07495187103951058,0.3977272727272725,0.2727272727272727,0.41714143714253127,0.3181818181818182,0.34029761418190374,TRUE,1,0.7142857142857144,Zhejiang,0.9323618109051564,0.8785296752720978
all_years,sludge,diaminopyrimidines,A. baumannii | Tobramycin,LivestockAquacultureIndex,13,3,19,17,1,2010,2017,0.31786597623893154,0.2898874990057807,0.19780219780219782,0.5171309114848301,0.8019823386358851,0,-0.5981659734678076,0.030812525172913465,-0.2087912087912088,0.4936218193568852,TRUE,1,0.6555991356421771,Zhejiang,0.9084965716610526,0.9606462350922552
all_years,surface water,fluoroquinolones,A. baumannii | Levofloxacin,chemical_fertilizers_2024,15,3,77,21,1,2015,2024,-0.3178571428571428,0.24829056581701814,-0.5249999999999999,0.04448390580010641,0.27743910513984715,0.014965986394557854,0.4107142857142857,0.1283286460157489,0.5678571428571428,0.02722835670886186,FALSE,1,0.4952463267070008,Hubei,0.9077420142945268,0.6533934735054591
all_years,surface water,tetracyclines,E. coli | Imipenem,hogs_year_end_2024,15,2,42,17,1,2015,2024,0.3178571428571428,0.24829056581701814,0.32499999999999996,0.237225438237234,1,0,0.2357142857142857,0.3977029459032726,0.8107142857142857,2.4600797797220514e-4,TRUE,1,0.4952463267070008,Henan,0.9077420142945268,0.8756506136724482
all_years,soil,tetracyclines,A. baumannii | Minocycline,hospitals_count_2024,24,3,312,68,2,2007,2022,0.31739130434782603,0.13071808560327575,0.21391304347826082,0.31552713069154564,0.48567178524771265,0,-0.35391304347826086,0.0897584560898227,-0.20956521739130435,0.32569617157142194,TRUE,1,0.45703611457036136,Hainan,0.8907699548976915,0.9180513702300525
all_years,sediment,sulfonamides,A. baumannii | Levofloxacin,freshwater_aquatic_products_2024,24,3,1061,135,2,2008,2025,-0.31702544780751923,0.13118685094614707,-0.34695652173913044,0.09670236783045816,0.0015521231748156271,0.520774428109915,-0.3461622173591019,0.09751993168062467,0.3973913043478261,0.05448920414427135,TRUE,1,0.22057491986510147,Liaoning,0.8907699548976915,0.7650130968823131
all_years,wastewater influent,sulfonamides,E. coli | Aztreonam,freshwater_aquatic_products_2024,9,3,30,9,1,2016,2024,0.31666666666666665,0.4063970144863861,0.26666666666666666,0.48792227483870076,0.8007374029168087,0,-0.6333333333333333,0.06708578689234561,-0.3333333333333333,0.3807131816768637,TRUE,1,0.9248120300751879,Guangdong,0.960202105235759,0.9606462350922552
all_years,wastewater influent,sulfonamides,S. aureus | Gentamicin,freshwater_aquatic_products_2024,9,3,30,9,1,2016,2024,0.31666666666666665,0.4063970144863861,-0.06666666666666667,0.8646897846262037,0.8007374029168087,0,-0.6333333333333333,0.06708578689234561,-0.7666666666666667,0.015944016578974034,TRUE,1,0.8045112781954891,Heilongjiang,0.960202105235759,0.9842154623604513
all_years,sediment,macrolides,P. aeruginosa | Amikacin,freshwater_aquatic_products_2024,23,3,430,93,2,2008,2025,-0.31620553359683795,0.14158261779089343,-0.20059288537549405,0.35875590531189816,0.003177020108859277,0.4751811594202898,-0.4901185770750988,0.017589302048693578,0.22628458498023715,0.2991542475158119,TRUE,1,0.2375000000000002,Shaanxi,0.9027002041668268,0.9273631617284223
all_years,sludge,macrolides,P. aeruginosa | Ciprofloxacin,sewage_disposal_capacity_2024,14,3,77,25,1,2005,2017,-0.3159302135154215,0.27116587191552416,-0.39340659340659345,0.16403157340077784,0.8556343441410651,0,0.19133801663610034,0.5122936303171465,0.6087912087912087,0.02085661601722324,FALSE,1,0.6198792834940965,Qinghai,0.9084965716610526,0.8378633175552082
all_years,sludge,tetracyclines,A. baumannii | Cefotaxime,total_aquatic_products_2024,14,3,77,19,2,2004,2020,-0.31568121750145745,0.271564475972775,-0.44175824175824174,0.11377750302872344,0.30098512187415105,0.03648989898989916,0.4209082900019433,0.13394589712344326,0.4065934065934066,0.14910193900151344,FALSE,1,0.5755566091650394,Qinghai,0.9084965716610526,0.8138668527285788
all_years,sludge,tetracyclines,K. pneumoniae | Polymyxin B,total_aquatic_products_2024,14,3,77,19,2,2004,2020,0.31568121750145745,0.2715644759727753,0.046153846153846156,0.8755025376321142,0.30098512187415105,0.03648989898989916,0.4209082900019433,0.13394589712344326,0.2175824175824176,0.4549193731700327,TRUE,1,0.4144201377731603,Shanxi,0.9084965716610526,0.9842154623604513
all_years,soil,macrolides,P. aeruginosa | Piperacillin,milk_output_2024,20,3,104,34,2,2006,2020,0.3153169797771511,0.17567573391567537,0.39097744360902253,0.08828010210661397,0.3132637601270729,0.018907030492805205,0.43554575623894254,0.054921130935576906,0.48872180451127817,0.02877203005499609,TRUE,1,0.3643035118369642,Tibet,0.9040897335352907,0.7507306204313801
all_years,sediment,macrolides,K. pneumoniae | Levofloxacin,grp_2024,23,3,430,93,2,2008,2025,-0.31521739130434784,0.14289935944636104,-0.30138339920948615,0.1622557158132591,0.003177020108859277,0.4751811594202898,-0.37351778656126483,0.07915444117090965,0.6847826086956522,3.124920475986877e-4,TRUE,1,0.2592924317062249,Guangdong,0.9027002041668268,0.8341418844763455
all_years,sediment,diaminopyrimidines,S. aureus | Trimethoprim/Sulfamethoxazole,grp_2024,18,3,122,45,2,2008,2020,0.31475748194014447,0.20331354771785815,0.33126934984520123,0.17932214439926777,0.01039862314664235,0.47547758284600455,-0.32507739938080493,0.18808478142236898,-0.4551083591331269,0.05772857159967161,TRUE,1,0.5262295081967215,Guangdong,0.9077420142945268,0.8521945107646086
all_years,surface water,diaminopyrimidines,E. coli | Polymyxin B,EconomicScaleIndex,6,2,9,8,1,2018,2024,-0.31428571428571433,0.5440932944606414,NA,NA,NA,NA,0.6,0.2079999999999999,-0.6,0.20799999999999974,TRUE,0.8333333333333334,1.636363636363636,Zhejiang,0.9606720658320372,NA
all_years,wastewater effluent,sulfonamides,A. baumannii | Cefepime,EconomicScaleIndex,6,2,13,7,1,2018,2022,-0.31428571428571433,0.5440932944606414,NA,NA,NA,NA,-0.20291986247835694,0.699797968157019,0.46381682852195877,0.35416429843623065,TRUE,0.8333333333333334,1.636363636363636,Jiangsu,0.9606720658320372,NA
all_years,wastewater effluent,sulfonamides,A. baumannii | Tobramycin,LivestockAquacultureIndex,6,2,13,7,1,2018,2022,-0.31428571428571433,0.5440932944606414,NA,NA,NA,NA,0.3188740696088466,0.5379005604702051,-0.6957252427829381,0.12478933744028699,TRUE,0.8333333333333334,1,Anhui,0.9606720658320372,NA
all_years,wastewater effluent,sulfonamides,E. coli | Imipenem,LivestockAquacultureIndex,6,2,13,7,1,2018,2022,-0.31428571428571433,0.5440932944606414,NA,NA,NA,NA,0.3188740696088466,0.5379005604702051,-0.46381682852195877,0.3541642984362302,TRUE,0.8333333333333334,1.636363636363636,Jiangsu,0.9606720658320372,NA
all_years,wastewater effluent,sulfonamides,E. coli | Meropenem,EconomicScaleIndex,6,2,13,7,1,2018,2022,-0.31428571428571433,0.5440932944606414,NA,NA,NA,NA,-0.20291986247835694,0.699797968157019,0.46381682852195877,0.35416429843623065,TRUE,0.8333333333333334,1.636363636363636,Jiangsu,0.9606720658320372,NA
all_years,wastewater effluent,sulfonamides,K. pneumoniae | Cefazolin,EconomicScaleIndex,6,2,13,7,1,2018,2022,-0.31428571428571433,0.5440932944606414,NA,NA,NA,NA,-0.20291986247835694,0.699797968157019,0.46381682852195877,0.35416429843623065,TRUE,0.8333333333333334,1.636363636363636,Jiangsu,0.9606720658320372,NA
all_years,wastewater effluent,sulfonamides,P. aeruginosa | Amikacin,LivestockAquacultureIndex,6,2,13,7,1,2018,2022,-0.31428571428571433,0.5440932944606414,NA,NA,NA,NA,0.3188740696088466,0.5379005604702051,-0.898645105261295,0.014888622005580394,TRUE,0.8333333333333334,1.636363636363636,Shandong,0.9606720658320372,NA
all_years,wastewater effluent,sulfonamides,P. aeruginosa | Cefepime,LivestockAquacultureIndex,6,2,13,7,1,2018,2022,-0.31428571428571433,0.5440932944606414,NA,NA,NA,NA,0.3188740696088466,0.5379005604702051,-0.6957252427829381,0.12478933744028699,TRUE,0.8333333333333334,1,Anhui,0.9606720658320372,NA
all_years,wastewater effluent,sulfonamides,P. aeruginosa | Ceftazidime,LivestockAquacultureIndex,6,2,13,7,1,2018,2022,-0.31428571428571433,0.5440932944606414,NA,NA,NA,NA,0.3188740696088466,0.5379005604702051,-0.6957252427829381,0.12478933744028699,TRUE,0.8333333333333334,1,Anhui,0.9606720658320372,NA
all_years,wastewater effluent,sulfonamides,P. aeruginosa | Piperacillin,EconomicScaleIndex,6,2,13,7,1,2018,2022,-0.31428571428571433,0.5440932944606414,NA,NA,NA,NA,-0.20291986247835694,0.699797968157019,0.46381682852195877,0.35416429843623065,TRUE,0.8333333333333334,1.636363636363636,Jiangsu,0.9606720658320372,NA
all_years,wastewater effluent,sulfonamides,S. aureus | Chloramphenicol,EconomicScaleIndex,6,2,13,7,1,2018,2022,-0.31428571428571433,0.5440932944606414,NA,NA,NA,NA,-0.20291986247835694,0.699797968157019,-0.2608969660436018,0.6175338174259969,FALSE,0.8333333333333334,1.8636363636363624,Jiangsu,0.9606720658320372,NA
all_years,sediment,phenicols,A. baumannii | Polymyxin B,grp_per_capita_2024,14,3,58,25,1,2006,2020,0.3142857142857143,0.2738049029628676,0.2087912087912088,0.4737788373098136,0.20022103787458767,0.11060606060606078,-0.6263736263736264,0.016541935428871186,-0.16483516483516483,0.573346405013138,TRUE,1,0.6958041958041962,Guizhou,0.9084965716610526,0.9606462350922552
all_years,surface water,macrolides,P. aeruginosa | Ceftazidime,chemical_fertilizers_2024,14,3,42,16,1,2015,2023,-0.3142857142857143,0.2738049029628676,0.06373626373626373,0.828626422928612,0.006641885476426646,0.5788497217068641,-0.512087912087912,0.061198486156458405,0.5648351648351648,0.03533018486755273,TRUE,1,0.5454545454545455,Anhui,0.9084965716610526,0.9842154623604513
all_years,surface water,tetracyclines,K. pneumoniae | Cefazolin,urban_share_2024,15,2,42,17,1,2015,2024,0.3142857142857142,0.2539400163236714,0.16785714285714284,0.5498555542278019,1,0,-0.43214285714285716,0.10769303754639804,-0.3392857142857143,0.21602892534195475,TRUE,1,0.40559440559440546,Henan,0.9077420142945268,0.9606462350922552
all_years,surface water,tetracyclines,P. aeruginosa | Polymyxin B,urban_share_2024,15,2,42,17,1,2015,2024,0.3142857142857142,0.2539400163236714,0.2214285714285714,0.42771371901637,1,0,-0.43214285714285716,0.10769303754639804,0.21071428571428572,0.45095786521528547,FALSE,1,0.5034965034965039,Henan,0.9077420142945268,0.9479489788776115
all_years,soil,sulfonamides,E. coli | Meropenem,EconomicScaleIndex,20,3,313,56,2,2006,2019,0.31424345564037914,0.17723106903934865,-0.12481203007518797,0.6000744184144977,0.22138678024989444,0.059746349446122726,0.5737461236962149,0.008166765310944247,0.56755775733478,0.009050524484832541,TRUE,1,0.2678649825445769,Chongqing,0.9040897335352907,0.9606462350922552
all_years,sediment,lincosamides,K. pneumoniae | Cefazolin,sewage_disposal_capacity_2024,13,3,26,22,1,2010,2018,0.31361790329201583,0.29673809964822995,0.4450549450549451,0.12752383613843682,0.2592759711301179,0.06997245179063301,0.2310868761099064,0.4474852561081235,0.5384615384615384,0.05763443347046612,TRUE,1,0.8316291831802064,Zhejiang,0.9094418877550858,0.818563978423839
all_years,sediment,tetracyclines,E. coli | Ceftazidime,milk_output_2024,23,3,693,129,2,2004,2025,-0.31331851710155,0.1454540795511812,-0.2707509881422925,0.21145886194855512,0.06310630550908343,0.17629345855989417,-0.30343465220875665,0.15927575726801604,0.4189723320158103,0.046601538811272096,TRUE,1,0.33217862852108954,Zhejiang,0.9040897335352907,0.8680942753677526
all_years,soil,diaminopyrimidines,S. aureus | Cefoxitin,population_2024,8,3,9,8,1,2008,2015,-0.313275750262722,0.44990820732344394,-0.5000000000000001,0.20703125,0.24103244438393973,0.07490909090909051,-0.16868694244915797,0.689660806707391,0.8333333333333334,0.010175540123456766,TRUE,1,1.0897042626470959,Beijing,0.9606720658320372,0.8680942753677526
all_years,soil,diaminopyrimidines,S. aureus | Tetracycline,milk_output_2024,8,3,9,8,1,2008,2015,-0.313275750262722,0.44990820732344394,-0.4761904761904763,0.23293553465009784,0.24103244438393973,0.07490909090909051,-0.5542570966186618,0.1539883457589951,-0.5476190476190477,0.1600256425388963,FALSE,1,0.74142021887258,Hebei,0.9606720658320372,0.8756506136724482
all_years,wastewater effluent,fluoroquinolones,E. coli | Trimethoprim/Sulfamethoxazole,grp_2024,13,3,34,15,1,2016,2024,0.3131868131868132,0.2974384220710292,0.4285714285714286,0.14397143468783608,0.28932970799328467,0.04803767660910481,-0.5384615384615384,0.05763443347046634,-0.29120879120879123,0.3343858561975295,TRUE,1,0.6969696969696973,Xinjiang,0.9094418877550858,0.8234711270505317
all_years,sediment,sulfonamides,K. pneumoniae | Imipenem,grp_2024,24,3,1061,135,2,2008,2025,-0.31311155339014246,0.13627767681018532,-0.35304347826086946,0.09060541970723535,0.0015521231748156271,0.520774428109915,-0.23961731377495624,0.2594293755011346,0.6356521739130435,8.436669168882472e-4,TRUE,1,0.4110266961543973,Hainan,0.900835525384975,0.7507306204313801
all_years,surface water,fluoroquinolones,E. coli | Trimethoprim/Sulfamethoxazole,grp_per_capita_2024,15,3,77,21,1,2015,2024,0.31071428571428567,0.2596673973372179,0.31071428571428567,0.2596673973372179,0.27743910513984715,0.014965986394557854,-0.18571428571428572,0.5075409629336736,-0.6857142857142857,0.004772245222691271,TRUE,1,0.4977895667550839,Hebei,0.9077420142945268,0.8871017830455327
all_years,surface water,tetracyclines,E. coli | Meropenem,hogs_year_end_2024,15,2,42,17,1,2015,2024,0.31071428571428567,0.2596673973372179,0.4107142857142856,0.1283286460157489,1,0,0.2357142857142857,0.3977029459032726,0.8178571428571428,1.9513654706319907e-4,TRUE,1,0.48364279398762156,Henan,0.9077420142945268,0.818563978423839
all_years,sediment,diaminopyrimidines,E. coli | Chloramphenicol,total_aquatic_products_2024,18,3,122,45,2,2008,2020,-0.3106295149638803,0.20962534083657888,-0.36635706914344685,0.13483747906980886,0.01039862314664235,0.47547758284600455,-0.28586171310629516,0.2501695935454812,0.4055727554179567,0.09495342479222942,TRUE,1,0.491279069767442,Guangdong,0.9077420142945268,0.8234711270505317
all_years,sediment,macrolides,E. coli | Trimethoprim/Sulfamethoxazole,grp_per_capita_2024,23,3,430,93,2,2008,2025,0.3102766798418973,0.14961375103310637,0.5276679841897234,0.009661905630679871,0.003177020108859277,0.4751811594202898,-0.09090909090909091,0.679952898665358,-0.7747035573122529,1.4270103112924294e-5,TRUE,1,0.2738853503184712,Fujian,0.9040897335352907,0.4153533287640718
all_years,sludge,sulfonamides,E. coli | Ciprofloxacin,milk_output_2024,16,3,143,28,1,2005,2017,-0.31010203643560336,0.24244923311204383,-0.38235294117647056,0.14385924954389048,0.6133729962850374,0,-0.024562537539453734,0.928054318697964,0.7941176470588235,2.391909276256316e-4,TRUE,1,0.675310004868039,Hebei,0.9077420142945268,0.8234711270505317
all_years,surface water,macrolides,A. baumannii | Tobramycin,chemical_fertilizers_2024,14,3,42,16,1,2015,2023,-0.3098901098901099,0.2809332808692584,-0.22197802197802197,0.4456296579536081,0.006641885476426646,0.5788497217068641,-0.512087912087912,0.061198486156458405,0.3142857142857143,0.2738049029628676,TRUE,1,0.8439716312056736,Tibet,0.9084965716610526,0.9535880891790752
all_years,wastewater effluent,macrolides,E. coli | Aztreonam,milk_output_2024,10,3,27,10,1,2018,2024,0.3090909090909091,0.38484123026128325,0.054545454545454536,0.8810361811618526,0.09424870603515988,0.3890909090909095,0.47878787878787876,0.16152292801745585,0.40606060606060607,0.24428229408662663,TRUE,1,0.8872549019607845,Xinjiang,0.9582118561710397,0.9842154623604513
all_years,wastewater effluent,macrolides,P. aeruginosa | Cefepime,large_animals_year_end_2024,10,3,27,10,1,2018,2024,-0.3090909090909091,0.38484123026128325,-0.41818181818181815,0.22911284098281884,0.09424870603515988,0.3890909090909095,0.4909090909090909,0.14965567342083677,-0.38181818181818183,0.2762553333854361,TRUE,1,1.5882352941176472,Guangdong,0.9582118561710397,0.8756506136724482
all_years,sediment,macrolides,K. pneumoniae | Cefotetan,grp_2024,23,3,430,93,2,2008,2025,-0.308300395256917,0.15236092668791032,-0.2865612648221344,0.18495103236810798,0.003177020108859277,0.4751811594202898,-0.37351778656126483,0.07915444117090965,0.4535573122529644,0.029727123393078744,TRUE,1,0.2985347985347984,Tibet,0.9040897335352907,0.8528211362044058
all_years,sludge,sulfonamides,A. baumannii | Levofloxacin,grp_per_capita_2024,16,3,143,28,1,2005,2017,-0.3070317192431717,0.24738910127380673,-0.38823529411764707,0.13728162367278132,0.6133729962850374,0,-0.3162426708204668,0.23275560389798974,0.3911764705882353,0.13407128619725525,TRUE,1,0.5204045290556027,Heilongjiang,0.9077420142945268,0.8234711270505317
all_years,sludge,sulfonamides,E. coli | Cefazolin,hospitals_count_2024,16,3,143,28,1,2005,2017,-0.3070317192431717,0.24738910127380673,-0.38235294117647056,0.14385924954389048,0.6133729962850374,0,0.3070317192431717,0.24738910127380673,0.3088235294117647,0.24449869579851796,FALSE,1,0.4100525874305992,Hebei,0.9077420142945268,0.8234711270505317
all_years,sludge,sulfonamides,E. coli | Cefoxitin,milk_output_2024,16,3,143,28,1,2005,2017,-0.3070317192431717,0.24738910127380673,-0.3382352941176471,0.20006555877868937,0.6133729962850374,0,-0.024562537539453734,0.928054318697964,0.6294117647058823,0.008988089264446891,TRUE,1,0.4713592216667122,Hebei,0.9077420142945268,0.8680942753677526
all_years,sediment,other,A. baumannii | Tigecycline,WastewaterHealthIndex,7,2,19,10,1,2008,2018,-0.30631873731649,0.5040270086665882,NA,NA,0.3724558699813696,0,-0.4,0.37393392381774704,0.3603749850782236,0.42714880856090626,TRUE,1,0.8927050977408092,Jiangxi,0.9606720658320372,NA
all_years,sediment,other,K. pneumoniae | Cefepime,WastewaterHealthIndex,7,2,19,10,1,2008,2018,-0.30631873731649,0.5040270086665882,NA,NA,0.3724558699813696,0,-0.4,0.37393392381774704,0.16216874328520062,0.7282995630820224,TRUE,0.8571428571428571,1.3785410195481618,Tianjin,0.9606720658320372,NA
all_years,sediment,other,S. aureus | Erythromycin,WastewaterHealthIndex,7,2,19,10,1,2008,2018,-0.30631873731649,0.5040270086665882,NA,NA,0.3724558699813696,0,-0.4,0.37393392381774704,0.28829998806257884,0.5306506599466652,TRUE,0.8571428571428571,1.5551518819500922,Tianjin,0.9606720658320372,NA
all_years,sediment,other,S. aureus | Trimethoprim/Sulfamethoxazole,WastewaterHealthIndex,7,2,19,10,1,2008,2018,0.30631873731649,0.5040270086665882,NA,NA,0.3724558699813696,0,-0.4,0.37393392381774704,-0.16216874328520062,0.7282995630820224,TRUE,0.8571428571428571,1.3785410195481618,Tianjin,0.9606720658320372,NA
all_years,sediment,lincosamides,A. baumannii | Polymyxin B,sewage_disposal_capacity_2024,13,3,26,22,1,2010,2018,0.3053648005738049,0.3103092456755996,0.4120879120879121,0.16175105277252627,0.2592759711301179,0.06997245179063301,0.2310868761099064,0.4474852561081235,-0.3241758241758242,0.27988186889313993,FALSE,1,0.6173152873235903,Guangxi,0.9212799171433933,0.8334416432151582
all_years,soil,fluoroquinolones,K. pneumoniae | Imipenem,grp_per_capita_2024,23,3,318,64,2,2006,2020,-0.3040791936423859,0.15834737068367283,-0.49901185770750983,0.01535153145777715,0.9845108143090242,0,0.41433880369482834,0.04933753133495683,0.45454545454545453,0.029328876961785405,FALSE,1,0.4455053220976492,Jilin,0.9040897335352907,0.46496104652806064
all_years,sludge,sulfonamides,A. baumannii | Tigecycline,grp_per_capita_2024,16,3,143,28,1,2005,2017,-0.3039614020507399,0.2523910528519637,-0.34705882352941175,0.1878344201062993,0.6133729962850374,0,-0.3162426708204668,0.23275560389798974,0.4323529411764706,0.09442103753478695,TRUE,1,0.3499844710578424,Heilongjiang,0.9077420142945268,0.8528211362044058
all_years,soil,sulfonamides,S. aureus | Ciprofloxacin,EconomicScaleIndex,20,3,313,56,2,2006,2019,0.30369331564286045,0.19301587918638174,-0.15939849624060148,0.5020524593517315,0.22138678024989444,0.059746349446122726,0.5737461236962149,0.008166765310944247,0.5788486941517849,0.007492240258373771,TRUE,1,0.5560171686030875,Jilin,0.9077420142945268,0.9606462350922552
all_years,surface water,tetracyclines,E. coli | Chloramphenicol,pork_output_2024,15,2,42,17,1,2015,2024,0.3035714285714285,0.2713558360038684,0.17857142857142855,0.5242843600465525,1,0,0.21785714285714286,0.4353926735155377,0.44642857142857145,0.09529321315352625,TRUE,1,0.686877828054299,Shandong,0.9084965716610526,0.9606462350922552
all_years,surface water,tetracyclines,P. aeruginosa | Gentamicin,chemical_fertilizers_2024,15,2,42,17,1,2015,2024,0.3035714285714285,0.2713558360038684,0.14285714285714282,0.6115222287644654,1,0,0.19285714285714287,0.49104870160522307,0.6107142857142858,0.01559283142117561,TRUE,1,0.5294117647058822,Henan,0.9084965716610526,0.9606462350922552
all_years,surface water,tetracyclines,S. aureus | Gentamicin,chemical_fertilizers_2024,15,2,42,17,1,2015,2024,0.3035714285714285,0.2713558360038684,0.2964285714285714,0.28335542843426287,1,0,0.19285714285714287,0.49104870160522307,0.4857142857142857,0.06642631232518965,TRUE,1,0.5276018099547514,Hubei,0.9084965716610526,0.8969656318280155
all_years,sediment,sulfonamides,A. baumannii | Cefotaxime,freshwater_aquatic_products_2024,24,3,1061,135,2,2008,2025,-0.30310937876795735,0.14992852696322903,-0.2260869565217391,0.28809953766578317,0.0015521231748156271,0.520774428109915,-0.3461622173591019,0.09751993168062467,0.4721739130434783,0.019822625417352684,TRUE,1,0.2309612497625336,Chongqing,0.9040897335352907,0.8969656318280155
all_years,sludge,macrolides,S. aureus | Clindamycin,sewage_pipe_length_2024,14,3,77,25,1,2005,2017,-0.3025810495640657,0.29302590742582535,-0.5208791208791208,0.056153927343702656,0.8556343441410651,0,0.4204986644677089,0.13436459633396483,-0.5956043956043956,0.024612610795286795,TRUE,1,0.45672414095978175,Guizhou,0.9084965716610526,0.7095844995310587
all_years,sediment,tetracyclines,A. baumannii | Meropenem,urban_env_infra_investment_2024,23,3,693,129,2,2004,2025,-0.3024462657194773,0.16070681049721292,-0.21640316205533597,0.32130769845690044,0.06310630550908343,0.17629345855989417,-0.35334816991736323,0.09813788776686909,0.5405138339920948,0.007749632525023962,TRUE,1,0.6153698286574568,Qinghai,0.9040897335352907,0.921151822516418
all_years,sediment,diaminopyrimidines,P. aeruginosa | Levofloxacin,grp_2024,18,3,122,45,2,2008,2020,-0.3023735810113519,0.22262935502892178,-0.19917440660474717,0.428158031919205,0.01039862314664235,0.47547758284600455,-0.32507739938080493,0.18808478142236898,0.3931888544891641,0.106484795695208,TRUE,1,0.4023037542662117,Hainan,0.9077420142945268,0.9479489788776115
all_years,sediment,macrolides,P. aeruginosa | Ciprofloxacin,grp_2024,23,3,430,93,2,2008,2025,-0.30237154150197626,0.16081536593268736,-0.2233201581027668,0.3056986083624988,0.003177020108859277,0.4751811594202898,-0.37351778656126483,0.07915444117090965,0.599802371541502,0.0024841109463468835,TRUE,1,0.2549019607843135,Tibet,0.9040897335352907,0.9122214762504753
all_years,surface water,macrolides,K. pneumoniae | Polymyxin B,chemical_fertilizers_2024,13,3,42,16,1,2015,2023,0.3021978021978022,0.3156083662499546,0.2857142857142857,0.34400021825867,0.006641885476426646,0.5788497217068641,-0.3901098901098901,0.1875741161338378,-0.33516483516483514,0.2629431403593601,TRUE,1,0.5371900826446281,Anhui,0.9232058175446068,0.9268335373285431
all_years,wastewater effluent,fluoroquinolones,K. pneumoniae | Meropenem,freshwater_aquatic_products_2024,13,3,34,15,1,2016,2024,-0.3021978021978022,0.3156083662499546,-0.2142857142857143,0.4820544547023682,0.28932970799328467,0.04803767660910481,-0.6978021978021978,0.00800071741122648,0.3241758241758242,0.27988186889313993,TRUE,1,1.1752066115702482,Beijing,0.9232058175446068,0.9606462350922552
all_years,sludge,tetracyclines,A. baumannii | Levofloxacin,grp_2024,14,3,77,19,2,2004,2020,-0.3019559471753071,0.2940739736967367,-0.5252747252747252,0.053747501767883114,0.30098512187415105,0.03648989898989916,0.2516299559794226,0.38549252799635003,0.6351648351648351,0.014657881327289188,FALSE,1,0.6658906916120019,Qinghai,0.9084965716610526,0.7068421453427418
all_years,soil,diaminopyrimidines,E. coli | Cefotaxime,milk_output_2024,8,3,9,8,1,2008,2015,-0.301226682944925,0.4684356368969024,0,1,0.24103244438393973,0.07490909090909051,-0.5542570966186618,0.1539883457589951,0.5,0.20703124999999997,TRUE,1,0.7945371649435501,Liaoning,0.9606720658320372,1
all_years,soil,diaminopyrimidines,E. coli | Chloramphenicol,freshwater_aquatic_products_2024,8,3,9,8,1,2008,2015,-0.301226682944925,0.4684356368969024,0.21428571428571433,0.6103444156452669,0.24103244438393973,0.07490909090909051,0.44581549075848886,0.26825005020123793,0.40476190476190477,0.3198886412288162,FALSE,1,0.8714462618817326,Beijing,0.9606720658320372,0.9606462350922552
all_years,surface water,sulfonamides,P. aeruginosa | Aztreonam,hogs_year_end_2024,14,3,49,15,1,2013,2024,0.3010989010989011,0.2955144656072166,0.20439560439560442,0.4833462230422234,0.07898257926378309,0.18961038961038862,-0.4461538461538462,0.10980712780122513,-0.35384615384615387,0.21453987088124624,TRUE,1,0.43430656934306566,Tibet,0.9088824346302653,0.9606462350922552
all_years,sludge,macrolides,E. coli | Gentamicin,milk_output_2024,14,3,77,25,1,2005,2017,-0.30035618890550636,0.29676610030309514,-0.5208791208791208,0.056153927343702656,0.8556343441410651,0,-0.34262854141813315,0.23045006637631998,0.6175824175824176,0.018604674280708396,TRUE,1,0.5196705350256929,Shanghai,0.9094418877550858,0.7095844995310587
all_years,wastewater influent,fluoroquinolones,S. aureus | Chloramphenicol,grp_2024,11,3,44,12,1,2016,2024,0.3,0.37008312228206763,0.4454545454545455,0.16973260492681175,0.07495187103951058,0.3977272727272725,-0.2727272727272727,0.41714143714253127,-0.38181818181818183,0.24655957577897017,TRUE,1,1.04040404040404,Anhui,0.9582118561710397,0.8456721417278594
all_years,wastewater influent,fluoroquinolones,K. pneumoniae | Nitrofurantoin,large_animals_year_end_2024,11,3,44,12,1,2016,2024,-0.3,0.37008312228206786,-0.2545454545454545,0.45003657688882903,0.07495187103951058,0.3977272727272725,0.15454545454545454,0.65003396549758,-0.8818181818181818,3.301688021839017e-4,TRUE,1,1.04040404040404,Beijing,0.9582118561710397,0.9555686200003073
all_years,surface water,fluoroquinolones,E. coli | Cefazolin,milk_output_2024,15,3,77,21,1,2015,2024,0.29999999999999993,0.2773167803683839,0.3857142857142857,0.1556307945859602,0.27743910513984715,0.014965986394557854,0.42857142857142855,0.11096021426087677,0.5142857142857142,0.049839233471420635,TRUE,1,0.5750915750915756,Tibet,0.9084965716610526,0.8334416432151582
all_years,surface water,fluoroquinolones,P. aeruginosa | Piperacillin,urban_share_2024,15,3,77,21,1,2015,2024,0.29999999999999993,0.2773167803683839,0.2714285714285714,0.3277893068411727,0.27743910513984715,0.014965986394557854,-0.08928571428571429,0.7516725173502772,-0.6071428571428571,0.01638130676830714,TRUE,1,0.6043956043956048,Tibet,0.9084965716610526,0.921151822516418
all_years,wastewater influent,macrolides,A. baumannii | Cefotaxime,EconomicScaleIndex,5,3,19,5,1,2018,2023,0.29999999999999993,0.623837664781073,NA,NA,NA,NA,0.3,0.623837664781073,0.7,0.18812040437418734,TRUE,NA,NA,,0.9810438378510519,NA
all_years,wastewater influent,macrolides,A. baumannii | Ceftriaxone,EconomicScaleIndex,5,3,19,5,1,2018,2023,-0.29999999999999993,0.623837664781073,NA,NA,NA,NA,0.3,0.623837664781073,0.7,0.18812040437418734,FALSE,NA,NA,,0.9810438378510519,NA
all_years,wastewater influent,macrolides,A. baumannii | Gentamicin,LivestockAquacultureIndex,5,3,19,5,1,2018,2023,-0.29999999999999993,0.623837664781073,NA,NA,NA,NA,-0.5642880936468347,0.3217233358243004,0.6155870112510925,0.2689977701158221,TRUE,NA,NA,,0.9810438378510519,NA
all_years,wastewater influent,macrolides,E. coli | Cefepime,LivestockAquacultureIndex,5,3,19,5,1,2018,2023,0.29999999999999993,0.623837664781073,NA,NA,NA,NA,-0.5642880936468347,0.3217233358243004,-0.6155870112510925,0.2689977701158221,TRUE,NA,NA,,0.9810438378510519,NA
all_years,wastewater influent,macrolides,E. coli | Cefotaxime,EconomicScaleIndex,5,3,19,5,1,2018,2023,0.29999999999999993,0.623837664781073,NA,NA,NA,NA,0.3,0.623837664781073,-0.5,0.39100221895577053,FALSE,NA,NA,,0.9810438378510519,NA
all_years,wastewater influent,macrolides,E. coli | Cefoxitin,EconomicScaleIndex,5,3,19,5,1,2018,2023,0.29999999999999993,0.623837664781073,NA,NA,NA,NA,0.3,0.623837664781073,-0.7,0.1881204043741875,FALSE,NA,NA,,0.9810438378510519,NA
all_years,wastewater influent,macrolides,E. coli | Nitrofurantoin,EconomicScaleIndex,5,3,19,5,1,2018,2023,-0.29999999999999993,0.623837664781073,NA,NA,NA,NA,0.3,0.623837664781073,-1,1.1234123376434926e-23,TRUE,NA,NA,,0.9810438378510519,NA
all_years,wastewater influent,macrolides,E. coli | Trimethoprim/Sulfamethoxazole,EconomicScaleIndex,5,3,19,5,1,2018,2023,0.29999999999999993,0.623837664781073,NA,NA,NA,NA,0.3,0.623837664781073,-0.7,0.1881204043741875,FALSE,NA,NA,,0.9810438378510519,NA
all_years,wastewater influent,macrolides,K. pneumoniae | Ampicillin,EconomicScaleIndex,5,3,19,5,1,2018,2023,-0.29999999999999993,0.623837664781073,NA,NA,NA,NA,0.3,0.623837664781073,-1,1.1234123376434926e-23,TRUE,NA,NA,,0.9810438378510519,NA
all_years,wastewater influent,macrolides,K. pneumoniae | Cefotaxime,EconomicScaleIndex,5,3,19,5,1,2018,2023,0.29999999999999993,0.623837664781073,NA,NA,NA,NA,0.3,0.623837664781073,0.7,0.18812040437418734,TRUE,NA,NA,,0.9810438378510519,NA
all_years,wastewater influent,macrolides,K. pneumoniae | Chloramphenicol,EconomicScaleIndex,5,3,19,5,1,2018,2023,-0.29999999999999993,0.623837664781073,NA,NA,NA,NA,0.3,0.623837664781073,0.7,0.18812040437418734,FALSE,NA,NA,,0.9810438378510519,NA
all_years,wastewater influent,macrolides,K. pneumoniae | Tigecycline,EconomicScaleIndex,5,3,19,5,1,2018,2023,-0.29999999999999993,0.623837664781073,NA,NA,NA,NA,0.3,0.623837664781073,0.7,0.18812040437418734,FALSE,NA,NA,,0.9810438378510519,NA
all_years,wastewater influent,macrolides,P. aeruginosa | Levofloxacin,EconomicScaleIndex,5,3,19,5,1,2018,2023,0.29999999999999993,0.623837664781073,NA,NA,NA,NA,0.3,0.623837664781073,0.7,0.18812040437418734,TRUE,NA,NA,,0.9810438378510519,NA
all_years,wastewater influent,macrolides,S. aureus | Chloramphenicol,EconomicScaleIndex,5,3,19,5,1,2018,2023,-0.29999999999999993,0.623837664781073,NA,NA,NA,NA,0.3,0.623837664781073,-1,1.1234123376434926e-23,TRUE,NA,NA,,0.9810438378510519,NA
all_years,wastewater influent,macrolides,S. aureus | Clindamycin,EconomicScaleIndex,5,3,19,5,1,2018,2023,0.29999999999999993,0.623837664781073,NA,NA,NA,NA,0.3,0.623837664781073,-0.7,0.1881204043741875,FALSE,NA,NA,,0.9810438378510519,NA
all_years,wastewater influent,macrolides,S. aureus | Erythromycin,EconomicScaleIndex,5,3,19,5,1,2018,2023,0.29999999999999993,0.623837664781073,NA,NA,NA,NA,0.3,0.623837664781073,-0.7,0.1881204043741875,FALSE,NA,NA,,0.9810438378510519,NA
all_years,wastewater influent,macrolides,S. aureus | Rifampicin,EconomicScaleIndex,5,3,19,5,1,2018,2023,-0.29999999999999993,0.623837664781073,NA,NA,NA,NA,0.3,0.623837664781073,-0.8,0.10408803866182813,TRUE,NA,NA,,0.9810438378510519,NA
all_years,wastewater influent,macrolides,S. aureus | Trimethoprim/Sulfamethoxazole,EconomicScaleIndex,5,3,19,5,1,2018,2023,0.29999999999999993,0.623837664781073,NA,NA,NA,NA,0.3,0.623837664781073,-0.7,0.1881204043741875,FALSE,NA,NA,,0.9810438378510519,NA
all_years,sludge,fluoroquinolones,E. coli | Polymyxin B,large_animals_year_end_2024,16,3,149,31,2,2005,2017,0.29926746972770973,0.2601581344085107,0.43823529411764706,0.08953003199187999,0.06923543109736396,0.25696039035591295,-0.45630881522838906,0.07563688051962573,-0.18235294117647058,0.4990748572457999,TRUE,1,0.43403055754481745,Beijing,0.9077420142945268,0.7507306204313801
all_years,soil,sulfonamides,A. baumannii | Tobramycin,sewage_pipe_length_2024,20,3,313,56,2,2006,2019,0.2991718270724953,0.20006072686083717,0.16240601503759397,0.4939125443630319,0.22138678024989444,0.059746349446122726,0.5516216055845504,0.011689585959119946,0.12030075187969924,0.6134176645307821,TRUE,1,0.3387870133803345,Guangxi,0.9077420142945268,0.9606462350922552
all_years,sediment,tetracyclines,A. baumannii | Ceftazidime,urban_env_infra_investment_2024,23,3,693,129,2,2004,2025,-0.29849271976235997,0.16652097347288597,-0.23715415019762845,0.2759058585278132,0.06310630550908343,0.17629345855989417,-0.35334816991736323,0.09813788776686909,0.5355731225296443,0.008444102176418345,TRUE,1,0.6216277403314656,Qinghai,0.9040897335352907,0.8969656318280155
all_years,soil,fluoroquinolones,E. coli | Cefoxitin,hospitals_count_2024,23,3,318,64,2,2006,2020,-0.2981459410835101,0.1670378463484823,-0.3409090909090909,0.11141179087269483,0.9845108143090242,0,-0.5305316663061466,0.00920503544877101,0.18774703557312253,0.3909714729657896,TRUE,1,0.30834301675455267,Jilin,0.9040897335352907,0.8067534120677089
all_years,sludge,macrolides,E. coli | Amikacin,milk_output_2024,14,3,77,25,1,2005,2017,-0.29813132824694705,0.30053386649663066,-0.5692307692307692,0.03361941707727023,0.8556343441410651,0,-0.34262854141813315,0.23045006637631998,0.6307692307692307,0.01557822427277127,TRUE,1,0.6794730675419636,Qinghai,0.915007003575565,0.5697942153713511
all_years,soil,sulfonamides,K. pneumoniae | Ceftriaxone,EconomicScaleIndex,20,3,313,56,2,2006,2019,0.2976646642157069,0.2024466208997348,0.003007518796992481,0.989959729518499,0.22138678024989444,0.059746349446122726,0.5737461236962149,0.008166765310944247,0.42378649519825085,0.06259376408927823,TRUE,1,0.6398599057490378,Chongqing,0.9077420142945268,0.9951115661410841
all_years,sediment,macrolides,S. aureus | Erythromycin,milk_output_2024,23,3,430,93,2,2008,2025,0.2974308300395257,0.16810724114298076,0.41304347826086957,0.050124271924485306,0.003177020108859277,0.4751811594202898,0.21936758893280633,0.31456006390749924,0.7322134387351779,7.12843257532693e-5,TRUE,1,0.6231608922638827,Guangdong,0.9040897335352907,0.6871582005647622
all_years,wastewater effluent,macrolides,A. baumannii | Cefepime,milk_output_2024,10,3,27,10,1,2018,2024,0.29696969696969694,0.4047016712701569,0.45454545454545453,0.18690481034933193,0.09424870603515988,0.3890909090909095,0.47878787878787876,0.16152292801745585,-0.3090909090909091,0.38484123026128325,FALSE,1,0.8316326530612245,Guangdong,0.9600626569866181,0.8528211362044058
all_years,surface water,sulfonamides,P. aeruginosa | Polymyxin B,urban_share_2024,14,3,49,15,1,2013,2024,0.2967032967032967,0.3029667238387018,0.0945054945054945,0.7479382611415478,0.07898257926378309,0.18961038961038862,0.18681318681318682,0.5225040123791592,0.4945054945054945,0.07224967403413257,TRUE,1,1.0925925925925926,Tibet,0.915007003575565,0.9751218136611995
all_years,sediment,phenicols,A. baumannii | Cefotaxime,grp_per_capita_2024,14,3,58,25,1,2006,2020,-0.2967032967032967,0.30296672383870205,-0.24395604395604395,0.400624803916119,0.20022103787458767,0.11060606060606078,-0.6263736263736264,0.016541935428871186,0.2967032967032967,0.3029667238387018,TRUE,1,0.462962962962963,Jiangsu,0.915007003575565,0.9479489788776115
all_years,surface water,macrolides,A. baumannii | Ceftriaxone,chemical_fertilizers_2024,14,3,42,16,1,2015,2023,-0.2967032967032967,0.30296672383870205,-0.1032967032967033,0.7252822110889449,0.006641885476426646,0.5788497217068641,-0.512087912087912,0.061198486156458405,0.432967032967033,0.1220100059684803,TRUE,1,0.537037037037037,Henan,0.915007003575565,0.9729669155213013
all_years,surface water,macrolides,P. aeruginosa | Amikacin,chemical_fertilizers_2024,14,3,42,16,1,2015,2023,-0.2967032967032967,0.30296672383870205,-0.07692307692307693,0.7938058883554533,0.006641885476426646,0.5788497217068641,-0.512087912087912,0.061198486156458405,0.3626373626373626,0.2025645438172415,TRUE,1,0.5555555555555556,Henan,0.915007003575565,0.9799202460692253
all_years,sediment,fluoroquinolones,E. coli | Tobramycin,urban_env_infra_investment_2024,23,3,950,128,2,2007,2025,-0.2964426877470356,0.1695927543895514,-0.2341897233201581,0.2821297301046476,0.025862178954528397,0.2654973649538867,-0.3616600790513834,0.08994509168798827,0.37648221343873517,0.07661601644672132,TRUE,1,0.29333333333333367,Liaoning,0.9040897335352907,0.8969656318280155
all_years,surface water,fluoroquinolones,P. aeruginosa | Polymyxin B,large_animals_year_end_2024,15,3,77,21,1,2015,2024,0.2964285714285714,0.28335542843426287,0.3857142857142857,0.1556307945859602,0.27743910513984715,0.014965986394557854,0.16785714285714284,0.5498555542278019,-0.37857142857142856,0.1640908265592207,FALSE,1,0.3994439295644114,Jilin,0.9084965716610526,0.8334416432151582
all_years,surface water,fluoroquinolones,S. aureus | Clindamycin,milk_output_2024,15,3,77,21,1,2015,2024,0.2964285714285714,0.28335542843426287,0.2214285714285714,0.42771371901637,0.27743910513984715,0.014965986394557854,0.42857142857142855,0.11096021426087677,0.5964285714285714,0.01893192468786513,TRUE,1,0.4754402224281745,Tibet,0.9084965716610526,0.9479489788776115
all_years,surface water,tetracyclines,P. aeruginosa | Meropenem,chemical_fertilizers_2024,15,2,42,17,1,2015,2024,0.2964285714285714,0.28335542843426287,0.3714285714285714,0.17284974708033993,1,0,0.19285714285714287,0.49104870160522307,0.6142857142857143,0.014833955405976944,TRUE,1,0.4754402224281745,Shaanxi,0.9084965716610526,0.8507301600285916
all_years,soil,fluoroquinolones,K. pneumoniae | Tobramycin,hospitals_count_2024,23,3,318,64,2,2006,2020,-0.29616819023055146,0.17000703015576266,-0.44169960474308295,0.034850061488148995,0.9845108143090242,0,-0.5305316663061466,0.00920503544877101,0.3606719367588933,0.09089142283084274,TRUE,1,0.2863540923280398,Ningxia,0.9040897335352907,0.5697942153713511
all_years,sediment,sulfonamides,S. aureus | Tetracycline,milk_output_2024,24,3,1061,135,2,2008,2025,-0.29310720414577224,0.16452180136327435,-0.31999999999999995,0.12741057282041757,0.0015521231748156271,0.520774428109915,0.20613177264851043,0.3338648970533443,-0.4808695652173913,0.017373241582602485,TRUE,1,0.4601188364005834,Guangdong,0.9040897335352907,0.818563978423839
all_years,surface water,fluoroquinolones,A. baumannii | Minocycline,urban_share_2024,15,3,77,21,1,2015,2024,-0.29285714285714276,0.2894716672124011,-0.2714285714285714,0.3277893068411727,0.27743910513984715,0.014965986394557854,-0.08928571428571429,0.7516725173502772,0.45,0.09235737494812266,TRUE,1,0.7035647279549723,Tibet,0.9084965716610526,0.921151822516418
all_years,surface water,tetracyclines,K. pneumoniae | Ceftriaxone,urban_share_2024,15,2,42,17,1,2015,2024,0.29285714285714276,0.2894716672124011,0.13214285714285712,0.6387442188840665,1,0,-0.43214285714285716,0.10769303754639804,-0.41785714285714287,0.1211725360218785,TRUE,1,0.5572232645403377,Henan,0.9084965716610526,0.9690405252285436
all_years,surface water,macrolides,S. aureus | Nitrofurantoin,pork_output_2024,14,3,42,16,1,2015,2023,-0.29230769230769227,0.3105263203858824,-0.07692307692307693,0.7938058883554533,0.006641885476426646,0.5788497217068641,-0.3978021978021978,0.15895077451083486,0.31868131868131866,0.2667849608113615,TRUE,1,0.635338345864662,Anhui,0.9212799171433933,0.9799202460692253
all_years,sludge,sulfonamides,E. coli | Ampicillin,grp_per_capita_2024,16,3,143,28,1,2005,2017,0.29168013328101305,0.2730198474327043,0.12941176470588234,0.63288233246826,0.6133729962850374,0,-0.3162426708204668,0.23275560389798974,-0.7617647058823529,6.053428380705901e-4,TRUE,1,0.5617058405409843,Tianjin,0.9084965716610526,0.964676439382213
all_years,sediment,macrolides,K. pneumoniae | Gentamicin,grp_2024,23,3,430,93,2,2008,2025,-0.29150197628458496,0.1771570817691434,-0.18379446640316208,0.40120109039639607,0.003177020108859277,0.4751811594202898,-0.37351778656126483,0.07915444117090965,0.6215415019762845,0.0015464515864157707,TRUE,1,0.4276029055690076,Guangdong,0.9040897335352907,0.9479489788776115
all_years,wastewater influent,fluoroquinolones,E. coli | Chloramphenicol,total_aquatic_products_2024,11,3,44,12,1,2016,2024,0.29090909090909095,0.38545696969136556,0.18181818181818182,0.5926152128455002,0.07495187103951058,0.3977272727272725,-0.37272727272727274,0.2589258736842223,0.6363636363636364,0.03528698122006226,FALSE,1,1.2291666666666663,Beijing,0.9582118561710397,0.9606462350922552
all_years,wastewater influent,fluoroquinolones,K. pneumoniae | Trimethoprim/Sulfamethoxazole,urban_share_2024,11,3,44,12,1,2016,2024,0.29090909090909095,0.38545696969136556,0.15454545454545454,0.65003396549758,0.07495187103951058,0.3977272727272725,0.2727272727272727,0.41714143714253127,0.5363636363636364,0.08895341813596276,TRUE,1,0.6458333333333334,Zhejiang,0.9582118561710397,0.9729669155213013
all_years,wastewater influent,fluoroquinolones,A. baumannii | Polymyxin B,hogs_year_end_2024,11,3,44,12,1,2016,2024,0.29090909090909095,0.38545696969136556,0.32727272727272727,0.3258949410128417,0.07495187103951058,0.3977272727272725,-0.17272727272727273,0.6115423848512362,-0.8545454545454545,8.066741521649004e-4,TRUE,1,0.8125000000000001,Beijing,0.9582118561710397,0.921151822516418
all_years,sediment,sulfonamides,K. pneumoniae | Amikacin,grp_2024,24,3,1061,135,2,2008,2025,-0.29006306404336807,0.16915405225126914,-0.3182608695652173,0.12960877674073518,0.0015521231748156271,0.520774428109915,-0.23961731377495624,0.2594293755011346,0.67130434782608694,3.2906556873774025e-4,TRUE,1,0.48736863134675623,Hainan,0.9040897335352907,0.818563978423839
all_years,sediment,diaminopyrimidines,K. pneumoniae | Chloramphenicol,total_aquatic_products_2024,18,3,122,45,2,2008,2020,-0.2899896800825594,0.2430922860390444,-0.4179566563467492,0.08435264811978459,0.01039862314664235,0.47547758284600455,-0.28586171310629516,0.2501695935454812,0.4674922600619195,0.050437519451044334,TRUE,1,0.6143238434163701,Guangdong,0.9077420142945268,0.7507306204313801
all_years,soil,diaminopyrimidines,S. aureus | Chloramphenicol,milk_output_2024,8,3,9,8,1,2008,2015,-0.28917761562712796,0.4872612723244323,0.14285714285714288,0.7357648598798119,0.24103244438393973,0.07490909090909051,-0.5542570966186618,0.1539883457589951,0.42857142857142855,0.2894032248467901,TRUE,0.75,1.1869309546816198,Chongqing,0.9606720658320372,0.9729669155213013
all_years,sludge,diaminopyrimidines,S. aureus | Amikacin,freshwater_aquatic_products_2024,13,3,19,17,1,2010,2017,0.2889690693081196,0.33828688811499685,0.12087912087912088,0.6940473279966857,0.8019823386358851,0,-0.5288133968338589,0.06315863753009365,-0.4835164835164835,0.0941346925969393,TRUE,1,0.7824109843296627,Zhejiang,0.9323618109051564,0.9729669155213013
all_years,sediment,lincosamides,A. baumannii | Cefepime,chemical_fertilizers_2024,13,3,26,22,1,2010,2018,-0.288858595137383,0.3384799505620153,-0.2692307692307692,0.37373304228189186,0.2592759711301179,0.06997245179063301,-0.23933997882811733,0.4309595500618638,0.532967032967033,0.06073650306561786,TRUE,1,0.4785919711992234,Hubei,0.9323618109051564,0.9351594487186277
all_years,sediment,lincosamides,A. baumannii | Meropenem,chemical_fertilizers_2024,13,3,26,22,1,2010,2018,-0.288858595137383,0.3384799505620153,-0.3131868131868132,0.2974384220710292,0.2592759711301179,0.06997245179063301,-0.23933997882811733,0.4309595500618638,0.6923076923076923,0.008730317796749324,TRUE,1,0.6854817675187895,Guizhou,0.9323618109051564,0.905525855618665
all_years,sludge,tetracyclines,K. pneumoniae | Trimethoprim/Sulfamethoxazole,grp_2024,14,3,77,19,2,2004,2020,0.28823067684915676,0.31763362118943067,0.2879120879120879,0.3181928710258,0.30098512187415105,0.03648989898989916,0.2516299559794226,0.38549252799635003,0.6923076923076923,0.0060710487499900405,TRUE,1,0.5287959489270667,Guangdong,0.9267453273829187,0.9180513702300525
all_years,surface water,sulfonamides,S. aureus | Ciprofloxacin,chemical_fertilizers_2024,14,3,49,15,1,2013,2024,0.2879120879120879,0.3181928710258,0.2,0.49300373504000006,0.07898257926378309,0.18961038961038862,-0.4153846153846154,0.1396659475175257,0.4021978021978022,0.15397442954140356,FALSE,1,0.6412213740458018,Shanxi,0.9267453273829187,0.9606462350922552
all_years,sediment,sulfonamides,K. pneumoniae | Meropenem,grp_2024,24,3,1061,135,2,2008,2025,-0.28745380109845026,0.17319630994371765,-0.35304347826086946,0.09060541970723535,0.0015521231748156271,0.520774428109915,-0.23961731377495624,0.2594293755011346,0.6669565217391304,3.7154018169145416e-4,TRUE,1,0.5043081267574218,Hainan,0.9040897335352907,0.7507306204313801
all_years,sludge,macrolides,E. coli | Cefazolin,milk_output_2024,14,3,77,25,1,2005,2017,-0.28700702495415054,0.3197846676887893,-0.4197802197802198,0.13510107382914271,0.8556343441410651,0,-0.34262854141813315,0.23045006637631998,0.5384615384615384,0.046976145859555195,TRUE,1,0.48432935979253733,Qinghai,0.927375536297489,0.8234711270505317
all_years,sludge,tetracyclines,E. coli | Tigecycline,total_aquatic_products_2024,14,3,77,19,2,2004,2020,-0.2859431317947984,0.3216615793914705,-0.33186813186813185,0.24637718314961182,0.30098512187415105,0.03648989898989916,0.4209082900019433,0.13394589712344326,-0.31868131868131866,0.2667849608113615,TRUE,1,0.555343785676878,Guangdong,0.9298191635785594,0.8785296752720978
all_years,sludge,tetracyclines,S. aureus | Penicillin G,urban_share_2024,14,3,77,19,2,2004,2020,-0.2859431317947984,0.3216615793914705,-0.5208791208791208,0.056153927343702656,0.30098512187415105,0.03648989898989916,-0.21274169005533006,0.46525822108730286,-0.7714285714285715,0.0012326572868001852,FALSE,1,0.33301567851531694,Guangdong,0.9298191635785594,0.7095844995310587
all_years,wastewater effluent,fluoroquinolones,S. aureus | Amikacin,total_aquatic_products_2024,13,3,34,15,1,2016,2024,0.2857142857142857,0.34400021825867,0.4285714285714286,0.14397143468783608,0.28932970799328467,0.04803767660910481,-0.6758241758241759,0.011225245577668611,-0.13186813186813187,0.6676075762175147,TRUE,1,0.6818181818181817,Beijing,0.9380875517124703,0.8234711270505317
all_years,sediment,beta-lactams,E. coli | Aztreonam,LivestockAquacultureIndex,7,3,34,15,1,2012,2018,0.28571428571428564,0.5345092286010409,NA,NA,0.8983973213480706,0,-0.14285714285714285,0.7599453002180931,-0.39285714285714285,0.38331687042697266,TRUE,1,1.1000000000000005,Guangdong,0.9606720658320372,NA
all_years,surface water,diaminopyrimidines,E. coli | Cefotaxime,LivestockAquacultureIndex,7,2,9,8,1,2018,2024,0.28571428571428564,0.5345092286010409,NA,NA,NA,NA,-0.5714285714285714,0.18020198891152778,-0.03571428571428571,0.9394082054712853,TRUE,0.8571428571428571,1.7000000000000008,Zhejiang,0.9606720658320372,NA
all_years,surface water,diaminopyrimidines,S. aureus | Ciprofloxacin,LivestockAquacultureIndex,7,2,9,8,1,2018,2024,0.28571428571428564,0.5345092286010409,NA,NA,NA,NA,-0.5714285714285714,0.18020198891152778,0.17857142857142858,0.7016579425162729,FALSE,0.8571428571428571,1.7000000000000008,Hubei,0.9606720658320372,NA
all_years,sediment,beta-lactams,E. coli | Amikacin,WastewaterHealthIndex,7,3,34,15,1,2012,2018,-0.28571428571428564,0.5345092286010411,NA,NA,0.8983973213480706,0,0.14547859349066158,0.7556330131047917,-0.29095718698132317,0.526695193239918,TRUE,1,0.9000000000000004,Hubei,0.9606720658320372,NA
all_years,sediment,beta-lactams,E. coli | Nitrofurantoin,WastewaterHealthIndex,7,3,34,15,1,2012,2018,-0.28571428571428564,0.5345092286010411,NA,NA,0.8983973213480706,0,0.14547859349066158,0.7556330131047917,-0.6910233190806425,0.0855695900316028,TRUE,1,1.7000000000000008,Jiangxi,0.9606720658320372,NA
all_years,sediment,beta-lactams,E. coli | Tobramycin,WastewaterHealthIndex,7,3,34,15,1,2012,2018,-0.28571428571428564,0.5345092286010411,NA,NA,0.8983973213480706,0,0.14547859349066158,0.7556330131047917,0.29095718698132317,0.526695193239918,FALSE,1,0.8999999999999999,Hubei,0.9606720658320372,NA
all_years,sediment,beta-lactams,K. pneumoniae | Cefotaxime,EconomicScaleIndex,7,3,34,15,1,2012,2018,-0.28571428571428564,0.5345092286010411,NA,NA,0.8983973213480706,0,-0.14285714285714285,0.7599453002180931,0.8571428571428571,0.013697326615325727,TRUE,1,0.9000000000000004,Guizhou,0.9606720658320372,NA
all_years,sediment,beta-lactams,K. pneumoniae | Ciprofloxacin,EconomicScaleIndex,7,3,34,15,1,2012,2018,-0.28571428571428564,0.5345092286010411,NA,NA,0.8983973213480706,0,-0.14285714285714285,0.7599453002180931,0.8571428571428571,0.013697326615325727,TRUE,1,0.9000000000000004,Guizhou,0.9606720658320372,NA
all_years,sediment,beta-lactams,K. pneumoniae | Imipenem,EconomicScaleIndex,7,3,34,15,1,2012,2018,-0.28571428571428564,0.5345092286010411,NA,NA,0.8983973213480706,0,-0.14285714285714285,0.7599453002180931,0.39285714285714285,0.38331687042697277,TRUE,1,1.1000000000000005,Jiangxi,0.9606720658320372,NA
all_years,sediment,beta-lactams,S. aureus | Oxacillin,LivestockAquacultureIndex,7,3,34,15,1,2012,2018,-0.28571428571428564,0.5345092286010411,NA,NA,0.8983973213480706,0,-0.14285714285714285,0.7599453002180931,-0.6071428571428571,0.1482311614811614,FALSE,0.8571428571428571,1.5000000000000007,Hubei,0.9606720658320372,NA
all_years,surface water,diaminopyrimidines,E. coli | Ceftazidime,LivestockAquacultureIndex,7,2,9,8,1,2018,2024,-0.28571428571428564,0.5345092286010411,NA,NA,NA,NA,-0.5714285714285714,0.18020198891152778,0.5714285714285714,0.18020198891152778,TRUE,0.7142857142857143,1.3,Tibet,0.9606720658320372,NA
all_years,surface water,diaminopyrimidines,S. aureus | Chloramphenicol,LivestockAquacultureIndex,7,2,9,8,1,2018,2024,-0.28571428571428564,0.5345092286010411,NA,NA,NA,NA,-0.5714285714285714,0.18020198891152778,-0.17857142857142858,0.7016579425162729,FALSE,1,0.9000000000000004,Anhui,0.9606720658320372,NA
all_years,surface water,diaminopyrimidines,S. aureus | Tetracycline,LivestockAquacultureIndex,7,2,9,8,1,2018,2024,-0.28571428571428564,0.5345092286010411,NA,NA,NA,NA,-0.5714285714285714,0.18020198891152778,-0.5714285714285714,0.18020198891152778,FALSE,0.8571428571428571,1.1,Guangxi,0.9606720658320372,NA
all_years,sediment,tetracyclines,A. baumannii | Imipenem,urban_env_infra_investment_2024,23,3,693,129,2,2004,2025,-0.28564369540172857,0.18642395299456777,-0.21047430830039526,0.33506327271090686,0.06310630550908343,0.17629345855989417,-0.35334816991736323,0.09813788776686909,0.525691699604743,0.009987982109574405,TRUE,1,0.6431623187390845,Qinghai,0.9040897335352907,0.9254128484396474
all_years,sludge,sulfonamides,K. pneumoniae | Polymyxin B,grp_per_capita_2024,16,3,143,28,1,2005,2017,0.28553949889614966,0.28370654751295876,0.45294117647058824,0.07809874141672514,0.6133729962850374,0,-0.3162426708204668,0.23275560389798974,-0.15294117647058825,0.5717446192454618,TRUE,1,0.4370802433841546,Fujian,0.9084965716610526,0.7507306204313801
all_years,wastewater effluent,macrolides,E. coli | Tobramycin,chemical_fertilizers_2024,10,3,27,10,1,2018,2024,0.2848484848484848,0.42503815489214547,0.18787878787878787,0.603217610029209,0.09424870603515988,0.3890909090909095,0.5151515151515151,0.1275528697032343,0.45454545454545453,0.18690481034933193,TRUE,1,0.9414893617021277,Shandong,0.9606720658320372,0.9606462350922552
all_years,soil,fluoroquinolones,P. aeruginosa | Polymyxin B,urban_share_2024,23,3,318,64,2,2006,2020,-0.2847961228260395,0.1877916266773335,-0.49703557312252966,0.015827586464483054,0.9845108143090242,0,0.3154512610468979,0.14258693480900217,0.3606719367588933,0.09089142283084274,FALSE,1,0.3352469731181583,Tibet,0.9040897335352907,0.46496104652806064
all_years,surface water,fluoroquinolones,E. coli | Polymyxin B,hospitals_count_2024,14,3,77,21,1,2015,2024,-0.2835164835164835,0.3259659474417733,-0.12967032967032965,0.658619276321178,0.27743910513984715,0.014965986394557854,0.3230769230769231,0.2598736195087899,-0.46813186813186813,0.0913763650683315,TRUE,1,0.8410852713178296,Jilin,0.9323150863286164,0.9729669155213013
all_years,surface water,macrolides,K. pneumoniae | Cefepime,freshwater_aquatic_products_2024,14,3,42,16,1,2015,2023,-0.2835164835164835,0.3259659474417733,-0.01978021978021978,0.9464892274080117,0.006641885476426646,0.5788497217068641,-0.4153846153846154,0.1396659475175257,0.6659340659340659,0.009322999096841785,TRUE,1,0.8217054263565894,Guangdong,0.9323150863286164,0.9867239251522226
all_years,sediment,lincosamides,K. pneumoniae | Cefoxitin,chemical_fertilizers_2024,13,3,26,22,1,2010,2018,-0.28335652665857575,0.34817162559163006,-0.32967032967032966,0.2713350545052358,0.2592759711301179,0.06997245179063301,-0.23933997882811733,0.4309595500618638,0.532967032967033,0.06073650306561786,TRUE,1,0.44626273059777366,Guizhou,0.9418444074429552,0.8969656318280155
all_years,wastewater influent,sulfonamides,S. aureus | Trimethoprim/Sulfamethoxazole,freshwater_aquatic_products_2024,9,3,30,9,1,2016,2024,0.2833333333333333,0.46003032896571994,-0.05,0.89835280435063,0.8007374029168087,0,-0.6333333333333333,0.06708578689234561,-0.6666666666666666,0.04986723056888511,TRUE,1,0.8487394957983194,Heilongjiang,0.9606720658320372,0.9842154623604513
all_years,sediment,tetracyclines,A. baumannii | Levofloxacin,urban_env_infra_investment_2024,23,3,693,129,2,2004,2025,-0.28317272917853026,0.19043030802114844,-0.25494071146245056,0.2403974496421708,0.06310630550908343,0.17629345855989417,-0.35334816991736323,0.09813788776686909,0.5009881422924901,0.014887207250564156,TRUE,1,0.6475276313173506,Qinghai,0.9077420142945268,0.8756506136724482
all_years,sludge,sulfonamides,A. baumannii | Meropenem,grp_per_capita_2024,16,3,143,28,1,2005,2017,-0.28246918170371793,0.28914280020271615,-0.5705882352941176,0.02099069636821779,0.6133729962850374,0,-0.3162426708204668,0.23275560389798974,0.38823529411764707,0.13728162367278132,TRUE,1,0.5859759726298802,Heilongjiang,0.9084965716610526,0.5217687382956994
all_years,surface water,tetracyclines,K. pneumoniae | Meropenem,hogs_year_end_2024,15,2,42,17,1,2015,2024,0.2821428571428571,0.3082844568200556,0.2285714285714285,0.41256617049636024,1,0,0.2357142857142857,0.3977029459032726,0.7964285714285714,3.804676785346339e-4,TRUE,1,0.5871470301850049,Henan,0.9203669796569272,0.9479489788776115
all_years,soil,macrolides,E. coli | Cefazolin,milk_output_2024,20,3,104,34,2,2006,2020,0.28204612339778745,0.2282878059670832,0.22105263157894736,0.3489737543021465,0.3132637601270729,0.018907030492805205,0.43554575623894254,0.054921130935576906,0.5939849624060151,0.005754247539586482,TRUE,1,0.586595446355608,Tianjin,0.9077420142945268,0.9268335373285431
all_years,wastewater influent,fluoroquinolones,E. coli | Cefuroxime,milk_output_2024,11,3,44,12,1,2016,2024,0.2818181818181818,0.4011448979604788,0.7545454545454546,0.007282041008429129,0.07495187103951058,0.3977272727272725,0.2909090909090909,0.38545696969136556,0.509090909090909,0.10973723224165649,TRUE,1,0.5698924731182793,Hebei,0.9600626569866181,0.4153533287640718
all_years,sediment,fluoroquinolones,A. baumannii | Minocycline,grp_2024,23,3,950,128,2,2007,2025,-0.2816205533596838,0.19297677326766194,-0.36462450592885376,0.08715015516609212,0.025862178954528397,0.2654973649538867,-0.32707509881422925,0.12766439967393878,0.2509881422924901,0.24801687332012579,TRUE,1,0.28421052631578925,Fujian,0.9077420142945268,0.7507306204313801
all_years,sludge,fluoroquinolones,A. baumannii | Minocycline,grp_per_capita_2024,16,3,149,31,2,2005,2017,-0.28148920419933093,0.29089095339378,-0.3735294117647059,0.15412246989684822,0.06923543109736396,0.25696039035591295,0.4933468684125115,0.052146211631197946,0.40588235294117647,0.11879168453237476,FALSE,1,0.843551975603175,Gansu,0.9084965716610526,0.8334416432151582
all_years,sediment,sulfonamides,K. pneumoniae | Gentamicin,grp_2024,24,3,1061,135,2,2008,2025,-0.2813655208936419,0.1828880422912942,-0.2660869565217391,0.20883621481010178,0.0015521231748156271,0.520774428109915,-0.23961731377495624,0.2594293755011346,0.6495652173913044,5.925876293559369e-4,TRUE,1,0.4525511584324387,Hainan,0.9040897335352907,0.8680942753677526
all_years,soil,sulfonamides,K. pneumoniae | Ciprofloxacin,EconomicScaleIndex,20,3,313,56,2,2006,2019,0.2810858727910346,0.22994340447174075,-0.13984962406015036,0.5564935505662204,0.22138678024989444,0.059746349446122726,0.5737461236962149,0.008166765310944247,0.5374485924894336,0.01453035725333761,TRUE,1,0.5144236735555449,Chongqing,0.9077420142945268,0.9606462350922552
all_years,soil,fluoroquinolones,A. baumannii | Minocycline,grp_per_capita_2024,23,3,318,64,2,2006,2020,0.2803461834068826,0.19508472345995023,0.012845849802371542,0.9536107425920652,0.9845108143090242,0,0.41433880369482834,0.04933753133495683,0.17984189723320157,0.41157788704520926,TRUE,1,0.5723511538470288,Tibet,0.9077420142945268,0.9867239251522226
all_years,soil,tetracyclines,E. coli | Tobramycin,hospitals_count_2024,24,3,312,68,2,2007,2022,-0.27999999999999997,0.18511205365132627,-0.29999999999999993,0.1543630091360111,0.48567178524771265,0,-0.35391304347826086,0.0897584560898227,0.42695652173913046,0.03745231387529931,TRUE,1,0.5422077922077924,Liaoning,0.9040897335352907,0.8334416432151582
all_years,sediment,macrolides,K. pneumoniae | Ceftazidime,grp_2024,23,3,430,93,2,2008,2025,-0.27964426877470355,0.19625242340232033,-0.22233201581027667,0.30789944888553256,0.003177020108859277,0.4751811594202898,-0.37351778656126483,0.07915444117090965,0.6146245059288538,0.0018048352216738439,TRUE,1,0.2862190812720851,Guangdong,0.9077420142945268,0.9122214762504753
all_years,soil,fluoroquinolones,K. pneumoniae | Ceftazidime,hospitals_count_2024,23,3,318,64,2,2006,2020,-0.27886287026716366,0.1975579206786547,-0.3705533596837945,0.0817556919906749,0.9845108143090242,0,-0.5305316663061466,0.00920503544877101,0.31126482213438733,0.1482533703130439,TRUE,1,0.49922850026126303,Jilin,0.9077420142945268,0.7507306204313801
all_years,soil,sulfonamides,K. pneumoniae | Levofloxacin,EconomicScaleIndex,20,3,313,56,2,2006,2019,0.278825128505852,0.23387196048945796,-0.06315789473684211,0.7913733978200619,0.22138678024989444,0.059746349446122726,0.5737461236962149,0.008166765310944247,0.4840048248889437,0.030589586055407306,TRUE,1,0.6718026358342397,Chongqing,0.9077420142945268,0.9799202460692253
all_years,surface water,fluoroquinolones,E. coli | Nitrofurantoin,chemical_fertilizers_2024,15,3,77,21,1,2015,2024,0.2785714285714285,0.31470947323079085,0.11785714285714284,0.6757115292213041,0.27743910513984715,0.014965986394557854,0.4107142857142857,0.1283286460157489,0.675,0.00576349921805083,TRUE,1,0.5818540433925049,Hebei,0.9232058175446068,0.9729669155213013
all_years,surface water,tetracyclines,A. baumannii | Tigecycline,chemical_fertilizers_2024,15,2,42,17,1,2015,2024,0.2785714285714285,0.31470947323079085,0.33214285714285713,0.2264717590707243,1,0,0.19285714285714287,0.49104870160522307,0.7464285714285714,0.0013914110890630473,TRUE,1,0.5069033530571995,Hubei,0.9232058175446068,0.8756506136724482
all_years,sediment,sulfonamides,P. aeruginosa | Tobramycin,milk_output_2024,24,3,1061,135,2,2008,2025,-0.27832138079123775,0.18787140095044608,-0.2765217391304347,0.19086089033898038,0.0015521231748156271,0.520774428109915,0.20613177264851043,0.3338648970533443,0.3217391304347826,0.12523945866486338,FALSE,1,0.3465715299687691,Chongqing,0.9040897335352907,0.8617312054825821
all_years,sediment,lincosamides,A. baumannii | Tobramycin,chemical_fertilizers_2024,13,3,26,22,1,2010,2018,-0.2778544581797684,0.35801229247800603,-0.2197802197802198,0.4706148514721422,0.2592759711301179,0.06997245179063301,-0.23933997882811733,0.4309595500618638,0.6153846153846154,0.02516711655189929,TRUE,1,0.6639915448258723,Guangxi,0.9526686311875808,0.9606462350922552
all_years,sediment,macrolides,K. pneumoniae | Tobramycin,grp_2024,23,3,430,93,2,2008,2025,-0.2766798418972332,0.20123629781698102,-0.15316205533596838,0.4853582092057993,0.003177020108859277,0.4751811594202898,-0.37351778656126483,0.07915444117090965,0.607707509881423,0.0020990278142723456,TRUE,1,0.27142857142857124,Tibet,0.9077420142945268,0.9606462350922552
all_years,sludge,fluoroquinolones,S. aureus | Nitrofurantoin,large_animals_year_end_2024,16,3,149,31,2,2005,2017,-0.27556311568987135,0.3015963666743172,-0.21470588235294114,0.4245592336201027,0.06923543109736396,0.25696039035591295,-0.45630881522838906,0.07563688051962573,0.36764705882352944,0.1612323576755899,TRUE,1,0.5161226706806185,Heilongjiang,0.915007003575565,0.9479489788776115
all_years,soil,macrolides,S. aureus | Trimethoprim/Sulfamethoxazole,milk_output_2024,20,3,104,34,2,2006,2020,0.275240720956554,0.24018924581461643,0.2661654135338346,0.25667084540254065,0.3132637601270729,0.018907030492805205,0.43554575623894254,0.054921130935576906,0.5338345864661654,0.015337046800217354,TRUE,1,0.6478239629582895,Jilin,0.9077420142945268,0.8871017830455327
all_years,soil,fluoroquinolones,E. coli | Levofloxacin,hospitals_count_2024,23,3,318,64,2,2006,2020,-0.2749073685612465,0.20425672268789558,-0.5889328063241106,0.003109952422820516,0.9845108143090242,0,-0.5305316663061466,0.00920503544877101,0.29446640316205536,0.1725910762851547,TRUE,1,0.34646696971889474,Jilin,0.9077420142945268,0.3707855110571458
all_years,soil,fluoroquinolones,K. pneumoniae | Amikacin,hospital_beds_2024,23,3,318,64,2,2006,2020,-0.2749073685612465,0.20425672268789558,-0.3942687747035573,0.06265524525291534,0.9845108143090242,0,-0.42422755795962136,0.043643130323985486,0.4426877470355731,0.034398185800903855,TRUE,1,0.4324293147985234,Jilin,0.9077420142945268,0.7343324599072254
all_years,sediment,sulfonamides,K. pneumoniae | Ciprofloxacin,grp_2024,24,3,1061,135,2,2008,2025,-0.2748423635313473,0.19367981341686735,-0.2513043478260869,0.2361993881160801,0.0015521231748156271,0.520774428109915,-0.23961731377495624,0.2594293755011346,0.6826086956521739,2.3775848063956975e-4,TRUE,1,0.4978148473748361,Guangdong,0.9077420142945268,0.8756506136724482
all_years,soil,fluoroquinolones,P. aeruginosa | Amikacin,hospitals_count_2024,23,3,318,64,2,2006,2020,-0.27342405542152753,0.2068077604396575,-0.28063241106719367,0.19460991482665604,0.9845108143090242,0,-0.5305316663061466,0.00920503544877101,0.23616600790513834,0.2779707631076221,TRUE,1,0.4550754981657408,Fujian,0.9077420142945268,0.8680942753677526
all_years,sludge,sulfonamides,A. baumannii | Imipenem,grp_per_capita_2024,16,3,143,28,1,2005,2017,-0.2732582301264228,0.3058221402864829,-0.44705882352941173,0.0825369233953715,0.6133729962850374,0,-0.3162426708204668,0.23275560389798974,0.3176470588235294,0.23057346362184553,TRUE,1,0.4878913477528551,Heilongjiang,0.9203669796569272,0.7507306204313801
all_years,sludge,sulfonamides,S. aureus | Nitrofurantoin,grp_per_capita_2024,16,3,143,28,1,2005,2017,-0.2732582301264228,0.3058221402864829,-0.4323529411764706,0.09442103753478695,0.6133729962850374,0,-0.3162426708204668,0.23275560389798974,-0.3088235294117647,0.24449869579851796,FALSE,1,0.5567752064451169,Fujian,0.9203669796569272,0.7556699361729984
all_years,sediment,sulfonamides,P. aeruginosa | Meropenem,large_animals_year_end_2024,24,3,1061,135,2,2008,2025,-0.273102854901402,0.19662950105591978,-0.14782608695652172,0.4906100707429598,0.0015521231748156271,0.520774428109915,0.3309415168470811,0.1141958009148479,-0.5634782608695652,0.004139998914296167,TRUE,1,0.4657354215599479,Hainan,0.9077420142945268,0.9606462350922552
all_years,soil,sulfonamides,K. pneumoniae | Ceftazidime,EconomicScaleIndex,20,3,313,56,2,2006,2019,0.2727964770786985,0.2445594570706924,-0.003007518796992481,0.989959729518499,0.22138678024989444,0.059746349446122726,0.5737461236962149,0.008166765310944247,0.4343247028941221,0.055682732136762746,TRUE,1,0.5668901802132439,Chongqing,0.9077420142945268,0.9951115661410841
all_years,wastewater effluent,macrolides,E. coli | Trimethoprim/Sulfamethoxazole,milk_output_2024,10,3,27,10,1,2018,2024,0.2727272727272727,0.44583834154275137,0.11515151515151514,0.7514196523258485,0.09424870603515988,0.3890909090909095,0.47878787878787876,0.16152292801745585,0.6242424242424243,0.05371776721716743,TRUE,1,0.8777777777777778,Heilongjiang,0.9606720658320372,0.9760417777324718
all_years,sludge,fluoroquinolones,E. coli | Nitrofurantoin,grp_per_capita_2024,16,3,149,31,2,2005,2017,-0.2726000714351416,0.30703517091097493,-0.1676470588235294,0.5348568245819432,0.06923543109736396,0.25696039035591295,0.4933468684125115,0.052146211631197946,-0.36764705882352944,0.1612323576755899,TRUE,1,0.5108631344923643,Guangdong,0.9203669796569272,0.9606462350922552
all_years,sludge,macrolides,E. coli | Chloramphenicol,freshwater_aquatic_products_2024,14,3,77,25,1,2005,2017,0.27143300034423534,0.34787898922988725,0.14725274725274726,0.6154187624847252,0.8556343441410651,0,0.5829134925425382,0.028685897723242478,0.5956043956043956,0.024612610795286847,TRUE,1,0.6813888266089209,Guangdong,0.9418444074429552,0.9606462350922552
all_years,surface water,tetracyclines,E. coli | Ertapenem,hogs_year_end_2024,15,2,42,17,1,2015,2024,0.2714285714285714,0.3277893068411727,0.12857142857142856,0.6479163294665075,1,0,0.2357142857142857,0.3977029459032726,0.6607142857142857,0.007330569830891714,TRUE,1,0.6194331983805667,Henan,0.9323150863286164,0.9729669155213013
all_years,soil,fluoroquinolones,K. pneumoniae | Gentamicin,sewage_disposal_capacity_2024,23,3,318,64,2,2006,2020,-0.27095186685532924,0.2111069223681582,-0.36462450592885376,0.08715015516609212,0.9845108143090242,0,-0.2793573079804033,0.196731172213068,0.6393280632411067,0.0010219319257502618,TRUE,1,0.32631021273933497,Ningxia,0.9077420142945268,0.7507306204313801
all_years,sediment,phenicols,S. aureus | Clindamycin,large_animals_year_end_2024,14,3,58,25,1,2006,2020,0.2703296703296703,0.3499193863496043,0.09010989010989011,0.7593388378159541,0.20022103787458767,0.11060606060606078,0.5076923076923077,0.06383915813376853,0.6131868131868132,0.01970633192603887,TRUE,1,0.3821138211382117,Hainan,0.9436356964813443,0.9760848906711721
all_years,surface water,fluoroquinolones,A. baumannii | Polymyxin B,hospital_beds_2024,14,3,77,21,1,2015,2024,-0.2703296703296703,0.3499193863496043,-0.08571428571428572,0.7707850311186759,0.27743910513984715,0.014965986394557854,0.2923076923076923,0.3105263203858821,-0.7978021978021979,6.282758224581759e-4,TRUE,1,0.4634146341463417,Shandong,0.9436356964813443,0.9760848906711721
all_years,sludge,sulfonamides,E. coli | Cefotaxime,hospitals_count_2024,16,3,143,28,1,2005,2017,-0.270187912933991,0.3115050765459636,-0.4441176470588235,0.08482274417741589,0.6133729962850374,0,0.3070317192431717,0.24738910127380673,0.4235294117647059,0.10210932208599748,FALSE,1,0.9367323088226616,Hebei,0.9222054790828363,0.7507306204313801
all_years,soil,macrolides,E. coli | Cefoxitin,milk_output_2024,20,3,104,34,2,2006,2020,-0.2691914743421242,0.2510975404662144,-0.3037593984962406,0.19291416827770472,0.3132637601270729,0.018907030492805205,0.43554575623894254,0.054921130935576906,0.26165413533834586,0.2651241095103528,FALSE,1,0.55088008335590255,Liaoning,0.9077420142945268,0.86581716000827
all_years,soil,sulfonamides,K. pneumoniae | Imipenem,EconomicScaleIndex,20,3,313,56,2,2006,2019,0.2682749885083333,0.252777282320653,-0.03759398496240602,0.8749652018566714,0.22138678024989444,0.059746349446122726,0.5737461236962149,0.008166765310944247,0.4569065765281319,0.04283955692870016,TRUE,1,0.45232759189946037,Chongqing,0.9077420142945268,0.9842154623604513
all_years,sludge,fluoroquinolones,E. coli | Gentamicin,grp_per_capita_2024,16,3,149,31,2,2005,2017,-0.26815550505304686,0.3153006765289986,0.08529411764705883,0.7534650694747833,0.06923543109736396,0.25696039035591295,0.4933468684125115,0.052146211631197946,-0.5852941176470589,0.017225286616094765,TRUE,1,0.4435626096844691,Shanghai,0.9232058175446068,0.9760417777324718
all_years,surface water,tetracyclines,E. coli | Cefepime,grp_per_capita_2024,15,2,42,17,1,2015,2024,0.2678571428571428,0.33444360051235344,0.09642857142857142,0.7324528633867308,1,0,-0.49642857142857144,0.059797413749923985,-0.225,0.4201046869076348,TRUE,1,0.6307692307692306,Henan,0.9323150863286164,0.9729669155213013
all_years,surface water,tetracyclines,K. pneumoniae | Cefotaxime,urban_share_2024,15,2,42,17,1,2015,2024,0.2678571428571428,0.33444360051235344,0.03928571428571428,0.8894459296739486,1,0,-0.43214285714285716,0.10769303754639804,-0.4392857142857143,0.10136057119347243,TRUE,1,0.6307692307692306,Henan,0.9323150863286164,0.9842154623604513
all_years,sediment,sulfonamides,K. pneumoniae | Tobramycin,grp_2024,24,3,1061,135,2,2008,2025,-0.26744945185408003,0.20642665525553014,-0.2652173913043478,0.21038389787314837,0.0015521231748156271,0.520774428109915,-0.23961731377495624,0.2594293755011346,0.6391304347826087,7.735907278482094e-4,TRUE,1,0.5281310561069721,Hainan,0.9077420142945268,0.8680942753677526
all_years,soil,sulfonamides,S. aureus | Nitrofurantoin,EconomicScaleIndex,20,3,313,56,2,2006,2019,-0.2667678256515449,0.25555513809073127,-0.13082706766917293,0.5824730901969895,0.22138678024989444,0.059746349446122726,0.5737461236962149,0.008166765310944247,-0.4629284094972012,0.03983610751380128,TRUE,1,0.5165803678658333,Zhejiang,0.9077420142945268,0.9606462350922552
all_years,sludge,fluoroquinolones,K. pneumoniae | Chloramphenicol,sewage_pipe_length_2024,16,3,149,31,2,2005,2017,0.26667398292568195,0.3180843928319187,-0.14705882352941177,0.5867933937012056,0.06923543109736396,0.25696039035591295,0.5555707977618373,0.025461783832817764,0.7352941176470589,0.0011716155350991778,TRUE,1,0.7500230077050969,Tianjin,0.9267453273829187,0.9606462350922552
all_years,sediment,phenicols,E. coli | Levofloxacin,milk_output_2024,14,3,58,25,1,2006,2020,-0.26593406593406593,0.3581134003647861,-0.16043956043956042,0.5837527526413416,0.20022103787458767,0.11060606060606078,-0.23956043956043957,0.4094298928517326,0.6659340659340659,0.009322999096841785,TRUE,1,0.7768595041322316,Jilin,0.9526686311875808,0.9606462350922552
all_years,sediment,phenicols,E. coli | Tobramycin,milk_output_2024,14,3,58,25,1,2006,2020,-0.26593406593406593,0.3581134003647861,-0.21758241758241756,0.4549193731700335,0.20022103787458767,0.11060606060606078,-0.23956043956043957,0.4094298928517326,0.6879120879120879,0.006540042491841914,TRUE,1,0.6528925619834712,Jilin,0.9526686311875808,0.9606462350922552
all_years,surface water,macrolides,E. coli | Cefoxitin,chemical_fertilizers_2024,14,3,42,16,1,2015,2023,-0.26593406593406593,0.3581134003647861,0.21318681318681318,0.4643028200397442,0.006641885476426646,0.5788497217068641,-0.512087912087912,0.061198486156458405,0.6747252747252748,0.008117706397553236,TRUE,1,0.6900826446280992,Tibet,0.9526686311875808,0.9606462350922552
all_years,surface water,macrolides,E. coli | Ciprofloxacin,chemical_fertilizers_2024,14,3,42,16,1,2015,2023,-0.26593406593406593,0.3581134003647861,-0.11208791208791208,0.7028331631967694,0.006641885476426646,0.5788497217068641,-0.512087912087912,0.061198486156458405,0.4945054945054945,0.07224967403413257,TRUE,1,0.6900826446280992,Guangdong,0.9526686311875808,0.9729669155213013
all_years,sediment,tetracyclines,A. baumannii | Ceftriaxone,urban_env_infra_investment_2024,23,3,693,129,2,2004,2025,-0.2653817723715022,0.22101155274091475,-0.12648221343873517,0.5652386723187266,0.06310630550908343,0.17629345855989417,-0.35334816991736323,0.09813788776686909,0.47134387351778656,0.023184970046031702,TRUE,1,0.6813575844378578,Qinghai,0.9077420142945268,0.9606462350922552
all_years,sediment,tetracyclines,E. coli | Ertapenem,sewage_disposal_capacity_2024,23,3,693,129,2,2004,2025,0.2653817723715022,0.22101155274091475,0.43774703557312256,0.036704688168162844,0.06310630550908343,0.17629345855989417,-0.1966889113665882,0.3683784798353149,0.3349802371541502,0.11818082467219873,FALSE,1,0.4089350897441289,Henan,0.9077420142945268,0.5806014310236668
all_years,sludge,tetracyclines,A. baumannii | Minocycline,hogs_year_end_2024,14,3,77,19,2,2004,2020,-0.26535522630557296,0.35920018066851056,-0.23076923076923075,0.4273358616774501,0.30098512187415105,0.03648989898989916,0.4414961954911688,0.1140172523175425,-0.4153846153846154,0.1396659475175257,TRUE,1,0.7277526117241857,Hebei,0.9526686311875808,0.9479489788776115
all_years,sludge,tetracyclines,E. coli | Gentamicin,grp_2024,14,3,77,19,2,2004,2020,-0.26535522630557296,0.35920018066851056,-0.3626373626373626,0.2025645438172418,0.30098512187415105,0.03648989898989916,0.2516299559794226,0.38549252799635003,-0.5076923076923077,0.06383915813376853,TRUE,1,0.7968327626203744,Hebei,0.9526686311875808,0.8680942753677526
all_years,sludge,tetracyclines,K. pneumoniae | Cefotaxime,grp_2024,14,3,77,19,2,2004,2020,0.26535522630557296,0.35920018066851056,0.5912087912087912,0.02597081366896248,0.30098512187415105,0.03648989898989916,0.2516299559794226,0.38549252799635003,0.7406593406593407,0.0024451976404460214,TRUE,1,0.7252715299027046,Shanghai,0.9526686311875808,0.5536685420358437
all_years,soil,diaminopyrimidines,A. baumannii | Tobramycin,freshwater_aquatic_products_2024,8,3,9,8,1,2008,2015,0.26507948099153394,0.5257681332737645,0.16666666666666669,0.6932388117283947,0.24103244438393973,0.07490909090909051,0.44581549075848886,0.26825005020123793,0.38095238095238093,0.35181255311756493,TRUE,1,0.8640502147770038,Hubei,0.9606720658320372,0.9729669155213013
all_years,soil,diaminopyrimidines,E. coli | Tigecycline,milk_output_2024,8,3,9,8,1,2008,2015,-0.26507948099153394,0.5257681332737645,-0.21428571428571433,0.6103444156452666,0.24103244438393973,0.07490909090909051,-0.5542570966186618,0.1539883457589951,0.47619047619047616,0.23293553465009784,TRUE,1,1.1952448819727068,Guangdong,0.9606720658320372,0.9606462350922552
all_years,soil,diaminopyrimidines,E. coli | Polymyxin B,grp_per_capita_2024,8,3,9,8,1,2008,2015,-0.26507948099153394,0.5257681332737645,-0.5238095238095238,0.18272075053971493,0.24103244438393973,0.07490909090909051,-0.13253974049576697,0.754383019857472,0.7142857142857143,0.04652823228416723,TRUE,1,0.8640502147770038,Chongqing,0.9606720658320372,0.8521945107646086
all_years,sediment,macrolides,A. baumannii | Meropenem,urban_env_infra_investment_2024,23,3,430,93,2,2008,2025,-0.26482213438735175,0.2220234550460932,-0.07806324110671936,0.7233078775886131,0.003177020108859277,0.4751811594202898,-0.30335968379446643,0.1593839875761121,0.5652173913043478,0.004947237284633422,TRUE,1,0.33688699360341207,Zhejiang,0.9077420142945268,0.9729669155213013
all_years,soil,sulfonamides,K. pneumoniae | Cefepime,EconomicScaleIndex,20,3,313,56,2,2006,2019,0.2645070813663623,0.2597581224954429,-0.010526315789473684,0.9648685868194993,0.22138678024989444,0.059746349446122726,0.5737461236962149,0.008166765310944247,0.3884082265049688,0.09057672681557889,TRUE,1,0.6991223155253438,Chongqing,0.9077420142945268,0.9878914858209675
all_years,surface water,fluoroquinolones,K. pneumoniae | Ampicillin,milk_output_2024,15,3,77,21,1,2015,2024,-0.26428571428571423,0.3411737579900824,-0.3178571428571428,0.24829056581701814,0.27743910513984715,0.014965986394557854,0.42857142857142855,0.11096021426087677,-0.4642857142857143,0.08125098075549496,TRUE,1,0.6424116424116424,Jiangxi,0.9323618109051564,0.8806574723937448
all_years,soil,phenicols,K. pneumoniae | Trimethoprim/Sulfamethoxazole,hospitals_count_2024,10,3,22,13,1,2007,2016,0.26382354123013496,0.4614050713614083,0.7575757575757575,0.011143446799694208,0.17609777149412834,0.11860744297719157,-0.7423871741592171,0.01392776805646452,0.21212121212121213,0.5563057751029297,FALSE,1,1.125187014214378,Henan,0.9606720658320372,0.4153533287640718
all_years,surface water,macrolides,A. baumannii | Polymyxin B,chemical_fertilizers_2024,13,3,42,16,1,2015,2023,0.26373626373626374,0.3839365166506743,0.17032967032967034,0.5779754288392669,0.006641885476426646,0.5788497217068641,-0.3901098901098901,0.1875741161338378,-0.7197802197802198,0.005536115775787605,TRUE,1,0.5643939393939394,Shaanxi,0.9582118561710397,0.9606462350922552
all_years,sludge,macrolides,P. aeruginosa | Levofloxacin,sewage_pipe_length_2024,14,3,77,25,1,2005,2017,-0.26253355770999814,0.36452361154550317,-0.3230769230769231,0.2598736195087899,0.8556343441410651,0,0.4204986644677089,0.13436459633396483,0.4021978021978022,0.15397442954140356,FALSE,1,0.6753840798318695,Qinghai,0.9564020451533698,0.8871017830455327
all_years,sludge,macrolides,K. pneumoniae | Tigecycline,large_animals_year_end_2024,14,3,77,25,1,2005,2017,0.26253355770999814,0.3645236115455034,0.43296703296703293,0.1220100059684803,0.8556343441410651,0,0.17131427070906657,0.5581487325481599,-0.6879120879120879,0.006540042491841914,FALSE,1,0.7214410144618061,Beijing,0.9564020451533698,0.8138668527285788
all_years,surface water,sulfonamides,K. pneumoniae | Chloramphenicol,chemical_fertilizers_2024,14,3,49,15,1,2013,2024,-0.2615384615384615,0.3664111370667421,-0.2747252747252747,0.3418297437194818,0.07898257926378309,0.18961038961038862,-0.4153846153846154,0.1396659475175257,0.4197802197802198,0.13510107382914258,TRUE,1,0.7058823529411764,Guangxi,0.9582118561710397,0.9268335373285431
all_years,sediment,lincosamides,P. aeruginosa | Imipenem,large_animals_year_end_2024,13,3,26,22,1,2010,2018,0.26134825274334655,0.38841611587289626,0.15934065934065933,0.6030877531318972,0.2592759711301179,0.06997245179063301,-0.327373074489034,0.27488966062773995,-0.6263736263736264,0.021988602409889625,TRUE,1,0.4773155745558924,Guizhou,0.9582118561710397,0.9606462350922552
all_years,soil,sulfonamides,S. aureus | Levofloxacin,EconomicScaleIndex,20,3,313,56,2,2006,2019,0.26073917422439136,0.2668596849185909,-0.29774436090225564,0.20231998601897422,0.22138678024989444,0.059746349446122726,0.5737461236962149,0.008166765310944247,0.616485150208468,0.003793647680645259,TRUE,1,0.6169712330757313,Jilin,0.9077420142945268,0.8680942753677526
all_years,surface water,fluoroquinolones,E. coli | Imipenem,population_2024,15,3,77,21,1,2015,2024,0.2607142857142857,0.34797945986279355,0.1107142857142857,0.694462647207096,0.27743910513984715,0.014965986394557854,0.3392857142857143,0.21602892534195475,0.8214285714285714,1.7314771750717088e-4,TRUE,1,0.6543730242360378,Hebei,0.9418444074429552,0.9729669155213013
all_years,wastewater effluent,macrolides,E. coli | Cefotaxime,milk_output_2024,10,3,27,10,1,2018,2024,0.26060606060606056,0.4670890543863403,0.10303030303030301,0.7769984634438898,0.09424870603515988,0.3890909090909095,0.47878787878787876,0.16152292801745585,0.6363636363636364,0.04791172612997547,TRUE,1,0.872093023255814,Zhejiang,0.9606720658320372,0.9760848906711721
all_years,wastewater effluent,macrolides,P. aeruginosa | Levofloxacin,large_animals_year_end_2024,10,3,27,10,1,2018,2024,-0.26060606060606056,0.4670890543863403,-0.2363636363636363,0.5108853175152004,0.09424870603515988,0.3890909090909095,0.4909090909090909,0.14965567342083677,-0.696969696969697,0.025096675882251923,TRUE,1,0.6627906976744189,Guangdong,0.9606720658320372,0.9606462350922552
all_years,wastewater effluent,macrolides,P. aeruginosa | Polymyxin B,chemical_fertilizers_2024,10,3,27,10,1,2018,2024,-0.26060606060606056,0.4670890543863403,-0.3575757575757575,0.3103760917056805,0.09424870603515988,0.3890909090909095,0.5151515151515151,0.1275528697032343,-0.3333333333333333,0.34659350708733433,TRUE,0.9,1.063953488372093,Shandong,0.9606720658320372,0.9122214762504753
all_years,sludge,diaminopyrimidines,S. aureus | Trimethoprim/Sulfamethoxazole,freshwater_aquatic_products_2024,13,3,19,17,1,2010,2017,0.2600721623773076,0.3908210087444478,0.6373626373626373,0.019118113777463336,0.8019823386358851,0,-0.5288133968338589,0.06315863753009365,-0.4065934065934066,0.167978346147896,TRUE,1,0.9374032438365902,Hebei,0.9582118561710397,0.5217687382956994
all_years,sediment,tetracyclines,E. coli | Cefuroxime,milk_output_2024,23,3,693,129,2,2004,2025,-0.2594514534358261,0.23189068449002653,-0.1314229249011858,0.5500163417360642,0.06310630550908343,0.17629345855989417,-0.30343465220875665,0.15927575726801604,0.39920948616600793,0.05914702396023527,TRUE,1,0.356238363426811,Guizhou,0.9077420142945268,0.9606462350922552
all_years,sediment,macrolides,E. coli | Amikacin,urban_env_infra_investment_2024,23,3,430,93,2,2008,2025,-0.25889328063241107,0.23293245624868322,-0.191699604743083,0.3808902686961456,0.003177020108859277,0.4751811594202898,-0.30335968379446643,0.1593839875761121,0.5306324110671937,0.009189293482353325,TRUE,1,0.3827699018538712,Tibet,0.9077420142945268,0.941610697038996
all_years,sediment,tetracyclines,E. coli | Levofloxacin,milk_output_2024,23,3,693,129,2,2004,2025,-0.2584630669465468,0.23373750069930796,-0.16600790513833993,0.44903554910772203,0.06310630550908343,0.17629345855989417,-0.30343465220875665,0.15927575726801604,0.6630434782608695,5.643481284800129e-4,TRUE,1,0.3810921955535444,Jiangxi,0.9077420142945268,0.9546225677459279
all_years,wastewater effluent,fluoroquinolones,E. coli | Levofloxacin,freshwater_aquatic_products_2024,13,3,34,15,1,2016,2024,0.25824175824175827,0.39428401739736163,0.39010989010989017,0.18757411613383762,0.28932970799328467,0.04803767660910481,-0.6978021978021978,0.00800071741122648,-0.35714285714285715,0.23092986230203383,TRUE,1,0.6479690522243713,Hunan,0.9582118561710397,0.8528211362044058
all_years,wastewater effluent,fluoroquinolones,S. aureus | Oxacillin,grp_2024,13,3,34,15,1,2016,2024,-0.25824175824175827,0.39428401739736163,-0.09340659340659342,0.7615000227827012,0.28932970799328467,0.04803767660910481,-0.5384615384615384,0.05763443347046634,0.7032967032967034,0.007318569842104322,TRUE,1,0.9226305609284333,Beijing,0.9582118561710397,0.9760848906711721
all_years,soil,fluoroquinolones,K. pneumoniae | Levofloxacin,sewage_disposal_capacity_2024,23,3,318,64,2,2006,2020,-0.25809648631109827,0.2344249104956607,-0.3725296442687747,0.08001450088085127,0.9845108143090242,0,-0.2793573079804033,0.196731172213068,0.6669960474308301,5.086234424408849e-4,TRUE,1,0.3453055109412804,Ningxia,0.9077420142945268,0.7507306204313801
all_years,sediment,tetracyclines,A. baumannii | Ciprofloxacin,urban_env_infra_investment_2024,23,3,693,129,2,2004,2025,-0.25796887370190713,0.23466451982633119,-0.19367588932806323,0.3759056797129495,0.06310630550908343,0.17629345855989417,-0.35334816991736323,0.09813788776686909,0.5207509881422925,0.010843032636860116,TRUE,1,0.6968305754484347,Qinghai,0.9077420142945268,0.935533627208742
all_years,sediment,fluoroquinolones,K. pneumoniae | Cefoxitin,grp_2024,23,3,950,128,2,2007,2025,-0.25790513833992096,0.2347842514259736,-0.18873517786561264,0.38843721216480864,0.025862178954528397,0.2654973649538867,-0.32707509881422925,0.12766439967393878,0.607707509881423,0.0020990278142723456,TRUE,1,0.6661193212917355,Qinghai,0.9077420142945268,0.946815704651721
all_years,sediment,fluoroquinolones,K. pneumoniae | Polymyxin B,total_aquatic_products_2024,23,3,950,128,2,2007,2025,0.25790513833992096,0.2347842514259736,0.2826086956521739,0.19135298363055442,0.025862178954528397,0.2654973649538867,-0.24209486166007904,0.2657271000486687,0.34881422924901184,0.10283305097355999,FALSE,1,0.4110563765736178,Shandong,0.9077420142945268,0.8622319700643708
all_years,sludge,fluoroquinolones,E. coli | Trimethoprim/Sulfamethoxazole,grp_per_capita_2024,16,3,149,31,2,2005,2017,-0.25778485016149255,0.33508512955866143,-0.06470588235294117,0.8118214513105935,0.06923543109736396,0.25696039035591295,0.4933468684125115,0.052146211631197946,-0.8147058823529412,1.21309505722357e-4,TRUE,1,0.4877329215495484,Shanghai,0.9323150863286164,0.9842154623604513
all_years,sediment,tetracyclines,A. baumannii | Minocycline,grp_2024,23,3,693,129,2,2004,2025,-0.25747468045726746,0.23559394762638375,-0.4407114624505929,0.03530661683884897,0.06310630550908343,0.17629345855989417,-0.29701014002844095,0.1687385708187329,0.2509881422924901,0.24801687332012579,TRUE,1,0.3644572808096083,Guangxi,0.9077420142945268,0.5697942153713511
all_years,wastewater effluent,sulfonamides,A. baumannii | Gentamicin,LivestockAquacultureIndex,6,2,13,7,1,2018,2022,0.2571428571428572,0.6227871720116618,NA,NA,NA,NA,0.3188740696088466,0.5379005604702051,-0.4058397249567139,0.42466250756136453,FALSE,0.8333333333333334,2.1111111111111103,Anhui,0.9810438378510519,NA
all_years,wastewater effluent,sulfonamides,E. coli | Amikacin,WastewaterHealthIndex,6,2,13,7,1,2018,2022,-0.2571428571428572,0.6227871720116618,NA,NA,NA,NA,0.02857142857142857,0.9571545189504373,0.6,0.2079999999999999,FALSE,0.8333333333333334,2.1111111111111103,Shandong,0.9810438378510519,NA
all_years,sludge,tetracyclines,S. aureus | Amikacin,hogs_year_end_2024,14,3,77,19,2,2004,2020,-0.2562050460881394,0.37661749066976014,-0.24835164835164833,0.3919195389384572,0.30098512187415105,0.03648989898989916,0.4414961954911688,0.1140172523175425,-0.16923076923076924,0.5630172739962105,TRUE,1,0.47804346675527115,Chongqing,0.9582118561710397,0.9479489788776115
all_years,sediment,lincosamides,E. coli | Levofloxacin,milk_output_2024,13,3,26,22,1,2010,2018,-0.2558461842645392,0.3988401854392244,-0.45054945054945056,0.12233188767803571,0.2592759711301179,0.06997245179063301,0.13204964349137507,0.6671737125899861,0.7087912087912088,0.006681784135857943,FALSE,1,0.8586342293570967,Hunan,0.9595646566722463,0.8138668527285788
all_years,sediment,lincosamides,K. pneumoniae | Amikacin,EconomicScaleIndex,13,3,26,22,1,2010,2018,-0.2558461842645392,0.3988401854392244,-0.47252747252747257,0.10298105029992834,0.2592759711301179,0.06997245179063301,0.2066115702479339,0.4982454329898226,0.5474558136413259,0.05280189151558129,FALSE,1,0.6017748521674272,Shanghai,0.9595646566722463,0.7738974610579332
all_years,sediment,sulfonamides,P. aeruginosa | Levofloxacin,grp_2024,24,3,1061,135,2,2008,2025,-0.25483801428697705,0.22945419811680617,-0.20956521739130432,0.32569617157142194,0.0015521231748156271,0.520774428109915,-0.23961731377495624,0.2594293755011346,0.6373913043478261,8.079747421696029e-4,TRUE,1,0.48546136828586717,Hainan,0.9077420142945268,0.921151822516418
all_years,sludge,sulfonamides,E. coli | Nitrofurantoin,grp_per_capita_2024,16,3,143,28,1,2005,2017,-0.25483632697183245,0.34083676078676617,-0.46470588235294114,0.06974367557375592,0.6133729962850374,0,-0.3162426708204668,0.23275560389798974,-0.34705882352941175,0.1878344201062993,FALSE,1,0.905676100351465,Hebei,0.9323618109051564,0.7507306204313801
all_years,wastewater influent,fluoroquinolones,S. aureus | Tetracycline,milk_output_2024,11,3,44,12,1,2016,2024,0.2545454545454545,0.4500365768888286,0.14545454545454548,0.6695786456420786,0.07495187103951058,0.3977272727272725,0.2909090909090909,0.38545696969136556,-0.5636363636363636,0.07095173447637536,FALSE,1,0.7857142857142857,Beijing,0.9606720658320372,0.9729669155213013
all_years,wastewater influent,fluoroquinolones,K. pneumoniae | Meropenem,milk_output_2024,11,3,44,12,1,2016,2024,-0.2545454545454545,0.45003657688882903,-0.08181818181818182,0.8109903943000459,0.07495187103951058,0.3977272727272725,0.2909090909090909,0.38545696969136556,-0.7545454545454545,0.007282041008429129,TRUE,1,1.6428571428571428,Beijing,0.9606720658320372,0.9842154623604513
all_years,soil,fluoroquinolones,K. pneumoniae | Chloramphenicol,hogs_year_end_2024,23,3,318,64,2,2006,2020,-0.2541409846051811,0.2419266185334695,-0.2519762845849803,0.24609751665416496,0.9845108143090242,0,-0.4311496859449765,0.03997281378567283,0.4288537549407115,0.04116225412837917,TRUE,1,0.6210723909622674,Fujian,0.9077420142945268,0.8785296752720978
all_years,soil,sulfonamides,P. aeruginosa | Piperacillin,sewage_pipe_length_2024,20,3,313,56,2,2006,2019,0.2539569413688436,0.27994688749704266,0.18796992481203006,0.42742125802266373,0.22138678024989444,0.059746349446122726,0.5516216055845504,0.011689585959119946,0.23157894736842105,0.32589862703879313,TRUE,1,0.4441656608413012,Guangdong,0.9084965716610526,0.9479489788776115
all_years,surface water,fluoroquinolones,S. aureus | Amikacin,chemical_fertilizers_2024,15,3,77,21,1,2015,2024,0.2535714285714285,0.3618161038158896,0.07499999999999998,0.790510794155268,0.27743910513984715,0.014965986394557854,0.4107142857142857,0.1283286460157489,0.5678571428571428,0.02722835670886186,TRUE,1,0.9674972914409538,Hubei,0.9545286681483447,0.9799202460692253
all_years,surface water,tetracyclines,K. pneumoniae | Ceftazidime,hogs_year_end_2024,15,2,42,17,1,2015,2024,0.2535714285714285,0.3618161038158896,0.08928571428571427,0.7516725173502768,1,0,0.2357142857142857,0.3977029459032726,0.6321428571428571,0.011457541540078926,TRUE,1,0.6793066088840737,Henan,0.9545286681483447,0.9760417777324718
all_years,surface water,tetracyclines,S. aureus | Tetracycline,urban_share_2024,15,2,42,17,1,2015,2024,0.2535714285714285,0.3618161038158896,0.31071428571428567,0.2596673973372179,1,0,-0.43214285714285716,0.10769303754639804,-0.5607142857142857,0.02967649609447471,TRUE,1,0.707475622968581,Jilin,0.9545286681483447,0.8871017830455327
all_years,soil,fluoroquinolones,K. pneumoniae | Ciprofloxacin,sewage_disposal_capacity_2024,23,3,318,64,2,2006,2020,-0.2531521091787018,0.24382620844969188,-0.3992094861660079,0.05914702396023527,0.9845108143090242,0,-0.2793573079804033,0.196731172213068,0.7075098814229249,1.5945953759801995e-4,TRUE,1,0.3702935829985066,Guizhou,0.9077420142945268,0.7193041300970549
all_years,sediment,sulfonamides,A. baumannii | Meropenem,urban_env_infra_investment_2024,24,3,1061,135,2,2008,2025,-0.25309850565703185,0.23275852718941356,-0.2634782608695652,0.2135023665852381,0.0015521231748156271,0.520774428109915,-0.19525984371135272,0.36053130301013314,0.5469565217391305,0.005676965428637711,TRUE,1,0.39608951463418524,Hainan,0.9077420142945268,0.8681380821706243
all_years,sediment,lincosamides,S. aureus | Clindamycin,large_animals_year_end_2024,13,3,26,22,1,2010,2018,-0.2530951500251356,0.4041056714524375,-0.16483516483516483,0.5904789886520049,0.2592759711301179,0.06997245179063301,-0.327373074489034,0.27488966062773995,0.7142857142857143,0.006088305245824148,TRUE,1,0.5848242440034263,Zhejiang,0.9600626569866181,0.9606462350922552
all_years,soil,diaminopyrimidines,E. coli | Ceftazidime,milk_output_2024,8,3,9,8,1,2008,2015,-0.25303041367373696,0.5454291707949455,-0.04761904761904762,0.9108491685195835,0.24103244438393973,0.07490909090909051,-0.5542570966186618,0.1539883457589951,0.4523809523809524,0.2604047674368849,TRUE,1,0.8515065987512818,Liaoning,0.9606720658320372,0.9842154623604513
all_years,sediment,phenicols,K. pneumoniae | Polymyxin B,large_animals_year_end_2024,14,3,58,25,1,2006,2020,0.25274725274725274,0.3833149644785111,0.2879120879120879,0.3181928710258,0.20022103787458767,0.11060606060606078,0.5076923076923077,0.06383915813376853,-0.3098901098901099,0.2809332808692584,FALSE,1,0.7826086956521741,Jilin,0.9582118561710397,0.9180513702300525
all_years,surface water,sulfonamides,E. coli | Imipenem,LivestockAquacultureIndex,14,3,49,15,1,2013,2024,-0.25274725274725274,0.3833149644785111,-0.23076923076923075,0.4273358616774501,0.07898257926378309,0.18961038961038862,-0.4862489191020163,0.07789960750661203,0.5742577732381279,0.03173902922227119,TRUE,1,0.7391304347826088,Guangxi,0.9582118561710397,0.9479489788776115
all_years,surface water,sulfonamides,E. coli | Nitrofurantoin,hogs_year_end_2024,14,3,49,15,1,2013,2024,-0.25274725274725274,0.3833149644785111,0.015384615384615384,0.9583697893719864,0.07898257926378309,0.18961038961038862,-0.4461538461538462,0.10980712780122513,0.4901098901098901,0.07522006672685844,TRUE,1,0.7391304347826088,Tibet,0.9582118561710397,0.9867239251522226
all_years,surface water,sulfonamides,K. pneumoniae | Ampicillin,milk_output_2024,14,3,49,15,1,2013,2024,-0.25274725274725274,0.3833149644785111,-0.389010989010989,0.16921738979769044,0.07898257926378309,0.18961038961038862,0.18681318681318682,0.5225040123791592,-0.6571428571428571,0.010661967747329781,TRUE,1,0.5869565217391306,Sichuan,0.9582118561710397,0.8449663040229046
all_years,surface water,sulfonamides,K. pneumoniae | Nitrofurantoin,chemical_fertilizers_2024,14,3,49,15,1,2013,2024,-0.25274725274725274,0.3833149644785111,-0.3010989010989011,0.2955144656072166,0.07898257926378309,0.18961038961038862,-0.4153846153846154,0.1396659475175257,0.6263736263736264,0.016541935428871186,TRUE,1,0.7391304347826088,Tibet,0.9582118561710397,0.9025574178028385
all_years,surface water,tetracyclines,K. pneumoniae | Polymyxin B,grp_per_capita_2024,14,2,42,17,1,2015,2024,0.25274725274725274,0.3833149644785111,0.2835164835164835,0.32596594744177265,1,0,-0.512087912087912,0.061198486156458405,-0.2043956043956044,0.48334622304222363,TRUE,1,0.7391304347826088,Shandong,0.9582118561710397,0.921151822516418
all_years,soil,sulfonamides,E. coli | Gentamicin,grp_per_capita_2024,20,3,313,56,2,2006,2019,-0.2524497785120552,0.28290830022677016,-0.1518796992481203,0.5226819111403137,0.22138678024989444,0.059746349446122726,0.5425786284438201,0.01344424302302041,-0.5142857142857142,0.020346128286980663,TRUE,1,0.6409183066563389,Liaoning,0.9084965716610526,0.9606462350922552
all_years,sediment,other,E. coli | Gentamicin,WastewaterHealthIndex,7,2,19,10,1,2008,2018,0.2522624895547565,0.5852410907160583,NA,NA,0.3724558699813696,0,-0.4,0.37393392381774704,0.4504687313477795,0.3104293018513229,FALSE,0.8571428571428571,2.2845605782843807,Shandong,0.9753008823697024,NA
all_years,sediment,other,K. pneumoniae | Tigecycline,LivestockAquacultureIndex,7,2,19,10,1,2008,2018,0.2522624895547565,0.5852410907160583,NA,NA,0.3724558699813696,0,-0.10811249552346708,0.8175332656241181,-0.5,0.2531699951003227,TRUE,0.8571428571428571,1.8043996665398436,Tianjin,0.9753008823697024,NA
all_years,soil,sulfonamides,K. pneumoniae | Tobramycin,EconomicScaleIndex,20,3,313,56,2,2006,2019,0.251696197083661,0.28439625124021606,-0.13082706766917293,0.5824730901969895,0.22138678024989444,0.059746349446122726,0.5737461236962149,0.008166765310944247,0.41023737101784497,0.07240783935971187,TRUE,1,0.6423369018843876,Chongqing,0.9084965716610526,0.9606462350922552
all_years,sediment,tetracyclines,E. coli | Ceftriaxone,milk_output_2024,23,3,693,129,2,2004,2025,-0.25105016827695176,0.2478961101461962,-0.11561264822134387,0.5993707258000824,0.06310630550908343,0.17629345855989417,-0.30343465220875665,0.15927575726801604,0.39031620553359686,0.06557477255777347,TRUE,1,0.32513115333051784,Hebei,0.9077420142945268,0.9606462350922552
all_years,sediment,macrolides,A. baumannii | Cefepime,freshwater_aquatic_products_2024,23,3,430,93,2,2008,2025,-0.2509881422924901,0.24801687332012523,-0.09782608695652174,0.6569978005869377,0.003177020108859277,0.4751811594202898,-0.4901185770750988,0.017589302048693578,0.4031620553359684,0.05645077604087723,TRUE,1,0.34758155230596216,Zhejiang,0.9077420142945268,0.9729669155213013
all_years,soil,sulfonamides,K. pneumoniae | Cefoxitin,EconomicScaleIndex,20,3,313,56,2,2006,2019,0.2509426156552668,0.2858890310853872,0.04962406015037594,0.8354138453754829,0.22138678024989444,0.059746349446122726,0.5737461236962149,0.008166765310944247,0.39518278859517175,0.08461388414530677,TRUE,1,0.5175902333673498,Chongqing,0.9084965716610526,0.9842154623604513
all_years,sediment,lincosamides,E. coli | Gentamicin,large_animals_year_end_2024,13,3,26,22,1,2010,2018,-0.2503441157857319,0.4094065299096843,-0.2802197802197802,0.3537636356336794,0.2592759711301179,0.06997245179063301,-0.327373074489034,0.27488966062773995,0.6373626373626373,0.019118113777463336,TRUE,1,0.5942531439564619,Zhejiang,0.960202105235759,0.9268335373285431
all_years,soil,macrolides,S. aureus | Clindamycin,milk_output_2024,20,3,104,34,2,2006,2020,0.2502875786720313,0.28719052518383575,0.31278195488721805,0.1793635305275912,0.3132637601270729,0.018907030492805205,0.43554575623894254,0.054921130935576906,0.5714285714285714,0.00848908569476669,TRUE,1,0.4531556688127313,Tibet,0.9084965716610526,0.8521945107646086
all_years,sediment,tetracyclines,E. coli | Cefazolin,milk_output_2024,23,3,693,129,2,2004,2025,-0.2500617817876724,0.2498250138060217,-0.20454545454545453,0.34916435580619787,0.06310630550908343,0.17629345855989417,-0.30343465220875665,0.15927575726801604,0.5474308300395256,0.0068574899732255544,TRUE,1,0.4794424124737329,Qinghai,0.9077420142945268,0.9268335373285431
all_years,sediment,tetracyclines,K. pneumoniae | Tigecycline,grp_2024,23,3,693,129,2,2004,2025,0.2500617817876724,0.2498250138060217,0.22134387351778656,0.31010997516676875,0.06310630550908343,0.17629345855989417,-0.29701014002844095,0.1687385708187329,0.3675889328063241,0.08442064140763417,FALSE,1,0.42855125136510774,Qinghai,0.9077420142945268,0.9122214762504753
all_years,wastewater influent,sulfonamides,E. coli | Nitrofurantoin,freshwater_aquatic_products_2024,9,3,30,9,1,2016,2024,0.25,0.5164895523012263,-0.1,0.7979716952348505,0.8007374029168087,0,-0.6333333333333333,0.06708578689234561,-0.6666666666666666,0.04986723056888511,TRUE,0.7777777777777778,1.2857142857142858,Anhui,0.9606720658320372,0.9815182026216596
all_years,wastewater influent,sulfonamides,K. pneumoniae | Amikacin,freshwater_aquatic_products_2024,9,3,30,9,1,2016,2024,-0.25,0.5164895523012263,-0.03333333333333333,0.9321567355405038,0.8007374029168087,0,-0.6333333333333333,0.06708578689234561,0.65,0.05807305801714861,TRUE,0.8888888888888888,1.3809523809523814,Henan,0.9606720658320372,0.9853330220901917
all_years,surface water,tetracyclines,K. pneumoniae | Aztreonam,urban_share_2024,15,2,42,17,1,2015,2024,0.24999999999999994,0.36884629178393047,0.05357142857142856,0.8496099367776071,1,0,-0.43214285714285716,0.10769303754639804,-0.5107142857142857,0.051725498368269236,TRUE,1,0.6923076923076922,Henan,0.9582118561710397,0.9842154623604513
all_years,sediment,beta-lactams,E. coli | Gentamicin,EconomicScaleIndex,7,3,34,15,1,2012,2018,0.24999999999999994,0.5887244480896832,NA,NA,0.8983973213480706,0,-0.14285714285714285,0.7599453002180931,-0.21428571428571427,0.6445115810207208,TRUE,0.8571428571428571,1.8571428571428579,Jiangxi,0.9753008823697024,NA
all_years,sediment,beta-lactams,E. coli | Tigecycline,WastewaterHealthIndex,7,3,34,15,1,2012,2018,0.24999999999999994,0.5887244480896832,NA,NA,0.8983973213480706,0,0.14547859349066158,0.7556330131047917,-0.7455777916396407,0.054378594800421585,FALSE,0.8571428571428571,1.8000000000000003,Jiangxi,0.9753008823697024,NA
all_years,sediment,beta-lactams,S. aureus | Tetracycline,EconomicScaleIndex,7,3,34,15,1,2012,2018,-0.24999999999999994,0.5887244480896832,NA,NA,0.8983973213480706,0,-0.14285714285714285,0.7599453002180931,0.5357142857142857,0.21521745567801304,TRUE,0.8571428571428571,1.8000000000000003,Jiangxi,0.9753008823697024,NA
all_years,surface water,diaminopyrimidines,K. pneumoniae | Aztreonam,LivestockAquacultureIndex,7,2,9,8,1,2018,2024,0.24999999999999994,0.5887244480896832,NA,NA,NA,NA,-0.5714285714285714,0.18020198891152778,-0.2857142857142857,0.5345092286010411,TRUE,0.8571428571428571,1.3428571428571427,Tibet,0.9753008823697024,NA
all_years,surface water,diaminopyrimidines,K. pneumoniae | Ceftazidime,LivestockAquacultureIndex,7,2,9,8,1,2018,2024,-0.24999999999999994,0.5887244480896832,NA,NA,NA,NA,-0.5714285714285714,0.18020198891152778,0.2857142857142857,0.5345092286010409,TRUE,0.8571428571428571,1.8000000000000003,Tibet,0.9753008823697024,NA
all_years,soil,macrolides,K. pneumoniae | Cefuroxime,grp_per_capita_2024,20,3,104,34,2,2006,2020,0.24953142284522753,0.2886974677478939,0.2360902255639098,0.3162939707830972,0.3132637601270729,0.018907030492805205,0.21399209898545266,0.3649682823792031,0.3684210526315789,0.10996436611637714,TRUE,1,0.38236901182440114,Jilin,0.9084965716610526,0.9180513702300525
all_years,sludge,tetracyclines,S. aureus | Nitrofurantoin,total_aquatic_products_2024,14,3,77,19,2,2004,2020,-0.24934241092506423,0.3899712608628241,-0.23516483516483513,0.4183338961985912,0.30098512187415105,0.03648989898989916,0.4209082900019433,0.13394589712344326,-0.26593406593406593,0.3581134003647861,TRUE,1,0.8658687058492138,Hebei,0.9582118561710397,0.9479489788776115
all_years,sediment,sulfonamides,E. coli | Imipenem,grp_2024,24,3,1061,135,2,2008,2025,-0.24918461123965505,0.24030753872791186,-0.23999999999999996,0.2586462405460086,0.0015521231748156271,0.520774428109915,-0.23961731377495624,0.2594293755011346,0.5173913043478261,0.0096180258613205,TRUE,1,0.41405113933460097,Hainan,0.9077420142945268,0.8871017830455327
all_years,sediment,diaminopyrimidines,P. aeruginosa | Aztreonam,milk_output_2024,18,3,122,45,2,2008,2020,-0.24871001031991744,0.31964521777772953,-0.19091847265221878,0.4479306707266414,0.01039862314664235,0.47547758284600455,-0.07327141382868937,0.7726309674360763,0.6078431372549019,0.007450054518883079,TRUE,1,0.557053941908714,Liaoning,0.927375536297489,0.9535880891790752
all_years,sludge,sulfonamides,E. coli | Cefotetan,grp_per_capita_2024,16,3,143,28,1,2005,2017,-0.24869569258696905,0.3529938419546004,-0.23235294117647057,0.38651134990798475,0.6133729962850374,0,-0.3162426708204668,0.23275560389798974,0.4147058823529412,0.11022940391770164,TRUE,1,0.6651184607339337,Hebei,0.9482314658880052,0.9431377276071866
all_years,sludge,sulfonamides,E. coli | Ceftazidime,milk_output_2024,16,3,143,28,1,2005,2017,-0.24869569258696905,0.3529938419546004,-0.3764705882352941,0.15064811528763097,0.6133729962850374,0,-0.024562537539453734,0.928054318697964,0.6441176470588236,0.007081524086582867,TRUE,1,0.7862179851509471,Hebei,0.9482314658880052,0.8334416432151582
all_years,wastewater effluent,macrolides,A. baumannii | Levofloxacin,freshwater_aquatic_products_2024,10,3,27,10,1,2018,2024,0.24848484848484845,0.48877630451924314,0.5030303030303029,0.13833369839449197,0.09424870603515988,0.3890909090909095,-0.4909090909090909,0.14965567342083683,0.3333333333333333,0.34659350708733433,FALSE,1,0.8658536585365854,Zhejiang,0.9606720658320372,0.8234711270505317
all_years,wastewater effluent,macrolides,E. coli | Ceftazidime,milk_output_2024,10,3,27,10,1,2018,2024,0.24848484848484845,0.48877630451924314,0.04242424242424242,0.9073638178128158,0.09424870603515988,0.3890909090909095,0.47878787878787876,0.16152292801745585,0.40606060606060607,0.24428229408662663,TRUE,1,1.01219512195122,Xinjiang,0.9606720658320372,0.9842154623604513
all_years,surface water,macrolides,K. pneumoniae | Tigecycline,pork_output_2024,14,3,42,16,1,2015,2023,-0.24835164835164833,0.3919195389384572,0.006593406593406593,0.9821527354577906,0.006641885476426646,0.5788497217068641,-0.3978021978021978,0.15895077451083486,0.7758241758241758,0.001108478667778739,TRUE,1,0.7566371681415929,Tibet,0.9582118561710397,0.9935731161026486
all_years,surface water,sulfonamides,E. coli | Cefotaxime,total_aquatic_products_2024,14,3,49,15,1,2013,2024,0.24835164835164833,0.3919195389384572,0.34065934065934067,0.23331605103682382,0.07898257926378309,0.18961038961038862,-0.3098901098901099,0.2809332808692584,-0.4945054945054945,0.07224967403413257,TRUE,1,0.6238938053097344,Guangxi,0.9582118561710397,0.8756506136724482
all_years,surface water,sulfonamides,S. aureus | Cefoxitin,hospital_beds_2024,14,3,49,15,1,2013,2024,0.24835164835164833,0.3919195389384572,0.16483516483516483,0.5733464050131385,0.07898257926378309,0.18961038961038862,-0.35384615384615387,0.21453987088124624,0.2923076923076923,0.3105263203858821,FALSE,1,0.7566371681415929,Tibet,0.9582118561710397,0.9606462350922552
all_years,soil,sulfonamides,S. aureus | Penicillin G,urban_share_2024,20,3,313,56,2,2006,2019,-0.24792828994169003,0.2919084211829952,-0.07218045112781954,0.7623392575365606,0.22138678024989444,0.059746349446122726,0.5094210455944755,0.021775408416415995,-0.7203007518796992,3.412328956726291e-4,TRUE,1,0.3871031910496003,Guizhou,0.9084965716610526,0.9760848906711721
all_years,sediment,fluoroquinolones,E. coli | Ceftazidime,urban_env_infra_investment_2024,23,3,950,128,2,2007,2025,-0.24703557312252963,0.25579111906173835,-0.25592885375494073,0.2385167406569983,0.025862178954528397,0.2654973649538867,-0.3616600790513834,0.08994509168798827,0.3438735177865613,0.10813559417371388,TRUE,1,0.4354285714285712,Tianjin,0.9077420142945268,0.8756506136724482
all_years,sediment,fluoroquinolones,P. aeruginosa | Amikacin,urban_env_infra_investment_2024,23,3,950,128,2,2007,2025,-0.24703557312252963,0.25579111906173835,-0.2233201581027668,0.3056986083624988,0.025862178954528397,0.2654973649538867,-0.3616600790513834,0.08994509168798827,0.36561264822134387,0.08623309028498714,TRUE,1,0.7074285714285719,Qinghai,0.9077420142945268,0.9122214762504753
all_years,surface water,fluoroquinolones,E. coli | Meropenem,population_2024,15,3,77,21,1,2015,2024,0.24642857142857139,0.3759505159738048,0.08214285714285713,0.7710285652881776,0.27743910513984715,0.014965986394557854,0.3392857142857143,0.21602892534195475,0.7892857142857143,4.673267561781756e-4,TRUE,1,0.863991081382386,Jiangxi,0.9582118561710397,0.9760848906711721
all_years,sediment,sulfonamides,P. aeruginosa | Ceftazidime,grp_2024,24,3,1061,135,2,2008,2025,-0.24614047113725088,0.24628864364508476,-0.28521739130434776,0.17671396904879327,0.0015521231748156271,0.520774428109915,-0.23961731377495624,0.2594293755011346,0.4156521739130435,0.043381548380330745,TRUE,1,0.6021997821014666,Hainan,0.9077420142945268,0.8521945107646086
all_years,soil,tetracyclines,K. pneumoniae | Cefotaxime,grp_2024,24,3,312,68,2,2007,2022,0.2460869565217391,0.24639464844484857,0.31565217391304345,0.13295721253912648,0.48567178524771265,0,-0.15130434782608695,0.4803459029793672,0.54,0.006453914474239914,FALSE,1,0.45759717314487647,Henan,0.9077420142945268,0.8234711270505317
all_years,soil,sulfonamides,K. pneumoniae | Cefotaxime,EconomicScaleIndex,20,3,313,56,2,2006,2019,0.24566754565650747,0.29647361769179004,-0.03007518796992481,0.8998365956859304,0.22138678024989444,0.059746349446122726,0.5737461236962149,0.008166765310944247,0.35905179078075605,0.12001575720422535,TRUE,1,0.7399209976601051,Chongqing,0.9094418877550858,0.9842154623604513
all_years,wastewater influent,fluoroquinolones,E. coli | Cefotetan,freshwater_aquatic_products_2024,11,3,44,12,1,2016,2024,0.24545454545454548,0.46692236698201617,0.45454545454545453,0.16014543725525882,0.07495187103951058,0.3977272727272725,-0.39090909090909093,0.2345400670951944,-0.2818181818181818,0.4011448979604787,TRUE,1,0.8765432098765432,Beijing,0.9606720658320372,0.8334416432151582
all_years,sediment,fluoroquinolones,P. aeruginosa | Levofloxacin,grp_2024,23,3,950,128,2,2007,2025,-0.2450592885375494,0.25973639878298577,-0.05237154150197629,0.8124077904361993,0.025862178954528397,0.2654973649538867,-0.32707509881422925,0.12766439967393878,0.6067193675889329,0.002144202213860906,TRUE,1,0.6612903225806456,Qinghai,0.9077420142945268,0.9842154623604513
all_years,soil,macrolides,K. pneumoniae | Cefepime,grp_per_capita_2024,20,3,104,34,2,2006,2020,0.24499448788440523,0.2978411270719564,0.25413533834586466,0.27959763551527717,0.3132637601270729,0.018907030492805205,0.21399209898545266,0.3649682823792031,0.3894736842105263,0.08961904769837138,TRUE,1,0.5203182776258964,Tianjin,0.9094418877550858,0.8969656318280155
all_years,sediment,fluoroquinolones,P. aeruginosa | Polymyxin B,urban_env_infra_investment_2024,23,3,950,128,2,2007,2025,0.24407114624505927,0.2617235917853156,0.22826086956521738,0.29483984718700545,0.025862178954528397,0.2654973649538867,-0.3616600790513834,0.08994509168798827,-0.10276679841897234,0.640781534751842,TRUE,1,0.47831116252168915,Chongqing,0.9077420142945268,0.9024732535006884
all_years,sediment,phenicols,E. coli | Cefotaxime,milk_output_2024,14,3,58,25,1,2006,2020,-0.24395604395604395,0.400624803916119,-0.34945054945054943,0.220689997746447,0.20022103787458767,0.11060606060606078,-0.23956043956043957,0.4094298928517326,0.5736263736263736,0.03197081397639698,TRUE,1,0.6891891891891894,Jilin,0.9600626569866181,0.8756506136724482
all_years,surface water,sulfonamides,E. coli | Amikacin,chemical_fertilizers_2024,14,3,49,15,1,2013,2024,-0.24395604395604395,0.400624803916119,-0.19120879120879122,0.5125839704707784,0.07898257926378309,0.18961038961038862,-0.4153846153846154,0.1396659475175257,0.44175824175824174,0.11377750302872344,TRUE,1,0.7747747747747747,Tibet,0.9600626569866181,0.9606462350922552
all_years,soil,tetracyclines,A. baumannii | Tigecycline,hospitals_count_2024,24,3,312,68,2,2007,2022,0.2434782608695652,0.2515981618428431,0.17565217391304344,0.41165144697505396,0.48567178524771265,0,-0.35391304347826086,0.0897584560898227,-0.08260869565217391,0.7011629844471833,TRUE,1,0.4488636363636363,Hainan,0.9077420142945268,0.9479489788776115
all_years,sludge,fluoroquinolones,E. coli | Cefotetan,grp_per_capita_2024,16,3,149,31,2,2005,2017,0.24296962888784357,0.36454627453380206,0.044117647058823525,0.8711220048065986,0.06923543109736396,0.25696039035591295,0.4933468684125115,0.052146211631197946,0.5088235294117647,0.04413521823498387,TRUE,1,0.6982754585555156,Guangdong,0.9564020451533698,0.9842154623604513
all_years,surface water,tetracyclines,A. baumannii | Gentamicin,grp_per_capita_2024,15,2,42,17,1,2015,2024,-0.2428571428571428,0.3831283418393414,-0.3499999999999999,0.20094535081629322,1,0,-0.49642857142857144,0.059797413749923985,0.4142857142857143,0.12471544223657098,TRUE,1,1.1809954751131229,Henan,0.9582118561710397,0.8680942753677526
all_years,surface water,fluoroquinolones,A. baumannii | Aztreonam,chemical_fertilizers_2024,15,3,77,21,1,2015,2024,0.2428571428571428,0.38312834183934175,0.33214285714285713,0.2264717590707243,0.27743910513984715,0.014965986394557854,0.4107142857142857,0.1283286460157489,0.6464285714285715,0.009214550689979973,TRUE,1,0.9819004524886883,Hubei,0.9582118561710397,0.8756506136724482
all_years,surface water,tetracyclines,K. pneumoniae | Cefepime,grp_per_capita_2024,15,2,42,17,1,2015,2024,0.2428571428571428,0.38312834183934175,0.08214285714285713,0.7710285652881776,1,0,-0.49642857142857144,0.059797413749923985,0.28214285714285714,0.3082844568200556,FALSE,1,0.7647058823529415,Hubei,0.9582118561710397,0.9760848906711721
all_years,soil,fluoroquinolones,P. aeruginosa | Meropenem,grp_per_capita_2024,23,3,318,64,2,2006,2020,-0.24276891720066907,0.2643572507574641,-0.5721343873517786,0.004336051416160506,0.9845108143090242,0,0.41433880369482834,0.04933753133495683,0.39920948616600793,0.05914702396023527,FALSE,1,0.37537524253064664,Guizhou,0.9077420142945268,0.3707855110571458
all_years,sediment,lincosamides,P. aeruginosa | Meropenem,large_animals_year_end_2024,13,3,26,22,1,2010,2018,0.24209101306752098,0.42551928408575623,0.06593406593406594,0.8305423857560938,0.2592759711301179,0.06997245179063301,-0.327373074489034,0.27488966062773995,-0.5989010989010989,0.03055411417293782,TRUE,1,0.5370161266462449,Guizhou,0.9606720658320372,0.9842154623604513
all_years,soil,macrolides,P. aeruginosa | Aztreonam,milk_output_2024,20,3,104,34,2,2006,2020,0.2419698645771903,0.3040339453158758,0.25263157894736843,0.2825500572639194,0.3132637601270729,0.018907030492805205,0.43554575623894254,0.054921130935576906,0.44360902255639095,0.050089221722956156,TRUE,1,0.5146425808093319,Tibet,0.9172030766408468,0.8969656318280155
all_years,wastewater effluent,fluoroquinolones,A. baumannii | Minocycline,total_aquatic_products_2024,13,3,34,15,1,2016,2024,0.24175824175824176,0.42617551959450883,0.34615384615384615,0.24662526251007166,0.28932970799328467,0.04803767660910481,-0.6758241758241759,0.011225245577668611,-0.36813186813186816,0.21585718064938147,TRUE,1,1.053719008264463,Hainan,0.9606720658320372,0.8785296752720978
all_years,wastewater effluent,fluoroquinolones,S. aureus | Nitrofurantoin,sewage_pipe_length_2024,13,3,34,15,1,2016,2024,0.24175824175824176,0.42617551959450883,0.1043956043956044,0.7343037452877028,0.28932970799328467,0.04803767660910481,-0.5714285714285714,0.0413422673717235,-0.6978021978021978,0.00800071741122648,TRUE,1,0.8553719008264462,Zhejiang,0.9606720658320372,0.9729669155213013
all_years,sediment,tetracyclines,A. baumannii | Cefepime,urban_env_infra_investment_2024,23,3,693,129,2,2004,2025,-0.24067211013951872,0.2686333235842181,-0.24308300395256915,0.2637204912591649,0.06310630550908343,0.17629345855989417,-0.35334816991736323,0.09813788776686909,0.4189723320158103,0.046601538811272096,TRUE,1,0.7366409609438204,Qinghai,0.9078998417376394,0.8903518675048224
all_years,sludge,macrolides,S. aureus | Nitrofurantoin,milk_output_2024,14,3,77,25,1,2005,2017,-0.2402849511244051,0.4079717488651634,-0.38461538461538464,0.1745087507750957,0.8556343441410651,0,-0.34262854141813315,0.23045006637631998,0.34065934065934067,0.23331605103682382,TRUE,1,0.8026285622422049,Guangdong,0.960202105235759,0.8507301600285916
all_years,sediment,sulfonamides,K. pneumoniae | Trimethoprim/Sulfamethoxazole,total_aquatic_products_2024,24,3,1061,135,2,2008,2025,-0.24005219093244254,0.25853955439777676,-0.19565217391304346,0.3595479632342291,0.0015521231748156271,0.520774428109915,-0.36747119807593104,0.07730622585656055,0.40956521739130436,0.046866169264913146,TRUE,1,0.6675395738037089,Guangdong,0.9077420142945268,0.9273631617284223
all_years,sludge,fluoroquinolones,A. baumannii | Aztreonam,sewage_pipe_length_2024,16,3,149,31,2,2005,2017,0.24000658463311378,0.37060557504820946,0.032352941176470584,0.9053195187918449,0.06923543109736396,0.25696039035591295,0.5555707977618373,0.025461783832817764,0.4647058823529412,0.06974367557375592,TRUE,1,0.7492722470840305,Tianjin,0.9582118561710397,0.9842154623604513
all_years,sediment,phenicols,K. pneumoniae | Ampicillin,grp_per_capita_2024,14,3,58,25,1,2006,2020,-0.23956043956043957,0.4094298928517326,-0.45494505494505494,0.10215352669182921,0.20022103787458767,0.11060606060606078,-0.6263736263736264,0.016541935428871186,-0.09010989010989011,0.7593388378159545,FALSE,1,0.793577981651376,Guizhou,0.960202105235759,0.7738974610579332
all_years,surface water,sulfonamides,E. coli | Ertapenem,LivestockAquacultureIndex,14,3,49,15,1,2013,2024,-0.23956043956043957,0.4094298928517326,-0.0945054945054945,0.7479382611415475,0.07898257926378309,0.18961038961038862,-0.4862489191020163,0.07789960750661203,0.3344336457172239,0.24252060579191614,TRUE,1,0.793577981651376,Guangxi,0.960202105235759,0.9751218136611995
all_years,surface water,sulfonamides,K. pneumoniae | Cefoxitin,chemical_fertilizers_2024,14,3,49,15,1,2013,2024,-0.23956043956043957,0.4094298928517326,-0.2967032967032967,0.30296672383870205,0.07898257926378309,0.18961038961038862,-0.4153846153846154,0.1396659475175257,0.6263736263736264,0.016541935428871186,TRUE,1,0.793577981651376,Tibet,0.960202105235759,0.9122214762504753
all_years,surface water,sulfonamides,P. aeruginosa | Piperacillin,total_aquatic_products_2024,14,3,49,15,1,2013,2024,0.23956043956043957,0.4094298928517326,0.3274725274725275,0.2530710007719408,0.07898257926378309,0.18961038961038862,-0.3098901098901099,0.2809332808692584,-0.3978021978021978,0.15895077451083486,TRUE,1,0.793577981651376,Tibet,0.960202105235759,0.8871017830455327
all_years,sludge,sulfonamides,K. pneumoniae | Levofloxacin,grp_per_capita_2024,16,3,143,28,1,2005,2017,-0.2394847410096739,0.37167843925483257,-0.2588235294117647,0.3330723066336081,0.6133729962850374,0,-0.3162426708204668,0.23275560389798974,0.6764705882352942,0.00400825239020936,TRUE,1,0.449812256855396,Gansu,0.9582118561710397,0.9248305921258484
all_years,surface water,fluoroquinolones,A. baumannii | Cefepime,chemical_fertilizers_2024,15,3,77,21,1,2015,2024,-0.23928571428571424,0.39037931192023534,-0.4749999999999999,0.07357086204591347,0.27743910513984715,0.014965986394557854,0.4107142857142857,0.1283286460157489,0.49642857142857144,0.059797413749924054,FALSE,1,0.7336394948335246,Hubei,0.9582118561710397,0.7507306204313801
all_years,surface water,tetracyclines,A. baumannii | Minocycline,hospitals_count_2024,15,2,42,17,1,2015,2024,-0.23928571428571424,0.39037931192023534,-0.2964285714285714,0.28335542843426303,1,0,0.2357142857142857,0.3977029459032726,0.4928571428571429,0.06195100671416861,FALSE,1,0.6417910447761194,Hubei,0.9582118561710397,0.8969656318280155
all_years,surface water,tetracyclines,K. pneumoniae | Cefuroxime,urban_share_2024,15,2,42,17,1,2015,2024,0.23928571428571424,0.39037931192023567,0.12499999999999997,0.6571356681869504,1,0,-0.43214285714285716,0.10769303754639804,-0.3821428571428571,0.1598236299869672,TRUE,1,0.7336394948335246,Henan,0.9582118561710397,0.9729669155213013
all_years,soil,phenicols,S. aureus | Amikacin,LivestockAquacultureIndex,10,3,22,13,1,2007,2016,0.239281816464541,0.5055248490013544,0.49090909090909085,0.14965567342083677,0.17609777149412834,0.11860744297719157,-0.791470623690405,0.0063770841870565975,-0.2,0.5795840000000001,TRUE,0.9,1.212530828806613,Shanghai,0.9606720658320372,0.8334416432151582
all_years,sediment,sulfonamides,P. aeruginosa | Imipenem,large_animals_year_end_2024,24,3,1061,135,2,2008,2025,-0.23787780514501103,0.26300835920402726,-0.14260869565217388,0.5062092339528539,0.0015521231748156271,0.520774428109915,0.3309415168470811,0.1141958009148479,-0.5973913043478261,0.002053436944803486,TRUE,1,0.643309497797325,Hainan,0.9077420142945268,0.9606462350922552
all_years,sediment,lincosamides,E. coli | Ciprofloxacin,milk_output_2024,13,3,26,22,1,2010,2018,-0.2365889445887137,0.4364341210425441,-0.40659340659340665,0.167978346147896,0.2592759711301179,0.06997245179063301,0.13204964349137507,0.6671737125899861,0.6153846153846154,0.02516711655189929,FALSE,1,0.7143421739316309,Hunan,0.9606720658320372,0.8449663040229046
all_years,wastewater influent,fluoroquinolones,K. pneumoniae | Tigecycline,milk_output_2024,11,3,44,12,1,2016,2024,-0.23636363636363636,0.48409116222539683,-0.7272727272727273,0.011204967253592057,0.07495187103951058,0.3977272727272725,0.2909090909090909,0.38545696969136556,-0.8636363636363636,6.116938500931739e-4,TRUE,1,1.333333333333333,Beijing,0.9606720658320372,0.4153533287640718
all_years,wastewater effluent,macrolides,E. coli | Amikacin,chemical_fertilizers_2024,10,3,27,10,1,2018,2024,0.2363636363636363,0.5108853175152004,0.07878787878787878,0.8287173946974608,0.09424870603515988,0.3890909090909095,0.5151515151515151,0.1275528697032343,0.5393939393939394,0.10759318778241472,TRUE,1,1.0448717948717954,Hebei,0.9606720658320372,0.9842154623604513
all_years,wastewater effluent,macrolides,K. pneumoniae | Cefotaxime,population_2024,10,3,27,10,1,2018,2024,-0.2363636363636363,0.5108853175152004,0.00606060606060606,0.9867429111949891,0.09424870603515988,0.3890909090909095,-0.41818181818181815,0.22911284098281884,0.6,0.066688,TRUE,0.9,1.3269230769230775,Zhejiang,0.9606720658320372,0.9951014111114871
all_years,wastewater effluent,macrolides,P. aeruginosa | Amikacin,chemical_fertilizers_2024,10,3,27,10,1,2018,2024,-0.2363636363636363,0.5108853175152004,-0.3575757575757575,0.3103760917056805,0.09424870603515988,0.3890909090909095,0.5151515151515151,0.1275528697032343,-0.24848484848484848,0.4887763045192429,TRUE,0.9,1.0705128205128207,Shandong,0.9606720658320372,0.9122214762504753
all_years,wastewater effluent,macrolides,S. aureus | Gentamicin,milk_output_2024,10,3,27,10,1,2018,2024,0.2363636363636363,0.5108853175152004,0.10303030303030301,0.7769984634438898,0.09424870603515988,0.3890909090909095,0.47878787878787876,0.16152292801745585,0.6242424242424243,0.05371776721716743,TRUE,1,0.9743589743589749,Xinjiang,0.9606720658320372,0.9760848906711721
all_years,wastewater effluent,fluoroquinolones,E. coli | Cefotetan,sewage_disposal_capacity_2024,13,3,34,15,1,2016,2024,0.23626373626373628,0.4370835438311813,0.4120879120879121,0.16175105277252627,0.28932970799328467,0.04803767660910481,-0.510989010989011,0.07432891414402142,0.21428571428571427,0.4820544547023683,FALSE,1,0.805496828752643,Xinjiang,0.9606720658320372,0.8334416432151582
all_years,wastewater effluent,fluoroquinolones,A. baumannii | Polymyxin B,population_2024,13,3,34,15,1,2016,2024,0.23626373626373628,0.4370835438311813,-0.11538461538461539,0.7073898735142602,0.28932970799328467,0.04803767660910481,-0.6043956043956044,0.02867270567140693,-0.7307692307692307,0.004547733743967136,TRUE,1,0.8816067653276956,Beijing,0.9606720658320372,0.9729669155213013
all_years,sediment,fluoroquinolones,K. pneumoniae | Tigecycline,grp_2024,23,3,950,128,2,2007,2025,0.23616600790513834,0.2779707631076221,0.3359683794466403,0.11703240429458718,0.025862178954528397,0.2654973649538867,-0.32707509881422925,0.12766439967393878,0.3675889328063241,0.08442064140763417,FALSE,1,0.4429169157202629,Qinghai,0.9084965716610526,0.8138668527285788
all_years,sediment,macrolides,E. coli | Cefepime,total_aquatic_products_2024,23,3,430,93,2,2008,2025,0.23616600790513834,0.2779707631076221,0.3310276679841897,0.12285642475804438,0.003177020108859277,0.4751811594202898,-0.43478260869565216,0.03814605716443817,-0.2341897233201581,0.2821297301046476,TRUE,1,0.44650328750747204,Tianjin,0.9084965716610526,0.8149596269873794
all_years,surface water,tetracyclines,K. pneumoniae | Imipenem,hogs_year_end_2024,15,2,42,17,1,2015,2024,0.23571428571428568,0.3977029459032726,0.1607142857142857,0.5671967045803448,1,0,0.2357142857142857,0.3977029459032726,0.7321428571428571,0.0019129636009785663,TRUE,1,0.7482517482517481,Henan,0.9593961047416155,0.9606462350922552
all_years,surface water,macrolides,K. pneumoniae | Cefotaxime,freshwater_aquatic_products_2024,14,3,42,16,1,2015,2023,-0.23516483516483513,0.4183338961985912,-0.2703296703296703,0.3499193863496043,0.006641885476426646,0.5788497217068641,-0.4153846153846154,0.1396659475175257,0.432967032967033,0.1220100059684803,TRUE,1,1.0093457943925237,Guangdong,0.9606720658320372,0.9268335373285431
all_years,soil,tetracyclines,E. coli | Ceftriaxone,hospitals_count_2024,24,3,312,68,2,2007,2022,-0.23478260869565215,0.2694546117695453,-0.1452173913043478,0.49837946924561227,0.48567178524771265,0,-0.35391304347826086,0.0897584560898227,0.4234782608695652,0.03920394759394161,TRUE,1,0.6203703703703707,Liaoning,0.9084965716610526,0.9606462350922552
all_years,sediment,other,K. pneumoniae | Cefotaxime,WastewaterHealthIndex,7,2,19,10,1,2008,2018,-0.23424374030084527,0.6131550369752421,NA,NA,0.3724558699813696,0,-0.4,0.37393392381774704,0.05405624776173354,0.9083652825239952,TRUE,0.7142857142857143,1.9900303588182697,Tianjin,0.9810438378510519,NA
all_years,sediment,fluoroquinolones,S. aureus | Penicillin G,large_animals_year_end_2024,23,3,950,128,2,2007,2025,-0.2341897233201581,0.2821297301046476,-0.29051383399209485,0.17869743023409992,0.025862178954528397,0.2654973649538867,0.17292490118577075,0.4300873620992395,0.6492094861660079,8.027846018111321e-4,FALSE,1,0.5937311633514167,Xinjiang,0.9084965716610526,0.8521945107646086
all_years,sludge,fluoroquinolones,A. baumannii | Meropenem,sewage_pipe_length_2024,16,3,149,31,2,2005,2017,0.23408049612365414,0.3828892603229218,-0.09999999999999999,0.712516370128278,0.06923543109736396,0.25696039035591295,0.5555707977618373,0.025461783832817764,0.5441176470588235,0.029336337481376606,TRUE,1,0.762766931665219,Tianjin,0.9582118561710397,0.9729669155213013
all_years,sediment,lincosamides,E. coli | Amikacin,chemical_fertilizers_2024,13,3,26,22,1,2010,2018,-0.23383791034931004,0.4419427678428779,-0.2692307692307692,0.37373304228189186,0.2592759711301179,0.06997245179063301,-0.23933997882811733,0.4309595500618638,0.5,0.08186423116569437,TRUE,1,0.7943216262651553,Hunan,0.9606720658320372,0.9351594487186277
all_years,sediment,tetracyclines,S. aureus | Ciprofloxacin,sewage_disposal_capacity_2024,23,3,693,129,2,2004,2025,-0.23375340471456335,0.2830531742416817,-0.17391304347826086,0.42741609739663655,0.06310630550908343,0.17629345855989417,-0.1966889113665882,0.3683784798353149,0.6343873517786561,0.0011494742490626697,TRUE,1,0.7010567401224698,Qinghai,0.9084965716610526,0.9479489788776115
all_years,sludge,macrolides,A. baumannii | Polymyxin B,hogs_year_end_2024,14,3,77,25,1,2005,2017,-0.23361036914872715,0.42150621479425254,-0.17802197802197803,0.5425969526062151,0.8556343441410651,0,0.6118366811038092,0.020054411609237308,-0.4857142857142857,0.07827588645863327,TRUE,1,0.8328147821345735,Beijing,0.9606720658320372,0.9606462350922552
all_years,wastewater influent,sulfonamides,K. pneumoniae | Ampicillin,large_animals_year_end_2024,9,3,30,9,1,2016,2024,-0.23333333333333334,0.5456987782182725,-0.45,0.22421610749233684,0.8007374029168087,0,0.26666666666666666,0.48792227483870076,0.7,0.035769574970261654,FALSE,0.8888888888888888,1.4081632653061225,Shanxi,0.9606720658320372,0.8756506136724482
all_years,wastewater influent,sulfonamides,K. pneumoniae | Cefepime,freshwater_aquatic_products_2024,9,3,30,9,1,2016,2024,-0.23333333333333334,0.5456987782182725,-0.03333333333333333,0.9321567355405038,0.8007374029168087,0,-0.6333333333333333,0.06708578689234561,0.5333333333333333,0.13922686754397803,TRUE,0.8888888888888888,1.448979591836735,Henan,0.9606720658320372,0.9853330220901917
all_years,sludge,tetracyclines,E. coli | Chloramphenicol,total_aquatic_products_2024,14,3,77,19,2,2004,2020,0.2333295955445555,0.4220805141068239,0.10769230769230768,0.7140308087262495,0.30098512187415105,0.03648989898989916,0.4209082900019433,0.13394589712344326,0.6615384615384615,0.009975179240423728,TRUE,1,0.7151544972863244,Guangdong,0.9606720658320372,0.9729669155213013
all_years,sediment,tetracyclines,P. aeruginosa | Cefepime,urban_env_infra_investment_2024,23,3,693,129,2,2004,2025,-0.23276501822528403,0.28515204724466586,0.008893280632411068,0.9678756225555958,0.06310630550908343,0.17629345855989417,-0.35334816991736323,0.09813788776686909,0.424901185770751,0.043274788643848136,TRUE,1,0.7568105902830653,Qinghai,0.9084965716610526,0.9881783805943072
all_years,soil,tetracyclines,K. pneumoniae | Meropenem,grp_2024,24,3,312,68,2,2007,2022,-0.2321739130434782,0.274965241183178,-0.13913043478260867,0.5167416555162496,0.48567178524771265,0,-0.15130434782608695,0.4803459029793672,0.6826086956521739,2.3775848063956975e-4,TRUE,1,0.5194075587334016,Beijing,0.9084965716610526,0.9606462350922552
all_years,surface water,fluoroquinolones,K. pneumoniae | Ertapenem,hospital_beds_2024,15,3,77,21,1,2015,2024,0.23214285714285712,0.40509874069364904,0.3535714285714285,0.19607167843419906,0.27743910513984715,0.014965986394557854,0.36428571428571427,0.18191025904581395,0.6071428571428571,0.01638130676830714,TRUE,1,0.902958579881657,Jiangxi,0.9600626569866181,0.8680942753677526
all_years,surface water,tetracyclines,E. coli | Trimethoprim/Sulfamethoxazole,grp_per_capita_2024,15,2,42,17,1,2015,2024,0.23214285714285712,0.40509874069364904,0.03928571428571428,0.8894459296739486,1,0,-0.49642857142857144,0.059797413749923985,-0.6535714285714286,0.008230371463638973,TRUE,1,0.744378698224852,Henan,0.9600626569866181,0.9842154623604513
all_years,surface water,tetracyclines,K. pneumoniae | Cefoxitin,hogs_year_end_2024,15,2,42,17,1,2015,2024,0.23214285714285712,0.40509874069364904,0.2607142857142857,0.34797945986279355,1,0,0.2357142857142857,0.3977029459032726,0.7535714285714286,0.0011775830234888303,TRUE,1,0.7633136094674556,Henan,0.9600626569866181,0.9268335373285431
all_years,surface water,tetracyclines,P. aeruginosa | Amikacin,urban_share_2024,15,2,42,17,1,2015,2024,0.23214285714285712,0.40509874069364904,-0.06785714285714285,0.8101088187105131,1,0,-0.43214285714285716,0.10769303754639804,-0.17142857142857143,0.541272176099633,TRUE,1,0.7633136094674556,Henan,0.9600626569866181,0.9842154623604513
all_years,sludge,diaminopyrimidines,E. coli | Levofloxacin,pork_output_2024,13,3,19,17,1,2010,2017,0.23117525544649567,0.44730667521386624,0.23076923076923078,0.4481273823153654,0.8019823386358851,0,-0.7166432918841367,0.005846431266760286,-0.19230769230769232,0.5290679872349876,TRUE,1,0.9858383249325048,Hebei,0.9606720658320372,0.9535880891790752
all_years,sediment,sulfonamides,E. coli | Ceftriaxone,large_animals_year_end_2024,24,3,1061,135,2,2008,2025,0.23091977062523006,0.2776397753354064,0.2260869565217391,0.28809953766578317,0.0015521231748156271,0.520774428109915,0.3309415168470811,0.1141958009148479,0.34956521739130436,0.09405311883595956,TRUE,1,0.5044959123293388,Guangdong,0.9084965716610526,0.8969656318280155
all_years,sediment,tetracyclines,A. baumannii | Cefotaxime,urban_env_infra_investment_2024,23,3,693,129,2,2004,2025,-0.23078824524672534,0.28937895955503223,-0.1709486166007905,0.4354567315349366,0.06310630550908343,0.17629345855989417,-0.35334816991736323,0.09813788776686909,0.46936758893280633,0.023848867774015653,TRUE,1,0.7620689465401386,Qinghai,0.9084965716610526,0.9507920383745695
all_years,wastewater effluent,fluoroquinolones,E. coli | Meropenem,freshwater_aquatic_products_2024,13,3,34,15,1,2016,2024,-0.23076923076923078,0.44812738231536564,-0.021978021978021976,0.9431862416608074,0.28932970799328467,0.04803767660910481,-0.6978021978021978,0.00800071741122648,0.46153846153846156,0.11237597055825145,TRUE,1,1.4545454545454546,Beijing,0.9606720658320372,0.9867239251522226
all_years,wastewater effluent,fluoroquinolones,E. coli | Polymyxin B,freshwater_aquatic_products_2024,13,3,34,15,1,2016,2024,-0.23076923076923078,0.44812738231536564,-0.2142857142857143,0.4820544547023682,0.28932970799328467,0.04803767660910481,-0.6978021978021978,0.00800071741122648,0.29120879120879123,0.33438585619752903,TRUE,1,1.1818181818181819,Beijing,0.9606720658320372,0.9606462350922552
all_years,surface water,macrolides,E. coli | Chloramphenicol,total_aquatic_products_2024,14,3,42,16,1,2015,2023,-0.23076923076923075,0.4273358616774501,0.03296703296703296,0.9109186530718452,0.006641885476426646,0.5788497217068641,-0.35824175824175825,0.208498124790767,0.6263736263736264,0.016541935428871186,TRUE,1,0.8333333333333333,Tibet,0.9606720658320372,0.9842154623604513
all_years,soil,sulfonamides,K. pneumoniae | Gentamicin,EconomicScaleIndex,20,3,313,56,2,2006,2019,0.23059591708862356,0.3280142644035442,-0.14887218045112782,0.5310434616086309,0.22138678024989444,0.059746349446122726,0.5737461236962149,0.008166765310944247,0.41249555838124596,0.07069707907316367,TRUE,1,0.6858219451494114,Chongqing,0.9323150863286164,0.9606462350922552
all_years,sediment,sulfonamides,E. coli | Cefotetan,large_animals_year_end_2024,24,3,1061,135,2,2008,2025,-0.23005001631025745,0.27950421738916875,-0.16695652173913042,0.4355381053206143,0.0015521231748156271,0.520774428109915,0.3309415168470811,0.1141958009148479,-0.24956521739130436,0.2395664805456788,TRUE,1,0.4178380360698164,Guangdong,0.9084965716610526,0.9507920383745695
all_years,soil,fluoroquinolones,S. aureus | Amikacin,hospitals_count_2024,23,3,318,64,2,2006,2020,-0.22941909894319848,0.29232938034628797,-0.22826086956521738,0.2948398471870065,0.9845108143090242,0,-0.5305316663061466,0.00920503544877101,0.24604743083003952,0.25775890905684973,TRUE,1,0.6376416627096613,Guizhou,0.9084965716610526,0.9024732535006884
all_years,sediment,sulfonamides,E. coli | Cefuroxime,large_animals_year_end_2024,24,3,1061,135,2,2008,2025,0.22918026199528485,0.28137655403786865,0.2434782608695652,0.2515981618428431,0.0015521231748156271,0.520774428109915,0.3309415168470811,0.1141958009148479,0.3782608695652174,0.06836896832220606,TRUE,1,0.5849184901343278,Tianjin,0.9084965716610526,0.8871017830455327
all_years,soil,fluoroquinolones,S. aureus | Clindamycin,large_animals_year_end_2024,23,3,318,64,2,2006,2020,-0.22892466122995886,0.29339944407468216,-0.10968379446640317,0.6183444606587881,0.9845108143090242,0,-0.3653894700841028,0.08643958128251814,0.7766798418972332,1.3132903217007575e-5,TRUE,1,0.5799268613501954,Tibet,0.9084965716610526,0.962625719208657
all_years,surface water,fluoroquinolones,K. pneumoniae | Meropenem,hospital_beds_2024,15,3,77,21,1,2015,2024,0.2285714285714285,0.41256617049636024,0.0857142857142857,0.7613341261907666,0.27743910513984715,0.014965986394557854,0.36428571428571427,0.18191025904581395,0.7071428571428572,0.003195481258245066,TRUE,1,0.6442307692307697,Hubei,0.9606720658320372,0.9760848906711721
all_years,surface water,tetracyclines,A. baumannii | Amikacin,grp_per_capita_2024,15,2,42,17,1,2015,2024,-0.2285714285714285,0.4125661704963606,-0.2964285714285714,0.28335542843426303,1,0,-0.49642857142857144,0.059797413749923985,0.375,0.16843274984674558,TRUE,1,1.2403846153846156,Henan,0.9606720658320372,0.8969656318280155
all_years,soil,fluoroquinolones,K. pneumoniae | Trimethoprim/Sulfamethoxazole,hospitals_count_2024,23,3,318,64,2,2006,2020,-0.22843022351671918,0.29447193910066205,-0.15118577075098813,0.49107386245475504,0.9845108143090242,0,-0.5305316663061466,0.00920503544877101,0.325098814229249,0.13011856167333397,TRUE,1,0.4136669560916587,Ningxia,0.9086851484605097,0.9606462350922552
all_years,sludge,diaminopyrimidines,E. coli | Cefuroxime,freshwater_aquatic_products_2024,13,3,19,17,1,2010,2017,0.22828556475341447,0.45316356451538364,0.17032967032967034,0.5779754288392669,0.8019823386358851,0,-0.5288133968338589,0.06315863753009365,-0.3901098901098901,0.1875741161338378,TRUE,1,1.0600237023072603,Hebei,0.9606720658320372,0.9606462350922552
all_years,sludge,diaminopyrimidines,S. aureus | Clindamycin,freshwater_aquatic_products_2024,13,3,19,17,1,2010,2017,0.22828556475341447,0.45316356451538364,0.42307692307692313,0.1497485415549681,0.8019823386358851,0,-0.5288133968338589,0.06315863753009365,-0.6703296703296703,0.01216622031995206,TRUE,1,0.9836506055372439,Gansu,0.9606720658320372,0.8334416432151582
all_years,sediment,macrolides,K. pneumoniae | Ciprofloxacin,grp_2024,23,3,430,93,2,2008,2025,-0.22826086956521738,0.2948398471870065,-0.021739130434782608,0.9215714810608435,0.003177020108859277,0.4751811594202898,-0.37351778656126483,0.07915444117090965,0.6669960474308301,5.086234424408849e-4,TRUE,1,0.6004947433518866,Guangdong,0.9087806489866932,0.9853330220901917
all_years,soil,fluoroquinolones,E. coli | Ciprofloxacin,hospitals_count_2024,23,3,318,64,2,2006,2020,-0.2279357858034795,0.2955468650985327,-0.5197628458498024,0.0110210644683428,0.9845108143090242,0,-0.5305316663061466,0.00920503544877101,0.24703557312252963,0.2557911190617378,TRUE,1,0.43265667250152323,Guizhou,0.9088824346302653,0.4153533287640718
all_years,wastewater influent,fluoroquinolones,P. aeruginosa | Aztreonam,large_animals_year_end_2024,11,3,44,12,1,2016,2024,-0.22727272727272727,0.501535667604937,-0.12727272727272726,0.7092146257733051,0.07495187103951058,0.3977272727272725,0.15454545454545454,0.65003396549758,-0.6,0.05100326070695074,TRUE,1,1.1599999999999997,Beijing,0.9606720658320372,0.9729669155213013
all_years,sludge,sulfonamides,S. aureus | Levofloxacin,urban_share_2024,16,3,143,28,1,2005,2017,-0.22720347223994702,0.39741748063844906,-0.14705882352941177,0.5867933937012056,0.6133729962850374,0,-0.22413315504751533,0.4039976574134323,0.6470588235294118,0.0067420770071798695,TRUE,1,0.38693365763886983,Beijing,0.9593961047416155,0.9606462350922552
all_years,soil,phenicols,E. coli | Cefepime,LivestockAquacultureIndex,10,3,22,13,1,2007,2016,0.22701095408174402,0.5282230346638657,0.41818181818181815,0.22911284098281884,0.17609777149412834,0.11860744297719157,-0.791470623690405,0.0063770841870565975,-0.10303030303030303,0.7769984634438898,TRUE,1,1.1380461530660182,Henan,0.9606720658320372,0.8756506136724482
all_years,soil,phenicols,E. coli | Polymyxin B,urban_share_2024,10,3,22,13,1,2007,2016,0.22701095408174402,0.5282230346638657,-0.1636363636363636,0.6514773427962428,0.17609777149412834,0.11860744297719157,0.8160123484559989,0.0039891443952871615,0.4666666666666667,0.17393859716506646,TRUE,1,1.538881792770892,Shanghai,0.9606720658320372,0.9729669155213013
all_years,soil,phenicols,E. coli | Levofloxacin,milk_output_2024,10,3,22,13,1,2007,2016,-0.22701095408174402,0.5282230346638659,0.11515151515151514,0.7514196523258485,0.17609777149412834,0.11860744297719157,-0.7301163117764201,0.01650624549810055,0.6727272727272727,0.03304122254543776,TRUE,1,0.9253270060949738,Guangdong,0.9606720658320372,0.9760417777324718
all_years,sludge,tetracyclines,K. pneumoniae | Amikacin,grp_2024,14,3,77,19,2,2004,2020,0.22646696038148034,0.4362405918997624,0.43296703296703293,0.1220100059684803,0.30098512187415105,0.03648989898989916,0.2516299559794226,0.38549252799635003,0.5956043956043956,0.024612610795286847,TRUE,1,0.697087146511103,Jiangsu,0.9606720658320372,0.8138668527285788
all_years,surface water,tetracyclines,E. coli | Polymyxin B,urban_share_2024,14,2,42,17,1,2015,2024,0.22637362637362637,0.4364347945560527,0.38021978021978026,0.1799061463060816,1,0,-0.4901098901098901,0.07522006672685844,0.24395604395604395,0.400624803916119,FALSE,1,1.0388349514563109,Henan,0.9606720658320372,0.8521945107646086
all_years,sediment,diaminopyrimidines,K. pneumoniae | Polymyxin B,urban_env_infra_investment_2024,18,3,122,45,2,2008,2020,0.2260061919504644,0.3671777255550174,0.1537667698658411,0.5424031647570589,0.01039862314664235,0.47547758284600455,-0.22807017543859648,0.3627002084947104,-0.4633642930856553,0.052785861953566576,TRUE,1,0.6421232876712328,Tianjin,0.9582118561710397,0.9606462350922552
all_years,sludge,diaminopyrimidines,E. coli | Cefazolin,milk_output_2024,13,3,19,17,1,2010,2017,0.22539587406033326,0.4590572534117251,0.34065934065934067,0.2547064607541252,0.8019823386358851,0,0.12714639049557264,0.6789269471633911,0.6538461538461539,0.015348516732105476,TRUE,1,0.7883722250799294,Zhejiang,0.9606720658320372,0.8871017830455327
all_years,sediment,tetracyclines,K. pneumoniae | Levofloxacin,grp_2024,23,3,693,129,2,2004,2025,-0.22535211955568896,0.3012033779817403,-0.1966403162055336,0.36849918707048324,0.06310630550908343,0.17629345855989417,-0.29701014002844095,0.1687385708187329,0.6788537549407114,3.6891813158812834e-4,TRUE,1,0.7770050999216604,Qinghai,0.915007003575565,0.932377137755518
all_years,sediment,macrolides,A. baumannii | Imipenem,freshwater_aquatic_products_2024,23,3,430,93,2,2008,2025,-0.22529644268774704,0.30132600343455657,-0.009881422924901186,0.9643083438096371,0.003177020108859277,0.4751811594202898,-0.4901185770750988,0.017589302048693578,0.3794466403162055,0.07413953912074524,TRUE,1,0.36090225563909795,Zhejiang,0.915007003575565,0.9878914858209675
all_years,soil,fluoroquinolones,E. coli | Imipenem,hospitals_count_2024,23,3,318,64,2,2006,2020,-0.22496915952404165,0.302047450332573,-0.16798418972332016,0.44357751168209614,0.9845108143090242,0,-0.5305316663061466,0.00920503544877101,0.38537549407114624,0.06936888423715426,TRUE,1,0.562047376654746,Guizhou,0.915007003575565,0.9535880891790752
all_years,wastewater effluent,macrolides,E. coli | Polymyxin B,freshwater_aquatic_products_2024,10,3,27,10,1,2018,2024,-0.2242424242424242,0.5334005612725949,-0.26060606060606056,0.4670890543863403,0.09424870603515988,0.3890909090909095,-0.4909090909090909,0.14965567342083683,0.806060606060606,0.0048620611019646025,TRUE,0.9,1.2972972972972974,Guangdong,0.9606720658320372,0.9606462350922552
all_years,wastewater effluent,macrolides,A. baumannii | Aztreonam,freshwater_aquatic_products_2024,10,3,27,10,1,2018,2024,0.2242424242424242,0.5334005612725952,0.6363636363636362,0.04791172612997547,0.09424870603515988,0.3890909090909095,-0.4909090909090909,0.14965567342083683,-0.3333333333333333,0.34659350708733433,TRUE,1,1.6756756756756763,Heilongjiang,0.9606720658320372,0.6773520281625282
all_years,wastewater effluent,macrolides,A. baumannii | Ceftazidime,chemical_fertilizers_2024,10,3,27,10,1,2018,2024,0.2242424242424242,0.5334005612725952,0.47878787878787876,0.16152292801745585,0.09424870603515988,0.3890909090909095,0.5151515151515151,0.1275528697032343,0.22424242424242424,0.5334005612725952,TRUE,0.9,1.155405405405406,Heilongjiang,0.9606720658320372,0.8334416432151582
all_years,wastewater effluent,macrolides,A. baumannii | Tobramycin,milk_output_2024,10,3,27,10,1,2018,2024,0.2242424242424242,0.5334005612725952,0.2848484848484848,0.42503815489214547,0.09424870603515988,0.3890909090909095,0.47878787878787876,0.16152292801745585,-0.2606060606060606,0.4670890543863403,FALSE,0.9,1.1486486486486487,Zhejiang,0.9606720658320372,0.9479489788776115
all_years,sediment,diaminopyrimidines,P. aeruginosa | Ceftazidime,total_aquatic_products_2024,18,3,122,45,2,2008,2020,-0.22394220846233232,0.3716861637562173,-0.09184726522187822,0.717002841661774,0.01039862314664235,0.47547758284600455,-0.28586171310629516,0.2501695935454812,-0.20536635706914344,0.4136353714020944,FALSE,1,0.5650921658986175,Liaoning,0.9582118561710397,0.9729669155213013
all_years,sediment,diaminopyrimidines,E. coli | Polymyxin B,freshwater_aquatic_products_2024,18,3,122,45,2,2008,2020,0.22394220846233232,0.37168616375621755,0.13106295149638802,0.6041941281040614,0.01039862314664235,0.47547758284600455,-0.21362229102167182,0.3946884572555506,0.34365325077399383,0.1626286535167655,FALSE,1,0.6497695852534563,Guangdong,0.9582118561710397,0.9606462350922552
all_years,sludge,fluoroquinolones,P. aeruginosa | Levofloxacin,sewage_disposal_capacity_2024,16,3,149,31,2,2005,2017,0.22370984123209986,0.40490940179832613,-0.10294117647058823,0.7044103818167704,0.06923543109736396,0.25696039035591295,0.41334467353480697,0.11152120896786284,0.6205882352941177,0.010313515549677674,TRUE,1,0.6182099624504402,Shanghai,0.9600626569866181,0.9729669155213013
all_years,sediment,sulfonamides,E. coli | Cefepime,large_animals_year_end_2024,24,3,1061,135,2,2008,2025,0.22352685894796281,0.29373915396682526,0.11304347826086955,0.5989404349055965,0.0015521231748156271,0.520774428109915,0.3309415168470811,0.1141958009148479,0.29739130434782607,0.158154260595396,TRUE,1,0.569731733115121,Tianjin,0.9084965716610526,0.9606462350922552
all_years,sediment,sulfonamides,P. aeruginosa | Gentamicin,sewage_disposal_capacity_2024,24,3,1061,135,2,2008,2025,-0.22352685894796281,0.29373915396682526,-0.21652173913043474,0.30951989756230036,0.0015521231748156271,0.520774428109915,-0.130898024403379,0.542083078884666,0.37130434782608696,0.0740352796389887,TRUE,1,0.4384339997024778,Chongqing,0.9084965716610526,0.9122214762504753
all_years,soil,sulfonamides,K. pneumoniae | Amikacin,EconomicScaleIndex,20,3,313,56,2,2006,2019,0.22306010280468164,0.3445016545662367,-0.04360902255639098,0.8551479470173743,0.22138678024989444,0.059746349446122726,0.5737461236962149,0.008166765310944247,0.37184818584002827,0.10644413506368475,TRUE,1,0.5614005749772614,Chongqing,0.9384122103455103,0.9842154623604513
all_years,soil,fluoroquinolones,K. pneumoniae | Ampicillin,hogs_year_end_2024,23,3,318,64,2,2006,2020,-0.22249697095784335,0.30753137881118253,-0.13438735177865613,0.5409737774662906,0.9845108143090242,0,-0.4311496859449765,0.03997281378567283,0.31719367588932806,0.14027453302022327,TRUE,1,0.5463934184856981,Guizhou,0.9203669796569272,0.9606462350922552
all_years,sediment,tetracyclines,P. aeruginosa | Ceftazidime,urban_env_infra_investment_2024,23,3,693,129,2,2004,2025,-0.22238696008785094,0.3077768198552261,0.0691699604743083,0.7538218327580143,0.06310630550908343,0.17629345855989417,-0.35334816991736323,0.09813788776686909,0.4041501976284585,0.05579175689820351,TRUE,1,0.7854598679570187,Qinghai,0.9203669796569272,0.9760417777324718
all_years,sediment,phenicols,S. aureus | Erythromycin,milk_output_2024,14,3,58,25,1,2006,2020,-0.22197802197802197,0.4456296579536081,-0.2571428571428571,0.3748119038799703,0.20022103787458767,0.11060606060606078,-0.23956043956043957,0.4094298928517326,0.6175824175824176,0.018604674280708396,TRUE,1,0.9059405940594063,Jilin,0.9606720658320372,0.935533627208742
all_years,surface water,sulfonamides,E. coli | Cefoxitin,chemical_fertilizers_2024,14,3,49,15,1,2013,2024,-0.22197802197802197,0.4456296579536081,0.03736263736263736,0.899093096973967,0.07898257926378309,0.18961038961038862,-0.4153846153846154,0.1396659475175257,0.4901098901098901,0.07522006672685844,TRUE,1,0.8762376237623761,Tibet,0.9606720658320372,0.9842154623604513
all_years,surface water,sulfonamides,P. aeruginosa | Amikacin,LivestockAquacultureIndex,14,3,49,15,1,2013,2024,0.22197802197802197,0.44562965795360876,-0.15164835164835164,0.6047905984521376,0.07898257926378309,0.18961038961038862,-0.4862489191020163,0.07789960750661203,-0.3080309894763904,0.2839808086684326,TRUE,1,0.7574257425742578,Guangdong,0.9606720658320372,0.9606462350922552
all_years,sludge,tetracyclines,S. aureus | Clindamycin,freshwater_aquatic_products_2024,14,3,77,19,2,2004,2020,-0.22189187027276358,0.4458108241316808,-0.06813186813186813,0.8169838797817922,0.30098512187415105,0.03648989898989916,0.32025630761017426,0.2642960660107213,-0.5296703296703297,0.05141659813787088,TRUE,1,1.1748356312078658,Hebei,0.9606720658320372,0.9842154623604513
all_years,sediment,diaminopyrimidines,A. baumannii | Cefotaxime,freshwater_aquatic_products_2024,18,3,122,45,2,2008,2020,-0.2218782249742002,0.3762254210655622,-0.19504643962848298,0.43798642970216684,0.01039862314664235,0.47547758284600455,-0.21362229102167182,0.3946884572555506,0.37048503611971106,0.13016560662863333,TRUE,1,0.8447674418604654,Zhejiang,0.9582118561710397,0.9507920383745695
all_years,surface water,tetracyclines,S. aureus | Levofloxacin,chemical_fertilizers_2024,15,2,42,17,1,2015,2024,0.2214285714285714,0.42771371901637,0.20714285714285713,0.4588428049634703,1,0,0.19285714285714287,0.49104870160522307,0.8178571428571428,1.9513654706319907e-4,TRUE,1,0.7320099255583126,Jiangsu,0.9606720658320372,0.9606462350922552
all_years,sludge,sulfonamides,K. pneumoniae | Tobramycin,grp_per_capita_2024,16,3,143,28,1,2005,2017,-0.22106283785508357,0.41063529598897486,-0.2823529411764706,0.2893498290632741,0.6133729962850374,0,-0.3162426708204668,0.23275560389798974,0.6676470588235294,0.004711981947989975,TRUE,1,0.5061410019868673,Gansu,0.9606720658320372,0.8969656318280155
all_years,soil,fluoroquinolones,E. coli | Tobramycin,hospitals_count_2024,23,3,318,64,2,2006,2020,-0.22101365781812438,0.3108508433817159,-0.10573122529644267,0.6311269024565604,0.9845108143090242,0,-0.5305316663061466,0.00920503544877101,0.3932806324110672,0.063375613935585,TRUE,1,0.4212892860086094,Guizhou,0.9212799171433933,0.9643538787526716
all_years,sediment,fluoroquinolones,P. aeruginosa | Ciprofloxacin,grp_2024,23,3,950,128,2,2007,2025,-0.22035573122529645,0.3123301820262031,-0.044466403162055336,0.8403387863596052,0.025862178954528397,0.2654973649538867,-0.32707509881422925,0.12766439967393878,0.5592885375494071,0.005526975377654645,TRUE,1,0.7245355541319672,Qinghai,0.9230076603935279,0.9842154623604513
all_years,sediment,lincosamides,S. aureus | Cefoxitin,urban_share_2024,13,3,26,22,1,2010,2018,0.22008273915229182,0.46998875742238655,-0.1263736263736264,0.680785475070949,0.2592759711301179,0.06997245179063301,0.3163689375314195,0.2922911964687993,0.6758241758241759,0.011225245577668611,TRUE,1,0.686997488532745,Jiangxi,0.9606720658320372,0.9729669155213013
all_years,soil,fluoroquinolones,E. coli | Gentamicin,grp_per_capita_2024,23,3,318,64,2,2006,2020,-0.22002478239164508,0.3130759372928522,-0.2015810276679842,0.35634375972559185,0.9845108143090242,0,0.41433880369482834,0.04933753133495683,-0.5059288537549407,0.013776317138224045,TRUE,1,0.5308204267410949,Zhejiang,0.9230076603935279,0.9268335373285431
all_years,wastewater effluent,fluoroquinolones,S. aureus | Ciprofloxacin,urban_share_2024,13,3,34,15,1,2016,2024,-0.2197802197802198,0.4706148514721422,-0.06593406593406594,0.8305423857560938,0.28932970799328467,0.04803767660910481,-0.21978021978021978,0.4706148514721422,0.7747252747252747,0.0018713615028719095,TRUE,1,0.8454545454545453,Beijing,0.9606720658320372,0.9842154623604513
all_years,wastewater effluent,fluoroquinolones,E. coli | Cefotaxime,total_aquatic_products_2024,13,3,34,15,1,2016,2024,0.2197802197802198,0.4706148514721423,0.46703296703296704,0.10760914039913917,0.28932970799328467,0.04803767660910481,-0.6758241758241759,0.011225245577668611,-0.13186813186813187,0.6676075762175147,TRUE,1,0.9681818181818181,Zhejiang,0.9606720658320372,0.7902982973469247
all_years,wastewater effluent,fluoroquinolones,P. aeruginosa | Tobramycin,population_2024,13,3,34,15,1,2016,2024,0.2197802197802198,0.4706148514721423,0.07142857142857142,0.8166280406760862,0.28932970799328467,0.04803767660910481,-0.6043956043956044,0.02867270567140693,-0.6043956043956044,0.02867270567140693,TRUE,1,0.9727272727272729,Sichuan,0.9606720658320372,0.9842154623604513
all_years,soil,macrolides,S. aureus | Erythromycin,milk_output_2024,20,3,104,34,2,2006,2020,0.21928518977307873,0.3529388748071599,0.17443609022556392,0.46201088623928177,0.3132637601270729,0.018907030492805205,0.43554575623894254,0.054921130935576906,0.7458646616541353,1.5970222414751154e-4,TRUE,1,0.742997243872104,Jilin,0.9482314658880052,0.9606462350922552
all_years,sludge,fluoroquinolones,E. coli | Ciprofloxacin,milk_output_2024,16,3,149,31,2,2005,2017,-0.21926527485000516,0.41454791887207454,-0.18823529411764706,0.4850866091454683,0.06923543109736396,0.25696039035591295,-0.3022305139824395,0.2552382704186771,0.7852941176470588,3.128539178860109e-4,TRUE,1,0.6189036797772809,Jiangsu,0.9606720658320372,0.9606462350922552
all_years,sediment,tetracyclines,K. pneumoniae | Tobramycin,grp_2024,23,3,693,129,2,2004,2025,-0.21892760737537328,0.3155560555811322,-0.09189723320158104,0.6766561430399166,0.06310630550908343,0.17629345855989417,-0.29701014002844095,0.1687385708187329,0.6037549407114624,0.0022847038296714087,TRUE,1,0.7956132237015124,Qinghai,0.9232058175446068,0.9729669155213013
all_years,sediment,macrolides,A. baumannii | Ceftazidime,freshwater_aquatic_products_2024,23,3,430,93,2,2008,2025,-0.2183794466403162,0.316799614877157,-0.024703557312252968,0.9109154893296206,0.003177020108859277,0.4751811594202898,-0.4901185770750988,0.017589302048693578,0.37549407114624506,0.07745523146339534,TRUE,1,0.3833225597931483,Zhejiang,0.925686415301942,0.9842154623604513
all_years,wastewater influent,fluoroquinolones,K. pneumoniae | Cefuroxime,urban_share_2024,11,3,44,12,1,2016,2024,0.21818181818181817,0.5192482475549822,0.3,0.37008312228206763,0.07495187103951058,0.3977272727272725,0.2727272727272727,0.41714143714253127,0.5181818181818182,0.10249153979096383,TRUE,0.9090909090909091,1.1944444444444446,Beijing,0.9606720658320372,0.9332530909721706
all_years,sludge,sulfonamides,K. pneumoniae | Cefazolin,grp_per_capita_2024,16,3,143,28,1,2005,2017,-0.21799252066265187,0.4173300182171824,-0.1588235294117647,0.5568612810855392,0.6133729962850374,0,-0.3162426708204668,0.23275560389798974,0.5735294117647058,0.020191038046523092,TRUE,1,0.606061122241834,Guangdong,0.9606720658320372,0.9606462350922552
all_years,sediment,sulfonamides,K. pneumoniae | Tigecycline,large_animals_year_end_2024,24,3,1061,135,2,2008,2025,-0.2178734559006408,0.30643503427128577,-0.19130434782608693,0.3705328066699429,0.0015521231748156271,0.520774428109915,0.3309415168470811,0.1141958009148479,-0.4539130434782609,0.025880265803652013,TRUE,1,0.4902456124638331,Tianjin,0.9203669796569272,0.933346557558364
all_years,surface water,fluoroquinolones,E. coli | Tobramycin,milk_output_2024,15,3,77,21,1,2015,2024,0.2178571428571428,0.4353926735155377,0.2285714285714285,0.41256617049636024,0.27743910513984715,0.014965986394557854,0.42857142857142855,0.11096021426087677,0.45,0.09235737494812266,TRUE,1,0.7679697351828499,Jilin,0.9606720658320372,0.9479489788776115
all_years,surface water,fluoroquinolones,K. pneumoniae | Cefoxitin,chemical_fertilizers_2024,15,3,77,21,1,2015,2024,0.2178571428571428,0.4353926735155377,0.06428571428571428,0.8199479653196377,0.27743910513984715,0.014965986394557854,0.4107142857142857,0.1283286460157489,0.7285714285714285,0.0020652097446907953,TRUE,1,0.8865069356872642,Hubei,0.9606720658320372,0.9842154623604513
all_years,sediment,diaminopyrimidines,E. coli | Cefepime,urban_env_infra_investment_2024,18,3,122,45,2,2008,2020,0.21775025799793601,0.3853959643781135,0.29411764705882354,0.23614329729664107,0.01039862314664235,0.47547758284600455,-0.22807017543859648,0.3627002084947104,0.2899896800825593,0.24309228603904479,FALSE,1,1.048578199052133,Tianjin,0.9582118561710397,0.8756506136724482
all_years,surface water,macrolides,E. coli | Cefazolin,chemical_fertilizers_2024,14,3,42,16,1,2015,2023,0.21758241758241756,0.4549193731700327,0.42857142857142855,0.1262738881593127,0.006641885476426646,0.5788497217068641,-0.512087912087912,0.061198486156458405,0.24395604395604395,0.400624803916119,FALSE,1,0.9696969696969701,Henan,0.9606720658320372,0.818563978423839
all_years,sediment,phenicols,E. coli | Ceftriaxone,large_animals_year_end_2024,14,3,58,25,1,2006,2020,-0.21758241758241756,0.4549193731700335,-0.25274725274725274,0.3833149644785111,0.20022103787458767,0.11060606060606078,0.5076923076923077,0.06383915813376853,0.2923076923076923,0.3105263203858821,FALSE,1,0.8686868686868692,Jilin,0.9606720658320372,0.9421113234318428
all_years,sediment,phenicols,E. coli | Cefuroxime,large_animals_year_end_2024,14,3,58,25,1,2006,2020,-0.21758241758241756,0.4549193731700335,-0.25274725274725274,0.3833149644785111,0.20022103787458767,0.11060606060606078,0.5076923076923077,0.06383915813376853,0.2923076923076923,0.3105263203858821,FALSE,1,0.8686868686868692,Jilin,0.9606720658320372,0.9421113234318428
all_years,surface water,sulfonamides,A. baumannii | Cefepime,LivestockAquacultureIndex,14,3,49,15,1,2013,2024,-0.21758241758241756,0.4549193731700335,-0.15164835164835164,0.6047905984521376,0.07898257926378309,0.18961038961038862,-0.4862489191020163,0.07789960750661203,0.36303652331146014,0.2020310695832991,TRUE,1,0.6212121212121211,Guangdong,0.9606720658320372,0.9606462350922552
all_years,sediment,tetracyclines,K. pneumoniae | Imipenem,grp_2024,23,3,693,129,2,2004,2025,-0.21744502764145426,0.31892629514917803,-0.15118577075098813,0.49107386245475504,0.06310630550908343,0.17629345855989417,-0.29701014002844095,0.1687385708187329,0.5859683794466403,0.0033020547806449224,TRUE,1,0.8000635581999105,Qinghai,0.927375536297489,0.9606462350922552
all_years,sludge,tetracyclines,E. coli | Cefotetan,milk_output_2024,14,3,77,19,2,2004,2020,-0.2173167801640468,0.4554837888348242,-0.15164835164835164,0.6047905984521376,0.30098512187415105,0.03648989898989916,-0.13496515820714486,0.6454977036795251,0.578021978021978,0.030383014145237017,TRUE,1,0.8465674230381647,Qinghai,0.9606720658320372,0.9606462350922552
all_years,soil,diaminopyrimidines,A. baumannii | Tigecycline,milk_output_2024,8,3,9,8,1,2008,2015,-0.216883211720346,0.6059163036901002,-0.21428571428571433,0.6103444156452666,0.24103244438393973,0.07490909090909051,-0.5542570966186618,0.1539883457589951,0.2619047619047619,0.5309228615658013,TRUE,0.75,1.8384615868645755,Beijing,0.979122990444698,0.9606462350922552
all_years,soil,diaminopyrimidines,P. aeruginosa | Ceftazidime,milk_output_2024,8,3,9,8,1,2008,2015,-0.216883211720346,0.6059163036901002,-0.04761904761904762,0.9108491685195835,0.24103244438393973,0.07490909090909051,-0.5542570966186618,0.1539883457589951,0.38095238095238093,0.35181255311756493,TRUE,0.75,1.0838461586864574,Beijing,0.979122990444698,0.9842154623604513
all_years,soil,diaminopyrimidines,S. aureus | Nitrofurantoin,sewage_pipe_length_2024,8,3,9,8,1,2008,2015,-0.216883211720346,0.6059163036901002,-0.14285714285714288,0.7357648598798121,0.24103244438393973,0.07490909090909051,0.3132757502627219,0.44990820732344394,-0.4523809523809524,0.2604047674368849,TRUE,1,1.3476924432208115,Guangdong,0.979122990444698,0.9729669155213013
all_years,soil,diaminopyrimidines,E. coli | Tobramycin,large_animals_year_end_2024,8,3,9,8,1,2008,2015,0.216883211720346,0.6059163036901004,0.5476190476190477,0.1600256425388963,0.24103244438393973,0.07490909090909051,0.08434347122457898,0.8426043962930891,0.7380952380952381,0.03655276105286072,TRUE,1,1.4315386019072684,Hebei,0.979122990444698,0.8334416432151582
all_years,wastewater influent,sulfonamides,K. pneumoniae | Cefotaxime,freshwater_aquatic_products_2024,9,3,30,9,1,2016,2024,-0.21666666666666667,0.5755148957119254,-0.05,0.89835280435063,0.8007374029168087,0,-0.6333333333333333,0.06708578689234561,0.5,0.17047066078705375,TRUE,0.8888888888888888,1.5494505494505495,Shanxi,0.9725336301598146,0.9842154623604513
all_years,wastewater influent,sulfonamides,E. coli | Cefoxitin,freshwater_aquatic_products_2024,9,3,30,9,1,2016,2024,0.21666666666666667,0.5755148957119259,-0.11666666666666667,0.765007942926146,0.8007374029168087,0,-0.6333333333333333,0.06708578689234561,-0.5833333333333334,0.09918581647988328,TRUE,0.8888888888888888,1.5494505494505495,Guangdong,0.9725336301598146,0.9760848906711721
all_years,wastewater influent,sulfonamides,P. aeruginosa | Ceftazidime,freshwater_aquatic_products_2024,9,3,30,9,1,2016,2024,0.21666666666666667,0.5755148957119259,0.3333333333333333,0.3807131816768637,0.8007374029168087,0,-0.6333333333333333,0.06708578689234561,-0.016666666666666666,0.9660548039946862,TRUE,0.8888888888888888,1.3296703296703298,Guangdong,0.9725336301598146,0.941610697038996
all_years,wastewater influent,sulfonamides,P. aeruginosa | Piperacillin,freshwater_aquatic_products_2024,9,3,30,9,1,2016,2024,0.21666666666666667,0.5755148957119259,0.4,0.28610510190831273,0.8007374029168087,0,-0.6333333333333333,0.06708578689234561,0.2,0.6059012741795533,FALSE,0.8888888888888888,1.3296703296703298,Guangdong,0.9725336301598146,0.8969656318280155
all_years,sediment,fluoroquinolones,S. aureus | Amikacin,urban_env_infra_investment_2024,23,3,950,128,2,2007,2025,-0.21640316205533597,0.32130769845690044,-0.21245059288537552,0.330439591552701,0.025862178954528397,0.2654973649538867,-0.3616600790513834,0.08994509168798827,0.34881422924901184,0.10283305097355999,TRUE,1,0.5120678408349639,Tianjin,0.9298191635785594,0.9248305921258484
all_years,sludge,fluoroquinolones,K. pneumoniae | Ampicillin,sewage_disposal_capacity_2024,16,3,149,31,2,2005,2017,-0.21630223059527534,0.421039859750335,-0.3529411764705882,0.17995865788498142,0.06923543109736396,0.25696039035591295,0.41334467353480697,0.11152120896786284,0.47941176470588237,0.060239302504315966,FALSE,1,0.7001071272563328,Heilongjiang,0.9606720658320372,0.8521945107646086
all_years,sediment,other,E. coli | Ertapenem,LivestockAquacultureIndex,7,2,19,10,1,2008,2018,-0.21622499104693413,0.6414455093539178,NA,NA,0.3724558699813696,0,-0.10811249552346708,0.8175332656241181,-0.5357142857142857,0.21521745567801281,FALSE,0.7142857142857143,1.6606874726434098,Shanghai,0.985139664720586,NA
all_years,sediment,other,P. aeruginosa | Amikacin,WastewaterHealthIndex,7,2,19,10,1,2008,2018,-0.21622499104693413,0.6414455093539178,NA,NA,0.3724558699813696,0,-0.4,0.37393392381774704,-0.16216874328520062,0.7282995630820224,FALSE,1,2.8319873413317773,Shandong,0.985139664720586,NA
all_years,sediment,diaminopyrimidines,E. coli | Gentamicin,milk_output_2024,18,3,122,45,2,2008,2020,0.21568627450980393,0.3900270258208052,0.27554179566563464,0.26842513138906204,0.01039862314664235,0.47547758284600455,-0.07327141382868937,0.7726309674360763,0.7254901960784313,6.55434371442637e-4,FALSE,1,0.6818181818181818,Zhejiang,0.9582118561710397,0.8969656318280155
all_years,sludge,sulfonamides,K. pneumoniae | Ciprofloxacin,grp_per_capita_2024,16,3,143,28,1,2005,2017,-0.21492220347022017,0.4240814313032367,-0.25,0.3503914791072017,0.6133729962850374,0,-0.3162426708204668,0.23275560389798974,0.7,0.002535094604431932,TRUE,1,0.5939724901389383,Guangdong,0.9606720658320372,0.9268335373285431
all_years,sludge,sulfonamides,S. aureus | Amikacin,milk_output_2024,16,3,143,28,1,2005,2017,-0.21492220347022017,0.4240814313032367,-0.2676470588235294,0.3162544185483094,0.6133729962850374,0,-0.024562537539453734,0.928054318697964,0.4852941176470588,0.05671771428191196,TRUE,1,0.6990695774008463,Gansu,0.9606720658320372,0.9180513702300525
all_years,sediment,lincosamides,K. pneumoniae | Ampicillin,large_animals_year_end_2024,13,3,26,22,1,2010,2018,0.21458067067348452,0.48143708867618085,0.4120879120879121,0.16175105277252627,0.2592759711301179,0.06997245179063301,-0.327373074489034,0.27488966062773995,-0.3241758241758242,0.27988186889313993,TRUE,1,1.024070523251673,Hubei,0.9606720658320372,0.8334416432151582
all_years,sediment,tetracyclines,S. aureus | Erythromycin,milk_output_2024,23,3,693,129,2,2004,2025,-0.21447986817361625,0.32573196321418463,-0.17391304347826086,0.42741609739663655,0.06310630550908343,0.17629345855989417,-0.30343465220875665,0.15927575726801604,0.6818181818181818,3.39693233126741e-4,TRUE,1,0.40748401639239284,Guangdong,0.9323150863286164,0.9479489788776115
all_years,wastewater effluent,fluoroquinolones,E. coli | Ampicillin,freshwater_aquatic_products_2024,13,3,34,15,1,2016,2024,-0.2142857142857143,0.4820544547023682,-0.11538461538461539,0.7073898735142602,0.28932970799328467,0.04803767660910481,-0.6978021978021978,0.00800071741122648,0.44505494505494503,0.12752383613843682,TRUE,1,0.8694638694638694,Beijing,0.9606720658320372,0.9729669155213013
all_years,wastewater effluent,fluoroquinolones,P. aeruginosa | Imipenem,total_aquatic_products_2024,13,3,34,15,1,2016,2024,-0.2142857142857143,0.4820544547023682,-0.19780219780219782,0.5171309114848301,0.28932970799328467,0.04803767660910481,-0.6758241758241759,0.011225245577668611,0.21428571428571427,0.4820544547023683,TRUE,1,1.5454545454545456,Beijing,0.9606720658320372,0.9606462350922552
all_years,surface water,tetracyclines,E. coli | Gentamicin,grp_per_capita_2024,15,2,42,17,1,2015,2024,0.21428571428571425,0.44314093482351435,0.03928571428571428,0.8894459296739486,1,0,-0.49642857142857144,0.059797413749923985,-0.40714285714285714,0.1320126637798535,TRUE,1,0.7435897435897435,Henan,0.9606720658320372,0.9842154623604513
all_years,sediment,beta-lactams,S. aureus | Rifampicin,LivestockAquacultureIndex,7,3,34,15,1,2012,2018,0.21428571428571422,0.6445115810207204,NA,NA,0.8983973213480706,0,-0.14285714285714285,0.7599453002180931,0.6428571428571429,0.11939237342741121,FALSE,1,2.3333333333333344,Hubei,0.985139664720586,NA
all_years,sediment,beta-lactams,E. coli | Cefotaxime,LivestockAquacultureIndex,7,3,34,15,1,2012,2018,-0.21428571428571422,0.6445115810207208,NA,NA,0.8983973213480706,0,-0.14285714285714285,0.7599453002180931,-0.35714285714285715,0.4316113520383278,FALSE,0.8571428571428571,2.2000000000000006,Jiangxi,0.985139664720586,NA
all_years,sediment,beta-lactams,E. coli | Meropenem,EconomicScaleIndex,7,3,34,15,1,2012,2018,-0.21428571428571422,0.6445115810207208,NA,NA,0.8983973213480706,0,-0.14285714285714285,0.7599453002180931,0.6785714285714286,0.09375025395983154,TRUE,0.7142857142857143,1.533333333333334,Hubei,0.985139664720586,NA
all_years,sediment,beta-lactams,K. pneumoniae | Ceftriaxone,EconomicScaleIndex,7,3,34,15,1,2012,2018,-0.21428571428571422,0.6445115810207208,NA,NA,0.8983973213480706,0,-0.14285714285714285,0.7599453002180931,0.6785714285714286,0.09375025395983154,TRUE,0.7142857142857143,1.533333333333334,Hubei,0.985139664720586,NA
all_years,sediment,beta-lactams,P. aeruginosa | Levofloxacin,EconomicScaleIndex,7,3,34,15,1,2012,2018,-0.21428571428571422,0.6445115810207208,NA,NA,0.8983973213480706,0,-0.14285714285714285,0.7599453002180931,0.39285714285714285,0.38331687042697277,TRUE,0.8571428571428571,1.4000000000000001,Shanghai,0.985139664720586,NA
all_years,sediment,beta-lactams,S. aureus | Clindamycin,WastewaterHealthIndex,7,3,34,15,1,2012,2018,-0.21428571428571422,0.6445115810207208,NA,NA,0.8983973213480706,0,0.14547859349066158,0.7556330131047917,-0.5637295497763136,0.187496331547801,TRUE,0.8571428571428571,2.0666666666666678,Shaanxi,0.985139664720586,NA
all_years,surface water,diaminopyrimidines,K. pneumoniae | Imipenem,LivestockAquacultureIndex,7,2,9,8,1,2018,2024,-0.21428571428571422,0.6445115810207208,NA,NA,NA,NA,-0.5714285714285714,0.18020198891152778,0.4642857142857143,0.2939341076002518,TRUE,0.8571428571428571,2.2000000000000006,Tibet,0.985139664720586,NA
all_years,sediment,diaminopyrimidines,E. coli | Tigecycline,grp_2024,18,3,122,45,2,2008,2020,0.21362229102167182,0.3946884572555506,0.24871001031991744,0.3196452177777289,0.01039862314664235,0.47547758284600455,-0.32507739938080493,0.18808478142236898,-0.37874097007223945,0.12116422586370826,TRUE,1,0.95048309178744,Guangdong,0.9582118561710397,0.918259018349724
all_years,sediment,fluoroquinolones,E. coli | Amikacin,urban_env_infra_investment_2024,23,3,950,128,2,2007,2025,-0.21343873517786563,0.3281421718767421,-0.12450592885375494,0.5713796382480377,0.025862178954528397,0.2654973649538867,-0.3616600790513834,0.08994509168798827,0.4762845849802372,0.021590042575246216,TRUE,1,0.7116402116402119,Qinghai,0.9323150863286164,0.9606462350922552
all_years,sediment,phenicols,E. coli | Cefepime,grp_per_capita_2024,14,3,58,25,1,2006,2020,-0.21318681318681318,0.464302820039745,-0.44175824175824174,0.11377750302872344,0.20022103787458767,0.11060606060606078,-0.6263736263736264,0.016541935428871186,-0.07692307692307693,0.7938058883554533,FALSE,1,0.8814432989690724,Jilin,0.9606720658320372,0.8138668527285788
all_years,soil,fluoroquinolones,K. pneumoniae | Cefoxitin,hospitals_count_2024,23,3,318,64,2,2006,2020,-0.21260821669305033,0.3300724730802812,-0.3685770750988142,0.08352519372717142,0.9845108143090242,0,-0.5305316663061466,0.00920503544877101,0.3339920948616601,0.11933740941269359,TRUE,1,0.5390336235834899,Fujian,0.9323150863286164,0.7507306204313801
all_years,soil,sulfonamides,K. pneumoniae | Aztreonam,EconomicScaleIndex,20,3,313,56,2,2006,2019,0.21250996280716292,0.36837809282064515,-0.10676691729323308,0.6541415450094847,0.22138678024989444,0.059746349446122726,0.5737461236962149,0.008166765310944247,0.41776466222918157,0.06682318290621815,TRUE,1,0.8292961532472335,Chongqing,0.9582118561710397,0.9729669155213013
all_years,sediment,tetracyclines,S. aureus | Levofloxacin,sewage_disposal_capacity_2024,23,3,693,129,2,2004,2025,-0.2125030951950576,0.33031728228736723,-0.10869565217391304,0.6215302402954626,0.06310630550908343,0.17629345855989417,-0.1966889113665882,0.3683784798353149,0.6413043478260869,9.744185569798843e-4,TRUE,1,0.815346489849448,Qinghai,0.9323150863286164,0.9642670806230015
all_years,soil,tetracyclines,E. coli | Cefuroxime,hospitals_count_2024,24,3,312,68,2,2007,2022,-0.2121739130434782,0.3195712222886813,-0.14260869565217388,0.5062092339528539,0.48567178524771265,0,-0.35391304347826086,0.0897584560898227,0.44173913043478263,0.030686519885684074,TRUE,1,0.6766020864381523,Liaoning,0.927375536297489,0.9606462350922552
all_years,wastewater effluent,macrolides,A. baumannii | Gentamicin,milk_output_2024,10,3,27,10,1,2018,2024,0.2121212121212121,0.5563057751029297,0.4666666666666666,0.17393859716506646,0.09424870603515988,0.3890909090909095,0.47878787878787876,0.16152292801745585,-0.28484848484848485,0.4250381548921457,FALSE,0.9,1.0785714285714285,Zhejiang,0.9661021735045727,0.8507301600285916
all_years,wastewater effluent,macrolides,A. baumannii | Imipenem,chemical_fertilizers_2024,10,3,27,10,1,2018,2024,0.2121212121212121,0.5563057751029297,0.47878787878787876,0.16152292801745585,0.09424870603515988,0.3890909090909095,0.5151515151515151,0.1275528697032343,0.2606060606060606,0.4670890543863403,TRUE,0.9,1.2357142857142858,Zhejiang,0.9661021735045727,0.8334416432151582
all_years,sediment,lincosamides,K. pneumoniae | Cefotaxime,large_animals_year_end_2024,13,3,26,22,1,2010,2018,0.21182963643408087,0.4872094773053046,0.17032967032967034,0.5779754288392669,0.2592759711301179,0.06997245179063301,-0.327373074489034,0.27488966062773995,-0.532967032967033,0.060736503065617724,TRUE,1,1.0999625684259604,Zhejiang,0.9606720658320372,0.9606462350922552
all_years,soil,macrolides,K. pneumoniae | Nitrofurantoin,EconomicScaleIndex,20,3,104,34,2,2006,2020,-0.21172363150504153,0.37019445950939234,-0.3699248120300752,0.10840956155377525,0.3132637601270729,0.018907030492805205,0.1483181013783609,0.5325906529127041,0.6410837029272318,0.0023188507499588198,FALSE,1,0.6246430270491075,Tibet,0.9582118561710397,0.7936000913742383
all_years,sediment,diaminopyrimidines,K. pneumoniae | Trimethoprim/Sulfamethoxazole,sewage_disposal_capacity_2024,18,3,122,45,2,2008,2020,0.21155830753353974,0.39938013616939927,0.16202270381836945,0.5206651056985048,0.01039862314664235,0.47547758284600455,-0.20743034055727555,0.4088537259590218,0.3126934984520124,0.20645364174383657,FALSE,1,1.0737804878048782,Tianjin,0.9600073326638768,0.9606462350922552
all_years,sediment,tetracyclines,P. aeruginosa | Piperacillin,milk_output_2024,23,3,693,129,2,2004,2025,-0.21151470870577824,0.33262437933710776,-0.06027667984189724,0.7846962247332139,0.06310630550908343,0.17629345855989417,-0.30343465220875665,0.15927575726801604,0.36363636363636365,0.08807448930807432,TRUE,1,0.42588093010980455,Guizhou,0.9323150863286164,0.9790308110019469
all_years,sediment,macrolides,P. aeruginosa | Levofloxacin,grp_2024,23,3,430,93,2,2008,2025,-0.21146245059288535,0.3327466281567715,-0.06422924901185771,0.7709325113831808,0.003177020108859277,0.4751811594202898,-0.37351778656126483,0.07915444117090965,0.6195652173913043,0.0016168374564801112,TRUE,1,0.42056074766355117,Tibet,0.9323150863286164,0.9760848906711721
all_years,soil,sulfonamides,K. pneumoniae | Cefazolin,EconomicScaleIndex,20,3,313,56,2,2006,2019,0.2110027999503745,0.371863983124729,-0.05413533834586466,0.8206745196973445,0.22138678024989444,0.059746349446122726,0.5737461236962149,0.008166765310944247,0.26721883800244944,0.25472185222628535,TRUE,1,0.7006423578540218,Chongqing,0.9582118561710397,0.9842154623604513
all_years,sludge,diaminopyrimidines,E. coli | Ampicillin,grp_per_capita_2024,13,3,19,17,1,2010,2017,-0.21094742059492727,0.4890673406297381,0.17032967032967034,0.5779754288392669,0.8019823386358851,0,0.1502639160402222,0.6241398313903299,-0.8956043956043956,3.480972994482087e-5,TRUE,1,1.6716702266605032,Gansu,0.9606720658320372,0.9606462350922552
all_years,surface water,fluoroquinolones,A. baumannii | Tigecycline,chemical_fertilizers_2024,15,3,77,21,1,2015,2024,0.2107142857142857,0.45095786521528547,0.3428571428571428,0.21092379341475206,0.27743910513984715,0.014965986394557854,0.4107142857142857,0.1283286460157489,0.5,0.05769884126896005,TRUE,1,0.9295958279009129,Hubei,0.9606720658320372,0.8680942753677526
all_years,soil,fluoroquinolones,E. coli | Meropenem,sewage_disposal_capacity_2024,23,3,318,64,2,2006,2020,-0.2106304658400917,0.3346965312317842,-0.26976284584980237,0.21319580617720324,0.9845108143090242,0,-0.2793573079804033,0.196731172213068,0.6907114624505929,2.636929969771577e-4,TRUE,1,0.4929039764665068,Ningxia,0.9323150863286164,0.8681380821706243
all_years,sediment,macrolides,K. pneumoniae | Ertapenem,grp_2024,23,3,430,93,2,2008,2025,-0.21047430830039526,0.33506327271090686,-0.12747035573122528,0.5621792565433881,0.003177020108859277,0.4751811594202898,-0.37351778656126483,0.07915444117090965,0.4515810276679842,0.030536525594998795,TRUE,1,0.43393695506371555,Tibet,0.9323150863286164,0.9606462350922552
all_years,sediment,sulfonamides,E. coli | Meropenem,grp_2024,24,3,1061,135,2,2008,2025,-0.21004566706588723,0.32456282821748617,-0.1260869565217391,0.5571544076689685,0.0015521231748156271,0.520774428109915,-0.23961731377495624,0.2594293755011346,0.6104347826086957,0.001535557399601195,TRUE,1,0.519902031290576,Guangdong,0.9323150863286164,0.9606462350922552
all_years,sediment,tetracyclines,P. aeruginosa | Amikacin,urban_env_infra_investment_2024,23,3,693,129,2,2004,2025,-0.21003212897185922,0.33610304672548397,-0.1482213438735178,0.49970970261304004,0.06310630550908343,0.17629345855989417,-0.35334816991736323,0.09813788776686909,0.36561264822134387,0.08623309028498714,TRUE,1,0.8232576544680327,Qinghai,0.9323150863286164,0.9606462350922552
all_years,sediment,macrolides,P. aeruginosa | Ceftazidime,grp_2024,23,3,430,93,2,2008,2025,-0.20948616600790515,0.33738951585344035,-0.12648221343873517,0.5652386723187266,0.003177020108859277,0.4751811594202898,-0.37351778656126483,0.07915444117090965,0.36561264822134387,0.08623309028498714,TRUE,1,0.42048517520215634,Guangdong,0.9323150863286164,0.9606462350922552
all_years,sediment,macrolides,E. coli | Cefotaxime,milk_output_2024,23,3,430,93,2,2008,2025,0.20948616600790515,0.3373895158534407,0.36363636363636365,0.08807448930807432,0.003177020108859277,0.4751811594202898,0.21936758893280633,0.31456006390749924,0.6007905138339921,0.002432928530561338,TRUE,1,0.38274932614555285,Tianjin,0.9323150863286164,0.7507306204313801
all_years,sediment,macrolides,E. coli | Gentamicin,milk_output_2024,23,3,430,93,2,2008,2025,0.20948616600790515,0.3373895158534407,0.325098814229249,0.13011856167333397,0.003177020108859277,0.4751811594202898,0.21936758893280633,0.31456006390749924,0.6156126482213439,0.0017658182140105185,TRUE,1,0.4150943396226414,Zhejiang,0.9323150863286164,0.818563978423839
all_years,wastewater influent,fluoroquinolones,E. coli | Ceftriaxone,milk_output_2024,11,3,44,12,1,2016,2024,0.20909090909090908,0.5372209352113229,0.6818181818181818,0.020842853610945105,0.07495187103951058,0.3977272727272725,0.2909090909090909,0.38545696969136556,0.4636363636363636,0.15090149929248606,TRUE,1,1,Anhui,0.9606720658320372,0.5217687382956994
all_years,wastewater influent,fluoroquinolones,P. aeruginosa | Meropenem,large_animals_year_end_2024,11,3,44,12,1,2016,2024,-0.20909090909090908,0.5372209352113234,0.018181818181818184,0.9576852410216187,0.07495187103951058,0.3977272727272725,0.15454545454545454,0.65003396549758,-0.6727272727272727,0.023313039833185997,TRUE,1,1.9275362318840572,Beijing,0.9606720658320372,0.9867239251522226
all_years,wastewater effluent,fluoroquinolones,E. coli | Nitrofurantoin,total_aquatic_products_2024,13,3,34,15,1,2016,2024,0.2087912087912088,0.493621819356885,0.24725274725274726,0.41540511972553806,0.28932970799328467,0.04803767660910481,-0.6758241758241759,0.011225245577668611,-0.45054945054945056,0.12233188767803571,TRUE,0.9230769230769231,1.0334928229665072,Zhejiang,0.9606720658320372,0.9479489788776115
all_years,sludge,sulfonamides,K. pneumoniae | Cefotaxime,grp_per_capita_2024,16,3,143,28,1,2005,2017,-0.20878156908535672,0.43775268596788575,-0.12941176470588234,0.63288233246826,0.6133729962850374,0,-0.3162426708204668,0.23275560389798974,0.6617647058823529,0.005233753301327506,TRUE,1,0.821167664072769,Guangdong,0.9606720658320372,0.964676439382213
all_years,soil,fluoroquinolones,S. aureus | Erythromycin,hospitals_count_2024,23,3,318,64,2,2006,2020,-0.20865271498713311,0.3393590463733914,-0.25691699604743085,0.23664567701812353,0.9845108143090242,0,-0.5305316663061466,0.00920503544877101,0.2826086956521739,0.19135298363055442,TRUE,1,0.5017806556836403,Jilin,0.9323618109051564,0.8756506136724482
all_years,sludge,tetracyclines,K. pneumoniae | Aztreonam,grp_2024,14,3,77,19,2,2004,2020,0.20816659994661324,0.4751328077747803,0.34505494505494505,0.22694868004170052,0.30098512187415105,0.03648989898989916,0.2516299559794226,0.38549252799635003,0.6351648351648351,0.014657881327289188,TRUE,1,0.8734328212374507,Shanghai,0.9606720658320372,0.8756506136724482
all_years,sludge,diaminopyrimidines,A. baumannii | Gentamicin,pork_output_2024,13,3,19,17,1,2010,2017,-0.2080577299018461,0.49517553134458403,0.12087912087912088,0.6940473279966857,0.8019823386358851,0,-0.7166432918841367,0.005846431266760286,0.5274725274725275,0.06395489148355481,TRUE,1,0.6232827025873297,Beijing,0.9606720658320372,0.9729669155213013
all_years,sludge,diaminopyrimidines,A. baumannii | Tigecycline,hogs_year_end_2024,13,3,19,17,1,2010,2017,0.2080577299018461,0.49517553134458403,0.1813186813186813,0.5532950092839335,0.8019823386358851,0,-0.7050845291118119,0.007106491488108418,0.11538461538461539,0.7073898735142602,FALSE,1,0.829769730290113,Hunan,0.9606720658320372,0.9606462350922552
all_years,sediment,macrolides,P. aeruginosa | Cefepime,grp_2024,23,3,430,93,2,2008,2025,-0.2075098814229249,0.34207075853531943,-0.045454545454545456,0.8368364960931192,0.003177020108859277,0.4751811594202898,-0.37351778656126483,0.07915444117090965,0.40118577075098816,0.057786798317303614,TRUE,1,0.45850340136054407,Tibet,0.933770076690037,0.9842154623604513
all_years,soil,sulfonamides,S. aureus | Tetracycline,urban_share_2024,20,3,313,56,2,2006,2019,-0.20723489280840351,0.3806600377835191,-0.11428571428571428,0.631391730518438,0.22138678024989444,0.059746349446122726,0.5094210455944755,0.021775408416415995,-0.30526315789473685,0.19060938739632305,TRUE,1,0.5533139824677376,Shanxi,0.9582118561710397,0.9643538787526716
all_years,soil,tetracyclines,K. pneumoniae | Cefuroxime,grp_2024,24,3,312,68,2,2007,2022,0.2069565217391304,0.33189156768314676,0.3269565217391304,0.11888708485840496,0.48567178524771265,0,-0.15130434782608695,0.4803459029793672,0.6086956521739131,0.0015973786342728998,FALSE,1,0.46103896103896114,Henan,0.9323150863286164,0.8138668527285788
all_years,sediment,lincosamides,P. aeruginosa | Ciprofloxacin,large_animals_year_end_2024,13,3,26,22,1,2010,2018,0.20632756795527357,0.49884932764689505,0.03296703296703297,0.9148564744875125,0.2592759711301179,0.06997245179063301,-0.327373074489034,0.27488966062773995,-0.5934065934065934,0.03252444027009681,TRUE,1,0.7285298333021,Anhui,0.9606720658320372,0.9842154623604513
all_years,soil,sulfonamides,S. aureus | Trimethoprim/Sulfamethoxazole,EconomicScaleIndex,20,3,313,56,2,2006,2019,-0.20572772995161515,0.38421086491683676,-0.05714285714285714,0.8108800461568322,0.22138678024989444,0.059746349446122726,0.5737461236962149,0.008166765310944247,-0.37184818584002827,0.10644413506368465,TRUE,1,0.7485236912073777,Liaoning,0.9582118561710397,0.9842154623604513
all_years,sludge,sulfonamides,E. coli | Trimethoprim/Sulfamethoxazole,grp_per_capita_2024,16,3,143,28,1,2005,2017,0.20571125189292502,0.44467166924028,0.041176470588235294,0.8796536149318313,0.6133729962850374,0,-0.3162426708204668,0.23275560389798974,-0.8705882352941177,1.1498934802741636e-5,TRUE,1,0.9764526858209569,Heilongjiang,0.9606720658320372,0.9842154623604513
all_years,soil,tetracyclines,P. aeruginosa | Ciprofloxacin,hospitals_count_2024,24,3,312,68,2,2007,2022,-0.2052173913043478,0.3360608896745527,-0.18086956521739125,0.39767420741690407,0.48567178524771265,0,-0.35391304347826086,0.0897584560898227,0.39043478260869563,0.0592575096993988,TRUE,1,0.6467642526964563,Liaoning,0.9323150863286164,0.9479489788776115
all_years,sludge,diaminopyrimidines,P. aeruginosa | Tobramycin,pork_output_2024,13,3,19,17,1,2010,2017,0.20516803920876492,0.5013183667537315,0.09340659340659342,0.7615000227827015,0.8019823386358851,0,-0.7166432918841367,0.005846431266760286,-0.13736263736263737,0.6545168402947127,TRUE,1,1.2557558895374383,Hebei,0.9606720658320372,0.9760848906711721
all_years,sediment,tetracyclines,A. baumannii | Tobramycin,urban_env_infra_investment_2024,23,3,693,129,2,2004,2025,-0.20459600328082286,0.34904267737979966,-0.16897233201581027,0.44086172206576324,0.06310630550908343,0.17629345855989417,-0.35334816991736323,0.09813788776686909,0.45652173913043476,0.02854513452470051,TRUE,1,0.8413348567124308,Qinghai,0.9432546101135467,0.9535880891790752
all_years,surface water,sulfonamides,K. pneumoniae | Cefuroxime,chemical_fertilizers_2024,14,3,49,15,1,2013,2024,0.20439560439560442,0.4833462230422234,0.23076923076923075,0.4273358616774501,0.07898257926378309,0.18961038961038862,-0.4153846153846154,0.1396659475175257,0.1912087912087912,0.5125839704707784,FALSE,1,0.9731182795698924,Tibet,0.9606720658320372,0.9479489788776115
all_years,sediment,phenicols,E. coli | Cefazolin,milk_output_2024,14,3,58,25,1,2006,2020,-0.20439560439560442,0.48334622304222363,-0.24835164835164833,0.3919195389384572,0.20022103787458767,0.11060606060606078,-0.23956043956043957,0.4094298928517326,0.7318681318681318,0.002924630946811924,TRUE,1,0.8279569892473119,Jilin,0.9606720658320372,0.9479489788776115
all_years,surface water,sulfonamides,K. pneumoniae | Gentamicin,LivestockAquacultureIndex,14,3,49,15,1,2013,2024,-0.20439560439560442,0.48334622304222363,-0.2087912087912088,0.47377883730981396,0.07898257926378309,0.18961038961038862,-0.4862489191020163,0.07789960750661203,0.655665963314031,0.010900702611398465,TRUE,1,0.9731182795698924,Tibet,0.9606720658320372,0.9606462350922552
all_years,sediment,tetracyclines,A. baumannii | Gentamicin,urban_env_infra_investment_2024,23,3,693,129,2,2004,2025,-0.20410181003618322,0.35023334526430316,-0.0958498023715415,0.6635269596839088,0.06310630550908343,0.17629345855989417,-0.35334816991736323,0.09813788776686909,0.5424901185770751,0.007485442004559349,TRUE,1,0.8430259883333572,Qinghai,0.9436356964813443,0.9729669155213013
all_years,sludge,tetracyclines,K. pneumoniae | Cefepime,grp_2024,14,3,77,19,2,2004,2020,0.20359150983789648,0.4851061880842109,0.45054945054945056,0.10593278527264058,0.30098512187415105,0.03648989898989916,0.2516299559794226,0.38549252799635003,0.6263736263736264,0.016541935428871186,TRUE,1,0.7767257369951005,Shanghai,0.9606720658320372,0.7856392140547968
all_years,sediment,sulfonamides,K. pneumoniae | Ertapenem,large_animals_year_end_2024,24,3,1061,135,2,2008,2025,-0.20352250970359262,0.34015413663786287,-0.11217391304347825,0.601772453267223,0.0015521231748156271,0.520774428109915,0.3309415168470811,0.1141958009148479,-0.37217391304347824,0.07330810943110254,TRUE,1,0.656032019923075,Hainan,0.9323618109051564,0.9606462350922552
all_years,sediment,diaminopyrimidines,S. aureus | Rifampicin,urban_share_2024,18,3,122,45,2,2008,2020,0.20330237358101136,0.41844673347196293,0.023735810113519093,0.9255178937138382,0.01039862314664235,0.47547758284600455,0.28586171310629516,0.2501695935454805,-0.41382868937048506,0.08778525139466078,FALSE,1,0.904822335025381,Tianjin,0.9606720658320372,0.9853330220901917
all_years,sediment,sulfonamides,E. coli | Trimethoprim/Sulfamethoxazole,grp_per_capita_2024,24,3,1061,135,2,2008,2025,0.2030876325461063,0.34120916105427856,0.2834782608695652,0.17948344297550767,0.0015521231748156271,0.520774428109915,-0.13568167313572838,0.5272878957053024,-0.7121739130434782,9.472781615467524e-5,TRUE,1,0.4086840397818113,Fujian,0.9323618109051564,0.8521945107646086
all_years,soil,sulfonamides,K. pneumoniae | Meropenem,EconomicScaleIndex,20,3,313,56,2,2006,2019,0.20271340423803835,0.3913677929497076,-0.14586466165413534,0.5394664944297438,0.22138678024989444,0.059746349446122726,0.5737461236962149,0.008166765310944247,0.520888551824493,0.018526723312380526,TRUE,1,0.5445734950696925,Chongqing,0.9582118561710397,0.9606462350922552
all_years,sludge,sulfonamides,K. pneumoniae | Cefuroxime,grp_per_capita_2024,16,3,143,28,1,2005,2017,-0.2026409347004933,0.45164562689402876,-0.24705882352941175,0.35627504151257705,0.6133729962850374,0,-0.3162426708204668,0.23275560389798974,0.6588235294117647,0.005511422336343709,TRUE,1,0.6348435796296804,Heilongjiang,0.9606720658320372,0.9268335373285431
all_years,soil,phenicols,A. baumannii | Amikacin,hospital_beds_2024,10,3,22,13,1,2007,2016,0.20246922931615008,0.5748125526418608,0.6,0.066688,0.17609777149412834,0.11860744297719157,-0.5705951008000594,0.08497172598894799,0.5151515151515151,0.1275528697032343,FALSE,1,1.4385343532618171,Henan,0.9725336301598146,0.7507306204313801
all_years,soil,phenicols,A. baumannii | Minocycline,grp_per_capita_2024,10,3,22,13,1,2007,2016,0.20246922931615008,0.5748125526418608,0.11515151515151514,0.7514196523258485,0.17609777149412834,0.11860744297719157,0.7669288989248111,0.009638359377523338,0.44242424242424244,0.20042268671194216,TRUE,0.9,1.3348970635740571,Shanghai,0.9725336301598146,0.9760417777324718
all_years,soil,phenicols,S. aureus | Gentamicin,LivestockAquacultureIndex,10,3,22,13,1,2007,2016,0.20246922931615008,0.5748125526418608,0.36969696969696964,0.2930500752928225,0.17609777149412834,0.11860744297719157,-0.791470623690405,0.0063770841870565975,-0.41818181818181815,0.22911284098281884,TRUE,0.9,1.344279445018399,Guangdong,0.9725336301598146,0.9024732535006884
all_years,soil,phenicols,E. coli | Ceftriaxone,milk_output_2024,10,3,22,13,1,2007,2016,-0.20246922931615008,0.5748125526418609,0.43030303030303024,0.21449233253280775,0.17609777149412834,0.11860744297719157,-0.7301163117764201,0.01650624549810055,0.6121212121212121,0.05997214247725528,TRUE,1,0.8419338496573138,Shandong,0.9725336301598146,0.8681380821706243
all_years,soil,phenicols,E. coli | Cefuroxime,milk_output_2024,10,3,22,13,1,2007,2016,-0.20246922931615008,0.5748125526418609,0.43030303030303024,0.21449233253280775,0.17609777149412834,0.11860744297719157,-0.7301163117764201,0.01650624549810055,0.6121212121212121,0.05997214247725528,TRUE,1,0.8419338496573138,Shandong,0.9725336301598146,0.8681380821706243
all_years,soil,phenicols,P. aeruginosa | Piperacillin,milk_output_2024,10,3,22,13,1,2007,2016,-0.20246922931615008,0.5748125526418609,0.2848484848484848,0.42503815489214547,0.17609777149412834,0.11860744297719157,-0.7301163117764201,0.01650624549810055,0.5757575757575758,0.08155281477260244,TRUE,0.9,1.1768309132313706,Shandong,0.9725336301598146,0.9479489788776115
all_years,sludge,macrolides,P. aeruginosa | Cefepime,sewage_pipe_length_2024,14,3,77,25,1,2005,2017,-0.20246231992889688,0.48758278366270613,-0.2703296703296703,0.3499193863496043,0.8556343441410651,0,0.4204986644677089,0.13436459633396483,0.2571428571428571,0.3748119038799703,FALSE,1,0.9128720021302429,Qinghai,0.9606720658320372,0.9268335373285431
all_years,sludge,diaminopyrimidines,P. aeruginosa | Meropenem,hogs_year_end_2024,13,3,19,17,1,2010,2017,0.2022783485156837,0.5074955151543306,0.11538461538461539,0.7073898735142602,0.8019823386358851,0,-0.7050845291118119,0.007106491488108418,-0.2032967032967033,0.5053147342962486,TRUE,1,1.5278499467201225,Gansu,0.9606720658320372,0.9729669155213013
all_years,sludge,diaminopyrimidines,A. baumannii | Polymyxin B,hogs_year_end_2024,13,3,19,17,1,2010,2017,0.2022783485156837,0.5074955151543306,0.13736263736263737,0.6545168402947127,0.8019823386358851,0,-0.7050845291118119,0.007106491488108418,-0.4725274725274725,0.10298105029992834,TRUE,1,0.8523883242791169,Beijing,0.9606720658320372,0.9729669155213013
all_years,sludge,fluoroquinolones,S. aureus | Amikacin,sewage_disposal_capacity_2024,16,3,149,31,2,2005,2017,-0.20148700932162636,0.4542807861047473,-0.36764705882352944,0.1612323576755899,0.06923543109736396,0.25696039035591295,0.41334467353480697,0.11152120896786284,0.31176470588235294,0.23980004767411275,FALSE,1,0.6959419484682264,Tianjin,0.9606720658320372,0.8334416432151582
all_years,sludge,tetracyclines,K. pneumoniae | Ampicillin,population_2024,14,3,77,19,2,2004,2020,0.2013039647835381,0.49012948767881703,0.26593406593406593,0.35811340036478634,0.30098512187415105,0.03648989898989916,0.4140456548388681,0.14107667385991463,0.48131868131868133,0.08141829504280487,TRUE,1,0.9372998492341817,Shanghai,0.9606720658320372,0.9268335373285431
all_years,sediment,sulfonamides,S. aureus | Nitrofurantoin,large_animals_year_end_2024,24,3,1061,135,2,2008,2025,-0.20091324675867472,0.3465134466719946,-0.3269565217391304,0.11888708485840496,0.0015521231748156271,0.520774428109915,0.3309415168470811,0.1141958009148479,0.3826086956521739,0.06499969935694083,FALSE,1,0.4982141619184222,Tibet,0.9401878930325647,0.8138668527285788
all_years,sludge,macrolides,E. coli | Cefoxitin,milk_output_2024,14,3,77,25,1,2005,2017,-0.20023745927033756,0.49247973526847166,-0.2703296703296703,0.3499193863496043,0.8556343441410651,0,-0.34262854141813315,0.23045006637631998,0.643956043956044,0.012942152559322932,TRUE,1,0.920310948805194,Qinghai,0.9606720658320372,0.9268335373285431
all_years,sediment,phenicols,K. pneumoniae | Cefazolin,grp_per_capita_2024,14,3,58,25,1,2006,2020,-0.2,0.49300373504000006,-0.22197802197802197,0.4456296579536081,0.20022103787458767,0.11060606060606078,-0.6263736263736264,0.016541935428871186,0.35824175824175825,0.20849812479076696,TRUE,0.9285714285714286,1,Shanghai,0.9606720658320372,0.9535880891790752
all_years,wastewater influent,fluoroquinolones,A. baumannii | Aztreonam,population_2024,11,3,44,12,1,2016,2024,-0.2,0.5554454421055857,-0.22727272727272727,0.501535667604937,0.07495187103951058,0.3977272727272725,-0.2545454545454545,0.45003657688882903,-0.5,0.11730680301423815,FALSE,1,0.9090909090909091,Heilongjiang,0.9661021735045727,0.9606462350922552
all_years,wastewater influent,fluoroquinolones,E. coli | Polymyxin B,urban_share_2024,11,3,44,12,1,2016,2024,0.2,0.5554454421055857,-0.018181818181818184,0.9576852410216189,0.07495187103951058,0.3977272727272725,0.2727272727272727,0.41714143714253127,0.5909090909090909,0.055575604288774665,TRUE,0.8181818181818182,1.0909090909090908,Beijing,0.9661021735045727,0.9867239251522226
all_years,wastewater influent,sulfonamides,A. baumannii | Cefotaxime,freshwater_aquatic_products_2024,9,3,30,9,1,2016,2024,0.2,0.6059012741795533,0.45,0.2242161074923369,0.8007374029168087,0,-0.6333333333333333,0.06708578689234561,0.13333333333333333,0.7323675052362975,FALSE,0.8888888888888888,1.5000000000000004,Anhui,0.979122990444698,0.8756506136724482
all_years,wastewater influent,sulfonamides,A. baumannii | Polymyxin B,freshwater_aquatic_products_2024,9,3,30,9,1,2016,2024,-0.2,0.6059012741795533,-0.4166666666666667,0.26458604674749603,0.8007374029168087,0,-0.6333333333333333,0.06708578689234561,-0.45,0.22421610749233684,FALSE,1,1.8571428571428574,Shanxi,0.979122990444698,0.8919428282307541
all_years,surface water,diaminopyrimidines,A. baumannii | Polymyxin B,LivestockAquacultureIndex,6,2,9,8,1,2018,2024,0.19999999999999998,0.7040000000000001,NA,NA,NA,NA,-0.3142857142857143,0.5440932944606414,-0.8285714285714286,0.04156268221574345,TRUE,0.6666666666666666,1.4999999999999998,Guangxi,0.985139664720586,NA
all_years,wastewater effluent,sulfonamides,E. coli | Trimethoprim/Sulfamethoxazole,EconomicScaleIndex,6,2,13,7,1,2018,2022,0.19999999999999998,0.7040000000000001,NA,NA,NA,NA,-0.20291986247835694,0.699797968157019,-0.4058397249567139,0.42466250756136453,TRUE,0.6666666666666666,1.4999999999999998,Heilongjiang,0.985139664720586,NA
all_years,wastewater effluent,sulfonamides,K. pneumoniae | Amikacin,LivestockAquacultureIndex,6,2,13,7,1,2018,2022,-0.19999999999999998,0.7040000000000001,NA,NA,NA,NA,0.3188740696088466,0.5379005604702051,-0.6667366910003157,0.14808979944035283,TRUE,0.5,2.4999999999999996,Jiangxi,0.985139664720586,NA
all_years,wastewater effluent,sulfonamides,K. pneumoniae | Chloramphenicol,LivestockAquacultureIndex,6,2,13,7,1,2018,2022,-0.19999999999999998,0.7040000000000001,NA,NA,NA,NA,0.3188740696088466,0.5379005604702051,-0.3768511731740915,0.4614828403508043,TRUE,0.6666666666666666,1.4999999999999998,Anhui,0.985139664720586,NA
all_years,wastewater effluent,sulfonamides,K. pneumoniae | Tigecycline,EconomicScaleIndex,6,2,13,7,1,2018,2022,-0.19999999999999998,0.7040000000000001,NA,NA,NA,NA,-0.20291986247835694,0.699797968157019,0.4058397249567139,0.42466250756136453,TRUE,0.6666666666666666,1.4999999999999998,Heilongjiang,0.985139664720586,NA
all_years,wastewater effluent,sulfonamides,S. aureus | Clindamycin,EconomicScaleIndex,6,2,13,7,1,2018,2022,0.19999999999999998,0.7040000000000001,NA,NA,NA,NA,-0.20291986247835694,0.699797968157019,-0.4058397249567139,0.42466250756136453,TRUE,0.6666666666666666,1.4999999999999998,Heilongjiang,0.985139664720586,NA
all_years,wastewater effluent,sulfonamides,S. aureus | Trimethoprim/Sulfamethoxazole,EconomicScaleIndex,6,2,13,7,1,2018,2022,0.19999999999999998,0.7040000000000001,NA,NA,NA,NA,-0.20291986247835694,0.699797968157019,-0.4058397249567139,0.42466250756136453,TRUE,0.6666666666666666,1.4999999999999998,Heilongjiang,0.985139664720586,NA
all_years,surface water,tetracyclines,P. aeruginosa | Ciprofloxacin,chemical_fertilizers_2024,15,2,42,17,1,2015,2024,0.19999999999999996,0.4748139645221686,0.09642857142857142,0.7324528633867308,1,0,0.19285714285714287,0.49104870160522307,0.8464285714285714,6.923823609737207e-5,TRUE,1,0.923076923076923,Henan,0.9606720658320372,0.9729669155213013
all_years,wastewater effluent,macrolides,A. baumannii | Cefotaxime,freshwater_aquatic_products_2024,10,3,27,10,1,2018,2024,-0.19999999999999996,0.5795840000000001,-0.06666666666666667,0.8548130882487426,0.09424870603515988,0.3890909090909095,-0.4909090909090909,0.14965567342083683,0.6,0.066688,TRUE,1,1.6666666666666672,Zhejiang,0.9739177869158879,0.9842154623604513
all_years,wastewater effluent,macrolides,A. baumannii | Meropenem,milk_output_2024,10,3,27,10,1,2018,2024,0.19999999999999996,0.5795840000000001,0.39393939393939387,0.2599977668348876,0.09424870603515988,0.3890909090909095,0.47878787878787876,0.16152292801745585,-0.2727272727272727,0.44583834154275137,FALSE,0.9,1.3333333333333333,Zhejiang,0.9739177869158879,0.8871017830455327
all_years,wastewater effluent,macrolides,S. aureus | Rifampicin,large_animals_year_end_2024,10,3,27,10,1,2018,2024,-0.19999999999999996,0.5795840000000001,-0.5757575757575757,0.08155281477260244,0.09424870603515988,0.3890909090909095,0.4909090909090909,0.14965567342083677,0.47878787878787876,0.16152292801745585,FALSE,1,1.6666666666666672,Zhejiang,0.9739177869158879,0.7507306204313801
all_years,wastewater influent,macrolides,A. baumannii | Minocycline,LivestockAquacultureIndex,5,3,19,5,1,2018,2023,-0.19999999999999996,0.7470600781046621,NA,NA,NA,NA,-0.5642880936468347,0.3217233358243004,0.35909242322980395,0.5528147466433507,TRUE,NA,NA,,0.985139664720586,NA
all_years,wastewater influent,macrolides,E. coli | Tobramycin,LivestockAquacultureIndex,5,3,19,5,1,2018,2023,0.19999999999999996,0.7470600781046621,NA,NA,NA,NA,-0.5642880936468347,0.3217233358243004,0.6668859288553503,0.21889398131323154,FALSE,NA,NA,,0.985139664720586,NA
all_years,wastewater influent,macrolides,K. pneumoniae | Cefotetan,LivestockAquacultureIndex,5,3,19,5,1,2018,2023,0.19999999999999996,0.7470600781046621,NA,NA,NA,NA,-0.5642880936468347,0.3217233358243004,-0.4616902584383194,0.4337661561690281,TRUE,NA,NA,,0.985139664720586,NA
all_years,wastewater influent,macrolides,P. aeruginosa | Cefepime,LivestockAquacultureIndex,5,3,19,5,1,2018,2023,-0.19999999999999996,0.7470600781046621,NA,NA,NA,NA,-0.5642880936468347,0.3217233358243004,0.15389675281277312,0.8048288166080632,TRUE,NA,NA,,0.985139664720586,NA
all_years,wastewater influent,macrolides,P. aeruginosa | Ceftazidime,LivestockAquacultureIndex,5,3,19,5,1,2018,2023,-0.19999999999999996,0.7470600781046621,NA,NA,NA,NA,-0.5642880936468347,0.3217233358243004,0.15389675281277312,0.8048288166080632,TRUE,NA,NA,,0.985139664720586,NA
all_years,wastewater influent,macrolides,S. aureus | Amikacin,LivestockAquacultureIndex,5,3,19,5,1,2018,2023,-0.19999999999999996,0.7470600781046621,NA,NA,NA,NA,-0.5642880936468347,0.3217233358243004,0.15389675281277312,0.8048288166080632,TRUE,NA,NA,,0.985139664720586,NA
all_years,wastewater influent,macrolides,S. aureus | Nitrofurantoin,WastewaterHealthIndex,5,3,19,5,1,2018,2023,-0.19999999999999996,0.7470600781046621,NA,NA,NA,NA,0.2,0.7470600781046621,-1,1.1234123376434926e-23,TRUE,NA,NA,,0.985139664720586,NA
all_years,soil,macrolides,K. pneumoniae | Chloramphenicol,milk_output_2024,20,3,104,34,2,2006,2020,-0.19962513827618203,0.3987763369016841,-0.2947368421052632,0.20713542085215372,0.3132637601270729,0.018907030492805205,0.43554575623894254,0.054921130935576906,-0.2075187969924812,0.37999323699324683,TRUE,1,0.6726684983357536,Tibet,0.9595646566722463,0.8680942753677526
all_years,sediment,macrolides,E. coli | Meropenem,grp_2024,23,3,430,93,2,2008,2025,-0.19960474308300394,0.3611775346501449,-0.07608695652173914,0.7300554425086551,0.003177020108859277,0.4751811594202898,-0.37351778656126483,0.07915444117090965,0.5909090909090909,0.00298719233312062,TRUE,1,0.547383309759548,Guangdong,0.9545286681483447,0.9729669155213013
all_years,sludge,diaminopyrimidines,E. coli | Ciprofloxacin,pork_output_2024,13,3,19,17,1,2010,2017,0.1993886578226025,0.5137066390222872,0.25824175824175827,0.39428401739736163,0.8019823386358851,0,-0.7166432918841367,0.005846431266760286,-0.15934065934065933,0.6030877531318974,TRUE,0.9230769230769231,1.1339513990084178,Hebei,0.9606720658320372,0.9479489788776115
all_years,sediment,fluoroquinolones,S. aureus | Nitrofurantoin,grp_per_capita_2024,23,3,950,128,2,2007,2025,0.19861660079051385,0.3636086341243845,0.12845849802371542,0.559127274498743,0.025862178954528397,0.2654973649538867,-0.20454545454545456,0.34916435580619787,-0.5612648221343873,0.0053277407436821585,TRUE,1,0.6972281449893393,Guangdong,0.9564020451533698,0.9606462350922552
all_years,sediment,macrolides,E. coli | Ertapenem,sewage_disposal_capacity_2024,23,3,430,93,2,2008,2025,0.19861660079051385,0.3636086341243845,0.2707509881422925,0.21145886194855512,0.003177020108859277,0.4751811594202898,-0.25592885375494073,0.2385167406569983,0.33992094861660077,0.11251980895696757,FALSE,1,0.7142857142857145,Tibet,0.9564020451533698,0.8680942753677526
all_years,soil,sulfonamides,E. coli | Imipenem,EconomicScaleIndex,20,3,313,56,2,2006,2019,0.1966847528108848,0.4059012276190256,-0.14285714285714285,0.5479501508336089,0.22138678024989444,0.059746349446122726,0.5737461236962149,0.008166765310944247,0.4320665155307211,0.057112353304052524,TRUE,1,0.6232184776902824,Chongqing,0.960202105235759,0.9606462350922552
all_years,sediment,sulfonamides,K. pneumoniae | Ceftriaxone,grp_2024,24,3,1061,135,2,2008,2025,-0.19656447518381165,0.3572674291448257,-0.1991304347826087,0.3508987130768877,0.0015521231748156271,0.520774428109915,-0.23961731377495624,0.2594293755011346,0.43043478260869567,0.03576316089882472,TRUE,1,0.5260911170025286,Tibet,0.9526686311875808,0.9268335373285431
all_years,sludge,sulfonamides,S. aureus | Ciprofloxacin,urban_share_2024,16,3,143,28,1,2005,2017,-0.19650030031562984,0.46575659069134456,-0.09999999999999999,0.712516370128278,0.6133729962850374,0,-0.22413315504751533,0.4039976574134323,0.6088235294117647,0.012315203198246456,TRUE,1,0.4635669504340111,Beijing,0.9606720658320372,0.9729669155213013
all_years,sludge,sulfonamides,S. aureus | Rifampicin,grp_per_capita_2024,16,3,143,28,1,2005,2017,-0.19650030031562984,0.46575659069134456,-0.30588235294117644,0.2492542989289186,0.6133729962850374,0,-0.3162426708204668,0.23275560389798974,-0.2088235294117647,0.43765851094980046,FALSE,1,0.8850500608072882,Fujian,0.9606720658320372,0.8809581627768966
all_years,surface water,fluoroquinolones,P. aeruginosa | Tobramycin,chemical_fertilizers_2024,15,3,77,21,1,2015,2024,0.1964285714285714,0.4828987562716335,0.1714285714285714,0.5412721760996331,0.27743910513984715,0.014965986394557854,0.4107142857142857,0.1283286460157489,0.375,0.16843274984674558,TRUE,1,0.9440559440559441,Hebei,0.9606720658320372,0.9606462350922552
all_years,surface water,tetracyclines,K. pneumoniae | Levofloxacin,chemical_fertilizers_2024,15,2,42,17,1,2015,2024,0.1964285714285714,0.4828987562716335,0.028571428571428564,0.9194899083821857,1,0,0.19285714285714287,0.49104870160522307,0.85,5.995888525311016e-5,TRUE,1,0.9440559440559441,Henan,0.9606720658320372,0.9853330220901917
all_years,sediment,tetracyclines,K. pneumoniae | Polymyxin B,milk_output_2024,23,3,693,129,2,2004,2025,0.19619471812194852,0.36960708667190745,0.16304347826086957,0.4572883476100682,0.06310630550908343,0.17629345855989417,-0.30343465220875665,0.15927575726801604,-0.3577075098814229,0.0937749113069188,TRUE,1,0.5430555630644948,Jiangxi,0.9582118561710397,0.9606462350922552
all_years,soil,sulfonamides,K. pneumoniae | Trimethoprim/Sulfamethoxazole,sewage_pipe_length_2024,20,3,313,56,2,2006,2019,0.1959311713824906,0.40773835352774523,-0.048120300751879695,0.8403389659546903,0.22138678024989444,0.059746349446122726,0.5516216055845504,0.011689585959119946,0.23909774436090225,0.30998626440604493,TRUE,1,0.7259354003046328,Guangxi,0.960202105235759,0.9842154623604513
all_years,sediment,phenicols,S. aureus | Oxacillin,grp_per_capita_2024,14,3,58,25,1,2006,2020,-0.1956043956043956,0.5027500912969567,-0.03296703296703296,0.9109186530718454,0.20022103787458767,0.11060606060606078,-0.6263736263736264,0.016541935428871186,0.4989010989010989,0.06936352739715487,TRUE,0.9285714285714286,1.0280898876404494,Shanghai,0.9606720658320372,0.9842154623604513
all_years,surface water,macrolides,A. baumannii | Aztreonam,chemical_fertilizers_2024,14,3,42,16,1,2015,2023,-0.1956043956043956,0.5027500912969567,-0.08131868131868132,0.782274751244096,0.006641885476426646,0.5788497217068641,-0.512087912087912,0.061198486156458405,0.6835164835164835,0.007036743639884654,TRUE,1,0.7134831460674156,Shaanxi,0.9606720658320372,0.9776273410575387
all_years,surface water,macrolides,E. coli | Ampicillin,chemical_fertilizers_2024,14,3,42,16,1,2015,2023,-0.1956043956043956,0.5027500912969567,-0.024175824175824177,0.9346189946036427,0.006641885476426646,0.5788497217068641,-0.512087912087912,0.061198486156458405,0.432967032967033,0.1220100059684803,TRUE,0.9285714285714286,1.0280898876404494,Tibet,0.9606720658320372,0.9853330220901917
all_years,surface water,sulfonamides,S. aureus | Levofloxacin,chemical_fertilizers_2024,14,3,49,15,1,2013,2024,0.1956043956043956,0.5027500912969567,0.06373626373626373,0.828626422928612,0.07898257926378309,0.18961038961038862,-0.4153846153846154,0.1396659475175257,0.45054945054945056,0.10593278527264058,FALSE,1,0.9719101123595505,Guangxi,0.9606720658320372,0.9842154623604513
all_years,soil,fluoroquinolones,K. pneumoniae | Polymyxin B,large_animals_year_end_2024,22,3,318,64,2,2006,2020,0.19553553224990025,0.38317031950400193,0.40711462450592895,0.06004366570541099,0.9845108143090242,0,-0.5046625153154941,0.016606934506108367,-0.30773574251835123,0.1635480767532881,TRUE,1,0.48588275072202697,Shandong,0.9582118561710397,0.722440275668296
all_years,sediment,lincosamides,K. pneumoniae | Aztreonam,EconomicScaleIndex,13,3,26,22,1,2010,2018,0.19532343099765898,0.5225013271325191,0.19780219780219782,0.5171309114848301,0.2592759711301179,0.06997245179063301,0.2066115702479339,0.4982454329898226,0.6685013201750863,0.012492173132818897,TRUE,1,0.7310128904810931,Guizhou,0.9606720658320372,0.9606462350922552
all_years,sediment,lincosamides,S. aureus | Levofloxacin,large_animals_year_end_2024,13,3,26,22,1,2010,2018,0.19532343099765898,0.5225013271325191,-0.027472527472527476,0.9290117291603512,0.2592759711301179,0.06997245179063301,-0.327373074489034,0.27488966062773995,-0.7912087912087912,0.0012750239017411194,TRUE,1,0.9462025780962185,Guizhou,0.9606720658320372,0.9853330220901917
all_years,sludge,tetracyclines,P. aeruginosa | Polymyxin B,hogs_year_end_2024,14,3,77,19,2,2004,2020,0.19444132962046293,0.505343650997514,0.17802197802197803,0.5425969526062151,0.30098512187415105,0.03648989898989916,0.4414961954911688,0.1140172523175425,-0.21318681318681318,0.464302820039745,FALSE,1,0.6730469012329986,Guangdong,0.9606720658320372,0.9606462350922552
all_years,sludge,tetracyclines,S. aureus | Tetracycline,milk_output_2024,14,3,77,19,2,2004,2020,0.19444132962046293,0.505343650997514,0.43736263736263736,0.11784483174447682,0.30098512187415105,0.03648989898989916,-0.13496515820714486,0.6454977036795251,-0.6263736263736264,0.016541935428871186,TRUE,1,0.82166194612709,Guangdong,0.9606720658320372,0.8138668527285788
all_years,sludge,macrolides,P. aeruginosa | Meropenem,large_animals_year_end_2024,14,3,77,25,1,2005,2017,-0.19356287729465965,0.5073065880283145,-0.13846153846153844,0.6368849912650185,0.8556343441410651,0,0.17131427070906657,0.5581487325481599,-0.6483516483516484,0.012144222573105748,TRUE,0.9285714285714286,1.0576500751260092,Beijing,0.9606720658320372,0.9668683558667597
all_years,sludge,macrolides,E. coli | Polymyxin B,freshwater_aquatic_products_2024,14,3,77,25,1,2005,2017,0.19356287729465965,0.5073065880283145,0.23516483516483513,0.4183338961985912,0.8556343441410651,0,0.5829134925425382,0.028685897723242478,0.07692307692307693,0.7938058883554533,TRUE,1,0.9711749624369954,Guangdong,0.9606720658320372,0.9479489788776115
all_years,sludge,sulfonamides,A. baumannii | Aztreonam,hospitals_count_2024,16,3,143,28,1,2005,2017,-0.19342998312319815,0.4728926239958111,-0.5235294117647059,0.03741264813014948,0.6133729962850374,0,0.3070317192431717,0.24738910127380673,0.4264705882352941,0.09949911193753976,FALSE,1,1.0240920509700806,Heilongjiang,0.9606720658320372,0.5823623977159444
all_years,soil,fluoroquinolones,A. baumannii | Polymyxin B,hospitals_count_2024,22,3,318,64,2,2006,2020,0.19327500586550833,0.3888021881835123,-0.022021456804065507,0.9225104517760873,0.9845108143090242,0,-0.47018948795351745,0.02723008712193248,-0.4827780914737436,0.02285806342926677,TRUE,1,0.5268025041172395,Shandong,0.9582118561710397,0.9853330220901917
all_years,soil,sulfonamides,E. coli | Amikacin,grp_per_capita_2024,20,3,313,56,2,2006,2019,-0.19291684566891382,0.4151319679153028,-0.2180451127819549,0.35573636611773674,0.22138678024989444,0.059746349446122726,0.5425786284438201,0.01344424302302041,-0.20451127819548873,0.38709023775567686,TRUE,1,0.5683007037808229,Yunnan,0.9606720658320372,0.9268335373285431
all_years,surface water,tetracyclines,K. pneumoniae | Tigecycline,grp_per_capita_2024,15,2,42,17,1,2015,2024,0.19285714285714284,0.49104870160522307,0.26428571428571423,0.3411737579900824,1,0,-0.49642857142857144,0.059797413749923985,0.37857142857142856,0.1640908265592207,FALSE,1,0.8290598290598291,Henan,0.9606720658320372,0.9268335373285431
all_years,soil,diaminopyrimidines,A. baumannii | Meropenem,freshwater_aquatic_products_2024,8,3,9,8,1,2008,2015,0.19278507708475195,0.6473844523388664,0.07142857142857144,0.8665262706759089,0.24103244438393973,0.07490909090909051,0.44581549075848886,0.26825005020123793,0.2619047619047619,0.5309228615658013,TRUE,0.875,1.3738619093632398,Hubei,0.985139664720586,0.9842154623604513
all_years,soil,diaminopyrimidines,E. coli | Aztreonam,milk_output_2024,8,3,9,8,1,2008,2015,-0.19278507708475195,0.6473844523388664,-0.04761904761904762,0.9108491685195835,0.24103244438393973,0.07490909090909051,-0.5542570966186618,0.1539883457589951,0.42857142857142855,0.2894032248467901,TRUE,0.75,1.1497059788386281,Liaoning,0.985139664720586,0.9842154623604513
all_years,soil,diaminopyrimidines,E. coli | Ceftriaxone,milk_output_2024,8,3,9,8,1,2008,2015,-0.19278507708475195,0.6473844523388664,-0.04761904761904762,0.9108491685195835,0.24103244438393973,0.07490909090909051,-0.5542570966186618,0.1539883457589951,0.42857142857142855,0.2894032248467901,TRUE,0.75,1.1497059788386281,Liaoning,0.985139664720586,0.9842154623604513
all_years,soil,diaminopyrimidines,E. coli | Cefuroxime,milk_output_2024,8,3,9,8,1,2008,2015,-0.19278507708475195,0.6473844523388664,-0.04761904761904762,0.9108491685195835,0.24103244438393973,0.07490909090909051,-0.5542570966186618,0.1539883457589951,0.42857142857142855,0.2894032248467901,TRUE,0.75,1.1497059788386281,Liaoning,0.985139664720586,0.9842154623604513
all_years,sediment,lincosamides,P. aeruginosa | Aztreonam,large_animals_year_end_2024,13,3,26,22,1,2010,2018,0.19257239675825533,0.5284901683295968,-0.010989010989010988,0.971577682777073,0.2592759711301179,0.06997245179063301,-0.327373074489034,0.27488966062773995,-0.5274725274725275,0.0639548914835549,TRUE,1,0.8883099019266638,Anhui,0.9606720658320372,0.9881783805943072
all_years,sediment,lincosamides,S. aureus | Ciprofloxacin,large_animals_year_end_2024,13,3,26,22,1,2010,2018,0.19257239675825533,0.5284901683295968,0.06593406593406594,0.8305423857560938,0.2592759711301179,0.06997245179063301,-0.327373074489034,0.27488966062773995,-0.7527472527472527,0.0029822333891698486,TRUE,1,0.9636226956650621,Guizhou,0.9606720658320372,0.9842154623604513
all_years,wastewater effluent,fluoroquinolones,E. coli | Amikacin,freshwater_aquatic_products_2024,13,3,34,15,1,2016,2024,0.19230769230769232,0.5290679872349876,0.2142857142857143,0.4820544547023683,0.28932970799328467,0.04803767660910481,-0.6978021978021978,0.00800071741122648,-0.027472527472527472,0.9290117291603512,TRUE,1,1.0363636363636366,Xinjiang,0.9606720658320372,0.9606462350922552
all_years,wastewater effluent,fluoroquinolones,P. aeruginosa | Piperacillin,freshwater_aquatic_products_2024,13,3,34,15,1,2016,2024,-0.19230769230769232,0.5290679872349876,0.04395604395604395,0.8866190227890786,0.28932970799328467,0.04803767660910481,-0.6978021978021978,0.00800071741122648,0.46153846153846156,0.11237597055825145,TRUE,1,0.709090909090909,Hainan,0.9606720658320372,0.9842154623604513
all_years,sludge,tetracyclines,K. pneumoniae | Cefazolin,grp_2024,14,3,77,19,2,2004,2020,0.19215378456610455,0.5104625064471459,0.42417582417582417,0.13063731043811042,0.30098512187415105,0.03648989898989916,0.2516299559794226,0.38549252799635003,0.6527472527472528,0.01138457399795419,TRUE,1,0.9413108220069232,Shanghai,0.9606720658320372,0.818563978423839
all_years,soil,sulfonamides,A. baumannii | Aztreonam,EconomicScaleIndex,20,3,313,56,2,2006,2019,0.19140968281212545,0.41885573126718034,-0.11428571428571428,0.631391730518438,0.22138678024989444,0.059746349446122726,0.5737461236962149,0.008166765310944247,0.27474612921378605,0.24106947047726027,TRUE,1,0.5680783265910351,Chongqing,0.9606720658320372,0.9643538787526716
all_years,sludge,macrolides,E. coli | Ampicillin,urban_share_2024,14,3,77,25,1,2005,2017,0.1913380166361003,0.5122936303171465,0.15164835164835164,0.6047905984521368,0.8556343441410651,0,-0.2491843937586423,0.39028164932017895,-0.810989010989011,4.322100649076809e-4,TRUE,1,0.8808337009860477,Tianjin,0.9606720658320372,0.9606462350922552
all_years,sludge,macrolides,E. coli | Tigecycline,freshwater_aquatic_products_2024,14,3,77,25,1,2005,2017,-0.1913380166361003,0.5122936303171468,-0.18241758241758244,0.5325088185186944,0.8556343441410651,0,0.5829134925425382,0.028685897723242478,-0.3098901098901099,0.2809332808692584,TRUE,0.9285714285714286,1.0729005310459707,Guangdong,0.9606720658320372,0.9606462350922552
all_years,sediment,tetracyclines,K. pneumoniae | Ciprofloxacin,grp_2024,23,3,693,129,2,2004,2025,-0.19125278567555182,0.38202242366481765,-0.1007905138339921,0.6472495084624308,0.06310630550908343,0.17629345855989417,-0.29701014002844095,0.1687385708187329,0.658102766798419,6.413306692101036e-4,TRUE,1,0.890063044580522,Qinghai,0.9582118561710397,0.9729669155213013
all_years,surface water,macrolides,E. coli | Ertapenem,chemical_fertilizers_2024,14,3,42,16,1,2015,2023,-0.19120879120879122,0.5125839704707784,0.38021978021978026,0.1799061463060816,0.006641885476426646,0.5788497217068641,-0.512087912087912,0.061198486156458405,0.6351648351648351,0.014657881327289188,TRUE,1,0.8850574712643678,Henan,0.9606720658320372,0.8521945107646086
all_years,surface water,macrolides,K. pneumoniae | Ceftriaxone,chemical_fertilizers_2024,14,3,42,16,1,2015,2023,-0.19120879120879122,0.5125839704707784,-0.041758241758241756,0.8872869731890635,0.006641885476426646,0.5788497217068641,-0.512087912087912,0.061198486156458405,0.4065934065934066,0.14910193900151344,TRUE,0.9285714285714286,1.2126436781609196,Tibet,0.9606720658320372,0.9842154623604513
all_years,surface water,macrolides,P. aeruginosa | Imipenem,chemical_fertilizers_2024,14,3,42,16,1,2015,2023,-0.19120879120879122,0.5125839704707784,0.09010989010989011,0.7593388378159541,0.006641885476426646,0.5788497217068641,-0.512087912087912,0.061198486156458405,0.5736263736263736,0.03197081397639698,TRUE,1,0.7988505747126436,Anhui,0.9606720658320372,0.9760848906711721
all_years,surface water,sulfonamides,S. aureus | Oxacillin,hospital_beds_2024,14,3,49,15,1,2013,2024,0.19120879120879122,0.5125839704707784,0.1032967032967033,0.725282211088945,0.07898257926378309,0.18961038961038862,-0.35384615384615387,0.21453987088124624,0.26153846153846155,0.3664111370667421,FALSE,0.9285714285714286,1.0574712643678161,Tibet,0.9606720658320372,0.9729669155213013
all_years,wastewater influent,fluoroquinolones,P. aeruginosa | Ciprofloxacin,urban_share_2024,11,3,44,12,1,2016,2024,-0.19090909090909092,0.5739131682855214,0.06363636363636363,0.8525390725425219,0.07495187103951058,0.3977272727272725,0.2727272727272727,0.41714143714253127,0.4727272727272727,0.14199852020632006,FALSE,1,0.9047619047619048,Anhui,0.9725336301598146,0.9842154623604513
all_years,wastewater influent,fluoroquinolones,P. aeruginosa | Imipenem,urban_share_2024,11,3,44,12,1,2016,2024,-0.19090909090909092,0.5739131682855214,-0.05454545454545454,0.8734465775233152,0.07495187103951058,0.3977272727272725,0.2727272727272727,0.41714143714253127,0.6,0.051003260706950763,FALSE,1,2.079365079365079,Beijing,0.9725336301598146,0.9842154623604513
all_years,sediment,fluoroquinolones,A. baumannii | Levofloxacin,urban_env_infra_investment_2024,23,3,950,128,2,2007,2025,-0.1907114624505929,0.3833965923148738,-0.11857707509881422,0.5899765469581981,0.025862178954528397,0.2654973649538867,-0.3616600790513834,0.08994509168798827,0.5009881422924901,0.014887207250564156,TRUE,1,0.7971872686898598,Qinghai,0.9582118561710397,0.9606462350922552
all_years,soil,macrolides,E. coli | Ertapenem,milk_output_2024,20,3,104,34,2,2006,2020,-0.1905512683545374,0.420984623190653,-0.16090225563909774,0.4979744144247942,0.3132637601270729,0.018907030492805205,0.43554575623894254,0.054921130935576906,0.11879699248120301,0.6178918280262935,FALSE,1,0.8388954657946271,Liaoning,0.9606720658320372,0.9606462350922552
all_years,sludge,sulfonamides,A. baumannii | Polymyxin B,hogs_year_end_2024,16,3,143,28,1,2005,2017,-0.19035966593076645,0.4800816861815703,-0.09705882352941177,0.7206513082372031,0.6133729962850374,0,0.23027378943237875,0.39089512911578783,-0.4264705882352941,0.09949911193753985,TRUE,1,0.7824603301299217,Beijing,0.9606720658320372,0.9729669155213013
all_years,soil,phenicols,A. baumannii | Tigecycline,grp_per_capita_2024,10,3,22,13,1,2007,2016,0.19019836693335312,0.5986683040717657,-0.10303030303030301,0.7769984634438898,0.17609777149412834,0.11860744297719157,0.7669288989248111,0.009638359377523338,0.4666666666666667,0.17393859716506646,TRUE,1,1.3172716173108134,Guangdong,0.979122990444698,0.9760848906711721
all_years,soil,phenicols,A. baumannii | Polymyxin B,LivestockAquacultureIndex,10,3,22,13,1,2007,2016,0.19019836693335312,0.5986683040717657,-0.07878787878787878,0.8287173946974605,0.17609777149412834,0.11860744297719157,-0.791470623690405,0.0063770841870565975,-0.4666666666666667,0.17393859716506646,TRUE,1,2.386781594531189,Shanghai,0.979122990444698,0.9842154623604513
all_years,soil,fluoroquinolones,E. coli | Cefotetan,hospitals_count_2024,23,3,318,64,2,2006,2020,-0.18986408188402631,0.3855533197188964,-0.2845849802371542,0.18813339830503914,0.9845108143090242,0,-0.5305316663061466,0.00920503544877101,0.325098814229249,0.13011856167333397,TRUE,1,0.538641555970065,Tibet,0.9582118561710397,0.8528211362044058
all_years,soil,tetracyclines,P. aeruginosa | Ceftazidime,hospitals_count_2024,24,3,312,68,2,2007,2022,-0.1895652173913043,0.3749803911439149,-0.13130434782608694,0.5408189353993529,0.48567178524771265,0,-0.35391304347826086,0.0897584560898227,0.3591304347826087,0.08480057608167493,TRUE,1,0.7462468723936617,Liaoning,0.9582118561710397,0.9606462350922552
all_years,soil,fluoroquinolones,S. aureus | Levofloxacin,grp_per_capita_2024,23,3,318,64,2,2006,2020,-0.1893696441707867,0.3868149129779105,-0.6650197628458497,5.358621872774787e-4,0.9845108143090242,0,0.41433880369482834,0.04933753133495683,0.5721343873517787,0.004336051416160506,FALSE,1,0.834811931411409,Guizhou,0.9582118561710397,0.3068260161230437
all_years,sludge,macrolides,S. aureus | Ciprofloxacin,urban_share_2024,14,3,77,25,1,2005,2017,-0.18911315597754103,0.5173027579493628,-0.31868131868131866,0.2667849608113615,0.8556343441410651,0,-0.2491843937586423,0.39028164932017895,0.7230769230769231,0.003475294618094306,TRUE,1,0.9747590374932805,Qinghai,0.9606720658320372,0.8953524945924327
all_years,sediment,diaminopyrimidines,S. aureus | Chloramphenicol,grp_2024,18,3,122,45,2,2008,2020,0.1888544891640867,0.452945822378496,0.0608875128998968,0.8103299008966292,0.01039862314664235,0.47547758284600455,-0.32507739938080493,0.18808478142236898,-0.37254901960784315,0.12787268607330357,TRUE,1,0.9596994535519128,Anhui,0.9606720658320372,0.9842154623604513
all_years,soil,tetracyclines,P. aeruginosa | Cefepime,hospitals_count_2024,24,3,312,68,2,2007,2022,-0.18869565217391301,0.37721563518472523,-0.1234782608695652,0.5654049951421964,0.48567178524771265,0,-0.35391304347826086,0.0897584560898227,0.34,0.10403796669819441,TRUE,1,0.7438206954335989,Liaoning,0.9582118561710397,0.9606462350922552
all_years,sediment,sulfonamides,K. pneumoniae | Aztreonam,grp_2024,24,3,1061,135,2,2008,2025,-0.18830180919157177,0.37823052824174486,-0.1643478260869565,0.44284615123934,0.0015521231748156271,0.520774428109915,-0.23961731377495624,0.2594293755011346,0.4895652173913044,0.015176284460359705,TRUE,1,0.6639166582982245,Guangdong,0.9582118561710397,0.9535880891790752
all_years,sludge,diaminopyrimidines,E. coli | Ertapenem,pork_output_2024,13,3,19,17,1,2010,2017,-0.18782989505027772,0.538883937836669,-0.18681318681318684,0.5411235235098939,0.8019823386358851,0,-0.7166432918841367,0.005846431266760286,0.23626373626373626,0.4370835438311813,TRUE,0.9230769230769231,1.2255298800994676,Beijing,0.9606720658320372,0.9606462350922552
all_years,wastewater effluent,fluoroquinolones,P. aeruginosa | Aztreonam,sewage_pipe_length_2024,13,3,34,15,1,2016,2024,-0.18681318681318684,0.5411235235098939,-0.03296703296703297,0.9148564744875122,0.28932970799328467,0.04803767660910481,-0.5714285714285714,0.0413422673717235,0.4230769230769231,0.1497485415549681,TRUE,1,1.3957219251336899,Beijing,0.9606720658320372,0.9842154623604513
all_years,wastewater effluent,fluoroquinolones,S. aureus | Levofloxacin,sewage_disposal_capacity_2024,13,3,34,15,1,2016,2024,-0.18681318681318684,0.5411235235098939,0.05494505494505495,0.8585042942308735,0.28932970799328467,0.04803767660910481,-0.510989010989011,0.07432891414402142,0.489010989010989,0.08991308230865631,TRUE,1,0.946524064171123,Beijing,0.9606720658320372,0.9842154623604513
all_years,surface water,macrolides,E. coli | Levofloxacin,chemical_fertilizers_2024,14,3,42,16,1,2015,2023,-0.18681318681318682,0.5225040123791592,-0.059340659340659345,0.8403017626906826,0.006641885476426646,0.5788497217068641,-0.512087912087912,0.061198486156458405,0.45494505494505494,0.10215352669182921,TRUE,0.9285714285714286,1.088235294117647,Tibet,0.9606720658320372,0.9842154623604513
all_years,surface water,macrolides,S. aureus | Rifampicin,urban_env_infra_investment_2024,14,3,42,16,1,2015,2023,0.18681318681318682,0.5225040123791592,0.08131868131868132,0.7822747512440956,0.006641885476426646,0.5788497217068641,-0.4725274725274725,0.087967424612542,-0.367032967032967,0.1967388717074883,TRUE,1,1.0000000000000002,Hainan,0.9606720658320372,0.9776273410575387
all_years,surface water,sulfonamides,A. baumannii | Amikacin,LivestockAquacultureIndex,14,3,49,15,1,2013,2024,0.18681318681318682,0.5225040123791592,0.42417582417582417,0.13063731043811042,0.07898257926378309,0.18961038961038862,-0.4862489191020163,0.07789960750661203,0.4114413930863215,0.14384766126701976,FALSE,1,0.7058823529411763,Hubei,0.9606720658320372,0.818563978423839
all_years,surface water,sulfonamides,K. pneumoniae | Ceftriaxone,chemical_fertilizers_2024,14,3,49,15,1,2013,2024,0.18681318681318682,0.5225040123791592,0.18681318681318682,0.5225040123791592,0.07898257926378309,0.18961038961038862,-0.4153846153846154,0.1396659475175257,0.21318681318681318,0.4643028200397442,FALSE,0.9285714285714286,1.088235294117647,Tibet,0.9606720658320372,0.9606462350922552
all_years,soil,tetracyclines,S. aureus | Oxacillin,grp_2024,24,3,312,68,2,2007,2022,-0.18608695652173912,0.38396703397174825,-0.01652173913043478,0.9389228669455092,0.48567178524771265,0,-0.15130434782608695,0.4803459029793672,0.6217391304347826,0.0011814091331272887,TRUE,1,0.5877230246389127,Shanxi,0.9582118561710397,0.9867239251522226
all_years,sediment,tetracyclines,K. pneumoniae | Ertapenem,grp_2024,23,3,693,129,2,2004,2025,-0.18581665998451546,0.39594899742172873,-0.06324110671936758,0.7743673538441505,0.06310630550908343,0.17629345855989417,-0.29701014002844095,0.1687385708187329,0.40711462450592883,0.05385026270864839,TRUE,1,0.9119216111241873,Qinghai,0.9582118561710397,0.9760848906711721
all_years,sediment,fluoroquinolones,A. baumannii | Tigecycline,grp_2024,23,3,950,128,2,2007,2025,-0.18577075098814227,0.39606780480954484,-0.15810276679841898,0.47121646253366734,0.025862178954528397,0.2654973649538867,-0.32707509881422925,0.12766439967393878,0.3804347826086957,0.07332766007090889,TRUE,1,0.6261398176291793,Xinjiang,0.9582118561710397,0.9606462350922552
all_years,surface water,tetracyclines,A. baumannii | Ceftriaxone,grp_per_capita_2024,15,2,42,17,1,2015,2024,-0.1857142857142857,0.5075409629336736,-0.1607142857142857,0.567196704580345,1,0,-0.49642857142857144,0.059797413749923985,0.2714285714285714,0.3277893068411727,TRUE,1,1.4733727810650892,Henan,0.9606720658320372,0.9606462350922552
all_years,surface water,tetracyclines,A. baumannii | Levofloxacin,grp_per_capita_2024,15,2,42,17,1,2015,2024,-0.1857142857142857,0.5075409629336736,-0.3178571428571428,0.24829056581701814,1,0,-0.49642857142857144,0.059797413749923985,0.45357142857142857,0.08948590014302728,TRUE,1,1.4733727810650892,Henan,0.9606720658320372,0.8806574723937448
all_years,surface water,tetracyclines,E. coli | Tigecycline,grp_per_capita_2024,15,2,42,17,1,2015,2024,0.1857142857142857,0.5075409629336736,0.14999999999999997,0.5936302027425884,1,0,-0.49642857142857144,0.059797413749923985,-0.16071428571428573,0.567196704580345,TRUE,1,0.8106508875739649,Sichuan,0.9606720658320372,0.9606462350922552
all_years,surface water,tetracyclines,K. pneumoniae | Ciprofloxacin,chemical_fertilizers_2024,15,2,42,17,1,2015,2024,0.1857142857142857,0.5075409629336736,0.035714285714285705,0.8994469934720875,1,0,0.19285714285714287,0.49104870160522307,0.8285714285714286,1.352447801327695e-4,TRUE,0.9333333333333333,1.0118343195266273,Henan,0.9606720658320372,0.9842154623604513
all_years,surface water,tetracyclines,P. aeruginosa | Piperacillin,urban_share_2024,15,2,42,17,1,2015,2024,0.1857142857142857,0.5075409629336736,0.20357142857142851,0.4667950724891121,1,0,-0.43214285714285716,0.10769303754639804,-0.2785714285714286,0.31470947323079085,TRUE,1,0.7514792899408284,Hubei,0.9606720658320372,0.9606462350922552
all_years,sludge,tetracyclines,K. pneumoniae | Cefoxitin,grp_2024,14,3,77,19,2,2004,2020,0.18529114940302938,0.5259587900091685,0.38021978021978026,0.1799061463060816,0.30098512187415105,0.03648989898989916,0.2516299559794226,0.38549252799635003,0.578021978021978,0.030383014145237017,TRUE,1,0.9522048221304191,Shanghai,0.9606720658320372,0.8521945107646086
all_years,sludge,fluoroquinolones,E. coli | Ceftazidime,milk_output_2024,16,3,149,31,2,2005,2017,-0.18519026592061247,0.49230404221317237,-0.16176470588235292,0.5494831434036933,0.06923543109736396,0.25696039035591295,-0.3022305139824395,0.2552382704186771,0.6352941176470588,0.00818206461633403,TRUE,1,0.9167819568563005,Jiangsu,0.9606720658320372,0.9606462350922552
all_years,sludge,diaminopyrimidines,E. coli | Cefotaxime,pork_output_2024,13,3,19,17,1,2010,2017,-0.18494020435719652,0.545259676080228,-0.1098901098901099,0.7208097995138617,0.8019823386358851,0,-0.7166432918841367,0.005846431266760286,0.24175824175824176,0.42617551959450883,TRUE,1,0.9798187162100355,Gansu,0.9606720658320372,0.9729669155213013
all_years,sludge,diaminopyrimidines,K. pneumoniae | Cefazolin,urban_share_2024,13,3,19,17,1,2010,2017,-0.18494020435719652,0.545259676080228,-0.27472527472527475,0.3636749816401784,0.8019823386358851,0,0.19071958574335895,0.5325404019517954,0.7307692307692307,0.004547733743967136,FALSE,0.9230769230769231,1.2401225006860574,Beijing,0.9606720658320372,0.9302154792872848
all_years,sediment,sulfonamides,E. coli | Gentamicin,milk_output_2024,24,3,1061,135,2,2008,2025,0.184387914774195,0.3884009336098374,0.19304347826086954,0.36611583497113975,0.0015521231748156271,0.520774428109915,0.20613177264851043,0.3338648970533443,0.5382608695652173,0.006661450969899958,TRUE,1,0.33205065465759553,Guangdong,0.9582118561710397,0.9302154792872848
all_years,sludge,sulfonamides,K. pneumoniae | Gentamicin,grp_per_capita_2024,16,3,143,28,1,2005,2017,-0.184219031545903,0.4946167972483243,-0.17058823529411765,0.527609768861268,0.6133729962850374,0,-0.3162426708204668,0.23275560389798974,0.6058823529411764,0.012860298533367228,TRUE,1,0.6525957393286929,Gansu,0.9606720658320372,0.9606462350922552
all_years,sediment,fluoroquinolones,P. aeruginosa | Ceftazidime,urban_env_infra_investment_2024,23,3,950,128,2,2007,2025,-0.18379446640316208,0.40120109039639607,-0.011857707509881422,0.9571758377921823,0.025862178954528397,0.2654973649538867,-0.3616600790513834,0.08994509168798827,0.4041501976284585,0.05579175689820351,TRUE,1,0.8771121351766515,Qinghai,0.9600626569866181,0.9867239251522226
all_years,sediment,macrolides,A. baumannii | Gentamicin,freshwater_aquatic_products_2024,23,3,430,93,2,2008,2025,-0.18379446640316208,0.40120109039639607,0.07015810276679842,0.7504128162462714,0.003177020108859277,0.4751811594202898,-0.4901185770750988,0.017589302048693578,0.5108695652173914,0.012734117365309425,TRUE,1,0.49615975422427055,Fujian,0.9600626569866181,0.9760417777324718
all_years,wastewater influent,sulfonamides,K. pneumoniae | Aztreonam,freshwater_aquatic_products_2024,9,3,30,9,1,2016,2024,-0.18333333333333332,0.6368198117628943,0.03333333333333333,0.932156735540504,0.8007374029168087,0,-0.6333333333333333,0.06708578689234561,0.5833333333333334,0.09918581647988328,TRUE,0.7777777777777778,1.9090909090909092,Shanxi,0.985139664720586,0.9853330220901917
all_years,wastewater influent,sulfonamides,K. pneumoniae | Ciprofloxacin,freshwater_aquatic_products_2024,9,3,30,9,1,2016,2024,-0.18333333333333332,0.6368198117628943,0.03333333333333333,0.932156735540504,0.8007374029168087,0,-0.6333333333333333,0.06708578689234561,0.5833333333333334,0.09918581647988328,TRUE,0.7777777777777778,1.9090909090909092,Shanxi,0.985139664720586,0.9853330220901917
all_years,sludge,tetracyclines,E. coli | Ertapenem,urban_share_2024,14,3,77,19,2,2004,2020,0.183003604348671,0.5311701320465443,0.34945054945054943,0.22068999774644746,0.30098512187415105,0.03648989898989916,-0.21274169005533006,0.46525822108730286,0.4593406593406593,0.09846837616829027,FALSE,1,0.9457228920569392,Liaoning,0.9606720658320372,0.8756506136724482
all_years,sediment,macrolides,E. coli | Imipenem,grp_2024,23,3,430,93,2,2008,2025,-0.1828063241106719,0.40378154190875626,-0.037549407114624504,0.8649333446053347,0.003177020108859277,0.4751811594202898,-0.37351778656126483,0.07915444117090965,0.49407114624505927,0.016564138234426932,TRUE,1,0.5583011583011581,Tibet,0.9600626569866181,0.9842154623604513
all_years,sediment,diaminopyrimidines,K. pneumoniae | Cefotetan,urban_share_2024,18,3,122,45,2,2008,2020,-0.1826625386996904,0.4681613378933158,-0.07120743034055727,0.7788829476841139,0.01039862314664235,0.47547758284600455,0.28586171310629516,0.2501695935454805,0.32920536635706915,0.18221199775917457,FALSE,1,0.6906779661016953,Hainan,0.9606720658320372,0.9760848906711721
all_years,sludge,macrolides,E. coli | Imipenem,sewage_pipe_length_2024,14,3,77,25,1,2005,2017,-0.1824385740018631,0.5324608405346343,-0.21318681318681318,0.464302820039745,0.8556343441410651,0,0.4204986644677089,0.13436459633396483,0.4857142857142857,0.07827588645863327,FALSE,0.9285714285714286,1.1376219781209305,Beijing,0.9606720658320372,0.9606462350922552
all_years,sediment,phenicols,K. pneumoniae | Cefotaxime,grp_per_capita_2024,14,3,58,25,1,2006,2020,-0.18241758241758244,0.5325088185186944,-0.12527472527472527,0.6695823965448445,0.20022103787458767,0.11060606060606078,-0.6263736263736264,0.016541935428871186,0.48131868131868133,0.08141829504280487,TRUE,0.9285714285714286,1.1204819277108433,Shanghai,0.9606720658320372,0.9729669155213013
all_years,surface water,sulfonamides,E. coli | Tobramycin,chemical_fertilizers_2024,14,3,49,15,1,2013,2024,0.18241758241758244,0.5325088185186944,0.21318681318681318,0.4643028200397442,0.07898257926378309,0.18961038961038862,-0.4153846153846154,0.1396659475175257,0.4461538461538462,0.10980712780122513,FALSE,1,1.108433734939759,Guangdong,0.9606720658320372,0.9606462350922552
all_years,surface water,fluoroquinolones,K. pneumoniae | Tigecycline,hospitals_count_2024,15,3,77,21,1,2015,2024,-0.1821428571428571,0.5158816817070391,-0.23214285714285712,0.4050987406936487,0.27743910513984715,0.014965986394557854,0.4035714285714286,0.13576799650365637,0.36428571428571427,0.18191025904581395,FALSE,1,0.8461538461538467,Tibet,0.9606720658320372,0.9479489788776115
all_years,surface water,tetracyclines,K. pneumoniae | Gentamicin,chemical_fertilizers_2024,15,2,42,17,1,2015,2024,0.1821428571428571,0.5158816817070391,0.035714285714285705,0.8994469934720875,1,0,0.19285714285714287,0.49104870160522307,0.8607142857142858,3.8055250226647326e-5,TRUE,0.9333333333333333,1.0361990950226245,Henan,0.9606720658320372,0.9842154623604513
all_years,wastewater influent,fluoroquinolones,K. pneumoniae | Imipenem,milk_output_2024,11,3,44,12,1,2016,2024,-0.18181818181818182,0.5926152128455,-0.045454545454545456,0.8944269969053027,0.07495187103951058,0.3977272727272725,0.2909090909090909,0.38545696969136556,-0.5454545454545454,0.08265095734417509,TRUE,1,2.166666666666666,Beijing,0.9760411679411738,0.9842154623604513
all_years,wastewater influent,fluoroquinolones,E. coli | Ertapenem,urban_share_2024,11,3,44,12,1,2016,2024,0.18181818181818182,0.5926152128455002,0.17272727272727273,0.6115423848512369,0.07495187103951058,0.3977272727272725,0.2727272727272727,0.41714143714253127,0.6636363636363637,0.025984133918765542,TRUE,0.9090909090909091,1.3,Beijing,0.9760411679411738,0.9606462350922552
all_years,soil,sulfonamides,S. aureus | Rifampicin,grp_per_capita_2024,20,3,313,56,2,2006,2019,-0.1816131242430009,0.4434930760667771,0.05413533834586466,0.8206745196973445,0.22138678024989444,0.059746349446122726,0.5425786284438201,0.01344424302302041,-0.4481203007518797,0.04753173575066418,TRUE,1,0.7191832476068846,Zhejiang,0.9606720658320372,0.9842154623604513
all_years,sediment,lincosamides,P. aeruginosa | Cefepime,large_animals_year_end_2024,13,3,26,22,1,2010,2018,0.18156825980064073,0.552739662865044,0.11538461538461539,0.7073898735142602,0.2592759711301179,0.06997245179063301,-0.327373074489034,0.27488966062773995,-0.35714285714285715,0.23092986230203383,TRUE,1,0.9228360211077076,Zhejiang,0.9648651550036924,0.9729669155213013
all_years,soil,macrolides,P. aeruginosa | Ciprofloxacin,milk_output_2024,20,3,104,34,2,2006,2020,-0.18147739843289273,0.4438396295110082,-0.19097744360902255,0.41992697220250474,0.3132637601270729,0.018907030492805205,0.43554575623894254,0.054921130935576906,0.3804511278195489,0.0979680397059128,FALSE,1,0.7567130730873844,Tibet,0.9606720658320372,0.9479489788776115
all_years,wastewater effluent,fluoroquinolones,E. coli | Tobramycin,total_aquatic_products_2024,13,3,34,15,1,2016,2024,-0.1813186813186813,0.5532950092839335,-0.06593406593406594,0.8305423857560938,0.28932970799328467,0.04803767660910481,-0.6758241758241759,0.011225245577668611,0.4340659340659341,0.1383423778882127,TRUE,0.9230769230769231,1.0771349862258952,Hainan,0.9648651550036924,0.9842154623604513
all_years,wastewater effluent,fluoroquinolones,K. pneumoniae | Amikacin,freshwater_aquatic_products_2024,13,3,34,15,1,2016,2024,-0.1813186813186813,0.5532950092839335,0.016483516483516484,0.9573761750901848,0.28932970799328467,0.04803767660910481,-0.6978021978021978,0.00800071741122648,0.46703296703296704,0.10760914039913917,TRUE,1,1.7768595041322317,Beijing,0.9648651550036924,0.9867239251522226
all_years,wastewater effluent,fluoroquinolones,P. aeruginosa | Amikacin,freshwater_aquatic_products_2024,13,3,34,15,1,2016,2024,-0.1813186813186813,0.5532950092839335,-0.2802197802197802,0.3537636356336794,0.28932970799328467,0.04803767660910481,-0.6978021978021978,0.00800071741122648,0.19230769230769232,0.5290679872349876,TRUE,1,0.768595041322314,Sichuan,0.9648651550036924,0.9268335373285431
all_years,wastewater effluent,fluoroquinolones,P. aeruginosa | Ciprofloxacin,total_aquatic_products_2024,13,3,34,15,1,2016,2024,-0.1813186813186813,0.5532950092839335,-0.11538461538461539,0.7073898735142602,0.28932970799328467,0.04803767660910481,-0.6758241758241759,0.011225245577668611,0.2692307692307692,0.3737330422818921,TRUE,1,0.9228650137741047,Hainan,0.9648651550036924,0.9729669155213013
all_years,sludge,sulfonamides,K. pneumoniae | Trimethoprim/Sulfamethoxazole,grp_per_capita_2024,16,3,143,28,1,2005,2017,-0.18114871435347127,0.50196176160645,-0.16470588235294117,0.5421481352010775,0.6133729962850374,0,-0.3162426708204668,0.23275560389798974,0.46176470588235297,0.07176841584053806,TRUE,1,1.0781909910546787,Guangdong,0.9606720658320372,0.9606462350922552
all_years,soil,diaminopyrimidines,S. aureus | Ciprofloxacin,milk_output_2024,8,3,9,8,1,2008,2015,-0.18073600976695497,0.6684274536427575,-0.28571428571428575,0.49272624501695705,0.24103244438393973,0.07490909090909051,-0.5542570966186618,0.1539883457589951,0.38095238095238093,0.35181255311756493,TRUE,0.75,1.4024615616949963,Beijing,0.985139664720586,0.9606462350922552
all_years,sediment,diaminopyrimidines,E. coli | Trimethoprim/Sulfamethoxazole,grp_2024,18,3,122,45,2,2008,2020,0.18059855521155832,0.4732892668249995,0.2961816305469556,0.23271685741068474,0.01039862314664235,0.47547758284600455,-0.32507739938080493,0.18808478142236898,-0.5397316821465429,0.020782714646741137,TRUE,1,0.7014285714285714,Zhejiang,0.9606720658320372,0.8756506136724482
all_years,sludge,macrolides,K. pneumoniae | Trimethoprim/Sulfamethoxazole,sewage_pipe_length_2024,14,3,77,25,1,2005,2017,0.1802137133433038,0.5375564847485075,0.0945054945054945,0.7479382611415478,0.8556343441410651,0,0.4204986644677089,0.13436459633396483,0.6175824175824176,0.018604674280708396,TRUE,0.9285714285714286,1.1548011276531727,Guangdong,0.9606720658320372,0.9751218136611995
all_years,sediment,other,E. coli | Cefoxitin,WastewaterHealthIndex,7,2,19,10,1,2008,2018,-0.1801874925391118,0.6990457740939315,NA,NA,0.3724558699813696,0,-0.4,0.37393392381774704,0,1,FALSE,1,3.987277932547031,Tianjin,0.985139664720586,NA
all_years,sediment,other,K. pneumoniae | Cefotetan,LivestockAquacultureIndex,7,2,19,10,1,2008,2018,-0.1801874925391118,0.6990457740939315,NA,NA,0.3724558699813696,0,-0.10811249552346708,0.8175332656241181,-0.5714285714285714,0.18020198891152778,FALSE,0.8571428571428571,2.9641248358604595,Shandong,0.985139664720586,NA
all_years,sediment,other,P. aeruginosa | Aztreonam,WastewaterHealthIndex,7,2,19,10,1,2008,2018,-0.1801874925391118,0.6990457740939315,NA,NA,0.3724558699813696,0,-0.4,0.37393392381774704,0.28829998806257884,0.5306506599466652,TRUE,0.8571428571428571,1.475694980303255,Shanghai,0.985139664720586,NA
all_years,soil,sulfonamides,S. aureus | Clindamycin,grp_per_capita_2024,20,3,313,56,2,2006,2019,-0.18010596138621254,0.4473492829046084,-0.14135338345864662,0.5522144386322416,0.22138678024989444,0.059746349446122726,0.5425786284438201,0.01344424302302041,-0.5458646616541354,0.012783628876204703,TRUE,1,0.7238031283359122,Zhejiang,0.9606720658320372,0.9606462350922552
all_years,surface water,tetracyclines,E. coli | Tobramycin,grp_per_capita_2024,15,2,42,17,1,2015,2024,0.17857142857142855,0.5242843600465525,0.07857142857142856,0.7807545523090463,1,0,-0.49642857142857144,0.059797413749923985,-0.38571428571428573,0.1556307945859602,TRUE,0.8666666666666667,1.0615384615384615,Henan,0.9606720658320372,0.9773635099083988
all_years,sediment,beta-lactams,A. baumannii | Cefepime,LivestockAquacultureIndex,7,3,34,15,1,2012,2018,-0.17857142857142855,0.7016579425162729,NA,NA,0.8983973213480706,0,-0.14285714285714285,0.7599453002180931,0.35714285714285715,0.4316113520383284,TRUE,0.8571428571428571,2.7600000000000007,Hubei,0.985139664720586,NA
all_years,sediment,beta-lactams,K. pneumoniae | Cefazolin,EconomicScaleIndex,7,3,34,15,1,2012,2018,-0.17857142857142855,0.7016579425162729,NA,NA,0.8983973213480706,0,-0.14285714285714285,0.7599453002180931,0.7142857142857143,0.07134356146753773,TRUE,0.7142857142857143,1.8,Shaanxi,0.985139664720586,NA
all_years,sediment,beta-lactams,S. aureus | Trimethoprim/Sulfamethoxazole,EconomicScaleIndex,7,3,34,15,1,2012,2018,0.17857142857142855,0.7016579425162729,NA,NA,0.8983973213480706,0,-0.14285714285714285,0.7599453002180931,-0.7142857142857143,0.07134356146753773,TRUE,0.7142857142857143,1.8,Shaanxi,0.985139664720586,NA
all_years,surface water,diaminopyrimidines,E. coli | Cefepime,LivestockAquacultureIndex,7,2,9,8,1,2018,2024,0.17857142857142855,0.7016579425162729,NA,NA,NA,NA,-0.5714285714285714,0.18020198891152778,-0.4642857142857143,0.29393410760025207,TRUE,0.8571428571428571,2.7600000000000007,Tibet,0.985139664720586,NA
all_years,surface water,diaminopyrimidines,K. pneumoniae | Ceftriaxone,LivestockAquacultureIndex,7,2,9,8,1,2018,2024,0.17857142857142855,0.7016579425162729,NA,NA,NA,NA,-0.5714285714285714,0.18020198891152778,-0.10714285714285714,0.8191508555699912,TRUE,0.7142857142857143,2.7600000000000007,Tibet,0.985139664720586,NA
all_years,surface water,diaminopyrimidines,P. aeruginosa | Amikacin,LivestockAquacultureIndex,7,2,9,8,1,2018,2024,-0.17857142857142855,0.7016579425162729,NA,NA,NA,NA,-0.5714285714285714,0.18020198891152778,0.10714285714285714,0.8191508555699913,TRUE,0.7142857142857143,1.7200000000000004,Anhui,0.985139664720586,NA
all_years,sediment,diaminopyrimidines,E. coli | Ampicillin,large_animals_year_end_2024,18,3,122,45,2,2008,2020,0.1785345717234262,0.47844493292280266,0.40763673890608876,0.09312305169960113,0.01039862314664235,0.47547758284600455,0.13312693498452013,0.5984607651208831,0.7502579979360166,3.3529803822391995e-4,TRUE,1,1.2377167630057808,Tianjin,0.9606720658320372,0.7523012248017777
all_years,sediment,diaminopyrimidines,E. coli | Tobramycin,urban_env_infra_investment_2024,18,3,122,45,2,2008,2020,-0.1785345717234262,0.47844493292280343,-0.0030959752321981426,0.9902723852270469,0.01039862314664235,0.47547758284600455,-0.22807017543859648,0.3627002084947104,0.628482972136223,0.005214699418213291,TRUE,1,0.7023121387283239,Liaoning,0.9606720658320372,0.9951115661410841
all_years,sediment,diaminopyrimidines,K. pneumoniae | Cefoxitin,grp_2024,18,3,122,45,2,2008,2020,-0.1785345717234262,0.47844493292280343,-0.15789473684210525,0.5314832784708438,0.01039862314664235,0.47547758284600455,-0.32507739938080493,0.18808478142236898,0.40970072239422084,0.09131835313137272,TRUE,1,0.7709537572254338,Hainan,0.9606720658320372,0.9606462350922552
all_years,sediment,diaminopyrimidines,K. pneumoniae | Meropenem,grp_2024,18,3,122,45,2,2008,2020,-0.1785345717234262,0.47844493292280343,-0.09803921568627451,0.6987424830235269,0.01039862314664235,0.47547758284600455,-0.32507739938080493,0.18808478142236898,0.4324045407636739,0.07310819207072558,TRUE,1,0.688583815028902,Hainan,0.9606720658320372,0.9729669155213013
all_years,sludge,tetracyclines,E. coli | Aztreonam,hospitals_count_2024,14,3,77,19,2,2004,2020,-0.1784285142399542,0.5416604735154293,-0.19120879120879122,0.5125839704707784,0.30098512187415105,0.03648989898989916,0.28594313179479847,0.3216615793914707,0.47692307692307695,0.08464843419468661,FALSE,1,1.05679411491246,Hebei,0.9606720658320372,0.9606462350922552
all_years,sediment,tetracyclines,P. aeruginosa | Imipenem,grp_2024,23,3,693,129,2,2004,2025,-0.17840376131492044,0.4153897277337071,0.018774703557312252,0.9322405344278781,0.06310630550908343,0.17629345855989417,-0.29701014002844095,0.1687385708187329,0.5059288537549407,0.013776317138224045,TRUE,1,0.943875521672154,Qinghai,0.9606720658320372,0.9853330220901917
all_years,soil,tetracyclines,K. pneumoniae | Amikacin,grp_2024,24,3,312,68,2,2007,2022,-0.17826086956521736,0.4046292620718739,-0.0817391304347826,0.7041697144360891,0.48567178524771265,0,-0.15130434782608695,0.4803459029793672,0.648695652173913,6.061249548857917e-4,TRUE,1,0.6008869179600886,Hainan,0.9600626569866181,0.9729669155213013
all_years,sludge,sulfonamides,K. pneumoniae | Amikacin,grp_per_capita_2024,16,3,143,28,1,2005,2017,-0.17807839716103957,0.50935758601961445,-0.17058823529411765,0.527609768861268,0.6133729962850374,0,-0.3162426708204668,0.23275560389798974,0.7294117647058823,0.001343078682383667,TRUE,1,0.7546381522749587,Heilongjiang,0.9606720658320372,0.9606462350922552
all_years,sludge,sulfonamides,S. aureus | Penicillin G,urban_share_2024,16,3,143,28,1,2005,2017,0.17807839716103957,0.5093575860196147,0.1176470588235294,0.6643410791623536,0.6133729962850374,0,-0.22413315504751533,0.4039976574134323,-0.7970588235294118,2.180980699057496e-4,TRUE,1,0.8603392457854984,Tianjin,0.9606720658320372,0.9729669155213013
all_years,surface water,macrolides,A. baumannii | Amikacin,urban_env_infra_investment_2024,14,3,42,16,1,2015,2023,-0.17802197802197803,0.5425969526062151,0.12527472527472527,0.6695823965448445,0.006641885476426646,0.5788497217068641,-0.4725274725274725,0.087967424612542,0.6571428571428571,0.010661967747329802,TRUE,1,0.9444444444444443,Anhui,0.9606720658320372,0.9729669155213013
all_years,surface water,macrolides,K. pneumoniae | Aztreonam,freshwater_aquatic_products_2024,14,3,42,16,1,2015,2023,-0.17802197802197803,0.5425969526062151,0.03296703296703296,0.9109186530718452,0.006641885476426646,0.5788497217068641,-0.4153846153846154,0.1396659475175257,0.5868131868131868,0.02738437553108774,TRUE,0.9285714285714286,1.1913580246913582,Guangdong,0.9606720658320372,0.9842154623604513
all_years,surface water,sulfonamides,A. baumannii | Meropenem,chemical_fertilizers_2024,14,3,49,15,1,2013,2024,-0.17802197802197803,0.5425969526062151,-0.16043956043956042,0.5837527526413416,0.07898257926378309,0.18961038961038862,-0.4153846153846154,0.1396659475175257,0.6,0.023308410880000015,TRUE,1,0.8148148148148149,Tibet,0.9606720658320372,0.9606462350922552
all_years,surface water,sulfonamides,K. pneumoniae | Levofloxacin,chemical_fertilizers_2024,14,3,49,15,1,2013,2024,-0.17802197802197803,0.5425969526062151,-0.2703296703296703,0.3499193863496043,0.07898257926378309,0.18961038961038862,-0.4153846153846154,0.1396659475175257,0.7362637362637363,0.0026764473596131975,TRUE,0.9285714285714286,1.154320987654321,Tibet,0.9606720658320372,0.9268335373285431
all_years,surface water,sulfonamides,P. aeruginosa | Tobramycin,LivestockAquacultureIndex,14,3,49,15,1,2013,2024,0.17802197802197803,0.5425969526062151,-0.23956043956043957,0.4094298928517326,0.07898257926378309,0.18961038961038862,-0.4862489191020163,0.07789960750661203,-0.41364161443972425,0.14150422928011722,TRUE,1,0.9444444444444443,Guangdong,0.9606720658320372,0.9479489788776115
all_years,sludge,macrolides,A. baumannii | Aztreonam,sewage_pipe_length_2024,14,3,77,25,1,2005,2017,-0.17798885268474451,0.5426732895544741,-0.18681318681318682,0.5225040123791592,0.8556343441410651,0,0.4204986644677089,0.13436459633396483,0.34065934065934067,0.23331605103682382,FALSE,1,1.0049289672327608,Qinghai,0.9606720658320372,0.9606462350922552
all_years,sludge,macrolides,E. coli | Nitrofurantoin,milk_output_2024,14,3,77,25,1,2005,2017,-0.17798885268474451,0.5426732895544741,-0.4153846153846154,0.1396659475175257,0.8556343441410651,0,-0.34262854141813315,0.23045006637631998,0.4593406593406593,0.09846837616829027,TRUE,0.9285714285714286,1.0783680708744185,Guangdong,0.9606720658320372,0.8234711270505317
all_years,sludge,macrolides,K. pneumoniae | Meropenem,sewage_pipe_length_2024,14,3,77,25,1,2005,2017,0.17798885268474451,0.5426732895544744,0.2087912087912088,0.4737788373098136,0.8556343441410651,0,0.4204986644677089,0.13436459633396483,0.47692307692307695,0.08464843419468661,TRUE,1,1.6018199530306991,Beijing,0.9606720658320372,0.9606462350922552
all_years,sediment,macrolides,E. coli | Ceftriaxone,total_aquatic_products_2024,23,3,430,93,2,2008,2025,0.17786561264822134,0.41682106458459345,0.23320158102766797,0.2842237921370185,0.003177020108859277,0.4751811594202898,-0.43478260869565216,0.03814605716443817,-0.41205533596837945,0.050730958546246624,TRUE,1,0.7555555555555558,Guangdong,0.9606720658320372,0.8969656318280155
all_years,soil,macrolides,E. coli | Cefotaxime,milk_output_2024,20,3,104,34,2,2006,2020,0.17769661929887415,0.4535497952103519,0.19248120300751878,0.4162064734197989,0.3132637601270729,0.018907030492805205,0.43554575623894254,0.054921130935576906,0.5593984962406015,0.010333258461010748,TRUE,1,0.773239634329255,Tianjin,0.9606720658320372,0.9479489788776115
all_years,sediment,tetracyclines,E. coli | Aztreonam,urban_env_infra_investment_2024,23,3,693,129,2,2004,2025,-0.17741537482564107,0.4180206486342821,-0.08596837944664032,0.6965207900633738,0.06310630550908343,0.17629345855989417,-0.35334816991736323,0.09813788776686909,0.40019762845849804,0.05846386887150024,TRUE,1,0.7318558175898687,Qinghai,0.9606720658320372,0.9729669155213013
all_years,soil,tetracyclines,A. baumannii | Levofloxacin,population_2024,24,3,312,68,2,2007,2022,0.17652173913043473,0.4093032847915006,0.25913043478260867,0.22143371075635893,0.48567178524771265,0,-0.31217391304347825,0.1375180295921436,0.41739130434782606,0.04242428156214387,FALSE,1,0.6457680250783704,Henan,0.960202105235759,0.8756506136724482
all_years,soil,tetracyclines,E. coli | Cefotetan,hospitals_count_2024,24,3,312,68,2,2007,2022,0.17652173913043473,0.4093032847915006,0.2417391304347826,0.25510646621773336,0.48567178524771265,0,-0.35391304347826086,0.0897584560898227,0.2182608695652174,0.30555439158449466,FALSE,1,0.6569637259292439,Henan,0.960202105235759,0.8871017830455327
all_years,sediment,diaminopyrimidines,K. pneumoniae | Tigecycline,urban_share_2024,18,3,122,45,2,2008,2020,0.1764705882352941,0.48362814549353283,0.19711042311661506,0.433057670392028,0.01039862314664235,0.47547758284600455,0.28586171310629516,0.2501695935454805,0.3457172342621259,0.15995306278645877,TRUE,1,0.7638888888888887,Tianjin,0.9606720658320372,0.9507920383745695
all_years,sludge,diaminopyrimidines,E. coli | Ceftriaxone,pork_output_2024,13,3,19,17,1,2010,2017,0.17627113227795294,0.5645763644690541,0.038461538461538464,0.9007243023389339,0.8019823386358851,0,-0.7166432918841367,0.005846431266760286,-0.24725274725274726,0.41540511972553806,TRUE,1,1.2867710419054836,Hebei,0.9725336301598146,0.9842154623604513
all_years,sludge,diaminopyrimidines,P. aeruginosa | Gentamicin,freshwater_aquatic_products_2024,13,3,19,17,1,2010,2017,0.17627113227795294,0.5645763644690541,0.1813186813186813,0.5532950092839335,0.8019823386358851,0,-0.5288133968338589,0.06315863753009365,-0.31868131868131866,0.28858316144472024,TRUE,1,1.413813877566899,Hebei,0.9725336301598146,0.9606462350922552
all_years,sludge,macrolides,A. baumannii | Tobramycin,sewage_pipe_length_2024,14,3,77,25,1,2005,2017,-0.17576399202618517,0.5478110626549428,-0.22637362637362637,0.43643479455605194,0.8556343441410651,0,0.4204986644677089,0.13436459633396483,0.2967032967032967,0.3029667238387018,FALSE,1,0.9673525338364841,Qinghai,0.9620365237647919,0.9507920383745695
all_years,wastewater effluent,macrolides,E. coli | Ceftriaxone,milk_output_2024,10,3,27,10,1,2018,2024,0.17575757575757575,0.6271883447764844,0.04242424242424242,0.9073638178128158,0.09424870603515988,0.3890909090909095,0.47878787878787876,0.16152292801745585,0.41818181818181815,0.22911284098281884,TRUE,0.8,1.4655172413793103,Xinjiang,0.9828052509946328,0.9842154623604513
all_years,wastewater effluent,macrolides,E. coli | Cefuroxime,milk_output_2024,10,3,27,10,1,2018,2024,0.17575757575757575,0.6271883447764844,0.04242424242424242,0.9073638178128158,0.09424870603515988,0.3890909090909095,0.47878787878787876,0.16152292801745585,0.41818181818181815,0.22911284098281884,TRUE,0.8,1.4655172413793103,Xinjiang,0.9828052509946328,0.9842154623604513
all_years,sediment,sulfonamides,P. aeruginosa | Cefepime,grp_2024,24,3,1061,135,2,2008,2025,-0.17569037162446882,0.41154814260596684,-0.05913043478260868,0.783735252825447,0.0015521231748156271,0.520774428109915,-0.23961731377495624,0.2594293755011346,0.42434782608695654,0.038760097639367115,TRUE,1,0.7045960087771245,Hainan,0.9606720658320372,0.9789117293711547
all_years,soil,fluoroquinolones,P. aeruginosa | Imipenem,grp_per_capita_2024,23,3,318,64,2,2006,2020,-0.17503095048683676,0.42440486357539586,-0.47727272727272724,0.021281928974200757,0.9845108143090242,0,0.41433880369482834,0.04933753133495683,0.4614624505928854,0.02665868230373516,FALSE,1,0.5512034206571568,Ningxia,0.9606720658320372,0.5232578623874142
all_years,surface water,fluoroquinolones,A. baumannii | Cefotaxime,chemical_fertilizers_2024,15,3,77,21,1,2015,2024,-0.17499999999999996,0.532748148137859,-0.3714285714285714,0.17284974708033993,0.27743910513984715,0.014965986394557854,0.4107142857142857,0.1283286460157489,0.5071428571428571,0.053663663780805906,FALSE,1,1.147566718995291,Anhui,0.9606720658320372,0.8507301600285916
all_years,surface water,fluoroquinolones,S. aureus | Ciprofloxacin,chemical_fertilizers_2024,15,3,77,21,1,2015,2024,0.17499999999999996,0.532748148137859,0.13928571428571426,0.6205460876279016,0.27743910513984715,0.014965986394557854,0.4107142857142857,0.1283286460157489,0.45,0.09235737494812266,TRUE,1,1.222919937205652,Hubei,0.9606720658320372,0.9642670806230015
all_years,sediment,fluoroquinolones,P. aeruginosa | Piperacillin,urban_env_infra_investment_2024,23,3,950,128,2,2007,2025,-0.17490118577075098,0.4247538117161004,-0.07114624505928854,0.747008309304177,0.025862178954528397,0.2654973649538867,-0.3616600790513834,0.08994509168798827,0.25691699604743085,0.23664567701812383,TRUE,1,0.5835351089588376,Xinjiang,0.9606720658320372,0.9751218136611995
all_years,soil,tetracyclines,P. aeruginosa | Amikacin,hospitals_count_2024,24,3,312,68,2,2007,2022,-0.17478260869565215,0.4140070224085841,-0.11130434782608693,0.6046100724044845,0.48567178524771265,0,-0.35391304347826086,0.0897584560898227,0.21739130434782608,0.30753321054890737,TRUE,1,0.7186793306196293,Liaoning,0.9606720658320372,0.9606462350922552
all_years,sediment,diaminopyrimidines,E. coli | Ceftazidime,chemical_fertilizers_2024,18,3,122,45,2,2008,2020,-0.17440660474716202,0.4888387099593372,-0.08359133126934984,0.741577431572088,0.01039862314664235,0.47547758284600455,-0.24458204334365324,0.3280041243603068,0.347781217750258,0.15730765714242612,TRUE,1,1.0236686390532546,Zhejiang,0.9606720658320372,0.9751218136611995
all_years,sediment,macrolides,P. aeruginosa | Meropenem,grp_2024,23,3,430,93,2,2008,2025,-0.17391304347826086,0.42741609739663655,9.881422924901185e-4,0.9964297417631358,0.003177020108859277,0.4751811594202898,-0.37351778656126483,0.07915444117090965,0.48122529644268774,0.020084726670096323,TRUE,1,0.5551948051948051,Tibet,0.9606720658320372,0.9977530216326752
all_years,soil,tetracyclines,K. pneumoniae | Nitrofurantoin,population_2024,24,3,312,68,2,2007,2022,-0.17391304347826084,0.41636999529355645,-0.17739130434782607,0.40696255139715654,0.48567178524771265,0,-0.31217391304347825,0.1375180295921436,0.5469565217391305,0.005676965428637711,TRUE,1,0.6477272727272726,Hainan,0.9606720658320372,0.9479489788776115
all_years,sludge,diaminopyrimidines,A. baumannii | Cefotaxime,hogs_year_end_2024,13,3,19,17,1,2010,2017,-0.17338144158487176,0.5710771447013415,-0.17032967032967034,0.5779754288392672,0.8019823386358851,0,-0.7050845291118119,0.007106491488108418,0.25274725274725274,0.40477407127094656,TRUE,1,0.8923664864535229,Beijing,0.9725336301598146,0.9606462350922552
all_years,sludge,diaminopyrimidines,E. coli | Nitrofurantoin,pork_output_2024,13,3,19,17,1,2010,2017,-0.17338144158487176,0.5710771447013415,-0.06043956043956044,0.8445023706449684,0.8019823386358851,0,-0.7166432918841367,0.005846431266760286,0.15384615384615385,0.6157988686488813,TRUE,0.8461538461538461,1.3013738379301363,Hebei,0.9725336301598146,0.9842154623604513
all_years,sediment,lincosamides,K. pneumoniae | Ciprofloxacin,EconomicScaleIndex,13,3,26,22,1,2010,2018,0.1733151570824298,0.5712266182488058,0.2087912087912088,0.493621819356885,0.2592759711301179,0.06997245179063301,0.2066115702479339,0.4982454329898226,0.7620364843148103,0.002463409996090745,TRUE,0.9230769230769231,1.1010480675970498,Guizhou,0.9725336301598146,0.9606462350922552
all_years,sediment,sulfonamides,A. baumannii | Gentamicin,freshwater_aquatic_products_2024,24,3,1061,135,2,2008,2025,-0.17308110867955098,0.41863761995093396,-0.1695652173913043,0.4282952504035893,0.0015521231748156271,0.520774428109915,-0.3461622173591019,0.09751993168062467,0.4617391304347826,0.02312405927019514,TRUE,1,0.49747253342583947,Jilin,0.9606720658320372,0.9479489788776115
all_years,sediment,tetracyclines,E. coli | Nitrofurantoin,grp_per_capita_2024,23,3,693,129,2,2004,2025,0.17296763562388406,0.42997165180567076,0.09090909090909091,0.6799528986653569,0.06310630550908343,0.17629345855989417,-0.14381023419014363,0.5126967145545874,-0.4683794466403162,0.024186493084323274,TRUE,1,0.890679002626301,Tianjin,0.9606720658320372,0.9729669155213013
all_years,wastewater influent,fluoroquinolones,A. baumannii | Ceftriaxone,population_2024,11,3,44,12,1,2016,2024,-0.17272727272727273,0.6115423848512362,-0.11818181818181818,0.7292847795197801,0.07495187103951058,0.3977272727272725,-0.2545454545454545,0.45003657688882903,-0.2727272727272727,0.41714143714253127,FALSE,0.9090909090909091,1.2105263157894735,Zhejiang,0.9810438378510519,0.9729669155213013
all_years,wastewater influent,fluoroquinolones,P. aeruginosa | Piperacillin,freshwater_aquatic_products_2024,11,3,44,12,1,2016,2024,-0.17272727272727273,0.6115423848512362,0.03636363636363637,0.9154683168905347,0.07495187103951058,0.3977272727272725,-0.39090909090909093,0.2345400670951944,0.2727272727272727,0.41714143714253127,TRUE,0.9090909090909091,1.2456140350877192,Heilongjiang,0.9810438378510519,0.9842154623604513
all_years,soil,sulfonamides,E. coli | Chloramphenicol,grp_per_capita_2024,20,3,313,56,2,2006,2019,-0.17257014710227056,0.46688896816365233,-0.15338345864661654,0.5185244542213633,0.22138678024989444,0.059746349446122726,0.5425786284438201,0.01344424302302041,-0.28421052631578947,0.22458459821120466,TRUE,1,0.7200603842300658,Guangxi,0.9606720658320372,0.9606462350922552
all_years,sediment,tetracyclines,E. coli | Tigecycline,grp_2024,23,3,693,129,2,2004,2025,0.17247344237924442,0.43131078136815604,0.014822134387351778,0.9464831976960981,0.06310630550908343,0.17629345855989417,-0.29701014002844095,0.1687385708187329,-0.22727272727272727,0.29699219432941915,TRUE,1,0.8076774168851604,Guangdong,0.9606720658320372,0.9867239251522226
all_years,sludge,sulfonamides,K. pneumoniae | Ceftriaxone,grp_per_capita_2024,16,3,143,28,1,2005,2017,-0.17193776277617612,0.5242994963788915,-0.20588235294117646,0.44428464105214427,0.6133729962850374,0,-0.3162426708204668,0.23275560389798974,0.6058823529411764,0.012860298533367228,TRUE,1,0.6934668288194349,Gansu,0.9606720658320372,0.9535880891790752
all_years,surface water,fluoroquinolones,A. baumannii | Ceftriaxone,chemical_fertilizers_2024,15,3,77,21,1,2015,2024,-0.1714285714285714,0.541272176099633,-0.1821428571428571,0.5158816817070391,0.27743910513984715,0.014965986394557854,0.4107142857142857,0.1283286460157489,0.34285714285714286,0.21092379341475206,FALSE,1,1.012820512820513,Shaanxi,0.9606720658320372,0.9606462350922552
all_years,sediment,lincosamides,S. aureus | Chloramphenicol,total_aquatic_products_2024,13,3,26,22,1,2010,2018,-0.17056412284302616,0.5774442802833083,-0.15384615384615385,0.6157988686488816,0.2592759711301179,0.06997245179063301,0.3218710060102268,0.2835130785985348,-0.46153846153846156,0.11237597055825115,TRUE,0.9230769230769231,1.2258913253056627,Guizhou,0.9739177869158879,0.9606462350922552
all_years,sediment,macrolides,P. aeruginosa | Imipenem,grp_2024,23,3,430,93,2,2008,2025,-0.16996047430830039,0.4381547867784815,-0.0741106719367589,0.7368224254146725,0.003177020108859277,0.4751811594202898,-0.37351778656126483,0.07915444117090965,0.516798418972332,0.01156963491205538,TRUE,1,0.511627906976744,Tibet,0.9606720658320372,0.9729669155213013
all_years,soil,sulfonamides,P. aeruginosa | Polymyxin B,urban_share_2024,20,3,313,56,2,2006,2019,-0.16955582138869382,0.4748240323757521,-0.23909774436090225,0.30998626440604465,0.22138678024989444,0.059746349446122726,0.5094210455944755,0.021775408416415995,0.29473684210526313,0.20713542085215372,FALSE,1,0.8184499443685249,Chongqing,0.9606720658320372,0.9122214762504753
all_years,sludge,tetracyclines,E. coli | Cefazolin,population_2024,14,3,77,19,2,2004,2020,-0.16927833402252068,0.5629059307018196,-0.23076923076923075,0.4273358616774501,0.30098512187415105,0.03648989898989916,0.4140456548388681,0.14107667385991463,0.3098901098901099,0.2809332808692584,FALSE,1,0.8948418223996676,Hebei,0.9725336301598146,0.9479489788776115
all_years,soil,fluoroquinolones,P. aeruginosa | Piperacillin,hospitals_count_2024,23,3,318,64,2,2006,2020,-0.16909769792796095,0.44051780141090435,-0.004940711462450593,0.9821500334482502,0.9845108143090242,0,-0.5305316663061466,0.00920503544877101,0.17687747035573123,0.4194562721219227,TRUE,1,0.9016218560038607,Tibet,0.9606720658320372,0.9935731161026486
all_years,sediment,tetracyclines,A. baumannii | Aztreonam,urban_env_infra_investment_2024,23,3,693,129,2,2004,2025,-0.16901408966676673,0.44074715102127704,-0.11956521739130435,0.5868591882350056,0.06310630550908343,0.17629345855989417,-0.35334816991736323,0.09813788776686909,0.45454545454545453,0.029328876961785405,TRUE,1,0.9883743008056189,Qinghai,0.9606720658320372,0.9606462350922552
all_years,sludge,sulfonamides,E. coli | Aztreonam,hospitals_count_2024,16,3,143,28,1,2005,2017,-0.1688674455837444,0.5318443896285349,-0.3647058823529412,0.16486839724475397,0.6133729962850374,0,0.3070317192431717,0.24738910127380673,0.39705882352941174,0.12780600908826198,FALSE,1,0.8503456878535931,Gansu,0.9606720658320372,0.839937645422598
all_years,sludge,sulfonamides,K. pneumoniae | Cefoxitin,grp_per_capita_2024,16,3,143,28,1,2005,2017,-0.1688674455837444,0.5318443896285349,-0.25588235294117645,0.33878990807124576,0.6133729962850374,0,-0.3162426708204668,0.23275560389798974,0.65,0.0064157065211752975,TRUE,1,0.7993601061363574,Fujian,0.9606720658320372,0.9268335373285431
all_years,sludge,sulfonamides,S. aureus | Gentamicin,milk_output_2024,16,3,143,28,1,2005,2017,-0.1688674455837444,0.5318443896285349,-0.1676470588235294,0.5348568245819432,0.6133729962850374,0,-0.024562537539453734,0.928054318697964,0.5823529411764706,0.017932734131035404,TRUE,1,0.8439467492171668,Beijing,0.9606720658320372,0.9606462350922552
all_years,sediment,sulfonamides,A. baumannii | Imipenem,urban_env_infra_investment_2024,24,3,1061,135,2,2008,2025,-0.16873233710468788,0.4306005683196148,-0.09565217391304347,0.6566056616723349,0.0015521231748156271,0.520774428109915,-0.19525984371135272,0.36053130301013314,0.5347826086956522,0.007093267681508562,TRUE,1,0.5259356023589035,Hainan,0.9606720658320372,0.9729669155213013
all_years,soil,diaminopyrimidines,E. coli | Levofloxacin,milk_output_2024,8,3,9,8,1,2008,2015,-0.16868694244915797,0.689660806707391,-0.02380952380952381,0.9553740118158809,0.24103244438393973,0.07490909090909051,-0.5542570966186618,0.1539883457589951,0.7380952380952381,0.03655276105286072,TRUE,0.75,1.3234066120763364,Beijing,0.985139664720586,0.9867239251522226
all_years,soil,diaminopyrimidines,K. pneumoniae | Chloramphenicol,freshwater_aquatic_products_2024,8,3,9,8,1,2008,2015,-0.16868694244915797,0.689660806707391,0.02380952380952381,0.9553740118158807,0.24103244438393973,0.07490909090909051,0.44581549075848886,0.26825005020123793,0.7142857142857143,0.04652823228416723,FALSE,0.875,1.6409061303369823,Chongqing,0.985139664720586,0.9867239251522226
all_years,soil,diaminopyrimidines,S. aureus | Erythromycin,milk_output_2024,8,3,9,8,1,2008,2015,-0.16868694244915797,0.689660806707391,-0.02380952380952381,0.9553740118158809,0.24103244438393973,0.07490909090909051,-0.5542570966186618,0.1539883457589951,0.7380952380952381,0.03655276105286072,TRUE,0.75,1.3234066120763364,Beijing,0.985139664720586,0.9867239251522226
all_years,sediment,diaminopyrimidines,P. aeruginosa | Meropenem,urban_share_2024,18,3,122,45,2,2008,2020,-0.16821465428276572,0.5046325110850315,0.005159958720330237,0.9837879533049654,0.01039862314664235,0.47547758284600455,0.28586171310629516,0.2501695935454805,0.4613003095975232,0.05399047637734738,FALSE,1,0.7047546012269943,Beijing,0.9606720658320372,0.993893859033422
all_years,sediment,fluoroquinolones,E. coli | Ciprofloxacin,milk_output_2024,23,3,950,128,2,2007,2025,-0.16798418972332016,0.44357751168209614,-0.13636363636363635,0.5349839119305697,0.025862178954528397,0.2654973649538867,-0.10573122529644269,0.6311269024565604,0.6867588932806324,2.9542354789082316e-4,TRUE,1,0.5932773109243696,Guangdong,0.9606720658320372,0.9606462350922552
all_years,surface water,fluoroquinolones,S. aureus | Tetracycline,milk_output_2024,15,3,77,21,1,2015,2024,-0.16785714285714284,0.549855554227801,-0.2678571428571428,0.33444360051235367,0.27743910513984715,0.014965986394557854,0.42857142857142855,0.11096021426087677,-0.49642857142857144,0.059797413749923985,TRUE,1,0.9607201309328969,Hainan,0.9635870238806898,0.9248305921258484
all_years,surface water,fluoroquinolones,E. coli | Amikacin,chemical_fertilizers_2024,15,3,77,21,1,2015,2024,0.16785714285714284,0.5498555542278019,-0.09642857142857142,0.7324528633867305,0.27743910513984715,0.014965986394557854,0.4107142857142857,0.1283286460157489,0.575,0.024936227942582555,TRUE,1,0.8297872340425532,Hebei,0.9635870238806898,0.9729669155213013
all_years,surface water,tetracyclines,S. aureus | Erythromycin,grp_per_capita_2024,15,2,42,17,1,2015,2024,0.16785714285714284,0.5498555542278019,-0.05714285714285713,0.8396998687415758,1,0,-0.49642857142857144,0.059797413749923985,-0.425,0.11429547548052241,TRUE,0.8666666666666667,1.1178396072013095,Henan,0.9635870238806898,0.9842154623604513
all_years,sediment,lincosamides,E. coli | Cefepime,urban_env_infra_investment_2024,13,3,26,22,1,2010,2018,-0.16781308860362248,0.5836890454315047,-0.13186813186813187,0.6676075762175147,0.2592759711301179,0.06997245179063301,-0.03301241087284377,0.914739660218673,0.7472527472527473,0.0033267413834299686,TRUE,0.8461538461538461,1.0208722237987349,Guangxi,0.9753008823697024,0.9729669155213013
all_years,sediment,macrolides,A. baumannii | Polymyxin B,hospital_beds_2024,22,3,430,93,2,2008,2025,0.1677018633540373,0.45567700180801307,0.08977978543195936,0.6911257270991122,0.003177020108859277,0.4751811594202898,-0.20948616600790515,0.3494473524394881,-0.4997176736307171,0.01788138711838155,TRUE,1,0.6882154882154877,Shaanxi,0.9606720658320372,0.9729669155213013
all_years,soil,sulfonamides,E. coli | Cefepime,grp_per_capita_2024,20,3,313,56,2,2006,2019,0.16729507710351121,0.48081939780263927,0.13984962406015036,0.5564935505662204,0.22138678024989444,0.059746349446122726,0.5425786284438201,0.01344424302302041,-0.09924812030075188,0.6771888443218219,FALSE,1,0.8008531531434088,Jilin,0.9606720658320372,0.9606462350922552
all_years,sediment,tetracyclines,S. aureus | Amikacin,urban_env_infra_investment_2024,23,3,693,129,2,2004,2025,-0.16703731668820807,0.446188160945993,-0.1116600790513834,0.611992848751711,0.06310630550908343,0.17629345855989417,-0.35334816991736323,0.09813788776686909,0.34881422924901184,0.10283305097355999,TRUE,1,0.6990595347425715,Tianjin,0.9606720658320372,0.9606462350922552
all_years,sediment,fluoroquinolones,E. coli | Nitrofurantoin,grp_per_capita_2024,23,3,950,128,2,2007,2025,0.16699604743083005,0.44630212952560666,0.13537549407114624,0.5379749676391852,0.025862178954528397,0.2654973649538867,-0.20454545454545456,0.34916435580619787,-0.4683794466403162,0.024186493084323274,TRUE,1,0.91039729501268,Tianjin,0.9606720658320372,0.9606462350922552
all_years,wastewater influent,sulfonamides,E. coli | Ertapenem,total_aquatic_products_2024,9,3,30,9,1,2016,2024,0.16666666666666666,0.6682310400715041,0.03333333333333333,0.932156735540504,0.8007374029168087,0,-0.43333333333333335,0.2439524358800516,0.4666666666666667,0.2053863511058118,FALSE,1,3.000000000000001,Shanxi,0.985139664720586,0.9853330220901917
all_years,soil,sulfonamides,K. pneumoniae | Ertapenem,EconomicScaleIndex,20,3,313,56,2,2006,2019,0.16654149567511703,0.4828261881409842,-0.09473684210526316,0.6911525963694352,0.22138678024989444,0.059746349446122726,0.5737461236962149,0.008166765310944247,0.319157147360672,0.17018827297426553,TRUE,1,0.7046527657232715,Jilin,0.9606720658320372,0.9729669155213013
all_years,sediment,sulfonamides,K. pneumoniae | Cefotaxime,grp_2024,24,3,1061,135,2,2008,2025,-0.16612307415977004,0.4378658769187529,-0.1408695652173913,0.511462281884675,0.0015521231748156271,0.520774428109915,-0.23961731377495624,0.2594293755011346,0.32869565217391306,0.11682275058870716,TRUE,1,0.8265653567000947,Guangdong,0.9606720658320372,0.9606462350922552
all_years,soil,tetracyclines,P. aeruginosa | Polymyxin B,hogs_year_end_2024,24,3,312,68,2,2007,2022,-0.1660869565217391,0.43796690160823903,-0.2913043478260869,0.16725434336435252,0.48567178524771265,0,-0.2643478260869565,0.2119392787870507,-0.3660869565217391,0.07851394802456467,FALSE,1,0.707520228462637,Beijing,0.9606720658320372,0.8449663040229046
all_years,sludge,sulfonamides,K. pneumoniae | Cefotetan,grp_per_capita_2024,16,3,143,28,1,2005,2017,-0.1657971283913127,0.5394377577999108,-0.16470588235294117,0.5421481352010775,0.6133729962850374,0,-0.3162426708204668,0.23275560389798974,0.6205882352941177,0.010313515549677674,TRUE,1,0.72752607006172,Gansu,0.9606720658320372,0.9606462350922552
all_years,soil,phenicols,E. coli | Ciprofloxacin,milk_output_2024,10,3,22,13,1,2007,2016,-0.16565664216775916,0.6474077386053475,0.3454545454545454,0.32822651147136733,0.17609777149412834,0.11860744297719157,-0.7301163117764201,0.01650624549810055,0.6484848484848484,0.042540127684489414,TRUE,0.7,1.2512524829144944,Shanghai,0.985139664720586,0.921151822516418
all_years,soil,phenicols,E. coli | Nitrofurantoin,milk_output_2024,10,3,22,13,1,2007,2016,-0.16565664216775916,0.6474077386053475,0.3090909090909091,0.38484123026128325,0.17609777149412834,0.11860744297719157,-0.7301163117764201,0.01650624549810055,0.503030303030303,0.13833369839449197,TRUE,0.9,1.1515473326885874,Hebei,0.985139664720586,0.9421113234318428
all_years,sediment,tetracyclines,K. pneumoniae | Ceftazidime,grp_2024,23,3,693,129,2,2004,2025,-0.16555473695428904,0.4502920487845241,-0.023715415019762844,0.9144659262773505,0.06310630550908343,0.17629345855989417,-0.29701014002844095,0.1687385708187329,0.6205533596837944,0.0015813111343060341,TRUE,1,1.0060409802824872,Qinghai,0.9606720658320372,0.9842154623604513
all_years,sediment,lincosamides,E. coli | Polymyxin B,total_aquatic_products_2024,13,3,26,22,1,2010,2018,-0.16506205436421886,0.5899605661372347,-0.09890109890109891,0.7478683035983904,0.2592759711301179,0.06997245179063301,0.3218710060102268,0.2835130785985348,0.489010989010989,0.08991308230865631,FALSE,1,1.1644496079288051,Guangdong,0.9760411679411738,0.9751218136611995
all_years,surface water,macrolides,E. coli | Nitrofurantoin,chemical_fertilizers_2024,14,3,42,16,1,2015,2023,-0.16483516483516483,0.573346405013138,0.26593406593406593,0.35811340036478634,0.006641885476426646,0.5788497217068641,-0.512087912087912,0.061198486156458405,0.5736263736263736,0.03197081397639698,TRUE,0.8571428571428571,1.2666666666666666,Tibet,0.9725336301598146,0.9268335373285431
all_years,surface water,macrolides,P. aeruginosa | Meropenem,chemical_fertilizers_2024,14,3,42,16,1,2015,2023,-0.16483516483516483,0.573346405013138,0.05054945054945055,0.8637420361792152,0.006641885476426646,0.5788497217068641,-0.512087912087912,0.061198486156458405,0.5824175824175825,0.028854655357671826,TRUE,1,0.9333333333333333,Anhui,0.9725336301598146,0.9842154623604513
all_years,surface water,sulfonamides,A. baumannii | Ceftazidime,chemical_fertilizers_2024,14,3,49,15,1,2013,2024,-0.16483516483516483,0.573346405013138,-0.05054945054945055,0.8637420361792152,0.07898257926378309,0.18961038961038862,-0.4153846153846154,0.1396659475175257,0.5868131868131868,0.02738437553108774,TRUE,1,0.9,Hainan,0.9725336301598146,0.9842154623604513
all_years,surface water,sulfonamides,K. pneumoniae | Cefotetan,urban_env_infra_investment_2024,14,3,49,15,1,2013,2024,-0.16483516483516483,0.573346405013138,-0.3362637362637363,0.2397922022572526,0.07898257926378309,0.18961038961038862,-0.35384615384615387,0.21453987088124624,0.432967032967033,0.1220100059684803,TRUE,0.9285714285714286,1.2666666666666666,Tibet,0.9725336301598146,0.8756506136724482
all_years,surface water,sulfonamides,P. aeruginosa | Ceftazidime,hospital_beds_2024,14,3,49,15,1,2013,2024,-0.16483516483516483,0.573346405013138,-0.3230769230769231,0.2598736195087899,0.07898257926378309,0.18961038961038862,-0.35384615384615387,0.21453987088124624,0.3274725274725275,0.2530710007719408,TRUE,1,1.3000000000000003,Hainan,0.9725336301598146,0.8871017830455327
all_years,surface water,sulfonamides,K. pneumoniae | Cefepime,freshwater_aquatic_products_2024,14,3,49,15,1,2013,2024,0.16483516483516483,0.5733464050131385,0.14725274725274726,0.6154187624847252,0.07898257926378309,0.18961038961038862,-0.13846153846153847,0.6368849912650185,0.6923076923076923,0.0060710487499900405,FALSE,0.9285714285714286,1.1333333333333333,Guangdong,0.9725336301598146,0.9606462350922552
all_years,sludge,diaminopyrimidines,P. aeruginosa | Aztreonam,sewage_pipe_length_2024,13,3,19,17,1,2010,2017,0.16471236950562815,0.5907596399583649,0.027472527472527476,0.929011729160351,0.8019823386358851,0,-0.38721855287288026,0.19115364155854178,0.37362637362637363,0.2085540597952089,FALSE,1,1.4019268286161235,Gansu,0.9760411679411738,0.9853330220901917
all_years,sludge,macrolides,E. coli | Cefuroxime,milk_output_2024,14,3,77,25,1,2005,2017,-0.16463968873338866,0.573807554996539,-0.3274725274725275,0.2530710007719406,0.8556343441410651,0,-0.34262854141813315,0.23045006637631998,0.4593406593406593,0.09846837616829027,TRUE,0.9285714285714286,1.1863889253229416,Guangdong,0.9725336301598146,0.8871017830455327
all_years,soil,tetracyclines,E. coli | Aztreonam,hospitals_count_2024,24,3,312,68,2,2007,2022,-0.1643478260869565,0.44284615123934,-0.08869565217391304,0.6802397967489955,0.48567178524771265,0,-0.35391304347826086,0.0897584560898227,0.41391304347826086,0.044355692190527415,TRUE,1,0.827801827801828,Liaoning,0.9606720658320372,0.9729669155213013
all_years,surface water,tetracyclines,A. baumannii | Cefotaxime,grp_per_capita_2024,15,2,42,17,1,2015,2024,0.16428571428571426,0.5584973732486012,0.14642857142857138,0.6025499209830542,1,0,-0.49642857142857144,0.059797413749923985,0.3392857142857143,0.21602892534195475,FALSE,0.9333333333333333,1.173913043478261,Henan,0.9680381848659887,0.9606462350922552
all_years,surface water,tetracyclines,S. aureus | Penicillin G,milk_output_2024,15,2,42,17,1,2015,2024,-0.16428571428571426,0.5584973732486016,-0.3428571428571428,0.21092379341475206,1,0,0.16071428571428573,0.5671967045803448,0.6142857142857143,0.014833955405976944,FALSE,1,1.4481605351170574,Henan,0.9680381848659887,0.8680942753677526
all_years,sediment,diaminopyrimidines,A. baumannii | Minocycline,grp_2024,18,3,122,45,2,2008,2020,-0.16408668730650156,0.5152947310342105,-0.41382868937048506,0.08778525139466078,0.01039862314664235,0.47547758284600455,-0.32507739938080493,0.18808478142236898,0.3622291021671827,0.1396250064170029,TRUE,1,0.7028301886792456,Hainan,0.9606720658320372,0.7507306204313801
all_years,sediment,diaminopyrimidines,A. baumannii | Tigecycline,sewage_disposal_capacity_2024,18,3,122,45,2,2008,2020,-0.16408668730650156,0.5152947310342105,-0.15583075335397317,0.5369306230900768,0.01039862314664235,0.47547758284600455,-0.20743034055727555,0.4088537259590218,0.4262125902992776,0.07778293683965698,TRUE,1,0.7460691823899371,Jiangsu,0.9606720658320372,0.9606462350922552
all_years,sediment,diaminopyrimidines,S. aureus | Erythromycin,milk_output_2024,18,3,122,45,2,2008,2020,0.16408668730650156,0.5152947310342115,0.2982456140350877,0.22932241176613288,0.01039862314664235,0.47547758284600455,-0.07327141382868937,0.7726309674360763,0.7647058823529411,2.1879309769392725e-4,FALSE,1,1.150943396226415,Guangdong,0.9606720658320372,0.8756506136724482
all_years,wastewater influent,fluoroquinolones,E. coli | Meropenem,urban_share_2024,11,3,44,12,1,2016,2024,0.16363636363636364,0.6306852146425357,0.3090909090909091,0.3550284397015071,0.07495187103951058,0.3977272727272725,0.2727272727272727,0.41714143714253127,0.6090909090909091,0.04669570935409886,TRUE,0.9090909090909091,1.7037037037037037,Beijing,0.9843507082702075,0.9268335373285431
all_years,wastewater influent,fluoroquinolones,K. pneumoniae | Ampicillin,urban_share_2024,11,3,44,12,1,2016,2024,0.16363636363636364,0.6306852146425357,0.14545454545454548,0.6695786456420786,0.07495187103951058,0.3977272727272725,0.2727272727272727,0.41714143714253127,0.36363636363636365,0.27163754099382265,TRUE,0.9090909090909091,1.333333333333333,Sichuan,0.9843507082702075,0.9729669155213013
all_years,sludge,sulfonamides,A. baumannii | Cefepime,hospitals_count_2024,16,3,143,28,1,2005,2017,-0.16272681119888097,0.5470789717571667,-0.41764705882352937,0.10747407939930081,0.6133729962850374,0,0.3070317192431717,0.24738910127380673,0.23823529411764705,0.3742541297279882,FALSE,1,0.6888242638627361,Gansu,0.9620365237647919,0.7902982973469247
all_years,sludge,tetracyclines,K. pneumoniae | Tigecycline,LivestockAquacultureIndex,14,3,77,19,2,2004,2020,0.1624156988594455,0.5790649040884317,0.3142857142857143,0.2738049029628676,0.30098512187415105,0.03648989898989916,0.44378374054552716,0.11193596059833444,-0.23516483516483516,0.4183338961985912,FALSE,1,1.508663821205194,Hebei,0.9739177869158879,0.8969656318280155
all_years,sludge,tetracyclines,P. aeruginosa | Piperacillin,sewage_pipe_length_2024,14,3,77,19,2,2004,2020,-0.1624156988594455,0.5790649040884321,-0.054945054945054944,0.8520077036323677,0.30098512187415105,0.03648989898989916,0.26764277135993136,0.3549157774316807,0.3978021978021978,0.15895077451083472,FALSE,1,1.0282813873573906,Hebei,0.9739177869158879,0.9842154623604513
all_years,sludge,macrolides,S. aureus | Trimethoprim/Sulfamethoxazole,milk_output_2024,14,3,77,25,1,2005,2017,-0.16241482807482935,0.5790669664001507,-0.33186813186813185,0.24637718314961182,0.8556343441410651,0,-0.34262854141813315,0.23045006637631998,0.6483516483516484,0.012144222573105724,TRUE,1,1.1460851640337932,Shanghai,0.9739177869158879,0.8785296752720978
all_years,sediment,sulfonamides,K. pneumoniae | Cefepime,grp_2024,24,3,1061,135,2,2008,2025,-0.16220917974239324,0.4488856700707844,-0.1034782608695652,0.6303950708493535,0.0015521231748156271,0.520774428109915,-0.23961731377495624,0.2594293755011346,0.5104347826086957,0.010817218599752942,TRUE,1,0.7487723128473089,Guangdong,0.9606720658320372,0.9643538787526716
all_years,sediment,other,P. aeruginosa | Imipenem,LivestockAquacultureIndex,7,2,19,10,1,2008,2018,-0.1621687432852006,0.7282995630820224,NA,NA,0.3724558699813696,0,-0.10811249552346708,0.8175332656241181,-0.5,0.2531699951003227,FALSE,0.7142857142857143,2.2332832822676982,Shanghai,0.985139664720586,NA
all_years,sediment,other,S. aureus | Gentamicin,LivestockAquacultureIndex,7,2,19,10,1,2008,2018,-0.1621687432852006,0.7282995630820224,NA,NA,0.3724558699813696,0,-0.10811249552346708,0.8175332656241181,-0.39285714285714285,0.38331687042697266,FALSE,0.8571428571428571,2.5856499343441843,Shanghai,0.985139664720586,NA
all_years,sediment,other,S. aureus | Rifampicin,LivestockAquacultureIndex,7,2,19,10,1,2008,2018,0.1621687432852006,0.7282995630820224,NA,NA,0.3724558699813696,0,-0.10811249552346708,0.8175332656241181,0.35714285714285715,0.4316113520383284,FALSE,1,4.362664443598959,Tianjin,0.985139664720586,NA
all_years,soil,macrolides,E. coli | Cefotetan,milk_output_2024,20,3,104,34,2,2006,2020,-0.16181734693599603,0.4955006887964454,-0.17293233082706766,0.46594008519241703,0.3132637601270729,0.018907030492805205,0.43554575623894254,0.054921130935576906,0.4481203007518797,0.04753173575066418,FALSE,1,0.8690343271947041,Tibet,0.9606720658320372,0.9606462350922552
all_years,soil,sulfonamides,P. aeruginosa | Gentamicin,grp_per_capita_2024,20,3,313,56,2,2006,2019,-0.16126642567635766,0.4969892510110353,-0.18195488721804512,0.44262106677574975,0.22138678024989444,0.059746349446122726,0.5425786284438201,0.01344424302302041,-0.281203007518797,0.22974103217104475,TRUE,1,1.0069885989701113,Liaoning,0.9606720658320372,0.9535880891790752
all_years,sediment,macrolides,E. coli | Cefuroxime,total_aquatic_products_2024,23,3,430,93,2,2008,2025,0.16106719367588934,0.46283371899320547,0.23517786561264822,0.280045386970316,0.003177020108859277,0.4751811594202898,-0.43478260869565216,0.03814605716443817,-0.3922924901185771,0.06410230238921223,TRUE,1,0.8194566170026295,Guangdong,0.9606720658320372,0.8969656318280155
all_years,sediment,macrolides,P. aeruginosa | Piperacillin,milk_output_2024,23,3,430,93,2,2008,2025,0.16106719367588934,0.46283371899320547,0.1808300395256917,0.40896996107842065,0.003177020108859277,0.4751811594202898,0.21936758893280633,0.31456006390749924,0.5207509881422925,0.010843032636860116,TRUE,1,0.8615249780893954,Guangdong,0.9606720658320372,0.9479489788776115
all_years,sediment,sulfonamides,K. pneumoniae | Cefuroxime,grp_2024,24,3,1061,135,2,2008,2025,-0.16046967111244803,0.4538298914496983,-0.1504347826086956,0.4829016923237188,0.0015521231748156271,0.520774428109915,-0.23961731377495624,0.2594293755011346,0.43043478260869567,0.03576316089882472,TRUE,1,0.6260644853375276,Tibet,0.9606720658320372,0.9606462350922552
all_years,surface water,sulfonamides,S. aureus | Clindamycin,large_animals_year_end_2024,14,3,49,15,1,2013,2024,0.16043956043956042,0.5837527526413409,0.5208791208791208,0.056153927343702656,0.07898257926378309,0.18961038961038862,-0.07252747252747253,0.8053763135410925,0.8021978021978022,5.563056127922433e-4,FALSE,0.9285714285714286,1.3082191780821917,Tibet,0.9753008823697024,0.7095844995310587
all_years,surface water,sulfonamides,S. aureus | Gentamicin,chemical_fertilizers_2024,14,3,49,15,1,2013,2024,0.16043956043956042,0.5837527526413409,0.41098901098901103,0.14433266812460496,0.07898257926378309,0.18961038961038862,-0.4153846153846154,0.1396659475175257,0.43736263736263736,0.11784483174447682,FALSE,1,0.9657534246575342,Hainan,0.9753008823697024,0.8234711270505317
all_years,sediment,phenicols,E. coli | Aztreonam,milk_output_2024,14,3,58,25,1,2006,2020,-0.16043956043956042,0.5837527526413416,-0.21758241758241756,0.4549193731700335,0.20022103787458767,0.11060606060606078,-0.23956043956043957,0.4094298928517326,0.6,0.023308410880000015,TRUE,1,1.123287671232877,Jilin,0.9753008823697024,0.9606462350922552
all_years,soil,macrolides,S. aureus | Gentamicin,milk_output_2024,20,3,104,34,2,2006,2020,0.16030503528238857,0.49959208522523524,0.03609022556390977,0.8799311955207729,0.3132637601270729,0.018907030492805205,0.43554575623894254,0.054921130935576906,0.47368421052631576,0.03487999137949657,TRUE,1,0.9447884646542717,Jilin,0.9606720658320372,0.9842154623604513
all_years,sludge,macrolides,K. pneumoniae | Amikacin,sewage_pipe_length_2024,14,3,77,25,1,2005,2017,0.16018996741627003,0.5843459338424979,0.19120879120879122,0.5125839704707784,0.8556343441410651,0,0.4204986644677089,0.13436459633396483,0.4857142857142857,0.07827588645863327,TRUE,1,1.8386656783400535,Beijing,0.9753008823697024,0.9606462350922552
all_years,sludge,tetracyclines,K. pneumoniae | Ertapenem,urban_share_2024,14,3,77,19,2,2004,2020,0.16012815380508713,0.5844928773057768,0.35824175824175825,0.20849812479076696,0.30098512187415105,0.03648989898989916,-0.21274169005533006,0.46525822108730286,0.4021978021978022,0.15397442954140356,FALSE,1,0.9413108220069233,Liaoning,0.9753008823697024,0.8680942753677526
all_years,sludge,tetracyclines,S. aureus | Chloramphenicol,LivestockAquacultureIndex,14,3,77,19,2,2004,2020,0.16012815380508713,0.5844928773057768,0.3362637362637363,0.23979220225725306,0.30098512187415105,0.03648989898989916,0.44378374054552716,0.11193596059833444,-0.24395604395604395,0.400624803916119,FALSE,1,1.0824970636074267,Liaoning,0.9753008823697024,0.8756506136724482
all_years,sediment,diaminopyrimidines,P. aeruginosa | Amikacin,urban_share_2024,18,3,122,45,2,2008,2020,-0.15995872033023736,0.5260613631447351,-0.19091847265221878,0.4479306707266414,0.01039862314664235,0.47547758284600455,0.28586171310629516,0.2501695935454805,-0.19298245614035087,0.4429441508248103,TRUE,1,0.9080645161290323,Chongqing,0.9606720658320372,0.9535880891790752
all_years,sludge,sulfonamides,A. baumannii | Ceftazidime,hospitals_count_2024,16,3,143,28,1,2005,2017,-0.15965649400644927,0.5547673895001805,-0.31470588235294117,0.23515831926634445,0.6133729962850374,0,0.3070317192431717,0.24738910127380673,0.31470588235294117,0.23515831926634445,FALSE,1,0.9335169259081796,Fujian,0.9661021735045727,0.8756506136724482
all_years,sediment,lincosamides,P. aeruginosa | Ceftazidime,chemical_fertilizers_2024,13,3,26,22,1,2010,2018,0.15955998588541154,0.602582463227624,-0.010989010989010988,0.971577682777073,0.2592759711301179,0.06997245179063301,-0.23933997882811733,0.4309595500618638,0.46703296703296704,0.10760914039913917,FALSE,0.9230769230769231,1.1317109294885683,Zhejiang,0.979122990444698,0.9881783805943072
all_years,soil,macrolides,K. pneumoniae | Ceftriaxone,grp_per_capita_2024,20,3,104,34,2,2006,2020,0.15954887945558485,0.5016439099437349,0.1518796992481203,0.522681911140314,0.3132637601270729,0.018907030492805205,0.21399209898545266,0.3649682823792031,0.3533834586466165,0.126406650779322,TRUE,1,0.6743324214007065,Jilin,0.9606720658320372,0.9606462350922552
all_years,wastewater effluent,fluoroquinolones,S. aureus | Gentamicin,sewage_disposal_capacity_2024,13,3,34,15,1,2016,2024,0.15934065934065933,0.6030877531318972,0.4340659340659341,0.1383423778882127,0.28932970799328467,0.04803767660910481,-0.510989010989011,0.07432891414402142,0.34065934065934067,0.2547064607541252,FALSE,0.9230769230769231,1.4576802507836997,Hainan,0.979122990444698,0.8234711270505317
all_years,wastewater effluent,fluoroquinolones,K. pneumoniae | Imipenem,freshwater_aquatic_products_2024,13,3,34,15,1,2016,2024,-0.15934065934065933,0.6030877531318974,-0.1813186813186813,0.5532950092839335,0.28932970799328467,0.04803767660910481,-0.6978021978021978,0.00800071741122648,0.32967032967032966,0.2713350545052358,TRUE,1,1.984326018808778,Beijing,0.979122990444698,0.9606462350922552
all_years,wastewater effluent,fluoroquinolones,K. pneumoniae | Tobramycin,freshwater_aquatic_products_2024,13,3,34,15,1,2016,2024,-0.15934065934065933,0.6030877531318974,-0.09340659340659342,0.7615000227827012,0.28932970799328467,0.04803767660910481,-0.6978021978021978,0.00800071741122648,0.2692307692307692,0.3737330422818921,TRUE,1,1.984326018808778,Beijing,0.979122990444698,0.9760848906711721
all_years,sludge,diaminopyrimidines,A. baumannii | Aztreonam,pork_output_2024,13,3,19,17,1,2010,2017,-0.15893298811946577,0.604027389323134,-0.16483516483516483,0.5904789886520049,0.8019823386358851,0,-0.7166432918841367,0.005846431266760286,0.18681318681318682,0.5411235235098939,TRUE,0.9230769230769231,1.2818041081944131,Gansu,0.979122990444698,0.9606462350922552
all_years,sludge,diaminopyrimidines,A. baumannii | Ceftriaxone,pork_output_2024,13,3,19,17,1,2010,2017,-0.15893298811946577,0.604027389323134,-0.2692307692307692,0.37373304228189186,0.8019823386358851,0,-0.7166432918841367,0.005846431266760286,0.12087912087912088,0.6940473279966857,TRUE,1,1.348367568286776,Guangdong,0.979122990444698,0.9351594487186277
all_years,sludge,diaminopyrimidines,K. pneumoniae | Cefotaxime,urban_share_2024,13,3,19,17,1,2010,2017,-0.15893298811946577,0.604027389323134,-0.2857142857142857,0.3440002182586702,0.8019823386358851,0,0.19071958574335895,0.5325404019517954,0.7692307692307693,0.00211222959934988,FALSE,0.9230769230769231,1.2818041081944131,Gansu,0.979122990444698,0.9268335373285431
all_years,sludge,diaminopyrimidines,E. coli | Aztreonam,chemical_fertilizers_2024,13,3,19,17,1,2010,2017,0.15893298811946577,0.6040273893231343,0.29120879120879123,0.33438585619752903,0.8019823386358851,0,-0.49991648990304693,0.08192344224947626,0.37362637362637363,0.2085540597952089,FALSE,1,1.230949189872437,Hebei,0.979122990444698,0.9248305921258484
all_years,soil,tetracyclines,S. aureus | Chloramphenicol,urban_env_infra_investment_2024,24,3,312,68,2,2007,2022,0.15826086956521737,0.460148912728106,0.13999999999999999,0.5140986909290425,0.48567178524771265,0,-0.1973913043478261,0.35520789041081746,-0.6556521739130434,5.049286602973923e-4,TRUE,1,0.7252747252747253,Jiangxi,0.9606720658320372,0.9606462350922552
all_years,sediment,fluoroquinolones,S. aureus | Ciprofloxacin,EconomicScaleIndex,23,3,950,128,2,2007,2025,-0.15810276679841898,0.47121646253366734,-0.07114624505928854,0.747008309304177,0.025862178954528397,0.2654973649538867,-0.2185955569818106,0.31630899109510546,0.6429281087700311,9.368082854488898e-4,TRUE,1,0.8035714285714289,Qinghai,0.9606720658320372,0.9751218136611995
all_years,sludge,tetracyclines,E. coli | Ampicillin,urban_share_2024,14,3,77,19,2,2004,2020,-0.15784060875072872,0.5899412948030034,-0.5648351648351648,0.03533018486755273,0.30098512187415105,0.03648989898989916,-0.21274169005533006,0.46525822108730286,-0.7626373626373626,0.0015142307860533217,FALSE,1,1.3616869090778467,Hebei,0.9760411679411738,0.5697942153713511
all_years,soil,tetracyclines,K. pneumoniae | Ertapenem,grp_2024,24,3,312,68,2,2007,2022,-0.15739130434782608,0.46264909166367674,-0.1034782608695652,0.6303950708493535,0.48567178524771265,0,-0.15130434782608695,0.4803459029793672,0.5165217391304348,0.009761613063737282,TRUE,1,0.7830236062280261,Beijing,0.9606720658320372,0.9643538787526716
all_years,soil,macrolides,E. coli | Cefepime,milk_output_2024,20,3,104,34,2,2006,2020,0.1572804119751737,0.5078237436306199,0.13082706766917293,0.5824730901969895,0.3132637601270729,0.018907030492805205,0.43554575623894254,0.054921130935576906,0.06466165413533835,0.7865148626867857,TRUE,1,0.9360779378534312,Tianjin,0.9606720658320372,0.9606462350922552
all_years,soil,macrolides,A. baumannii | Minocycline,pork_output_2024,20,3,104,34,2,2006,2020,-0.1572804119751737,0.5078237436306201,-0.32631578947368417,0.16027455107910066,0.3132637601270729,0.018907030492805205,0.13610804882466954,0.5672042028523583,0.35789473684210527,0.12130112810947347,FALSE,1,0.8989423534362982,Tibet,0.9606720658320372,0.8334416432151582
all_years,surface water,fluoroquinolones,K. pneumoniae | Cefepime,milk_output_2024,15,3,77,21,1,2015,2024,-0.1571428571428571,0.5759526006037949,-0.19999999999999996,0.4748139645221686,0.27743910513984715,0.014965986394557854,0.42857142857142855,0.11096021426087677,-0.45,0.09235737494812266,TRUE,0.9333333333333333,1.237762237762238,Hubei,0.9726638471060958,0.9606462350922552
all_years,sludge,fluoroquinolones,S. aureus | Oxacillin,grp_per_capita_2024,16,3,149,31,2,2005,2017,0.15704134550067936,0.5613527491621677,0.07058823529411765,0.7950393023376281,0.06923543109736396,0.25696039035591295,0.4933468684125115,0.052146211631197946,0.3264705882352941,0.21715949057922934,TRUE,1,0.8967350013665675,Jiangsu,0.9717383597499142,0.9799202460692253
all_years,sludge,sulfonamides,P. aeruginosa | Amikacin,hospitals_count_2024,16,3,143,28,1,2005,2017,-0.15658617681401754,0.5625023563113691,-0.2411764705882353,0.36820660804263405,0.6133729962850374,0,0.3070317192431717,0.24738910127380673,0.21764705882352942,0.41808684161130294,FALSE,0.9375,1.091638109232091,Hebei,0.9724800352383094,0.932377137755518
all_years,sludge,sulfonamides,P. aeruginosa | Meropenem,grp_per_capita_2024,16,3,143,28,1,2005,2017,-0.15658617681401754,0.5625023563113691,-0.20882352941176469,0.43765851094980046,0.6133729962850374,0,-0.3162426708204668,0.23275560389798974,0.7588235294117647,6.540302361647897e-4,TRUE,1,1.308014465359549,Heilongjiang,0.9724800352383094,0.9507920383745695
all_years,sediment,tetracyclines,P. aeruginosa | Meropenem,grp_2024,23,3,693,129,2,2004,2025,-0.15616506530613533,0.4767374723775786,0.05434782608695652,0.8054580956761177,0.06310630550908343,0.17629345855989417,-0.29701014002844095,0.1687385708187329,0.4634387351778656,0.02593260432450388,TRUE,1,1.0579388479319853,Qinghai,0.9606720658320372,0.9842154623604513
all_years,sediment,macrolides,K. pneumoniae | Trimethoprim/Sulfamethoxazole,freshwater_aquatic_products_2024,23,3,430,93,2,2008,2025,-0.15612648221343872,0.4768477376528468,0.010869565217391304,0.9607417268705642,0.003177020108859277,0.4751811594202898,-0.4901185770750988,0.017589302048693578,0.4140316205533597,0.04952323132101122,TRUE,1,0.9493670886075956,Guangdong,0.9606720658320372,0.9869199755591355
all_years,sediment,phenicols,P. aeruginosa | Gentamicin,WastewaterHealthIndex,14,3,58,25,1,2006,2020,-0.15604395604395604,0.5942347005808518,-0.39780219780219783,0.15895077451083486,0.20022103787458767,0.11060606060606078,-0.3674369660182657,0.1962088401883401,-0.34103430977743227,0.23276863646583643,FALSE,0.9285714285714286,1.176056338028169,Shanghai,0.9760411679411738,0.8334416432151582
all_years,surface water,sulfonamides,S. aureus | Tetracycline,urban_share_2024,14,3,49,15,1,2013,2024,-0.15604395604395604,0.5942347005808518,-0.07692307692307693,0.7938058883554533,0.07898257926378309,0.18961038961038862,0.18681318681318682,0.5225040123791592,-0.4065934065934066,0.14910193900151375,TRUE,0.9285714285714286,1.2816901408450705,Guangxi,0.9760411679411738,0.9799202460692253
all_years,sediment,diaminopyrimidines,S. aureus | Tetracycline,WastewaterHealthIndex,18,3,122,45,2,2008,2020,-0.15583075335397317,0.5369306230900768,-0.38080495356037153,0.11898433684768561,0.01039862314664235,0.47547758284600455,-0.2543955803048744,0.30834040511178556,-0.3164432828182584,0.20077221585658728,FALSE,0.9444444444444444,1.015728476821192,Tianjin,0.9606720658320372,0.8138668527285788
all_years,sludge,macrolides,S. aureus | Oxacillin,pork_output_2024,14,3,77,25,1,2005,2017,-0.15574024609915144,0.594961690802851,0.03296703296703296,0.9109186530718452,0.8556343441410651,0,0.5473157220055893,0.04279329934575179,-0.3626373626373626,0.2025645438172418,TRUE,0.9285714285714286,1.0537381057424584,Beijing,0.9760411679411738,0.9842154623604513
all_years,sludge,macrolides,A. baumannii | Cefotaxime,freshwater_aquatic_products_2024,14,3,77,25,1,2005,2017,0.15574024609915144,0.5949616908028512,0.17802197802197803,0.5425969526062151,0.8556343441410651,0,0.5829134925425382,0.028685897723242478,0.4153846153846154,0.1396659475175257,TRUE,1,0.9345718067285063,Tianjin,0.9760411679411738,0.9606462350922552
all_years,sludge,tetracyclines,P. aeruginosa | Amikacin,population_2024,14,3,77,19,2,2004,2020,0.15555306369637034,0.5954099247614675,0.06813186813186813,0.8169838797817922,0.30098512187415105,0.03648989898989916,0.4140456548388681,0.14107667385991463,0.2835164835164835,0.32596594744177265,TRUE,1,1.180081671772481,Liaoning,0.976182715551172,0.9842154623604513
all_years,sediment,sulfonamides,K. pneumoniae | Ampicillin,freshwater_aquatic_products_2024,24,3,1061,135,2,2008,2025,-0.1552511452226123,0.4688323767953092,-0.13826086956521735,0.5193911494591457,0.0015521231748156271,0.520774428109915,-0.3461622173591019,0.09751993168062467,0.32521739130434785,0.12097787354372343,TRUE,1,0.7093707875131949,Fujian,0.9606720658320372,0.9606462350922552
all_years,sediment,fluoroquinolones,P. aeruginosa | Imipenem,grp_2024,23,3,950,128,2,2007,2025,-0.15513833992094864,0.4796761180696488,0.07905138339920949,0.7199415184401362,0.025862178954528397,0.2654973649538867,-0.32707509881422925,0.12766439967393878,0.5059288537549407,0.013776317138224045,TRUE,1,1.0127388535031847,Qinghai,0.9606720658320372,0.9729669155213013
all_years,sediment,fluoroquinolones,A. baumannii | Polymyxin B,grp_2024,23,3,950,128,2,2007,2025,0.15513833992094864,0.4796761180696497,0.05039525691699605,0.8193712029624162,0.025862178954528397,0.2654973649538867,-0.32707509881422925,0.12766439967393878,-0.4268774703557312,0.042208169996089256,TRUE,1,0.7797998180163785,Qinghai,0.9606720658320372,0.9842154623604513
all_years,sediment,macrolides,E. coli | Cefazolin,milk_output_2024,23,3,430,93,2,2008,2025,0.15513833992094864,0.4796761180696497,0.25889328063241107,0.23293245624868344,0.003177020108859277,0.4751811594202898,0.21936758893280633,0.31456006390749924,0.6462450592885376,8.638285086928522e-4,TRUE,1,0.6833484986351228,Tibet,0.9606720658320372,0.8756506136724482
all_years,soil,tetracyclines,P. aeruginosa | Levofloxacin,grp_2024,24,3,312,68,2,2007,2022,-0.15478260869565214,0.47019170707375024,-0.2234782608695652,0.2938468714348548,0.48567178524771265,0,-0.15130434782608695,0.4803459029793672,0.5834782608695652,0.002762944506986374,TRUE,1,0.8066905005107257,Liaoning,0.9606720658320372,0.9024732535006884
all_years,sediment,tetracyclines,P. aeruginosa | Polymyxin B,urban_env_infra_investment_2024,23,3,693,129,2,2004,2025,0.15468248557221634,0.48098377101627887,0.15513833992094864,0.4796761180696497,0.06310630550908343,0.17629345855989417,-0.35334816991736323,0.09813788776686909,-0.10276679841897234,0.640781534751842,TRUE,1,0.6796576637191721,Zhejiang,0.9606720658320372,0.9606462350922552
all_years,wastewater influent,fluoroquinolones,A. baumannii | Tobramycin,population_2024,11,3,44,12,1,2016,2024,0.15454545454545454,0.65003396549758,0.14545454545454548,0.6695786456420786,0.07495187103951058,0.3977272727272725,-0.2545454545454545,0.45003657688882903,-0.2727272727272727,0.41714143714253127,TRUE,0.9090909090909091,1.8235294117647058,Zhejiang,0.985139664720586,0.9729669155213013
all_years,wastewater influent,fluoroquinolones,K. pneumoniae | Cefepime,urban_share_2024,11,3,44,12,1,2016,2024,0.15454545454545454,0.65003396549758,0.2,0.5554454421055857,0.07495187103951058,0.3977272727272725,0.2727272727272727,0.41714143714253127,0.6363636363636364,0.03528698122006226,TRUE,0.9090909090909091,1.8235294117647058,Beijing,0.985139664720586,0.9606462350922552
all_years,wastewater influent,fluoroquinolones,P. aeruginosa | Levofloxacin,urban_share_2024,11,3,44,12,1,2016,2024,-0.15454545454545454,0.65003396549758,0.14545454545454548,0.6695786456420786,0.07495187103951058,0.3977272727272725,0.2727272727272727,0.41714143714253127,0.5545454545454546,0.07665233333978251,FALSE,0.9090909090909091,1.5490196078431369,Beijing,0.985139664720586,0.9729669155213013
all_years,sediment,sulfonamides,E. coli | Cefotaxime,milk_output_2024,24,3,1061,135,2,2008,2025,0.1543813909076397,0.47135733731611695,0.1504347826086956,0.48290169232371816,0.0015521231748156271,0.520774428109915,0.20613177264851043,0.3338648970533443,0.548695652173913,0.0054954818861801145,TRUE,1,0.7606155959200342,Tianjin,0.9606720658320372,0.9606462350922552
all_years,sediment,lincosamides,P. aeruginosa | Tobramycin,total_aquatic_products_2024,13,3,26,22,1,2010,2018,-0.15405791740660427,0.6153071087576122,-0.15934065934065933,0.6030877531318974,0.2592759711301179,0.06997245179063301,0.3218710060102268,0.2835130785985348,-0.3076923076923077,0.30644705251252874,TRUE,0.7692307692307693,1.0454716304186724,Guangdong,0.9810438378510519,0.9606462350922552
all_years,wastewater effluent,fluoroquinolones,P. aeruginosa | Cefepime,total_aquatic_products_2024,13,3,34,15,1,2016,2024,-0.15384615384615385,0.6157988686488816,-0.23076923076923078,0.44812738231536564,0.28932970799328467,0.04803767660910481,-0.6758241758241759,0.011225245577668611,0.14285714285714285,0.6415164215860886,TRUE,0.8461538461538461,1.1363636363636365,Zhejiang,0.9810438378510519,0.9535880891790752
all_years,wastewater effluent,fluoroquinolones,P. aeruginosa | Meropenem,total_aquatic_products_2024,13,3,34,15,1,2016,2024,-0.15384615384615385,0.6157988686488816,-0.1043956043956044,0.7343037452877024,0.28932970799328467,0.04803767660910481,-0.6758241758241759,0.011225245577668611,0.21978021978021978,0.4706148514721423,TRUE,1,2.045454545454546,Beijing,0.9810438378510519,0.9729669155213013
all_years,sludge,sulfonamides,P. aeruginosa | Imipenem,grp_per_capita_2024,16,3,143,28,1,2005,2017,-0.15351585962158584,0.5702832049072339,-0.1176470588235294,0.6643410791623536,0.6133729962850374,0,-0.3162426708204668,0.23275560389798974,0.7970588235294118,2.1809806990574765e-4,TRUE,1,1.0108576029445067,Heilongjiang,0.9725336301598146,0.9729669155213013
all_years,sludge,macrolides,A. baumannii | Meropenem,sewage_pipe_length_2024,14,3,77,25,1,2005,2017,-0.15351538544059212,0.6002980517372152,-0.2615384615384615,0.3664111370667421,0.8556343441410651,0,0.4204986644677089,0.13436459633396483,0.5384615384615384,0.046976145859555195,FALSE,1,1.0902978110234829,Qinghai,0.979122990444698,0.9302154792872848
all_years,soil,phenicols,P. aeruginosa | Amikacin,milk_output_2024,10,3,22,13,1,2007,2016,0.15338577978496218,0.6722519084711704,0.406060606060606,0.24428229408662663,0.17609777149412834,0.11860744297719157,-0.7301163117764201,0.01650624549810055,0.24848484848484848,0.48877630451924314,FALSE,0.8,1.8841282478355104,Shandong,0.985139664720586,0.8785296752720978
all_years,sludge,tetracyclines,P. aeruginosa | Ciprofloxacin,grp_2024,14,3,77,19,2,2004,2020,-0.15326551864201196,0.600898532892282,-0.10769230769230768,0.7140308087262489,0.30098512187415105,0.03648989898989916,0.2516299559794226,0.38549252799635003,0.5384615384615384,0.046976145859555195,FALSE,1,1.1019891939776454,Qinghai,0.979122990444698,0.9729669155213013
all_years,sludge,diaminopyrimidines,K. pneumoniae | Cefoxitin,pork_output_2024,13,3,19,17,1,2010,2017,-0.1531536067333034,0.6174081404260412,-0.3736263736263737,0.2085540597952089,0.8019823386358851,0,-0.7166432918841367,0.005846431266760286,0.12087912087912088,0.6940473279966857,TRUE,0.9230769230769231,1.4857249166205306,Beijing,0.9810438378510519,0.8680942753677526
all_years,soil,macrolides,K. pneumoniae | Cefazolin,milk_output_2024,20,3,104,34,2,2006,2020,0.1527434770143514,0.5202919061039275,0.13984962406015036,0.5564935505662204,0.3132637601270729,0.018907030492805205,0.43554575623894254,0.054921130935576906,0.08721804511278196,0.7146383646582314,TRUE,1,0.9306270941080859,Tibet,0.9606720658320372,0.9606462350922552
all_years,soil,macrolides,K. pneumoniae | Cefotetan,grp_per_capita_2024,20,3,104,34,2,2006,2020,-0.1527434770143514,0.5202919061039275,0.021052631578947368,0.9297994024457081,0.3132637601270729,0.018907030492805205,0.21399209898545266,0.3649682823792031,0.4075187969924812,0.0745082158554703,FALSE,1,0.9306270941080859,Tibet,0.9606720658320372,0.9853330220901917
all_years,sediment,tetracyclines,E. coli | Cefoxitin,milk_output_2024,23,3,693,129,2,2004,2025,0.152211519349018,0.4881031005054114,0.1828063241106719,0.4037815419087559,0.06310630550908343,0.17629345855989417,-0.30343465220875665,0.15927575726801604,0.3814229249011858,0.07252253296442937,FALSE,1,0.7959111612018241,Qinghai,0.9606720658320372,0.9479489788776115
all_years,sediment,tetracyclines,E. coli | Amikacin,urban_env_infra_investment_2024,23,3,693,129,2,2004,2025,-0.15171732610437833,0.48953325533907777,-0.03458498023715415,0.8755124455826622,0.06310630550908343,0.17629345855989417,-0.35334816991736323,0.09813788776686909,0.4762845849802372,0.021590042575246216,TRUE,1,1.0847641644009096,Qinghai,0.9606720658320372,0.9842154623604513
all_years,sediment,diaminopyrimidines,K. pneumoniae | Imipenem,grp_2024,18,3,122,45,2,2008,2020,-0.15170278637770898,0.5479006675946312,-0.1001031991744066,0.6926899392518375,0.01039862314664235,0.47547758284600455,-0.32507739938080493,0.18808478142236898,0.3395252837977296,0.16807083488832167,TRUE,1,0.8095238095238096,Hainan,0.9620365237647919,0.9729669155213013
all_years,sediment,diaminopyrimidines,P. aeruginosa | Imipenem,urban_share_2024,18,3,122,45,2,2008,2020,-0.15170278637770898,0.5479006675946312,-0.015479876160990712,0.9513880221541828,0.01039862314664235,0.47547758284600455,0.28586171310629516,0.2501695935454805,0.5025799793601651,0.03353054708616267,FALSE,1,0.7610544217687077,Hainan,0.9620365237647919,0.9867239251522226
all_years,surface water,macrolides,S. aureus | Gentamicin,chemical_fertilizers_2024,14,3,42,16,1,2015,2023,0.15164835164835164,0.6047905984521368,0.43296703296703293,0.1220100059684803,0.006641885476426646,0.5788497217068641,-0.512087912087912,0.061198486156458405,0.45494505494505494,0.10215352669182921,FALSE,1,1.210144927536232,Henan,0.979122990444698,0.8138668527285788
all_years,surface water,macrolides,K. pneumoniae | Cefuroxime,hogs_year_end_2024,14,3,42,16,1,2015,2023,-0.15164835164835164,0.6047905984521376,0.024175824175824177,0.9346189946036425,0.006641885476426646,0.5788497217068641,-0.367032967032967,0.1967388717074883,0.5340659340659341,0.04915991637198511,TRUE,0.9285714285714286,1.4637681159420295,Guangdong,0.979122990444698,0.9853330220901917
all_years,wastewater effluent,macrolides,P. aeruginosa | Gentamicin,total_aquatic_products_2024,10,3,27,10,1,2018,2024,-0.1515151515151515,0.6760651759978541,-0.2363636363636363,0.5108853175152004,0.09424870603515988,0.3890909090909095,-0.3939393939393939,0.2599977668348876,-0.3212121212121212,0.36546831043867045,FALSE,0.8,1.8600000000000005,Zhejiang,0.985139664720586,0.9606462350922552
all_years,soil,macrolides,E. coli | Imipenem,EconomicScaleIndex,20,3,104,34,2,2006,2020,-0.15123116536074396,0.5244797331876674,-0.20902255639097744,0.37647233958713877,0.3132637601270729,0.018907030492805205,0.1483181013783609,0.5325906529127041,0.5297217451417502,0.016298439122400032,FALSE,1,0.9416111375409723,Tibet,0.9606720658320372,0.9358026726880306
all_years,sediment,tetracyclines,S. aureus | Tetracycline,milk_output_2024,23,3,693,129,2,2004,2025,0.15122313285973865,0.49096549705858283,0.14525691699604742,0.5084195727681444,0.06310630550908343,0.17629345855989417,-0.30343465220875665,0.15927575726801604,-0.48122529644268774,0.020084726670096323,TRUE,1,0.9533836309545664,Tianjin,0.9606720658320372,0.9606462350922552
all_years,sludge,fluoroquinolones,S. aureus | Trimethoprim/Sulfamethoxazole,milk_output_2024,16,3,149,31,2,2005,2017,-0.15111525699121978,0.5763983744706381,0.08235294117647059,0.761733078752474,0.06923543109736396,0.25696039035591295,-0.3022305139824395,0.2552382704186771,0.6647058823529411,0.004967385937481994,TRUE,0.9375,1.0953907612648701,Heilongjiang,0.9728075193662773,0.9760848906711721
all_years,sludge,tetracyclines,A. baumannii | Polymyxin B,hogs_year_end_2024,14,3,77,19,2,2004,2020,0.15097797358765355,0.6064068824628681,0.23956043956043957,0.4094298928517326,0.30098512187415105,0.03648989898989916,0.4414961954911688,0.1140172523175425,-0.4989010989010989,0.06936352739715487,FALSE,1,1.0215302774617552,Qinghai,0.9793289592828475,0.9479489788776115
all_years,soil,macrolides,E. coli | Ceftazidime,milk_output_2024,20,3,104,34,2,2006,2020,-0.15047500953394022,0.526579545620508,-0.1699248120300752,0.47384906489411205,0.3132637601270729,0.018907030492805205,0.43554575623894254,0.054921130935576906,0.39398496240601505,0.08564648173103372,FALSE,1,0.9708486624528524,Liaoning,0.9606720658320372,0.9606462350922552
all_years,wastewater influent,sulfonamides,K. pneumoniae | Levofloxacin,freshwater_aquatic_products_2024,9,3,30,9,1,2016,2024,-0.15,0.7000942309691425,0.05,0.89835280435063,0.8007374029168087,0,-0.6333333333333333,0.06708578689234561,0.5166666666666667,0.1543901209862251,TRUE,0.7777777777777778,2.428571428571429,Shanxi,0.985139664720586,0.9842154623604513
all_years,surface water,fluoroquinolones,K. pneumoniae | Ciprofloxacin,chemical_fertilizers_2024,15,3,77,21,1,2015,2024,0.14999999999999997,0.5936302027425884,0.03214285714285714,0.9094621170945906,0.27743910513984715,0.014965986394557854,0.4107142857142857,0.1283286460157489,0.6785714285714286,0.005416550219591705,TRUE,1,1.417582417582418,Hubei,0.9760411679411738,0.9842154623604513
all_years,surface water,fluoroquinolones,S. aureus | Rifampicin,hospitals_count_2024,15,3,77,21,1,2015,2024,-0.14999999999999997,0.5936302027425889,-0.10714285714285712,0.7039010016261613,0.27743910513984715,0.014965986394557854,0.4035714285714286,0.13576799650365637,-0.46785714285714286,0.07863023115438054,TRUE,0.9333333333333333,1.1611721611721613,Hainan,0.9760411679411738,0.9729669155213013
all_years,sludge,fluoroquinolones,E. coli | Tigecycline,total_aquatic_products_2024,16,3,149,31,2,2005,2017,-0.14963373486385487,0.580185972265139,-0.1588235294117647,0.5568612810855392,0.06923543109736396,0.25696039035591295,0.3896403194969686,0.13574152259819805,-0.4235294117647059,0.10210932208599766,TRUE,0.9375,1.2287961575882653,Gansu,0.9743222709832379,0.9606462350922552
all_years,sediment,tetracyclines,K. pneumoniae | Cefotetan,grp_2024,23,3,693,129,2,2004,2025,-0.14924635988117999,0.49671525070857026,-0.07806324110671936,0.7233078775886131,0.06310630550908343,0.17629345855989417,-0.29701014002844095,0.1687385708187329,0.4268774703557312,0.042208169996089256,TRUE,1,1.1003579833931467,Qinghai,0.9606720658320372,0.9729669155213013
all_years,sediment,macrolides,A. baumannii | Aztreonam,urban_env_infra_investment_2024,23,3,430,93,2,2008,2025,-0.1492094861660079,0.49682281859974564,0.08498023715415019,0.6998508154199039,0.003177020108859277,0.4751811594202898,-0.30335968379446643,0.1593839875761121,0.5464426877470355,0.006979445684996814,TRUE,1,0.8429517502365189,Shaanxi,0.9606720658320372,0.9729669155213013
all_years,sediment,sulfonamides,E. coli | Ceftazidime,milk_output_2024,24,3,1061,135,2,2008,2025,-0.14872798786031766,0.4879381292919196,-0.17652173913043473,0.4093032847915006,0.0015521231748156271,0.520774428109915,0.20613177264851043,0.3338648970533443,0.42086956521739133,0.04055960072223449,FALSE,1,0.6743656747365337,Tianjin,0.9606720658320372,0.9479489788776115
all_years,sludge,tetracyclines,K. pneumoniae | Gentamicin,grp_2024,14,3,77,19,2,2004,2020,0.14869042853329517,0.611934734323893,0.42417582417582417,0.13063731043811042,0.30098512187415105,0.03648989898989916,0.2516299559794226,0.38549252799635003,0.6175824175824176,0.018604674280708396,TRUE,1,1.1666657845615733,Shanghai,0.9810438378510519,0.818563978423839
all_years,wastewater effluent,fluoroquinolones,S. aureus | Tetracycline,freshwater_aquatic_products_2024,13,3,34,15,1,2016,2024,0.14835164835164835,0.6286094178894162,0.06593406593406594,0.8305423857560938,0.28932970799328467,0.04803767660910481,-0.6978021978021978,0.00800071741122648,0.21428571428571427,0.4820544547023683,FALSE,0.8461538461538461,1.4713804713804712,Hainan,0.9828171594479744,0.9842154623604513
all_years,wastewater effluent,fluoroquinolones,A. baumannii | Tigecycline,sewage_disposal_capacity_2024,13,3,34,15,1,2016,2024,-0.14835164835164835,0.6286094178894164,0.038461538461538464,0.9007243023389339,0.28932970799328467,0.04803767660910481,-0.510989010989011,0.07432891414402142,0.34065934065934067,0.2547064607541252,TRUE,0.9230769230769231,1.6397306397306401,Beijing,0.9828171594479744,0.9842154623604513
all_years,sediment,fluoroquinolones,K. pneumoniae | Tobramycin,grp_2024,23,3,950,128,2,2007,2025,-0.1482213438735178,0.49970970261304004,-0.04644268774703557,0.8333371995704251,0.025862178954528397,0.2654973649538867,-0.32707509881422925,0.12766439967393878,0.6037549407114624,0.0022847038296714087,TRUE,1,1.0533333333333337,Qinghai,0.9606720658320372,0.9842154623604513
all_years,sediment,macrolides,P. aeruginosa | Tobramycin,grp_2024,23,3,430,93,2,2008,2025,-0.1482213438735178,0.49970970261304004,-0.0958498023715415,0.6635269596839088,0.003177020108859277,0.4751811594202898,-0.37351778656126483,0.07915444117090965,0.20059288537549408,0.3587559053118986,TRUE,1,0.5847619047619046,Guangdong,0.9606720658320372,0.9729669155213013
all_years,soil,macrolides,K. pneumoniae | Trimethoprim/Sulfamethoxazole,sewage_pipe_length_2024,20,3,104,34,2,2006,2020,-0.14820654205352907,0.5329024192379376,-0.28270676691729324,0.22715328510473592,0.3132637601270729,0.018907030492805205,0.18525817756691132,0.43423906769221143,0.36541353383458647,0.11312213950560118,FALSE,1,0.9642517168618199,Tibet,0.9606720658320372,0.8756506136724482
all_years,soil,tetracyclines,E. coli | Cefepime,hospitals_count_2024,24,3,312,68,2,2007,2022,-0.14782608695652172,0.4906100707429598,-0.09826086956521737,0.6478231237133647,0.48567178524771265,0,-0.35391304347826086,0.0897584560898227,0.19652173913043477,0.35737406951590356,TRUE,1,0.9852941176470593,Liaoning,0.9606720658320372,0.9729669155213013
all_years,soil,macrolides,E. coli | Meropenem,EconomicScaleIndex,20,3,104,34,2,2006,2020,-0.14745038622672535,0.535017811140336,-0.21654135338345865,0.3591457825704004,0.3132637601270729,0.018907030492805205,0.1483181013783609,0.5325906529127041,0.632806800659392,0.002749130666716332,FALSE,1,0.970056993610755,Tibet,0.9606720658320372,0.9273631617284223
all_years,sludge,sulfonamides,K. pneumoniae | Aztreonam,grp_per_capita_2024,16,3,143,28,1,2005,2017,-0.1473752252367224,0.5859798164314431,-0.14411764705882352,0.5943782881736935,0.6133729962850374,0,-0.3162426708204668,0.23275560389798974,0.6764705882352942,0.00400825239020936,TRUE,1,0.897822276273145,Gansu,0.9753008823697024,0.9606462350922552
all_years,sludge,sulfonamides,K. pneumoniae | Cefepime,grp_per_capita_2024,16,3,143,28,1,2005,2017,-0.1473752252367224,0.5859798164314431,-0.13823529411764704,0.6096659407501828,0.6133729962850374,0,-0.3162426708204668,0.23275560389798974,0.6088235294117647,0.012315203198246456,TRUE,1,0.9489111381365725,Beijing,0.9753008823697024,0.9606462350922552
all_years,surface water,macrolides,E. coli | Tobramycin,chemical_fertilizers_2024,14,3,42,16,1,2015,2023,-0.14725274725274726,0.6154187624847254,-0.041758241758241756,0.8872869731890635,0.006641885476426646,0.5788497217068641,-0.512087912087912,0.061198486156458405,0.42857142857142855,0.1262738881593127,TRUE,0.9285714285714286,1.2611940298507462,Henan,0.9810438378510519,0.9842154623604513
all_years,surface water,sulfonamides,A. baumannii | Aztreonam,chemical_fertilizers_2024,14,3,49,15,1,2013,2024,-0.14725274725274726,0.6154187624847254,-0.30549450549450546,0.28816988587545705,0.07898257926378309,0.18961038961038862,-0.4153846153846154,0.1396659475175257,0.5164835164835165,0.058637163441278554,TRUE,0.9285714285714286,1.3507462686567162,Hainan,0.9810438378510519,0.8969656318280155
all_years,sediment,macrolides,A. baumannii | Ciprofloxacin,freshwater_aquatic_products_2024,23,3,430,93,2,2008,2025,-0.14723320158102765,0.5026048124293909,0.026679841897233204,0.9038196225649725,0.003177020108859277,0.4751811594202898,-0.4901185770750988,0.017589302048693578,0.33992094861660077,0.11251980895696757,TRUE,1,0.6375838926174502,Fujian,0.9606720658320372,0.9842154623604513
all_years,sludge,macrolides,E. coli | Ceftriaxone,milk_output_2024,14,3,77,25,1,2005,2017,-0.1468408034649142,0.6164184468966961,-0.3098901098901099,0.2809332808692584,0.8556343441410651,0,-0.34262854141813315,0.23045006637631998,0.3934065934065934,0.16403157340077754,TRUE,0.7857142857142857,1.3609680840276253,Guangdong,0.9810438378510519,0.8969656318280155
all_years,sludge,macrolides,P. aeruginosa | Tobramycin,milk_output_2024,14,3,77,25,1,2005,2017,-0.1468408034649142,0.6164184468966961,-0.16043956043956042,0.5837527526413416,0.8556343441410651,0,-0.34262854141813315,0.23045006637631998,0.45494505494505494,0.10215352669182921,TRUE,1,0.9969224385874812,Qinghai,0.9810438378510519,0.9606462350922552
all_years,soil,macrolides,K. pneumoniae | Cefoxitin,EconomicScaleIndex,20,3,104,34,2,2006,2020,-0.14669423039992163,0.537137064135898,-0.17894736842105263,0.4503254416093402,0.3132637601270729,0.018907030492805205,0.1483181013783609,0.5325906529127041,0.4890896794632637,0.028633930085125252,FALSE,1,0.9759221185735969,Tibet,0.9606720658320372,0.9555686200003073
all_years,soil,fluoroquinolones,S. aureus | Chloramphenicol,grp_per_capita_2024,23,3,318,64,2,2006,2020,-0.14635356311893696,0.5051889150896147,-0.3992094861660079,0.05914702396023527,0.9845108143090242,0,0.41433880369482834,0.04933753133495683,-0.44664031620553357,0.032636827868586814,TRUE,1,0.8264484940288827,Ningxia,0.9606720658320372,0.7193041300970549
all_years,wastewater influent,fluoroquinolones,K. pneumoniae | Ertapenem,chemical_fertilizers_2024,11,3,44,12,1,2016,2024,-0.14545454545454548,0.6695786456420786,0.018181818181818184,0.9576852410216187,0.07495187103951058,0.3977272727272725,-0.34545454545454546,0.2980892209030389,-0.6272727272727273,0.03884525362035334,FALSE,1,2.624999999999999,Beijing,0.985139664720586,0.9867239251522226
all_years,sediment,fluoroquinolones,S. aureus | Trimethoprim/Sulfamethoxazole,grp_2024,23,3,950,128,2,2007,2025,0.14525691699604742,0.5084195727681444,0.08596837944664032,0.6965207900633741,0.025862178954528397,0.2654973649538867,-0.32707509881422925,0.12766439967393878,-0.40118577075098816,0.057786798317303614,TRUE,1,0.7764820213799812,Guangdong,0.9606720658320372,0.9729669155213013
all_years,sediment,macrolides,S. aureus | Nitrofurantoin,pork_output_2024,23,3,430,93,2,2008,2025,-0.14525691699604742,0.5084195727681446,-0.11067193675889328,0.6151653144002206,0.003177020108859277,0.4751811594202898,-0.25790513833992096,0.2347842514259736,0.35968379446640314,0.09184514903971808,TRUE,1,0.8250728862973761,Tibet,0.9606720658320372,0.9606462350922552
all_years,sediment,tetracyclines,K. pneumoniae | Amikacin,grp_2024,23,3,693,129,2,2004,2025,-0.14479862067942295,0.509772654643246,-0.07509881422924901,0.7334365351453347,0.06310630550908343,0.17629345855989417,-0.29701014002844095,0.1687385708187329,0.6294466403162056,0.0012903808284814135,TRUE,1,1.1297680324549566,Qinghai,0.9606720658320372,0.9729669155213013
all_years,soil,sulfonamides,K. pneumoniae | Cefotetan,grp_per_capita_2024,20,3,313,56,2,2006,2019,0.14468763425168538,0.5427794998182942,-0.04661654135338346,0.8452698052894374,0.22138678024989444,0.059746349446122726,0.5425786284438201,0.01344424302302041,0.3804511278195489,0.0979680397059128,TRUE,1,0.7389616101811988,Jilin,0.9606720658320372,0.9842154623604513
all_years,sludge,diaminopyrimidines,K. pneumoniae | Polymyxin B,hogs_year_end_2024,13,3,19,17,1,2010,2017,-0.1444845346540598,0.6376836820935529,0.016483516483516484,0.9573761750901848,0.8019823386358851,0,-0.7050845291118119,0.007106491488108418,0.18681318681318682,0.5411235235098939,TRUE,0.9230769230769231,1.5057081953619897,Gansu,0.985139664720586,0.9867239251522226
all_years,sediment,sulfonamides,A. baumannii | Amikacin,grp_2024,24,3,1061,135,2,2008,2025,0.14437921628545458,0.500888626003605,0.2269565217391304,0.28619953720339847,0.0015521231748156271,0.520774428109915,-0.23961731377495624,0.2594293755011346,0.3869565217391304,0.061759220209282026,FALSE,1,0.7593621456053048,Tianjin,0.9606720658320372,0.8969656318280155
all_years,sludge,sulfonamides,A. baumannii | Ceftriaxone,grp_per_capita_2024,16,3,143,28,1,2005,2017,-0.14430490804429066,0.5938941833923957,-0.4705882352941176,0.06581947250108118,0.6133729962850374,0,-0.3162426708204668,0.23275560389798974,0.2735294117647059,0.3053231563074056,TRUE,1,1.660968805141927,Heilongjiang,0.9760411679411738,0.7507306204313801
all_years,sediment,fluoroquinolones,P. aeruginosa | Meropenem,grp_2024,23,3,950,128,2,2007,2025,-0.1442687747035573,0.5113391540131089,0.08893280632411067,0.686563392729334,0.025862178954528397,0.2654973649538867,-0.32707509881422925,0.12766439967393878,0.4634387351778656,0.02593260432450388,TRUE,1,1.078277886497065,Qinghai,0.9606720658320372,0.9729669155213013
all_years,sediment,macrolides,E. coli | Ampicillin,hogs_year_end_2024,23,3,430,93,2,2008,2025,-0.1442687747035573,0.5113391540131089,0.026679841897233204,0.9038196225649725,0.003177020108859277,0.4751811594202898,-0.2776679841897233,0.19956560053132946,0.607707509881423,0.0020990278142723456,TRUE,1,0.7925636007827788,Tibet,0.9606720658320372,0.9842154623604513
all_years,sediment,other,K. pneumoniae | Chloramphenicol,WastewaterHealthIndex,7,2,19,10,1,2008,2018,-0.14414999403128942,0.7578179356488597,NA,NA,0.3724558699813696,0,-0.4,0.37393392381774704,0.036037498507822355,0.9388605613942143,TRUE,0.8571428571428571,3.6142989162544925,Tianjin,0.985139664720586,NA
all_years,sludge,tetracyclines,E. coli | Cefotaxime,hospitals_count_2024,14,3,77,19,2,2004,2020,-0.14411533842457838,0.6230479764004727,-0.13846153846153844,0.6368849912650185,0.30098512187415105,0.03648989898989916,0.28594313179479847,0.3216615793914707,0.4461538461538462,0.10980712780122513,FALSE,1,1.666814416710644,Hebei,0.9810438378510519,0.9668683558667597
all_years,sediment,fluoroquinolones,E. coli | Cefazolin,urban_env_infra_investment_2024,23,3,950,128,2,2007,2025,-0.1432806324110672,0.5142668225083574,-0.09980237154150197,0.6504928119104102,0.025862178954528397,0.2654973649538867,-0.3616600790513834,0.08994509168798827,0.42391304347826086,0.04381594508352875,TRUE,1,0.8068965517241379,Tianjin,0.9606720658320372,0.9729669155213013
all_years,wastewater effluent,fluoroquinolones,P. aeruginosa | Levofloxacin,total_aquatic_products_2024,13,3,34,15,1,2016,2024,-0.14285714285714285,0.6415164215860883,-0.010989010989010988,0.971577682777073,0.28932970799328467,0.04803767660910481,-0.6758241758241759,0.011225245577668611,0.3516483516483517,0.23869970534203355,TRUE,0.7692307692307693,1.741258741258742,Beijing,0.985139664720586,0.9881783805943072
all_years,wastewater effluent,fluoroquinolones,E. coli | Tigecycline,population_2024,13,3,34,15,1,2016,2024,0.14285714285714285,0.6415164215860886,0.05494505494505495,0.8585042942308735,0.28932970799328467,0.04803767660910481,-0.6043956043956044,0.02867270567140693,-0.4230769230769231,0.1497485415549681,TRUE,0.9230769230769231,1.545454545454546,Sichuan,0.985139664720586,0.9842154623604513
all_years,wastewater effluent,sulfonamides,E. coli | Gentamicin,LivestockAquacultureIndex,6,2,13,7,1,2018,2022,0.14285714285714285,0.7871720116618075,NA,NA,NA,NA,0.3188740696088466,0.5379005604702051,0.3188740696088466,0.5379005604702051,TRUE,0.8333333333333334,4.5,Shandong,0.985139664720586,NA
all_years,wastewater effluent,sulfonamides,S. aureus | Penicillin G,WastewaterHealthIndex,6,2,13,7,1,2018,2022,0.14285714285714285,0.7871720116618075,NA,NA,NA,NA,0.02857142857142857,0.9571545189504373,0.6,0.2079999999999999,TRUE,0.5,3.8999999999999986,Anhui,0.985139664720586,NA
all_years,wastewater effluent,sulfonamides,A. baumannii | Ceftriaxone,LivestockAquacultureIndex,6,2,13,7,1,2018,2022,-0.14285714285714285,0.7871720116618076,NA,NA,NA,NA,0.3188740696088466,0.5379005604702051,-0.6087595874350709,0.19966018946036257,TRUE,0.6666666666666666,2.4,Anhui,0.985139664720586,NA
all_years,wastewater effluent,sulfonamides,A. baumannii | Polymyxin B,EconomicScaleIndex,6,2,13,7,1,2018,2022,-0.14285714285714285,0.7871720116618076,NA,NA,NA,NA,-0.20291986247835694,0.699797968157019,-0.9276336570439175,0.007665844187473129,FALSE,0.8333333333333334,4.5,Shandong,0.985139664720586,NA
all_years,wastewater effluent,sulfonamides,E. coli | Polymyxin B,LivestockAquacultureIndex,6,2,13,7,1,2018,2022,-0.14285714285714285,0.7871720116618076,NA,NA,NA,NA,0.3188740696088466,0.5379005604702051,-0.6377481392176932,0.1730711102412599,TRUE,0.8333333333333334,4.5,Shandong,0.985139664720586,NA
all_years,surface water,fluoroquinolones,E. coli | Ampicillin,hospitals_count_2024,15,3,77,21,1,2015,2024,0.14285714285714282,0.6115222287644654,0.014285714285714282,0.9596997645989476,0.27743910513984715,0.014965986394557854,0.4035714285714286,0.13576799650365637,0.4392857142857143,0.10136057119347243,TRUE,1,1.3846153846153852,Hubei,0.9810438378510519,0.9869199755591355
all_years,sediment,beta-lactams,K. pneumoniae | Ertapenem,LivestockAquacultureIndex,7,3,34,15,1,2012,2018,0.14285714285714282,0.7599453002180929,NA,NA,0.8983973213480706,0,-0.14285714285714285,0.7599453002180931,-0.6428571428571429,0.1193923734274112,TRUE,0.5714285714285714,3.200000000000001,Shanghai,0.985139664720586,NA
all_years,sediment,beta-lactams,P. aeruginosa | Aztreonam,EconomicScaleIndex,7,3,34,15,1,2012,2018,0.14285714285714282,0.7599453002180929,NA,NA,0.8983973213480706,0,-0.14285714285714285,0.7599453002180931,0.6428571428571429,0.11939237342741121,FALSE,0.7142857142857143,2.8000000000000007,Hubei,0.985139664720586,NA
all_years,sediment,beta-lactams,P. aeruginosa | Imipenem,LivestockAquacultureIndex,7,3,34,15,1,2012,2018,0.14285714285714282,0.7599453002180929,NA,NA,0.8983973213480706,0,-0.14285714285714285,0.7599453002180931,-0.5,0.2531699951003227,TRUE,0.8571428571428571,2.8000000000000007,Hubei,0.985139664720586,NA
all_years,sediment,beta-lactams,P. aeruginosa | Meropenem,LivestockAquacultureIndex,7,3,34,15,1,2012,2018,0.14285714285714282,0.7599453002180929,NA,NA,0.8983973213480706,0,-0.14285714285714285,0.7599453002180931,-0.5,0.2531699951003227,TRUE,0.8571428571428571,2.8000000000000007,Hubei,0.985139664720586,NA
all_years,surface water,diaminopyrimidines,K. pneumoniae | Cefotaxime,LivestockAquacultureIndex,7,2,9,8,1,2018,2024,0.14285714285714282,0.7599453002180929,NA,NA,NA,NA,-0.5714285714285714,0.18020198891152778,-0.4642857142857143,0.29393410760025207,TRUE,0.7142857142857143,3.6000000000000005,Tibet,0.985139664720586,NA
all_years,surface water,diaminopyrimidines,K. pneumoniae | Cefuroxime,LivestockAquacultureIndex,7,2,9,8,1,2018,2024,0.14285714285714282,0.7599453002180929,NA,NA,NA,NA,-0.5714285714285714,0.18020198891152778,-0.2857142857142857,0.5345092286010411,TRUE,0.7142857142857143,3.6000000000000005,Tibet,0.985139664720586,NA
all_years,surface water,diaminopyrimidines,P. aeruginosa | Ceftazidime,LivestockAquacultureIndex,7,2,9,8,1,2018,2024,0.14285714285714282,0.7599453002180929,NA,NA,NA,NA,-0.5714285714285714,0.18020198891152778,0.2857142857142857,0.5345092286010409,FALSE,0.5714285714285714,3.200000000000001,Tibet,0.985139664720586,NA
all_years,surface water,diaminopyrimidines,P. aeruginosa | Imipenem,LivestockAquacultureIndex,7,2,9,8,1,2018,2024,0.14285714285714282,0.7599453002180929,NA,NA,NA,NA,-0.5714285714285714,0.18020198891152778,0.2857142857142857,0.5345092286010409,FALSE,0.5714285714285714,3.200000000000001,Tibet,0.985139664720586,NA
all_years,sediment,beta-lactams,K. pneumoniae | Meropenem,EconomicScaleIndex,7,3,34,15,1,2012,2018,-0.14285714285714282,0.7599453002180931,NA,NA,0.8983973213480706,0,-0.14285714285714285,0.7599453002180931,0.5,0.2531699951003227,TRUE,0.7142857142857143,2.0000000000000004,Hubei,0.985139664720586,NA
all_years,sediment,beta-lactams,K. pneumoniae | Tobramycin,LivestockAquacultureIndex,7,3,34,15,1,2012,2018,-0.14285714285714282,0.7599453002180931,NA,NA,0.8983973213480706,0,-0.14285714285714285,0.7599453002180931,-0.17857142857142858,0.7016579425162729,FALSE,0.8571428571428571,2.8000000000000007,Jiangxi,0.985139664720586,NA
all_years,sediment,beta-lactams,S. aureus | Erythromycin,EconomicScaleIndex,7,3,34,15,1,2012,2018,-0.14285714285714282,0.7599453002180931,NA,NA,0.8983973213480706,0,-0.14285714285714285,0.7599453002180931,-0.17857142857142858,0.7016579425162729,FALSE,0.8571428571428571,2.8000000000000007,Jiangxi,0.985139664720586,NA
all_years,surface water,diaminopyrimidines,E. coli | Ciprofloxacin,LivestockAquacultureIndex,7,2,9,8,1,2018,2024,-0.14285714285714282,0.7599453002180931,NA,NA,NA,NA,-0.5714285714285714,0.18020198891152778,0.5714285714285714,0.18020198891152778,TRUE,0.7142857142857143,3.6000000000000005,Tibet,0.985139664720586,NA
all_years,surface water,diaminopyrimidines,K. pneumoniae | Cefepime,LivestockAquacultureIndex,7,2,9,8,1,2018,2024,-0.14285714285714282,0.7599453002180931,NA,NA,NA,NA,-0.5714285714285714,0.18020198891152778,-0.07142857142857142,0.8790481931481541,FALSE,0.7142857142857143,2.4000000000000004,Hubei,0.985139664720586,NA
all_years,surface water,diaminopyrimidines,K. pneumoniae | Cefotetan,LivestockAquacultureIndex,7,2,9,8,1,2018,2024,-0.14285714285714282,0.7599453002180931,NA,NA,NA,NA,-0.5714285714285714,0.18020198891152778,0.14285714285714285,0.7599453002180929,TRUE,0.8571428571428571,3.6000000000000005,Tibet,0.985139664720586,NA
all_years,surface water,diaminopyrimidines,K. pneumoniae | Nitrofurantoin,LivestockAquacultureIndex,7,2,9,8,1,2018,2024,-0.14285714285714282,0.7599453002180931,NA,NA,NA,NA,-0.5714285714285714,0.18020198891152778,0.35714285714285715,0.4316113520383284,TRUE,0.7142857142857143,3.6000000000000005,Tibet,0.985139664720586,NA
all_years,sediment,tetracyclines,P. aeruginosa | Aztreonam,sewage_disposal_capacity_2024,23,3,693,129,2,2004,2025,-0.1423276544562246,0.5170979334822652,-0.012845849802371542,0.9536107425920652,0.06310630550908343,0.17629345855989417,-0.1966889113665882,0.3683784798353149,0.5237154150197628,0.010323075505070235,TRUE,1,1.1469012014685884,Qinghai,0.9606720658320372,0.9867239251522226
all_years,sediment,macrolides,E. coli | Nitrofurantoin,hogs_year_end_2024,23,3,430,93,2,2008,2025,-0.1422924901185771,0.5172025426940692,-0.08201581027667984,0.7098728079837815,0.003177020108859277,0.4751811594202898,-0.2776679841897233,0.19956560053132946,0.441699604743083,0.034850061488148995,TRUE,1,0.8373015873015872,Tibet,0.9606720658320372,0.9729669155213013
all_years,sediment,tetracyclines,K. pneumoniae | Nitrofurantoin,sewage_disposal_capacity_2024,23,3,693,129,2,2004,2025,-0.14183346121158494,0.5185690229731446,0.03162055335968379,0.8861121989269576,0.06310630550908343,0.17629345855989417,-0.1966889113665882,0.3683784798353149,0.8023715415019763,4.112846982131592e-6,TRUE,1,1.1503994722149258,Qinghai,0.9606720658320372,0.9842154623604513
all_years,sediment,sulfonamides,S. aureus | Chloramphenicol,freshwater_aquatic_products_2024,24,3,1061,135,2,2008,2025,0.14176995334053674,0.5087393576605077,0.09565217391304347,0.6566056616723346,0.0015521231748156271,0.520774428109915,-0.3461622173591019,0.09751993168062467,-0.36695652173913046,0.07775361602859569,TRUE,1,0.9381500631494499,Anhui,0.9606720658320372,0.9729669155213013
all_years,soil,tetracyclines,S. aureus | Nitrofurantoin,grp_per_capita_2024,24,3,312,68,2,2007,2022,0.1417391304347826,0.508832454326388,0.208695652173913,0.3277534837670477,0.48567178524771265,0,0.20782608695652174,0.3298186178055177,-0.5295652173913044,0.007784589602340761,FALSE,1,0.8257110987172337,Zhejiang,0.9606720658320372,0.921151822516418
all_years,sediment,fluoroquinolones,A. baumannii | Amikacin,urban_env_infra_investment_2024,23,3,950,128,2,2007,2025,0.14130434782608695,0.5201462786439697,0.31620553359683795,0.14158261779089343,0.025862178954528397,0.2654973649538867,-0.3616600790513834,0.08994509168798827,0.48221343873517786,0.019794092489859107,FALSE,1,1.0899100899100904,Tianjin,0.9606720658320372,0.8234711270505317
all_years,sludge,sulfonamides,S. aureus | Oxacillin,grp_per_capita_2024,16,3,143,28,1,2005,2017,0.14123459085185897,0.601851640538619,0.2647058823529412,0.3218043958686156,0.6133729962850374,0,-0.3162426708204668,0.23275560389798974,0.3558823529411765,0.17610373809159305,FALSE,1,1.0257844356280825,Beijing,0.979122990444698,0.921151822516418
all_years,soil,phenicols,E. coli | Cefoxitin,pork_output_2024,10,3,22,13,1,2007,2016,-0.1411149174021652,0.6973850724458668,-0.406060606060606,0.24428229408662663,0.17609777149412834,0.11860744297719157,-0.6687619998624352,0.0344851886232837,-0.503030303030303,0.13833369839449197,FALSE,0.9,1.6092497280295939,Sichuan,0.985139664720586,0.8785296752720978
all_years,soil,phenicols,A. baumannii | Cefotaxime,chemical_fertilizers_2024,10,3,22,13,1,2007,2016,0.1411149174021652,0.6973850724458669,0.8303030303030301,0.002940227023279515,0.17609777149412834,0.11860744297719157,-0.6442202750968413,0.04438136631130807,0.47878787878787876,0.16152292801745585,FALSE,0.8,1.7871531185770662,Henan,0.985139664720586,0.3707855110571458
all_years,soil,phenicols,A. baumannii | Ciprofloxacin,milk_output_2024,10,3,22,13,1,2007,2016,0.1411149174021652,0.6973850724458669,0.36969696969696964,0.2930500752928225,0.17609777149412834,0.11860744297719157,-0.7301163117764201,0.01650624549810055,0.38181818181818183,0.2762553333854361,FALSE,0.9,1.7871531185770662,Henan,0.985139664720586,0.9024732535006884
all_years,soil,phenicols,P. aeruginosa | Tobramycin,LivestockAquacultureIndex,10,3,22,13,1,2007,2016,0.1411149174021652,0.6973850724458669,0.43030303030303024,0.21449233253280775,0.17609777149412834,0.11860744297719157,-0.791470623690405,0.0063770841870565975,-0.24848484848484848,0.4887763045192429,TRUE,0.8,2.0811350856684236,Shandong,0.985139664720586,0.8681380821706243
all_years,soil,sulfonamides,S. aureus | Gentamicin,urban_share_2024,20,3,313,56,2,2006,2019,0.14091972710971443,0.5534469391140943,-0.06766917293233082,0.7768207117441496,0.22138678024989444,0.059746349446122726,0.5094210455944755,0.021775408416415995,0.3894736842105263,0.08961904769837138,TRUE,1,1.1503771846284538,Jilin,0.9648651550036924,0.9760848906711721
all_years,sediment,sulfonamides,A. baumannii | Ceftazidime,urban_env_infra_investment_2024,24,3,1061,135,2,2008,2025,-0.14046532186807778,0.5126870782733759,-0.08956521739130434,0.677268946842897,0.0015521231748156271,0.520774428109915,-0.19525984371135272,0.36053130301013314,0.528695652173913,0.007905085955029815,TRUE,1,0.6887638477048911,Hainan,0.9606720658320372,0.9729669155213013
all_years,sediment,fluoroquinolones,P. aeruginosa | Cefepime,urban_env_infra_investment_2024,23,3,950,128,2,2007,2025,-0.14031620553359683,0.5230979940664653,0.09782608695652174,0.6569978005869377,0.025862178954528397,0.2654973649538867,-0.3616600790513834,0.08994509168798827,0.424901185770751,0.043274788643848136,TRUE,1,1.1126760563380287,Qinghai,0.9606720658320372,0.9729669155213013
all_years,sediment,lincosamides,E. coli | Cefazolin,chemical_fertilizers_2024,13,3,26,22,1,2010,2018,-0.14030274620958602,0.6475488861900603,-0.2857142857142857,0.3440002182586702,0.2592759711301179,0.06997245179063301,-0.23933997882811733,0.4309595500618638,0.6978021978021978,0.008000717411226533,TRUE,0.9230769230769231,1.174753716903133,Zhejiang,0.985139664720586,0.9268335373285431
all_years,sediment,sulfonamides,E. coli | Cefazolin,milk_output_2024,24,3,1061,135,2,2008,2025,0.14003044471059148,0.5140062756187015,0.1252173913043478,0.5598985357904829,0.0015521231748156271,0.520774428109915,0.20613177264851043,0.3338648970533443,0.5852173913043478,0.0026642325357170145,TRUE,1,0.8845844072194297,Chongqing,0.9606720658320372,0.9606462350922552
all_years,soil,tetracyclines,E. coli | Cefoxitin,population_2024,24,3,312,68,2,2007,2022,0.13999999999999999,0.5140986909290425,0.12956521739130433,0.546239269258583,0.48567178524771265,0,-0.31217391304347825,0.1375180295921436,-0.14782608695652175,0.4906100707429598,TRUE,1,0.8351214003387919,Jilin,0.9606720658320372,0.9606462350922552
all_years,sludge,tetracyclines,S. aureus | Cefoxitin,grp_2024,14,3,77,19,2,2004,2020,0.13954024831586165,0.634236298639919,0.17362637362637362,0.5527669411422413,0.30098512187415105,0.03648989898989916,0.2516299559794226,0.38549252799635003,0.5296703296703297,0.05141659813787076,TRUE,1,1.3087422294508564,Jiangsu,0.985139664720586,0.9606462350922552
all_years,sediment,fluoroquinolones,A. baumannii | Meropenem,urban_env_infra_investment_2024,23,3,950,128,2,2007,2025,-0.13932806324110672,0.5260576523058191,-0.010869565217391304,0.9607417268705642,0.025862178954528397,0.2654973649538867,-0.3616600790513834,0.08994509168798827,0.5405138339920948,0.007749632525023962,TRUE,1,1.0871327254305985,Qinghai,0.9606720658320372,0.9869199755591355
all_years,sediment,fluoroquinolones,K. pneumoniae | Levofloxacin,grp_2024,23,3,950,128,2,2007,2025,-0.13932806324110672,0.5260576523058191,-0.05138339920948617,0.8158878128403202,0.025862178954528397,0.2654973649538867,-0.32707509881422925,0.12766439967393878,0.6788537549407114,3.6891813158812834e-4,TRUE,1,1.095238095238096,Qinghai,0.9606720658320372,0.9842154623604513
all_years,soil,tetracyclines,K. pneumoniae | Tobramycin,grp_2024,24,3,312,68,2,2007,2022,-0.13826086956521735,0.5193911494591457,-0.07391304347826086,0.7314191793924033,0.48567178524771265,0,-0.15130434782608695,0.4803459029793672,0.628695652173913,0.0010003492233837071,TRUE,1,0.8141795311606631,Hainan,0.9606720658320372,0.9729669155213013
all_years,sludge,macrolides,K. pneumoniae | Aztreonam,sewage_pipe_length_2024,14,3,77,25,1,2005,2017,0.13794136083067698,0.6381636933332089,0.11648351648351647,0.6916912502331573,0.8556343441410651,0,0.4204986644677089,0.13436459633396483,0.5164835164835165,0.058637163441278554,TRUE,1,1.9931547069455382,Beijing,0.985139664720586,0.9729669155213013
all_years,sludge,fluoroquinolones,A. baumannii | Cefotaxime,sewage_pipe_length_2024,16,3,149,31,2,2005,2017,0.13778155784493568,0.6108515725187289,-0.14705882352941177,0.5867933937012056,0.06923543109736396,0.25696039035591295,0.5555707977618373,0.025461783832817764,0.49411764705882355,0.05172344224923543,TRUE,0.9375,1.3530996727465758,Jiangsu,0.9810438378510519,0.9606462350922552
all_years,sediment,diaminopyrimidines,K. pneumoniae | Cefazolin,grp_2024,18,3,122,45,2,2008,2020,0.1372549019607843,0.5870615369663569,0.12280701754385964,0.6273461454239679,0.01039862314664235,0.47547758284600455,-0.32507739938080493,0.18808478142236898,0.2982456140350877,0.22932241176613288,FALSE,0.9444444444444444,1.2142857142857149,Tianjin,0.9753008823697024,0.9643538787526716
all_years,sludge,tetracyclines,S. aureus | Ciprofloxacin,urban_share_2024,14,3,77,19,2,2004,2020,-0.13725270326150324,0.6398579920603167,0.046153846153846156,0.8755025376321142,0.30098512187415105,0.03648989898989916,-0.21274169005533006,0.46525822108730286,0.7626373626373626,0.0015142307860533148,TRUE,1,1.2236833052079306,Qinghai,0.985139664720586,0.9842154623604513
all_years,soil,fluoroquinolones,P. aeruginosa | Aztreonam,hospitals_count_2024,23,3,318,64,2,2006,2020,-0.1369592465673836,0.5331847922494616,-0.358695652173913,0.09280630150475398,0.9845108143090242,0,-0.5305316663061466,0.00920503544877101,0.04940711462450593,0.8228578988707851,TRUE,1,0.9971173861331679,Tibet,0.9606720658320372,0.7523012248017777
all_years,soil,tetracyclines,E. coli | Chloramphenicol,total_aquatic_products_2024,24,3,312,68,2,2007,2022,0.13652173913043478,0.5247096194478427,0.17478260869565215,0.41400702240858367,0.48567178524771265,0,0.12260869565217392,0.5681672657020506,0.36695652173913046,0.07775361602859569,TRUE,1,0.8118123914302258,Hainan,0.9606720658320372,0.9479489788776115
all_years,soil,sulfonamides,K. pneumoniae | Polymyxin B,sewage_pipe_length_2024,20,3,313,56,2,2006,2019,0.13639823853934924,0.566370287143104,0.2180451127819549,0.35573636611773674,0.22138678024989444,0.059746349446122726,0.5516216055845504,0.011689585959119946,0.06917293233082707,0.7719854265259409,TRUE,1,0.645822254081133,Jilin,0.9725336301598146,0.9268335373285431
all_years,wastewater influent,fluoroquinolones,P. aeruginosa | Polymyxin B,hogs_year_end_2024,11,3,44,12,1,2016,2024,0.13636363636363635,0.689309020586362,0.33636363636363636,0.3118243139003862,0.07495187103951058,0.3977272727272725,-0.17272727272727273,0.6115423848512362,-0.8727272727272727,4.5461505140964175e-4,TRUE,0.8181818181818182,2.111111111111111,Beijing,0.985139664720586,0.9148464306649462
all_years,sludge,diaminopyrimidines,E. coli | Tobramycin,milk_output_2024,13,3,19,17,1,2010,2017,0.1358154625748162,0.6581940056831719,0.42307692307692313,0.1497485415549681,0.8019823386358851,0,0.12714639049557264,0.6789269471633911,0.8351648351648352,3.8020808018511987e-4,TRUE,0.8461538461538461,1.851907809346586,Hunan,0.985139664720586,0.8334416432151582
all_years,surface water,fluoroquinolones,K. pneumoniae | Gentamicin,chemical_fertilizers_2024,15,3,77,21,1,2015,2024,0.1357142857142857,0.6296204418728146,-0.0857142857142857,0.7613341261907676,0.27743910513984715,0.014965986394557854,0.4107142857142857,0.1283286460157489,0.7714285714285715,7.568751073803456e-4,TRUE,0.9333333333333333,1.5425101214574901,Hubei,0.9838275386622138,0.9760848906711721
all_years,soil,tetracyclines,P. aeruginosa | Piperacillin,hospitals_count_2024,24,3,312,68,2,2007,2022,-0.13565217391304346,0.5273785419058565,-0.056521739130434775,0.7930697839291408,0.48567178524771265,0,-0.35391304347826086,0.0897584560898227,0.30695652173913046,0.14456786810517383,TRUE,1,0.9886363636363639,Liaoning,0.9606720658320372,0.9799202460692253
all_years,soil,sulfonamides,K. pneumoniae | Ampicillin,grp_per_capita_2024,20,3,313,56,2,2006,2019,0.13564465711095502,0.5685369609831267,0.19248120300751878,0.4162064734197989,0.22138678024989444,0.059746349446122726,0.5425786284438201,0.01344424302302041,-0.16691729323308271,0.48182491843154673,FALSE,1,0.6568053417576069,Guizhou,0.9725336301598146,0.9479489788776115
all_years,sediment,sulfonamides,A. baumannii | Polymyxin B,grp_2024,23,3,1061,135,2,2008,2025,0.13491475578662956,0.5393722516316493,0.12747035573122528,0.5621792565433881,0.0015521231748156271,0.520774428109915,-0.1665431234435684,0.44755392622352674,-0.4288537549407115,0.04116225412837917,TRUE,1,0.595032770914974,Jiangxi,0.9606720658320372,0.9606462350922552
all_years,sediment,tetracyclines,S. aureus | Trimethoprim/Sulfamethoxazole,milk_output_2024,23,3,693,129,2,2004,2025,0.13491475578662956,0.5393722516316493,0.09881422924901187,0.6537422594768725,0.06310630550908343,0.17629345855989417,-0.30343465220875665,0.15927575726801604,0.43774703557312256,0.036704688168162844,FALSE,1,0.8336597208943798,Guangdong,0.9606720658320372,0.9729669155213013
all_years,sediment,lincosamides,A. baumannii | Gentamicin,chemical_fertilizers_2024,13,3,26,22,1,2010,2018,-0.13480067773077872,0.6606096970700135,-0.1043956043956044,0.7343037452877024,0.2592759711301179,0.06997245179063301,-0.23933997882811733,0.4309595500618638,0.6758241758241759,0.011225245577668611,TRUE,0.8461538461538461,1.4684599370136433,Guizhou,0.985139664720586,0.9729669155213013
all_years,sediment,lincosamides,S. aureus | Amikacin,chemical_fertilizers_2024,13,3,26,22,1,2010,2018,-0.13480067773077872,0.6606096970700135,-0.14835164835164835,0.6286094178894164,0.2592759711301179,0.06997245179063301,-0.23933997882811733,0.4309595500618638,0.4945054945054945,0.0858235306096076,TRUE,1,2.2999411789550805,Guizhou,0.985139664720586,0.9643538787526716
all_years,soil,tetracyclines,P. aeruginosa | Aztreonam,hospitals_count_2024,24,3,312,68,2,2007,2022,-0.13478260869565215,0.530053886545385,-0.17391304347826084,0.41636999529355645,0.48567178524771265,0,-0.35391304347826086,0.0897584560898227,0.19217391304347825,0.3683204887556272,TRUE,1,0.9794721407624639,Liaoning,0.9606720658320372,0.9479489788776115
all_years,sediment,macrolides,P. aeruginosa | Aztreonam,milk_output_2024,23,3,430,93,2,2008,2025,0.13438735177865613,0.5409737774662917,0.1422924901185771,0.5172025426940694,0.003177020108859277,0.4751811594202898,0.21936758893280633,0.31456006390749924,0.5563241106719368,0.005837465953390886,TRUE,1,0.6596638655462188,Jiangsu,0.9606720658320372,0.9606462350922552
all_years,sediment,phenicols,E. coli | Tigecycline,grp_per_capita_2024,14,3,58,25,1,2006,2020,-0.13406593406593406,0.6477195279851133,-0.3758241758241758,0.18541002869712309,0.20022103787458767,0.11060606060606078,-0.6263736263736264,0.016541935428871186,-0.46813186813186813,0.0913763650683315,FALSE,0.9285714285714286,1.2459016393442623,Guangdong,0.985139664720586,0.8528211362044058
all_years,sediment,phenicols,P. aeruginosa | Polymyxin B,sewage_disposal_capacity_2024,14,3,58,25,1,2006,2020,0.13406593406593406,0.6477195279851133,0.17362637362637362,0.5527669411422413,0.20022103787458767,0.11060606060606078,-0.42417582417582417,0.13063731043811047,0.23956043956043957,0.4094298928517326,FALSE,0.7857142857142857,1.3688524590163935,Shanghai,0.985139664720586,0.9606462350922552
all_years,surface water,macrolides,S. aureus | Clindamycin,freshwater_aquatic_products_2024,14,3,42,16,1,2015,2023,0.13406593406593406,0.6477195279851133,0.09010989010989011,0.7593388378159541,0.006641885476426646,0.5788497217068641,-0.4153846153846154,0.1396659475175257,-0.6263736263736264,0.016541935428871186,TRUE,1,1.7459016393442621,Henan,0.985139664720586,0.9760848906711721
all_years,soil,fluoroquinolones,K. pneumoniae | Aztreonam,grp_per_capita_2024,23,3,318,64,2,2006,2020,-0.13349818257470603,0.54367882016859,-0.17490118577075098,0.4247538117161004,0.9845108143090242,0,0.41433880369482834,0.04933753133495683,0.3290513833992095,0.1252437578391541,FALSE,1,0.7351431351372091,Jilin,0.9606720658320372,0.9479489788776115
all_years,sludge,macrolides,E. coli | Aztreonam,milk_output_2024,14,3,77,25,1,2005,2017,-0.13349163951355836,0.6491399376695575,-0.3362637362637363,0.2397922022572526,0.8556343441410651,0,-0.34262854141813315,0.23045006637631998,0.45494505494505494,0.10215352669182921,TRUE,0.8571428571428571,1.0835926089327133,Guangdong,0.985139664720586,0.8756506136724482
all_years,sludge,macrolides,P. aeruginosa | Gentamicin,milk_output_2024,14,3,77,25,1,2005,2017,-0.13349163951355836,0.6491399376695575,-0.17802197802197803,0.5425969526062151,0.8556343441410651,0,-0.34262854141813315,0.23045006637631998,0.3934065934065934,0.16403157340077754,TRUE,1,1.0515552222846858,Qinghai,0.985139664720586,0.9606462350922552
all_years,sediment,fluoroquinolones,E. coli | Cefuroxime,urban_env_infra_investment_2024,23,3,950,128,2,2007,2025,-0.13339920948616601,0.5439803025971466,-0.05138339920948617,0.8158878128403202,0.025862178954528397,0.2654973649538867,-0.3616600790513834,0.08994509168798827,0.2648221343873518,0.2220234550460932,TRUE,1,0.9195767195767196,Tianjin,0.9606720658320372,0.9842154623604513
all_years,sludge,fluoroquinolones,P. aeruginosa | Cefepime,sewage_pipe_length_2024,16,3,149,31,2,2005,2017,0.13333699146284098,0.6225129911862414,-0.12941176470588234,0.63288233246826,0.06923543109736396,0.25696039035591295,0.5555707977618373,0.025461783832817764,0.2823529411764706,0.2893498290632739,TRUE,1,1.2838138092830993,Guangdong,0.9810438378510519,0.964676439382213
all_years,wastewater influent,sulfonamides,K. pneumoniae | Gentamicin,freshwater_aquatic_products_2024,9,3,30,9,1,2016,2024,-0.13333333333333333,0.7323675052362975,0.11666666666666667,0.765007942926146,0.8007374029168087,0,-0.6333333333333333,0.06708578689234561,0.4166666666666667,0.26458604674749603,TRUE,0.7777777777777778,2.785714285714286,Shanxi,0.985139664720586,0.9760848906711721
all_years,wastewater influent,sulfonamides,P. aeruginosa | Aztreonam,freshwater_aquatic_products_2024,9,3,30,9,1,2016,2024,0.13333333333333333,0.7323675052362975,0.38333333333333336,0.3084952723803716,0.8007374029168087,0,-0.6333333333333333,0.06708578689234561,0.16666666666666666,0.6682310400715041,FALSE,0.6666666666666666,2.5714285714285725,Shanxi,0.985139664720586,0.9122214762504753
all_years,soil,diaminopyrimidines,A. baumannii | Minocycline,milk_output_2024,8,3,9,8,1,2008,2015,-0.13253974049576697,0.754383019857472,-0.33333333333333337,0.419753086419753,0.24103244438393973,0.07490909090909051,-0.5542570966186618,0.1539883457589951,-0.47619047619047616,0.23293553465009784,FALSE,0.875,2.704475738328943,Hebei,0.985139664720586,0.9479489788776115
all_years,surface water,tetracyclines,P. aeruginosa | Imipenem,grp_per_capita_2024,15,2,42,17,1,2015,2024,0.13214285714285712,0.6387442188840665,0.19285714285714284,0.49104870160522307,1,0,-0.49642857142857144,0.059797413749923985,0.32142857142857145,0.24271904680166823,FALSE,0.9333333333333333,1.1164241164241164,Jiangsu,0.985139664720586,0.9606462350922552
all_years,sediment,lincosamides,S. aureus | Rifampicin,urban_share_2024,13,3,26,22,1,2010,2018,0.13204964349137507,0.6671737125899861,0.5934065934065934,0.03252444027009695,0.2592759711301179,0.06997245179063301,0.3163689375314195,0.2922911964687993,-0.42857142857142855,0.14397143468783608,FALSE,0.9230769230769231,1.7957535323267666,Guangxi,0.985139664720586,0.5697942153713511
all_years,wastewater effluent,fluoroquinolones,P. aeruginosa | Ceftazidime,total_aquatic_products_2024,13,3,34,15,1,2016,2024,-0.13186813186813187,0.6676075762175147,-0.26373626373626374,0.3839365166506743,0.28932970799328467,0.04803767660910481,-0.6758241758241759,0.011225245577668611,0.2032967032967033,0.5053147342962482,TRUE,0.8461538461538461,1.3712121212121213,Zhejiang,0.985139664720586,0.9421113234318428
all_years,soil,tetracyclines,K. pneumoniae | Imipenem,grp_2024,24,3,312,68,2,2007,2022,-0.13130434782608694,0.5408189353993529,-0.03652173913043478,0.8654631927363383,0.48567178524771265,0,-0.15130434782608695,0.4803459029793672,0.6582608695652173,4.709427402385809e-4,TRUE,1,0.8512944009632752,Beijing,0.9606720658320372,0.9842154623604513
all_years,soil,sulfonamides,E. coli | Cefoxitin,freshwater_aquatic_products_2024,20,3,313,56,2,2006,2019,-0.13112316854058986,0.5816123555252571,-0.19849624060150375,0.401503607003897,0.22138678024989444,0.059746349446122726,0.38131220276746247,0.09714763174216907,-0.4180451127819549,0.06662156350962727,TRUE,1,0.9854242537038163,Liaoning,0.9753008823697024,0.9479489788776115
all_years,sediment,diaminopyrimidines,A. baumannii | Cefepime,large_animals_year_end_2024,18,3,122,45,2,2008,2020,0.13106295149638802,0.6041941281040614,0.16202270381836945,0.5206651056985048,0.01039862314664235,0.47547758284600455,0.13312693498452013,0.5984607651208831,0.3993808049535604,0.10060038374584046,TRUE,1,1.618110236220473,Tianjin,0.979122990444698,0.9606462350922552
all_years,soil,fluoroquinolones,S. aureus | Gentamicin,hospitals_count_2024,23,3,318,64,2,2006,2020,-0.13102599400850776,0.5512323370001168,-0.4061264822134388,0.054491533970788666,0.9845108143090242,0,-0.5305316663061466,0.00920503544877101,0.1857707509881423,0.39606780480954484,TRUE,1,1.0352198908595114,Guizhou,0.9648651550036924,0.7095844995310587
all_years,sediment,macrolides,S. aureus | Rifampicin,sewage_pipe_length_2024,23,3,430,93,2,2008,2025,0.13043478260869565,0.5530457763436951,0.1383399209486166,0.5290252163433302,0.003177020108859277,0.4751811594202898,-0.3191699604743083,0.1376842373432186,-0.2549407114624506,0.2403974496421708,TRUE,1,0.7878787878787885,Fujian,0.9648651550036924,0.9606462350922552
all_years,sludge,diaminopyrimidines,A. baumannii | Minocycline,pork_output_2024,13,3,19,17,1,2010,2017,0.1300360811886538,0.6719919966857941,-0.1813186813186813,0.5532950092839335,0.8019823386358851,0,-0.7166432918841367,0.005846431266760286,-0.32967032967032966,0.2713350545052358,TRUE,0.8461538461538461,1.8989292981851198,Gansu,0.985139664720586,0.9606462350922552
all_years,surface water,macrolides,E. coli | Aztreonam,chemical_fertilizers_2024,14,3,42,16,1,2015,2023,-0.12967032967032965,0.658619276321178,0.12967032967032965,0.658619276321178,0.006641885476426646,0.5788497217068641,-0.512087912087912,0.061198486156458405,0.5296703296703297,0.05141659813787076,TRUE,0.8571428571428571,1.593220338983051,Henan,0.985139664720586,0.9729669155213013
all_years,surface water,macrolides,P. aeruginosa | Piperacillin,urban_share_2024,14,3,42,16,1,2015,2023,0.12967032967032965,0.658619276321178,0.26593406593406593,0.35811340036478634,0.006641885476426646,0.5788497217068641,0.1912087912087912,0.5125839704707784,-0.6351648351648351,0.014657881327289188,FALSE,0.9285714285714286,1.6779661016949152,Tibet,0.985139664720586,0.9268335373285431
all_years,sediment,lincosamides,S. aureus | Nitrofurantoin,urban_share_2024,13,3,26,22,1,2010,2018,0.12929860925197142,0.6737596060710327,0.4945054945054945,0.0858235306096076,0.2592759711301179,0.06997245179063301,0.3163689375314195,0.2922911964687993,-0.43956043956043955,0.13286024415692976,FALSE,0.9230769230769231,1.8397739404980347,Guangxi,0.985139664720586,0.7507306204313801
all_years,sediment,lincosamides,E. coli | Tobramycin,milk_output_2024,13,3,26,22,1,2010,2018,-0.12929860925197142,0.673759606071033,-0.13186813186813187,0.6676075762175147,0.2592759711301179,0.06997245179063301,0.13204964349137507,0.6671737125899861,0.7252747252747253,0.005023237655349926,FALSE,1,1.3838744117363564,Guizhou,0.985139664720586,0.9729669155213013
all_years,sludge,macrolides,A. baumannii | Levofloxacin,sewage_pipe_length_2024,14,3,77,25,1,2005,2017,-0.12904191819643976,0.6601827645522804,-0.31868131868131866,0.2667849608113615,0.8556343441410651,0,0.4204986644677089,0.13436459633396483,0.6395604395604395,0.013779616833463801,FALSE,1,1.2509226576791221,Qinghai,0.985139664720586,0.8953524945924327
all_years,sediment,diaminopyrimidines,P. aeruginosa | Polymyxin B,urban_share_2024,18,3,122,45,2,2008,2020,0.12899896800825592,0.6099496263278285,0.36635706914344685,0.13483747906980886,0.01039862314664235,0.47547758284600455,0.28586171310629516,0.2501695935454805,0.32507739938080493,0.18808478142236898,TRUE,1,1.3940000000000008,Zhejiang,0.9810438378510519,0.8234711270505317
all_years,sludge,sulfonamides,K. pneumoniae | Imipenem,grp_per_capita_2024,16,3,143,28,1,2005,2017,-0.1289533220821321,0.634097645117782,-0.1411764705882353,0.6020026838819792,0.6133729962850374,0,-0.3162426708204668,0.23275560389798974,0.7529411764705882,7.610810731946058e-4,TRUE,0.9375,1.02919363535053,Gansu,0.985139664720586,0.9606462350922552
all_years,sludge,sulfonamides,P. aeruginosa | Ciprofloxacin,grp_per_capita_2024,16,3,143,28,1,2005,2017,-0.1289533220821321,0.634097645117782,-0.2823529411764706,0.2893498290632741,0.6133729962850374,0,-0.3162426708204668,0.23275560389798974,0.47058823529411764,0.06581947250108118,TRUE,1,0.8975862977844508,Zhejiang,0.985139664720586,0.8969656318280155
all_years,soil,phenicols,E. coli | Tigecycline,large_animals_year_end_2024,10,3,22,13,1,2007,2016,0.12884405501936824,0.722786082611341,-0.13939393939393938,0.7009318849100583,0.17609777149412834,0.11860744297719157,-0.754658036542014,0.011644872504617456,-0.4909090909090909,0.14965567342083683,TRUE,0.7,2.31566703546951,Shanghai,0.985139664720586,0.9729669155213013
all_years,soil,phenicols,K. pneumoniae | Polymyxin B,hospitals_count_2024,10,3,22,13,1,2007,2016,0.12884405501936824,0.722786082611341,0.2242424242424242,0.5334005612725952,0.17609777149412834,0.11860744297719157,-0.7423871741592171,0.01392776805646452,-0.3212121212121212,0.36546831043867045,TRUE,0.8,2.5788004425634115,Shandong,0.985139664720586,0.9606462350922552
all_years,soil,phenicols,A. baumannii | Gentamicin,hospitals_count_2024,10,3,22,13,1,2007,2016,-0.12884405501936824,0.7227860826113413,0.3818181818181818,0.2762553333854361,0.17609777149412834,0.11860744297719157,-0.7423871741592171,0.01392776805646452,0.5636363636363636,0.08972402831709125,TRUE,0.8,2.31566703546951,Shandong,0.985139664720586,0.8969656318280155
all_years,sediment,fluoroquinolones,K. pneumoniae | Amikacin,grp_2024,23,3,950,128,2,2007,2025,-0.12845849802371542,0.5591272744987441,-0.023715415019762844,0.9144659262773505,0.025862178954528397,0.2654973649538867,-0.32707509881422925,0.12766439967393878,0.6294466403162056,0.0012903808284814135,TRUE,1,1.2109890109890111,Qinghai,0.9685075525517745,0.9842154623604513
all_years,wastewater influent,fluoroquinolones,A. baumannii | Gentamicin,total_aquatic_products_2024,11,3,44,12,1,2016,2024,-0.12727272727272726,0.7092146257733051,-0.3181818181818182,0.34029761418190363,0.07495187103951058,0.3977272727272725,-0.37272727272727274,0.2589258736842223,0.38181818181818183,0.24655957577897017,TRUE,0.8181818181818182,2.952380952380952,Zhejiang,0.985139664720586,0.9268335373285431
all_years,wastewater effluent,macrolides,A. baumannii | Polymyxin B,EconomicScaleIndex,10,3,27,10,1,2018,2024,-0.12727272727272726,0.7260570147627895,-0.612121212121212,0.05997214247725533,0.09424870603515988,0.3890909090909095,-0.503030303030303,0.13833369839449197,-0.5515151515151515,0.09840117666963512,FALSE,0.9,2.5714285714285716,Shandong,0.985139664720586,0.722440275668296
all_years,wastewater effluent,macrolides,A. baumannii | Ceftriaxone,milk_output_2024,10,3,27,10,1,2018,2024,0.12727272727272726,0.7260570147627898,0.24848484848484845,0.48877630451924314,0.09424870603515988,0.3890909090909095,0.47878787878787876,0.16152292801745585,-0.3696969696969697,0.2930500752928225,FALSE,0.8,2.666666666666667,Heilongjiang,0.985139664720586,0.9606462350922552
all_years,wastewater effluent,macrolides,A. baumannii | Ciprofloxacin,chemical_fertilizers_2024,10,3,27,10,1,2018,2024,0.12727272727272726,0.7260570147627898,0.36969696969696964,0.2930500752928225,0.09424870603515988,0.3890909090909095,0.5151515151515151,0.1275528697032343,0.23636363636363636,0.5108853175152004,TRUE,0.8,2.3095238095238098,Zhejiang,0.985139664720586,0.9024732535006884
all_years,sludge,diaminopyrimidines,E. coli | Ceftazidime,freshwater_aquatic_products_2024,13,3,19,17,1,2010,2017,0.1271463904955726,0.6789269471633911,0.14285714285714285,0.6415164215860886,0.8019823386358851,0,-0.5288133968338589,0.06315863753009365,-0.3076923076923077,0.30644705251252874,TRUE,0.9230769230769231,1.7299772981333774,Hebei,0.985139664720586,0.9699934128527622
all_years,sludge,diaminopyrimidines,K. pneumoniae | Amikacin,grp_per_capita_2024,13,3,19,17,1,2010,2017,-0.1271463904955726,0.6789269471633913,-0.37912087912087916,0.20140608996104353,0.8019823386358851,0,0.1502639160402222,0.6241398313903299,0.7472527472527473,0.0033267413834299686,FALSE,0.9230769230769231,1.93545946035847,Beijing,0.985139664720586,0.8680942753677526
all_years,sludge,diaminopyrimidines,K. pneumoniae | Tobramycin,urban_share_2024,13,3,19,17,1,2010,2017,-0.1271463904955726,0.6789269471633913,-0.29120879120879123,0.3343858561975295,0.8019823386358851,0,0.19071958574335895,0.5325404019517954,0.6373626373626373,0.019118113777463336,FALSE,0.9230769230769231,1.6751556758824482,Gansu,0.985139664720586,0.9248305921258484
all_years,sediment,tetracyclines,K. pneumoniae | Cefoxitin,grp_2024,23,3,693,129,2,2004,2025,-0.12700766387239487,0.5636108871762698,-0.045454545454545456,0.8368364960931192,0.06310630550908343,0.17629345855989417,-0.29701014002844095,0.1687385708187329,0.607707509881423,0.0020990278142723456,TRUE,1,1.2680067066443195,Qinghai,0.9725336301598146,0.9842154623604513
all_years,sludge,macrolides,A. baumannii | Ceftriaxone,sewage_pipe_length_2024,14,3,77,25,1,2005,2017,-0.12681705753788047,0.6657285499311973,-0.16043956043956042,0.5837527526413416,0.8556343441410651,0,0.4204986644677089,0.13436459633396483,0.3362637362637363,0.23979220225725306,FALSE,1,1.2249721708988615,Qinghai,0.985139664720586,0.9606462350922552
all_years,sludge,macrolides,S. aureus | Tetracycline,milk_output_2024,14,3,77,25,1,2005,2017,0.12681705753788047,0.6657285499311973,0.15164835164835164,0.6047905984521368,0.8556343441410651,0,-0.34262854141813315,0.23045006637631998,-0.6395604395604395,0.013779616833463801,TRUE,0.8571428571428571,1.7479338693979602,Guangdong,0.985139664720586,0.9606462350922552
all_years,sediment,sulfonamides,A. baumannii | Cefepime,freshwater_aquatic_products_2024,24,3,1061,135,2,2008,2025,-0.12654925282851592,0.5556980021556458,-0.03913043478260869,0.855947935071337,0.0015521231748156271,0.520774428109915,-0.3461622173591019,0.09751993168062467,0.31478260869565217,0.1340870683994786,TRUE,1,0.8939955653079158,Chongqing,0.9661021735045727,0.9842154623604513
all_years,sediment,lincosamides,P. aeruginosa | Levofloxacin,large_animals_year_end_2024,13,3,26,22,1,2010,2018,0.1265475750125678,0.680366976636255,-0.038461538461538464,0.9007243023389335,0.2592759711301179,0.06997245179063301,-0.327373074489034,0.27488966062773995,-0.6263736263736264,0.021988602409889625,TRUE,0.9230769230769231,1.2767838373310492,Guizhou,0.985139664720586,0.9842154623604513
all_years,sediment,tetracyclines,A. baumannii | Amikacin,urban_env_infra_investment_2024,23,3,693,129,2,2004,2025,-0.12651347062775523,0.5651417826002141,-0.06324110671936758,0.7743673538441505,0.06310630550908343,0.17629345855989417,-0.35334816991736323,0.09813788776686909,0.48221343873517786,0.019794092489859107,TRUE,1,1.0848950438476144,Qinghai,0.9725336301598146,0.9760848906711721
all_years,sediment,fluoroquinolones,E. coli | Ceftriaxone,urban_env_infra_investment_2024,23,3,950,128,2,2007,2025,-0.12648221343873517,0.5652386723187266,-0.04841897233201581,0.8263478384707862,0.025862178954528397,0.2654973649538867,-0.3616600790513834,0.08994509168798827,0.25592885375494073,0.2385167406569983,TRUE,1,0.9866071428571429,Xinjiang,0.9725336301598146,0.9842154623604513
all_years,sediment,other,E. coli | Chloramphenicol,WastewaterHealthIndex,7,2,19,10,1,2008,2018,-0.12613124477737825,0.7875721594074738,NA,NA,0.3724558699813696,0,-0.4,0.37393392381774704,-0.14414999403128942,0.7578179356488597,FALSE,0.8571428571428571,4.217598666159375,Tianjin,0.985139664720586,NA
all_years,sediment,sulfonamides,E. coli | Cefoxitin,milk_output_2024,24,3,1061,135,2,2008,2025,-0.1256794985135433,0.5584394835615684,-0.1034782608695652,0.6303950708493535,0.0015521231748156271,0.520774428109915,0.20613177264851043,0.3338648970533443,0.41304347826086957,0.044849153899817674,FALSE,1,0.893831390456788,Tibet,0.9680381848659887,0.9643538787526716
all_years,sediment,macrolides,S. aureus | Penicillin G,urban_share_2024,23,3,430,93,2,2008,2025,-0.12549407114624506,0.568305480207317,-0.1590909090909091,0.46841362885862914,0.003177020108859277,0.4751811594202898,0.09980237154150198,0.6504928119104102,-0.7124505928853755,1.3663384795358597e-4,TRUE,1,1.101237345331834,Tibet,0.9725336301598146,0.9606462350922552
all_years,surface water,macrolides,P. aeruginosa | Polymyxin B,urban_share_2024,14,3,42,16,1,2015,2023,0.12527472527472527,0.6695823965448445,0.06373626373626373,0.828626422928612,0.006641885476426646,0.5788497217068641,0.1912087912087912,0.5125839704707784,0.46813186813186813,0.09137636506833126,TRUE,1,2.2456140350877196,Tibet,0.985139664720586,0.9842154623604513
all_years,surface water,tetracyclines,K. pneumoniae | Ertapenem,hogs_year_end_2024,15,2,42,17,1,2015,2024,0.12499999999999997,0.6571356681869504,0.010714285714285713,0.9697698761545686,1,0,0.2357142857142857,0.3977029459032726,0.6714285714285714,0.006127766788820085,TRUE,0.9333333333333333,1.6153846153846156,Henan,0.985139664720586,0.9881783805943072
all_years,sludge,macrolides,E. coli | Cefotaxime,milk_output_2024,14,3,77,25,1,2005,2017,-0.12459219687932115,0.6712902613196443,-0.23516483516483513,0.4183338961985912,0.8556343441410651,0,-0.34262854141813315,0.23045006637631998,0.5736263736263736,0.03197081397639698,TRUE,1,1.4423276455770064,Qinghai,0.985139664720586,0.9479489788776115
all_years,sludge,diaminopyrimidines,P. aeruginosa | Piperacillin,hogs_year_end_2024,13,3,19,17,1,2010,2017,-0.12425669980249142,0.6858852455830629,-0.23076923076923078,0.44812738231536564,0.8019823386358851,0,-0.7050845291118119,0.007106491488108418,0.1813186813186813,0.5532950092839335,TRUE,0.8461538461538461,1.493092546332356,Guangdong,0.985139664720586,0.9535880891790752
all_years,soil,fluoroquinolones,A. baumannii | Aztreonam,hospitals_count_2024,23,3,318,64,2,2006,2020,-0.12410386602315263,0.5726325690643639,-0.14031620553359683,0.5230979940664653,0.9845108143090242,0,-0.5305316663061466,0.00920503544877101,0.46047430830039526,0.027027766593941262,TRUE,1,0.826959454690019,Tibet,0.9725336301598146,0.9606462350922552
all_years,soil,fluoroquinolones,S. aureus | Rifampicin,hospitals_count_2024,23,3,318,64,2,2006,2020,0.12410386602315263,0.5726325690643641,0.20454545454545453,0.34916435580619787,0.9845108143090242,0,-0.5305316663061466,0.00920503544877101,-0.29446640316205536,0.1725910762851547,TRUE,1,0.7040095935487167,Fujian,0.9725336301598146,0.9268335373285431
all_years,sludge,fluoroquinolones,E. coli | Cefotaxime,sewage_disposal_capacity_2024,16,3,149,31,2,2005,2017,0.12296633657128667,0.6500484531032851,0.011764705882352941,0.9655081698956277,0.06923543109736396,0.25696039035591295,0.41334467353480697,0.11152120896786284,0.49117647058823527,0.053350435677943356,TRUE,0.9375,1.3152372116636257,Tianjin,0.985139664720586,0.9878914858209675
all_years,sludge,fluoroquinolones,P. aeruginosa | Amikacin,sewage_pipe_length_2024,16,3,149,31,2,2005,2017,0.12296633657128667,0.6500484531032851,0.06470588235294117,0.8118214513105935,0.06923543109736396,0.25696039035591295,0.5555707977618373,0.025461783832817764,0.13529411764705881,0.617367408970642,TRUE,1,0.831675009227552,Guangdong,0.985139664720586,0.9842154623604513
all_years,soil,macrolides,E. coli | Polymyxin B,milk_output_2024,19,3,104,34,2,2006,2020,-0.12273999842136073,0.6166599212459698,-0.1824561403508772,0.454686130719113,0.3132637601270729,0.018907030492805205,0.4317975484032043,0.06487899887927459,-0.32105263157894737,0.18016885539408897,TRUE,1,1.4899902281614728,Tianjin,0.9810438378510519,0.9606462350922552
all_years,sludge,macrolides,S. aureus | Levofloxacin,urban_share_2024,14,3,77,25,1,2005,2017,-0.12236733622076185,0.6768676549241703,-0.06813186813186813,0.8169838797817922,0.8556343441410651,0,-0.2491843937586423,0.39028164932017895,0.7230769230769231,0.003475294618094306,TRUE,0.9285714285714286,1.3963069263049774,Qinghai,0.985139664720586,0.9842154623604513
all_years,sediment,sulfonamides,E. coli | Tobramycin,milk_output_2024,24,3,1061,135,2,2008,2025,0.12220048125365282,0.5694660707878099,0.17565217391304344,0.41165144697505396,0.0015521231748156271,0.520774428109915,0.20613177264851043,0.3338648970533443,0.508695652173913,0.011135557260269265,TRUE,1,0.9393382203282162,Hainan,0.9725336301598146,0.9479489788776115
all_years,surface water,fluoroquinolones,K. pneumoniae | Levofloxacin,chemical_fertilizers_2024,15,3,77,21,1,2015,2024,0.1214285714285714,0.6664011137233894,-0.05714285714285713,0.8396998687415758,0.27743910513984715,0.014965986394557854,0.4107142857142857,0.1283286460157489,0.7607142857142857,9.911286119823697e-4,TRUE,0.9333333333333333,1.6968325791855212,Hubei,0.985139664720586,0.9842154623604513
all_years,sludge,diaminopyrimidines,E. coli | Amikacin,chemical_fertilizers_2024,13,3,19,17,1,2010,2017,0.12136700910941023,0.6928664203342405,0.33516483516483514,0.2629431403593601,0.8019823386358851,0,-0.49991648990304693,0.08192344224947626,0.42857142857142855,0.14397143468783608,FALSE,0.8461538461538461,1.7073059461625646,Hunan,0.985139664720586,0.8903518675048224
all_years,sludge,diaminopyrimidines,E. coli | Cefoxitin,pork_output_2024,13,3,19,17,1,2010,2017,0.12136700910941023,0.6928664203342405,0.19780219780219782,0.5171309114848301,0.8019823386358851,0,-0.7166432918841367,0.005846431266760286,0.12087912087912088,0.6940473279966857,FALSE,0.9230769230769231,1.338276756860357,Beijing,0.985139664720586,0.9606462350922552
all_years,sediment,tetracyclines,K. pneumoniae | Meropenem,grp_2024,23,3,693,129,2,2004,2025,-0.12107734493671886,0.5821025218843451,-0.021739130434782608,0.9215714810608435,0.06310630550908343,0.17629345855989417,-0.29701014002844095,0.1687385708187329,0.6215415019762845,0.0015464515864157707,TRUE,1,1.3231140964912358,Qinghai,0.9753008823697024,0.9853330220901917
all_years,sediment,phenicols,K. pneumoniae | Trimethoprim/Sulfamethoxazole,sewage_disposal_capacity_2024,14,3,58,25,1,2006,2020,-0.12087912087912088,0.6806070200628929,-0.18681318681318682,0.5225040123791592,0.20022103787458767,0.11060606060606078,-0.42417582417582417,0.13063731043811047,0.34945054945054943,0.22068999774644746,TRUE,0.9285714285714286,1.7727272727272725,Guangdong,0.985139664720586,0.9606462350922552
all_years,surface water,macrolides,P. aeruginosa | Aztreonam,chemical_fertilizers_2024,14,3,42,16,1,2015,2023,0.12087912087912088,0.6806070200628929,0.48131868131868133,0.08141829504280487,0.006641885476426646,0.5788497217068641,-0.512087912087912,0.061198486156458405,0.45054945054945056,0.10593278527264058,FALSE,0.9285714285714286,2.3181818181818183,Anhui,0.985139664720586,0.7507306204313801
all_years,surface water,sulfonamides,P. aeruginosa | Imipenem,large_animals_year_end_2024,14,3,49,15,1,2013,2024,0.12087912087912088,0.6806070200628929,-0.14725274725274726,0.6154187624847254,0.07898257926378309,0.18961038961038862,-0.07252747252747253,0.8053763135410925,-0.6615384615384615,0.009975179240423711,TRUE,0.8571428571428571,1.3636363636363633,Tibet,0.985139664720586,0.9606462350922552
all_years,surface water,sulfonamides,S. aureus | Penicillin G,total_aquatic_products_2024,14,3,49,15,1,2013,2024,0.12087912087912088,0.6806070200628929,0.23516483516483513,0.4183338961985912,0.07898257926378309,0.18961038961038862,-0.3098901098901099,0.2809332808692584,-0.578021978021978,0.030383014145237017,TRUE,0.8571428571428571,1.8181818181818181,Tibet,0.985139664720586,0.9479489788776115
all_years,wastewater effluent,fluoroquinolones,K. pneumoniae | Cefoxitin,freshwater_aquatic_products_2024,13,3,34,15,1,2016,2024,-0.12087912087912088,0.6940473279966857,0.06593406593406594,0.8305423857560938,0.28932970799328467,0.04803767660910481,-0.6978021978021978,0.00800071741122648,0.41208791208791207,0.16175105277252627,TRUE,1,2.5289256198347116,Beijing,0.985139664720586,0.9842154623604513
all_years,soil,tetracyclines,E. coli | Ciprofloxacin,milk_output_2024,24,3,312,68,2,2007,2022,0.1208695652173913,0.5737097351958664,-0.04434782608695652,0.8369769840650598,0.48567178524771265,0,0.029565217391304348,0.8909226043767046,0.6660869565217391,3.805831664038216e-4,TRUE,1,0.893721386527142,Jiangxi,0.9725336301598146,0.9842154623604513
all_years,sediment,tetracyclines,E. coli | Cefepime,urban_env_infra_investment_2024,23,3,693,129,2,2004,2025,-0.1205831516920792,0.5836552583064374,0.019762845849802372,0.9286828411360328,0.06310630550908343,0.17629345855989417,-0.35334816991736323,0.09813788776686909,0.29150197628458496,0.1771570817691434,TRUE,1,0.8876544729496848,Qinghai,0.9753008823697024,0.9853330220901917
all_years,soil,diaminopyrimidines,E. coli | Cefepime,grp_2024,8,3,9,8,1,2008,2015,-0.12049067317796999,0.7762570690924104,-0.14285714285714288,0.7357648598798121,0.24103244438393973,0.07490909090909051,-0.2771285483093309,0.5063754253085381,0.5952380952380952,0.11952980613879259,TRUE,0.875,3.1872533848682836,Hubei,0.985139664720586,0.9729669155213013
all_years,soil,diaminopyrimidines,E. coli | Ciprofloxacin,milk_output_2024,8,3,9,8,1,2008,2015,-0.12049067317796999,0.7762570690924104,-0.04761904761904762,0.9108491685195835,0.24103244438393973,0.07490909090909051,-0.5542570966186618,0.1539883457589951,0.6428571428571429,0.08555889101267312,TRUE,0.75,2.056461599449365,Beijing,0.985139664720586,0.9842154623604513
all_years,soil,diaminopyrimidines,K. pneumoniae | Polymyxin B,grp_2024,8,3,9,8,1,2008,2015,0.12049067317796999,0.7762570690924104,0.33333333333333337,0.41975308641975306,0.24103244438393973,0.07490909090909051,-0.2771285483093309,0.5063754253085381,-0.4523809523809524,0.2604047674368849,TRUE,0.75,3.7166155414412243,Beijing,0.985139664720586,0.9479489788776115
all_years,sludge,macrolides,A. baumannii | Imipenem,sewage_pipe_length_2024,14,3,77,25,1,2005,2017,-0.12014247556220255,0.6824604851186058,-0.12967032967032965,0.658619276321178,0.8556343441410651,0,0.4204986644677089,0.13436459633396483,0.512087912087912,0.061198486156458405,FALSE,0.9285714285714286,1.417657669359057,Qinghai,0.985139664720586,0.9729669155213013
all_years,sludge,fluoroquinolones,A. baumannii | Ceftazidime,sewage_pipe_length_2024,16,3,149,31,2,2005,2017,0.12000329231655689,0.6579962706701097,-0.16176470588235292,0.5494831434036933,0.06923543109736396,0.25696039035591295,0.5555707977618373,0.025461783832817764,0.4764705882352941,0.062059174189226136,TRUE,0.9375,1.405410735375698,Jiangsu,0.985139664720586,0.9606462350922552
all_years,sludge,sulfonamides,A. baumannii | Cefotaxime,sewage_pipe_length_2024,16,3,143,28,1,2005,2017,-0.11974237050483695,0.6586978076426255,-0.21470588235294114,0.4245592336201027,0.6133729962850374,0,0.19342998312319815,0.4728926239958101,0.4441176470588235,0.08482274417741589,FALSE,1,0.9492365757123113,Beijing,0.985139664720586,0.9479489788776115
all_years,sediment,fluoroquinolones,A. baumannii | Imipenem,urban_env_infra_investment_2024,23,3,950,128,2,2007,2025,-0.11956521739130435,0.5868591882350056,0.001976284584980237,0.9928595497613635,0.025862178954528397,0.2654973649538867,-0.3616600790513834,0.08994509168798827,0.525691699604743,0.009987982109574405,TRUE,1,1.2432113341204256,Qinghai,0.9753008823697024,0.9962526787072509
all_years,sediment,fluoroquinolones,E. coli | Levofloxacin,milk_output_2024,23,3,950,128,2,2007,2025,-0.11956521739130435,0.5868591882350056,-0.06126482213438735,0.781249270365404,0.025862178954528397,0.2654973649538867,-0.10573122529644269,0.6311269024565604,0.6630434782608695,5.643481284800129e-4,TRUE,1,0.7024793388429751,Guangdong,0.9753008823697024,0.977425801751407
all_years,soil,sulfonamides,S. aureus | Amikacin,EconomicScaleIndex,20,3,313,56,2,2006,2019,0.11906586568628276,0.6170908870683129,-0.11428571428571428,0.631391730518438,0.22138678024989444,0.059746349446122726,0.5737461236962149,0.008166765310944247,0.19495684237361807,0.4101203282622612,TRUE,1,0.9722639406981675,Chongqing,0.9810438378510519,0.9643538787526716
all_years,soil,macrolides,K. pneumoniae | Meropenem,EconomicScaleIndex,20,3,104,34,2,2006,2020,-0.11871646480818401,0.618131791135549,-0.14887218045112782,0.5310434616086309,0.3132637601270729,0.018907030492805205,0.1483181013783609,0.5325906529127041,0.6162529961237122,0.0038105893891192772,FALSE,0.95,1.2454563644774415,Tibet,0.9810438378510519,0.9606462350922552
all_years,sludge,diaminopyrimidines,K. pneumoniae | Gentamicin,urban_share_2024,13,3,19,17,1,2010,2017,-0.11847731841632902,0.6998699958385065,-0.2087912087912088,0.4936218193568852,0.8019823386358851,0,0.19071958574335895,0.5325404019517954,0.7252747252747253,0.005023237655349926,FALSE,0.9230769230769231,1.8190647860122169,Gansu,0.985139664720586,0.9606462350922552
all_years,sludge,diaminopyrimidines,K. pneumoniae | Nitrofurantoin,urban_share_2024,13,3,19,17,1,2010,2017,0.11847731841632902,0.6998699958385065,-0.07142857142857142,0.8166280406760862,0.8019823386358851,0,0.19071958574335895,0.5325404019517954,0.7857142857142857,0.0014541896038438224,TRUE,1,2.4022691111276706,Gansu,0.985139664720586,0.9842154623604513
all_years,wastewater influent,fluoroquinolones,P. aeruginosa | Amikacin,grp_2024,11,3,44,12,1,2016,2024,-0.11818181818181818,0.7292847795197801,0.009090909090909092,0.9788365001441937,0.07495187103951058,0.3977272727272725,-0.2727272727272727,0.41714143714253127,-0.37272727272727274,0.2589258736842223,FALSE,0.7272727272727273,1.3076923076923077,Liaoning,0.985139664720586,0.9919929047160242
all_years,soil,fluoroquinolones,A. baumannii | Cefotaxime,hospitals_count_2024,23,3,318,64,2,2006,2020,-0.1181706134642768,0.5912608867673925,0.009881422924901186,0.9643083438096367,0.9845108143090242,0,-0.5305316663061466,0.00920503544877101,0.34881422924901184,0.10283305097355999,TRUE,1,1.1227570062276624,Jilin,0.9760411679411738,0.9878914858209675
all_years,sediment,macrolides,P. aeruginosa | Gentamicin,chemical_fertilizers_2024,23,3,430,93,2,2008,2025,-0.11758893280632411,0.5931009526165387,-0.05928853754940711,0.7881470963838233,0.003177020108859277,0.4751811594202898,-0.23221343873517786,0.28632757233033446,0.4515810276679842,0.030536525594998795,TRUE,0.9565217391304348,1.0048019207683072,Tibet,0.9760411679411738,0.9799202460692253
all_years,sludge,sulfonamides,E. coli | Polymyxin B,grp_per_capita_2024,16,3,143,28,1,2005,2017,0.11667205331240522,0.666972842408099,0.35882352941176465,0.17230386289263258,0.6133729962850374,0,-0.3162426708204668,0.23275560389798974,-0.03235294117647059,0.9053195187918452,TRUE,0.9375,1.1935998975877253,Guangdong,0.985139664720586,0.8507301600285916
all_years,wastewater influent,sulfonamides,E. coli | Imipenem,hospitals_count_2024,9,3,30,9,1,2016,2024,0.11666666666666667,0.765007942926146,0.25,0.5164895523012263,0.8007374029168087,0,0.21666666666666667,0.5755148957119259,0.5166666666666667,0.1543901209862251,TRUE,0.6666666666666666,2.8775510204081645,Shanxi,0.985139664720586,0.9606462350922552
all_years,wastewater influent,sulfonamides,K. pneumoniae | Meropenem,freshwater_aquatic_products_2024,9,3,30,9,1,2016,2024,-0.11666666666666667,0.765007942926146,0.016666666666666666,0.966054803994686,0.8007374029168087,0,-0.6333333333333333,0.06708578689234561,0.5833333333333334,0.09918581647988328,TRUE,0.8888888888888888,3.2448979591836733,Shanxi,0.985139664720586,0.9878914858209675
all_years,sludge,tetracyclines,K. pneumoniae | Cefuroxime,grp_2024,14,3,77,19,2,2004,2020,0.11666479777227776,0.6912329663318859,0.34945054945054943,0.22068999774644746,0.30098512187415105,0.03648989898989916,0.2516299559794226,0.38549252799635003,0.643956043956044,0.012942152559322932,TRUE,0.7857142857142857,1.2285279311452026,Jiangsu,0.985139664720586,0.8756506136724482
all_years,sludge,tetracyclines,P. aeruginosa | Levofloxacin,urban_share_2024,14,3,77,19,2,2004,2020,-0.11666479777227776,0.6912329663318861,-0.06813186813186813,0.8169838797817922,0.30098512187415105,0.03648989898989916,-0.21274169005533006,0.46525822108730286,0.5428571428571428,0.04486396643924858,TRUE,0.8571428571428571,1.4223129686360898,Chongqing,0.985139664720586,0.9842154623604513
all_years,soil,phenicols,A. baumannii | Ceftazidime,milk_output_2024,10,3,22,13,1,2007,2016,0.11657319263657127,0.748433303989289,0.29696969696969694,0.4047016712701569,0.17609777149412834,0.11860744297719157,-0.7301163117764201,0.01650624549810055,0.3696969696969697,0.2930500752928225,FALSE,0.8,2.1585654602463498,Henan,0.985139664720586,0.9479489788776115
all_years,soil,phenicols,A. baumannii | Imipenem,milk_output_2024,10,3,22,13,1,2007,2016,0.11657319263657127,0.748433303989289,0.29696969696969694,0.4047016712701569,0.17609777149412834,0.11860744297719157,-0.7301163117764201,0.01650624549810055,0.3696969696969697,0.2930500752928225,FALSE,0.8,2.1585654602463498,Henan,0.985139664720586,0.9479489788776115
all_years,soil,phenicols,E. coli | Cefotaxime,milk_output_2024,10,3,22,13,1,2007,2016,-0.11657319263657127,0.748433303989289,0.47878787878787876,0.16152292801745585,0.17609777149412834,0.11860744297719157,-0.7301163117764201,0.01650624549810055,0.6363636363636364,0.04791172612997547,TRUE,0.7,1.5742846291356998,Hebei,0.985139664720586,0.8334416432151582
all_years,soil,phenicols,K. pneumoniae | Ampicillin,hospitals_count_2024,10,3,22,13,1,2007,2016,0.11657319263657127,0.748433303989289,0.7696969696969695,0.009221952722216011,0.17609777149412834,0.11860744297719157,-0.7423871741592171,0.01392776805646452,0.2727272727272727,0.44583834154275137,FALSE,0.7,2.230351038888312,Henan,0.985139664720586,0.4153533287640718
all_years,soil,phenicols,P. aeruginosa | Gentamicin,milk_output_2024,10,3,22,13,1,2007,2016,0.11657319263657127,0.748433303989289,0.43030303030303024,0.21449233253280775,0.17609777149412834,0.11860744297719157,-0.7301163117764201,0.01650624549810055,0.3696969696969697,0.2930500752928225,FALSE,0.8,2.014994302962424,Hebei,0.985139664720586,0.8681380821706243
all_years,surface water,macrolides,S. aureus | Ciprofloxacin,chemical_fertilizers_2024,14,3,42,16,1,2015,2023,0.11648351648351647,0.6916912502331573,0.30549450549450546,0.28816988587545705,0.006641885476426646,0.5788497217068641,-0.512087912087912,0.061198486156458405,0.4989010989010989,0.06936352739715487,FALSE,0.8571428571428571,1.5000000000000004,Hubei,0.985139664720586,0.8969656318280155
all_years,surface water,macrolides,S. aureus | Levofloxacin,chemical_fertilizers_2024,14,3,42,16,1,2015,2023,-0.11648351648351647,0.6916912502331573,0.15164835164835164,0.6047905984521368,0.006641885476426646,0.5788497217068641,-0.512087912087912,0.061198486156458405,0.7714285714285715,0.0012326572868001802,TRUE,0.9285714285714286,1.405660377358491,Jilin,0.985139664720586,0.9606462350922552
all_years,surface water,macrolides,S. aureus | Trimethoprim/Sulfamethoxazole,freshwater_aquatic_products_2024,14,3,42,16,1,2015,2023,0.11648351648351647,0.6916912502331573,0.2703296703296703,0.3499193863496043,0.006641885476426646,0.5788497217068641,-0.4153846153846154,0.1396659475175257,-0.6395604395604395,0.013779616833463801,TRUE,0.9285714285714286,1.7358490566037739,Guangdong,0.985139664720586,0.9268335373285431
all_years,soil,fluoroquinolones,A. baumannii | Ceftazidime,hospitals_count_2024,23,3,318,64,2,2006,2020,-0.11569842489807855,0.5990980222645816,-0.039525691699604744,0.8578929386002241,0.9845108143090242,0,-0.5305316663061466,0.00920503544877101,0.38537549407114624,0.06936888423715426,TRUE,1,0.9679062386312249,Jilin,0.979122990444698,0.9842154623604513
all_years,soil,tetracyclines,S. aureus | Trimethoprim/Sulfamethoxazole,large_animals_year_end_2024,24,3,312,68,2,2007,2022,0.11565217391304346,0.590478316886841,0.055652173913043466,0.7961874995255513,0.48567178524771265,0,-0.19130434782608696,0.3705328066699429,0.5730434782608695,0.0034227320772804424,FALSE,1,0.9993164730006838,Jilin,0.9760411679411738,0.9799202460692253
all_years,sludge,diaminopyrimidines,K. pneumoniae | Aztreonam,urban_share_2024,13,3,19,17,1,2010,2017,-0.11558762772324783,0.7068954926300173,-0.22527472527472528,0.45930514272500544,0.8019823386358851,0,0.19071958574335895,0.5325404019517954,0.7417582417582418,0.003701313735752625,FALSE,0.9230769230769231,1.8718314597264656,Gansu,0.985139664720586,0.9606462350922552
all_years,sediment,lincosamides,S. aureus | Oxacillin,milk_output_2024,13,3,26,22,1,2010,2018,-0.1155434380549532,0.7070030954467381,-0.47252747252747257,0.10298105029992834,0.2592759711301179,0.06997245179063301,0.13204964349137507,0.6671737125899861,0.6813186813186813,0.010340409451492874,FALSE,1,1.2735815209336188,Hubei,0.985139664720586,0.7738974610579332
all_years,wastewater effluent,fluoroquinolones,E. coli | Imipenem,freshwater_aquatic_products_2024,13,3,34,15,1,2016,2024,-0.11538461538461539,0.7073898735142602,0.0879120879120879,0.775195408889122,0.28932970799328467,0.04803767660910481,-0.6978021978021978,0.00800071741122648,0.35714285714285715,0.23092986230203383,TRUE,0.8461538461538461,2.636363636363636,Beijing,0.985139664720586,0.9760848906711721
all_years,wastewater effluent,fluoroquinolones,K. pneumoniae | Ertapenem,population_2024,13,3,34,15,1,2016,2024,-0.11538461538461539,0.7073898735142602,-0.16483516483516483,0.5904789886520049,0.28932970799328467,0.04803767660910481,-0.6043956043956044,0.02867270567140693,-0.17582417582417584,0.5655798619595344,FALSE,0.9230769230769231,2.636363636363636,Beijing,0.985139664720586,0.9606462350922552
all_years,wastewater effluent,macrolides,E. coli | Chloramphenicol,freshwater_aquatic_products_2024,10,3,27,10,1,2018,2024,-0.11515151515151514,0.7514196523258483,-0.13939393939393938,0.7009318849100583,0.09424870603515988,0.3890909090909095,-0.4909090909090909,0.14965567342083683,0.5515151515151515,0.09840117666963506,TRUE,0.9,2.881578947368421,Guangdong,0.985139664720586,0.9729669155213013
all_years,soil,fluoroquinolones,K. pneumoniae | Cefepime,grp_per_capita_2024,23,3,318,64,2,2006,2020,-0.11470954947159924,0.6022450369948006,-0.19762845849802374,0.3660491897294186,0.9845108143090242,0,0.41433880369482834,0.04933753133495683,0.3458498023715415,0.10599105534828321,FALSE,1,0.8374211845732109,Ningxia,0.979122990444698,0.9302154792872848
all_years,sediment,sulfonamides,E. coli | Ampicillin,hogs_year_end_2024,24,3,1061,135,2,2008,2025,0.11437269241889926,0.594622321978346,0.2121739130434782,0.3195712222886809,0.0015521231748156271,0.520774428109915,-0.08958469444217965,0.6772024571674626,0.6930434782608695,1.739207807186821e-4,FALSE,1,1.1302048981676105,Tianjin,0.9760411679411738,0.918259018349724
all_years,sludge,fluoroquinolones,E. coli | Cefoxitin,milk_output_2024,16,3,149,31,2,2005,2017,0.11407720380709728,0.673994621828474,0.10588235294117646,0.6963341050381157,0.06923543109736396,0.25696039035591295,-0.3022305139824395,0.2552382704186771,0.6058823529411764,0.012860298533367228,FALSE,1,1.7641641048343053,Heilongjiang,0.985139664720586,0.9729669155213013
all_years,sludge,macrolides,K. pneumoniae | Ertapenem,sewage_pipe_length_2024,14,3,77,25,1,2005,2017,0.1134678935865246,0.6993291120704147,0.17802197802197803,0.5425969526062151,0.8556343441410651,0,0.4204986644677089,0.13436459633396483,0.2923076923076923,0.3105263203858821,TRUE,1,2.4912207260133177,Beijing,0.985139664720586,0.9606462350922552
all_years,sludge,macrolides,A. baumannii | Ceftazidime,sewage_pipe_length_2024,14,3,77,25,1,2005,2017,-0.1134678935865246,0.699329112070415,-0.14725274725274726,0.6154187624847254,0.8556343441410651,0,0.4204986644677089,0.13436459633396483,0.5032967032967033,0.06656042759911306,FALSE,1,1.4867336027693165,Qinghai,0.985139664720586,0.9606462350922552
all_years,sediment,lincosamides,S. aureus | Gentamicin,urban_share_2024,13,3,26,22,1,2010,2018,-0.11279240381554954,0.7137117223981639,-0.23626373626373628,0.4370835438311813,0.2592759711301179,0.06997245179063301,0.3163689375314195,0.2922911964687993,0.532967032967033,0.06073650306561786,FALSE,0.9230769230769231,1.6395726925961038,Guizhou,0.985139664720586,0.9507920383745695
all_years,soil,macrolides,A. baumannii | Ceftriaxone,milk_output_2024,20,3,104,34,2,2006,2020,0.11266721819375425,0.6362628530695595,0.007518796992481203,0.9749025019933397,0.3132637601270729,0.018907030492805205,0.43554575623894254,0.054921130935576906,0.3218045112781955,0.16647434857875767,TRUE,0.95,1.2953474145421553,Tianjin,0.985139664720586,0.9890031032596562
all_years,sediment,macrolides,K. pneumoniae | Aztreonam,grp_2024,23,3,430,93,2,2008,2025,-0.11264822134387352,0.6088271106292826,-0.04051383399209486,0.8543766254269076,0.003177020108859277,0.4751811594202898,-0.37351778656126483,0.07915444117090965,0.4614624505928854,0.02665868230373516,TRUE,1,1.070175438596492,Guangdong,0.9810438378510519,0.9842154623604513
all_years,sediment,diaminopyrimidines,P. aeruginosa | Cefepime,total_aquatic_products_2024,18,3,122,45,2,2008,2020,-0.11248710010319918,0.6567565630509017,0.04231166150670795,0.8676065335789527,0.01039862314664235,0.47547758284600455,-0.28586171310629516,0.2501695935454812,-0.15995872033023736,0.5260613631447351,FALSE,0.8333333333333334,1.1743119266055047,Guangdong,0.985139664720586,0.9842154623604513
all_years,soil,sulfonamides,E. coli | Ceftazidime,grp_per_capita_2024,20,3,313,56,2,2006,2019,0.112283632830735,0.6374194340197179,0.061654135338345864,0.7962393511384775,0.22138678024989444,0.059746349446122726,0.5425786284438201,0.01344424302302041,-0.1293233082706767,0.586852724489982,FALSE,0.95,1.086162298693749,Liaoning,0.985139664720586,0.9799202460692253
all_years,sludge,tetracyclines,E. coli | Meropenem,grp_2024,14,3,77,19,2,2004,2020,0.11208970766356098,0.7028286002859906,0.34065934065934067,0.23331605103682382,0.30098512187415105,0.03648989898989916,0.2516299559794226,0.38549252799635003,0.6527472527472528,0.01138457399795419,TRUE,0.8571428571428571,1.2690645971509498,Jiangsu,0.985139664720586,0.8756506136724482
all_years,sludge,fluoroquinolones,A. baumannii | Amikacin,sewage_pipe_length_2024,16,3,149,31,2,2005,2017,0.11111415955236748,0.6820436839084874,-0.2794117647058823,0.2946176535684148,0.06923543109736396,0.25696039035591295,0.5555707977618373,0.025461783832817764,0.5117647058823529,0.04272344816333181,TRUE,0.9375,1.8378751476298871,Tianjin,0.985139664720586,0.9024732535006884
all_years,surface water,fluoroquinolones,A. baumannii | Ceftazidime,chemical_fertilizers_2024,15,3,77,21,1,2015,2024,-0.1107142857142857,0.694462647207096,-0.18928571428571425,0.4992630332385454,0.27743910513984715,0.014965986394557854,0.4107142857142857,0.1283286460157489,0.6035714285714285,0.017200138068795348,FALSE,0.8666666666666667,1.8535980148883378,Hubei,0.985139664720586,0.9606462350922552
all_years,surface water,fluoroquinolones,E. coli | Chloramphenicol,chemical_fertilizers_2024,15,3,77,21,1,2015,2024,0.1107142857142857,0.694462647207096,-0.16785714285714284,0.549855554227801,0.27743910513984715,0.014965986394557854,0.4107142857142857,0.1283286460157489,0.375,0.16843274984674558,TRUE,0.8666666666666667,1.8784119106699753,Hainan,0.985139664720586,0.9606462350922552
all_years,surface water,fluoroquinolones,K. pneumoniae | Ceftazidime,chemical_fertilizers_2024,15,3,77,21,1,2015,2024,0.1107142857142857,0.694462647207096,0.0857142857142857,0.7613341261907666,0.27743910513984715,0.014965986394557854,0.4107142857142857,0.1283286460157489,0.525,0.04448390580010641,TRUE,0.9333333333333333,1.4813895781637718,Jiangxi,0.985139664720586,0.9760848906711721
all_years,surface water,fluoroquinolones,K. pneumoniae | Ceftriaxone,chemical_fertilizers_2024,15,3,77,21,1,2015,2024,-0.1107142857142857,0.694462647207096,-0.23214285714285712,0.4050987406936487,0.27743910513984715,0.014965986394557854,0.4107142857142857,0.1283286460157489,0.30714285714285716,0.2654726857102779,FALSE,0.9333333333333333,1.3622828784119105,Anhui,0.985139664720586,0.9479489788776115
all_years,sludge,sulfonamides,E. coli | Amikacin,hospitals_count_2024,16,3,143,28,1,2005,2017,-0.11053141892754179,0.6836305096309095,-0.25588235294117645,0.33878990807124576,0.6133729962850374,0,0.3070317192431717,0.24738910127380673,0.5735294117647058,0.020191038046523092,FALSE,1,1.963153988078796,Hebei,0.985139664720586,0.9268335373285431
all_years,sludge,sulfonamides,P. aeruginosa | Cefepime,grp_per_capita_2024,16,3,143,28,1,2005,2017,-0.11053141892754179,0.6836305096309095,-0.3529411764705882,0.17995865788498142,0.6133729962850374,0,-0.3162426708204668,0.23275560389798974,0.3352941176470588,0.20425458084551526,TRUE,1,1.8609762643519412,Hebei,0.985139664720586,0.8521945107646086
all_years,wastewater effluent,fluoroquinolones,E. coli | Cefazolin,sewage_disposal_capacity_2024,13,3,34,15,1,2016,2024,0.1098901098901099,0.7208097995138615,0.3076923076923077,0.30644705251252874,0.28932970799328467,0.04803767660910481,-0.510989010989011,0.07432891414402142,0.2857142857142857,0.34400021825867,FALSE,0.7692307692307693,2.118181818181818,Hainan,0.985139664720586,0.9122214762504753
all_years,wastewater effluent,fluoroquinolones,E. coli | Ceftazidime,total_aquatic_products_2024,13,3,34,15,1,2016,2024,0.1098901098901099,0.7208097995138615,0.1758241758241758,0.5655798619595344,0.28932970799328467,0.04803767660910481,-0.6758241758241759,0.011225245577668611,-0.09340659340659341,0.7615000227827012,TRUE,0.8461538461538461,1.7363636363636366,Xinjiang,0.985139664720586,0.9606462350922552
all_years,sludge,diaminopyrimidines,A. baumannii | Cefepime,hogs_year_end_2024,13,3,19,17,1,2010,2017,-0.10980824633708544,0.7210103132625512,-0.2197802197802198,0.4706148514721422,0.8019823386358851,0,-0.7050845291118119,0.007106491488108418,0.2087912087912088,0.493621819356885,TRUE,0.8461538461538461,1.3059057753426193,Zhejiang,0.985139664720586,0.9606462350922552
all_years,sludge,tetracyclines,K. pneumoniae | Ciprofloxacin,grp_2024,14,3,77,19,2,2004,2020,0.1098021626092026,0.7086491974533016,0.34945054945054943,0.22068999774644746,0.30098512187415105,0.03648989898989916,0.2516299559794226,0.38549252799635003,0.7142857142857143,0.004104409161880227,TRUE,0.7857142857142857,1.5222333785923279,Shanghai,0.985139664720586,0.8756506136724482
all_years,soil,macrolides,E. coli | Ceftriaxone,milk_output_2024,20,3,104,34,2,2006,2020,0.10964259488653937,0.6454044511194295,0.2,0.39787297935196175,0.3132637601270729,0.018907030492805205,0.43554575623894254,0.054921130935576906,0.41654135338345866,0.06770800324389117,TRUE,0.9,1.362413629056034,Tibet,0.985139664720586,0.9479489788776115
all_years,soil,tetracyclines,P. aeruginosa | Gentamicin,hospitals_count_2024,24,3,312,68,2,2007,2022,-0.10956521739130434,0.6103019785284617,-0.1417391304347826,0.508832454326388,0.48567178524771265,0,-0.35391304347826086,0.0897584560898227,0.1373913043478261,0.5220471463273302,TRUE,1,1.2186147186147185,Liaoning,0.9810438378510519,0.9606462350922552
all_years,sediment,tetracyclines,E. coli | Trimethoprim/Sulfamethoxazole,grp_per_capita_2024,23,3,693,129,2,2004,2025,0.1092167070653668,0.6198495308424323,0.24308300395256915,0.26372049125916486,0.06310630550908343,0.17629345855989417,-0.14381023419014363,0.5126967145545874,-0.7351778656126482,6.434557965572412e-5,TRUE,1,1.0168779363584433,Henan,0.9810438378510519,0.8903518675048224
all_years,wastewater influent,fluoroquinolones,E. coli | Amikacin,milk_output_2024,11,3,44,12,1,2016,2024,0.10909090909090909,0.7495085962341482,0.49090909090909096,0.12520440713849532,0.07495187103951058,0.3977272727272725,0.2909090909090909,0.38545696969136556,0.5272727272727272,0.09556521835315433,TRUE,0.8181818181818182,2.5,Anhui,0.985139664720586,0.818563978423839
all_years,sludge,macrolides,K. pneumoniae | Imipenem,sewage_pipe_length_2024,14,3,77,25,1,2005,2017,0.10901817226940601,0.7106474632335039,0.12527472527472527,0.6695823965448445,0.8556343441410651,0,0.4204986644677089,0.13436459633396483,0.48131868131868133,0.08141829504280487,TRUE,0.8571428571428571,2.454592512015189,Beijing,0.985139664720586,0.9729669155213013
all_years,soil,diaminopyrimidines,P. aeruginosa | Cefepime,milk_output_2024,8,3,9,8,1,2008,2015,-0.108441605860173,0.7982604003862407,-0.04761904761904762,0.9108491685195835,0.24103244438393973,0.07490909090909051,-0.5542570966186618,0.1539883457589951,0.42857142857142855,0.2894032248467901,TRUE,0.75,2.3415385389833205,Beijing,0.985139664720586,0.9842154623604513
all_years,soil,macrolides,E. coli | Cefuroxime,milk_output_2024,20,3,104,34,2,2006,2020,0.10813028323293192,0.6499937810465464,0.23308270676691728,0.32267802500462306,0.3132637601270729,0.018907030492805205,0.43554575623894254,0.054921130935576906,0.4631578947368421,0.03972496645793577,TRUE,0.9,1.3593160766709398,Tibet,0.985139664720586,0.921151822516418
all_years,sediment,fluoroquinolones,E. coli | Trimethoprim/Sulfamethoxazole,grp_per_capita_2024,23,3,950,128,2,2007,2025,0.10770750988142291,0.6247226057643105,0.2341897233201581,0.28212973010464826,0.025862178954528397,0.2654973649538867,-0.20454545454545456,0.34916435580619787,-0.7351778656126482,6.434557965572412e-5,TRUE,1,1.4692005242463964,Xinjiang,0.98129112856514,0.8969656318280155
all_years,surface water,sulfonamides,S. aureus | Erythromycin,milk_output_2024,14,3,49,15,1,2013,2024,0.10769230769230768,0.7140308087262495,0.23076923076923075,0.4273358616774501,0.07898257926378309,0.18961038961038862,0.18681318681318682,0.5225040123791592,0.7582417582417582,0.0016730034070264247,TRUE,0.9285714285714286,2.1122448979591835,Guangdong,0.985139664720586,0.9479489788776115
all_years,sludge,tetracyclines,K. pneumoniae | Meropenem,grp_2024,14,3,77,19,2,2004,2020,0.1075146175548442,0.7144846118633075,0.29230769230769227,0.3105263203858821,0.30098512187415105,0.03648989898989916,0.2516299559794226,0.38549252799635003,0.4901098901098901,0.07522006672685844,TRUE,0.7857142857142857,1.5233285732855946,Shanghai,0.985139664720586,0.9122214762504753
all_years,sludge,sulfonamides,E. coli | Ertapenem,urban_share_2024,16,3,143,28,1,2005,2017,0.10746110173511009,0.6920114827641138,0.1176470588235294,0.6643410791623536,0.6133729962850374,0,-0.22413315504751533,0.4039976574134323,0.5470588235294118,0.02830108724210882,FALSE,0.875,1.5923948191270647,Gansu,0.985139664720586,0.9729669155213013
all_years,sludge,sulfonamides,P. aeruginosa | Polymyxin B,urban_share_2024,16,3,143,28,1,2005,2017,0.10746110173511009,0.6920114827641138,0.1588235294117647,0.5568612810855389,0.6133729962850374,0,-0.22413315504751533,0.4039976574134323,0.38529411764705884,0.1405441773736764,FALSE,0.9375,1.8025889936508808,Beijing,0.985139664720586,0.9606462350922552
all_years,soil,macrolides,E. coli | Gentamicin,milk_output_2024,20,3,104,34,2,2006,2020,0.10737412740612821,0.652293017057801,0.0736842105263158,0.7575286998643429,0.3132637601270729,0.018907030492805205,0.43554575623894254,0.054921130935576906,0.6601503759398496,0.001537048632118307,TRUE,1,0.9917980593119539,Jiangxi,0.985139664720586,0.9760848906711721
all_years,sediment,lincosamides,K. pneumoniae | Ertapenem,large_animals_year_end_2024,13,3,26,22,1,2010,2018,0.10729033533674226,0.7271855626479009,0.14285714285714285,0.6415164215860886,0.2592759711301179,0.06997245179063301,-0.327373074489034,0.27488966062773995,-0.44505494505494503,0.12752383613843682,TRUE,0.9230769230769231,1.8402279923047669,Guangxi,0.985139664720586,0.9699934128527622
all_years,sediment,tetracyclines,E. coli | Ampicillin,grp_per_capita_2024,23,3,693,129,2,2004,2025,-0.10723993408680813,0.6262354723858568,0.024703557312252968,0.9109154893296206,0.06310630550908343,0.17629345855989417,-0.14381023419014363,0.5126967145545874,-0.5,0.015117916451873041,FALSE,1,1.264727759566854,Guizhou,0.9825230186298177,0.9842154623604513
all_years,sediment,tetracyclines,E. coli | Chloramphenicol,total_aquatic_products_2024,23,3,693,129,2,2004,2025,0.10723993408680813,0.6262354723858572,0.1422924901185771,0.5172025426940694,0.06310630550908343,0.17629345855989417,-0.09587348946009576,0.6634485618509197,0.4733201581027668,0.02253600780036339,FALSE,1,1.3911311694031439,Tianjin,0.9825230186298177,0.9606462350922552
all_years,surface water,fluoroquinolones,K. pneumoniae | Cefotaxime,urban_share_2024,15,3,77,21,1,2015,2024,-0.10714285714285712,0.7039010016261613,-0.23214285714285712,0.4050987406936487,0.27743910513984715,0.014965986394557854,-0.08928571428571429,0.7516725173502772,-0.6107142857142858,0.01559283142117561,FALSE,0.8666666666666667,1.4820512820512826,Anhui,0.985139664720586,0.9479489788776115
all_years,surface water,fluoroquinolones,K. pneumoniae | Trimethoprim/Sulfamethoxazole,chemical_fertilizers_2024,15,3,77,21,1,2015,2024,-0.10714285714285712,0.7039010016261613,-0.24642857142857139,0.3759505159738048,0.27743910513984715,0.014965986394557854,0.4107142857142857,0.1283286460157489,0.6535714285714286,0.008230371463638973,FALSE,0.8666666666666667,1.8410256410256411,Hubei,0.985139664720586,0.935533627208742
all_years,surface water,fluoroquinolones,P. aeruginosa | Amikacin,chemical_fertilizers_2024,15,3,77,21,1,2015,2024,0.10714285714285712,0.7039010016261618,0.1357142857142857,0.6296204418728146,0.27743910513984715,0.014965986394557854,0.4107142857142857,0.1283286460157489,0.3464285714285714,0.20589599209355144,TRUE,0.8,1.7692307692307698,Jiangxi,0.985139664720586,0.9643538787526716
all_years,sediment,beta-lactams,A. baumannii | Ceftriaxone,LivestockAquacultureIndex,7,3,34,15,1,2012,2018,-0.10714285714285711,0.8191508555699912,NA,NA,0.8983973213480706,0,-0.14285714285714285,0.7599453002180931,-0.2857142857142857,0.5345092286010411,FALSE,0.7142857142857143,4.600000000000001,Shaanxi,0.985139664720586,NA
all_years,surface water,diaminopyrimidines,E. coli | Gentamicin,LivestockAquacultureIndex,7,2,9,8,1,2018,2024,-0.10714285714285711,0.8191508555699912,NA,NA,NA,NA,-0.5714285714285714,0.18020198891152778,0.5357142857142857,0.21521745567801304,TRUE,0.7142857142857143,3.400000000000001,Zhejiang,0.985139664720586,NA
all_years,surface water,diaminopyrimidines,K. pneumoniae | Cefazolin,WastewaterHealthIndex,7,2,9,8,1,2018,2024,-0.10714285714285711,0.8191508555699912,NA,NA,NA,NA,-0.07142857142857142,0.8790481931481541,-0.5357142857142857,0.21521745567801281,FALSE,0.5714285714285714,6.200000000000003,Tibet,0.985139664720586,NA
all_years,sediment,beta-lactams,E. coli | Ceftriaxone,LivestockAquacultureIndex,7,3,34,15,1,2012,2018,0.10714285714285711,0.8191508555699913,NA,NA,0.8983973213480706,0,-0.14285714285714285,0.7599453002180931,-0.5,0.2531699951003227,TRUE,0.7142857142857143,2.866666666666667,Hubei,0.985139664720586,NA
all_years,sediment,beta-lactams,E. coli | Cefuroxime,LivestockAquacultureIndex,7,3,34,15,1,2012,2018,0.10714285714285711,0.8191508555699913,NA,NA,0.8983973213480706,0,-0.14285714285714285,0.7599453002180931,-0.5,0.2531699951003227,TRUE,0.7142857142857143,2.866666666666667,Hubei,0.985139664720586,NA
all_years,sediment,beta-lactams,P. aeruginosa | Gentamicin,LivestockAquacultureIndex,7,3,34,15,1,2012,2018,0.10714285714285711,0.8191508555699913,NA,NA,0.8983973213480706,0,-0.14285714285714285,0.7599453002180931,-0.7142857142857143,0.07134356146753773,TRUE,0.5714285714285714,4.066666666666668,Shanghai,0.985139664720586,NA
all_years,sediment,beta-lactams,P. aeruginosa | Tobramycin,LivestockAquacultureIndex,7,3,34,15,1,2012,2018,0.10714285714285711,0.8191508555699913,NA,NA,0.8983973213480706,0,-0.14285714285714285,0.7599453002180931,-0.7142857142857143,0.07134356146753773,TRUE,0.5714285714285714,4.066666666666668,Shanghai,0.985139664720586,NA
all_years,surface water,diaminopyrimidines,P. aeruginosa | Ciprofloxacin,LivestockAquacultureIndex,7,2,9,8,1,2018,2024,0.10714285714285711,0.8191508555699913,NA,NA,NA,NA,-0.5714285714285714,0.18020198891152778,0.4642857142857143,0.2939341076002518,FALSE,0.5714285714285714,6.200000000000003,Tibet,0.985139664720586,NA
all_years,surface water,diaminopyrimidines,P. aeruginosa | Levofloxacin,LivestockAquacultureIndex,7,2,9,8,1,2018,2024,0.10714285714285711,0.8191508555699913,NA,NA,NA,NA,-0.5714285714285714,0.18020198891152778,0.4642857142857143,0.2939341076002518,FALSE,0.5714285714285714,6.200000000000003,Tibet,0.985139664720586,NA
all_years,soil,sulfonamides,P. aeruginosa | Levofloxacin,EconomicScaleIndex,20,3,313,56,2,2006,2019,0.10700856283197564,0.6534056712256688,-0.2796992481203007,0.23234786067734575,0.22138678024989444,0.059746349446122726,0.5737461236962149,0.008166765310944247,0.44486291058999333,0.04936805374840923,TRUE,1,1.531472606692399,Chongqing,0.985139664720586,0.8756506136724482
all_years,soil,tetracyclines,K. pneumoniae | Polymyxin B,hospitals_count_2024,24,3,312,68,2,2007,2022,-0.10695652173913041,0.6188809974331806,-0.2417391304347826,0.2551064662177332,0.48567178524771265,0,-0.35391304347826086,0.0897584560898227,-0.15739130434782608,0.46264909166367674,FALSE,1,0.8521803399852179,Jiangxi,0.9810438378510519,0.8871017830455327
all_years,sediment,macrolides,E. coli | Cefotetan,milk_output_2024,23,3,430,93,2,2008,2025,-0.10671936758893281,0.6279215092073559,0.024703557312252968,0.9109154893296206,0.003177020108859277,0.4751811594202898,0.21936758893280633,0.31456006390749924,0.5444664031620553,0.007228768255724373,FALSE,0.9130434782608695,1.1746031746031744,Tibet,0.9828171594479744,0.9842154623604513
all_years,sediment,sulfonamides,E. coli | Aztreonam,milk_output_2024,24,3,1061,135,2,2008,2025,0.1065449035841457,0.6202391147661472,0.08608695652173912,0.6891799258775774,0.0015521231748156271,0.520774428109915,0.20613177264851043,0.3338648970533443,0.5026086956521739,0.012311224300312272,TRUE,0.9583333333333334,1.0788520602699623,Hainan,0.9810438378510519,0.9729669155213013
all_years,soil,macrolides,K. pneumoniae | Aztreonam,grp_per_capita_2024,20,3,104,34,2,2006,2020,0.10586181575252077,0.6569005422690966,0.09774436090225563,0.6818324385070819,0.3132637601270729,0.018907030492805205,0.21399209898545266,0.3649682823792031,0.3473684210526316,0.13344922901624715,TRUE,0.95,1.0665528901544319,Jilin,0.985139664720586,0.9729669155213013
all_years,soil,sulfonamides,P. aeruginosa | Cefepime,EconomicScaleIndex,20,3,313,56,2,2006,2019,0.10550139997518725,0.6580003816919814,-0.024060150375939848,0.9197997451459455,0.22138678024989444,0.059746349446122726,0.5737461236962149,0.008166765310944247,0.1881822802834151,0.42688977712085363,TRUE,0.95,1.3167863215610431,Liaoning,0.985139664720586,0.9853330220901917
all_years,soil,tetracyclines,A. baumannii | Amikacin,population_2024,24,3,312,68,2,2007,2022,-0.10521739130434782,0.6246273816458917,-0.11043478260869563,0.6074532587517112,0.48567178524771265,0,-0.31217391304347825,0.1375180295921436,0.4017391304347826,0.05166367606578417,TRUE,1,1.2915101427498126,Zhejiang,0.98129112856514,0.9606462350922552
all_years,sediment,fluoroquinolones,P. aeruginosa | Aztreonam,grp_2024,23,3,950,128,2,2007,2025,-0.10474308300395258,0.6343387370358157,0.026679841897233204,0.9038196225649725,0.025862178954528397,0.2654973649538867,-0.32707509881422925,0.12766439967393878,0.37351778656126483,0.07915444117090965,TRUE,1,1.4204851752021563,Qinghai,0.985139664720586,0.9842154623604513
all_years,sludge,macrolides,K. pneumoniae | Cefazolin,sewage_pipe_length_2024,14,3,77,25,1,2005,2017,0.1045684509522874,0.7220215164031067,0.041758241758241756,0.8872869731890638,0.8556343441410651,0,0.4204986644677089,0.13436459633396483,0.5164835164835165,0.058637163441278554,TRUE,0.8571428571428571,2.548239464271551,Beijing,0.985139664720586,0.9842154623604513
all_years,wastewater effluent,fluoroquinolones,K. pneumoniae | Levofloxacin,freshwater_aquatic_products_2024,13,3,34,15,1,2016,2024,-0.1043956043956044,0.7343037452877024,0.13186813186813187,0.6676075762175147,0.28932970799328467,0.04803767660910481,-0.6978021978021978,0.00800071741122648,0.3516483516483517,0.23869970534203355,TRUE,0.7692307692307693,2.8851674641148324,Beijing,0.985139664720586,0.9729669155213013
all_years,wastewater effluent,fluoroquinolones,E. coli | Chloramphenicol,total_aquatic_products_2024,13,3,34,15,1,2016,2024,0.1043956043956044,0.7343037452877028,0.19780219780219782,0.5171309114848301,0.28932970799328467,0.04803767660910481,-0.6758241758241759,0.011225245577668611,0.29120879120879123,0.33438585619752903,FALSE,0.9230769230769231,2.68421052631579,Beijing,0.985139664720586,0.9606462350922552
all_years,soil,tetracyclines,P. aeruginosa | Meropenem,grp_per_capita_2024,24,3,312,68,2,2007,2022,-0.1043478260869565,0.6275085807240481,-0.08434782608695651,0.6951626031358495,0.48567178524771265,0,0.20782608695652174,0.3298186178055177,0.44869565217391305,0.027860041901524833,FALSE,1,1.1780303030303036,Beijing,0.9828052509946328,0.9729669155213013
all_years,soil,phenicols,E. coli | Ceftazidime,milk_output_2024,10,3,22,13,1,2007,2016,-0.10430233025377429,0.7743046543540666,0.5272727272727272,0.11730806555020236,0.17609777149412834,0.11860744297719157,-0.7301163117764201,0.01650624549810055,0.5878787878787879,0.07387770688865797,TRUE,0.7,1.8023094083513456,Hebei,0.985139664720586,0.8138668527285788
all_years,soil,phenicols,E. coli | Chloramphenicol,LivestockAquacultureIndex,10,3,22,13,1,2007,2016,0.10430233025377429,0.7743046543540668,0.7212121212121211,0.018573155089460183,0.17609777149412834,0.11860744297719157,-0.791470623690405,0.0063770841870565975,0.40606060606060607,0.24428229408662663,FALSE,0.8,3.112806474606918,Guangdong,0.985139664720586,0.5186725532389992
all_years,soil,phenicols,E. coli | Ertapenem,urban_env_infra_investment_2024,10,3,22,13,1,2007,2016,0.10430233025377429,0.7743046543540668,0.47878787878787876,0.16152292801745585,0.17609777149412834,0.11860744297719157,-0.5951368255656534,0.06951501015301105,-0.4666666666666667,0.17393859716506646,TRUE,0.8,1.9751414498185778,Beijing,0.985139664720586,0.8334416432151582
all_years,sludge,diaminopyrimidines,K. pneumoniae | Cefepime,urban_share_2024,13,3,19,17,1,2010,2017,-0.10402886495092305,0.7352069718638112,-0.23076923076923078,0.44812738231536564,0.8019823386358851,0,0.19071958574335895,0.5325404019517954,0.7472527472527473,0.0033267413834299686,FALSE,0.9230769230769231,2.300761082091968,Beijing,0.985139664720586,0.9535880891790752
all_years,sediment,fluoroquinolones,A. baumannii | Tobramycin,urban_env_infra_investment_2024,23,3,950,128,2,2007,2025,-0.10375494071146245,0.6375569641629664,-0.011857707509881422,0.9571758377921823,0.025862178954528397,0.2654973649538867,-0.3616600790513834,0.08994509168798827,0.45652173913043476,0.02854513452470051,TRUE,1,1.4217687074829934,Qinghai,0.985139664720586,0.9867239251522226
all_years,surface water,fluoroquinolones,A. baumannii | Gentamicin,chemical_fertilizers_2024,15,3,77,21,1,2015,2024,-0.10357142857142856,0.7133796306287284,-0.17499999999999996,0.532748148137859,0.27743910513984715,0.014965986394557854,0.4107142857142857,0.1283286460157489,0.6571428571428571,0.007770251358668445,FALSE,0.9333333333333333,1.9973474801061009,Hubei,0.985139664720586,0.9606462350922552
all_years,soil,fluoroquinolones,E. coli | Cefazolin,hospitals_count_2024,23,3,318,64,2,2006,2020,-0.10333748206708725,0.6389184715112064,-0.19762845849802374,0.3660491897294186,0.9845108143090242,0,-0.5305316663061466,0.00920503544877101,0.14525691699604742,0.5084195727681444,TRUE,1,1.4172077786174653,Tibet,0.985139664720586,0.9302154792872848
all_years,soil,macrolides,K. pneumoniae | Polymyxin B,milk_output_2024,19,3,104,34,2,2006,2020,0.10331352385107341,0.6738354413769849,0.17719298245614035,0.46801996198974094,0.3132637601270729,0.018907030492805205,0.4317975484032043,0.06487899887927459,-0.22807017543859648,0.3476780092350392,FALSE,0.8947368421052632,1.4326609568498496,Tianjin,0.985139664720586,0.9606462350922552
all_years,surface water,sulfonamides,A. baumannii | Cefotaxime,LivestockAquacultureIndex,14,3,49,15,1,2013,2024,-0.1032967032967033,0.7252822110889449,-0.046153846153846156,0.8755025376321139,0.07898257926378309,0.18961038961038862,-0.4862489191020163,0.07789960750661203,0.39824006496590475,0.15845038225510757,TRUE,0.9285714285714286,1.5851063829787233,Tibet,0.985139664720586,0.9842154623604513
all_years,surface water,sulfonamides,A. baumannii | Imipenem,chemical_fertilizers_2024,14,3,49,15,1,2013,2024,-0.1032967032967033,0.7252822110889449,-0.14285714285714285,0.6261174762253241,0.07898257926378309,0.18961038961038862,-0.4153846153846154,0.1396659475175257,0.512087912087912,0.061198486156458405,TRUE,0.9285714285714286,1.5851063829787233,Tibet,0.985139664720586,0.9643538787526716
all_years,surface water,macrolides,E. coli | Cefuroxime,total_aquatic_products_2024,14,3,42,16,1,2015,2023,0.1032967032967033,0.725282211088945,0.11208791208791208,0.7028331631967694,0.006641885476426646,0.5788497217068641,-0.35824175824175825,0.208498124790767,-0.5164835164835165,0.058637163441278554,TRUE,0.9285714285714286,2.1702127659574466,Tibet,0.985139664720586,0.9729669155213013
all_years,wastewater effluent,macrolides,E. coli | Cefotetan,chemical_fertilizers_2024,10,3,27,10,1,2018,2024,0.10303030303030301,0.7769984634438898,0.06666666666666667,0.8548130882487426,0.09424870603515988,0.3890909090909095,0.5151515151515151,0.1275528697032343,0.41818181818181815,0.22911284098281884,TRUE,0.7,2.558823529411765,Xinjiang,0.985139664720586,0.9842154623604513
all_years,sludge,tetracyclines,K. pneumoniae | Tobramycin,grp_2024,14,3,77,19,2,2004,2020,0.10293952744612743,0.7261987727337451,0.33186813186813185,0.24637718314961182,0.30098512187415105,0.03648989898989916,0.2516299559794226,0.38549252799635003,0.6131868131868132,0.01970633192603887,TRUE,0.7857142857142857,1.5805707492536474,Shanghai,0.985139664720586,0.8785296752720978
all_years,sediment,lincosamides,K. pneumoniae | Tigecycline,sewage_disposal_capacity_2024,13,3,26,22,1,2010,2018,-0.10178826685793496,0.7407320156535725,-0.010989010989010988,0.971577682777073,0.2592759711301179,0.06997245179063301,0.2310868761099064,0.4474852561081235,0.5384615384615384,0.05763443347046612,FALSE,0.9230769230769231,1.4809105259584538,Hunan,0.985139664720586,0.9881783805943072
all_years,sediment,lincosamides,P. aeruginosa | Amikacin,chemical_fertilizers_2024,13,3,26,22,1,2010,2018,-0.10178826685793496,0.7407320156535725,-0.027472527472527476,0.9290117291603512,0.2592759711301179,0.06997245179063301,-0.23933997882811733,0.4309595500618638,0.6263736263736264,0.021988602409889625,TRUE,0.9230769230769231,1.5120003398855766,Guizhou,0.985139664720586,0.9853330220901917
all_years,sediment,fluoroquinolones,P. aeruginosa | Tobramycin,urban_env_infra_investment_2024,23,3,950,128,2,2007,2025,-0.10177865612648221,0.6440123994143262,-0.1116600790513834,0.611992848751711,0.025862178954528397,0.2654973649538867,-0.3616600790513834,0.08994509168798827,0.1956521739130435,0.3709586113629685,TRUE,0.9565217391304348,1.3245492371705971,Qinghai,0.985139664720586,0.9606462350922552
all_years,soil,macrolides,P. aeruginosa | Ceftazidime,milk_output_2024,20,3,104,34,2,2006,2020,-0.10132488079169845,0.6707942493819057,-0.007518796992481203,0.9749025019933397,0.3132637601270729,0.018907030492805205,0.43554575623894254,0.054921130935576906,0.29022556390977444,0.21449998226074232,FALSE,1,1.4216260151078688,Liaoning,0.985139664720586,0.9890031032596562
all_years,sludge,sulfonamides,E. coli | Chloramphenicol,hospital_beds_2024,16,3,143,28,1,2005,2017,-0.10132046735024665,0.7088734878427734,-0.07647058823529411,0.778340980960703,0.6133729962850374,0,0.20571125189292502,0.44467166924028,0.638235294117647,0.007801138631008023,FALSE,0.875,1.7495096566499173,Guangdong,0.985139664720586,0.9760848906711721
all_years,sediment,fluoroquinolones,S. aureus | Tetracycline,milk_output_2024,23,3,950,128,2,2007,2025,-0.1007905138339921,0.6472495084624308,-0.11660079051383399,0.5962323605575823,0.025862178954528397,0.2654973649538867,-0.10573122529644269,0.6311269024565604,-0.48122529644268774,0.020084726670096323,FALSE,0.9130434782608695,1.3249299719887961,Shandong,0.985139664720586,0.9606462350922552
all_years,sludge,tetracyclines,P. aeruginosa | Gentamicin,population_2024,14,3,77,19,2,2004,2020,0.10065198239176905,0.7320769548795685,0.17802197802197803,0.5425969526062151,0.30098512187415105,0.03648989898989916,0.4140456548388681,0.14107667385991463,0.15164835164835164,0.6047905984521368,TRUE,0.7857142857142857,1.7464528391271419,Hebei,0.985139664720586,0.9606462350922552
all_years,sludge,tetracyclines,P. aeruginosa | Tobramycin,hogs_year_end_2024,14,3,77,19,2,2004,2020,0.10065198239176905,0.7320769548795685,0.16923076923076924,0.5630172739962108,0.30098512187415105,0.03648989898989916,0.4414961954911688,0.1140172523175425,-0.15164835164835164,0.6047905984521376,FALSE,0.7857142857142857,1.7464528391271419,Hebei,0.985139664720586,0.9606462350922552
all_years,soil,macrolides,A. baumannii | Aztreonam,milk_output_2024,20,3,104,34,2,2006,2020,-0.10056872496489473,0.6731200500594277,-0.2571428571428571,0.27375050350001573,0.3132637601270729,0.018907030492805205,0.43554575623894254,0.054921130935576906,0.2962406015037594,0.2047182974286215,FALSE,0.9,1.333502452234794,Tianjin,0.985139664720586,0.8969656318280155
all_years,sediment,sulfonamides,E. coli | Nitrofurantoin,large_animals_year_end_2024,24,3,1061,135,2,2008,2025,-0.10045662337933736,0.6404659188354349,-0.1660869565217391,0.43796690160823903,0.0015521231748156271,0.520774428109915,0.3309415168470811,0.1141958009148479,0.4365217391304348,0.032952895775527125,FALSE,0.8333333333333334,1.1525035390247933,Tianjin,0.985139664720586,0.9507920383745695
all_years,soil,fluoroquinolones,S. aureus | Penicillin G,urban_share_2024,23,3,318,64,2,2006,2020,-0.10037085578764933,0.6486261659663928,0.30039525691699603,0.16370505793172202,0.9845108143090242,0,0.3154512610468979,0.14258693480900217,-0.7608695652173914,2.496270008933187e-5,TRUE,1,1.3985653808419791,Tibet,0.985139664720586,0.8378633175552082
all_years,sludge,macrolides,P. aeruginosa | Polymyxin B,hogs_year_end_2024,14,3,77,25,1,2005,2017,0.10011872963516878,0.733449203879387,0.23516483516483513,0.4183338961985912,0.8556343441410651,0,0.6118366811038092,0.020054411609237308,-0.26593406593406593,0.3581134003647861,FALSE,1,2.7895316049496666,Beijing,0.985139664720586,0.9479489788776115
all_years,sediment,diaminopyrimidines,E. coli | Cefoxitin,freshwater_aquatic_products_2024,18,3,122,45,2,2008,2020,0.1001031991744066,0.6926899392518375,0.11661506707946337,0.6449317151979073,0.01039862314664235,0.47547758284600455,-0.21362229102167182,0.3946884572555506,-0.434468524251806,0.07159701126026873,TRUE,0.9444444444444444,1.5708762886597942,Chongqing,0.985139664720586,0.9729669155213013
all_years,sediment,diaminopyrimidines,K. pneumoniae | Ceftazidime,grp_2024,18,3,122,45,2,2008,2020,-0.1001031991744066,0.6926899392518375,0.0030959752321981426,0.9902723852270469,0.01039862314664235,0.47547758284600455,-0.32507739938080493,0.18808478142236898,0.37254901960784315,0.12787268607330357,TRUE,0.8888888888888888,1.63659793814433,Tianjin,0.985139664720586,0.9951115661410841
all_years,wastewater influent,fluoroquinolones,A. baumannii | Cefotaxime,freshwater_aquatic_products_2024,11,3,44,12,1,2016,2024,-0.1,0.7698749998921365,0.16363636363636364,0.6306852146425357,0.07495187103951058,0.3977272727272725,-0.39090909090909093,0.2345400670951944,0.4,0.22286835013352002,TRUE,0.7272727272727273,3.6666666666666656,Zhejiang,0.985139664720586,0.9643538787526716
all_years,wastewater influent,sulfonamides,S. aureus | Rifampicin,grp_per_capita_2024,9,3,30,9,1,2016,2024,-0.1,0.7979716952348505,-0.38333333333333336,0.3084952723803716,0.8007374029168087,0,-0.36666666666666664,0.3317398014330152,-0.6833333333333333,0.04244227208707236,FALSE,0.6666666666666666,2.571428571428572,Anhui,0.985139664720586,0.9122214762504753
all_years,wastewater influent,sulfonamides,K. pneumoniae | Cefotetan,urban_share_2024,9,3,30,9,1,2016,2024,0.1,0.797971695234851,0.13333333333333333,0.7323675052362975,0.8007374029168087,0,-0.26666666666666666,0.487922274838701,-0.43333333333333335,0.2439524358800516,TRUE,0.7777777777777778,4.000000000000001,Shanxi,0.985139664720586,0.9729669155213013
all_years,wastewater influent,sulfonamides,P. aeruginosa | Imipenem,freshwater_aquatic_products_2024,9,3,30,9,1,2016,2024,0.1,0.797971695234851,0.38333333333333336,0.3084952723803716,0.8007374029168087,0,-0.6333333333333333,0.06708578689234561,0.13333333333333333,0.7323675052362975,FALSE,0.7777777777777778,2.571428571428572,Shanxi,0.985139664720586,0.9122214762504753
all_years,surface water,tetracyclines,E. coli | Ampicillin,hospitals_count_2024,15,2,42,17,1,2015,2024,0.09999999999999998,0.7228973252791182,0.03928571428571428,0.8894459296739486,1,0,0.2357142857142857,0.3977029459032726,0.42857142857142855,0.11096021426087677,TRUE,0.9333333333333333,2.076923076923077,Henan,0.985139664720586,0.9842154623604513
all_years,wastewater influent,macrolides,E. coli | Chloramphenicol,EconomicScaleIndex,5,3,19,5,1,2018,2023,-0.09999999999999998,0.8728885715695381,NA,NA,NA,NA,0.3,0.623837664781073,-0.6,0.28475697986529386,TRUE,NA,NA,,0.985139664720586,NA
all_years,wastewater influent,macrolides,P. aeruginosa | Amikacin,LivestockAquacultureIndex,5,3,19,5,1,2018,2023,-0.09999999999999998,0.8728885715695381,NA,NA,NA,NA,-0.5642880936468347,0.3217233358243004,-0.20519567041703082,0.7405819415910722,FALSE,NA,NA,,0.985139664720586,NA
all_years,wastewater influent,macrolides,P. aeruginosa | Gentamicin,LivestockAquacultureIndex,5,3,19,5,1,2018,2023,-0.09999999999999998,0.8728885715695381,NA,NA,NA,NA,-0.5642880936468347,0.3217233358243004,-0.20519567041703082,0.7405819415910722,FALSE,NA,NA,,0.985139664720586,NA
all_years,wastewater influent,macrolides,S. aureus | Penicillin G,LivestockAquacultureIndex,5,3,19,5,1,2018,2023,-0.09999999999999998,0.8728885715695381,NA,NA,NA,NA,-0.5642880936468347,0.3217233358243004,0.8207826816681233,0.08858700531354387,TRUE,NA,NA,,0.985139664720586,NA
all_years,wastewater influent,macrolides,S. aureus | Tetracycline,LivestockAquacultureIndex,5,3,19,5,1,2018,2023,-0.09999999999999998,0.8728885715695381,NA,NA,NA,NA,-0.5642880936468347,0.3217233358243004,-0.6668859288553503,0.21889398131323168,FALSE,NA,NA,,0.985139664720586,NA
all_years,wastewater influent,macrolides,A. baumannii | Polymyxin B,EconomicScaleIndex,5,3,19,5,1,2018,2023,-0.09999999999999998,0.8728885715695381,NA,NA,NA,NA,0.3,0.623837664781073,-0.9,0.03738607346849869,TRUE,NA,NA,,0.985139664720586,NA
all_years,wastewater influent,macrolides,A. baumannii | Amikacin,EconomicScaleIndex,5,3,19,5,1,2018,2023,0.09999999999999998,0.8728885715695383,NA,NA,NA,NA,0.3,0.623837664781073,0.9,0.03738607346849875,TRUE,NA,NA,,0.985139664720586,NA
all_years,wastewater influent,macrolides,A. baumannii | Aztreonam,EconomicScaleIndex,5,3,19,5,1,2018,2023,0.09999999999999998,0.8728885715695383,NA,NA,NA,NA,0.3,0.623837664781073,0.9,0.03738607346849875,TRUE,NA,NA,,0.985139664720586,NA
all_years,wastewater influent,macrolides,A. baumannii | Cefepime,EconomicScaleIndex,5,3,19,5,1,2018,2023,0.09999999999999998,0.8728885715695383,NA,NA,NA,NA,0.3,0.623837664781073,0.9,0.03738607346849875,TRUE,NA,NA,,0.985139664720586,NA
all_years,wastewater influent,macrolides,A. baumannii | Ceftazidime,EconomicScaleIndex,5,3,19,5,1,2018,2023,0.09999999999999998,0.8728885715695383,NA,NA,NA,NA,0.3,0.623837664781073,0.9,0.03738607346849875,TRUE,NA,NA,,0.985139664720586,NA
all_years,wastewater influent,macrolides,A. baumannii | Imipenem,EconomicScaleIndex,5,3,19,5,1,2018,2023,0.09999999999999998,0.8728885715695383,NA,NA,NA,NA,0.3,0.623837664781073,0.9,0.03738607346849875,TRUE,NA,NA,,0.985139664720586,NA
all_years,wastewater influent,macrolides,A. baumannii | Levofloxacin,EconomicScaleIndex,5,3,19,5,1,2018,2023,0.09999999999999998,0.8728885715695383,NA,NA,NA,NA,0.3,0.623837664781073,0.9,0.03738607346849875,TRUE,NA,NA,,0.985139664720586,NA
all_years,wastewater influent,macrolides,A. baumannii | Meropenem,EconomicScaleIndex,5,3,19,5,1,2018,2023,0.09999999999999998,0.8728885715695383,NA,NA,NA,NA,0.3,0.623837664781073,0.9,0.03738607346849875,TRUE,NA,NA,,0.985139664720586,NA
all_years,wastewater influent,macrolides,A. baumannii | Tigecycline,EconomicScaleIndex,5,3,19,5,1,2018,2023,0.09999999999999998,0.8728885715695383,NA,NA,NA,NA,0.3,0.623837664781073,0.9,0.03738607346849875,TRUE,NA,NA,,0.985139664720586,NA
all_years,wastewater influent,macrolides,A. baumannii | Tobramycin,EconomicScaleIndex,5,3,19,5,1,2018,2023,0.09999999999999998,0.8728885715695383,NA,NA,NA,NA,0.3,0.623837664781073,0.9,0.03738607346849875,TRUE,NA,NA,,0.985139664720586,NA
all_years,wastewater influent,macrolides,E. coli | Amikacin,LivestockAquacultureIndex,5,3,19,5,1,2018,2023,0.09999999999999998,0.8728885715695383,NA,NA,NA,NA,-0.5642880936468347,0.3217233358243004,0.5642880936468347,0.32172333582430024,FALSE,NA,NA,,0.985139664720586,NA
all_years,wastewater influent,macrolides,E. coli | Meropenem,EconomicScaleIndex,5,3,19,5,1,2018,2023,0.09999999999999998,0.8728885715695383,NA,NA,NA,NA,0.3,0.623837664781073,0.6,0.28475697986529386,TRUE,NA,NA,,0.985139664720586,NA
all_years,wastewater influent,macrolides,K. pneumoniae | Cefazolin,EconomicScaleIndex,5,3,19,5,1,2018,2023,0.09999999999999998,0.8728885715695383,NA,NA,NA,NA,0.3,0.623837664781073,0.6,0.28475697986529386,TRUE,NA,NA,,0.985139664720586,NA
all_years,wastewater influent,macrolides,K. pneumoniae | Cefepime,LivestockAquacultureIndex,5,3,19,5,1,2018,2023,0.09999999999999998,0.8728885715695383,NA,NA,NA,NA,-0.5642880936468347,0.3217233358243004,-0.5642880936468347,0.3217233358243004,TRUE,NA,NA,,0.985139664720586,NA
all_years,wastewater influent,macrolides,K. pneumoniae | Cefuroxime,EconomicScaleIndex,5,3,19,5,1,2018,2023,0.09999999999999998,0.8728885715695383,NA,NA,NA,NA,0.3,0.623837664781073,0.6,0.28475697986529386,TRUE,NA,NA,,0.985139664720586,NA
all_years,wastewater influent,macrolides,K. pneumoniae | Gentamicin,EconomicScaleIndex,5,3,19,5,1,2018,2023,0.09999999999999998,0.8728885715695383,NA,NA,NA,NA,0.3,0.623837664781073,0.6,0.28475697986529386,TRUE,NA,NA,,0.985139664720586,NA
all_years,wastewater influent,macrolides,K. pneumoniae | Nitrofurantoin,EconomicScaleIndex,5,3,19,5,1,2018,2023,0.09999999999999998,0.8728885715695383,NA,NA,NA,NA,0.3,0.623837664781073,0.9,0.03738607346849875,TRUE,NA,NA,,0.985139664720586,NA
all_years,wastewater influent,macrolides,P. aeruginosa | Aztreonam,EconomicScaleIndex,5,3,19,5,1,2018,2023,0.09999999999999998,0.8728885715695383,NA,NA,NA,NA,0.3,0.623837664781073,0.6,0.28475697986529386,TRUE,NA,NA,,0.985139664720586,NA
all_years,wastewater influent,macrolides,P. aeruginosa | Imipenem,EconomicScaleIndex,5,3,19,5,1,2018,2023,0.09999999999999998,0.8728885715695383,NA,NA,NA,NA,0.3,0.623837664781073,0.6,0.28475697986529386,TRUE,NA,NA,,0.985139664720586,NA
all_years,wastewater influent,macrolides,P. aeruginosa | Meropenem,EconomicScaleIndex,5,3,19,5,1,2018,2023,0.09999999999999998,0.8728885715695383,NA,NA,NA,NA,0.3,0.623837664781073,0.6,0.28475697986529386,TRUE,NA,NA,,0.985139664720586,NA
all_years,wastewater influent,macrolides,P. aeruginosa | Tobramycin,LivestockAquacultureIndex,5,3,19,5,1,2018,2023,0.09999999999999998,0.8728885715695383,NA,NA,NA,NA,-0.5642880936468347,0.3217233358243004,-0.35909242322980395,0.5528147466433506,TRUE,NA,NA,,0.985139664720586,NA
all_years,wastewater influent,macrolides,S. aureus | Cefoxitin,EconomicScaleIndex,5,3,19,5,1,2018,2023,0.09999999999999998,0.8728885715695383,NA,NA,NA,NA,0.3,0.623837664781073,0.6,0.28475697986529386,TRUE,NA,NA,,0.985139664720586,NA
all_years,wastewater influent,macrolides,S. aureus | Oxacillin,EconomicScaleIndex,5,3,19,5,1,2018,2023,0.09999999999999998,0.8728885715695383,NA,NA,NA,NA,0.3,0.623837664781073,0.6,0.28475697986529386,TRUE,NA,NA,,0.985139664720586,NA
all_years,wastewater influent,macrolides,K. pneumoniae | Polymyxin B,LivestockAquacultureIndex,5,3,19,5,1,2018,2023,0.09999999999999998,0.8728885715695383,NA,NA,NA,NA,-0.5642880936468347,0.3217233358243004,-0.8207826816681233,0.0885870053135441,TRUE,NA,NA,,0.985139664720586,NA
all_years,sediment,fluoroquinolones,K. pneumoniae | Ceftazidime,grp_2024,23,3,950,128,2,2007,2025,-0.09980237154150197,0.6504928119104102,0.026679841897233204,0.9038196225649725,0.025862178954528397,0.2654973649538867,-0.32707509881422925,0.12766439967393878,0.6205533596837944,0.0015813111343060341,TRUE,1,1.5176803394625185,Qinghai,0.985139664720586,0.9842154623604513
all_years,soil,tetracyclines,K. pneumoniae | Ceftriaxone,grp_2024,24,3,312,68,2,2007,2022,0.09913043478260868,0.6449056390307347,0.25652173913043474,0.22628553340548077,0.48567178524771265,0,-0.15130434782608695,0.4803459029793672,0.6121739130434782,0.001475793389844068,FALSE,1,0.9202551834130782,Beijing,0.985139664720586,0.8756506136724482
all_years,sediment,lincosamides,A. baumannii | Amikacin,sewage_disposal_capacity_2024,13,3,26,22,1,2010,2018,-0.09903723261853131,0.74753139781747,-0.07142857142857142,0.8166280406760862,0.2592759711301179,0.06997245179063301,0.2310868761099064,0.4474852561081235,0.4065934065934066,0.1679783461478961,FALSE,0.8461538461538461,2.131738357086957,Hubei,0.985139664720586,0.9842154623604513
all_years,surface water,macrolides,S. aureus | Amikacin,chemical_fertilizers_2024,14,3,42,16,1,2015,2023,-0.09890109890109891,0.736585369925317,0.20439560439560442,0.4833462230422234,0.006641885476426646,0.5788497217068641,-0.512087912087912,0.061198486156458405,0.6,0.023308410880000015,TRUE,0.7857142857142857,1.7777777777777777,Hubei,0.985139664720586,0.9606462350922552
all_years,surface water,sulfonamides,E. coli | Ciprofloxacin,chemical_fertilizers_2024,14,3,49,15,1,2013,2024,-0.09890109890109891,0.736585369925317,-0.16043956043956042,0.5837527526413416,0.07898257926378309,0.18961038961038862,-0.4153846153846154,0.1396659475175257,0.44175824175824174,0.11377750302872344,TRUE,0.7857142857142857,2.2777777777777777,Guangdong,0.985139664720586,0.9606462350922552
all_years,surface water,sulfonamides,P. aeruginosa | Levofloxacin,chemical_fertilizers_2024,14,3,49,15,1,2013,2024,-0.09890109890109891,0.736585369925317,-0.21318681318681318,0.464302820039745,0.07898257926378309,0.18961038961038862,-0.4153846153846154,0.1396659475175257,0.5604395604395604,0.037104477004074335,TRUE,0.9285714285714286,2.2777777777777777,Tibet,0.985139664720586,0.9606462350922552
all_years,surface water,macrolides,S. aureus | Cefoxitin,chemical_fertilizers_2024,14,3,42,16,1,2015,2023,0.09890109890109891,0.7365853699253172,0.002197802197802198,0.9940505286658998,0.006641885476426646,0.5788497217068641,-0.512087912087912,0.061198486156458405,0.15604395604395604,0.594234700580851,FALSE,0.8571428571428571,2.2777777777777777,Guangdong,0.985139664720586,0.9962526787072509
all_years,surface water,sulfonamides,A. baumannii | Tobramycin,hospital_beds_2024,14,3,49,15,1,2013,2024,0.09890109890109891,0.7365853699253172,0.09890109890109891,0.7365853699253172,0.07898257926378309,0.18961038961038862,-0.35384615384615387,0.21453987088124624,-0.3054945054945055,0.28816988587545705,TRUE,0.9285714285714286,2.2777777777777777,Tibet,0.985139664720586,0.9729669155213013
all_years,sediment,macrolides,E. coli | Ceftazidime,chemical_fertilizers_2024,23,3,430,93,2,2008,2025,-0.09881422924901187,0.6537422594768714,0.0029644268774703555,0.9892894902264762,0.003177020108859277,0.4751811594202898,-0.23221343873517786,0.28632757233033446,0.5138339920948617,0.012140429945704545,TRUE,0.9130434782608695,1.0285714285714287,Guangdong,0.985139664720586,0.9951115661410841
all_years,sludge,tetracyclines,E. coli | Trimethoprim/Sulfamethoxazole,grp_per_capita_2024,14,3,77,19,2,2004,2020,-0.09836443733741065,0.737968825707084,-0.20439560439560442,0.48334622304222363,0.30098512187415105,0.03648989898989916,-0.07777653184818517,0.7915638511844983,-0.789010989010989,7.946144116544928e-4,FALSE,0.9285714285714286,2.3196453632738363,Hebei,0.985139664720586,0.9606462350922552
all_years,sludge,tetracyclines,S. aureus | Gentamicin,urban_share_2024,14,3,77,19,2,2004,2020,-0.09836443733741065,0.737968825707084,0.0945054945054945,0.7479382611415478,0.30098512187415105,0.03648989898989916,-0.21274169005533006,0.46525822108730286,0.6747252747252748,0.008117706397553236,TRUE,0.8571428571428571,1.967116652129712,Hebei,0.985139664720586,0.9751218136611995
all_years,soil,macrolides,K. pneumoniae | Tigecycline,large_animals_year_end_2024,20,3,104,34,2,2006,2020,-0.09830025748448357,0.6801145414184506,-0.12781954887218044,0.5912462398946647,0.3132637601270729,0.018907030492805205,0.19281973583494852,0.4153713579000935,-0.5112781954887218,0.02122064413322478,TRUE,0.95,1.53897411500641,Tibet,0.985139664720586,0.9606462350922552
all_years,sludge,sulfonamides,P. aeruginosa | Aztreonam,grp_per_capita_2024,16,3,143,28,1,2005,2017,-0.09825015015781492,0.7173528038612762,-0.1323529411764706,0.6251064291516133,0.6133729962850374,0,-0.3162426708204668,0.23275560389798974,0.711764705882353,0.0019840432477699634,TRUE,0.9375,1.950381772612939,Heilongjiang,0.985139664720586,0.9643538787526716
all_years,sludge,sulfonamides,S. aureus | Chloramphenicol,urban_env_infra_investment_2024,16,3,143,28,1,2005,2017,0.09825015015781492,0.7173528038612766,0.1764705882352941,0.5132505967364667,0.6133729962850374,0,0.24255505820210563,0.3653907279159272,-0.49117647058823527,0.053350435677943356,FALSE,1,1.490582015842092,Zhejiang,0.985139664720586,0.9606462350922552
all_years,sludge,diaminopyrimidines,K. pneumoniae | Ceftriaxone,urban_share_2024,13,3,19,17,1,2010,2017,-0.09824948356476067,0.7494815011484792,-0.23626373626373628,0.4370835438311813,0.8019823386358851,0,0.19071958574335895,0.5325404019517954,0.7142857142857143,0.006088305245824148,FALSE,0.9230769230769231,2.25361386365897,Gansu,0.985139664720586,0.9507920383745695
all_years,sludge,diaminopyrimidines,K. pneumoniae | Levofloxacin,urban_share_2024,13,3,19,17,1,2010,2017,-0.09824948356476067,0.7494815011484792,-0.25824175824175827,0.39428401739736163,0.8019823386358851,0,0.19071958574335895,0.5325404019517954,0.7252747252747253,0.005023237655349926,FALSE,0.9230769230769231,2.25361386365897,Gansu,0.985139664720586,0.9479489788776115
all_years,sediment,diaminopyrimidines,A. baumannii | Ceftriaxone,total_aquatic_products_2024,18,3,122,45,2,2008,2020,0.09803921568627451,0.6987424830235279,0.11248710010319918,0.6567565630509027,0.01039862314664235,0.47547758284600455,-0.28586171310629516,0.2501695935454812,-0.2776057791537668,0.2647097281537839,TRUE,1,2.1000000000000005,Guangdong,0.985139664720586,0.9729669155213013
all_years,sediment,fluoroquinolones,K. pneumoniae | Ceftriaxone,grp_2024,23,3,950,128,2,2007,2025,-0.09782608695652174,0.6569978005869377,-0.01383399209486166,0.9500465072482804,0.025862178954528397,0.2654973649538867,-0.32707509881422925,0.12766439967393878,0.5958498023715415,0.0026980519210933053,TRUE,0.9565217391304348,1.4992784992784998,Qinghai,0.985139664720586,0.9867239251522226
all_years,sludge,fluoroquinolones,S. aureus | Gentamicin,milk_output_2024,16,3,149,31,2,2005,2017,-0.09778046040608339,0.7186527093838491,-0.09999999999999999,0.712516370128278,0.06923543109736396,0.25696039035591295,-0.3022305139824395,0.2552382704186771,0.5882352941176471,0.016539722195378186,TRUE,0.8125,1.579886497845351,Beijing,0.985139664720586,0.9729669155213013
all_years,sediment,sulfonamides,S. aureus | Amikacin,sewage_disposal_capacity_2024,24,3,1061,135,2,2008,2025,-0.09697760611944689,0.6521378042064221,-0.08347826086956521,0.698160600678742,0.0015521231748156271,0.520774428109915,-0.130898024403379,0.542083078884666,0.4469565217391304,0.028546284582444348,TRUE,0.9583333333333334,1.0968230916794182,Tianjin,0.985139664720586,0.9729669155213013
all_years,soil,macrolides,P. aeruginosa | Cefepime,milk_output_2024,20,3,104,34,2,2006,2020,-0.09678794583087612,0.6847915912936553,-0.012030075187969924,0.9598534442846787,0.3132637601270729,0.018907030492805205,0.43554575623894254,0.054921130935576906,0.3518796992481203,0.1281419520870412,FALSE,0.85,1.5656421050718314,Tibet,0.985139664720586,0.9869199755591355
all_years,soil,diaminopyrimidines,E. coli | Trimethoprim/Sulfamethoxazole,milk_output_2024,8,3,9,8,1,2008,2015,-0.09639253854237598,0.820380411238149,0.761904761904762,0.028004939153071826,0.24103244438393973,0.07490909090909051,-0.5542570966186618,0.1539883457589951,0.6190476190476191,0.10173303745426454,TRUE,0.75,4.177826229587537,Hubei,0.985139664720586,0.5536685420358437
all_years,soil,diaminopyrimidines,K. pneumoniae | Tigecycline,hospitals_count_2024,8,3,9,8,1,2008,2015,-0.09639253854237598,0.820380411238149,-0.42857142857142866,0.2894032248467901,0.24103244438393973,0.07490909090909051,-0.20483414440254896,0.6265435481779082,-0.7380952380952381,0.036552761052860795,FALSE,0.75,3.527692569068708,Hebei,0.985139664720586,0.8969656318280155
all_years,soil,diaminopyrimidines,S. aureus | Levofloxacin,milk_output_2024,8,3,9,8,1,2008,2015,-0.09639253854237598,0.820380411238149,-0.1904761904761905,0.6514014957024816,0.24103244438393973,0.07490909090909051,-0.5542570966186618,0.1539883457589951,0.3333333333333333,0.41975308641975306,TRUE,0.75,3.0751924274898244,Beijing,0.985139664720586,0.9729669155213013
all_years,sludge,fluoroquinolones,S. aureus | Chloramphenicol,sewage_pipe_length_2024,16,3,149,31,2,2005,2017,0.09629893827871848,0.7227576708639478,0.17941176470588233,0.5061395399904385,0.06923543109736396,0.25696039035591295,0.5555707977618373,0.025461783832817764,-0.2,0.45768790507519996,FALSE,1,2.4615839712848064,Jiangsu,0.985139664720586,0.9606462350922552
all_years,sediment,lincosamides,K. pneumoniae | Imipenem,large_animals_year_end_2024,13,3,26,22,1,2010,2018,-0.09628619837912766,0.7543476386857775,-0.23076923076923078,0.44812738231536564,0.2592759711301179,0.06997245179063301,-0.327373074489034,0.27488966062773995,-0.5604395604395604,0.04634590589406466,FALSE,0.9230769230769231,1.6184141736939444,Guangxi,0.985139664720586,0.9535880891790752
all_years,sludge,tetracyclines,K. pneumoniae | Ceftazidime,grp_2024,14,3,77,19,2,2004,2020,0.09607689228305227,0.7438740987371757,0.25274725274725274,0.3833149644785111,0.30098512187415105,0.03648989898989916,0.2516299559794226,0.38549252799635003,0.6263736263736264,0.016541935428871186,TRUE,0.7857142857142857,1.7060696306763175,Shanghai,0.985139664720586,0.9421113234318428
all_years,sediment,diaminopyrimidines,A. baumannii | Levofloxacin,chemical_fertilizers_2024,18,3,122,45,2,2008,2020,-0.09597523219814241,0.7048123642968973,-0.09391124871001032,0.7108992592881795,0.01039862314664235,0.47547758284600455,-0.24458204334365324,0.3280041243603068,0.32714138286893707,0.18513284759128767,TRUE,0.9444444444444444,1.7661290322580647,Tianjin,0.985139664720586,0.9729669155213013
all_years,sediment,macrolides,E. coli | Aztreonam,milk_output_2024,23,3,430,93,2,2008,2025,0.0958498023715415,0.6635269596839088,0.23616600790513834,0.2779707631076221,0.003177020108859277,0.4751811594202898,0.21936758893280633,0.31456006390749924,0.5523715415019763,0.0062739636561592645,TRUE,1,0.9381443298969075,Tianjin,0.985139664720586,0.8969656318280155
all_years,sludge,macrolides,S. aureus | Penicillin G,urban_share_2024,14,3,77,25,1,2005,2017,-0.09566900831805016,0.7449284327649779,-0.26593406593406593,0.3581134003647861,0.8556343441410651,0,-0.2491843937586423,0.39028164932017895,-0.7142857142857143,0.004104409161880238,FALSE,0.8571428571428571,2.324264215696271,Beijing,0.985139664720586,0.9268335373285431
all_years,sludge,macrolides,S. aureus | Rifampicin,pork_output_2024,14,3,77,25,1,2005,2017,0.09566900831805016,0.7449284327649783,-0.07692307692307693,0.7938058883554533,0.8556343441410651,0,0.5473157220055893,0.04279329934575179,0.3010989010989011,0.2955144656072166,TRUE,1,2.907468464064037,Beijing,0.985139664720586,0.9799202460692253
all_years,sludge,diaminopyrimidines,P. aeruginosa | Ceftazidime,pork_output_2024,13,3,19,17,1,2010,2017,0.09535979287167946,0.7566467126231948,0.027472527472527476,0.929011729160351,0.8019823386358851,0,-0.7166432918841367,0.005846431266760286,0.054945054945054944,0.8585042942308735,FALSE,0.7692307692307693,2.131156757715701,Gansu,0.985139664720586,0.9853330220901917
all_years,soil,macrolides,P. aeruginosa | Gentamicin,milk_output_2024,20,3,104,34,2,2006,2020,-0.0952756341772687,0.6894797113510923,-0.14135338345864662,0.5522144386322416,0.3132637601270729,0.018907030492805205,0.43554575623894254,0.054921130935576906,0.34887218045112783,0.13166317155695248,FALSE,0.9,1.5931566979964722,Tibet,0.985139664720586,0.9606462350922552
all_years,sediment,fluoroquinolones,S. aureus | Clindamycin,large_animals_year_end_2024,23,3,950,128,2,2007,2025,0.09486166007905138,0.6668004750731932,0.05434782608695652,0.8054580956761177,0.025862178954528397,0.2654973649538867,0.17292490118577075,0.4300873620992395,0.5889328063241107,0.003109952422820516,TRUE,1,1.410714285714286,Qinghai,0.985139664720586,0.9842154623604513
all_years,surface water,macrolides,E. coli | Trimethoprim/Sulfamethoxazole,freshwater_aquatic_products_2024,14,3,42,16,1,2015,2023,-0.0945054945054945,0.7479382611415475,0.01978021978021978,0.9464892274080113,0.006641885476426646,0.5788497217068641,-0.4153846153846154,0.1396659475175257,-0.4989010989010989,0.06936352739715487,FALSE,0.7857142857142857,1.9069767441860468,Hubei,0.985139664720586,0.9867239251522226
all_years,sediment,phenicols,E. coli | Ertapenem,grp_per_capita_2024,14,3,58,25,1,2006,2020,0.0945054945054945,0.7479382611415478,0.0945054945054945,0.7479382611415478,0.20022103787458767,0.11060606060606078,-0.6263736263736264,0.016541935428871186,-0.3098901098901099,0.2809332808692584,TRUE,0.7857142857142857,2.0232558139534884,Shanghai,0.985139664720586,0.9751218136611995
all_years,soil,fluoroquinolones,A. baumannii | Cefepime,hospitals_count_2024,23,3,318,64,2,2006,2020,-0.09394316551553386,0.6698485431607557,0.037549407114624504,0.8649333446053347,0.9845108143090242,0,-0.5305316663061466,0.00920503544877101,0.36462450592885376,0.08715015516609212,TRUE,1,1.3935620192791336,Jilin,0.985139664720586,0.9842154623604513
all_years,soil,tetracyclines,A. baumannii | Aztreonam,population_2024,24,3,312,68,2,2007,2022,-0.09391304347826086,0.6624853858393345,0.0617391304347826,0.7744295754905792,0.48567178524771265,0,-0.31217391304347825,0.1375180295921436,0.44173913043478263,0.030686519885684074,TRUE,0.9583333333333334,1.2314814814814814,Hainan,0.985139664720586,0.9760848906711721
all_years,sediment,fluoroquinolones,E. coli | Polymyxin B,freshwater_aquatic_products_2024,23,3,950,128,2,2007,2025,0.09387351778656126,0.6700798788152733,0.023715415019762844,0.9144659262773518,0.025862178954528397,0.2654973649538867,-0.2134387351778656,0.3281421718767421,0.31225296442687744,0.1469017639625557,FALSE,0.9130434782608695,1.4601503759398502,Xinjiang,0.985139664720586,0.9842154623604513
all_years,soil,fluoroquinolones,S. aureus | Tetracycline,hospitals_count_2024,23,3,318,64,2,2006,2020,-0.09344872780229421,0.6714914501943162,-0.09288537549407114,0.6733651189007204,0.9845108143090242,0,-0.5305316663061466,0.00920503544877101,-0.19367588932806323,0.3759056797129495,FALSE,1,0.8427648846152971,Tianjin,0.985139664720586,0.9729669155213013
all_years,soil,fluoroquinolones,A. baumannii | Gentamicin,hospitals_count_2024,23,3,318,64,2,2006,2020,-0.09295429008905455,0.6731358128645306,0.11956521739130435,0.5868591882350065,0.9845108143090242,0,-0.5305316663061466,0.00920503544877101,0.4367588932806324,0.037180289761529664,TRUE,0.8695652173913043,1.2857445846895081,Ningxia,0.985139664720586,0.9606462350922552
all_years,sediment,fluoroquinolones,E. coli | Cefoxitin,milk_output_2024,23,3,950,128,2,2007,2025,0.09288537549407114,0.6733651189007193,0.07806324110671936,0.7233078775886128,0.025862178954528397,0.2654973649538867,-0.10573122529644269,0.6311269024565604,0.3814229249011858,0.07252253296442937,FALSE,0.9565217391304348,1.4255319148936179,Xinjiang,0.985139664720586,0.9729669155213013
all_years,sediment,fluoroquinolones,A. baumannii | Ceftazidime,urban_env_infra_investment_2024,23,3,950,128,2,2007,2025,-0.09288537549407114,0.6733651189007204,0.05731225296442687,0.7950603500142361,0.025862178954528397,0.2654973649538867,-0.3616600790513834,0.08994509168798827,0.5355731225296443,0.008444102176418345,TRUE,0.9565217391304348,1.559270516717326,Qinghai,0.985139664720586,0.9799202460692253
all_years,sediment,macrolides,K. pneumoniae | Cefepime,grp_2024,23,3,430,93,2,2008,2025,-0.09288537549407114,0.6733651189007204,0.0800395256916996,0.7165801831888988,0.003177020108859277,0.4751811594202898,-0.37351778656126483,0.07915444117090965,0.5098814229249012,0.012937217385827761,TRUE,1,1.2674772036474173,Guangdong,0.985139664720586,0.9729669155213013
all_years,surface water,tetracyclines,P. aeruginosa | Levofloxacin,chemical_fertilizers_2024,15,2,42,17,1,2015,2024,0.09285714285714285,0.742045009907367,0.028571428571428564,0.9194899083821857,1,0,0.19285714285714287,0.49104870160522307,0.875,1.952261381594108e-5,TRUE,0.8666666666666667,2.2544378698224854,Henan,0.985139664720586,0.9853330220901917
all_years,surface water,fluoroquinolones,A. baumannii | Imipenem,chemical_fertilizers_2024,15,3,77,21,1,2015,2024,-0.09285714285714285,0.7420450099073673,-0.2892857142857142,0.2956653610043781,0.27743910513984715,0.014965986394557854,0.4107142857142857,0.1283286460157489,0.5857142857142857,0.02177651761904281,FALSE,0.8666666666666667,2.2544378698224854,Hubei,0.985139664720586,0.9025574178028385
all_years,sludge,diaminopyrimidines,A. baumannii | Imipenem,pork_output_2024,13,3,19,17,1,2010,2017,-0.09247010217859826,0.7638298796244272,-0.23626373626373628,0.4370835438311813,0.8019823386358851,0,-0.7166432918841367,0.005846431266760286,0.15934065934065933,0.6030877531318972,TRUE,0.8461538461538461,1.6861636488587923,Zhejiang,0.985139664720586,0.9507920383745695
all_years,sludge,diaminopyrimidines,E. coli | Meropenem,urban_share_2024,13,3,19,17,1,2010,2017,-0.09247010217859826,0.7638298796244272,-0.2087912087912088,0.4936218193568852,0.8019823386358851,0,0.19071958574335895,0.5325404019517954,0.7417582417582418,0.003701313735752625,FALSE,0.9230769230769231,2.551905947033749,Beijing,0.985139664720586,0.9606462350922552
all_years,sludge,sulfonamides,K. pneumoniae | Ertapenem,grp_per_capita_2024,16,3,143,28,1,2005,2017,-0.0921095157729515,0.7344037061843562,-0.1264705882352941,0.6406944408168836,0.6133729962850374,0,-0.3162426708204668,0.23275560389798974,0.6411764705882353,0.00743441908253395,TRUE,0.875,1.5721952528703882,Beijing,0.985139664720586,0.9699934128527622
all_years,soil,phenicols,A. baumannii | Meropenem,milk_output_2024,10,3,22,13,1,2007,2016,0.09203146787097732,0.80037764473834,0.2363636363636363,0.5108853175152004,0.17609777149412834,0.11860744297719157,-0.7301163117764201,0.01650624549810055,0.3575757575757576,0.3103760917056805,FALSE,0.7,2.6371359845260995,Henan,0.985139664720586,0.9606462350922552
all_years,soil,phenicols,A. baumannii | Tobramycin,milk_output_2024,10,3,22,13,1,2007,2016,0.09203146787097732,0.80037764473834,0.2363636363636363,0.5108853175152004,0.17609777149412834,0.11860744297719157,-0.7301163117764201,0.01650624549810055,0.3575757575757576,0.3103760917056805,FALSE,0.7,2.6371359845260995,Henan,0.985139664720586,0.9606462350922552
all_years,sediment,diaminopyrimidines,E. coli | Ciprofloxacin,milk_output_2024,18,3,122,45,2,2008,2020,-0.09184726522187822,0.717002841661774,-0.02786377708978328,0.9126078919940865,0.01039862314664235,0.47547758284600455,-0.07327141382868937,0.7726309674360763,0.737874097007224,4.7305669590900476e-4,TRUE,0.8888888888888888,1.6671348314606742,Guangdong,0.985139664720586,0.9842154623604513
all_years,soil,fluoroquinolones,S. aureus | Trimethoprim/Sulfamethoxazole,large_animals_year_end_2024,23,3,318,64,2,2006,2020,-0.09147097694933559,0.6780775690372379,-0.17391304347826086,0.42741609739663655,0.9845108143090242,0,-0.3653894700841028,0.08643958128251814,0.4851778656126482,0.018942524121112022,TRUE,0.9565217391304348,1.3397083132074827,Jilin,0.985139664720586,0.9479489788776115
all_years,soil,tetracyclines,P. aeruginosa | Imipenem,grp_per_capita_2024,24,3,312,68,2,2007,2022,-0.09130434782608694,0.6713412695646421,-0.0817391304347826,0.7041697144360891,0.48567178524771265,0,0.20782608695652174,0.3298186178055177,0.5008695652173913,0.012665278925668638,FALSE,0.9583333333333334,1.2619047619047623,Liaoning,0.985139664720586,0.9729669155213013
all_years,soil,sulfonamides,K. pneumoniae | Nitrofurantoin,EconomicScaleIndex,20,3,313,56,2,2006,2019,-0.09118335283569755,0.702219978511336,-0.6917293233082706,7.284845298314505e-4,0.22138678024989444,0.059746349446122726,0.5737461236962149,0.008166765310944247,0.5351904051260326,0.015030299871919539,FALSE,0.95,1.4340482439831608,Chongqing,0.985139664720586,0.3068260161230437
all_years,sediment,fluoroquinolones,K. pneumoniae | Cefuroxime,grp_2024,23,3,950,128,2,2007,2025,-0.09090909090909091,0.679952898665358,-0.02766798418972332,0.900274322997744,0.025862178954528397,0.2654973649538867,-0.32707509881422925,0.12766439967393878,0.5938735177865613,0.0028107323985247733,TRUE,0.9565217391304348,1.6149068322981373,Qinghai,0.985139664720586,0.9842154623604513
all_years,sediment,macrolides,A. baumannii | Tobramycin,freshwater_aquatic_products_2024,23,3,430,93,2,2008,2025,-0.09090909090909091,0.679952898665358,0.025691699604743084,0.9073666997030374,0.003177020108859277,0.4751811594202898,-0.4901185770750988,0.017589302048693578,0.1808300395256917,0.40896996107842065,TRUE,1,1.2670807453416153,Tibet,0.985139664720586,0.9842154623604513
all_years,wastewater influent,fluoroquinolones,A. baumannii | Levofloxacin,total_aquatic_products_2024,11,3,44,12,1,2016,2024,0.09090909090909091,0.7903727377532903,0.13636363636363635,0.689309020586362,0.07495187103951058,0.3977272727272725,-0.37272727272727274,0.2589258736842223,0.33636363636363636,0.3118243139003862,FALSE,0.8181818181818182,3.3333333333333326,Zhejiang,0.985139664720586,0.9729669155213013
all_years,wastewater influent,fluoroquinolones,K. pneumoniae | Ceftriaxone,large_animals_year_end_2024,11,3,44,12,1,2016,2024,0.09090909090909091,0.7903727377532903,0.18181818181818182,0.5926152128455002,0.07495187103951058,0.3977272727272725,0.15454545454545454,0.65003396549758,-0.6636363636363637,0.025984133918765542,FALSE,0.8181818181818182,3.3333333333333326,Beijing,0.985139664720586,0.9606462350922552
all_years,surface water,sulfonamides,E. coli | Levofloxacin,chemical_fertilizers_2024,14,3,49,15,1,2013,2024,-0.09010989010989011,0.7593388378159545,-0.10769230769230768,0.7140308087262489,0.07898257926378309,0.18961038961038862,-0.4153846153846154,0.1396659475175257,0.46373626373626375,0.09487633150889964,TRUE,0.7857142857142857,2.5243902439024395,Tibet,0.985139664720586,0.9729669155213013
all_years,surface water,sulfonamides,E. coli | Meropenem,LivestockAquacultureIndex,14,3,49,15,1,2013,2024,-0.09010989010989011,0.7593388378159545,0.02857142857142857,0.9227613765698746,0.07898257926378309,0.18961038961038862,-0.4862489191020163,0.07789960750661203,0.5918595440653501,0.02576627838101394,TRUE,0.8571428571428571,2.5243902439024395,Tibet,0.985139664720586,0.9853330220901917
all_years,soil,fluoroquinolones,A. baumannii | Meropenem,hospitals_count_2024,23,3,318,64,2,2006,2020,-0.08998766380961665,0.6830321888431173,-0.0958498023715415,0.6635269596839088,0.9845108143090242,0,-0.5305316663061466,0.00920503544877101,0.37549407114624506,0.07745523146339534,TRUE,0.8695652173913043,1.2449239297338641,Ningxia,0.985139664720586,0.9729669155213013
all_years,soil,macrolides,S. aureus | Chloramphenicol,sewage_pipe_length_2024,20,3,104,34,2,2006,2020,0.08998254338964265,0.7059731259856667,0.16691729323308271,0.48182491843154673,0.3132637601270729,0.018907030492805205,0.18525817756691132,0.43423906769221143,-0.556390977443609,0.010841753245056875,FALSE,0.85,1.5153077602483818,Jilin,0.985139664720586,0.9606462350922552
all_years,sediment,macrolides,S. aureus | Cefoxitin,grp_2024,23,3,430,93,2,2008,2025,-0.0899209486166008,0.6832553329339464,-0.044466403162055336,0.8403387863596052,0.003177020108859277,0.4751811594202898,-0.37351778656126483,0.07915444117090965,0.38735177865612647,0.06783171233563066,TRUE,1,1.6938775510204083,Tibet,0.985139664720586,0.9842154623604513
all_years,sediment,diaminopyrimidines,K. pneumoniae | Cefepime,grp_2024,18,3,122,45,2,2008,2020,0.08978328173374613,0.7231227825767574,0.14963880288957687,0.5534228921214379,0.01039862314664235,0.47547758284600455,-0.32507739938080493,0.18808478142236898,0.38080495356037153,0.11898433684768583,FALSE,0.9444444444444444,2.2212643678160924,Tianjin,0.985139664720586,0.9606462350922552
all_years,sediment,sulfonamides,A. baumannii | Ciprofloxacin,urban_env_infra_investment_2024,24,3,1061,135,2,2008,2025,-0.08958469444217966,0.6772024571674626,-0.04608695652173912,0.8306723439322349,0.0015521231748156271,0.520774428109915,-0.19525984371135272,0.36053130301013314,0.4782608695652174,0.018080632726500265,TRUE,0.9583333333333334,1.0551649193779005,Tianjin,0.985139664720586,0.9842154623604513
all_years,sludge,diaminopyrimidines,E. coli | Gentamicin,freshwater_aquatic_products_2024,13,3,19,17,1,2010,2017,0.08958041148551707,0.7710304914480202,0.32967032967032966,0.2713350545052358,0.8019823386358851,0,-0.5288133968338589,0.06315863753009365,-0.45604395604395603,0.11728306543614472,TRUE,0.7692307692307693,2.458160628783591,Zhejiang,0.985139664720586,0.8969656318280155
all_years,soil,tetracyclines,K. pneumoniae | Trimethoprim/Sulfamethoxazole,population_2024,24,3,312,68,2,2007,2022,0.08956521739130434,0.6772689468428973,0.17565217391304344,0.41165144697505396,0.48567178524771265,0,-0.31217391304347825,0.1375180295921436,0.4182608695652174,0.041951916181776364,FALSE,1,1.239629302736099,Henan,0.985139664720586,0.9479489788776115
all_years,soil,fluoroquinolones,S. aureus | Oxacillin,hospitals_count_2024,23,3,318,64,2,2006,2020,-0.08949322609637698,0.6846865564007052,-0.1492094861660079,0.49682281859974564,0.9845108143090242,0,-0.5305316663061466,0.00920503544877101,0.11462450592885376,0.6025160030357668,TRUE,1,1.6016965501011569,Tibet,0.985139664720586,0.9606462350922552
all_years,surface water,fluoroquinolones,K. pneumoniae | Tobramycin,chemical_fertilizers_2024,15,3,77,21,1,2015,2024,0.08928571428571427,0.7516725173502768,0.04999999999999999,0.8595409434674568,0.27743910513984715,0.014965986394557854,0.4107142857142857,0.1283286460157489,0.65,0.008711583621912293,TRUE,0.9333333333333333,2.716923076923077,Hubei,0.985139664720586,0.9842154623604513
all_years,surface water,tetracyclines,K. pneumoniae | Amikacin,hogs_year_end_2024,15,2,42,17,1,2015,2024,0.08928571428571427,0.7516725173502768,-0.1107142857142857,0.694462647207096,1,0,0.2357142857142857,0.3977029459032726,0.7535714285714286,0.0011775830234888303,TRUE,0.9333333333333333,2.353846153846154,Henan,0.985139664720586,0.9729669155213013
all_years,surface water,tetracyclines,K. pneumoniae | Tobramycin,hogs_year_end_2024,15,2,42,17,1,2015,2024,0.08928571428571427,0.7516725173502768,-0.1107142857142857,0.694462647207096,1,0,0.2357142857142857,0.3977029459032726,0.7821428571428571,5.697096277734958e-4,TRUE,0.9333333333333333,2.353846153846154,Henan,0.985139664720586,0.9729669155213013
all_years,surface water,tetracyclines,P. aeruginosa | Cefepime,grp_per_capita_2024,15,2,42,17,1,2015,2024,0.08928571428571427,0.7516725173502768,0.1714285714285714,0.5412721760996331,1,0,-0.49642857142857144,0.059797413749923985,0.2892857142857143,0.2956653610043781,FALSE,0.8666666666666667,1.9600000000000002,Henan,0.985139664720586,0.9606462350922552
all_years,surface water,fluoroquinolones,S. aureus | Penicillin G,milk_output_2024,15,3,77,21,1,2015,2024,-0.08928571428571427,0.7516725173502772,-0.05714285714285713,0.8396998687415758,0.27743910513984715,0.014965986394557854,0.42857142857142855,0.11096021426087677,0.44285714285714284,0.09829406554687134,FALSE,0.9333333333333333,1.8123076923076924,Jilin,0.985139664720586,0.9842154623604513
all_years,sludge,sulfonamides,E. coli | Ceftriaxone,grp_per_capita_2024,16,3,143,28,1,2005,2017,-0.08903919858051978,0.742973524055097,-0.24705882352941175,0.35627504151257705,0.6133729962850374,0,-0.3162426708204668,0.23275560389798974,-0.32941176470588235,0.21280142621621323,FALSE,0.8125,2.38243499233727,Hebei,0.985139664720586,0.9268335373285431
all_years,sludge,sulfonamides,K. pneumoniae | Ceftazidime,grp_per_capita_2024,16,3,143,28,1,2005,2017,-0.08903919858051978,0.742973524055097,-0.14411764705882352,0.5943782881736935,0.6133729962850374,0,-0.3162426708204668,0.23275560389798974,0.6970588235294117,0.0026905894025605953,TRUE,0.875,1.5496456862548065,Gansu,0.985139664720586,0.9606462350922552
all_years,sludge,sulfonamides,P. aeruginosa | Levofloxacin,grp_per_capita_2024,16,3,143,28,1,2005,2017,-0.08903919858051978,0.742973524055097,-0.18529411764705883,0.4920570502059438,0.6133729962850374,0,-0.3162426708204668,0.23275560389798974,0.5852941176470589,0.01722528661609483,TRUE,0.9375,1.6213871190613842,Heilongjiang,0.985139664720586,0.9606462350922552
all_years,sludge,macrolides,K. pneumoniae | Ceftazidime,sewage_pipe_length_2024,14,3,77,25,1,2005,2017,0.08899442634237226,0.7622392786139516,0.09890109890109891,0.7365853699253172,0.8556343441410651,0,0.4204986644677089,0.13436459633396483,0.5604395604395604,0.037104477004074335,TRUE,0.8571428571428571,2.9497507720706992,Beijing,0.985139664720586,0.9729669155213013
all_years,sediment,macrolides,S. aureus | Oxacillin,total_aquatic_products_2024,23,3,430,93,2,2008,2025,-0.08893280632411067,0.6865633927293344,-0.25494071146245056,0.2403974496421708,0.003177020108859277,0.4751811594202898,-0.43478260869565216,0.03814605716443817,-0.36462450592885376,0.08715015516609212,FALSE,1,1.622222222222223,Tibet,0.985139664720586,0.8756506136724482
all_years,sludge,fluoroquinolones,S. aureus | Cefoxitin,grp_2024,16,3,149,31,2,2005,2017,0.08889132764189399,0.7433869826062589,-0.01764705882352941,0.9482801500547113,0.06923543109736396,0.25696039035591295,0.42519685055372614,0.10062365291369492,0.4235294117647059,0.10210932208599748,TRUE,0.8125,1.7500098604450414,Jiangsu,0.985139664720586,0.9867239251522226
all_years,soil,macrolides,K. pneumoniae | Ampicillin,milk_output_2024,20,3,104,34,2,2006,2020,-0.08847023173603522,0.7107091837584363,-0.23759398496240602,0.31313056374426707,0.3132637601270729,0.018907030492805205,0.43554575623894254,0.054921130935576906,-0.1774436090225564,0.45420348387931897,TRUE,0.9,1.4589221778615538,Tianjin,0.985139664720586,0.9151180041208424
all_years,sediment,lincosamides,S. aureus | Tetracycline,WastewaterHealthIndex,13,3,26,22,1,2010,2018,0.08803309566091672,0.7748931291635944,0.1098901098901099,0.7208097995138615,0.2592759711301179,0.06997245179063301,0.1517242822586011,0.6207344312785312,-0.49035998740567865,0.08889686235539088,FALSE,0.7692307692307693,2.5013155422377733,Zhejiang,0.985139664720586,0.9729669155213013
all_years,sediment,fluoroquinolones,S. aureus | Rifampicin,grp_per_capita_2024,23,3,950,128,2,2007,2025,0.08794466403162056,0.6898770246642605,-0.018774703557312252,0.9322405344278781,0.025862178954528397,0.2654973649538867,-0.20454545454545456,0.34916435580619787,-0.31126482213438733,0.1482533703130442,TRUE,1,1.4719101123595508,Tianjin,0.985139664720586,0.9853330220901917
all_years,wastewater effluent,fluoroquinolones,A. baumannii | Meropenem,freshwater_aquatic_products_2024,13,3,34,15,1,2016,2024,0.0879120879120879,0.775195408889122,0.14835164835164835,0.6286094178894162,0.28932970799328467,0.04803767660910481,-0.6978021978021978,0.00800071741122648,0.1813186813186813,0.5532950092839335,FALSE,0.8461538461538461,2.829545454545455,Zhejiang,0.985139664720586,0.9643538787526716
all_years,wastewater effluent,fluoroquinolones,K. pneumoniae | Ampicillin,grp_2024,13,3,34,15,1,2016,2024,-0.0879120879120879,0.7751954088891222,-0.24725274725274726,0.41540511972553806,0.28932970799328467,0.04803767660910481,-0.5384615384615384,0.05763443347046634,-0.35714285714285715,0.23092986230203383,FALSE,0.8461538461538461,2.818181818181819,Hainan,0.985139664720586,0.9479489788776115
all_years,soil,macrolides,S. aureus | Amikacin,milk_output_2024,20,3,104,34,2,2006,2020,-0.0877140759092315,0.7130810584488965,-0.18045112781954886,0.4464646102705483,0.3132637601270729,0.018907030492805205,0.43554575623894254,0.054921130935576906,0.26165413533834586,0.2651241095103528,FALSE,0.95,1.5031286994921458,Tianjin,0.985139664720586,0.9535880891790752
all_years,soil,sulfonamides,E. coli | Ampicillin,urban_share_2024,20,3,313,56,2,2006,2019,-0.08741544569372658,0.7140184880824538,0.1368421052631579,0.5650957921363964,0.22138678024989444,0.059746349446122726,0.5094210455944755,0.021775408416415995,-0.6285714285714286,0.0029938208071812666,TRUE,0.95,1.2712957122735897,Guizhou,0.985139664720586,0.9606462350922552
all_years,sediment,sulfonamides,A. baumannii | Tobramycin,large_animals_year_end_2024,24,3,1061,135,2,2008,2025,-0.08741030865474811,0.6846395988142762,-0.15652173913043477,0.4651562978756907,0.0015521231748156271,0.520774428109915,0.3309415168470811,0.1141958009148479,0.17391304347826086,0.4163699952935561,FALSE,0.9583333333333334,1.2332186516317216,Tibet,0.985139664720586,0.9606462350922552
all_years,sludge,fluoroquinolones,A. baumannii | Ciprofloxacin,sewage_pipe_length_2024,16,3,149,31,2,2005,2017,0.08740980551452908,0.74753304492681,-0.15,0.5792486306642537,0.06923543109736396,0.25696039035591295,0.5555707977618373,0.025461783832817764,0.4088235294117647,0.11588783814878352,TRUE,0.8125,2.010091154241146,Jiangsu,0.985139664720586,0.9606462350922552
all_years,sludge,tetracyclines,K. pneumoniae | Ceftriaxone,grp_2024,14,3,77,19,2,2004,2020,0.08692671206561872,0.7676234257158315,0.3142857142857143,0.2738049029628676,0.30098512187415105,0.03648989898989916,0.2516299559794226,0.38549252799635003,0.6351648351648351,0.014657881327289188,TRUE,0.7857142857142857,1.860879106115466,Shanghai,0.985139664720586,0.8969656318280155
all_years,sludge,macrolides,K. pneumoniae | Cefepime,sewage_pipe_length_2024,14,3,77,25,1,2005,2017,0.08676956568381294,0.7680330229584209,0.03296703296703296,0.9109186530718452,0.8556343441410651,0,0.4204986644677089,0.13436459633396483,0.46373626373626375,0.09487633150889964,TRUE,0.7857142857142857,3.1796304466356617,Beijing,0.985139664720586,0.9842154623604513
all_years,sludge,macrolides,K. pneumoniae | Gentamicin,sewage_pipe_length_2024,14,3,77,25,1,2005,2017,0.08676956568381294,0.7680330229584209,0.09890109890109891,0.7365853699253172,0.8556343441410651,0,0.4204986644677089,0.13436459633396483,0.4989010989010989,0.06936352739715487,TRUE,0.8571428571428571,3.0188754294573665,Beijing,0.985139664720586,0.9729669155213013
all_years,sludge,diaminopyrimidines,P. aeruginosa | Imipenem,urban_share_2024,13,3,19,17,1,2010,2017,0.08669072079243588,0.7782480343487849,-0.04395604395604395,0.8866190227890783,0.8019823386358851,0,0.19071958574335895,0.5325404019517954,0.6868131868131868,0.009509496050393567,TRUE,0.8461538461538461,3.176180325603316,Gansu,0.985139664720586,0.9842154623604513
all_years,sediment,tetracyclines,P. aeruginosa | Tobramycin,milk_output_2024,23,3,693,129,2,2004,2025,-0.08648381781194203,0.6947859138760072,-0.038537549407114624,0.8614118662219498,0.06310630550908343,0.17629345855989417,-0.30343465220875665,0.15927575726801604,0.3191699604743083,0.1376842373432186,TRUE,1,1.5992754509335672,Qinghai,0.985139664720586,0.9842154623604513
all_years,sludge,sulfonamides,A. baumannii | Tobramycin,hospitals_count_2024,16,3,143,28,1,2005,2017,-0.08596888138808806,0.7515717270150846,-0.19999999999999998,0.45768790507519996,0.6133729962850374,0,0.3070317192431717,0.24738910127380673,0.21470588235294116,0.42455923362010295,FALSE,0.875,2.1091221648314455,Gansu,0.985139664720586,0.9606462350922552
all_years,sludge,fluoroquinolones,S. aureus | Levofloxacin,urban_share_2024,16,3,149,31,2,2005,2017,0.08592828338716418,0.7516856048915058,-0.07647058823529411,0.778340980960703,0.06923543109736396,0.25696039035591295,0.39408488587906326,0.13094775073762935,0.6441176470588236,0.007081524086582867,TRUE,0.9375,1.586152555216972,Shanghai,0.985139664720586,0.9760848906711721
all_years,sediment,phenicols,K. pneumoniae | Chloramphenicol,grp_per_capita_2024,14,3,58,25,1,2006,2020,0.08571428571428572,0.7707850311186756,0.024175824175824177,0.9346189946036425,0.20022103787458767,0.11060606060606078,-0.6263736263736264,0.016541935428871186,0.05054945054945055,0.8637420361792152,FALSE,0.7857142857142857,2.7820512820512824,Guizhou,0.985139664720586,0.9853330220901917
all_years,surface water,macrolides,S. aureus | Penicillin G,freshwater_aquatic_products_2024,14,3,42,16,1,2015,2023,-0.08571428571428572,0.7707850311186759,-0.06813186813186813,0.8169838797817922,0.006641885476426646,0.5788497217068641,-0.4153846153846154,0.1396659475175257,-0.4989010989010989,0.06936352739715487,FALSE,0.7857142857142857,3.166666666666667,Tibet,0.985139664720586,0.9842154623604513
all_years,surface water,sulfonamides,K. pneumoniae | Ertapenem,urban_env_infra_investment_2024,14,3,49,15,1,2013,2024,-0.08571428571428572,0.7707850311186759,-0.2879120879120879,0.3181928710258007,0.07898257926378309,0.18961038961038862,-0.35384615384615387,0.21453987088124624,0.4901098901098901,0.07522006672685844,TRUE,0.7142857142857143,2.6666666666666665,Tibet,0.985139664720586,0.9180513702300525
all_years,wastewater effluent,sulfonamides,E. coli | Tobramycin,WastewaterHealthIndex,6,2,13,7,1,2018,2022,0.08571428571428572,0.871743440233236,NA,NA,NA,NA,0.02857142857142857,0.9571545189504373,0.7714285714285715,0.07239650145772594,TRUE,0.8333333333333334,7.999999999999999,Shandong,0.985139664720586,NA
all_years,wastewater effluent,sulfonamides,S. aureus | Nitrofurantoin,EconomicScaleIndex,6,2,13,7,1,2018,2022,0.08571428571428572,0.871743440233236,NA,NA,NA,NA,-0.20291986247835694,0.699797968157019,-0.6087595874350709,0.19966018946036257,TRUE,0.6666666666666666,5.666666666666666,Anhui,0.985139664720586,NA
all_years,wastewater effluent,sulfonamides,S. aureus | Erythromycin,LivestockAquacultureIndex,6,2,13,7,1,2018,2022,-0.08571428571428572,0.8717434402332366,NA,NA,NA,NA,0.3188740696088466,0.5379005604702051,0.4058397249567139,0.42466250756136453,FALSE,0.5,5.999999999999998,Shandong,0.985139664720586,NA
all_years,wastewater effluent,sulfonamides,S. aureus | Rifampicin,EconomicScaleIndex,6,2,13,7,1,2018,2022,-0.08571428571428572,0.8717434402332366,NA,NA,NA,NA,-0.20291986247835694,0.699797968157019,-0.8406680016960503,0.036057572845159334,FALSE,0.8333333333333334,7.999999999999999,Shandong,0.985139664720586,NA
all_years,surface water,fluoroquinolones,K. pneumoniae | Imipenem,hospital_beds_2024,15,3,77,21,1,2015,2024,0.0857142857142857,0.7613341261907666,-0.04285714285714285,0.8794603130258991,0.27743910513984715,0.014965986394557854,0.36428571428571427,0.18191025904581395,0.6464285714285715,0.009214550689979973,TRUE,0.9333333333333333,2.2564102564102573,Jiangxi,0.985139664720586,0.9842154623604513
all_years,sediment,tetracyclines,K. pneumoniae | Gentamicin,grp_2024,23,3,693,129,2,2004,2025,-0.0854954313226627,0.6981139467408501,0.020750988142292492,0.9251264681656184,0.06310630550908343,0.17629345855989417,-0.29701014002844095,0.1687385708187329,0.6146245059288538,0.0018048352216738439,TRUE,0.9565217391304348,1.8143025077279087,Qinghai,0.985139664720586,0.9853330220901917
all_years,soil,macrolides,P. aeruginosa | Meropenem,milk_output_2024,20,3,104,34,2,2006,2020,-0.08544560842882033,0.7202118318719253,-0.03458646616541353,0.8849015088305829,0.3132637601270729,0.018907030492805205,0.43554575623894254,0.054921130935576906,0.3233082706766917,0.16438973703865012,FALSE,0.95,1.7957420193531213,Tibet,0.985139664720586,0.9842154623604513
all_years,soil,tetracyclines,E. coli | Nitrofurantoin,grp_per_capita_2024,24,3,312,68,2,2007,2022,-0.08521739130434781,0.692169031649987,-0.032173913043478254,0.8813617120284876,0.48567178524771265,0,0.20782608695652174,0.3298186178055177,-0.4782608695652174,0.018080632726500265,TRUE,0.9583333333333334,1.353896103896104,Zhejiang,0.985139664720586,0.9842154623604513
all_years,soil,sulfonamides,P. aeruginosa | Aztreonam,urban_share_2024,20,3,313,56,2,2006,2019,-0.085154701408544,0.7211279036033911,-0.35037593984962406,0.12989410232900497,0.22138678024989444,0.059746349446122726,0.5094210455944755,0.021775408416415995,0.3067669172932331,0.1883231984785576,FALSE,1,1.8196490940994576,Liaoning,0.985139664720586,0.818563978423839
all_years,sediment,macrolides,S. aureus | Ciprofloxacin,grp_2024,23,3,430,93,2,2008,2025,0.08498023715415019,0.6998508154199039,0.22035573122529645,0.3123301820262031,0.003177020108859277,0.4751811594202898,-0.37351778656126483,0.07915444117090965,0.4308300395256917,0.040136774114785626,FALSE,0.9565217391304348,1.0863787375415284,Jilin,0.985139664720586,0.9151180041208424
all_years,soil,macrolides,A. baumannii | Polymyxin B,hospital_beds_2024,19,3,104,34,2,2006,2020,-0.0847700708521628,0.7300636753344277,0.06842105263157895,0.780767401593491,0.3132637601270729,0.018907030492805205,0.29934431269669987,0.21312385610827944,-0.5596491228070175,0.012716556664429175,TRUE,0.8947368421052632,1.54403618253342,Guizhou,0.985139664720586,0.9773635099083988
all_years,sludge,macrolides,E. coli | Trimethoprim/Sulfamethoxazole,grp_per_capita_2024,14,3,77,25,1,2005,2017,0.08454470502525363,0.7738380479350068,-0.17802197802197803,0.5425969526062151,0.8556343441410651,0,-0.2091369019045748,0.473030267999901,-0.7934065934065934,7.075341356182043e-4,TRUE,0.8571428571428571,1.8579241443094254,Beijing,0.985139664720586,0.9606462350922552
all_years,sediment,fluoroquinolones,K. pneumoniae | Imipenem,grp_2024,23,3,950,128,2,2007,2025,-0.08399209486166008,0.7031861967054882,-0.007905138339920948,0.9714434970216935,0.025862178954528397,0.2654973649538867,-0.32707509881422925,0.12766439967393878,0.5859683794466403,0.0033020547806449224,TRUE,1,1.8033613445378158,Qinghai,0.985139664720586,0.9881783805943072
all_years,sludge,diaminopyrimidines,P. aeruginosa | Cefepime,hogs_year_end_2024,13,3,19,17,1,2010,2017,0.08380103009935468,0.7854819916289513,-0.05494505494505495,0.8585042942308735,0.8019823386358851,0,-0.7050845291118119,0.007106491488108418,-0.14835164835164835,0.6286094178894164,TRUE,0.7692307692307693,1.8949703643535256,Gansu,0.985139664720586,0.9842154623604513
all_years,wastewater influent,sulfonamides,K. pneumoniae | Tigecycline,freshwater_aquatic_products_2024,9,3,30,9,1,2016,2024,0.08333333333333333,0.831214097710308,0.35,0.3558195725017889,0.8007374029168087,0,-0.6333333333333333,0.06708578689234561,0.5333333333333333,0.13922686754397803,FALSE,0.7777777777777778,2.7142857142857153,Guangdong,0.985139664720586,0.9268335373285431
all_years,wastewater influent,sulfonamides,E. coli | Meropenem,freshwater_aquatic_products_2024,9,3,30,9,1,2016,2024,-0.08333333333333333,0.8312140977103081,0.06666666666666667,0.8646897846262037,0.8007374029168087,0,-0.6333333333333333,0.06708578689234561,0.4166666666666667,0.26458604674749603,TRUE,0.7777777777777778,4.714285714285715,Shanxi,0.985139664720586,0.9842154623604513
all_years,wastewater influent,sulfonamides,K. pneumoniae | Cefazolin,freshwater_aquatic_products_2024,9,3,30,9,1,2016,2024,-0.08333333333333333,0.8312140977103081,0.06666666666666667,0.8646897846262037,0.8007374029168087,0,-0.6333333333333333,0.06708578689234561,0.4166666666666667,0.26458604674749603,TRUE,0.7777777777777778,4.714285714285715,Shanxi,0.985139664720586,0.9842154623604513
all_years,wastewater influent,sulfonamides,K. pneumoniae | Cefoxitin,freshwater_aquatic_products_2024,9,3,30,9,1,2016,2024,-0.08333333333333333,0.8312140977103081,0.15,0.7000942309691419,0.8007374029168087,0,-0.6333333333333333,0.06708578689234561,0.43333333333333335,0.2439524358800516,TRUE,0.6666666666666666,4.714285714285715,Shanxi,0.985139664720586,0.9729669155213013
all_years,soil,macrolides,A. baumannii | Amikacin,sewage_pipe_length_2024,20,3,104,34,2,2006,2020,0.08317714094840918,0.7273649172677928,-0.02706766917293233,0.909811665177451,0.3132637601270729,0.018907030492805205,0.18525817756691132,0.43423906769221143,0.37593984962406013,0.10234904601068488,TRUE,0.95,1.8650892487443655,Tianjin,0.985139664720586,0.9842154623604513
all_years,sediment,fluoroquinolones,A. baumannii | Ceftriaxone,urban_env_infra_investment_2024,23,3,950,128,2,2007,2025,-0.08300395256916997,0.7065268792142227,0.08300395256916997,0.7065268792142227,0.025862178954528397,0.2654973649538867,-0.3616600790513834,0.08994509168798827,0.47134387351778656,0.023184970046031702,TRUE,0.9130434782608695,1.7142857142857149,Qinghai,0.985139664720586,0.9729669155213013
all_years,sediment,fluoroquinolones,A. baumannii | Gentamicin,urban_env_infra_investment_2024,23,3,950,128,2,2007,2025,-0.08300395256916997,0.7065268792142227,0.06422924901185771,0.7709325113831808,0.025862178954528397,0.2654973649538867,-0.3616600790513834,0.08994509168798827,0.5424901185770751,0.007485442004559349,TRUE,0.9565217391304348,1.6734693877551028,Qinghai,0.985139664720586,0.9760848906711721
all_years,sediment,fluoroquinolones,S. aureus | Levofloxacin,grp_2024,23,3,950,128,2,2007,2025,-0.08300395256916997,0.7065268792142227,0.05335968379446641,0.8089311975158359,0.025862178954528397,0.2654973649538867,-0.32707509881422925,0.12766439967393878,0.5306324110671937,0.009189293482353325,TRUE,0.9565217391304348,1.7278911564625852,Qinghai,0.985139664720586,0.9842154623604513
all_years,sludge,fluoroquinolones,A. baumannii | Imipenem,sewage_pipe_length_2024,16,3,149,31,2,2005,2017,0.08296523913243438,0.7600098098956818,-0.2529411764705882,0.3445630313374989,0.06923543109736396,0.25696039035591295,0.5555707977618373,0.025461783832817764,0.47941176470588237,0.060239302504315966,TRUE,0.8125,2.129358477118016,Jiangsu,0.985139664720586,0.9268335373285431
all_years,sediment,sulfonamides,S. aureus | Oxacillin,grp_2024,24,3,1061,135,2,2008,2025,-0.08262665992239869,0.7011009143642423,-0.1252173913043478,0.5598985357904832,0.0015521231748156271,0.520774428109915,-0.23961731377495624,0.2594293755011346,0.3939130434782609,0.05683469551963012,TRUE,1,1.5239983007156024,Tibet,0.985139664720586,0.9606462350922552
all_years,soil,tetracyclines,A. baumannii | Polymyxin B,population_2024,24,3,312,68,2,2007,2022,0.0826086956521739,0.7011629844471833,-0.07652173913043478,0.7222991032128198,0.48567178524771265,0,-0.31217391304347825,0.1375180295921436,-0.44782608695652176,0.028201491909682307,TRUE,0.9583333333333334,1.1555023923444976,Beijing,0.985139664720586,0.9729669155213013
all_years,sediment,lincosamides,K. pneumoniae | Meropenem,large_animals_year_end_2024,13,3,26,22,1,2010,2018,-0.08253102718210943,0.7886663341770896,-0.32967032967032966,0.2713350545052358,0.2592759711301179,0.06997245179063301,-0.327373074489034,0.27488966062773995,-0.6098901098901099,0.026877834421252016,FALSE,0.6923076923076923,1.9336841445967394,Guangxi,0.985139664720586,0.8969656318280155
all_years,wastewater effluent,fluoroquinolones,K. pneumoniae | Ciprofloxacin,freshwater_aquatic_products_2024,13,3,34,15,1,2016,2024,-0.08241758241758242,0.7889509278475182,0.15934065934065933,0.6030877531318972,0.28932970799328467,0.04803767660910481,-0.6978021978021978,0.00800071741122648,0.34615384615384615,0.24662526251007166,TRUE,0.7692307692307693,3.5818181818181825,Beijing,0.985139664720586,0.9606462350922552
all_years,sludge,tetracyclines,E. coli | Imipenem,urban_share_2024,14,3,77,19,2,2004,2020,0.08235162195690195,0.7795709348162895,0.20439560439560442,0.4833462230422234,0.30098512187415105,0.03648989898989916,-0.21274169005533006,0.46525822108730286,0.6087912087912087,0.02085661601722324,FALSE,0.7857142857142857,1.7719725943109756,Hebei,0.985139664720586,0.9606462350922552
all_years,sludge,tetracyclines,K. pneumoniae | Levofloxacin,grp_2024,14,3,77,19,2,2004,2020,0.08235162195690195,0.7795709348162895,0.2879120879120879,0.3181928710258,0.30098512187415105,0.03648989898989916,0.2516299559794226,0.38549252799635003,0.6923076923076923,0.0060710487499900405,TRUE,0.7857142857142857,1.9511846334549694,Shanghai,0.985139664720586,0.9180513702300525
all_years,sludge,macrolides,A. baumannii | Cefepime,freshwater_aquatic_products_2024,14,3,77,25,1,2005,2017,-0.08231984436669433,0.7796540811910226,-0.0945054945054945,0.7479382611415475,0.8556343441410651,0,0.5829134925425382,0.028685897723242478,0.2571428571428571,0.3748119038799703,FALSE,0.7857142857142857,2.058010241243348,Qinghai,0.985139664720586,0.9751218136611995
all_years,sludge,macrolides,E. coli | Ertapenem,total_aquatic_products_2024,14,3,77,25,1,2005,2017,0.08231984436669433,0.7796540811910226,0.12967032967032965,0.658619276321178,0.8556343441410651,0,0.5072682301515218,0.06409816720259101,0.2703296703296703,0.3499193863496043,TRUE,0.7857142857142857,2.727778506458833,Beijing,0.985139664720586,0.9729669155213013
all_years,sediment,sulfonamides,S. aureus | Rifampicin,large_animals_year_end_2024,24,3,1061,135,2,2008,2025,-0.08219178276491239,0.7026040207088556,-0.17565217391304344,0.41165144697505396,0.0015521231748156271,0.520774428109915,0.3309415168470811,0.1141958009148479,0.3034782608695652,0.14940850037488193,FALSE,0.875,1.4509513250733135,Hainan,0.985139664720586,0.9479489788776115
all_years,soil,sulfonamides,E. coli | Tigecycline,sewage_pipe_length_2024,20,3,313,56,2,2006,2019,-0.08214037569496721,0.7306413992758933,-0.10225563909774436,0.6679353573533204,0.22138678024989444,0.059746349446122726,0.5516216055845504,0.011689585959119946,-0.3894736842105263,0.08961904769837141,TRUE,0.95,1.858878005782665,Liaoning,0.985139664720586,0.9729669155213013
all_years,sediment,fluoroquinolones,E. coli | Aztreonam,urban_env_infra_investment_2024,23,3,950,128,2,2007,2025,-0.08201581027667984,0.7098728079837815,-0.020750988142292492,0.9251264681656184,0.025862178954528397,0.2654973649538867,-0.3616600790513834,0.08994509168798827,0.40019762845849804,0.05846386887150024,TRUE,0.9130434782608695,1.378657487091222,Tianjin,0.985139664720586,0.9853330220901917
all_years,sediment,macrolides,E. coli | Chloramphenicol,total_aquatic_products_2024,23,3,430,93,2,2008,2025,-0.08201581027667984,0.7098728079837815,-0.05138339920948617,0.8158878128403202,0.003177020108859277,0.4751811594202898,-0.43478260869565216,0.03814605716443817,0.48320158102766797,0.01950686660721996,TRUE,0.8695652173913043,1.5266781411359729,Guangdong,0.985139664720586,0.9842154623604513
all_years,wastewater influent,fluoroquinolones,E. coli | Imipenem,urban_share_2024,11,3,44,12,1,2016,2024,0.08181818181818182,0.8109903943000459,0.3090909090909091,0.3550284397015071,0.07495187103951058,0.3977272727272725,0.2727272727272727,0.41714143714253127,0.5,0.11730680301423815,TRUE,0.9090909090909091,3.7407407407407405,Beijing,0.985139664720586,0.9268335373285431
all_years,wastewater influent,fluoroquinolones,K. pneumoniae | Aztreonam,large_animals_year_end_2024,11,3,44,12,1,2016,2024,0.08181818181818182,0.8109903943000459,0.12727272727272726,0.7092146257733047,0.07495187103951058,0.3977272727272725,0.15454545454545454,0.65003396549758,-0.7454545454545455,0.008454728885061592,FALSE,0.7272727272727273,3.7407407407407405,Beijing,0.985139664720586,0.9729669155213013
all_years,sediment,diaminopyrimidines,E. coli | Aztreonam,urban_env_infra_investment_2024,18,3,122,45,2,2008,2020,-0.08152734778121776,0.7477594697936525,0.005159958720330237,0.9837879533049654,0.01039862314664235,0.47547758284600455,-0.22807017543859648,0.3627002084947104,0.45923632610939114,0.0552156619872672,TRUE,0.8333333333333334,1.7215189873417722,Tianjin,0.985139664720586,0.993893859033422
all_years,sediment,diaminopyrimidines,S. aureus | Ciprofloxacin,urban_share_2024,18,3,122,45,2,2008,2020,-0.08152734778121776,0.7477594697936525,0.08771929824561403,0.7292587507339037,0.01039862314664235,0.47547758284600455,0.28586171310629516,0.2501695935454805,0.653250773993808,0.0032856411027831546,FALSE,0.8888888888888888,1.2705696202531647,Jiangsu,0.985139664720586,0.9729669155213013
all_years,surface water,sulfonamides,S. aureus | Chloramphenicol,WastewaterHealthIndex,14,3,49,15,1,2013,2024,-0.08131868131868132,0.782274751244096,0.05054945054945055,0.8637420361792152,0.07898257926378309,0.18961038961038862,-0.2863443069549532,0.320953097546839,-0.5088118069738015,0.06315901545933361,FALSE,0.7857142857142857,1.8783783783783785,Guangxi,0.985139664720586,0.9842154623604513
all_years,surface water,sulfonamides,S. aureus | Trimethoprim/Sulfamethoxazole,freshwater_aquatic_products_2024,14,3,49,15,1,2013,2024,-0.08131868131868132,0.782274751244096,0.14725274725274726,0.6154187624847252,0.07898257926378309,0.18961038961038862,-0.13846153846153847,0.6368849912650185,-0.7802197802197802,9.944938002309524e-4,FALSE,0.7857142857142857,2.2432432432432434,Tibet,0.985139664720586,0.9606462350922552
all_years,sludge,diaminopyrimidines,S. aureus | Cefoxitin,freshwater_aquatic_products_2024,13,3,19,17,1,2010,2017,-0.08091133940627349,0.7927318437272453,-0.2692307692307692,0.37373304228189186,0.8019823386358851,0,-0.5288133968338589,0.06315863753009365,0.34065934065934067,0.2547064607541252,TRUE,0.8461538461538461,1.922572973255519,Beijing,0.985139664720586,0.9351594487186277
all_years,soil,tetracyclines,K. pneumoniae | Chloramphenicol,population_2024,24,3,312,68,2,2007,2022,-0.08086956521739129,0.7071807504682384,-0.04347826086956521,0.8401329841149334,0.48567178524771265,0,-0.31217391304347825,0.1375180295921436,0.391304347826087,0.058644471056667875,TRUE,1,1.4071358748778109,Fujian,0.985139664720586,0.9842154623604513
all_years,soil,fluoroquinolones,A. baumannii | Tigecycline,chemical_fertilizers_2024,23,3,318,64,2,2006,2020,-0.08059334725806326,0.7146984821005758,-0.48023715415019763,0.020378798193912306,0.9845108143090242,0,-0.35648959124578905,0.09497906146870506,0.2450592885375494,0.25973639878298527,TRUE,0.9565217391304348,1.496320788943923,Ningxia,0.985139664720586,0.5217687382956994
all_years,sludge,tetracyclines,E. coli | Cefepime,sewage_disposal_capacity_2024,14,3,77,19,2,2004,2020,-0.08006407690254357,0.7855618663222783,0.17362637362637362,0.5527669411422413,0.30098512187415105,0.03648989898989916,0.1098021626092026,0.7086491974533016,0.5208791208791209,0.056153927343702656,FALSE,0.7857142857142857,2.3565769425365533,Hebei,0.985139664720586,0.9606462350922552
all_years,soil,phenicols,E. coli | Aztreonam,milk_output_2024,10,3,22,13,1,2007,2016,-0.07976060548818034,0.8266294205655289,0.39393939393939387,0.2599977668348876,0.17609777149412834,0.11860744297719157,-0.7301163117764201,0.01650624549810055,0.5393939393939394,0.10759318778241472,TRUE,0.7,2.363925994197287,Henan,0.985139664720586,0.8871017830455327
all_years,soil,phenicols,P. aeruginosa | Cefepime,urban_share_2024,10,3,22,13,1,2007,2016,-0.07976060548818034,0.8266294205655289,-0.0303030303030303,0.9337729580941467,0.17609777149412834,0.11860744297719157,0.8160123484559989,0.0039891443952871615,-0.2606060606060606,0.4670890543863403,TRUE,0.7,3.337839116872744,Guangdong,0.985139664720586,0.9853330220901917
all_years,soil,phenicols,S. aureus | Nitrofurantoin,milk_output_2024,10,3,22,13,1,2007,2016,-0.07976060548818034,0.8266294205655289,0.29696969696969694,0.4047016712701569,0.17609777149412834,0.11860744297719157,-0.7301163117764201,0.01650624549810055,0.4909090909090909,0.14965567342083677,TRUE,0.7,2.4877158016462917,Guangdong,0.985139664720586,0.9479489788776115
all_years,soil,macrolides,A. baumannii | Cefepime,milk_output_2024,20,3,104,34,2,2006,2020,-0.07939636181439057,0.7393348567737897,-0.10526315789473684,0.6587277693915816,0.3132637601270729,0.018907030492805205,0.43554575623894254,0.054921130935576906,0.18345864661654135,0.4387948865691029,FALSE,0.9,1.678121652877414,Tianjin,0.985139664720586,0.9729669155213013
all_years,soil,sulfonamides,E. coli | Tobramycin,grp_per_capita_2024,20,3,313,56,2,2006,2019,0.07912604998139043,0.7401929147727679,-0.08421052631578947,0.7241036435108111,0.22138678024989444,0.059746349446122726,0.5425786284438201,0.01344424302302041,-0.23609022556390977,0.3162939707830975,FALSE,0.95,1.7002645002928325,Liaoning,0.985139664720586,0.9729669155213013
all_years,soil,sulfonamides,P. aeruginosa | Imipenem,urban_share_2024,20,3,313,56,2,2006,2019,0.07912604998139043,0.7401929147727679,-0.23308270676691728,0.32267802500462306,0.22138678024989444,0.059746349446122726,0.5094210455944755,0.021775408416415995,0.47969924812030074,0.032326069200214115,TRUE,0.85,1.8010580011713304,Chongqing,0.985139664720586,0.921151822516418
all_years,sediment,fluoroquinolones,S. aureus | Gentamicin,milk_output_2024,23,3,950,128,2,2007,2025,0.07905138339920949,0.7199415184401362,0.10869565217391304,0.6215302402954626,0.025862178954528397,0.2654973649538867,-0.10573122529644269,0.6311269024565604,0.475296442687747,0.02190174042331355,FALSE,1,1.7500000000000004,Xinjiang,0.985139664720586,0.9642670806230015
all_years,wastewater effluent,macrolides,P. aeruginosa | Piperacillin,large_animals_year_end_2024,10,3,27,10,1,2018,2024,-0.07878787878787878,0.8287173946974605,0.18787878787878787,0.603217610029209,0.09424870603515988,0.3890909090909095,0.4909090909090909,0.14965567342083677,-0.4303030303030303,0.21449233253280775,TRUE,0.8,3.5384615384615388,Heilongjiang,0.985139664720586,0.9606462350922552
all_years,sediment,sulfonamides,E. coli | Levofloxacin,milk_output_2024,24,3,1061,135,2,2008,2025,0.07871276550502193,0.7146674074214028,0.1017391304347826,0.6361837822056857,0.0015521231748156271,0.520774428109915,0.20613177264851043,0.3338648970533443,0.5939130434782609,0.002214343550987705,TRUE,1,1.7436775537222957,Tibet,0.985139664720586,0.9668683558667597
all_years,surface water,tetracyclines,A. baumannii | Ceftazidime,grp_per_capita_2024,15,2,42,17,1,2015,2024,-0.07857142857142856,0.7807545523090467,-0.2285714285714285,0.4125661704963606,1,0,-0.49642857142857144,0.059797413749923985,0.5,0.05769884126896005,TRUE,0.8666666666666667,3.1678321678321684,Henan,0.985139664720586,0.9479489788776115
all_years,sludge,fluoroquinolones,E. coli | Cefuroxime,grp_per_capita_2024,16,3,149,31,2,2005,2017,-0.07852067275033968,0.7725422898425638,-0.020588235294117647,0.939673739789045,0.06923543109736396,0.25696039035591295,0.4933468684125115,0.052146211631197946,-0.37941176470588234,0.1472271338628927,TRUE,0.875,2.5110099535367065,Jiangsu,0.985139664720586,0.9867239251522226
all_years,sediment,fluoroquinolones,A. baumannii | Ciprofloxacin,urban_env_infra_investment_2024,23,3,950,128,2,2007,2025,-0.07806324110671936,0.7233078775886131,0.043478260869565216,0.8438440075057314,0.025862178954528397,0.2654973649538867,-0.3616600790513834,0.08994509168798827,0.5207509881422925,0.010843032636860116,TRUE,0.9565217391304348,1.8426763110307425,Qinghai,0.985139664720586,0.9842154623604513
all_years,sludge,diaminopyrimidines,E. coli | Imipenem,urban_share_2024,13,3,19,17,1,2010,2017,-0.07802164871319228,0.7999970683085629,-0.16483516483516483,0.5904789886520049,0.8019823386358851,0,0.19071958574335895,0.5325404019517954,0.6263736263736264,0.021988602409889625,FALSE,0.8461538461538461,2.9704807219367155,Beijing,0.985139664720586,0.9606462350922552
all_years,sludge,diaminopyrimidines,K. pneumoniae | Ceftazidime,urban_share_2024,13,3,19,17,1,2010,2017,-0.07802164871319228,0.7999970683085629,-0.2197802197802198,0.4706148514721422,0.8019823386358851,0,0.19071958574335895,0.5325404019517954,0.7417582417582418,0.003701313735752625,FALSE,0.9230769230769231,2.9134846852707064,Gansu,0.985139664720586,0.9606462350922552
all_years,sludge,diaminopyrimidines,K. pneumoniae | Ciprofloxacin,urban_share_2024,13,3,19,17,1,2010,2017,-0.07802164871319228,0.7999970683085629,-0.1758241758241758,0.5655798619595344,0.8019823386358851,0,0.19071958574335895,0.5325404019517954,0.7857142857142857,0.0014541896038438224,FALSE,0.8461538461538461,2.9134846852707064,Gansu,0.985139664720586,0.9606462350922552
all_years,soil,macrolides,A. baumannii | Gentamicin,LivestockAquacultureIndex,20,3,104,34,2,2006,2020,-0.07788405016078315,0.7441392120740843,-0.2556390977443609,0.27666444989581557,0.3132637601270729,0.018907030492805205,0.16528219600464727,0.4861889621919844,0.45129751217084074,0.04579157520345797,FALSE,0.9,1.9523620284579277,Tibet,0.985139664720586,0.8969656318280155
all_years,sediment,tetracyclines,K. pneumoniae | Trimethoprim/Sulfamethoxazole,grp_2024,23,3,693,129,2,2004,2025,0.077588339408428,0.724927522460977,0.19762845849802374,0.3660491897294186,0.06310630550908343,0.17629345855989417,-0.29701014002844095,0.1687385708187329,0.4634387351778656,0.02593260432450388,FALSE,0.9565217391304348,1.6988417817700594,Qinghai,0.985139664720586,0.9302154792872848
all_years,soil,macrolides,A. baumannii | Tobramycin,milk_output_2024,20,3,104,34,2,2006,2020,0.07712789433397942,0.746544819090811,0.024060150375939848,0.9197997451459455,0.3132637601270729,0.018907030492805205,0.43554575623894254,0.054921130935576906,0.09172932330827067,0.7005157258604467,TRUE,0.85,1.812864555802151,Tibet,0.985139664720586,0.9853330220901917
all_years,sludge,fluoroquinolones,A. baumannii | Ceftriaxone,sewage_pipe_length_2024,16,3,149,31,2,2005,2017,0.07703915062297478,0.7767316822748717,-0.2588235294117647,0.3330723066336081,0.06923543109736396,0.25696039035591295,0.5555707977618373,0.025461783832817764,0.3735294117647059,0.15412246989684822,TRUE,0.875,2.356566691449452,Heilongjiang,0.985139664720586,0.9248305921258484
all_years,sludge,fluoroquinolones,K. pneumoniae | Polymyxin B,sewage_disposal_capacity_2024,16,3,149,31,2,2005,2017,0.07703915062297478,0.7767316822748717,0.16470588235294117,0.5421481352010777,0.06923543109736396,0.25696039035591295,0.41334467353480697,0.11152120896786284,-0.2647058823529412,0.3218043958686156,FALSE,0.8125,2.2162322061270943,Guangdong,0.985139664720586,0.9606462350922552
all_years,sludge,fluoroquinolones,E. coli | Aztreonam,milk_output_2024,16,3,149,31,2,2005,2017,-0.07703915062297478,0.776731682274872,-0.041176470588235294,0.8796536149318309,0.06923543109736396,0.25696039035591295,-0.3022305139824395,0.2552382704186771,0.5058823529411764,0.045581616123940315,TRUE,0.8125,2.087358677091855,Jiangsu,0.985139664720586,0.9842154623604513
all_years,sediment,lincosamides,K. pneumoniae | Levofloxacin,EconomicScaleIndex,13,3,26,22,1,2010,2018,-0.07702895870330213,0.8024963301841423,-0.27472527472527475,0.3636749816401784,0.2592759711301179,0.06997245179063301,0.2066115702479339,0.4982454329898226,0.7262730392025629,0.004934119501362151,FALSE,0.7692307692307693,2.8196169551684798,Guizhou,0.985139664720586,0.9302154792872848
all_years,surface water,macrolides,E. coli | Gentamicin,freshwater_aquatic_products_2024,14,3,42,16,1,2015,2023,0.07692307692307693,0.7938058883554533,0.16923076923076924,0.5630172739962108,0.006641885476426646,0.5788497217068641,-0.4153846153846154,0.1396659475175257,-0.512087912087912,0.061198486156458405,TRUE,0.7142857142857143,2.285714285714286,Henan,0.985139664720586,0.9606462350922552
all_years,surface water,sulfonamides,P. aeruginosa | Ciprofloxacin,chemical_fertilizers_2024,14,3,49,15,1,2013,2024,-0.07692307692307693,0.7938058883554533,-0.15604395604395604,0.5942347005808518,0.07898257926378309,0.18961038961038862,-0.4153846153846154,0.1396659475175257,0.48131868131868133,0.08141829504280487,TRUE,0.7857142857142857,3,Tibet,0.985139664720586,0.9606462350922552
all_years,wastewater effluent,fluoroquinolones,K. pneumoniae | Aztreonam,freshwater_aquatic_products_2024,13,3,34,15,1,2016,2024,-0.07692307692307693,0.8027630076692552,-0.016483516483516484,0.957376175090185,0.28932970799328467,0.04803767660910481,-0.6978021978021978,0.00800071741122648,0.38461538461538464,0.19441291997748622,TRUE,0.7692307692307693,3.818181818181819,Beijing,0.985139664720586,0.9867239251522226
all_years,sludge,sulfonamides,K. pneumoniae | Chloramphenicol,sewage_pipe_length_2024,16,3,143,28,1,2005,2017,-0.07675792981079292,0.7775275633419678,-0.10588235294117646,0.6963341050381153,0.6133729962850374,0,0.19342998312319815,0.4728926239958101,0.7411764705882353,0.001018469549573673,FALSE,0.875,2.1879449802778765,Guangdong,0.985139664720586,0.9729669155213013
all_years,soil,macrolides,K. pneumoniae | Ertapenem,grp_per_capita_2024,20,3,104,34,2,2006,2020,-0.0763717385071757,0.7489526853471496,-0.07218045112781954,0.7623392575365606,0.3132637601270729,0.018907030492805205,0.21399209898545266,0.3649682823792031,0.37894736842105264,0.09941288322147485,FALSE,0.9,2.0290314373967266,Tibet,0.985139664720586,0.9760848906711721
all_years,sediment,macrolides,E. coli | Polymyxin B,freshwater_aquatic_products_2024,22,3,430,93,2,2008,2025,0.07622811970638059,0.7359946162262683,0.027667984189723327,0.9027231587747131,0.003177020108859277,0.4751811594202898,-0.4409937888198758,0.03993999904430389,0.24449463579898362,0.27282048885058047,FALSE,0.8636363636363636,1.7770370370370365,Shaanxi,0.985139664720586,0.9842154623604513
all_years,soil,fluoroquinolones,S. aureus | Ciprofloxacin,grp_per_capita_2024,23,3,318,64,2,2006,2020,-0.0761434078389064,0.7298624310203742,-0.366600790513834,0.08532326296408224,0.9845108143090242,0,0.41433880369482834,0.04933753133495683,0.5187747035573123,0.011201492647462272,FALSE,0.9565217391304348,1.8640579275261313,Guizhou,0.985139664720586,0.7507306204313801
all_years,sediment,tetracyclines,K. pneumoniae | Aztreonam,grp_2024,23,3,693,129,2,2004,2025,-0.076105759674509,0.7299911512918402,0.11462450592885375,0.6025160030357668,0.06310630550908343,0.17629345855989417,-0.29701014002844095,0.1687385708187329,0.6057312252964426,0.0021901983438907214,TRUE,0.9565217391304348,2.0205148142130014,Qinghai,0.985139664720586,0.9606462350922552
all_years,sediment,fluoroquinolones,E. coli | Meropenem,grp_2024,23,3,950,128,2,2007,2025,0.07608695652173914,0.7300554425086555,0.26581027667984186,0.22023883150460452,0.025862178954528397,0.2654973649538867,-0.32707509881422925,0.12766439967393878,0.5760869565217391,0.004016180971434119,FALSE,0.9565217391304348,1.7087198515769948,Xinjiang,0.985139664720586,0.8756506136724482
all_years,sludge,tetracyclines,K. pneumoniae | Imipenem,grp_2024,14,3,77,19,2,2004,2020,0.07548898679382678,0.797576589209206,0.22637362637362637,0.4364347945560527,0.30098512187415105,0.03648989898989916,0.2516299559794226,0.38549252799635003,0.5032967032967033,0.06656042759911306,TRUE,0.7857142857142857,2.144602653829397,Shanghai,0.985139664720586,0.9507920383745695
all_years,soil,macrolides,K. pneumoniae | Imipenem,EconomicScaleIndex,20,3,104,34,2,2006,2020,-0.07485942685356825,0.7537751142447182,-0.09924812030075188,0.6771888443218219,0.3132637601270729,0.018907030492805205,0.1483181013783609,0.5325906529127041,0.5575622345881206,0.010641364734464785,FALSE,0.95,2.073411410862934,Tibet,0.985139664720586,0.9729669155213013
all_years,soil,tetracyclines,A. baumannii | Tobramycin,hospitals_count_2024,24,3,312,68,2,2007,2022,0.07478260869565216,0.7283751615575547,0.2069565217391304,0.33189156768314676,0.48567178524771265,0,-0.35391304347826086,0.0897584560898227,0.18347826086956523,0.3907866745462584,FALSE,0.875,1.4889006342494715,Zhejiang,0.985139664720586,0.9248305921258484
all_years,sediment,lincosamides,A. baumannii | Minocycline,large_animals_year_end_2024,13,3,26,22,1,2010,2018,-0.07427792446389848,0.8094314943075036,-0.11538461538461539,0.7073898735142602,0.2592759711301179,0.06997245179063301,-0.327373074489034,0.27488966062773995,0.1813186813186813,0.5532950092839335,TRUE,0.8461538461538461,3.951355312255436,Guangxi,0.985139664720586,0.9729669155213013
all_years,sediment,lincosamides,P. aeruginosa | Polymyxin B,total_aquatic_products_2024,13,3,26,22,1,2010,2018,0.07427792446389848,0.8094314943075036,-0.2692307692307692,0.37373304228189186,0.2592759711301179,0.06997245179063301,0.3218710060102268,0.2835130785985348,0.5934065934065934,0.03252444027009695,TRUE,0.7692307692307693,3.574109193226451,Guangxi,0.985139664720586,0.9351594487186277
all_years,sludge,fluoroquinolones,A. baumannii | Gentamicin,sewage_pipe_length_2024,16,3,149,31,2,2005,2017,-0.07407610636824499,0.7851276908521037,-0.45588235294117646,0.07594549116741181,0.06923543109736396,0.25696039035591295,0.5555707977618373,0.025461783832817764,0.5235294117647059,0.037412648130149384,FALSE,0.875,1.8459833623374005,Heilongjiang,0.985139664720586,0.7507306204313801
all_years,sludge,sulfonamides,P. aeruginosa | Tobramycin,milk_output_2024,16,3,143,28,1,2005,2017,-0.0736876126183612,0.7862301861962564,-0.1411764705882353,0.6020026838819792,0.6133729962850374,0,-0.024562537539453734,0.928054318697964,0.42058823529411765,0.10476751392918707,TRUE,0.9375,2.831664639757063,Hebei,0.985139664720586,0.9606462350922552
all_years,sediment,diaminopyrimidines,K. pneumoniae | Ceftriaxone,grp_2024,18,3,122,45,2,2008,2020,-0.07327141382868937,0.7726309674360763,-0.038183694530443756,0.8804304907652738,0.01039862314664235,0.47547758284600455,-0.32507739938080493,0.18808478142236898,0.3539731682146543,0.14955138885906255,TRUE,0.8888888888888888,2.3045774647887325,Tianjin,0.985139664720586,0.9842154623604513
all_years,sediment,diaminopyrimidines,K. pneumoniae | Levofloxacin,grp_2024,18,3,122,45,2,2008,2020,-0.07327141382868937,0.7726309674360763,-0.03199174406604747,0.8997186782888815,0.01039862314664235,0.47547758284600455,-0.32507739938080493,0.18808478142236898,0.44891640866873067,0.0616573626261407,TRUE,0.7777777777777778,1.9366197183098592,Chongqing,0.985139664720586,0.9842154623604513
all_years,wastewater influent,fluoroquinolones,A. baumannii | Ciprofloxacin,population_2024,11,3,44,12,1,2016,2024,-0.07272727272727274,0.831716405381337,-0.10909090909090909,0.7495085962341482,0.07495187103951058,0.3977272727272725,-0.2545454545454545,0.45003657688882903,-0.2727272727272727,0.41714143714253127,FALSE,0.6363636363636364,4.916666666666665,Zhejiang,0.985139664720586,0.9760417777324718
all_years,soil,macrolides,S. aureus | Rifampicin,grp_per_capita_2024,20,3,104,34,2,2006,2020,0.0725909593731571,0.761025192174376,0.12481203007518797,0.6000744184144979,0.3132637601270729,0.018907030492805205,0.21399209898545266,0.3649682823792031,-0.4120300751879699,0.07104721866412443,FALSE,0.9,2.0936695032724195,Guangxi,0.985139664720586,0.9606462350922552
all_years,sediment,phenicols,E. coli | Cefoxitin,milk_output_2024,14,3,58,25,1,2006,2020,-0.07252747252747252,0.8053763135410925,-0.041758241758241756,0.8872869731890635,0.20022103787458767,0.11060606060606078,-0.23956043956043957,0.4094298928517326,0.6307692307692307,0.01557822427277127,TRUE,0.7857142857142857,3.015151515151516,Hubei,0.985139664720586,0.9842154623604513
all_years,surface water,macrolides,E. coli | Tigecycline,chemical_fertilizers_2024,14,3,42,16,1,2015,2023,-0.07252747252747252,0.8053763135410925,0.11208791208791208,0.7028331631967694,0.006641885476426646,0.5788497217068641,-0.512087912087912,0.061198486156458405,0.22197802197802197,0.44562965795360876,TRUE,0.8571428571428571,3.045454545454546,Guangdong,0.985139664720586,0.9729669155213013
all_years,surface water,sulfonamides,K. pneumoniae | Cefotaxime,LivestockAquacultureIndex,14,3,49,15,1,2013,2024,0.07252747252747252,0.8053763135410925,0.14725274725274726,0.6154187624847252,0.07898257926378309,0.18961038961038862,-0.4862489191020163,0.07789960750661203,0.16941704421201473,0.5625812800132439,FALSE,0.7857142857142857,3.1212121212121215,Guangdong,0.985139664720586,0.9606462350922552
all_years,surface water,sulfonamides,S. aureus | Rifampicin,hospital_beds_2024,14,3,49,15,1,2013,2024,0.07252747252747252,0.8053763135410925,0.03736263736263736,0.899093096973967,0.07898257926378309,0.18961038961038862,-0.35384615384615387,0.21453987088124624,-0.6087912087912087,0.02085661601722322,TRUE,0.7857142857142857,3.696969696969698,Guangxi,0.985139664720586,0.9842154623604513
all_years,sludge,diaminopyrimidines,A. baumannii | Amikacin,pork_output_2024,13,3,19,17,1,2010,2017,-0.0722422673270299,0.8145715322528015,0.016483516483516484,0.9573761750901848,0.8019823386358851,0,-0.7166432918841367,0.005846431266760286,0.18681318681318682,0.5411235235098939,TRUE,0.8461538461538461,2.5131578821570164,Hebei,0.985139664720586,0.9867239251522226
all_years,sediment,fluoroquinolones,K. pneumoniae | Nitrofurantoin,grp_2024,23,3,950,128,2,2007,2025,-0.07213438735177866,0.7436083699952885,0.14130434782608695,0.5201462786439697,0.025862178954528397,0.2654973649538867,-0.32707509881422925,0.12766439967393878,0.6699604743083004,4.7000443201948355e-4,TRUE,0.9130434782608695,1.9354207436399224,Qinghai,0.985139664720586,0.9606462350922552
all_years,sediment,other,S. aureus | Chloramphenicol,WastewaterHealthIndex,7,2,19,10,1,2008,2018,0.07207499701564471,0.8779592508225129,NA,NA,0.3724558699813696,0,-0.4,0.37393392381774704,-0.4865062298556018,0.268248562317831,TRUE,0.14285714285714285,7.3246621553069655,Shanghai,0.985139664720586,NA
all_years,surface water,fluoroquinolones,A. baumannii | Ciprofloxacin,chemical_fertilizers_2024,15,3,77,21,1,2015,2024,-0.07142857142857141,0.8002959873970545,-0.10714285714285712,0.7039010016261613,0.27743910513984715,0.014965986394557854,0.4107142857142857,0.1283286460157489,0.5678571428571428,0.02722835670886186,FALSE,0.8666666666666667,3,Hubei,0.985139664720586,0.9729669155213013
all_years,surface water,fluoroquinolones,A. baumannii | Meropenem,chemical_fertilizers_2024,15,3,77,21,1,2015,2024,-0.07142857142857141,0.8002959873970545,-0.22499999999999995,0.4201046869076348,0.27743910513984715,0.014965986394557854,0.4107142857142857,0.1283286460157489,0.6392857142857142,0.010288446619594169,FALSE,0.8,2.353846153846155,Anhui,0.985139664720586,0.9479489788776115
all_years,surface water,tetracyclines,K. pneumoniae | Trimethoprim/Sulfamethoxazole,hogs_year_end_2024,15,2,42,17,1,2015,2024,0.07142857142857141,0.8002959873970545,-0.1571428571428571,0.5759526006037949,1,0,0.2357142857142857,0.3977029459032726,0.7321428571428571,0.0019129636009785663,TRUE,0.8666666666666667,3,Henan,0.985139664720586,0.9606462350922552
all_years,surface water,tetracyclines,S. aureus | Cefoxitin,grp_per_capita_2024,15,2,42,17,1,2015,2024,0.07142857142857141,0.8002959873970545,0.035714285714285705,0.8994469934720875,1,0,-0.49642857142857144,0.059797413749923985,0.225,0.42010468690763503,FALSE,0.8666666666666667,1.8000000000000012,Jilin,0.985139664720586,0.9842154623604513
all_years,sediment,beta-lactams,E. coli | Ampicillin,EconomicScaleIndex,7,3,34,15,1,2012,2018,0.07142857142857141,0.8790481931481541,NA,NA,0.8983973213480706,0,-0.14285714285714285,0.7599453002180931,-0.7857142857142857,0.03623846267982718,TRUE,0.7142857142857143,4.600000000000001,Shanghai,0.985139664720586,NA
all_years,sediment,beta-lactams,E. coli | Cefazolin,EconomicScaleIndex,7,3,34,15,1,2012,2018,-0.07142857142857141,0.8790481931481541,NA,NA,0.8983973213480706,0,-0.14285714285714285,0.7599453002180931,0.5357142857142857,0.21521745567801304,TRUE,0.7142857142857143,4.600000000000001,Jiangxi,0.985139664720586,NA
all_years,sediment,beta-lactams,E. coli | Chloramphenicol,EconomicScaleIndex,7,3,34,15,1,2012,2018,0.07142857142857141,0.8790481931481541,NA,NA,0.8983973213480706,0,-0.14285714285714285,0.7599453002180931,0.35714285714285715,0.4316113520383284,FALSE,0.5714285714285714,5.800000000000002,Shaanxi,0.985139664720586,NA
all_years,sediment,beta-lactams,K. pneumoniae | Aztreonam,EconomicScaleIndex,7,3,34,15,1,2012,2018,-0.07142857142857141,0.8790481931481541,NA,NA,0.8983973213480706,0,-0.14285714285714285,0.7599453002180931,0.5714285714285714,0.18020198891152778,TRUE,0.7142857142857143,4.600000000000001,Shaanxi,0.985139664720586,NA
all_years,surface water,diaminopyrimidines,A. baumannii | Ceftriaxone,LivestockAquacultureIndex,7,2,9,8,1,2018,2024,-0.07142857142857141,0.8790481931481541,NA,NA,NA,NA,-0.5714285714285714,0.18020198891152778,0.32142857142857145,0.48207203829967765,TRUE,0.7142857142857143,4.600000000000001,Hubei,0.985139664720586,NA
all_years,surface water,diaminopyrimidines,A. baumannii | Tobramycin,LivestockAquacultureIndex,7,2,9,8,1,2018,2024,0.07142857142857141,0.8790481931481541,NA,NA,NA,NA,-0.5714285714285714,0.18020198891152778,-0.03571428571428571,0.9394082054712853,TRUE,0.7142857142857143,7.8000000000000025,Tibet,0.985139664720586,NA
all_years,surface water,diaminopyrimidines,E. coli | Levofloxacin,LivestockAquacultureIndex,7,2,9,8,1,2018,2024,-0.07142857142857141,0.8790481931481541,NA,NA,NA,NA,-0.5714285714285714,0.18020198891152778,0.7142857142857143,0.07134356146753773,TRUE,0.7142857142857143,7.8000000000000025,Tibet,0.985139664720586,NA
all_years,surface water,diaminopyrimidines,E. coli | Tobramycin,LivestockAquacultureIndex,7,2,9,8,1,2018,2024,0.07142857142857141,0.8790481931481541,NA,NA,NA,NA,-0.5714285714285714,0.18020198891152778,0.6428571428571429,0.11939237342741121,FALSE,0.7142857142857143,4.200000000000002,Zhejiang,0.985139664720586,NA
all_years,surface water,diaminopyrimidines,K. pneumoniae | Meropenem,LivestockAquacultureIndex,7,2,9,8,1,2018,2024,-0.07142857142857141,0.8790481931481541,NA,NA,NA,NA,-0.5714285714285714,0.18020198891152778,0.35714285714285715,0.4316113520383284,TRUE,0.8571428571428571,7.8000000000000025,Tibet,0.985139664720586,NA
all_years,surface water,diaminopyrimidines,S. aureus | Clindamycin,LivestockAquacultureIndex,7,2,9,8,1,2018,2024,0.07142857142857141,0.8790481931481541,NA,NA,NA,NA,-0.5714285714285714,0.18020198891152778,0.21428571428571427,0.6445115810207204,FALSE,0.7142857142857143,7.8000000000000025,Tibet,0.985139664720586,NA
all_years,sediment,fluoroquinolones,E. coli | Ampicillin,large_animals_year_end_2024,23,3,950,128,2,2007,2025,-0.07114624505928854,0.747008309304177,0.016798418972332016,0.9393596194740437,0.025862178954528397,0.2654973649538867,0.17292490118577075,0.4300873620992395,0.5365612648221344,0.008301237763228273,FALSE,0.9130434782608695,1.8492063492063493,Tianjin,0.985139664720586,0.9867239251522226
all_years,sediment,macrolides,E. coli | Cefoxitin,milk_output_2024,23,3,430,93,2,2008,2025,0.07114624505928854,0.747008309304177,0.1116600790513834,0.6119928487517101,0.003177020108859277,0.4751811594202898,0.21936758893280633,0.31456006390749924,0.4140316205533597,0.04952323132101122,TRUE,0.9130434782608695,2.087301587301588,Tibet,0.985139664720586,0.9606462350922552
all_years,sediment,tetracyclines,A. baumannii | Polymyxin B,WastewaterHealthIndex,23,3,693,129,2,2004,2025,0.07066963398347263,0.7486498398645192,-0.03162055335968379,0.8861121989269576,0.06310630550908343,0.17629345855989417,-0.2699160153940681,0.21292594391115474,-0.46500159230163735,0.025369698425371633,TRUE,1,1.8452553078884146,Qinghai,0.985139664720586,0.9842154623604513
all_years,sediment,diaminopyrimidines,A. baumannii | Aztreonam,chemical_fertilizers_2024,18,3,122,45,2,2008,2020,0.06914344685242518,0.7851478708666944,0.08565531475748195,0.7354104124232371,0.01039862314664235,0.47547758284600455,-0.24458204334365324,0.3280041243603068,0.4241486068111455,0.07938890239460483,FALSE,0.9444444444444444,2.899253731343284,Tianjin,0.985139664720586,0.9729669155213013
all_years,sediment,lincosamides,S. aureus | Trimethoprim/Sulfamethoxazole,large_animals_year_end_2024,13,3,26,22,1,2010,2018,-0.0687758559850912,0.82333987512927,0.1263736263736264,0.680785475070949,0.2592759711301179,0.06997245179063301,-0.327373074489034,0.27488966062773995,0.6648351648351648,0.01316557584555024,TRUE,0.7692307692307693,2.4769185559984783,Guizhou,0.985139664720586,0.9729669155213013
all_years,soil,tetracyclines,S. aureus | Tetracycline,milk_output_2024,24,3,312,68,2,2007,2022,0.06869565217391303,0.7497644933945949,0.1504347826086956,0.48290169232371816,0.48567178524771265,0,0.029565217391304348,0.8909226043767046,-0.5208695652173913,0.009061048624292224,FALSE,0.9166666666666666,1.8486766398158807,Hainan,0.985139664720586,0.9606462350922552
all_years,sediment,fluoroquinolones,E. coli | Cefotetan,urban_env_infra_investment_2024,23,3,950,128,2,2007,2025,-0.06818181818181818,0.7572353005557559,0.043478260869565216,0.8438440075057314,0.025862178954528397,0.2654973649538867,-0.3616600790513834,0.08994509168798827,0.2974308300395257,0.16810724114298076,TRUE,0.9130434782608695,2.022774327122154,Qinghai,0.985139664720586,0.9842154623604513
all_years,surface water,macrolides,S. aureus | Oxacillin,chemical_fertilizers_2024,14,3,42,16,1,2015,2023,-0.06813186813186813,0.8169838797817922,-0.14285714285714285,0.6261174762253241,0.006641885476426646,0.5788497217068641,-0.512087912087912,0.061198486156458405,0.11648351648351649,0.6916912502331573,TRUE,0.7142857142857143,3.9193548387096775,Tibet,0.985139664720586,0.9643538787526716
all_years,surface water,tetracyclines,S. aureus | Trimethoprim/Sulfamethoxazole,grp_per_capita_2024,15,2,42,17,1,2015,2024,0.06785714285714285,0.8101088187105131,-0.021428571428571425,0.9395779040128787,1,0,-0.49642857142857144,0.059797413749923985,-0.5535714285714286,0.03228710377012365,TRUE,0.8666666666666667,2.975708502024292,Jilin,0.985139664720586,0.9867239251522226
all_years,soil,tetracyclines,E. coli | Cefazolin,hospitals_count_2024,24,3,312,68,2,2007,2022,-0.06782608695652173,0.7528351863688201,-0.19478260869565217,0.3617295619849088,0.48567178524771265,0,-0.35391304347826086,0.0897584560898227,0.28608695652173916,0.17534039388346936,TRUE,0.875,1.8263403263403268,Liaoning,0.985139664720586,0.9299965133633268
all_years,soil,phenicols,A. baumannii | Levofloxacin,hospitals_count_2024,10,3,22,13,1,2007,2016,0.06748974310538337,0.8530368033430833,0.3575757575757575,0.3103760917056805,0.17609777149412834,0.11860744297719157,-0.7423871741592171,0.01392776805646452,0.3212121212121212,0.3654683104386705,FALSE,0.9,3.835737615790382,Henan,0.985139664720586,0.9122214762504753
all_years,soil,phenicols,S. aureus | Rifampicin,large_animals_year_end_2024,10,3,22,13,1,2007,2016,-0.06748974310538337,0.8530368033430833,0.39393939393939387,0.2599977668348876,0.17609777149412834,0.11860744297719157,-0.754658036542014,0.011644872504617456,0.38181818181818183,0.2762553333854361,TRUE,0.7,3.521110358249769,Beijing,0.985139664720586,0.8871017830455327
all_years,soil,macrolides,S. aureus | Tetracycline,milk_output_2024,20,3,104,34,2,2006,2020,-0.06729786858553105,0.7780158525940554,0.009022556390977442,0.9698849998123448,0.3132637601270729,0.018907030492805205,0.43554575623894254,0.054921130935576906,-0.4481203007518797,0.04753173575066418,TRUE,0.85,1.9442990782378433,Tianjin,0.985139664720586,0.9881783805943072
all_years,sediment,tetracyclines,K. pneumoniae | Ceftriaxone,grp_2024,23,3,693,129,2,2004,2025,-0.06721028127099496,0.7605956892314705,0.06324110671936758,0.7743673538441517,0.06310630550908343,0.17629345855989417,-0.29701014002844095,0.1687385708187329,0.5958498023715415,0.0026980519210933053,TRUE,0.8695652173913043,2.2690229885143105,Qinghai,0.985139664720586,0.9760848906711721
all_years,sediment,macrolides,S. aureus | Tetracycline,sewage_pipe_length_2024,23,3,430,93,2,2008,2025,-0.06719367588932806,0.7606531611384718,-0.25691699604743085,0.23664567701812353,0.003177020108859277,0.4751811594202898,-0.3191699604743083,0.1376842373432186,-0.32806324110671936,0.12644990187975816,FALSE,0.9565217391304348,1.8319327731092445,Guangdong,0.985139664720586,0.8756506136724482
all_years,soil,tetracyclines,A. baumannii | Ceftriaxone,hospitals_count_2024,24,3,312,68,2,2007,2022,-0.06695652173913043,0.7559095203776376,0.011304347826086953,0.9581901628011082,0.48567178524771265,0,-0.35391304347826086,0.0897584560898227,0.2391304347826087,0.26042793680292703,TRUE,0.9583333333333334,1.6416765053128692,Liaoning,0.985139664720586,0.9867239251522226
all_years,wastewater effluent,macrolides,K. pneumoniae | Ampicillin,grp_per_capita_2024,10,3,27,10,1,2018,2024,-0.06666666666666667,0.8548130882487426,-0.6242424242424242,0.05371776721716757,0.09424870603515988,0.3890909090909095,-0.2727272727272727,0.44583834154275137,-0.5878787878787879,0.07387770688865797,FALSE,0.6,4.750000000000001,Heilongjiang,0.985139664720586,0.7068421453427418
all_years,wastewater influent,sulfonamides,K. pneumoniae | Ceftazidime,freshwater_aquatic_products_2024,9,3,30,9,1,2016,2024,-0.06666666666666667,0.8646897846262037,0.13333333333333333,0.7323675052362975,0.8007374029168087,0,-0.6333333333333333,0.06708578689234561,0.4666666666666667,0.2053863511058118,TRUE,0.6666666666666666,6,Shanxi,0.985139664720586,0.9729669155213013
all_years,wastewater influent,sulfonamides,K. pneumoniae | Ceftriaxone,freshwater_aquatic_products_2024,9,3,30,9,1,2016,2024,-0.06666666666666667,0.8646897846262037,0.13333333333333333,0.7323675052362975,0.8007374029168087,0,-0.6333333333333333,0.06708578689234561,0.4666666666666667,0.2053863511058118,TRUE,0.6666666666666666,6,Shanxi,0.985139664720586,0.9729669155213013
all_years,wastewater influent,sulfonamides,K. pneumoniae | Cefuroxime,freshwater_aquatic_products_2024,9,3,30,9,1,2016,2024,-0.06666666666666667,0.8646897846262037,0.11666666666666667,0.765007942926146,0.8007374029168087,0,-0.6333333333333333,0.06708578689234561,0.4,0.28610510190831273,TRUE,0.6666666666666666,6,Shanxi,0.985139664720586,0.9760848906711721
all_years,sludge,diaminopyrimidines,K. pneumoniae | Cefuroxime,urban_share_2024,13,3,19,17,1,2010,2017,-0.06646288594086751,0.8292011527479022,-0.17032967032967034,0.5779754288392672,0.8019823386358851,0,0.19071958574335895,0.5325404019517954,0.7142857142857143,0.006088305245824148,FALSE,0.8461538461538461,3.4708910935886945,Gansu,0.985139664720586,0.9606462350922552
all_years,sludge,diaminopyrimidines,K. pneumoniae | Meropenem,grp_per_capita_2024,13,3,19,17,1,2010,2017,-0.06646288594086751,0.8292011527479022,-0.2857142857142857,0.3440002182586702,0.8019823386358851,0,0.1502639160402222,0.6241398313903299,0.7747252747252747,0.0018713615028719095,FALSE,0.8461538461538461,3.4708910935886945,Gansu,0.985139664720586,0.9268335373285431
all_years,sludge,tetracyclines,E. coli | Cefoxitin,milk_output_2024,14,3,77,19,2,2004,2020,0.06633880657639324,0.8217290228650729,0.015384615384615384,0.9583697893719864,0.30098512187415105,0.03648989898989916,-0.13496515820714486,0.6454977036795251,0.578021978021978,0.030383014145237017,FALSE,0.7857142857142857,2.2375465746322356,Liaoning,0.985139664720586,0.9867239251522226
all_years,sediment,lincosamides,E. coli | Tigecycline,urban_share_2024,13,3,26,22,1,2010,2018,-0.06602482174568754,0.8303121739076674,0.1043956043956044,0.7343037452877028,0.2592759711301179,0.06997245179063301,0.3163689375314195,0.2922911964687993,-0.4340659340659341,0.1383423778882127,TRUE,0.7692307692307693,3.084868132610736,Guangxi,0.985139664720586,0.9729669155213013
all_years,wastewater effluent,fluoroquinolones,K. pneumoniae | Cefuroxime,freshwater_aquatic_products_2024,13,3,34,15,1,2016,2024,0.06593406593406594,0.8305423857560938,0.18681318681318684,0.5411235235098939,0.28932970799328467,0.04803767660910481,-0.6978021978021978,0.00800071741122648,0.25824175824175827,0.39428401739736163,FALSE,0.7692307692307693,3.863636363636364,Beijing,0.985139664720586,0.9606462350922552
all_years,soil,sulfonamides,P. aeruginosa | Tobramycin,sewage_pipe_length_2024,20,3,313,56,2,2006,2019,-0.06556158427029493,0.7836108722100763,-0.05112781954887218,0.8304946161837169,0.22138678024989444,0.059746349446122726,0.5516216055845504,0.011689585959119946,-0.2586466165413534,0.2708557980141589,TRUE,0.9,2.3817479603479264,Chongqing,0.985139664720586,0.9842154623604513
all_years,sediment,diaminopyrimidines,S. aureus | Levofloxacin,urban_share_2024,18,3,122,45,2,2008,2020,-0.06501547987616099,0.7977151313810269,0.15583075335397317,0.5369306230900768,0.01039862314664235,0.47547758284600455,0.28586171310629516,0.2501695935454805,0.6883384932920537,0.0015871002439845348,FALSE,0.8333333333333334,1.6785714285714286,Jiangsu,0.985139664720586,0.9606462350922552
all_years,sediment,diaminopyrimidines,E. coli | Meropenem,urban_share_2024,18,3,122,45,2,2008,2020,0.06501547987616099,0.797715131381028,0.17234262125902994,0.49407642787678396,0.01039862314664235,0.47547758284600455,0.28586171310629516,0.2501695935454805,0.3498452012383901,0.15469232181385809,TRUE,0.8333333333333334,1.7142857142857144,Chongqing,0.985139664720586,0.9606462350922552
all_years,soil,sulfonamides,S. aureus | Oxacillin,EconomicScaleIndex,20,3,313,56,2,2006,2019,-0.06480800284190073,0.786042423188938,-0.4496240601503759,0.04670190938806293,0.22138678024989444,0.059746349446122726,0.5737461236962149,0.008166765310944247,0.4516374726801963,0.04560832115060014,FALSE,0.9,1.7871190119570597,Liaoning,0.985139664720586,0.6728644524573143
all_years,sludge,macrolides,A. baumannii | Ciprofloxacin,sewage_pipe_length_2024,14,3,77,25,1,2005,2017,-0.06452095909821988,0.8265455493325532,-0.046153846153846156,0.8755025376321139,0.8556343441410651,0,0.4204986644677089,0.13436459633396483,0.5076923076923077,0.06383915813376853,FALSE,0.7142857142857143,2.472852100419217,Qinghai,0.985139664720586,0.9842154623604513
all_years,sludge,sulfonamides,K. pneumoniae | Ampicillin,urban_env_infra_investment_2024,16,3,143,28,1,2005,2017,0.06447666104106604,0.8124770170871822,0.026470588235294114,0.9224805705017287,0.6133729962850374,0,0.24255505820210563,0.3653907279159272,0.42058823529411765,0.10476751392918707,TRUE,0.75,3.0287216783731417,Heilongjiang,0.985139664720586,0.9853330220901917
all_years,sludge,sulfonamides,E. coli | Cefuroxime,grp_per_capita_2024,16,3,143,28,1,2005,2017,-0.06447666104106604,0.8124770170871826,-0.22058823529411764,0.41166643049796325,0.6133729962850374,0,-0.3162426708204668,0.23275560389798974,-0.37058823529411766,0.15765046473782068,FALSE,0.75,3.2038834904763225,Hebei,0.985139664720586,0.9479489788776115
all_years,surface water,fluoroquinolones,E. coli | Cefepime,hospitals_count_2024,15,3,77,21,1,2015,2024,-0.06428571428571428,0.8199479653196377,0.021428571428571425,0.9395779040128778,0.27743910513984715,0.014965986394557854,0.4035714285714286,0.13576799650365637,-0.3964285714285714,0.1434945314423536,TRUE,0.8,2.8632478632478633,Jilin,0.985139664720586,0.9867239251522226
all_years,surface water,fluoroquinolones,K. pneumoniae | Aztreonam,milk_output_2024,15,3,77,21,1,2015,2024,-0.06428571428571428,0.8199479653196377,-0.07142857142857141,0.8002959873970545,0.27743910513984715,0.014965986394557854,0.42857142857142855,0.11096021426087677,-0.375,0.16843274984674558,TRUE,0.7333333333333333,2.47008547008547,Jiangxi,0.985139664720586,0.983307725959879
all_years,sediment,fluoroquinolones,S. aureus | Erythromycin,milk_output_2024,23,3,950,128,2,2007,2025,-0.06422924901185771,0.7709325113831808,-0.08794466403162056,0.6898770246642605,0.025862178954528397,0.2654973649538867,-0.10573122529644269,0.6311269024565604,0.6818181818181818,3.39693233126741e-4,TRUE,0.9130434782608695,1.6769230769230772,Guangdong,0.985139664720586,0.9729669155213013
all_years,sludge,tetracyclines,S. aureus | Levofloxacin,urban_share_2024,14,3,77,19,2,2004,2020,-0.06405126152203484,0.8277909781261605,0.09890109890109891,0.7365853699253172,0.30098512187415105,0.03648989898989916,-0.21274169005533006,0.46525822108730286,0.7670329670329671,0.0013676823882456104,TRUE,0.7857142857142857,2.4414146390122733,Qinghai,0.985139664720586,0.9729669155213013
all_years,surface water,sulfonamides,K. pneumoniae | Ciprofloxacin,total_aquatic_products_2024,14,3,49,15,1,2013,2024,-0.06373626373626373,0.828626422928612,-0.17802197802197803,0.5425969526062151,0.07898257926378309,0.18961038961038862,-0.3098901098901099,0.2809332808692584,0.7142857142857143,0.004104409161880227,TRUE,0.7857142857142857,3.6724137931034484,Tibet,0.985139664720586,0.9606462350922552
all_years,sludge,diaminopyrimidines,P. aeruginosa | Amikacin,pork_output_2024,13,3,19,17,1,2010,2017,0.0635731952477863,0.8365353139826618,0.2197802197802198,0.4706148514721423,0.8019823386358851,0,-0.7166432918841367,0.005846431266760286,0.09340659340659341,0.7615000227827015,FALSE,0.8461538461538461,3.5206075689520437,Hebei,0.985139664720586,0.9606462350922552
all_years,soil,sulfonamides,P. aeruginosa | Amikacin,grp_per_capita_2024,20,3,313,56,2,2006,2019,-0.06330083998511235,0.7909112306378466,-0.02857142857142857,0.9048224147367738,0.22138678024989444,0.059746349446122726,0.5425786284438201,0.01344424302302041,-0.1774436090225564,0.45420348387931897,TRUE,0.9,2.20878991121977,Chongqing,0.985139664720586,0.9842154623604513
all_years,sediment,lincosamides,K. pneumoniae | Tobramycin,EconomicScaleIndex,13,3,26,22,1,2010,2018,-0.0632737875062839,0.8372959297891875,-0.2802197802197802,0.3537636356336794,0.2592759711301179,0.06997245179063301,0.2066115702479339,0.4982454329898226,0.5584599505989405,0.04729151560998927,FALSE,0.5384615384615384,3.373184629830577,Guizhou,0.985139664720586,0.9268335373285431
all_years,sediment,fluoroquinolones,E. coli | Gentamicin,grp_per_capita_2024,23,3,950,128,2,2007,2025,-0.06324110671936758,0.7743673538441505,-0.05434782608695652,0.8054580956761177,0.025862178954528397,0.2654973649538867,-0.20454545454545456,0.34916435580619787,-0.43478260869565216,0.03814605716443817,FALSE,0.8695652173913043,1.848214285714286,Xinjiang,0.985139664720586,0.9842154623604513
all_years,sediment,diaminopyrimidines,E. coli | Cefazolin,milk_output_2024,18,3,122,45,2,2008,2020,-0.0629514963880289,0.8040167566657794,0.021671826625386997,0.9319797351987381,0.01039862314664235,0.47547758284600455,-0.07327141382868937,0.7726309674360763,0.6697626418988648,0.0023600851881755407,TRUE,0.8333333333333334,2.7909836065573774,Tianjin,0.985139664720586,0.9853330220901917
all_years,sediment,diaminopyrimidines,K. pneumoniae | Ampicillin,urban_share_2024,18,3,122,45,2,2008,2020,0.0629514963880289,0.8040167566657794,0.054695562435500514,0.8293348337875044,0.01039862314664235,0.47547758284600455,0.28586171310629516,0.2501695935454805,-0.29205366357069146,0.23960176390544208,FALSE,0.8333333333333334,3.1659836065573774,Tianjin,0.985139664720586,0.9842154623604513
all_years,sludge,fluoroquinolones,P. aeruginosa | Ciprofloxacin,sewage_disposal_capacity_2024,16,3,149,31,2,2005,2017,0.06222392934932578,0.8189259093548023,-0.18823529411764706,0.4850866091454683,0.06923543109736396,0.25696039035591295,0.41334467353480697,0.11152120896786284,0.5676470588235294,0.02181459214374296,TRUE,0.75,2.330159612014663,Tianjin,0.985139664720586,0.9606462350922552
all_years,sludge,sulfonamides,E. coli | Cefepime,hospitals_count_2024,16,3,143,28,1,2005,2017,-0.061406343848634325,0.8212691258704086,-0.15294117647058822,0.5717446192454618,0.6133729962850374,0,0.3070317192431717,0.24738910127380673,0.2235294117647059,0.40529834728275893,FALSE,0.8125,3.2301577622917987,Fujian,0.985139664720586,0.9606462350922552
all_years,sludge,sulfonamides,E. coli | Meropenem,grp_per_capita_2024,16,3,143,28,1,2005,2017,-0.061406343848634325,0.8212691258704086,0.032352941176470584,0.9053195187918449,0.6133729962850374,0,-0.3162426708204668,0.23275560389798974,0.7235294117647059,0.0015344811898239587,TRUE,0.875,2.3487459531944865,Gansu,0.985139664720586,0.9842154623604513
all_years,sludge,sulfonamides,K. pneumoniae | Meropenem,grp_per_capita_2024,16,3,143,28,1,2005,2017,-0.061406343848634325,0.8212691258704086,-0.09705882352941177,0.7206513082372031,0.6133729962850374,0,-0.3162426708204668,0.23275560389798974,0.7441176470588236,9.482827857378686e-4,TRUE,0.875,2.5326658559028257,Gansu,0.985139664720586,0.9729669155213013
all_years,sediment,sulfonamides,E. coli | Tigecycline,total_aquatic_products_2024,24,3,1061,135,2,2008,2025,-0.06131767920556956,0.7759309627196647,-0.10869565217391303,0.613156197740633,0.0015521231748156271,0.520774428109915,-0.36747119807593104,0.07730622585656055,-0.28608695652173916,0.17534039388346911,FALSE,0.9166666666666666,2.0880400056024198,Guangdong,0.985139664720586,0.9606462350922552
all_years,sediment,fluoroquinolones,P. aeruginosa | Gentamicin,urban_env_infra_investment_2024,23,3,950,128,2,2007,2025,-0.06126482213438735,0.781249270365404,-0.042490118577075096,0.8473520965225472,0.025862178954528397,0.2654973649538867,-0.3616600790513834,0.08994509168798827,0.27865612648221344,0.19790431379953335,TRUE,0.8260869565217391,2.0322580645161294,Qinghai,0.985139664720586,0.9842154623604513
all_years,soil,macrolides,S. aureus | Ciprofloxacin,grp_per_capita_2024,20,3,104,34,2,2006,2020,0.06124862197110131,0.7975527835209469,-0.019548872180451128,0.934803123521464,0.3132637601270729,0.018907030492805205,0.21399209898545266,0.3649682823792031,0.5533834586466165,0.011370353471172333,TRUE,0.85,2.1489376730476564,Jilin,0.985139664720586,0.9853330220901917
all_years,sediment,diaminopyrimidines,K. pneumoniae | Cefotaxime,urban_share_2024,18,3,122,45,2,2008,2020,-0.0608875128998968,0.8103299008966282,-0.04437564499484004,0.8612061336731368,0.01039862314664235,0.47547758284600455,0.28586171310629516,0.2501695935454805,0.3126934984520124,0.20645364174383657,FALSE,0.8888888888888888,2.6631355932203395,Zhejiang,0.985139664720586,0.9842154623604513
all_years,soil,tetracyclines,A. baumannii | Cefotaxime,population_2024,24,3,312,68,2,2007,2022,-0.0608695652173913,0.7775281884531544,0.056521739130434775,0.7930697839291404,0.48567178524771265,0,-0.31217391304347825,0.1375180295921436,0.4930434782608696,0.014363733768170048,TRUE,0.875,1.8084415584415583,Zhejiang,0.985139664720586,0.9799202460692253
all_years,soil,tetracyclines,E. coli | Levofloxacin,milk_output_2024,24,3,312,68,2,2007,2022,0.0608695652173913,0.7775281884531549,-0.11304347826086955,0.5989404349055965,0.48567178524771265,0,0.029565217391304348,0.8909226043767046,0.7052173913043478,1.1878974665344476e-4,TRUE,0.875,2.022727272727273,Jiangxi,0.985139664720586,0.9606462350922552
all_years,sediment,lincosamides,E. coli | Cefotetan,chemical_fertilizers_2024,13,3,26,22,1,2010,2018,-0.060522753266880246,0.8442906791298773,-0.021978021978021976,0.9431862416608074,0.2592759711301179,0.06997245179063301,-0.23933997882811733,0.4309595500618638,0.489010989010989,0.08991308230865631,TRUE,0.8461538461538461,2.5046975883997042,Guangdong,0.985139664720586,0.9867239251522226
all_years,wastewater effluent,fluoroquinolones,A. baumannii | Ceftriaxone,freshwater_aquatic_products_2024,13,3,34,15,1,2016,2024,0.06043956043956044,0.8445023706449684,0.038461538461538464,0.9007243023389339,0.28932970799328467,0.04803767660910481,-0.6978021978021978,0.00800071741122648,0.16483516483516483,0.590478988652005,FALSE,0.8461538461538461,3.31404958677686,Zhejiang,0.985139664720586,0.9842154623604513
all_years,wastewater effluent,fluoroquinolones,P. aeruginosa | Polymyxin B,hogs_year_end_2024,13,3,34,15,1,2016,2024,-0.06043956043956044,0.8445023706449684,-0.0879120879120879,0.7751954088891222,0.28932970799328467,0.04803767660910481,-0.4230769230769231,0.1497485415549681,-0.6318681318681318,0.02051604257287242,FALSE,0.7692307692307693,4.78512396694215,Beijing,0.985139664720586,0.9760848906711721
all_years,soil,diaminopyrimidines,S. aureus | Trimethoprim/Sulfamethoxazole,milk_output_2024,8,3,9,8,1,2008,2015,-0.060245336588984996,0.88731302189019,0.16666666666666669,0.6932388117283947,0.24103244438393973,0.07490909090909051,-0.5542570966186618,0.1539883457589951,0.7142857142857143,0.04652823228416723,TRUE,0.5,4.289984802396509,Hubei,0.9864316653082615,0.9729669155213013
all_years,soil,macrolides,A. baumannii | Ciprofloxacin,milk_output_2024,20,3,104,34,2,2006,2020,0.05973631031749386,0.8024556610272339,-0.05864661654135339,0.8059928433862229,0.3132637601270729,0.018907030492805205,0.43554575623894254,0.054921130935576906,0.2661654135338346,0.25667084540254065,TRUE,0.75,2.4722248982673163,Tianjin,0.985139664720586,0.9842154623604513
all_years,sludge,tetracyclines,E. coli | Amikacin,hospitals_count_2024,14,3,77,19,2,2004,2020,-0.05947617141331807,0.8399413552153785,0.01978021978021978,0.9464892274080113,0.30098512187415105,0.03648989898989916,0.28594313179479847,0.3216615793914707,0.5208791208791209,0.056153927343702656,FALSE,0.7142857142857143,3.664226024368413,Hebei,0.985139664720586,0.9867239251522226
all_years,surface water,macrolides,K. pneumoniae | Cefazolin,hogs_year_end_2024,14,3,42,16,1,2015,2023,0.059340659340659345,0.8403017626906826,0.34945054945054943,0.22068999774644746,0.006641885476426646,0.5788497217068641,-0.367032967032967,0.1967388717074883,0.5340659340659341,0.04915991637198511,FALSE,0.7857142857142857,3.962962962962963,Tibet,0.985139664720586,0.8756506136724482
all_years,surface water,macrolides,S. aureus | Chloramphenicol,urban_env_infra_investment_2024,14,3,42,16,1,2015,2023,0.059340659340659345,0.8403017626906826,-0.054945054945054944,0.8520077036323677,0.006641885476426646,0.5788497217068641,-0.4725274725274725,0.087967424612542,-0.4197802197802198,0.13510107382914271,TRUE,0.5714285714285714,3.814814814814814,Anhui,0.985139664720586,0.9842154623604513
all_years,surface water,sulfonamides,A. baumannii | Ceftriaxone,total_aquatic_products_2024,14,3,49,15,1,2013,2024,0.059340659340659345,0.8403017626906826,0.002197802197802198,0.9940505286658998,0.07898257926378309,0.18961038961038862,-0.3098901098901099,0.2809332808692584,-0.3142857142857143,0.2738049029628676,TRUE,0.5714285714285714,3.351851851851852,Guangdong,0.985139664720586,0.9962526787072509
all_years,surface water,sulfonamides,A. baumannii | Ciprofloxacin,chemical_fertilizers_2024,14,3,49,15,1,2013,2024,-0.059340659340659345,0.8403017626906826,-0.03296703296703296,0.9109186530718454,0.07898257926378309,0.18961038961038862,-0.4153846153846154,0.1396659475175257,0.512087912087912,0.061198486156458405,TRUE,0.9285714285714286,2.1481481481481484,Hainan,0.985139664720586,0.9842154623604513
all_years,sediment,diaminopyrimidines,A. baumannii | Meropenem,chemical_fertilizers_2024,18,3,122,45,2,2008,2020,-0.058823529411764705,0.816654203568489,-0.0196078431372549,0.9384456264028498,0.01039862314664235,0.47547758284600455,-0.24458204334365324,0.3280041243603068,0.304437564499484,0.21933066080450497,TRUE,0.7777777777777778,3.0000000000000004,Tianjin,0.985139664720586,0.9867239251522226
all_years,sludge,sulfonamides,S. aureus | Clindamycin,grp_per_capita_2024,16,3,143,28,1,2005,2017,0.05833602665620261,0.8300812241866415,-0.31470588235294117,0.23515831926634445,0.6133729962850374,0,-0.3162426708204668,0.23275560389798974,-0.8294117647058824,7.08845406463994e-5,TRUE,0.8125,3.452265369444521,Gansu,0.985139664720586,0.8756506136724482
all_years,sediment,fluoroquinolones,K. pneumoniae | Ciprofloxacin,grp_2024,23,3,950,128,2,2007,2025,-0.05830039525691699,0.7916018249847689,0.06521739130434782,0.7675018255842943,0.025862178954528397,0.2654973649538867,-0.32707509881422925,0.12766439967393878,0.658102766798419,6.413306692101036e-4,TRUE,0.782608695652174,2.457627118644069,Qinghai,0.985139664720586,0.9760848906711721
all_years,sediment,fluoroquinolones,K. pneumoniae | Trimethoprim/Sulfamethoxazole,grp_2024,23,3,950,128,2,2007,2025,0.05830039525691699,0.7916018249847689,0.10177865612648221,0.6440123994143262,0.025862178954528397,0.2654973649538867,-0.32707509881422925,0.12766439967393878,0.4634387351778656,0.02593260432450388,FALSE,0.9130434782608695,2.1864406779661025,Tianjin,0.985139664720586,0.9729669155213013
all_years,soil,tetracyclines,K. pneumoniae | Aztreonam,grp_2024,24,3,312,68,2,2007,2022,-0.05826086956521739,0.7868436161547349,0.09913043478260868,0.6449056390307347,0.48567178524771265,0,-0.15130434782608695,0.4803459029793672,0.6365217391304347,8.25654777565844e-4,TRUE,0.875,1.5610583446404342,Beijing,0.985139664720586,0.9729669155213013
all_years,soil,sulfonamides,E. coli | Aztreonam,grp_per_capita_2024,20,3,313,56,2,2006,2019,0.05802576998635298,0.8080097599015479,-0.039097744360902256,0.8700037043301223,0.22138678024989444,0.059746349446122726,0.5425786284438201,0.01344424302302041,-0.13082706766917293,0.5824730901969895,FALSE,0.85,2.2883654226166836,Liaoning,0.985139664720586,0.9842154623604513
all_years,sludge,macrolides,K. pneumoniae | Cefotetan,hogs_year_end_2024,14,3,77,25,1,2005,2017,0.05784637712254196,0.8442778652381597,0.046153846153846156,0.8755025376321142,0.8556343441410651,0,0.6118366811038092,0.020054411609237308,-0.1076923076923077,0.7140308087262489,FALSE,0.7142857142857143,4.401368577190701,Beijing,0.985139664720586,0.9842154623604513
all_years,sludge,macrolides,K. pneumoniae | Cefoxitin,sewage_pipe_length_2024,14,3,77,25,1,2005,2017,0.05784637712254196,0.8442778652381597,0.059340659340659345,0.8403017626906826,0.8556343441410651,0,0.4204986644677089,0.13436459633396483,0.48131868131868133,0.08141829504280487,TRUE,0.7142857142857143,4.401368577190701,Beijing,0.985139664720586,0.9842154623604513
all_years,sediment,tetracyclines,E. coli | Cefotetan,milk_output_2024,23,3,693,129,2,2004,2025,-0.05782060962284125,0.7932806174098807,0.06620553359683794,0.7640753557905013,0.06310630550908343,0.17629345855989417,-0.30343465220875665,0.15927575726801604,0.5009881422924901,0.014887207250564156,TRUE,0.9130434782608695,2.6142912306822246,Qinghai,0.985139664720586,0.9760848906711721
all_years,sludge,fluoroquinolones,E. coli | Ceftriaxone,grp_per_capita_2024,16,3,149,31,2,2005,2017,-0.05777936296723109,0.8316809668223923,0.049999999999999996,0.8540995521297435,0.06923543109736396,0.25696039035591295,0.4933468684125115,0.052146211631197946,-0.3382352941176471,0.20006555877868937,TRUE,0.8125,3.334776324401696,Jiangsu,0.985139664720586,0.9842154623604513
all_years,sediment,lincosamides,E. coli | Nitrofurantoin,urban_share_2024,13,3,26,22,1,2010,2018,-0.0577717190274766,0.8512959565433287,0.22527472527472528,0.4593051427250058,0.2592759711301179,0.06997245179063301,0.3163689375314195,0.2922911964687993,-0.44505494505494503,0.12752383613843682,TRUE,0.7692307692307693,4.395966809682456,Guangxi,0.985139664720586,0.9606462350922552
all_years,sediment,lincosamides,K. pneumoniae | Gentamicin,EconomicScaleIndex,13,3,26,22,1,2010,2018,0.0577717190274766,0.8512959565433291,0,1,0.2592759711301179,0.06997245179063301,0.2066115702479339,0.4982454329898226,0.6354889093022426,0.019586594816267955,TRUE,0.7692307692307693,2.8196169551684798,Zhejiang,0.985139664720586,1
all_years,soil,fluoroquinolones,S. aureus | Cefoxitin,hospital_beds_2024,23,3,318,64,2,2006,2020,-0.05735477473579962,0.7949114452980812,-0.00691699604743083,0.9750119010915268,0.9845108143090242,0,-0.42422755795962136,0.043643130323985486,0.3784584980237154,0.07495820299718042,TRUE,0.9130434782608695,2.45849480089715,Tibet,0.985139664720586,0.9890031032596562
all_years,sediment,fluoroquinolones,E. coli | Cefotaxime,urban_env_infra_investment_2024,23,3,950,128,2,2007,2025,-0.05731225296442687,0.7950603500142372,-0.03656126482213439,0.8684573099373583,0.025862178954528397,0.2654973649538867,-0.3616600790513834,0.08994509168798827,0.35968379446640314,0.09184514903971808,TRUE,0.8260869565217391,2.418719211822661,Qinghai,0.985139664720586,0.9842154623604513
all_years,surface water,fluoroquinolones,K. pneumoniae | Amikacin,chemical_fertilizers_2024,15,3,77,21,1,2015,2024,0.05714285714285713,0.8396998687415758,-0.07499999999999998,0.790510794155268,0.27743910513984715,0.014965986394557854,0.4107142857142857,0.1283286460157489,0.6285714285714286,0.012079539175905785,TRUE,0.9333333333333333,4.26923076923077,Hubei,0.985139664720586,0.9799202460692253
all_years,surface water,tetracyclines,K. pneumoniae | Ampicillin,total_aquatic_products_2024,15,2,42,17,1,2015,2024,0.05714285714285713,0.8396998687415758,-0.13928571428571426,0.6205460876279016,1,0,-0.17142857142857143,0.541272176099633,0.5357142857142857,0.03956697222954953,FALSE,0.8,3.26923076923077,Hubei,0.985139664720586,0.9642670806230015
all_years,sediment,tetracyclines,A. baumannii | Tigecycline,sewage_disposal_capacity_2024,23,3,693,129,2,2004,2025,-0.05683222313356191,0.7967418194921412,-0.03260869565217391,0.8825767602472698,0.06310630550908343,0.17629345855989417,-0.1966889113665882,0.3683784798353149,0.5237154150197628,0.010323075505070235,TRUE,0.9130434782608695,2.013700388882765,Jiangsu,0.985139664720586,0.9842154623604513
all_years,sediment,diaminopyrimidines,A. baumannii | Gentamicin,chemical_fertilizers_2024,18,3,122,45,2,2008,2020,0.05675954592363261,0.8229893024799763,0.05263157894736842,0.835690432059722,0.01039862314664235,0.47547758284600455,-0.24458204334365324,0.3280041243603068,0.5459236326109391,0.019092729509875155,FALSE,0.7222222222222222,3.4909090909090916,Tianjin,0.985139664720586,0.9842154623604513
all_years,soil,tetracyclines,S. aureus | Clindamycin,large_animals_year_end_2024,24,3,312,68,2,2007,2022,-0.056521739130434775,0.7930697839291408,0.07217391304347825,0.7375189840952581,0.48567178524771265,0,-0.19130434782608696,0.3705328066699429,0.7547826086956522,2.026250163563463e-5,TRUE,0.8333333333333334,2.548951048951049,Zhejiang,0.985139664720586,0.9733108509742262
all_years,soil,fluoroquinolones,A. baumannii | Ciprofloxacin,hospitals_count_2024,23,3,318,64,2,2006,2020,-0.056365899309320316,0.7983761165596978,-0.015810276679841896,0.9429208798247313,0.9845108143090242,0,-0.5305316663061466,0.00920503544877101,0.30138339920948615,0.1622557158132589,TRUE,0.8695652173913043,2.0326909551936607,Ningxia,0.985139664720586,0.9867239251522226
all_years,soil,fluoroquinolones,E. coli | Tigecycline,hospital_beds_2024,23,3,318,64,2,2006,2020,-0.056365899309320316,0.7983761165596978,-0.07707509881422925,0.7266792044274875,0.9845108143090242,0,-0.42422755795962136,0.043643130323985486,-0.2341897233201581,0.2821297301046476,FALSE,0.9130434782608695,1.6962654237273322,Sichuan,0.985139664720586,0.9729669155213013
all_years,sediment,macrolides,A. baumannii | Amikacin,freshwater_aquatic_products_2024,23,3,430,93,2,2008,2025,-0.05632411067193676,0.7985226107639527,0.10770750988142291,0.6247226057643105,0.003177020108859277,0.4751811594202898,-0.4901185770750988,0.017589302048693578,0.3132411067193676,0.1455589089242155,TRUE,0.8260869565217391,1.7719298245614037,Hubei,0.985139664720586,0.9643538787526716
all_years,sludge,fluoroquinolones,E. coli | Amikacin,milk_output_2024,16,3,149,31,2,2005,2017,-0.056297840839866185,0.8359415753009859,-0.055882352941176466,0.8371372217954722,0.06923543109736396,0.25696039035591295,-0.3022305139824395,0.2552382704186771,0.611764705882353,0.011788405053115247,TRUE,0.6875,2.328635511505732,Jiangsu,0.985139664720586,0.9842154623604513
all_years,soil,macrolides,K. pneumoniae | Tobramycin,EconomicScaleIndex,20,3,104,34,2,2006,2020,-0.055955531183475266,0.814743617826108,-0.14887218045112782,0.5310434616086309,0.3132637601270729,0.018907030492805205,0.1483181013783609,0.5325906529127041,0.5191875058917722,0.018982506858411748,FALSE,0.8,2.8305697419587075,Tibet,0.985139664720586,0.9606462350922552
all_years,soil,sulfonamides,S. aureus | Erythromycin,milk_output_2024,20,3,313,56,2,2006,2019,-0.05576502570117041,0.8153639106799407,-0.14887218045112782,0.5310434616086309,0.22138678024989444,0.059746349446122726,0.015071628567883891,0.9497142774495573,0.7428571428571429,1.7540444660486983e-4,FALSE,0.85,2.354577590411077,Jilin,0.985139664720586,0.9606462350922552
all_years,soil,sulfonamides,E. coli | Cefotetan,urban_share_2024,20,3,313,56,2,2006,2019,0.05576502570117041,0.8153639106799415,-0.1849624060150376,0.43498614362285215,0.22138678024989444,0.059746349446122726,0.5094210455944755,0.021775408416415995,0.21353383458646616,0.36602063833951404,TRUE,0.8,1.9650839201588397,Guangdong,0.985139664720586,0.9507920383745695
all_years,soil,tetracyclines,K. pneumoniae | Cefotetan,grp_2024,24,3,312,68,2,2007,2022,-0.055652173913043466,0.7961874995255501,0.08956521739130434,0.6772689468428973,0.48567178524771265,0,-0.15130434782608695,0.4803459029793672,0.4791304347826087,0.01784227838501129,TRUE,0.75,1.9119318181818183,Beijing,0.985139664720586,0.9729669155213013
all_years,sludge,macrolides,A. baumannii | Amikacin,sewage_pipe_length_2024,14,3,77,25,1,2005,2017,0.055621516463982654,0.8502043139606371,0.16043956043956042,0.5837527526413409,0.8556343441410651,0,0.4204986644677089,0.13436459633396483,0.5340659340659341,0.04915991637198511,TRUE,0.7857142857142857,2.7115118366124675,Tianjin,0.985139664720586,0.9606462350922552
all_years,sludge,sulfonamides,A. baumannii | Amikacin,hospitals_count_2024,16,3,143,28,1,2005,2017,-0.05526570946377089,0.838912347625142,-0.08823529411764705,0.7452220943671329,0.6133729962850374,0,0.3070317192431717,0.24738910127380673,0.37941176470588234,0.1472271338628927,FALSE,0.875,2.2696871592593606,Fujian,0.985139664720586,0.9751218136611995
all_years,wastewater effluent,fluoroquinolones,K. pneumoniae | Cefazolin,freshwater_aquatic_products_2024,13,3,34,15,1,2016,2024,-0.05494505494505495,0.8585042942308735,0.06043956043956044,0.8445023706449684,0.28932970799328467,0.04803767660910481,-0.6978021978021978,0.00800071741122648,0.34065934065934067,0.2547064607541252,TRUE,0.6923076923076923,5.2363636363636354,Beijing,0.985139664720586,0.9842154623604513
all_years,wastewater effluent,fluoroquinolones,K. pneumoniae | Cefepime,freshwater_aquatic_products_2024,13,3,34,15,1,2016,2024,-0.05494505494505495,0.8585042942308735,0.005494505494505494,0.9857869107140623,0.28932970799328467,0.04803767660910481,-0.6978021978021978,0.00800071741122648,0.2857142857142857,0.34400021825867,TRUE,0.6923076923076923,5.2363636363636354,Beijing,0.985139664720586,0.9945807279372029
all_years,sludge,tetracyclines,K. pneumoniae | Cefotetan,urban_share_2024,14,3,77,19,2,2004,2020,0.0549010813046013,0.8521249570336809,0.2703296703296703,0.3499193863496043,0.30098512187415105,0.03648989898989916,-0.21274169005533006,0.46525822108730286,0.4461538461538462,0.10980712780122513,FALSE,0.7857142857142857,2.9120354443472842,Shanghai,0.985139664720586,0.9268335373285431
all_years,sediment,diaminopyrimidines,E. coli | Cefotetan,milk_output_2024,18,3,122,45,2,2008,2020,-0.054695562435500514,0.8293348337875044,-0.0030959752321981426,0.9902723852270469,0.01039862314664235,0.47547758284600455,-0.07327141382868937,0.7726309674360763,0.651186790505676,0.0034197801987985712,TRUE,0.8888888888888888,2.92688679245283,Guangdong,0.985139664720586,0.9951115661410841
all_years,wastewater influent,fluoroquinolones,P. aeruginosa | Tobramycin,grp_2024,11,3,44,12,1,2016,2024,0.05454545454545454,0.8734465775233149,0.17272727272727273,0.6115423848512369,0.07495187103951058,0.3977272727272725,-0.2727272727272727,0.41714143714253127,-0.6727272727272727,0.023313039833185997,TRUE,0.6363636363636364,3.5555555555555554,Beijing,0.985139664720586,0.9606462350922552
all_years,wastewater influent,fluoroquinolones,A. baumannii | Cefepime,population_2024,11,3,44,12,1,2016,2024,-0.05454545454545454,0.8734465775233152,-0.22727272727272727,0.501535667604937,0.07495187103951058,0.3977272727272725,-0.2545454545454545,0.45003657688882903,-0.45454545454545453,0.16014543725525882,FALSE,0.5454545454545454,6.444444444444444,Zhejiang,0.985139664720586,0.9606462350922552
all_years,wastewater influent,fluoroquinolones,A. baumannii | Ceftazidime,chemical_fertilizers_2024,11,3,44,12,1,2016,2024,-0.05454545454545454,0.8734465775233152,-0.19090909090909092,0.5739131682855214,0.07495187103951058,0.3977272727272725,-0.34545454545454546,0.2980892209030389,0.16363636363636364,0.6306852146425357,TRUE,0.6363636363636364,6.444444444444444,Zhejiang,0.985139664720586,0.9606462350922552
all_years,wastewater influent,fluoroquinolones,A. baumannii | Imipenem,chemical_fertilizers_2024,11,3,44,12,1,2016,2024,-0.05454545454545454,0.8734465775233152,-0.19090909090909092,0.5739131682855214,0.07495187103951058,0.3977272727272725,-0.34545454545454546,0.2980892209030389,0.16363636363636364,0.6306852146425357,TRUE,0.6363636363636364,6.444444444444444,Zhejiang,0.985139664720586,0.9606462350922552
all_years,sediment,fluoroquinolones,K. pneumoniae | Cefazolin,grp_2024,23,3,950,128,2,2007,2025,0.05434782608695652,0.8054580956761177,0.19367588932806323,0.3759056797129495,0.025862178954528397,0.2654973649538867,-0.32707509881422925,0.12766439967393878,0.5187747035573123,0.011201492647462272,FALSE,0.9130434782608695,2.3402597402597407,Qinghai,0.985139664720586,0.935533627208742
all_years,sediment,fluoroquinolones,K. pneumoniae | Cefepime,grp_2024,23,3,950,128,2,2007,2025,-0.05434782608695652,0.8054580956761177,0.02766798418972332,0.9002743229977445,0.025862178954528397,0.2654973649538867,-0.32707509881422925,0.12766439967393878,0.6086956521739131,0.0020546632915020464,TRUE,0.782608695652174,2.6675324675324688,Qinghai,0.985139664720586,0.9842154623604513
all_years,sediment,macrolides,K. pneumoniae | Ceftriaxone,grp_2024,23,3,430,93,2,2008,2025,-0.05434782608695652,0.8054580956761177,0.03458498023715415,0.8755124455826608,0.003177020108859277,0.4751811594202898,-0.37351778656126483,0.07915444117090965,0.40217391304347827,0.05711577860840376,TRUE,0.8260869565217391,1.9818181818181826,Tibet,0.985139664720586,0.9842154623604513
all_years,sediment,other,S. aureus | Tetracycline,WastewaterHealthIndex,7,2,19,10,1,2008,2018,0.05405624776173353,0.9083652825239952,NA,NA,0.3724558699813696,0,-0.4,0.37393392381774704,-0.2522624895547565,0.5852410907160583,TRUE,0.2857142857142857,11.8703946646375,Tianjin,0.9903555450588285,NA
all_years,surface water,fluoroquinolones,E. coli | Tigecycline,chemical_fertilizers_2024,15,3,77,21,1,2015,2024,-0.05357142857142856,0.8496099367776071,-0.007142857142857141,0.9798442277615983,0.27743910513984715,0.014965986394557854,0.4107142857142857,0.1283286460157489,0.24285714285714285,0.38312834183934175,FALSE,0.7333333333333333,2.5179487179487183,Jiangxi,0.985139664720586,0.9925694774727878
all_years,surface water,fluoroquinolones,K. pneumoniae | Chloramphenicol,milk_output_2024,15,3,77,21,1,2015,2024,0.05357142857142856,0.8496099367776071,-0.05714285714285713,0.8396998687415758,0.27743910513984715,0.014965986394557854,0.42857142857142855,0.11096021426087677,-0.5892857142857143,0.020794358483161638,FALSE,0.6666666666666666,3.0923076923076924,Anhui,0.985139664720586,0.9842154623604513
all_years,surface water,tetracyclines,A. baumannii | Cefepime,grp_per_capita_2024,15,2,42,17,1,2015,2024,-0.05357142857142856,0.8496099367776071,-0.06785714285714285,0.8101088187105131,1,0,-0.49642857142857144,0.059797413749923985,0.4928571428571429,0.06195100671416861,TRUE,0.8,4.53846153846154,Henan,0.985139664720586,0.9842154623604513
all_years,sediment,sulfonamides,E. coli | Ertapenem,sewage_disposal_capacity_2024,24,3,1061,135,2,2008,2025,0.053489890370816,0.8039531241628943,0.04956521739130434,0.8180937896030707,0.0015521231748156271,0.520774428109915,-0.130898024403379,0.542083078884666,0.3556521739130435,0.08808232160850839,FALSE,0.875,2.2798459789478547,Tibet,0.985139664720586,0.9842154623604513
all_years,sediment,sulfonamides,S. aureus | Penicillin G,large_animals_year_end_2024,24,3,1061,135,2,2008,2025,0.053489890370816,0.8039531241628943,-0.013913043478260867,0.9485530177017849,0.0015521231748156271,0.520774428109915,0.3309415168470811,0.1141958009148479,0.5260869565217391,0.00827592189426457,TRUE,0.9583333333333334,2.1227829320686618,Guangdong,0.985139664720586,0.9867239251522226
all_years,sludge,macrolides,K. pneumoniae | Nitrofurantoin,sewage_pipe_length_2024,14,3,77,25,1,2005,2017,-0.053396655805423354,0.8561381239864068,-0.015384615384615384,0.9583697893719864,0.8556343441410651,0,0.4204986644677089,0.13436459633396483,0.6087912087912087,0.02085661601722324,FALSE,0.7857142857142857,3.5600236485643424,Beijing,0.985139664720586,0.9867239251522226
all_years,sediment,fluoroquinolones,A. baumannii | Aztreonam,urban_env_infra_investment_2024,23,3,950,128,2,2007,2025,0.05335968379446641,0.8089311975158359,0.1808300395256917,0.40896996107842065,0.025862178954528397,0.2654973649538867,-0.3616600790513834,0.08994509168798827,0.45454545454545453,0.029328876961785405,FALSE,0.8695652173913043,2.3015873015873014,Qinghai,0.985139664720586,0.9479489788776115
all_years,sludge,fluoroquinolones,E. coli | Cefepime,sewage_disposal_capacity_2024,16,3,149,31,2,2005,2017,0.05333479658513639,0.8444755232214609,0.07941176470588235,0.7700253190398255,0.06923543109736396,0.25696039035591295,0.41334467353480697,0.11152120896786284,0.3558823529411765,0.17610373809159305,TRUE,0.75,3.594655000924578,Tianjin,0.985139664720586,0.9760848906711721
all_years,sludge,fluoroquinolones,S. aureus | Ciprofloxacin,urban_share_2024,16,3,149,31,2,2005,2017,0.05333479658513639,0.8444755232214609,-0.1764705882352941,0.5132505967364667,0.06923543109736396,0.25696039035591295,0.39408488587906326,0.13094775073762935,0.638235294117647,0.007801138631008023,TRUE,0.75,2.6554271694507676,Jiangsu,0.985139664720586,0.9606462350922552
all_years,sludge,fluoroquinolones,A. baumannii | Polymyxin B,sewage_pipe_length_2024,16,3,149,31,2,2005,2017,0.05333479658513639,0.8444755232214609,0.3352941176470588,0.20425458084551526,0.06923543109736396,0.25696039035591295,0.5555707977618373,0.025461783832817764,-0.4235294117647059,0.10210932208599766,FALSE,0.75,2.851401986069132,Heilongjiang,0.985139664720586,0.8680942753677526
all_years,soil,fluoroquinolones,K. pneumoniae | Ceftriaxone,grp_per_capita_2024,23,3,318,64,2,2006,2020,-0.0524103976034031,0.8122710173669849,-0.06818181818181818,0.7572353005557559,0.9845108143090242,0,0.41433880369482834,0.04933753133495683,0.3191699604743083,0.1376842373432186,FALSE,0.782608695652174,1.9005771049614215,Tibet,0.985139664720586,0.9760848906711721
all_years,sludge,sulfonamides,S. aureus | Trimethoprim/Sulfamethoxazole,grp_per_capita_2024,16,3,143,28,1,2005,2017,-0.05219539227133918,0.8477615264257651,-0.26176470588235295,0.327410411812586,0.6133729962850374,0,-0.3162426708204668,0.23275560389798974,-0.5323529411764706,0.03376862296023483,FALSE,0.75,3.3080144653595482,Heilongjiang,0.985139664720586,0.921151822516418
all_years,soil,tetracyclines,K. pneumoniae | Ampicillin,hogs_year_end_2024,24,3,312,68,2,2007,2022,0.05217391304347825,0.8086881976469134,0.1234782608695652,0.5654049951421964,0.48567178524771265,0,-0.2643478260869565,0.2119392787870507,0.2756521739130435,0.19231697608300116,FALSE,0.9166666666666666,2.477272727272727,Hainan,0.985139664720586,0.9606462350922552
all_years,sludge,diaminopyrimidines,A. baumannii | Meropenem,pork_output_2024,13,3,19,17,1,2010,2017,-0.052014432475461524,0.8659884100312658,-0.1813186813186813,0.5532950092839335,0.8019823386358851,0,-0.7166432918841367,0.005846431266760286,0.13736263736263737,0.6545168402947127,TRUE,0.8461538461538461,3.3053405418590884,Beijing,0.985139664720586,0.9606462350922552
all_years,soil,sulfonamides,A. baumannii | Tigecycline,EconomicScaleIndex,20,3,313,56,2,2006,2019,-0.05199711855919943,0.8276536440005474,-0.33834586466165417,0.14452609966359906,0.22138678024989444,0.059746349446122726,0.5737461236962149,0.008166765310944247,0.13774942916745986,0.5624944796455928,FALSE,0.85,2.589972536896769,Chongqing,0.985139664720586,0.8234711270505317
all_years,sludge,fluoroquinolones,S. aureus | Rifampicin,grp_per_capita_2024,16,3,149,31,2,2005,2017,-0.05185327445777149,0.8487486440086298,-0.1264705882352941,0.6406944408168836,0.06923543109736396,0.25696039035591295,0.4933468684125115,0.052146211631197946,-0.17647058823529413,0.5132505967364667,TRUE,0.75,3.675710853479607,Tianjin,0.985139664720586,0.9699934128527622
all_years,soil,macrolides,A. baumannii | Cefotaxime,pork_output_2024,20,3,104,34,2,2006,2020,0.05141859622265294,0.8295440963759007,0.05263157894736842,0.8255814504559325,0.3132637601270729,0.018907030492805205,0.13610804882466954,0.5672042028523583,0.4406015037593985,0.051851836932707146,TRUE,0.85,2.484610181070898,Tianjin,0.985139664720586,0.9842154623604513
all_years,soil,macrolides,S. aureus | Oxacillin,milk_output_2024,20,3,104,34,2,2006,2020,-0.05141859622265294,0.8295440963759007,-0.004511278195488721,0.9849400483404015,0.3132637601270729,0.018907030492805205,0.43554575623894254,0.054921130935576906,-0.01804511278195489,0.9398091995407434,TRUE,0.85,3.430684268949752,Tibet,0.985139664720586,0.9945807279372029
all_years,sediment,tetracyclines,S. aureus | Nitrofurantoin,grp_per_capita_2024,23,3,693,129,2,2004,2025,0.05139609744252556,0.8158430709302317,-0.07015810276679842,0.7504128162462719,0.06310630550908343,0.17629345855989417,-0.14381023419014363,0.5126967145545874,-0.5612648221343873,0.0053277407436821585,TRUE,0.9130434782608695,2.307809102675049,Guangdong,0.985139664720586,0.9760417777324718
all_years,sediment,diaminopyrimidines,S. aureus | Amikacin,total_aquatic_products_2024,18,3,122,45,2,2008,2020,0.05056759545923632,0.8420557303322882,0.04024767801857585,0.8740147776078565,0.01039862314664235,0.47547758284600455,-0.28586171310629516,0.2501695935454812,-0.3126934984520124,0.20645364174383662,TRUE,0.8888888888888888,3.8954081632653073,Tianjin,0.985139664720586,0.9842154623604513
all_years,surface water,sulfonamides,K. pneumoniae | Tigecycline,LivestockAquacultureIndex,14,3,49,15,1,2013,2024,-0.05054945054945055,0.8637420361792152,-0.2967032967032967,0.30296672383870205,0.07898257926378309,0.18961038961038862,-0.4862489191020163,0.07789960750661203,0.38063829413868244,0.17938767002030287,TRUE,0.7142857142857143,4.695652173913044,Tibet,0.985139664720586,0.9122214762504753
all_years,soil,sulfonamides,P. aeruginosa | Meropenem,urban_share_2024,20,3,313,56,2,2006,2019,-0.05048995570241104,0.8325805216147183,-0.34135338345864663,0.1407646971603081,0.22138678024989444,0.059746349446122726,0.5094210455944755,0.021775408416415995,0.43007518796992483,0.05839600708511875,FALSE,0.85,2.393561194612602,Chongqing,0.985139664720586,0.8234711270505317
all_years,soil,tetracyclines,A. baumannii | Cefepime,population_2024,24,3,312,68,2,2007,2022,0.05043478260869565,0.8149558189775676,0.23826086956521736,0.2622175095216364,0.48567178524771265,0,-0.31217391304347825,0.1375180295921436,0.3834782608695652,0.06434139809221914,FALSE,0.875,1.9192789968652038,Henan,0.985139664720586,0.8903518675048224
all_years,soil,fluoroquinolones,A. baumannii | Imipenem,hospitals_count_2024,23,3,318,64,2,2006,2020,-0.050432646750444496,0.8192393360984013,-0.05830039525691699,0.7916018249847689,0.9845108143090242,0,-0.5305316663061466,0.00920503544877101,0.36264822134387353,0.08900612431420185,TRUE,0.8260869565217391,2.355886068526685,Ningxia,0.985139664720586,0.9799202460692253
all_years,sludge,tetracyclines,S. aureus | Oxacillin,LivestockAquacultureIndex,14,3,77,19,2,2004,2020,-0.050325991195884524,0.8643392923052653,0.3098901098901099,0.2809332808692584,0.30098512187415105,0.03648989898989916,0.44378374054552716,0.11193596059833444,-0.3230769230769231,0.2598736195087899,TRUE,0.7857142857142857,3.04306055492351,Liaoning,0.985139664720586,0.8969656318280155
all_years,wastewater influent,sulfonamides,E. coli | Cefepime,grp_per_capita_2024,9,3,30,9,1,2016,2024,0.05,0.89835280435063,-0.016666666666666666,0.9660548039946862,0.8007374029168087,0,-0.36666666666666664,0.3317398014330152,-0.5333333333333333,0.13922686754397803,TRUE,0.6666666666666666,7.571428571428573,Shanxi,0.9889214340137344,0.9878914858209675
all_years,surface water,fluoroquinolones,K. pneumoniae | Cefuroxime,chemical_fertilizers_2024,15,3,77,21,1,2015,2024,-0.04999999999999999,0.8595409434674568,-0.11428571428571425,0.6850657626568971,0.27743910513984715,0.014965986394557854,0.4107142857142857,0.1283286460157489,0.34285714285714286,0.21092379341475206,FALSE,0.6,3.703296703296704,Hebei,0.985139664720586,0.9729669155213013
all_years,soil,tetracyclines,K. pneumoniae | Cefepime,grp_2024,24,3,312,68,2,2007,2022,0.04956521739130434,0.8180937896030707,0.11391304347826087,0.5961140506694131,0.48567178524771265,0,-0.15130434782608695,0.4803459029793672,0.56,0.004430427026282592,FALSE,0.8333333333333334,2.116427432216906,Beijing,0.985139664720586,0.9606462350922552
all_years,wastewater effluent,fluoroquinolones,A. baumannii | Aztreonam,sewage_pipe_length_2024,13,3,34,15,1,2016,2024,-0.049450549450549455,0.8725444288811492,0.17032967032967034,0.5779754288392669,0.28932970799328467,0.04803767660910481,-0.5714285714285714,0.0413422673717235,0.24725274725274726,0.41540511972553806,TRUE,0.7692307692307693,4.111111111111111,Hainan,0.985139664720586,0.9606462350922552
all_years,wastewater effluent,fluoroquinolones,A. baumannii | Tobramycin,freshwater_aquatic_products_2024,13,3,34,15,1,2016,2024,0.049450549450549455,0.8725444288811492,0.06593406593406594,0.8305423857560938,0.28932970799328467,0.04803767660910481,-0.6978021978021978,0.00800071741122648,0.18681318681318682,0.5411235235098939,FALSE,0.7692307692307693,5.242424242424242,Zhejiang,0.985139664720586,0.9842154623604513
all_years,wastewater effluent,fluoroquinolones,E. coli | Aztreonam,freshwater_aquatic_products_2024,13,3,34,15,1,2016,2024,0.049450549450549455,0.8725444288811492,0.15934065934065933,0.6030877531318972,0.28932970799328467,0.04803767660910481,-0.6978021978021978,0.00800071741122648,0.1043956043956044,0.7343037452877028,FALSE,0.6923076923076923,4.656565656565657,Hainan,0.985139664720586,0.9606462350922552
all_years,wastewater effluent,fluoroquinolones,E. coli | Ceftriaxone,freshwater_aquatic_products_2024,13,3,34,15,1,2016,2024,0.049450549450549455,0.8725444288811492,0.13186813186813187,0.6676075762175147,0.28932970799328467,0.04803767660910481,-0.6978021978021978,0.00800071741122648,0.14285714285714285,0.6415164215860886,FALSE,0.6923076923076923,4.515151515151516,Hainan,0.985139664720586,0.9729669155213013
all_years,wastewater effluent,fluoroquinolones,E. coli | Ertapenem,total_aquatic_products_2024,13,3,34,15,1,2016,2024,-0.049450549450549455,0.8725444288811492,0.14835164835164835,0.6286094178894162,0.28932970799328467,0.04803767660910481,-0.6758241758241759,0.011225245577668611,0.3076923076923077,0.30644705251252874,TRUE,0.6923076923076923,5.222222222222222,Beijing,0.985139664720586,0.9643538787526716
all_years,wastewater effluent,fluoroquinolones,K. pneumoniae | Gentamicin,freshwater_aquatic_products_2024,13,3,34,15,1,2016,2024,-0.049450549450549455,0.8725444288811492,0.09890109890109891,0.7478683035983908,0.28932970799328467,0.04803767660910481,-0.6978021978021978,0.00800071741122648,0.31868131868131866,0.28858316144472024,TRUE,0.7692307692307693,5.787878787878788,Beijing,0.985139664720586,0.9751218136611995
all_years,wastewater effluent,fluoroquinolones,S. aureus | Penicillin G,urban_share_2024,13,3,34,15,1,2016,2024,0.049450549450549455,0.8725444288811492,-0.016483516483516484,0.957376175090185,0.28932970799328467,0.04803767660910481,-0.21978021978021978,0.4706148514721422,-0.7252747252747253,0.005023237655349916,TRUE,0.5384615384615384,5.787878787878788,Beijing,0.985139664720586,0.9867239251522226
all_years,sludge,diaminopyrimidines,A. baumannii | Levofloxacin,pork_output_2024,13,3,19,17,1,2010,2017,0.049124741782380334,0.8733780859940774,0.0879120879120879,0.775195408889122,0.8019823386358851,0,-0.7166432918841367,0.005846431266760286,0.24175824175824176,0.42617551959450883,FALSE,0.7692307692307693,3.710549063445827,Zhejiang,0.985139664720586,0.9760848906711721
all_years,soil,sulfonamides,E. coli | Levofloxacin,freshwater_aquatic_products_2024,20,3,313,56,2,2006,2019,-0.04898279284562265,0.8375134169176415,-0.21954887218045113,0.35234567731151545,0.22138678024989444,0.059746349446122726,0.38131220276746247,0.09714763174216907,-0.39097744360902253,0.08828010210661397,TRUE,0.8,2.703520654846131,Jilin,0.985139664720586,0.9268335373285431
all_years,soil,fluoroquinolones,K. pneumoniae | Tigecycline,large_animals_year_end_2024,23,3,318,64,2,2006,2020,0.04894933361072554,0.8244742989934855,-0.2776679841897233,0.19956560053132946,0.9845108143090242,0,-0.3653894700841028,0.08643958128251814,-0.4851778656126482,0.018942524121112022,TRUE,0.8260869565217391,2.7637468528799847,Tibet,0.985139664720586,0.8680942753677526
all_years,sludge,macrolides,A. baumannii | Gentamicin,freshwater_aquatic_products_2024,14,3,77,25,1,2005,2017,0.048946934488304734,0.8680266768215098,-0.23076923076923075,0.4273358616774501,0.8556343441410651,0,0.5829134925425382,0.028685897723242478,0.5164835164835165,0.058637163441278554,TRUE,0.6428571428571429,2.9780835476574103,Qinghai,0.985139664720586,0.9479489788776115
all_years,sludge,macrolides,K. pneumoniae | Cefotaxime,sewage_pipe_length_2024,14,3,77,25,1,2005,2017,0.048946934488304734,0.8680266768215098,0.1032967032967033,0.725282211088945,0.8556343441410651,0,0.4204986644677089,0.13436459633396483,0.6043956043956044,0.022056861754616054,TRUE,0.7857142857142857,3.73575811052516,Guangdong,0.985139664720586,0.9729669155213013
all_years,soil,tetracyclines,E. coli | Cefotaxime,hospitals_count_2024,24,3,312,68,2,2007,2022,-0.04869565217391304,0.8212344730022533,-0.03304347826086956,0.878178252038723,0.48567178524771265,0,-0.35391304347826086,0.0897584560898227,0.40869565217391307,0.047381337539541754,TRUE,0.8333333333333334,2.9366883116883122,Zhejiang,0.985139664720586,0.9842154623604513
all_years,soil,macrolides,E. coli | Tobramycin,milk_output_2024,20,3,104,34,2,2006,2020,0.04839397291543806,0.8394422027172891,-0.11729323308270678,0.6223789817630216,0.3132637601270729,0.018907030492805205,0.43554575623894254,0.054921130935576906,0.6571428571428571,0.0016430876042342415,TRUE,0.9,2.677934212806307,Liaoning,0.985139664720586,0.9643538787526716
all_years,soil,sulfonamides,A. baumannii | Minocycline,EconomicScaleIndex,20,3,313,56,2,2006,2019,-0.048229211417228454,0.839982067009404,-0.4330827067669173,0.056465610042259314,0.22138678024989444,0.059746349446122726,0.5737461236962149,0.008166765310944247,0.2356042149148357,0.31732045711053997,FALSE,0.9,2.8427279245418893,Jilin,0.985139664720586,0.7095844995310587
all_years,soil,sulfonamides,E. coli | Ertapenem,urban_share_2024,20,3,313,56,2,2006,2019,0.048229211417228454,0.839982067009404,-0.09323308270676692,0.6958288642370747,0.22138678024989444,0.059746349446122726,0.5094210455944755,0.021775408416415995,0.23909774436090225,0.30998626440604493,TRUE,0.8,2.8600775789028363,Liaoning,0.985139664720586,0.9729669155213013
all_years,soil,sulfonamides,K. pneumoniae | Chloramphenicol,freshwater_aquatic_products_2024,20,3,313,56,2,2006,2019,-0.048229211417228454,0.839982067009404,-0.11278195488721804,0.6359170579042354,0.22138678024989444,0.059746349446122726,0.38131220276746247,0.09714763174216907,0.37293233082706767,0.1053477229621268,FALSE,0.9,2.9122579719284283,Guangxi,0.985139664720586,0.9668683558667597
all_years,sediment,sulfonamides,A. baumannii | Ceftriaxone,urban_env_infra_investment_2024,24,3,1061,135,2,2008,2025,0.047836487323493986,0.8243402122564687,0.0608695652173913,0.7775281884531549,0.0015521231748156271,0.520774428109915,-0.19525984371135272,0.36053130301013314,0.3391304347826087,0.10498302480093245,FALSE,0.8333333333333334,2.5951479457844804,Guangdong,0.985139664720586,0.9760848906711721
all_years,soil,tetracyclines,A. baumannii | Meropenem,population_2024,24,3,312,68,2,2007,2022,0.047826086956521734,0.8243778236378614,0.1452173913043478,0.4983794692456115,0.48567178524771265,0,-0.31217391304347825,0.1375180295921436,0.3947826086956522,0.05624113516523871,FALSE,0.8333333333333334,2.016528925619835,Henan,0.985139664720586,0.9606462350922552
all_years,sediment,tetracyclines,S. aureus | Gentamicin,milk_output_2024,23,3,693,129,2,2004,2025,0.0474425514854082,0.8297995053423038,0.05039525691699605,0.8193712029624162,0.06310630550908343,0.17629345855989417,-0.30343465220875665,0.15927575726801604,0.475296442687747,0.02190174042331355,FALSE,0.782608695652174,2.226304393334496,Guizhou,0.985139664720586,0.9842154623604513
all_years,soil,tetracyclines,K. pneumoniae | Gentamicin,population_2024,24,3,312,68,2,2007,2022,-0.04695652173913043,0.8275237958648597,0.019130434782608695,0.9293010160374855,0.48567178524771265,0,-0.31217391304347825,0.1375180295921436,0.47739130434782606,0.01832157146143348,TRUE,0.875,2.2626262626262625,Hainan,0.985139664720586,0.9853330220901917
all_years,soil,macrolides,K. pneumoniae | Ciprofloxacin,EconomicScaleIndex,20,3,104,34,2,2006,2020,-0.046881661261830625,0.8444000673409974,-0.13984962406015036,0.5564935505662204,0.3132637601270729,0.018907030492805205,0.1483181013783609,0.5325906529127041,0.6313019093379665,0.002834089401911218,FALSE,0.8,3.410894966050177,Tibet,0.985139664720586,0.9606462350922552
all_years,sludge,diaminopyrimidines,K. pneumoniae | Cefotetan,urban_share_2024,13,3,19,17,1,2010,2017,0.04623505108929913,0.8807772318718406,-0.2527472527472528,0.40477407127094656,0.8019823386358851,0,0.19071958574335895,0.5325404019517954,0.7032967032967034,0.007318569842104322,TRUE,0.6923076923076923,5.7001862182682075,Gansu,0.9856664706881139,0.9479489788776115
all_years,surface water,sulfonamides,K. pneumoniae | Ceftazidime,freshwater_aquatic_products_2024,14,3,49,15,1,2013,2024,-0.046153846153846156,0.8755025376321139,-0.20439560439560442,0.48334622304222363,0.07898257926378309,0.18961038961038862,-0.13846153846153847,0.6368849912650185,0.8373626373626374,1.8639737783200495e-4,TRUE,0.7857142857142857,4.452380952380952,Tibet,0.985139664720586,0.9606462350922552
all_years,wastewater influent,fluoroquinolones,A. baumannii | Tigecycline,large_animals_year_end_2024,11,3,44,12,1,2016,2024,0.045454545454545456,0.8944269969053027,0.05454545454545454,0.8734465775233149,0.07495187103951058,0.3977272727272725,0.15454545454545454,0.65003396549758,-0.5272727272727272,0.09556521835315417,FALSE,0.7272727272727273,7,Beijing,0.9875757470591389,0.9842154623604513
all_years,wastewater influent,fluoroquinolones,K. pneumoniae | Amikacin,milk_output_2024,11,3,44,12,1,2016,2024,0.045454545454545456,0.8944269969053027,0.12727272727272726,0.7092146257733047,0.07495187103951058,0.3977272727272725,0.2909090909090909,0.38545696969136556,-0.6,0.05100326070695074,FALSE,0.8181818181818182,7,Beijing,0.9875757470591389,0.9729669155213013
all_years,wastewater influent,fluoroquinolones,K. pneumoniae | Gentamicin,large_animals_year_end_2024,11,3,44,12,1,2016,2024,0.045454545454545456,0.8944269969053027,0.17272727272727273,0.6115423848512369,0.07495187103951058,0.3977272727272725,0.15454545454545454,0.65003396549758,-0.6727272727272727,0.023313039833185997,FALSE,0.6363636363636364,7,Beijing,0.9875757470591389,0.9606462350922552
all_years,sediment,tetracyclines,K. pneumoniae | Cefazolin,grp_2024,23,3,693,129,2,2004,2025,0.044971585262209866,0.8385478903406439,0.14031620553359683,0.5230979940664662,0.06310630550908343,0.17629345855989417,-0.29701014002844095,0.1687385708187329,0.5187747035573123,0.011201492647462272,FALSE,0.8695652173913043,3.0346087314033525,Qinghai,0.985139664720586,0.9606462350922552
all_years,soil,macrolides,E. coli | Trimethoprim/Sulfamethoxazole,grp_per_capita_2024,20,3,104,34,2,2006,2020,0.044613193781419466,0.8518473836637278,0.08421052631578947,0.7241036435108111,0.3132637601270729,0.018907030492805205,0.21399209898545266,0.3649682823792031,-0.7639097744360902,8.847255639528156e-5,FALSE,0.75,3.441559406492806,Jilin,0.985139664720586,0.9729669155213013
all_years,sludge,macrolides,K. pneumoniae | Ampicillin,pork_output_2024,14,3,77,25,1,2005,2017,0.04449721317118613,0.8799412133154956,-0.13406593406593406,0.6477195279851133,0.8556343441410651,0,0.5473157220055893,0.04279329934575179,0.48131868131868133,0.08141829504280487,TRUE,0.7142857142857143,3.300228582561617,Qinghai,0.985139664720586,0.9729669155213013
all_years,sediment,fluoroquinolones,K. pneumoniae | Chloramphenicol,total_aquatic_products_2024,23,3,950,128,2,2007,2025,-0.044466403162055336,0.8403387863596052,-0.04644268774703557,0.8333371995704251,0.025862178954528397,0.2654973649538867,-0.24209486166007904,0.2657271000486687,0.5553359683794467,0.005944140761734364,TRUE,0.782608695652174,3.126984126984128,Qinghai,0.985139664720586,0.9842154623604513
all_years,sludge,fluoroquinolones,E. coli | Chloramphenicol,sewage_disposal_capacity_2024,16,3,149,31,2,2005,2017,-0.044445663820946994,0.8701713194233456,-0.34411764705882353,0.1918556314255428,0.06923543109736396,0.25696039035591295,0.41334467353480697,0.11152120896786284,0.7441176470588236,9.482827857378686e-4,FALSE,0.75,4.162203735930445,Tianjin,0.985139664720586,0.8627782073252044
all_years,sediment,diaminopyrimidines,E. coli | Cefuroxime,urban_env_infra_investment_2024,18,3,122,45,2,2008,2020,-0.04437564499484004,0.8612061336731368,0.13519091847265222,0.5927498112228585,0.01039862314664235,0.47547758284600455,-0.22807017543859648,0.3627002084947104,0.43653250773993807,0.07010903657780522,TRUE,0.7222222222222222,4.037790697674419,Tianjin,0.985139664720586,0.9606462350922552
all_years,sediment,sulfonamides,A. baumannii | Aztreonam,urban_env_infra_investment_2024,24,3,1061,135,2,2008,2025,0.044357470063603514,0.8369419957996247,0.0826086956521739,0.7011629844471833,0.0015521231748156271,0.520774428109915,-0.19525984371135272,0.36053130301013314,0.4808695652173913,0.017373241582602485,FALSE,0.875,2.542885822164219,Tianjin,0.985139664720586,0.9729669155213013
all_years,soil,fluoroquinolones,K. pneumoniae | Cefotaxime,grp_per_capita_2024,23,3,318,64,2,2006,2020,0.04400495647832903,0.8419753077739943,-0.045454545454545456,0.8368364960931192,0.9845108143090242,0,0.41433880369482834,0.04933753133495683,0.29545454545454547,0.17108735970276698,TRUE,0.782608695652174,2.467462376007513,Ningxia,0.985139664720586,0.9842154623604513
all_years,sediment,tetracyclines,K. pneumoniae | Cefotaxime,grp_2024,23,3,693,129,2,2004,2025,-0.043983198772930526,0.8420524871823913,0.020750988142292492,0.9251264681656184,0.06310630550908343,0.17629345855989417,-0.29701014002844095,0.1687385708187329,0.49209486166007904,0.01707047157467211,TRUE,0.782608695652174,3.3918083602951263,Qinghai,0.985139664720586,0.9853330220901917
all_years,soil,tetracyclines,S. aureus | Gentamicin,urban_share_2024,24,3,312,68,2,2007,2022,0.04347826086956521,0.8401329841149334,-0.1504347826086956,0.4829016923237188,0.48567178524771265,0,0.25043478260869567,0.23787902276971334,0.31565217391304345,0.13295721253912648,TRUE,0.7916666666666666,3.272727272727273,Hainan,0.985139664720586,0.9606462350922552
all_years,sludge,tetracyclines,K. pneumoniae | Nitrofurantoin,grp_2024,14,3,77,19,2,2004,2020,-0.04346335603280936,0.8827129332020578,-0.07692307692307693,0.7938058883554533,0.30098512187415105,0.03648989898989916,0.2516299559794226,0.38549252799635003,0.7230769230769231,0.003475294618094306,FALSE,0.7857142857142857,3.5513985779109687,Chongqing,0.9864316653082615,0.9799202460692253
all_years,sludge,diaminopyrimidines,A. baumannii | Ceftazidime,hogs_year_end_2024,13,3,19,17,1,2010,2017,-0.04334536039621794,0.8881852992305891,-0.23626373626373628,0.4370835438311813,0.8019823386358851,0,-0.7050845291118119,0.007106491488108418,0.16483516483516483,0.590478988652005,TRUE,0.8461538461538461,3.7554179467898168,Zhejiang,0.986588036254077,0.9507920383745695
all_years,sludge,diaminopyrimidines,E. coli | Polymyxin B,hogs_year_end_2024,13,3,19,17,1,2010,2017,0.04334536039621794,0.8881852992305891,0.16483516483516483,0.590478988652005,0.8019823386358851,0,-0.7050845291118119,0.007106491488108418,0.21428571428571427,0.4820544547023683,FALSE,0.7692307692307693,4.941369947765542,Guangdong,0.986588036254077,0.9606462350922552
all_years,sludge,sulfonamides,E. coli | Tobramycin,milk_output_2024,16,3,143,28,1,2005,2017,-0.04298444069404403,0.8744076228337851,-0.2588235294117647,0.3330723066336081,0.6133729962850374,0,-0.024562537539453734,0.928054318697964,0.6676470588235294,0.004711981947989975,TRUE,0.625,3.379045302579502,Fujian,0.985139664720586,0.9248305921258484
all_years,soil,phenicols,A. baumannii | Cefepime,milk_output_2024,10,3,22,13,1,2007,2016,0.042948018339789416,0.9062243097567702,0.29696969696969694,0.4047016712701569,0.17609777149412834,0.11860744297719157,-0.7301163117764201,0.01650624549810055,0.41818181818181815,0.22911284098281884,FALSE,0.7,5.429936829787211,Henan,0.9899546881468818,0.9479489788776115
all_years,soil,phenicols,A. baumannii | Ceftriaxone,milk_output_2024,10,3,22,13,1,2007,2016,0.042948018339789416,0.9062243097567702,0.19999999999999996,0.5795840000000001,0.17609777149412834,0.11860744297719157,-0.7301163117764201,0.01650624549810055,0.3696969696969697,0.2930500752928225,FALSE,0.7,5.736401327690234,Shanghai,0.9899546881468818,0.9606462350922552
all_years,surface water,tetracyclines,A. baumannii | Aztreonam,grp_per_capita_2024,15,2,42,17,1,2015,2024,-0.04285714285714285,0.8794603130258991,0.09642857142857142,0.7324528633867308,1,0,-0.49642857142857144,0.059797413749923985,0.44285714285714284,0.09829406554687134,TRUE,0.8,4.487179487179487,Henan,0.985139664720586,0.9729669155213013
all_years,surface water,tetracyclines,S. aureus | Ciprofloxacin,grp_per_capita_2024,15,2,42,17,1,2015,2024,0.04285714285714285,0.8794603130259,-0.0035714285714285704,0.9899214068809782,1,0,-0.49642857142857144,0.059797413749923985,0.2714285714285714,0.3277893068411727,FALSE,0.8,4.333333333333334,Jiangsu,0.985139664720586,0.9951115661410841
all_years,sediment,fluoroquinolones,K. pneumoniae | Gentamicin,grp_2024,23,3,950,128,2,2007,2025,-0.042490118577075096,0.8473520965225472,0.09683794466403162,0.6602593843743984,0.025862178954528397,0.2654973649538867,-0.32707509881422925,0.12766439967393878,0.6146245059288538,0.0018048352216738439,TRUE,0.782608695652174,3.292358803986712,Qinghai,0.985139664720586,0.9729669155213013
all_years,wastewater effluent,macrolides,E. coli | Ampicillin,freshwater_aquatic_products_2024,10,3,27,10,1,2018,2024,0.04242424242424242,0.9073638178128158,-0.0909090909090909,0.802771731207162,0.09424870603515988,0.3890909090909095,-0.4909090909090909,0.14965567342083683,-0.21212121212121213,0.5563057751029297,TRUE,0.7,6.071428571428572,Xinjiang,0.9899546881468818,0.9842154623604513
all_years,wastewater effluent,macrolides,E. coli | Cefepime,EconomicScaleIndex,10,3,27,10,1,2018,2024,-0.04242424242424242,0.9073638178128158,-0.10303030303030301,0.7769984634438898,0.09424870603515988,0.3890909090909095,-0.503030303030303,0.13833369839449197,-0.3696969696969697,0.2930500752928225,FALSE,0.8,7.678571428571429,Shandong,0.9899546881468818,0.9760848906711721
all_years,wastewater effluent,macrolides,P. aeruginosa | Ciprofloxacin,large_animals_year_end_2024,10,3,27,10,1,2018,2024,-0.04242424242424242,0.9073638178128158,-0.2848484848484848,0.4250381548921457,0.09424870603515988,0.3890909090909095,0.4909090909090909,0.14965567342083677,-0.47878787878787876,0.16152292801745585,TRUE,0.7,8.035714285714286,Guangdong,0.9899546881468818,0.9479489788776115
all_years,wastewater effluent,macrolides,P. aeruginosa | Tobramycin,total_aquatic_products_2024,10,3,27,10,1,2018,2024,0.04242424242424242,0.9073638178128158,-0.2121212121212121,0.5563057751029297,0.09424870603515988,0.3890909090909095,-0.3939393939393939,0.2599977668348876,-0.7212121212121212,0.018573155089460183,TRUE,0.6,9.214285714285715,Shandong,0.9899546881468818,0.9606462350922552
all_years,sludge,macrolides,P. aeruginosa | Aztreonam,sewage_pipe_length_2024,14,3,77,25,1,2005,2017,-0.042272352512626815,0.8859075000279908,0.01978021978021978,0.9464892274080113,0.8556343441410651,0,0.4204986644677089,0.13436459633396483,0.5252747252747253,0.053747501767883114,FALSE,0.7857142857142857,4.563684907131459,Beijing,0.9864316653082615,0.9867239251522226
all_years,sludge,macrolides,P. aeruginosa | Imipenem,grp_per_capita_2024,14,3,77,25,1,2005,2017,-0.042272352512626815,0.8859075000279908,0.21318681318681318,0.4643028200397442,0.8556343441410651,0,-0.2091369019045748,0.473030267999901,0.6791208791208792,0.007562257031145488,TRUE,0.7857142857142857,5.421609051440884,Beijing,0.9864316653082615,0.9606462350922552
all_years,soil,fluoroquinolones,A. baumannii | Amikacin,hospitals_count_2024,23,3,318,64,2,2006,2020,-0.04202720562537041,0.848996492221739,0.08201581027667984,0.7098728079837825,0.9845108143090242,0,-0.5305316663061466,0.00920503544877101,0.3349802371541502,0.11818082467219873,TRUE,0.8260869565217391,2.8312557890619297,Jilin,0.985139664720586,0.9729669155213013
all_years,surface water,sulfonamides,K. pneumoniae | Imipenem,urban_env_infra_investment_2024,14,3,49,15,1,2013,2024,-0.041758241758241756,0.8872869731890635,-0.21318681318681318,0.464302820039745,0.07898257926378309,0.18961038961038862,-0.35384615384615387,0.21453987088124624,0.6527472527472528,0.01138457399795419,TRUE,0.7857142857142857,5.736842105263158,Tibet,0.9864316653082615,0.9606462350922552
all_years,surface water,sulfonamides,K. pneumoniae | Tobramycin,urban_env_infra_investment_2024,14,3,49,15,1,2013,2024,-0.041758241758241756,0.8872869731890635,-0.21758241758241756,0.4549193731700335,0.07898257926378309,0.18961038961038862,-0.35384615384615387,0.21453987088124624,0.5824175824175825,0.028854655357671826,TRUE,0.7857142857142857,5.736842105263158,Tibet,0.9864316653082615,0.9606462350922552
all_years,surface water,sulfonamides,S. aureus | Amikacin,hogs_year_end_2024,14,3,49,15,1,2013,2024,-0.041758241758241756,0.8872869731890635,0.30549450549450546,0.28816988587545705,0.07898257926378309,0.18961038961038862,-0.4461538461538462,0.10980712780122513,0.4461538461538462,0.10980712780122513,TRUE,0.7142857142857143,4.526315789473685,Hainan,0.9864316653082615,0.8969656318280155
all_years,sediment,phenicols,E. coli | Ampicillin,large_animals_year_end_2024,14,3,58,25,1,2006,2020,0.041758241758241756,0.8872869731890638,-0.16923076923076924,0.5630172739962105,0.20022103787458767,0.11060606060606078,0.5076923076923077,0.06383915813376853,0.6923076923076923,0.0060710487499900405,TRUE,0.7142857142857143,5.736842105263158,Guizhou,0.9864316653082615,0.9606462350922552
all_years,soil,tetracyclines,K. pneumoniae | Tigecycline,large_animals_year_end_2024,24,3,312,68,2,2007,2022,-0.041739130434782605,0.8464521133997223,-0.09652173913043477,0.6536731719946914,0.48567178524771265,0,-0.19130434782608696,0.3705328066699429,-0.5165217391304348,0.009761613063737282,FALSE,0.8333333333333334,2.9062500000000004,Jilin,0.985139664720586,0.9729669155213013
all_years,sediment,macrolides,E. coli | Levofloxacin,milk_output_2024,23,3,430,93,2,2008,2025,0.041501976284584984,0.8508629902593836,0.14723320158102765,0.5026048124293907,0.003177020108859277,0.4751811594202898,0.21936758893280633,0.31456006390749924,0.6442687747035574,9.06699088072727e-4,TRUE,0.8260869565217391,3.5034013605442187,Tibet,0.985139664720586,0.9606462350922552
all_years,sediment,lincosamides,A. baumannii | Levofloxacin,chemical_fertilizers_2024,13,3,26,22,1,2010,2018,0.041265513591054716,0.8935224479193014,0.0879120879120879,0.775195408889122,0.2592759711301179,0.06997245179063301,-0.23933997882811733,0.4309595500618638,0.4175824175824176,0.15567475363347455,FALSE,0.6923076923076923,5.196267505051089,Hubei,0.9875757470591389,0.9760848906711721
all_years,sediment,lincosamides,K. pneumoniae | Cefotetan,large_animals_year_end_2024,13,3,26,22,1,2010,2018,0.041265513591054716,0.8935224479193014,-0.13736263736263737,0.6545168402947127,0.2592759711301179,0.06997245179063301,-0.327373074489034,0.27488966062773995,-0.521978021978022,0.06729171199351026,TRUE,0.6923076923076923,3.1591384622945657,Guangdong,0.9875757470591389,0.9729669155213013
all_years,soil,macrolides,E. coli | Ampicillin,pork_output_2024,20,3,104,34,2,2006,2020,-0.040832414647400866,0.8642861550024901,-0.061654135338345864,0.7962393511384772,0.3132637601270729,0.018907030492805205,0.13610804882466954,0.5672042028523583,0.675187969924812,0.0010889426257988844,FALSE,0.8,3.941068627565842,Tibet,0.985139664720586,0.9799202460692253
all_years,soil,sulfonamides,A. baumannii | Polymyxin B,sewage_pipe_length_2024,20,3,313,56,2,2006,2019,-0.04069339713328651,0.8647441273002404,0.003007518796992481,0.989959729518499,0.22138678024989444,0.059746349446122726,0.5516216055845504,0.011689585959119946,-0.37894736842105264,0.09941288322147485,TRUE,0.85,2.8420534067387395,Guizhou,0.985139664720586,0.9951115661410841
all_years,sediment,tetracyclines,K. pneumoniae | Cefepime,grp_2024,23,3,693,129,2,2004,2025,-0.04052384606045284,0.8543410109895551,0.06422924901185771,0.7709325113831808,0.06310630550908343,0.17629345855989417,-0.29701014002844095,0.1687385708187329,0.6086956521739131,0.0020546632915020464,TRUE,0.8260869565217391,3.6691544095777786,Qinghai,0.985139664720586,0.9760848906711721
all_years,sludge,diaminopyrimidines,E. coli | Cefotetan,pork_output_2024,13,3,19,17,1,2010,2017,0.04045566970313674,0.8956017380741927,-0.04395604395604395,0.8866190227890783,0.8019823386358851,0,-0.7166432918841367,0.005846431266760286,-0.005494505494505495,0.9857869107140623,TRUE,0.8461538461538461,4.258665947556458,Gansu,0.9875757470591389,0.9842154623604513
all_years,sludge,macrolides,S. aureus | Cefoxitin,sewage_pipe_length_2024,14,3,77,25,1,2005,2017,0.04004749185406751,0.8918794107234719,0.17802197802197803,0.5425969526062151,0.8556343441410651,0,0.4204986644677089,0.13436459633396483,0.4021978021978022,0.15397442954140356,TRUE,0.7142857142857143,3.9043912721283736,Shanghai,0.9875757470591389,0.9606462350922552
all_years,sediment,tetracyclines,S. aureus | Clindamycin,milk_output_2024,23,3,693,129,2,2004,2025,-0.04002965281581317,0.8560992577917117,-0.08399209486166008,0.7031861967054882,0.06310630550908343,0.17629345855989417,-0.30343465220875665,0.15927575726801604,0.44565217391304346,0.03307031065047676,TRUE,0.8260869565217391,3.3704540684114046,Qinghai,0.985139664720586,0.9729669155213013
all_years,soil,tetracyclines,S. aureus | Levofloxacin,urban_share_2024,24,3,312,68,2,2007,2022,-0.039999999999999994,0.8527804394339903,-0.26695652173913037,0.20729622036281836,0.48567178524771265,0,0.25043478260869567,0.23787902276971334,0.5695652173913044,0.003670316994100722,FALSE,0.7916666666666666,2.8280632411067197,Hainan,0.985139664720586,0.8680942753677526
all_years,sludge,sulfonamides,P. aeruginosa | Piperacillin,grp_per_capita_2024,16,3,143,28,1,2005,2017,0.03991412350161232,0.8833192279706152,-0.11176470588235293,0.6802736949858404,0.6133729962850374,0,-0.3162426708204668,0.23275560389798974,0.3558823529411765,0.17610373809159305,FALSE,0.8125,4.772715952991571,Heilongjiang,0.9864316653082615,0.9729669155213013
all_years,sludge,sulfonamides,S. aureus | Erythromycin,grp_per_capita_2024,16,3,143,28,1,2005,2017,-0.03991412350161232,0.8833192279706155,-0.2794117647058823,0.2946176535684148,0.6133729962850374,0,-0.3162426708204668,0.23275560389798974,-0.6058823529411764,0.012860298533367153,FALSE,0.6875,4.659073929487355,Fujian,0.9864316653082615,0.9024732535006884
all_years,soil,macrolides,S. aureus | Cefoxitin,sewage_pipe_length_2024,20,3,104,34,2,2006,2020,0.039320102993793425,0.8692704474547743,0.021052631578947368,0.9297994024457081,0.3132637601270729,0.018907030492805205,0.18525817756691132,0.43423906769221143,0.3894736842105263,0.08961904769837138,TRUE,0.9,4.099101161286858,Tibet,0.985139664720586,0.9853330220901917
all_years,surface water,tetracyclines,S. aureus | Clindamycin,grp_per_capita_2024,15,2,42,17,1,2015,2024,0.03928571428571428,0.8894459296739486,-0.2428571428571428,0.3831283418393414,1,0,-0.49642857142857144,0.059797413749923985,-0.5,0.05769884126896001,TRUE,0.8,5.643356643356645,Henan,0.9869952063452109,0.9421113234318428
all_years,sediment,sulfonamides,S. aureus | Ciprofloxacin,urban_share_2024,24,3,1061,135,2,2008,2025,0.03913894417376781,0.8559169280535868,0.027826086956521733,0.8973048186218163,0.0015521231748156271,0.520774428109915,0.0634920649930011,0.7681933517197923,0.5930434782608696,0.00225620584103875,TRUE,0.8333333333333334,2.4394366296340158,Hainan,0.985139664720586,0.9842154623604513
all_years,soil,tetracyclines,A. baumannii | Ciprofloxacin,population_2024,24,3,312,68,2,2007,2022,-0.03913043478260869,0.855947935071337,0.07304347826086956,0.7344671341768292,0.48567178524771265,0,-0.31217391304347825,0.1375180295921436,0.37130434782608696,0.0740352796389887,TRUE,0.75,2.7878787878787885,Zhejiang,0.985139664720586,0.9729669155213013
all_years,sludge,tetracyclines,P. aeruginosa | Meropenem,urban_share_2024,14,3,77,19,2,2004,2020,-0.038888265924092585,0.8949931048450701,0.07252747252747252,0.8053763135410925,0.30098512187415105,0.03648989898989916,-0.21274169005533006,0.46525822108730286,0.578021978021978,0.030383014145237017,TRUE,0.7142857142857143,3.9415184560176235,Chongqing,0.9875757470591389,0.9842154623604513
all_years,soil,fluoroquinolones,A. baumannii | Tobramycin,hospitals_count_2024,23,3,318,64,2,2006,2020,0.03856614163269285,0.861310008738999,0.1956521739130435,0.3709586113629685,0.9845108143090242,0,-0.5305316663061466,0.00920503544877101,0.07608695652173914,0.7300554425086555,FALSE,0.782608695652174,2.94180991187065,Henan,0.985139664720586,0.9333797318165014
all_years,soil,macrolides,S. aureus | Levofloxacin,grp_per_capita_2024,20,3,104,34,2,2006,2020,0.03856394716698971,0.8717643867818377,-0.07969924812030074,0.7383737490149302,0.3132637601270729,0.018907030492805205,0.21399209898545266,0.3649682823792031,0.6075187969924812,0.004495101001748822,TRUE,0.8,3.5805556917723345,Guizhou,0.985139664720586,0.9733108509742262
all_years,soil,macrolides,K. pneumoniae | Amikacin,EconomicScaleIndex,20,3,104,34,2,2006,2020,-0.03856394716698971,0.871764386781838,-0.03007518796992481,0.8998365956859304,0.3132637601270729,0.018907030492805205,0.1483181013783609,0.5325906529127041,0.46877364662402043,0.037079316004834204,FALSE,0.75,4.1827654438450415,Tibet,0.985139664720586,0.9842154623604513
all_years,wastewater effluent,fluoroquinolones,A. baumannii | Levofloxacin,total_aquatic_products_2024,13,3,34,15,1,2016,2024,-0.038461538461538464,0.9007243023389335,0.09340659340659342,0.7615000227827015,0.28932970799328467,0.04803767660910481,-0.6758241758241759,0.011225245577668611,0.36813186813186816,0.21585718064938147,TRUE,0.6153846153846154,7.363636363636363,Zhejiang,0.9895126042395535,0.9760848906711721
all_years,soil,sulfonamides,E. coli | Ceftriaxone,grp_per_capita_2024,20,3,313,56,2,2006,2019,0.038432652848103925,0.8721975386963782,-0.013533834586466165,0.9548397533571387,0.22138678024989444,0.059746349446122726,0.5425786284438201,0.01344424302302041,-0.16541353383458646,0.48583770427733797,FALSE,0.7,3.6317129912965926,Liaoning,0.985139664720586,0.9867239251522226
all_years,soil,macrolides,A. baumannii | Tigecycline,milk_output_2024,20,3,104,34,2,2006,2020,-0.03780779134018599,0.8742594917001092,-0.1849624060150376,0.43498614362285215,0.3132637601270729,0.018907030492805205,0.43554575623894254,0.054921130935576906,0.1593984962406015,0.5020524593517319,FALSE,0.7,4.269776297705553,Tibet,0.985139664720586,0.9507920383745695
all_years,soil,sulfonamides,E. coli | Cefotaxime,grp_per_capita_2024,20,3,313,56,2,2006,2019,0.037679071419709734,0.8746843462911061,-0.08872180451127819,0.7099206278927331,0.22138678024989444,0.059746349446122726,0.5425786284438201,0.01344424302302041,-0.10075187969924812,0.6725564354857816,FALSE,0.85,3.520952201054197,Liaoning,0.985139664720586,0.9729669155213013
all_years,sludge,diaminopyrimidines,S. aureus | Nitrofurantoin,freshwater_aquatic_products_2024,13,3,19,17,1,2010,2017,0.037565979010055546,0.903025996940408,-0.010989010989010988,0.971577682777073,0.8019823386358851,0,-0.5288133968338589,0.06315863753009365,-0.33516483516483514,0.2629431403593601,TRUE,0.6923076923076923,6.74961297534636,Hunan,0.9899546881468818,0.9881783805943072
all_years,surface water,sulfonamides,K. pneumoniae | Meropenem,hospital_beds_2024,14,3,49,15,1,2013,2024,-0.03736263736263736,0.8990930969739667,-0.12967032967032965,0.658619276321178,0.07898257926378309,0.18961038961038862,-0.35384615384615387,0.21453987088124624,0.6131868131868132,0.01970633192603887,TRUE,0.7857142857142857,6.441176470588236,Tibet,0.9891233300558958,0.9729669155213013
all_years,sludge,sulfonamides,A. baumannii | Ciprofloxacin,hospitals_count_2024,16,3,143,28,1,2005,2017,-0.0368438063091806,0.8922439689304297,-0.1676470588235294,0.5348568245819432,0.6133729962850374,0,0.3070317192431717,0.24738910127380673,0.2735294117647059,0.3053231563074056,FALSE,0.6875,3.2914643965279113,Fujian,0.9875757470591389,0.9606462350922552
all_years,sludge,sulfonamides,S. aureus | Tetracycline,milk_output_2024,16,3,143,28,1,2005,2017,-0.0368438063091806,0.8922439689304297,0.0058823529411764705,0.9827505044191351,0.6133729962850374,0,-0.024562537539453734,0.928054318697964,-0.5235294117647059,0.03741264813014948,FALSE,0.8125,4.824130252430736,Guangdong,0.9875757470591389,0.9937334112633365
all_years,sediment,fluoroquinolones,A. baumannii | Cefotaxime,urban_env_infra_investment_2024,23,3,950,128,2,2007,2025,-0.03656126482213439,0.8684573099373583,0.1709486166007905,0.4354567315349366,0.025862178954528397,0.2654973649538867,-0.3616600790513834,0.08994509168798827,0.46936758893280633,0.023848867774015653,TRUE,0.782608695652174,3.8030888030888037,Qinghai,0.985139664720586,0.9507920383745695
all_years,wastewater influent,fluoroquinolones,E. coli | Tigecycline,freshwater_aquatic_products_2024,11,3,44,12,1,2016,2024,0.03636363636363637,0.9154683168905347,-0.18181818181818182,0.5926152128455,0.07495187103951058,0.3977272727272725,-0.39090909090909093,0.2345400670951944,-0.5727272727272728,0.06554305260101853,TRUE,0.6363636363636364,5.833333333333333,Beijing,0.9916666251018126,0.9606462350922552
all_years,wastewater influent,fluoroquinolones,K. pneumoniae | Polymyxin B,freshwater_aquatic_products_2024,11,3,44,12,1,2016,2024,0.03636363636363637,0.9154683168905347,-0.05454545454545454,0.8734465775233152,0.07495187103951058,0.3977272727272725,-0.39090909090909093,0.2345400670951944,0.38181818181818183,0.24655957577897017,FALSE,0.7272727272727273,5.166666666666665,Heilongjiang,0.9916666251018126,0.9842154623604513
all_years,soil,sulfonamides,P. aeruginosa | Ceftazidime,sewage_pipe_length_2024,20,3,313,56,2,2006,2019,0.036171908562921344,0.8796613342037847,-0.09924812030075188,0.6771888443218219,0.22138678024989444,0.059746349446122726,0.5516216055845504,0.011689585959119946,0.19398496240601504,0.4125038246613568,TRUE,0.75,4.01502770959414,Liaoning,0.985139664720586,0.9729669155213013
all_years,soil,diaminopyrimidines,K. pneumoniae | Ampicillin,freshwater_aquatic_products_2024,8,3,9,8,1,2008,2015,-0.036147201953390995,0.9322830115259055,-0.40476190476190477,0.31988864122881633,0.24103244438393973,0.07490909090909051,0.44581549075848886,0.26825005020123793,0.7142857142857143,0.04652823228416723,FALSE,0.375,11.46206364544132,Hubei,0.9916666251018126,0.918259018349724
all_years,soil,diaminopyrimidines,S. aureus | Clindamycin,milk_output_2024,8,3,9,8,1,2008,2015,-0.036147201953390995,0.9322830115259055,0.02380952380952381,0.9553740118158807,0.24103244438393973,0.07490909090909051,-0.5542570966186618,0.1539883457589951,0.40476190476190477,0.3198886412288162,TRUE,0.625,10.55846209025616,Hebei,0.9916666251018126,0.9867239251522226
all_years,sediment,diaminopyrimidines,P. aeruginosa | Tobramycin,total_aquatic_products_2024,18,3,122,45,2,2008,2020,-0.03611971104231166,0.8868532969155283,-0.0608875128998968,0.8103299008966282,0.01039862314664235,0.47547758284600455,-0.28586171310629516,0.2501695935454812,-0.37461300309597523,0.12560824850361213,FALSE,0.7222222222222222,4.5964285714285715,Chongqing,0.9864316653082615,0.9842154623604513
all_years,sediment,sulfonamides,P. aeruginosa | Piperacillin,total_aquatic_products_2024,24,3,1061,135,2,2008,2025,0.036094804071363645,0.8670222090058429,-0.02695652173913043,0.9004982689028825,0.0015521231748156271,0.520774428109915,-0.36747119807593104,0.07730622585656055,-0.1608695652173913,0.452690747765674,TRUE,0.8333333333333334,3.1221878020920024,Hainan,0.985139664720586,0.9842154623604513
all_years,sediment,sulfonamides,S. aureus | Cefoxitin,grp_2024,24,3,1061,135,2,2008,2025,-0.036094804071363645,0.8670222090058433,-0.007826086956521738,0.9710483085120964,0.0015521231748156271,0.520774428109915,-0.23961731377495624,0.2594293755011346,0.52,0.009197719807264294,TRUE,0.7916666666666666,3.4223655488755913,Tibet,0.985139664720586,0.9881783805943072
all_years,soil,fluoroquinolones,K. pneumoniae | Cefazolin,sewage_disposal_capacity_2024,23,3,318,64,2,2006,2020,-0.03609395306649459,0.8701247096672687,-0.09090909090909091,0.679952898665358,0.9845108143090242,0,-0.2793573079804033,0.196731172213068,0.31620553359683795,0.14158261779089343,TRUE,0.7391304347826086,3.8850581053767947,Tibet,0.985139664720586,0.9729669155213013
all_years,sediment,beta-lactams,A. baumannii | Cefotaxime,WastewaterHealthIndex,7,3,34,15,1,2012,2018,-0.035714285714285705,0.9394082054712853,NA,NA,0.8983973213480706,0,0.14547859349066158,0.7556330131047917,0.34551165954032126,0.44781621524693216,FALSE,0.7142857142857143,12.600000000000003,Jiangxi,0.9916666251018126,NA
all_years,sediment,beta-lactams,E. coli | Imipenem,EconomicScaleIndex,7,3,34,15,1,2012,2018,-0.035714285714285705,0.9394082054712853,NA,NA,0.8983973213480706,0,-0.14285714285714285,0.7599453002180931,0.5714285714285714,0.18020198891152778,TRUE,0.5714285714285714,9.800000000000004,Shanghai,0.9916666251018126,NA
all_years,sediment,beta-lactams,K. pneumoniae | Ceftazidime,EconomicScaleIndex,7,3,34,15,1,2012,2018,-0.035714285714285705,0.9394082054712853,NA,NA,0.8983973213480706,0,-0.14285714285714285,0.7599453002180931,0.5714285714285714,0.18020198891152778,TRUE,0.5714285714285714,9.800000000000004,Shanghai,0.9916666251018126,NA
all_years,sediment,beta-lactams,S. aureus | Penicillin G,EconomicScaleIndex,7,3,34,15,1,2012,2018,-0.035714285714285705,0.9394082054712853,NA,NA,0.8983973213480706,0,-0.14285714285714285,0.7599453002180931,-0.8571428571428571,0.013697326615325696,FALSE,0.5714285714285714,7.800000000000003,Shaanxi,0.9916666251018126,NA
all_years,surface water,diaminopyrimidines,K. pneumoniae | Ertapenem,LivestockAquacultureIndex,7,2,9,8,1,2018,2024,-0.035714285714285705,0.9394082054712853,NA,NA,NA,NA,-0.5714285714285714,0.18020198891152778,0.32142857142857145,0.48207203829967765,TRUE,0.8571428571428571,16.200000000000003,Tibet,0.9916666251018126,NA
all_years,surface water,diaminopyrimidines,P. aeruginosa | Cefepime,LivestockAquacultureIndex,7,2,9,8,1,2018,2024,-0.035714285714285705,0.9394082054712853,NA,NA,NA,NA,-0.5714285714285714,0.18020198891152778,0.32142857142857145,0.48207203829967765,TRUE,0.8571428571428571,16.200000000000003,Tibet,0.9916666251018126,NA
all_years,surface water,diaminopyrimidines,S. aureus | Gentamicin,LivestockAquacultureIndex,7,2,9,8,1,2018,2024,-0.035714285714285705,0.9394082054712853,NA,NA,NA,NA,-0.5714285714285714,0.18020198891152778,0.5714285714285714,0.18020198891152778,TRUE,0.5714285714285714,9.800000000000004,Hubei,0.9916666251018126,NA
all_years,sediment,beta-lactams,A. baumannii | Gentamicin,WastewaterHealthIndex,7,3,34,15,1,2012,2018,0.035714285714285705,0.9394082054712856,NA,NA,0.8983973213480706,0,0.14547859349066158,0.7556330131047917,0.27277236279499045,0.5539606519328917,TRUE,0.42857142857142855,17.400000000000006,Hubei,0.9916666251018126,NA
all_years,sediment,beta-lactams,E. coli | Ceftazidime,LivestockAquacultureIndex,7,3,34,15,1,2012,2018,0.035714285714285705,0.9394082054712856,NA,NA,0.8983973213480706,0,-0.14285714285714285,0.7599453002180931,-0.35714285714285715,0.4316113520383278,TRUE,0.42857142857142855,7.800000000000003,Shanghai,0.9916666251018126,NA
all_years,sediment,beta-lactams,K. pneumoniae | Cefotetan,LivestockAquacultureIndex,7,3,34,15,1,2012,2018,0.035714285714285705,0.9394082054712856,NA,NA,0.8983973213480706,0,-0.14285714285714285,0.7599453002180931,-0.6428571428571429,0.1193923734274112,TRUE,0.42857142857142855,9.800000000000004,Hubei,0.9916666251018126,NA
all_years,sediment,beta-lactams,K. pneumoniae | Chloramphenicol,EconomicScaleIndex,7,3,34,15,1,2012,2018,0.035714285714285705,0.9394082054712856,NA,NA,0.8983973213480706,0,-0.14285714285714285,0.7599453002180931,0.6428571428571429,0.11939237342741121,FALSE,0.42857142857142855,11.000000000000002,Shaanxi,0.9916666251018126,NA
all_years,sediment,beta-lactams,K. pneumoniae | Trimethoprim/Sulfamethoxazole,EconomicScaleIndex,7,3,34,15,1,2012,2018,0.035714285714285705,0.9394082054712856,NA,NA,0.8983973213480706,0,-0.14285714285714285,0.7599453002180931,0.6428571428571429,0.11939237342741121,FALSE,0.5714285714285714,7.800000000000003,Shanghai,0.9916666251018126,NA
all_years,sediment,beta-lactams,P. aeruginosa | Ciprofloxacin,LivestockAquacultureIndex,7,3,34,15,1,2012,2018,0.035714285714285705,0.9394082054712856,NA,NA,0.8983973213480706,0,-0.14285714285714285,0.7599453002180931,-0.39285714285714285,0.38331687042697266,TRUE,0.42857142857142855,11.000000000000002,Shanghai,0.9916666251018126,NA
all_years,sediment,beta-lactams,S. aureus | Nitrofurantoin,WastewaterHealthIndex,7,3,34,15,1,2012,2018,0.035714285714285705,0.9394082054712856,NA,NA,0.8983973213480706,0,0.14547859349066158,0.7556330131047917,-0.38188130791298663,0.39791732527399215,FALSE,0.7142857142857143,16.200000000000003,Jiangxi,0.9916666251018126,NA
all_years,sediment,macrolides,E. coli | Tigecycline,total_aquatic_products_2024,23,3,430,93,2,2008,2025,-0.03557312252964427,0.871983698281857,-0.037549407114624504,0.8649333446053347,0.003177020108859277,0.4751811594202898,-0.43478260869565216,0.03814605716443817,-0.15316205533596838,0.4853582092057993,FALSE,0.8695652173913043,3.8730158730158735,Guangdong,0.985139664720586,0.9842154623604513
all_years,sludge,fluoroquinolones,E. coli | Levofloxacin,milk_output_2024,16,3,149,31,2,2005,2017,-0.035556531056757594,0.8959894660527461,0.008823529411764706,0.9741279946623943,0.06923543109736396,0.25696039035591295,-0.3022305139824395,0.2552382704186771,0.75,8.197640272555872e-4,TRUE,0.8125,4.040580515317736,Heilongjiang,0.9875757470591389,0.9890031032596562
all_years,soil,fluoroquinolones,A. baumannii | Ceftriaxone,hospitals_count_2024,23,3,318,64,2,2006,2020,0.03510507764001528,0.8736548396439325,0.13537549407114624,0.5379749676391852,0.9845108143090242,0,-0.5305316663061466,0.00920503544877101,0.1956521739130435,0.3709586113629685,FALSE,0.782608695652174,3.4109304904183224,Ningxia,0.985139664720586,0.9606462350922552
all_years,soil,tetracyclines,E. coli | Trimethoprim/Sulfamethoxazole,grp_per_capita_2024,24,3,312,68,2,2007,2022,-0.03478260869565217,0.8718168719786574,-0.09478260869565215,0.6595430787691359,0.48567178524771265,0,0.20782608695652174,0.3298186178055177,-0.7626086956521739,1.4760221055011374e-5,TRUE,0.6666666666666666,3.232954545454546,Liaoning,0.985139664720586,0.9729669155213013
all_years,soil,tetracyclines,K. pneumoniae | Cefoxitin,grp_2024,24,3,312,68,2,2007,2022,0.03478260869565217,0.8718168719786574,0.17130434782608692,0.42350313678440454,0.48567178524771265,0,-0.15130434782608695,0.4803459029793672,0.6426086956521739,7.085884504465797e-4,FALSE,0.7916666666666666,2.6761363636363638,Beijing,0.985139664720586,0.9479489788776115
all_years,sludge,diaminopyrimidines,E. coli | Trimethoprim/Sulfamethoxazole,large_animals_year_end_2024,13,3,19,17,1,2010,2017,-0.03467628831697435,0.9104575229972318,0.32967032967032966,0.2713350545052358,0.8019823386358851,0,-0.18205051366411537,0.5516672453462366,0.8186813186813187,6.209883849300365e-4,TRUE,0.6923076923076923,5.135110272149201,Gansu,0.9913217357785766,0.8969656318280155
all_years,sediment,tetracyclines,E. coli | Cefotaxime,milk_output_2024,23,3,693,129,2,2004,2025,-0.03459352712477681,0.8754819139272998,0.08300395256916997,0.7065268792142227,0.06310630550908343,0.17629345855989417,-0.30343465220875665,0.15927575726801604,0.44861660079051385,0.03178338134331046,TRUE,0.8260869565217391,4.273655594544863,Qinghai,0.985139664720586,0.9729669155213013
all_years,sediment,fluoroquinolones,K. pneumoniae | Ertapenem,grp_2024,23,3,950,128,2,2007,2025,-0.03458498023715415,0.8755124455826622,0.1007905138339921,0.647249508462432,0.025862178954528397,0.2654973649538867,-0.32707509881422925,0.12766439967393878,0.40711462450592883,0.05385026270864839,TRUE,0.6956521739130435,4.175510204081634,Qinghai,0.985139664720586,0.9729669155213013
all_years,sediment,sulfonamides,P. aeruginosa | Polymyxin B,large_animals_year_end_2024,24,3,1061,135,2,2008,2025,0.03435529544141841,0.8733791965209302,0.0017391304347826083,0.9935650421080595,0.0015521231748156271,0.520774428109915,0.3309415168470811,0.1141958009148479,-0.12608695652173912,0.5571544076689685,FALSE,0.7083333333333334,3.588743686075128,Chongqing,0.985139664720586,0.9962526787072509
all_years,soil,macrolides,A. baumannii | Imipenem,milk_output_2024,20,3,104,34,2,2006,2020,0.034027012206167384,0.886751715493361,-0.045112781954887216,0.8502061902084868,0.3132637601270729,0.018907030492805205,0.43554575623894254,0.054921130935576906,0.2796992481203007,0.23234786067734575,TRUE,0.7,4.473145799453229,Tianjin,0.9864316653082615,0.9842154623604513
all_years,sediment,fluoroquinolones,K. pneumoniae | Ampicillin,urban_env_infra_investment_2024,23,3,950,128,2,2007,2025,0.03359683794466403,0.8790434876667224,0.09486166007905138,0.6668004750731932,0.025862178954528397,0.2654973649538867,-0.3616600790513834,0.08994509168798827,0.3092885375494071,0.1509829289558702,FALSE,0.7391304347826086,3.739495798319328,Qinghai,0.985139664720586,0.9729669155213013
all_years,sediment,fluoroquinolones,K. pneumoniae | Aztreonam,grp_2024,23,3,950,128,2,2007,2025,-0.03359683794466403,0.8790434876667224,0.09486166007905138,0.6668004750731932,0.025862178954528397,0.2654973649538867,-0.32707509881422925,0.12766439967393878,0.6057312252964426,0.0021901983438907214,TRUE,0.782608695652174,4.226890756302522,Qinghai,0.985139664720586,0.9729669155213013
all_years,sediment,macrolides,K. pneumoniae | Ampicillin,freshwater_aquatic_products_2024,23,3,430,93,2,2008,2025,-0.03359683794466403,0.8790434876667224,0.16798418972332016,0.44357751168209536,0.003177020108859277,0.4751811594202898,-0.4901185770750988,0.017589302048693578,0.3715415019762846,0.08088157371504431,TRUE,0.6956521739130435,3.3193277310924376,Fujian,0.985139664720586,0.9535880891790752
all_years,wastewater influent,sulfonamides,K. pneumoniae | Imipenem,freshwater_aquatic_products_2024,9,3,30,9,1,2016,2024,-0.03333333333333333,0.9321567355405038,0.05,0.89835280435063,0.8007374029168087,0,-0.6333333333333333,0.06708578689234561,0.38333333333333336,0.3084952723803716,TRUE,0.6666666666666666,12.428571428571429,Shanxi,0.9916666251018126,0.9842154623604513
all_years,wastewater influent,sulfonamides,K. pneumoniae | Nitrofurantoin,freshwater_aquatic_products_2024,9,3,30,9,1,2016,2024,-0.03333333333333333,0.9321567355405038,0.05,0.89835280435063,0.8007374029168087,0,-0.6333333333333333,0.06708578689234561,0.55,0.12497678418833179,TRUE,0.5555555555555556,8.285714285714288,Henan,0.9916666251018126,0.9842154623604513
all_years,wastewater influent,sulfonamides,K. pneumoniae | Trimethoprim/Sulfamethoxazole,freshwater_aquatic_products_2024,9,3,30,9,1,2016,2024,-0.03333333333333333,0.9321567355405038,0.16666666666666666,0.6682310400715041,0.8007374029168087,0,-0.6333333333333333,0.06708578689234561,0.5,0.17047066078705375,TRUE,0.7777777777777778,12.428571428571429,Shanxi,0.9916666251018126,0.9729669155213013
all_years,wastewater influent,sulfonamides,K. pneumoniae | Ertapenem,freshwater_aquatic_products_2024,9,3,30,9,1,2016,2024,0.03333333333333333,0.932156735540504,0.13333333333333333,0.7323675052362975,0.8007374029168087,0,-0.6333333333333333,0.06708578689234561,0.3,0.43284532670948195,FALSE,0.5555555555555556,13.285714285714288,Shanxi,0.9916666251018126,0.9729669155213013
all_years,soil,macrolides,K. pneumoniae | Gentamicin,EconomicScaleIndex,20,3,104,34,2,2006,2020,-0.033270856379363674,0.8892533427883754,-0.07669172932330827,0.7479334475419401,0.3132637601270729,0.018907030492805205,0.1483181013783609,0.5325906529127041,0.519939951552485,0.018779803348920435,FALSE,0.8,4.874897235917294,Tibet,0.9869952063452109,0.9751218136611995
all_years,sediment,lincosamides,K. pneumoniae | Ceftriaxone,EconomicScaleIndex,13,3,26,22,1,2010,2018,-0.03301241087284377,0.914739660218673,-0.2197802197802198,0.4706148514721422,0.2592759711301179,0.06997245179063301,0.2066115702479339,0.4982454329898226,0.6272358065840317,0.021752500035364438,FALSE,0.6153846153846154,5.880621664937501,Zhejiang,0.9916666251018126,0.9606462350922552
all_years,wastewater effluent,fluoroquinolones,K. pneumoniae | Cefotetan,freshwater_aquatic_products_2024,13,3,34,15,1,2016,2024,-0.03296703296703297,0.9148564744875122,-0.049450549450549455,0.8725444288811492,0.28932970799328467,0.04803767660910481,-0.6978021978021978,0.00800071741122648,0.07692307692307693,0.8027630076692552,TRUE,0.46153846153846156,8.545454545454547,Beijing,0.9916666251018126,0.9842154623604513
all_years,wastewater effluent,fluoroquinolones,K. pneumoniae | Ceftazidime,freshwater_aquatic_products_2024,13,3,34,15,1,2016,2024,-0.03296703296703297,0.9148564744875122,0.021978021978021976,0.9431862416608072,0.28932970799328467,0.04803767660910481,-0.6978021978021978,0.00800071741122648,0.31868131868131866,0.28858316144472024,TRUE,0.5384615384615384,8.545454545454547,Beijing,0.9916666251018126,0.9867239251522226
all_years,wastewater effluent,fluoroquinolones,A. baumannii | Cefepime,freshwater_aquatic_products_2024,13,3,34,15,1,2016,2024,0.03296703296703297,0.9148564744875125,0.016483516483516484,0.9573761750901848,0.28932970799328467,0.04803767660910481,-0.6978021978021978,0.00800071741122648,0.16483516483516483,0.590478988652005,FALSE,0.6923076923076923,8.000000000000002,Zhejiang,0.9916666251018126,0.9867239251522226
all_years,soil,fluoroquinolones,A. baumannii | Levofloxacin,pork_output_2024,23,3,318,64,2,2006,2020,0.03263288907381703,0.8824902263797965,0.08498023715415019,0.6998508154199039,0.9845108143090242,0,-0.4212609316801834,0.04529455133056167,0.40711462450592883,0.05385026270864839,FALSE,0.7391304347826086,3.450688379709306,Tianjin,0.9864316653082615,0.9729669155213013
all_years,sludge,fluoroquinolones,P. aeruginosa | Gentamicin,milk_output_2024,16,3,149,31,2,2005,2017,-0.03259348680202779,0.9046185421113269,-0.10882352941176471,0.6882882939574138,0.06923543109736396,0.25696039035591295,-0.3022305139824395,0.2552382704186771,0.38529411764705884,0.1405441773736764,TRUE,0.6875,4.206430361607795,Gansu,0.9899546881468818,0.9729669155213013
all_years,soil,macrolides,P. aeruginosa | Amikacin,milk_output_2024,20,3,104,34,2,2006,2020,0.03251470055255995,0.8917559783750632,0.07669172932330827,0.7479334475419401,0.3132637601270729,0.018907030492805205,0.43554575623894254,0.054921130935576906,0.30526315789473685,0.19060938739632305,TRUE,0.7,3.6418887828493984,Tianjin,0.9875757470591389,0.9751218136611995
all_years,soil,tetracyclines,K. pneumoniae | Ceftazidime,grp_2024,24,3,312,68,2,2007,2022,-0.032173913043478254,0.8813617120284876,0.13826086956521735,0.5193911494591457,0.48567178524771265,0,-0.15130434782608695,0.4803459029793672,0.6452173913043479,6.629805741159052e-4,TRUE,0.8333333333333334,3.2383292383292392,Beijing,0.9859114630198387,0.9606462350922552
all_years,surface water,tetracyclines,P. aeruginosa | Ceftazidime,grp_per_capita_2024,15,2,42,17,1,2015,2024,0.03214285714285714,0.9094621170945906,0.07142857142857141,0.8002959873970545,1,0,-0.49642857142857144,0.059797413749923985,0.35714285714285715,0.19127476343157898,FALSE,0.6,3.9914529914529915,Jilin,0.9910381130521659,0.983307725959879
all_years,sludge,tetracyclines,S. aureus | Trimethoprim/Sulfamethoxazole,grp_2024,14,3,77,19,2,2004,2020,-0.03202563076101742,0.913453629994998,-0.17362637362637362,0.5527669411422413,0.30098512187415105,0.03648989898989916,0.2516299559794226,0.38549252799635003,-0.4725274725274725,0.087967424612542,TRUE,0.6428571428571429,5.85752278582737,Hebei,0.9916666251018126,0.9606462350922552
all_years,sediment,diaminopyrimidines,K. pneumoniae | Tobramycin,grp_2024,18,3,122,45,2,2008,2020,0.03199174406604747,0.899718678288882,0.09803921568627451,0.6987424830235279,0.01039862314664235,0.47547758284600455,-0.32507739938080493,0.18808478142236898,0.30030959752321984,0.2259599242270976,FALSE,0.6111111111111112,4.899193548387098,Tianjin,0.9892137282287463,0.9729669155213013
all_years,sludge,diaminopyrimidines,E. coli | Cefepime,pork_output_2024,13,3,19,17,1,2010,2017,0.03178659762389315,0.917895762139542,-0.25824175824175827,0.39428401739736163,0.8019823386358851,0,-0.7166432918841367,0.005846431266760286,-0.1043956043956044,0.7343037452877024,TRUE,0.7692307692307693,6.636082163888262,Beijing,0.9916666251018126,0.9479489788776115
all_years,soil,macrolides,E. coli | Aztreonam,milk_output_2024,20,3,104,34,2,2006,2020,0.03175854472575623,0.8942595996812508,0.07518796992481204,0.7527267095067718,0.3132637601270729,0.018907030492805205,0.43554575623894254,0.054921130935576906,0.42857142857142855,0.05937977468606561,TRUE,0.75,4.335024522347939,Liaoning,0.9875757470591389,0.9760417777324718
all_years,sediment,fluoroquinolones,K. pneumoniae | Cefotetan,grp_2024,23,3,950,128,2,2007,2025,-0.03162055335968379,0.8861121989269576,0.04743083003952569,0.8298409595078382,0.025862178954528397,0.2654973649538867,-0.32707509881422925,0.12766439967393878,0.4268774703557312,0.042208169996089256,TRUE,0.6956521739130435,4.625000000000002,Qinghai,0.9864316653082615,0.9842154623604513
all_years,soil,tetracyclines,E. coli | Amikacin,hospitals_count_2024,24,3,312,68,2,2007,2022,-0.03130434782608695,0.8845469556552938,0.07652173913043478,0.7222991032128185,0.48567178524771265,0,-0.35391304347826086,0.0897584560898227,0.4121739130434783,0.04534690802018237,TRUE,0.7916666666666666,2.893939393939394,Henan,0.9864316653082615,0.9729669155213013
all_years,soil,macrolides,A. baumannii | Ceftazidime,milk_output_2024,20,3,104,34,2,2006,2020,-0.031002388898952512,0.896764184111172,-0.09473684210526316,0.6911525963694352,0.3132637601270729,0.018907030492805205,0.43554575623894254,0.054921130935576906,0.21203007518796993,0.36948599387790193,FALSE,0.7,4.5017757484653345,Tianjin,0.9875757470591389,0.9729669155213013
all_years,soil,macrolides,P. aeruginosa | Levofloxacin,milk_output_2024,20,3,104,34,2,2006,2020,-0.031002388898952512,0.896764184111172,-0.16390977443609023,0.4898669433807741,0.3132637601270729,0.018907030492805205,0.43554575623894254,0.054921130935576906,0.4105263157894737,0.07218723053142051,FALSE,0.75,5.243873417753724,Tibet,0.9875757470591389,0.9606462350922552
all_years,soil,macrolides,P. aeruginosa | Polymyxin B,milk_output_2024,20,3,104,34,2,2006,2020,-0.031002388898952512,0.896764184111172,0.06917293233082707,0.7719854265259409,0.3132637601270729,0.018907030492805205,0.43554575623894254,0.054921130935576906,-0.12781954887218044,0.5912462398946647,TRUE,0.8,5.243873417753724,Tibet,0.9875757470591389,0.9760848906711721
all_years,sludge,sulfonamides,P. aeruginosa | Ceftazidime,grp_per_capita_2024,16,3,143,28,1,2005,2017,-0.030703171924317162,0.9101288703718851,-0.3911764705882353,0.13407128619725525,0.6133729962850374,0,-0.3162426708204668,0.23275560389798974,0.47058823529411764,0.06581947250108118,TRUE,0.625,5.866343034444659,Heilongjiang,0.9913217357785766,0.8234711270505317
all_years,soil,phenicols,E. coli | Cefazolin,milk_output_2024,10,3,22,13,1,2007,2016,0.03067715595699244,0.9329568385993041,0.2848484848484848,0.42503815489214547,0.17609777149412834,0.11860744297719157,-0.7301163117764201,0.01650624549810055,0.44242424242424244,0.20042268671194216,FALSE,0.5,7.183555965183723,Henan,0.9916666251018126,0.9479489788776115
all_years,soil,phenicols,E. coli | Cefotetan,milk_output_2024,10,3,22,13,1,2007,2016,-0.03067715595699244,0.9329568385993041,0.3454545454545454,0.32822651147136733,0.17609777149412834,0.11860744297719157,-0.7301163117764201,0.01650624549810055,0.45454545454545453,0.18690481034933193,TRUE,0.6,8.946442788149492,Shanghai,0.9916666251018126,0.921151822516418
all_years,sediment,fluoroquinolones,E. coli | Chloramphenicol,total_aquatic_products_2024,23,3,950,128,2,2007,2025,0.030632411067193676,0.889649739201041,0.028656126482213436,0.8967308659954059,0.025862178954528397,0.2654973649538867,-0.24209486166007904,0.2657271000486687,0.4733201581027668,0.02253600780036339,FALSE,0.6521739130434783,4.6958525345622135,Tianjin,0.9869952063452109,0.9842154623604513
all_years,soil,macrolides,S. aureus | Penicillin G,large_animals_year_end_2024,20,3,104,34,2,2006,2020,0.030246233072148788,0.899269709045998,0.061654135338345864,0.7962393511384775,0.3132637601270729,0.018907030492805205,0.19281973583494852,0.4153713579000935,0.6992481203007519,6.016416290038294e-4,TRUE,0.75,5.3791646844270815,Tibet,0.9891233300558958,0.9799202460692253
all_years,sediment,diaminopyrimidines,E. coli | Cefotaxime,milk_output_2024,18,3,122,45,2,2008,2020,0.029927760577915376,0.9061604960497216,0.034055727554179564,0.8932828188388962,0.01039862314664235,0.47547758284600455,-0.07327141382868937,0.7726309674360763,0.6553147574819401,0.003155846896477448,FALSE,0.7222222222222222,6.0775862068965525,Zhejiang,0.9899546881468818,0.9842154623604513
all_years,sediment,diaminopyrimidines,K. pneumoniae | Cefuroxime,grp_2024,18,3,122,45,2,2008,2020,0.029927760577915376,0.9061604960497216,0.02786377708978328,0.9126078919940869,0.01039862314664235,0.47547758284600455,-0.32507739938080493,0.18808478142236898,0.3395252837977296,0.16807083488832167,FALSE,0.6666666666666666,5.224137931034484,Chongqing,0.9899546881468818,0.9842154623604513
all_years,sludge,fluoroquinolones,S. aureus | Tetracycline,milk_output_2024,16,3,149,31,2,2005,2017,-0.02963044254729799,0.9132576349040489,-0.09999999999999999,0.712516370128278,0.06923543109736396,0.25696039035591295,-0.3022305139824395,0.2552382704186771,-0.6147058823529412,0.011279474063305026,FALSE,0.6875,6.229798486346507,Tianjin,0.9916666251018126,0.9729669155213013
all_years,soil,tetracyclines,S. aureus | Ciprofloxacin,urban_share_2024,24,3,312,68,2,2007,2022,-0.02956521739130434,0.8909226043767046,-0.21304347826086953,0.31754525245129084,0.48567178524771265,0,0.25043478260869567,0.23787902276971334,0.5295652173913044,0.00778458960234077,FALSE,0.7083333333333334,3.8743315508021396,Hainan,0.9875757470591389,0.9180513702300525
all_years,sludge,macrolides,K. pneumoniae | Ceftriaxone,sewage_pipe_length_2024,14,3,77,25,1,2005,2017,0.02892318856127098,0.9218130794674061,0.06813186813186813,0.8169838797817922,0.8556343441410651,0,0.4204986644677089,0.13436459633396483,0.5384615384615384,0.046976145859555195,TRUE,0.5,8.548848020390702,Beijing,0.9916666251018126,0.9842154623604513
all_years,sludge,diaminopyrimidines,S. aureus | Rifampicin,hogs_year_end_2024,13,3,19,17,1,2010,2017,-0.02889690693081196,0.9253401590860034,0.06043956043956044,0.8445023706449684,0.8019823386358851,0,-0.7050845291118119,0.007106491488108418,0.13736263736263737,0.6545168402947127,TRUE,0.3076923076923077,10.107778597996449,Beijing,0.9916666251018126,0.9842154623604513
all_years,sediment,fluoroquinolones,E. coli | Imipenem,urban_env_infra_investment_2024,23,3,950,128,2,2007,2025,0.028656126482213436,0.8967308659954059,0.14624505928853757,0.5055081139657104,0.025862178954528397,0.2654973649538867,-0.3616600790513834,0.08994509168798827,0.45652173913043476,0.02854513452470051,FALSE,0.8260869565217391,4.3694581280788185,Qinghai,0.9875757470591389,0.9606462350922552
all_years,wastewater effluent,sulfonamides,K. pneumoniae | Aztreonam,LivestockAquacultureIndex,6,2,13,7,1,2018,2022,0.028571428571428574,0.9571545189504373,NA,NA,NA,NA,0.3188740696088466,0.5379005604702051,-0.6667366910003157,0.14808979944035283,FALSE,0.3333333333333333,16.499999999999993,Shandong,0.9942886933827185,NA
all_years,wastewater effluent,sulfonamides,K. pneumoniae | Tobramycin,LivestockAquacultureIndex,6,2,13,7,1,2018,2022,0.028571428571428574,0.9571545189504373,NA,NA,NA,NA,0.3188740696088466,0.5379005604702051,-0.6667366910003157,0.14808979944035283,FALSE,0.3333333333333333,16.499999999999993,Shandong,0.9942886933827185,NA
all_years,wastewater effluent,sulfonamides,K. pneumoniae | Polymyxin B,EconomicScaleIndex,6,2,13,7,1,2018,2022,0.028571428571428574,0.9571545189504373,NA,NA,NA,NA,-0.20291986247835694,0.699797968157019,-0.7247137945655605,0.10324280462370772,TRUE,0.16666666666666666,26.99999999999999,Shandong,0.9942886933827185,NA
all_years,wastewater effluent,sulfonamides,K. pneumoniae | Ertapenem,LivestockAquacultureIndex,6,2,13,7,1,2018,2022,-0.028571428571428574,0.9571545189504375,NA,NA,NA,NA,0.3188740696088466,0.5379005604702051,-0.6377481392176932,0.1730711102412599,TRUE,0.6666666666666666,25.499999999999993,Shandong,0.9942886933827185,NA
all_years,surface water,macrolides,S. aureus | Tetracycline,urban_env_infra_investment_2024,14,3,42,16,1,2015,2023,0.02857142857142857,0.9227613765698746,-0.05054945054945055,0.8637420361792152,0.006641885476426646,0.5788497217068641,-0.4725274725274725,0.087967424612542,-0.34065934065934067,0.23331605103682326,TRUE,0.7857142857142857,6.384615384615385,Guangdong,0.9916666251018126,0.9842154623604513
all_years,surface water,sulfonamides,P. aeruginosa | Meropenem,chemical_fertilizers_2024,14,3,49,15,1,2013,2024,0.02857142857142857,0.9227613765698746,-0.30549450549450546,0.28816988587545705,0.07898257926378309,0.18961038961038862,-0.4153846153846154,0.1396659475175257,0.24835164835164836,0.3919195389384572,FALSE,0.5714285714285714,9,Tibet,0.9916666251018126,0.8969656318280155
all_years,surface water,tetracyclines,A. baumannii | Imipenem,grp_per_capita_2024,15,2,42,17,1,2015,2024,0.028571428571428564,0.9194899083821857,0.017857142857142853,0.9496353041738619,1,0,-0.49642857142857144,0.059797413749923985,0.5107142857142857,0.051725498368269236,FALSE,0.6666666666666666,7.846153846153848,Henan,0.9916666251018126,0.9867239251522226
all_years,soil,macrolides,A. baumannii | Levofloxacin,sewage_pipe_length_2024,20,3,104,34,2,2006,2020,-0.027977765591737633,0.9067917003570789,-0.2075187969924812,0.37999323699324683,0.3132637601270729,0.018907030492805205,0.18525817756691132,0.43423906769221143,0.3398496240601504,0.14263670537136702,FALSE,0.75,5.101178804508952,Tianjin,0.9899546881468818,0.941610697038996
all_years,sediment,macrolides,K. pneumoniae | Polymyxin B,freshwater_aquatic_products_2024,22,3,430,93,2,2008,2025,-0.027667984189723327,0.9027231587747128,-0.0728402032749859,0.7473495204277638,0.003177020108859277,0.4751811594202898,-0.4409937888198758,0.03993999904430389,0.313382269904009,0.1555607519365607,TRUE,0.7272727272727273,4.6795918367346925,Guangdong,0.9899546881468818,0.9751218136611995
all_years,sludge,sulfonamides,A. baumannii | Gentamicin,hospitals_count_2024,16,3,143,28,1,2005,2017,0.027632854731885446,0.9190870285977436,-0.15,0.5792486306642537,0.6133729962850374,0,0.3070317192431717,0.24738910127380673,0.47058823529411764,0.06581947250108118,TRUE,0.6875,3.8609762643519407,Fujian,0.9916666251018126,0.9606462350922552
all_years,sediment,lincosamides,E. coli | Trimethoprim/Sulfamethoxazole,large_animals_year_end_2024,13,3,26,22,1,2010,2018,0.027510342394036477,0.9289142380210818,0.3131868131868132,0.2974384220710292,0.2592759711301179,0.06997245179063301,-0.327373074489034,0.27488966062773995,0.7142857142857143,0.006088305245824148,FALSE,0.6153846153846154,8.384592779992394,Guangxi,0.9916666251018126,0.905525855618665
all_years,wastewater effluent,fluoroquinolones,A. baumannii | Amikacin,total_aquatic_products_2024,13,3,34,15,1,2016,2024,-0.027472527472527476,0.9290117291603512,0.2857142857142857,0.34400021825867,0.28932970799328467,0.04803767660910481,-0.6758241758241759,0.011225245577668611,0.4010989010989011,0.17435746494503282,TRUE,0.46153846153846156,10.2,Zhejiang,0.9916666251018126,0.9268335373285431
all_years,wastewater effluent,fluoroquinolones,A. baumannii | Gentamicin,freshwater_aquatic_products_2024,13,3,34,15,1,2016,2024,-0.027472527472527476,0.9290117291603512,0.07692307692307693,0.8027630076692552,0.28932970799328467,0.04803767660910481,-0.6978021978021978,0.00800071741122648,0.34065934065934067,0.2547064607541252,TRUE,0.38461538461538464,10.2,Zhejiang,0.9916666251018126,0.9842154623604513
all_years,wastewater effluent,fluoroquinolones,E. coli | Cefepime,population_2024,13,3,34,15,1,2016,2024,-0.027472527472527476,0.9290117291603512,0.005494505494505494,0.9857869107140623,0.28932970799328467,0.04803767660910481,-0.6043956043956044,0.02867270567140693,-0.2802197802197802,0.3537636356336794,FALSE,0.6153846153846154,5.836363636363637,Sichuan,0.9916666251018126,0.9945807279372029
all_years,wastewater effluent,fluoroquinolones,P. aeruginosa | Gentamicin,freshwater_aquatic_products_2024,13,3,34,15,1,2016,2024,-0.027472527472527476,0.9290117291603512,-0.049450549450549455,0.8725444288811492,0.28932970799328467,0.04803767660910481,-0.6978021978021978,0.00800071741122648,0.14285714285714285,0.6415164215860886,TRUE,0.6923076923076923,7.909090909090908,Beijing,0.9916666251018126,0.9842154623604513
all_years,sludge,tetracyclines,P. aeruginosa | Imipenem,urban_share_2024,14,3,77,19,2,2004,2020,0.02745054065230065,0.9257837685796614,0.17362637362637362,0.5527669411422413,0.30098512187415105,0.03648989898989916,-0.21274169005533006,0.46525822108730286,0.6571428571428571,0.010661967747329802,FALSE,0.7142857142857143,5.588691274690164,Shanghai,0.9916666251018126,0.9606462350922552
all_years,wastewater influent,fluoroquinolones,E. coli | Ampicillin,hospitals_count_2024,11,3,44,12,1,2016,2024,0.02727272727272727,0.9365584481926124,0.3,0.37008312228206763,0.07495187103951058,0.3977272727272725,-0.18181818181818182,0.5926152128455,0.7,0.01647097883651441,FALSE,0.5454545454545454,9.888888888888888,Beijing,0.9916666251018126,0.9332530909721706
all_years,wastewater influent,fluoroquinolones,K. pneumoniae | Ceftazidime,large_animals_year_end_2024,11,3,44,12,1,2016,2024,0.02727272727272727,0.9365584481926124,0.20909090909090908,0.5372209352113229,0.07495187103951058,0.3977272727272725,0.15454545454545454,0.65003396549758,-0.6272727272727273,0.03884525362035334,FALSE,0.7272727272727273,11.88888888888889,Beijing,0.9916666251018126,0.9606462350922552
all_years,soil,tetracyclines,A. baumannii | Gentamicin,population_2024,24,3,312,68,2,2007,2022,0.02695652173913043,0.9004982689028822,0.17739130434782607,0.40696255139715654,0.48567178524771265,0,-0.31217391304347825,0.1375180295921436,0.4573913043478261,0.024624404496205652,FALSE,0.75,3.7492668621700886,Liaoning,0.9895126042395535,0.9479489788776115
all_years,soil,fluoroquinolones,K. pneumoniae | Cefuroxime,grp_per_capita_2024,23,3,318,64,2,2006,2020,0.026699636514941203,0.9037485849165001,-0.06719367588932806,0.7606531611384718,0.9845108143090242,0,0.41433880369482834,0.04933753133495683,0.3685770750988142,0.08352519372717142,TRUE,0.6956521739130435,4.058737462280921,Ningxia,0.9899546881468818,0.9760848906711721
all_years,sludge,macrolides,K. pneumoniae | Cefuroxime,sewage_pipe_length_2024,14,3,77,25,1,2005,2017,0.026698327902711677,0.9278125792970614,0.041758241758241756,0.8872869731890638,0.8556343441410651,0,0.4204986644677089,0.13436459633396483,0.5384615384615384,0.046976145859555195,TRUE,0.6428571428571429,9.762548400086827,Beijing,0.9916666251018126,0.9842154623604513
all_years,sediment,macrolides,K. pneumoniae | Cefazolin,grp_2024,23,3,430,93,2,2008,2025,0.026679841897233204,0.9038196225649725,0.06324110671936758,0.7743673538441517,0.003177020108859277,0.4751811594202898,-0.37351778656126483,0.07915444117090965,0.283596837944664,0.18973853053259201,FALSE,0.782608695652174,5.042328042328043,Tibet,0.9899546881468818,0.9760848906711721
all_years,soil,tetracyclines,K. pneumoniae | Ciprofloxacin,grp_2024,24,3,312,68,2,2007,2022,-0.026086956521739126,0.9036932177412649,0.03043478260869565,0.8877339355759604,0.48567178524771265,0,-0.15130434782608695,0.4803459029793672,0.688695652173913,1.9842330475024696e-4,TRUE,0.75,3.575757575757576,Henan,0.9899546881468818,0.9842154623604513
all_years,sludge,diaminopyrimidines,K. pneumoniae | Tigecycline,LivestockAquacultureIndex,13,3,19,17,1,2010,2017,0.026007216237730762,0.932790157476223,-0.20329670329670332,0.5053147342962486,0.8019823386358851,0,-0.5981659734678076,0.030812525172913465,-0.19230769230769232,0.5290679872349876,TRUE,0.6923076923076923,11.485487571391356,Hunan,0.9916666251018126,0.9606462350922552
all_years,sludge,diaminopyrimidines,S. aureus | Penicillin G,urban_share_2024,13,3,19,17,1,2010,2017,0.026007216237730762,0.932790157476223,0.20329670329670332,0.5053147342962482,0.8019823386358851,0,0.19071958574335895,0.5325404019517954,-0.7142857142857143,0.006088305245824114,FALSE,0.7692307692307693,8.615260543485299,Beijing,0.9916666251018126,0.9606462350922552
all_years,sediment,diaminopyrimidines,K. pneumoniae | Amikacin,grp_2024,18,3,122,45,2,2008,2020,-0.02579979360165119,0.9190604851409846,0.009287925696594427,0.9708223763257615,0.01039862314664235,0.47547758284600455,-0.32507739938080493,0.18808478142236898,0.4241486068111455,0.07938890239460483,TRUE,0.7222222222222222,4.895000000000001,Chongqing,0.9916666251018126,0.9881783805943072
all_years,sediment,macrolides,S. aureus | Amikacin,urban_env_infra_investment_2024,23,3,430,93,2,2008,2025,0.025691699604743084,0.9073666997030374,0.21442687747035571,0.3258543777239412,0.003177020108859277,0.4751811594202898,-0.30335968379446643,0.1593839875761121,0.3715415019762846,0.08088157371504431,FALSE,0.6956521739130435,3.5934065934065944,Tianjin,0.9899546881468818,0.921151822516418
all_years,soil,sulfonamides,K. pneumoniae | Tigecycline,grp_per_capita_2024,20,3,313,56,2,2006,2019,0.02562176856540262,0.9146120182806513,-0.22255639097744362,0.34562063374685437,0.22138678024989444,0.059746349446122726,0.5425786284438201,0.01344424302302041,0.38345864661654133,0.09512441358281773,TRUE,0.75,5.388016052111396,Jilin,0.9916666251018126,0.9268335373285431
all_years,soil,tetracyclines,A. baumannii | Imipenem,population_2024,24,3,312,68,2,2007,2022,0.025217391304347823,0.9068896173989751,0.06782608695652173,0.7528351863688201,0.48567178524771265,0,-0.31217391304347825,0.1375180295921436,0.36695652173913046,0.07775361602859569,FALSE,0.7916666666666666,3.899686520376176,Zhejiang,0.9899546881468818,0.9760417777324718
all_years,sludge,tetracyclines,P. aeruginosa | Cefepime,urban_env_infra_investment_2024,14,3,77,19,2,2004,2020,-0.025162995597942262,0.9319548134512707,0.1032967032967033,0.725282211088945,0.30098512187415105,0.03648989898989916,0.19444132962046295,0.505343650997514,0.367032967032967,0.1967388717074883,FALSE,0.5,8.301950764507458,Hebei,0.9916666251018126,0.9729669155213013
all_years,surface water,tetracyclines,S. aureus | Oxacillin,grp_per_capita_2024,15,2,42,17,1,2015,2024,0.024999999999999994,0.9295289708192378,0.08214285714285713,0.7710285652881776,1,0,-0.49642857142857144,0.059797413749923985,0.2571428571428571,0.35486036365060913,FALSE,0.6,6.120879120879123,Jilin,0.9916666251018126,0.9760848906711721
all_years,sediment,sulfonamides,K. pneumoniae | Cefazolin,grp_2024,24,3,1061,135,2,2008,2025,-0.02478799797671961,0.9084685274288252,-0.04521739130434781,0.8338234219848104,0.0015521231748156271,0.520774428109915,-0.23961731377495624,0.2594293755011346,0.29739130434782607,0.158154260595396,TRUE,0.75,4.64211310507516,Tibet,0.9903555450588285,0.9842154623604513
all_years,sludge,sulfonamides,K. pneumoniae | Tigecycline,grp_per_capita_2024,16,3,143,28,1,2005,2017,0.02456253753945373,0.9280543186979644,0.4029411764705882,0.12174576295254323,0.6133729962850374,0,-0.3162426708204668,0.23275560389798974,0.6264705882352941,0.009413977306783658,FALSE,0.5,6.824130252430738,Heilongjiang,0.9916666251018126,0.8138668527285788
all_years,sludge,macrolides,E. coli | Meropenem,sewage_pipe_length_2024,14,3,77,25,1,2005,2017,-0.024473467244152367,0.933815646429441,0.0945054945054945,0.7479382611415478,0.8556343441410651,0,0.4204986644677089,0.13436459633396483,0.6131868131868132,0.01970633192603887,FALSE,0.7142857142857143,10.119193701750534,Beijing,0.9916666251018126,0.9751218136611995
all_years,sediment,diaminopyrimidines,E. coli | Ceftriaxone,urban_env_infra_investment_2024,18,3,122,45,2,2008,2020,-0.023735810113519093,0.9255178937138385,0.13519091847265222,0.5927498112228585,0.01039862314664235,0.47547758284600455,-0.22807017543859648,0.3627002084947104,0.434468524251806,0.0715970112602686,TRUE,0.7222222222222222,6.369565217391305,Tianjin,0.9916666251018126,0.9606462350922552
all_years,soil,tetracyclines,E. coli | Meropenem,grp_2024,24,3,312,68,2,2007,2022,-0.023478260869565216,0.9132865779270148,0.13739130434782607,0.5220471463273302,0.48567178524771265,0,-0.15130434782608695,0.4803459029793672,0.662608695652174,4.18691439708758e-4,TRUE,0.7083333333333334,4.8299663299663305,Hainan,0.9916666251018126,0.9606462350922552
all_years,sediment,tetracyclines,K. pneumoniae | Cefuroxime,grp_2024,23,3,693,129,2,2004,2025,-0.023227082498064433,0.9162211138117241,0.08498023715415019,0.6998508154199039,0.06310630550908343,0.17629345855989417,-0.29701014002844095,0.1687385708187329,0.5938735177865613,0.0028107323985247733,TRUE,0.782608695652174,6.2950904081050085,Qinghai,0.9916666251018126,0.9729669155213013
all_years,sludge,diaminopyrimidines,S. aureus | Tetracycline,pork_output_2024,13,3,19,17,1,2010,2017,-0.023117525544649565,0.940245199968124,-0.3516483516483516,0.23869970534203355,0.8019823386358851,0,-0.7166432918841367,0.005846431266760286,-0.31868131868131866,0.28858316144472024,FALSE,0.6153846153846154,8.103811894067498,Guangdong,0.9917251874517131,0.8756506136724482
all_years,sediment,sulfonamides,P. aeruginosa | Aztreonam,large_animals_year_end_2024,24,3,1061,135,2,2008,2025,-0.022613612189288066,0.9164689439623468,-0.013913043478260867,0.9485530177017849,0.0015521231748156271,0.520774428109915,0.3309415168470811,0.1141958009148479,-0.21565217391304348,0.31151444912851084,TRUE,0.7083333333333334,5.599846085265277,Hainan,0.9916666251018126,0.9867239251522226
all_years,soil,tetracyclines,K. pneumoniae | Levofloxacin,grp_2024,24,3,312,68,2,2007,2022,-0.022608695652173907,0.9164870430337827,0.04347826086956521,0.8401329841149334,0.48567178524771265,0,-0.15130434782608695,0.4803459029793672,0.6930434782608695,1.739207807186821e-4,TRUE,0.7083333333333334,4.452797202797203,Hainan,0.9916666251018126,0.9842154623604513
all_years,sludge,macrolides,A. baumannii | Tigecycline,sewage_pipe_length_2024,14,3,77,25,1,2005,2017,-0.022248606585593064,0.9398219850798046,0.03296703296703296,0.9109186530718452,0.8556343441410651,0,0.4204986644677089,0.13436459633396483,0.4021978021978022,0.15397442954140356,FALSE,0.6428571428571429,9.526446111136748,Beijing,0.9916666251018126,0.9842154623604513
all_years,sediment,lincosamides,K. pneumoniae | Cefuroxime,EconomicScaleIndex,13,3,26,22,1,2010,2018,-0.02200827391522918,0.9431081531400504,-0.016483516483516484,0.957376175090185,0.2592759711301179,0.06997245179063301,0.2066115702479339,0.4982454329898226,0.6767544228932972,0.011071551812544388,FALSE,0.6153846153846154,8.957535323267667,Zhejiang,0.9939674439307212,0.9867239251522226
all_years,sediment,tetracyclines,E. coli | Gentamicin,milk_output_2024,23,3,693,129,2,2004,2025,-0.021744502764145426,0.9215521572239767,0.05731225296442687,0.7950603500142361,0.06310630550908343,0.17629345855989417,-0.30343465220875665,0.15927575726801604,0.516798418972332,0.01156963491205538,TRUE,0.6956521739130435,4.246867889970979,Henan,0.9916666251018126,0.9799202460692253
all_years,sediment,fluoroquinolones,K. pneumoniae | Meropenem,grp_2024,23,3,950,128,2,2007,2025,-0.021739130434782608,0.9215714810608435,0.11660079051383399,0.5962323605575823,0.025862178954528397,0.2654973649538867,-0.32707509881422925,0.12766439967393878,0.6215415019762845,0.0015464515864157707,TRUE,0.6521739130434783,6.558441558441562,Qinghai,0.9916666251018126,0.9606462350922552
all_years,sediment,macrolides,K. pneumoniae | Cefuroxime,grp_2024,23,3,430,93,2,2008,2025,-0.021739130434782608,0.9215714810608435,0.06818181818181818,0.7572353005557557,0.003177020108859277,0.4751811594202898,-0.37351778656126483,0.07915444117090965,0.39920948616600793,0.05914702396023527,TRUE,0.6521739130434783,4.792207792207793,Tibet,0.9916666251018126,0.9760848906711721
all_years,sediment,fluoroquinolones,E. coli | Cefepime,urban_env_infra_investment_2024,23,3,950,128,2,2007,2025,0.021739130434782608,0.9215714810608446,0.043478260869565216,0.8438440075057314,0.025862178954528397,0.2654973649538867,-0.3616600790513834,0.08994509168798827,0.29150197628458496,0.1771570817691434,FALSE,0.6956521739130435,6.714285714285717,Tianjin,0.9916666251018126,0.9842154623604513
all_years,soil,tetracyclines,A. baumannii | Ceftazidime,population_2024,24,3,312,68,2,2007,2022,-0.021739130434782605,0.9196887674366269,0.07478260869565216,0.7283751615575547,0.48567178524771265,0,-0.31217391304347825,0.1375180295921436,0.3826086956521739,0.06499969935694083,TRUE,0.7083333333333334,4.818181818181818,Zhejiang,0.9916666251018126,0.9729669155213013
all_years,sediment,diaminopyrimidines,P. aeruginosa | Gentamicin,milk_output_2024,18,3,122,45,2,2008,2020,-0.021671826625386997,0.9319797351987381,-0.034055727554179564,0.8932828188388962,0.01039862314664235,0.47547758284600455,-0.07327141382868937,0.7726309674360763,0.49226006191950467,0.03796502128315256,TRUE,0.7222222222222222,7.672619047619048,Chongqing,0.9916666251018126,0.9842154623604513
all_years,sludge,sulfonamides,P. aeruginosa | Gentamicin,milk_output_2024,16,3,143,28,1,2005,2017,-0.021492220347022015,0.9370297325310308,-0.1323529411764706,0.6251064291516133,0.6133729962850374,0,-0.024562537539453734,0.928054318697964,0.4676470588235294,0.067760850190154015,TRUE,0.375,9.159385101984444,Gansu,0.9916666251018126,0.9643538787526716
all_years,sludge,sulfonamides,E. coli | Tigecycline,freshwater_aquatic_products_2024,16,3,143,28,1,2005,2017,0.021492220347022015,0.9370297325310314,-0.044117647058823525,0.8711220048065983,0.6133729962850374,0,0.036843806309180605,0.8922439689304293,-0.5882352941176471,0.016539722195378106,FALSE,0.6875,8.882281544643105,Gansu,0.9916666251018126,0.9842154623604513
all_years,sediment,tetracyclines,P. aeruginosa | Gentamicin,milk_output_2024,23,3,693,129,2,2004,2025,-0.02125030951950576,0.9233299088142669,0.028656126482213436,0.8967308659954059,0.06310630550908343,0.17629345855989417,-0.30343465220875665,0.15927575726801604,0.3725296442687747,0.08001450088085135,TRUE,0.6956521739130435,6.070017076134014,Qinghai,0.9916666251018126,0.9842154623604513
all_years,sediment,macrolides,P. aeruginosa | Polymyxin B,freshwater_aquatic_products_2024,23,3,430,93,2,2008,2025,-0.020750988142292492,0.9251264681656184,-0.009881422924901186,0.9643083438096371,0.003177020108859277,0.4751811594202898,-0.4901185770750988,0.017589302048693578,0.191699604743083,0.3808902686961456,TRUE,0.8260869565217391,5.761904761904763,Tibet,0.9916666251018126,0.9878914858209675
all_years,soil,tetracyclines,K. pneumoniae | Cefazolin,population_2024,24,3,312,68,2,2007,2022,0.019999999999999997,0.926095802025471,0.03130434782608695,0.8845469556552951,0.48567178524771265,0,-0.31217391304347825,0.1375180295921436,0.33565217391304347,0.10882666589446961,FALSE,0.75,5.594861660079053,Zhejiang,0.9916666251018126,0.9842154623604513
all_years,sediment,phenicols,S. aureus | Penicillin G,urban_share_2024,14,3,58,25,1,2006,2020,0.01978021978021978,0.9464892274080113,-0.11208791208791208,0.7028331631967694,0.20022103787458767,0.11060606060606078,-0.46813186813186813,0.0913763650683315,-0.5868131868131868,0.027384375531087794,TRUE,0.5714285714285714,12.388888888888891,Guizhou,0.9942886933827185,0.9729669155213013
all_years,surface water,macrolides,S. aureus | Erythromycin,freshwater_aquatic_products_2024,14,3,42,16,1,2015,2023,0.01978021978021978,0.9464892274080113,0.1956043956043956,0.5027500912969567,0.006641885476426646,0.5788497217068641,-0.4153846153846154,0.1396659475175257,-0.512087912087912,0.061198486156458405,TRUE,0.42857142857142855,10.944444444444445,Guangdong,0.9942886933827185,0.9606462350922552
all_years,surface water,macrolides,E. coli | Ceftriaxone,total_aquatic_products_2024,14,3,42,16,1,2015,2023,-0.01978021978021978,0.9464892274080117,0.10769230769230768,0.7140308087262495,0.006641885476426646,0.5788497217068641,-0.35824175824175825,0.208498124790767,-0.4021978021978022,0.1539744295414041,FALSE,0.6428571428571429,12.888888888888891,Tibet,0.9942886933827185,0.9729669155213013
all_years,surface water,sulfonamides,P. aeruginosa | Gentamicin,chemical_fertilizers_2024,14,3,49,15,1,2013,2024,-0.01978021978021978,0.9464892274080117,0.024175824175824177,0.9346189946036425,0.07898257926378309,0.18961038961038862,-0.4153846153846154,0.1396659475175257,0.46373626373626375,0.09487633150889964,TRUE,0.7142857142857143,12.388888888888891,Tibet,0.9942886933827185,0.9853330220901917
all_years,sediment,diaminopyrimidines,S. aureus | Nitrofurantoin,grp_2024,18,3,122,45,2,2008,2020,0.0196078431372549,0.9384456264028493,-0.04850361197110423,0.8484303601629731,0.01039862314664235,0.47547758284600455,-0.32507739938080493,0.18808478142236898,-0.434468524251806,0.07159701126026873,TRUE,0.5555555555555556,9.375,Zhejiang,0.9916666251018126,0.9842154623604513
all_years,sediment,tetracyclines,K. pneumoniae | Ampicillin,urban_env_infra_investment_2024,23,3,693,129,2,2004,2025,0.019273536540947083,0.9304443823918476,0.08695652173913043,0.6931961750829252,0.06310630550908343,0.17629345855989417,-0.35334816991736323,0.09813788776686909,0.3092885375494071,0.1509829289558702,FALSE,0.6956521739130435,7.271283702967535,Qinghai,0.9916666251018126,0.9729669155213013
all_years,sediment,macrolides,K. pneumoniae | Cefotaxime,grp_2024,23,3,430,93,2,2008,2025,0.018774703557312252,0.9322405344278781,0.049407114624505935,0.8228578988707851,0.003177020108859277,0.4751811594202898,-0.37351778656126483,0.07915444117090965,0.34980237154150196,0.10179594567782947,FALSE,0.7391304347826086,5.962406015037596,Guangdong,0.9916666251018126,0.9842154623604513
all_years,soil,phenicols,A. baumannii | Aztreonam,hospitals_count_2024,10,3,22,13,1,2007,2016,-0.018406293574195463,0.9597498710616377,0.13939393939393938,0.7009318849100583,0.17609777149412834,0.11860744297719157,-0.7423871741592171,0.01392776805646452,0.34545454545454546,0.32822651147136733,TRUE,0.7,11.456765955512537,Henan,0.9942886933827185,0.9729669155213013
all_years,sediment,sulfonamides,E. coli | Polymyxin B,freshwater_aquatic_products_2024,23,3,1061,135,2,2008,2025,-0.018285150051667746,0.9340035847094221,-0.038537549407114624,0.8614118662219498,0.0015521231748156271,0.520774428109915,-0.2886088548695666,0.18169296295902326,0.22529644268774704,0.30132600343455657,TRUE,0.6086956521739131,7.834288762679955,Guangdong,0.9916666251018126,0.9842154623604513
all_years,soil,tetracyclines,S. aureus | Erythromycin,milk_output_2024,24,3,312,68,2,2007,2022,-0.01826086956521739,0.9325072970015156,-0.06434782608695651,0.7651539392008923,0.48567178524771265,0,0.029565217391304348,0.8909226043767046,0.7260869565217392,5.9048117637477506e-5,FALSE,0.6666666666666666,6.465367965367966,Hainan,0.9916666251018126,0.9760848906711721
all_years,wastewater influent,fluoroquinolones,A. baumannii | Meropenem,population_2024,11,3,44,12,1,2016,2024,0.018181818181818184,0.9576852410216187,-0.07272727272727274,0.831716405381337,0.07495187103951058,0.3977272727272725,-0.2545454545454545,0.45003657688882903,-0.3,0.37008312228206786,TRUE,0.7272727272727273,17.999999999999996,Zhejiang,0.9942886933827185,0.9842154623604513
all_years,wastewater influent,fluoroquinolones,K. pneumoniae | Tobramycin,large_animals_year_end_2024,11,3,44,12,1,2016,2024,0.018181818181818184,0.9576852410216187,0,1,0.07495187103951058,0.3977272727272725,0.15454545454545454,0.65003396549758,-0.6727272727272727,0.023313039833185997,FALSE,0.6363636363636364,17.999999999999996,Beijing,0.9942886933827185,1
all_years,wastewater effluent,macrolides,A. baumannii | Amikacin,freshwater_aquatic_products_2024,10,3,27,10,1,2018,2024,0.018181818181818177,0.9602404181286242,0.3454545454545454,0.32822651147136733,0.09424870603515988,0.3890909090909095,-0.4909090909090909,0.14965567342083683,0.5151515151515151,0.1275528697032343,FALSE,0.6,17.333333333333336,Guangdong,0.9942886933827185,0.921151822516418
all_years,wastewater effluent,macrolides,A. baumannii | Tigecycline,chemical_fertilizers_2024,10,3,27,10,1,2018,2024,0.018181818181818177,0.9602404181286242,0.13939393939393938,0.7009318849100583,0.09424870603515988,0.3890909090909095,0.5151515151515151,0.1275528697032343,0.5515151515151515,0.09840117666963506,TRUE,0.6,11.083333333333336,Shandong,0.9942886933827185,0.9729669155213013
all_years,wastewater effluent,macrolides,S. aureus | Amikacin,total_aquatic_products_2024,10,3,27,10,1,2018,2024,0.018181818181818177,0.9602404181286242,0.12727272727272726,0.7260570147627898,0.09424870603515988,0.3890909090909095,-0.3939393939393939,0.2599977668348876,-0.296969696969697,0.4047016712701569,TRUE,0.7,14.583333333333336,Xinjiang,0.9942886933827185,0.9729669155213013
all_years,wastewater effluent,macrolides,S. aureus | Ciprofloxacin,urban_share_2024,10,3,27,10,1,2018,2024,0.018181818181818177,0.9602404181286242,0.24848484848484845,0.48877630451924314,0.09424870603515988,0.3890909090909095,-0.23636363636363636,0.5108853175152004,0.9151515151515152,2.0447240614883307e-4,FALSE,0.5,13.833333333333337,Heilongjiang,0.9942886933827185,0.9606462350922552
all_years,wastewater effluent,macrolides,S. aureus | Levofloxacin,urban_share_2024,10,3,27,10,1,2018,2024,-0.018181818181818177,0.9602404181286244,0.26060606060606056,0.4670890543863403,0.09424870603515988,0.3890909090909095,-0.23636363636363636,0.5108853175152004,0.9030303030303031,3.43612197763281e-4,TRUE,0.5,13.66666666666667,Heilongjiang,0.9942886933827185,0.9606462350922552
all_years,soil,macrolides,E. coli | Ciprofloxacin,milk_output_2024,20,3,104,34,2,2006,2020,-0.018147739843289275,0.9394674787070018,-0.12330827067669173,0.604508830626885,0.3132637601270729,0.018907030492805205,0.43554575623894254,0.054921130935576906,0.518796992481203,0.01908839438419247,FALSE,0.75,9.077125973498834,Tibet,0.9916666251018126,0.9606462350922552
all_years,soil,sulfonamides,E. coli | Ciprofloxacin,freshwater_aquatic_products_2024,20,3,313,56,2,2006,2019,0.018085954281460672,0.939673206987369,-0.17293233082706766,0.46594008519241703,0.22138678024989444,0.059746349446122726,0.38131220276746247,0.09714763174216907,-0.37293233082706767,0.10534772296212691,FALSE,0.7,7.710868127806312,Liaoning,0.9916666251018126,0.9606462350922552
all_years,surface water,tetracyclines,A. baumannii | Meropenem,grp_per_capita_2024,15,2,42,17,1,2015,2024,0.017857142857142853,0.9496353041738619,-0.09999999999999998,0.7228973252791173,1,0,-0.49642857142857144,0.059797413749923985,0.4642857142857143,0.08125098075549496,FALSE,0.7333333333333333,12.692307692307695,Henan,0.9942886933827185,0.9729669155213013
all_years,sediment,fluoroquinolones,K. pneumoniae | Cefotaxime,grp_2024,23,3,950,128,2,2007,2025,-0.017786561264822136,0.9357994824312992,0.06027667984189724,0.7846962247332139,0.025862178954528397,0.2654973649538867,-0.32707509881422925,0.12766439967393878,0.49209486166007904,0.01707047157467211,TRUE,0.6521739130434783,7.603174603174605,Qinghai,0.9916666251018126,0.9790308110019469
all_years,sludge,fluoroquinolones,A. baumannii | Levofloxacin,sewage_pipe_length_2024,16,3,149,31,2,2005,2017,0.017778265528378797,0.9478960947721324,-0.5499999999999999,0.027293972709730743,0.06923543109736396,0.25696039035591295,0.5555707977618373,0.025461783832817764,0.5647058823529412,0.022663204844184645,TRUE,0.625,7.817683494421434,Tianjin,0.9942886933827185,0.5536685420358437
all_years,sediment,diaminopyrimidines,K. pneumoniae | Ciprofloxacin,grp_2024,18,3,122,45,2,2008,2020,-0.017543859649122806,0.9449151835129636,0.04437564499484004,0.8612061336731368,0.01039862314664235,0.47547758284600455,-0.32507739938080493,0.18808478142236898,0.41382868937048506,0.08778525139466078,TRUE,0.6111111111111112,10.500000000000002,Tianjin,0.9942886933827185,0.9842154623604513
all_years,sediment,diaminopyrimidines,K. pneumoniae | Gentamicin,grp_2024,18,3,122,45,2,2008,2020,-0.017543859649122806,0.9449151835129636,0.06707946336429309,0.7914253837974394,0.01039862314664235,0.47547758284600455,-0.32507739938080493,0.18808478142236898,0.3828689370485036,0.1168323230127675,TRUE,0.6666666666666666,8.404411764705884,Tianjin,0.9942886933827185,0.9799202460692253
all_years,sludge,diaminopyrimidines,K. pneumoniae | Ertapenem,hogs_year_end_2024,13,3,19,17,1,2010,2017,0.017338144158487175,0.9551681835659438,-0.2197802197802198,0.4706148514721422,0.8019823386358851,0,-0.7050845291118119,0.007106491488108418,-0.11538461538461539,0.7073898735142602,TRUE,0.6923076923076923,14.714492977785678,Gansu,0.9942886933827185,0.9606462350922552
all_years,sludge,diaminopyrimidines,K. pneumoniae | Imipenem,grp_per_capita_2024,13,3,19,17,1,2010,2017,-0.017338144158487175,0.9551681835659438,-0.24725274725274726,0.41540511972553806,0.8019823386358851,0,0.1502639160402222,0.6241398313903299,0.7307692307692307,0.004547733743967136,FALSE,0.6923076923076923,14.131288652670221,Gansu,0.9942886933827185,0.9479489788776115
all_years,wastewater influent,sulfonamides,K. pneumoniae | Polymyxin B,total_aquatic_products_2024,9,3,30,9,1,2016,2024,0.016666666666666666,0.966054803994686,0.08333333333333333,0.831214097710308,0.8007374029168087,0,-0.43333333333333335,0.2439524358800516,-0.3,0.4328453267094823,TRUE,0.5555555555555556,26.14285714285715,Guangdong,0.9948261956371396,0.9842154623604513
all_years,wastewater influent,sulfonamides,A. baumannii | Tigecycline,freshwater_aquatic_products_2024,9,3,30,9,1,2016,2024,-0.016666666666666666,0.9660548039946862,0.18333333333333332,0.6368198117628943,0.8007374029168087,0,-0.6333333333333333,0.06708578689234561,0.31666666666666665,0.4063970144863861,TRUE,0.7777777777777778,25.285714285714285,Shanxi,0.9948261956371396,0.9668683558667597
all_years,wastewater influent,sulfonamides,K. pneumoniae | Tobramycin,freshwater_aquatic_products_2024,9,3,30,9,1,2016,2024,-0.016666666666666666,0.9660548039946862,0.13333333333333333,0.7323675052362975,0.8007374029168087,0,-0.6333333333333333,0.06708578689234561,0.45,0.2242161074923369,TRUE,0.4444444444444444,25.285714285714285,Shanxi,0.9948261956371396,0.9729669155213013
all_years,sediment,lincosamides,P. aeruginosa | Gentamicin,chemical_fertilizers_2024,13,3,26,22,1,2010,2018,0.016506205436421884,0.9573175528802486,-0.021978021978021976,0.9431862416608074,0.2592759711301179,0.06997245179063301,-0.23933997882811733,0.4309595500618638,0.6208791208791209,0.02353816709643303,FALSE,0.38461538461538464,10.458850865505438,Zhejiang,0.9942886933827185,0.9867239251522226
all_years,wastewater effluent,fluoroquinolones,A. baumannii | Ceftazidime,freshwater_aquatic_products_2024,13,3,34,15,1,2016,2024,0.016483516483516484,0.9573761750901848,0.04395604395604395,0.8866190227890786,0.28932970799328467,0.04803767660910481,-0.6978021978021978,0.00800071741122648,0.2802197802197802,0.3537636356336791,FALSE,0.6153846153846154,16.272727272727273,Zhejiang,0.9942886933827185,0.9842154623604513
all_years,wastewater effluent,fluoroquinolones,A. baumannii | Imipenem,freshwater_aquatic_products_2024,13,3,34,15,1,2016,2024,-0.016483516483516484,0.957376175090185,0.1043956043956044,0.7343037452877028,0.28932970799328467,0.04803767660910481,-0.6978021978021978,0.00800071741122648,0.24175824175824176,0.42617551959450883,TRUE,0.5384615384615384,16.81818181818182,Zhejiang,0.9942886933827185,0.9729669155213013
all_years,sludge,tetracyclines,P. aeruginosa | Ceftazidime,WastewaterHealthIndex,14,3,77,19,2,2004,2020,-0.01601281538050871,0.9566713271065678,0.07692307692307693,0.7938058883554533,0.30098512187415105,0.03648989898989916,0.27740330061302765,0.3369525462308456,0.31057344062037234,0.27981800895530173,FALSE,0.5714285714285714,10.729973186283656,Hebei,0.9942886933827185,0.9799202460692253
all_years,soil,macrolides,E. coli | Levofloxacin,milk_output_2024,20,3,104,34,2,2006,2020,0.015879272362878116,0.9470231452132558,-0.07969924812030074,0.7383737490149302,0.3132637601270729,0.018907030492805205,0.43554575623894254,0.054921130935576906,0.5714285714285714,0.00848908569476669,TRUE,0.6,10.733380932242714,Tibet,0.9942886933827185,0.9733108509742262
all_years,soil,macrolides,K. pneumoniae | Levofloxacin,EconomicScaleIndex,20,3,104,34,2,2006,2020,-0.015879272362878116,0.9470231452132563,-0.09022556390977443,0.7052130308607131,0.3132637601270729,0.018907030492805205,0.1483181013783609,0.5325906529127041,0.5996991915880325,0.0051912563617475494,FALSE,0.8,10.397826433881606,Tibet,0.9942886933827185,0.9729669155213013
all_years,sediment,fluoroquinolones,A. baumannii | Cefepime,urban_env_infra_investment_2024,23,3,950,128,2,2007,2025,0.015810276679841896,0.9429208798247302,0.12845849802371542,0.559127274498743,0.025862178954528397,0.2654973649538867,-0.3616600790513834,0.08994509168798827,0.4189723320158103,0.046601538811272096,FALSE,0.6521739130434783,8.250000000000002,Qinghai,0.9939674439307212,0.9606462350922552
all_years,surface water,macrolides,E. coli | Cefepime,chemical_fertilizers_2024,14,3,42,16,1,2015,2023,-0.015384615384615384,0.9583697893719864,0.22637362637362637,0.4364347945560527,0.006641885476426646,0.5788497217068641,-0.512087912087912,0.061198486156458405,0.2175824175824176,0.4549193731700327,TRUE,0.5714285714285714,13.85714285714286,Henan,0.9942886933827185,0.9507920383745695
all_years,surface water,macrolides,E. coli | Cefotaxime,chemical_fertilizers_2024,14,3,42,16,1,2015,2023,-0.015384615384615384,0.9583697893719864,0.33186813186813185,0.24637718314961182,0.006641885476426646,0.5788497217068641,-0.512087912087912,0.061198486156458405,0.5252747252747253,0.053747501767883114,TRUE,0.6428571428571429,14.92857142857143,Henan,0.9942886933827185,0.8785296752720978
all_years,surface water,sulfonamides,E. coli | Ampicillin,hogs_year_end_2024,14,3,49,15,1,2013,2024,-0.015384615384615384,0.9583697893719864,0.11648351648351647,0.6916912502331573,0.07898257926378309,0.18961038961038862,-0.4461538461538462,0.10980712780122513,0.3934065934065934,0.16403157340077754,TRUE,0.7142857142857143,16.000000000000004,Tibet,0.9942886933827185,0.9729669155213013
all_years,surface water,sulfonamides,E. coli | Ceftazidime,chemical_fertilizers_2024,14,3,49,15,1,2013,2024,0.015384615384615384,0.9583697893719864,0.15604395604395604,0.594234700580851,0.07898257926378309,0.18961038961038862,-0.4153846153846154,0.1396659475175257,0.4901098901098901,0.07522006672685844,FALSE,0.2857142857142857,14.000000000000002,Guangdong,0.9942886933827185,0.9606462350922552
all_years,surface water,sulfonamides,K. pneumoniae | Amikacin,urban_env_infra_investment_2024,14,3,49,15,1,2013,2024,-0.015384615384615384,0.9583697893719864,-0.01978021978021978,0.9464892274080117,0.07898257926378309,0.18961038961038862,-0.35384615384615387,0.21453987088124624,0.6967032967032967,0.005628677002967555,TRUE,0.7142857142857143,16.000000000000004,Tibet,0.9942886933827185,0.9867239251522226
all_years,surface water,sulfonamides,P. aeruginosa | Cefepime,urban_env_infra_investment_2024,14,3,49,15,1,2013,2024,0.015384615384615384,0.9583697893719864,-0.26593406593406593,0.3581134003647861,0.07898257926378309,0.18961038961038862,-0.35384615384615387,0.21453987088124624,0.2879120879120879,0.3181928710258,FALSE,0.5714285714285714,16.5,Tibet,0.9942886933827185,0.9268335373285431
all_years,surface water,tetracyclines,A. baumannii | Polymyxin B,grp_per_capita_2024,14,2,42,17,1,2015,2024,0.015384615384615384,0.9583697893719864,-0.07692307692307693,0.7938058883554533,1,0,-0.512087912087912,0.061198486156458405,-0.5164835164835165,0.058637163441278554,TRUE,0.7857142857142857,16.000000000000004,Shandong,0.9942886933827185,0.9799202460692253
all_years,sludge,sulfonamides,E. coli | Imipenem,grp_per_capita_2024,16,3,143,28,1,2005,2017,-0.015351585962158581,0.9550008876394658,0.03529411764705882,0.8967532476935333,0.6133729962850374,0,-0.3162426708204668,0.23275560389798974,0.6294117647058823,0.008988089264446891,TRUE,0.625,9.544741088611442,Hebei,0.9942886933827185,0.9842154623604513
all_years,sludge,fluoroquinolones,A. baumannii | Tobramycin,sewage_disposal_capacity_2024,16,3,149,31,2,2005,2017,-0.014815221273648996,0.9565716937737032,-0.13529411764705881,0.617367408970642,0.06923543109736396,0.25696039035591295,0.41334467353480697,0.11152120896786284,0.29411764705882354,0.268846554622893,FALSE,0.5625,12.189336296369268,Gansu,0.9942886933827185,0.9617665833964134
all_years,sludge,fluoroquinolones,P. aeruginosa | Tobramycin,milk_output_2024,16,3,149,31,2,2005,2017,-0.014815221273648996,0.9565716937737032,-0.008823529411764706,0.9741279946623943,0.06923543109736396,0.25696039035591295,-0.3022305139824395,0.2552382704186771,0.4088235294117647,0.11588783814878352,TRUE,0.4375,6.49984241012922,Qinghai,0.9942886933827185,0.9890031032596562
all_years,surface water,tetracyclines,A. baumannii | Ciprofloxacin,grp_per_capita_2024,15,2,42,17,1,2015,2024,-0.014285714285714282,0.9596997645989476,-0.1714285714285714,0.541272176099633,1,0,-0.49642857142857144,0.059797413749923985,0.45714285714285713,0.08667812662416971,TRUE,0.4666666666666667,16.384615384615387,Henan,0.9942886933827185,0.9606462350922552
all_years,surface water,tetracyclines,A. baumannii | Tobramycin,urban_share_2024,15,2,42,17,1,2015,2024,-0.014285714285714282,0.9596997645989476,-0.22499999999999995,0.4201046869076348,1,0,-0.43214285714285716,0.10769303754639804,-0.25357142857142856,0.3618161038158896,FALSE,0.6666666666666666,16.384615384615387,Henan,0.9942886933827185,0.9479489788776115
all_years,soil,tetracyclines,E. coli | Polymyxin B,hospital_beds_2024,24,3,312,68,2,2007,2022,-0.013913043478260867,0.9485530177017849,-0.22782608695652173,0.28430742700718303,0.48567178524771265,0,-0.2843478260869565,0.17809498095312223,-0.4756521739130435,0.018811283888909375,FALSE,0.5833333333333334,7.321022727272728,Liaoning,0.9942886933827185,0.8969656318280155
all_years,sediment,lincosamides,K. pneumoniae | Ceftazidime,EconomicScaleIndex,13,3,26,22,1,2010,2018,0.013755171197018239,0.964426852758321,-0.13186813186813187,0.6676075762175147,0.2592759711301179,0.06997245179063301,0.2066115702479339,0.4982454329898226,0.7125178680055447,0.0062746544828943766,TRUE,0.5384615384615384,13.98669764757283,Guizhou,0.9942886933827185,0.9729669155213013
all_years,sediment,lincosamides,P. aeruginosa | Piperacillin,chemical_fertilizers_2024,13,3,26,22,1,2010,2018,0.013755171197018239,0.964426852758321,-0.038461538461538464,0.9007243023389335,0.2592759711301179,0.06997245179063301,-0.23933997882811733,0.4309595500618638,0.47802197802197804,0.09849011541638986,FALSE,0.7692307692307693,16.533108951018484,Guizhou,0.9942886933827185,0.9842154623604513
all_years,sludge,tetracyclines,E. coli | Nitrofurantoin,LivestockAquacultureIndex,14,3,77,19,2,2004,2020,0.013725270326150325,0.962856927212768,-0.059340659340659345,0.8403017626906826,0.30098512187415105,0.03648989898989916,0.44378374054552716,0.11193596059833444,0.22637362637362637,0.4364347945560527,TRUE,0.5714285714285714,18.895728322663526,Hebei,0.9942886933827185,0.9842154623604513
all_years,sludge,tetracyclines,P. aeruginosa | Aztreonam,urban_share_2024,14,3,77,19,2,2004,2020,0.013725270326150325,0.962856927212768,0.20439560439560442,0.4833462230422234,0.30098512187415105,0.03648989898989916,-0.21274169005533006,0.46525822108730286,0.5252747252747253,0.053747501767883114,FALSE,0.5,10.942002935375921,Liaoning,0.9942886933827185,0.9606462350922552
all_years,sludge,macrolides,K. pneumoniae | Levofloxacin,sewage_pipe_length_2024,14,3,77,25,1,2005,2017,-0.013349163951355839,0.9638741263096546,-0.024175824175824177,0.9346189946036427,0.8556343441410651,0,0.4204986644677089,0.13436459633396483,0.5428571428571428,0.04486396643924858,FALSE,0.6428571428571429,17.718521786542645,Beijing,0.9942886933827185,0.9853330220901917
all_years,sludge,macrolides,P. aeruginosa | Amikacin,milk_output_2024,14,3,77,25,1,2005,2017,0.013349163951355839,0.9638741263096546,-0.12527472527472527,0.6695823965448445,0.8556343441410651,0,-0.34262854141813315,0.23045006637631998,0.41098901098901097,0.14433266812460496,FALSE,0.5714285714285714,10.739706610846486,Qinghai,0.9942886933827185,0.9729669155213013
all_years,sediment,sulfonamides,E. coli | Ciprofloxacin,milk_output_2024,24,3,1061,135,2,2008,2025,0.013046314724589269,0.9517542093389684,0.04260869565217391,0.8432913759776877,0.0015521231748156271,0.520774428109915,0.20613177264851043,0.3338648970533443,0.6208695652173913,0.0012059039024496904,TRUE,0.5,10.439733214459812,Guangdong,0.9942886933827185,0.9842154623604513
all_years,soil,tetracyclines,E. coli | Tigecycline,population_2024,24,3,312,68,2,2007,2022,0.013043478260869563,0.9517646868003,0.07652173913043478,0.7222991032128185,0.48567178524771265,0,-0.31217391304347825,0.1375180295921436,-0.2808695652173913,0.18369366089868805,TRUE,0.7083333333333334,9.000000000000002,Jiangxi,0.9942886933827185,0.9729669155213013
all_years,soil,sulfonamides,S. aureus | Cefoxitin,sewage_pipe_length_2024,20,3,313,56,2,2006,2019,0.01281088428270131,0.9572499525671418,-0.33834586466165417,0.14452609966359906,0.22138678024989444,0.059746349446122726,0.5516216055845504,0.011689585959119946,0.6210526315789474,0.003472810272541158,TRUE,0.55,12.112796034895196,Liaoning,0.9942886933827185,0.8234711270505317
all_years,sediment,tetracyclines,K. pneumoniae | Chloramphenicol,grp_2024,23,3,693,129,2,2004,2025,0.011366444626712381,0.9589485530949686,0.06324110671936758,0.7743673538441517,0.06310630550908343,0.17629345855989417,-0.29701014002844095,0.1687385708187329,0.4268774703557312,0.042208169996089256,FALSE,0.782608695652174,12.428974972697846,Qinghai,0.9942886933827185,0.9760848906711721
all_years,sediment,diaminopyrimidines,A. baumannii | Ciprofloxacin,chemical_fertilizers_2024,18,3,122,45,2,2008,2020,0.011351909184726523,0.9643420040748254,-0.011351909184726523,0.9643420040748254,0.01039862314664235,0.47547758284600455,-0.24458204334365324,0.3280041243603068,0.3560371517027864,0.14702554764788858,FALSE,0.6111111111111112,16.704545454545457,Tianjin,0.9942886933827185,0.9878914858209675
all_years,sediment,diaminopyrimidines,K. pneumoniae | Ertapenem,total_aquatic_products_2024,18,3,122,45,2,2008,2020,-0.011351909184726523,0.9643420040748254,0.12487100103199174,0.62152591689147,0.01039862314664235,0.47547758284600455,-0.28586171310629516,0.2501695935454812,-0.3890608875128999,0.11054194705770348,FALSE,0.5555555555555556,10.011363636363638,Hainan,0.9942886933827185,0.9642670806230015
all_years,soil,sulfonamides,E. coli | Cefazolin,EconomicScaleIndex,20,3,313,56,2,2006,2019,0.01130372142591292,0.9622757147062141,-0.2421052631578947,0.30375506301143484,0.22138678024989444,0.059746349446122726,0.5737461236962149,0.008166765310944247,0.10613480607984613,0.6560679407423267,TRUE,0.65,12.071604005466204,Chongqing,0.9942886933827185,0.9122214762504753
all_years,sediment,phenicols,S. aureus | Nitrofurantoin,grp_per_capita_2024,14,3,58,25,1,2006,2020,-0.01098901098901099,0.9702583900969691,-0.39780219780219783,0.15895077451083486,0.20022103787458767,0.11060606060606078,-0.6263736263736264,0.016541935428871186,-0.578021978021978,0.030383014145237017,FALSE,0.42857142857142855,15.499999999999996,Guangdong,0.9972510968336608,0.8334416432151582
all_years,surface water,sulfonamides,E. coli | Gentamicin,milk_output_2024,14,3,49,15,1,2013,2024,-0.01098901098901099,0.9702583900969691,0.2087912087912088,0.4737788373098136,0.07898257926378309,0.18961038961038862,0.18681318681318682,0.5225040123791592,0.7142857142857143,0.004104409161880227,FALSE,0.5714285714285714,14.5,Shanxi,0.9972510968336608,0.9606462350922552
all_years,surface water,sulfonamides,E. coli | Tigecycline,hospital_beds_2024,14,3,49,15,1,2013,2024,0.01098901098901099,0.9702583900969691,-0.002197802197802198,0.9940505286658998,0.07898257926378309,0.18961038961038862,-0.35384615384615387,0.21453987088124624,-0.3274725274725275,0.2530710007719406,TRUE,0.35714285714285715,17,Guangdong,0.9972510968336608,0.9962526787072509
all_years,wastewater effluent,fluoroquinolones,E. coli | Cefuroxime,freshwater_aquatic_products_2024,13,3,34,15,1,2016,2024,0.010989010989010988,0.971577682777073,0.09890109890109891,0.7478683035983908,0.28932970799328467,0.04803767660910481,-0.6978021978021978,0.00800071741122648,0.13186813186813187,0.6676075762175147,FALSE,0.38461538461538464,19.36363636363637,Hainan,0.9977029632989004,0.9751218136611995
all_years,wastewater effluent,fluoroquinolones,K. pneumoniae | Trimethoprim/Sulfamethoxazole,total_aquatic_products_2024,13,3,34,15,1,2016,2024,-0.010989010989010988,0.971577682777073,0.2197802197802198,0.4706148514721423,0.28932970799328467,0.04803767660910481,-0.6758241758241759,0.011225245577668611,0.34065934065934067,0.2547064607541252,TRUE,0.5384615384615384,19.36363636363637,Zhejiang,0.9977029632989004,0.9606462350922552
all_years,sediment,macrolides,E. coli | Ciprofloxacin,milk_output_2024,23,3,430,93,2,2008,2025,0.010869565217391304,0.9607417268705642,0.1590909090909091,0.46841362885863025,0.003177020108859277,0.4751811594202898,0.21936758893280633,0.31456006390749924,0.6225296442687747,0.001512248628588473,TRUE,0.4782608695652174,13.181818181818185,Guangdong,0.9942886933827185,0.9606462350922552
all_years,sediment,macrolides,S. aureus | Levofloxacin,grp_2024,23,3,430,93,2,2008,2025,0.010869565217391304,0.9607417268705642,0.09288537549407114,0.6733651189007193,0.003177020108859277,0.4751811594202898,-0.37351778656126483,0.07915444117090965,0.5464426877470355,0.006979445684996814,FALSE,0.6521739130434783,8.636363636363638,Jilin,0.9942886933827185,0.9729669155213013
all_years,surface water,fluoroquinolones,S. aureus | Nitrofurantoin,milk_output_2024,15,3,77,21,1,2015,2024,0.010714285714285713,0.9697698761545686,-0.08214285714285713,0.7710285652881781,0.27743910513984715,0.014965986394557854,0.42857142857142855,0.11096021426087677,-0.2571428571428571,0.35486036365060913,FALSE,0.6,17.205128205128208,Jilin,0.9972510968336608,0.9760848906711721
all_years,soil,tetracyclines,E. coli | Ceftazidime,hospitals_count_2024,24,3,312,68,2,2007,2022,-0.010434782608695651,0.9614038727773804,0.07826086956521738,0.7162392905010877,0.48567178524771265,0,-0.35391304347826086,0.0897584560898227,0.34,0.10403796669819441,TRUE,0.5,11.78409090909091,Zhejiang,0.9942886933827185,0.9729669155213013
all_years,sludge,tetracyclines,A. baumannii | Tigecycline,grp_2024,14,3,77,19,2,2004,2020,0.00915018021743355,0.975233632316462,0.07692307692307693,0.7938058883554533,0.30098512187415105,0.03648989898989916,0.2516299559794226,0.38549252799635003,0.47692307692307695,0.08464843419468661,TRUE,0.6428571428571429,17.059934982057275,Chongqing,0.9977029632989004,0.9799202460692253
all_years,wastewater influent,fluoroquinolones,E. coli | Tobramycin,milk_output_2024,11,3,44,12,1,2016,2024,0.009090909090909092,0.9788365001441937,0.35454545454545455,0.28469274095588704,0.07495187103951058,0.3977272727272725,0.2909090909090909,0.38545696969136556,0.5181818181818182,0.10249153979096383,TRUE,0.5454545454545454,17.66666666666666,Hunan,0.9977029632989004,0.8969656318280155
all_years,wastewater influent,fluoroquinolones,K. pneumoniae | Cefotetan,chemical_fertilizers_2024,11,3,44,12,1,2016,2024,-0.009090909090909092,0.9788365001441937,0.3181818181818182,0.34029761418190374,0.07495187103951058,0.3977272727272725,-0.34545454545454546,0.2980892209030389,-0.5454545454545454,0.08265095734417509,FALSE,0.45454545454545453,36.999999999999986,Beijing,0.9977029632989004,0.9268335373285431
all_years,wastewater influent,fluoroquinolones,K. pneumoniae | Ciprofloxacin,large_animals_year_end_2024,11,3,44,12,1,2016,2024,0.009090909090909092,0.9788365001441937,0.11818181818181818,0.7292847795197801,0.07495187103951058,0.3977272727272725,0.15454545454545454,0.65003396549758,-0.7727272727272727,0.005299487178643858,FALSE,0.7272727272727273,36.33333333333332,Beijing,0.9977029632989004,0.9729669155213013
all_years,wastewater influent,fluoroquinolones,K. pneumoniae | Levofloxacin,large_animals_year_end_2024,11,3,44,12,1,2016,2024,-0.009090909090909092,0.9788365001441937,0.20909090909090908,0.5372209352113229,0.07495187103951058,0.3977272727272725,0.15454545454545454,0.65003396549758,-0.6727272727272727,0.023313039833185997,TRUE,0.5454545454545454,36.999999999999986,Beijing,0.9977029632989004,0.9606462350922552
all_years,sludge,macrolides,E. coli | Cefepime,freshwater_aquatic_products_2024,14,3,77,25,1,2005,2017,-0.008899442634237226,0.9759121104036548,-0.015384615384615384,0.9583697893719864,0.8556343441410651,0,0.5829134925425382,0.028685897723242478,0.14285714285714285,0.6261174762253239,FALSE,0.5,19.4948647263628,Beijing,0.9977029632989004,0.9867239251522226
all_years,sludge,macrolides,K. pneumoniae | Tobramycin,sewage_pipe_length_2024,14,3,77,25,1,2005,2017,0.008899442634237226,0.9759121104036548,0.15604395604395604,0.594234700580851,0.8556343441410651,0,0.4204986644677089,0.13436459633396483,0.5076923076923077,0.06383915813376853,TRUE,0.35714285714285715,27.21250551479071,Beijing,0.9977029632989004,0.9606462350922552
all_years,sludge,fluoroquinolones,E. coli | Cefazolin,milk_output_2024,16,3,149,31,2,2005,2017,0.008889132764189399,0.973935695666148,-0.08235294117647059,0.7617330787524743,0.06923543109736396,0.25696039035591295,-0.3022305139824395,0.2552382704186771,0.5558823529411765,0.025362176320607957,FALSE,0.6875,21.675947504160604,Jiangsu,0.9977029632989004,0.9760848906711721
all_years,soil,tetracyclines,S. aureus | Amikacin,urban_env_infra_investment_2024,24,3,312,68,2,2007,2022,0.008695652173913042,0.9678329941702692,0.03826086956521739,0.8591175903218995,0.48567178524771265,0,-0.1973913043478261,0.35520789041081746,0.3226086956521739,0.12416401155590813,FALSE,0.7083333333333334,13.272727272727275,Zhejiang,0.9962769409455023,0.9842154623604513
all_years,soil,sulfonamides,P. aeruginosa | Ciprofloxacin,EconomicScaleIndex,20,3,313,56,2,2006,2019,-0.008289395712336141,0.9723311674580103,-0.3593984962406015,0.1196325063290388,0.22138678024989444,0.059746349446122726,0.5737461236962149,0.008166765310944247,0.35453541605395406,0.12508867349782624,FALSE,0.6,16.06629682448215,Chongqing,0.9977029632989004,0.8138668527285788
all_years,sediment,lincosamides,A. baumannii | Cefotaxime,chemical_fertilizers_2024,13,3,26,22,1,2010,2018,0.008253102718210942,0.9786522347721123,-0.11538461538461539,0.7073898735142602,0.2592759711301179,0.06997245179063301,-0.23933997882811733,0.4309595500618638,0.5879120879120879,0.03458605834210783,FALSE,0.46153846153846156,21.49329984710327,Zhejiang,0.9977029632989004,0.9729669155213013
all_years,sediment,lincosamides,K. pneumoniae | Cefepime,EconomicScaleIndex,13,3,26,22,1,2010,2018,-0.008253102718210942,0.9786522347721123,-0.021978021978021976,0.9431862416608074,0.2592759711301179,0.06997245179063301,0.2066115702479339,0.4982454329898226,0.7510323473571957,0.0030866356604802854,FALSE,0.46153846153846156,29.13253375744023,Guizhou,0.9977029632989004,0.9867239251522226
all_years,sludge,fluoroquinolones,A. baumannii | Cefepime,sewage_pipe_length_2024,16,3,149,31,2,2005,2017,-0.007407610636824498,0.9782786976063569,-0.13529411764705881,0.617367408970642,0.06923543109736396,0.25696039035591295,0.5555707977618373,0.025461783832817764,0.3411764705882353,0.19593262486788898,FALSE,0.5,22.59490479886563,Jiangsu,0.9977029632989004,0.9617665833964134
all_years,sediment,diaminopyrimidines,E. coli | Imipenem,urban_share_2024,18,3,122,45,2,2008,2020,0.007223942208462332,0.9773044881689206,0.16821465428276572,0.5046325110850313,0.01039862314664235,0.47547758284600455,0.28586171310629516,0.2501695935454805,0.23219814241486067,0.3538383254251315,TRUE,0.6666666666666666,15.285714285714288,Chongqing,0.9977029632989004,0.9606462350922552
all_years,sediment,diaminopyrimidines,E. coli | Nitrofurantoin,large_animals_year_end_2024,18,3,122,45,2,2008,2020,-0.007223942208462332,0.9773044881689206,-0.04437564499484004,0.8612061336731368,0.01039862314664235,0.47547758284600455,0.13312693498452013,0.5984607651208831,0.5830753353973168,0.01109244361954168,FALSE,0.7777777777777778,25.76785714285715,Tianjin,0.9977029632989004,0.9842154623604513
all_years,surface water,fluoroquinolones,K. pneumoniae | Cefazolin,chemical_fertilizers_2024,15,3,77,21,1,2015,2024,-0.007142857142857141,0.9798442277615983,-0.09285714285714285,0.7420450099073673,0.27743910513984715,0.014965986394557854,0.4107142857142857,0.1283286460157489,0.37857142857142856,0.1640908265592207,FALSE,0.6666666666666666,22.846153846153854,Jiangxi,0.9979757863568848,0.9751218136611995
all_years,soil,macrolides,K. pneumoniae | Ceftazidime,EconomicScaleIndex,20,3,104,34,2,2006,2020,0.006805402441233477,0.9772831706512134,0.04060150375939849,0.8650468790077721,0.3132637601270729,0.018907030492805205,0.1483181013783609,0.5325906529127041,0.5139203862667833,0.02045079957973587,TRUE,0.4,19.24658405067341,Jilin,0.9977029632989004,0.9842154623604513
all_years,soil,macrolides,P. aeruginosa | Imipenem,large_animals_year_end_2024,20,3,104,34,2,2006,2020,0.006805402441233477,0.9772831706512134,0.024060150375939848,0.9197997451459455,0.3132637601270729,0.018907030492805205,0.19281973583494852,0.4153713579000935,-0.5323308270676692,0.0156831251356959,FALSE,0.55,20.40924956831017,Tibet,0.9977029632989004,0.9853330220901917
all_years,soil,macrolides,P. aeruginosa | Tobramycin,milk_output_2024,20,3,104,34,2,2006,2020,-0.006805402441233477,0.9772831706512137,0.007518796992481203,0.9749025019933397,0.3132637601270729,0.018907030492805205,0.43554575623894254,0.054921130935576906,0.26766917293233083,0.2538915426582107,FALSE,0.65,19.035670848455236,Tibet,0.9977029632989004,0.9890031032596562
all_years,sludge,macrolides,P. aeruginosa | Ceftazidime,sewage_pipe_length_2024,14,3,77,25,1,2005,2017,-0.006674581975677919,0.981933039512199,0.015384615384615384,0.9583697893719864,0.8556343441410651,0,0.4204986644677089,0.13436459633396483,0.4021978021978022,0.15397442954140356,FALSE,0.6428571428571429,30.257413126449624,Beijing,0.9982227652609076,0.9867239251522226
all_years,sediment,phenicols,E. coli | Amikacin,grp_per_capita_2024,14,3,58,25,1,2006,2020,-0.006593406593406593,0.9821527354577906,0.06373626373626373,0.828626422928612,0.20022103787458767,0.11060606060606078,-0.6263736263736264,0.016541935428871186,0.01098901098901099,0.9702583900969691,TRUE,0.42857142857142855,24.333333333333336,Jiangsu,0.9982227652609076,0.9842154623604513
all_years,sediment,phenicols,E. coli | Nitrofurantoin,large_animals_year_end_2024,14,3,58,25,1,2006,2020,0.006593406593406593,0.9821527354577906,-0.3142857142857143,0.2738049029628676,0.20022103787458767,0.11060606060606078,0.5076923076923077,0.06383915813376853,0.6703296703296703,0.008704233809858856,TRUE,0.7142857142857143,24.833333333333332,Guangdong,0.9982227652609076,0.8969656318280155
all_years,sediment,tetracyclines,E. coli | Imipenem,urban_env_infra_investment_2024,23,3,693,129,2,2004,2025,-0.006424512180315695,0.9767905482888797,0.12648221343873517,0.5652386723187264,0.06310630550908343,0.17629345855989417,-0.35334816991736323,0.09813788776686909,0.45652173913043476,0.02854513452470051,TRUE,0.43478260869565216,22.385441097981737,Qinghai,0.9977029632989004,0.9606462350922552
all_years,sludge,sulfonamides,E. coli | Gentamicin,grp_per_capita_2024,16,3,143,28,1,2005,2017,0.006140634384863433,0.9819932280631651,-0.13823529411764704,0.6096659407501828,0.6133729962850374,0,-0.3162426708204668,0.23275560389798974,-0.6529411764705882,0.006102046679077,TRUE,0.5625,25.52265369444521,Hebei,0.9982227652609076,0.9606462350922552
all_years,soil,phenicols,P. aeruginosa | Ceftazidime,LivestockAquacultureIndex,10,3,22,13,1,2007,2016,0.0061354311913984876,0.9865792494806587,-0.3090909090909091,0.38484123026128325,0.17609777149412834,0.11860744297719157,-0.791470623690405,0.0063770841870565975,-0.24848484848484848,0.4887763045192429,TRUE,0.5,51.495114715233434,Guangdong,0.9993412059680382,0.9421113234318428
all_years,soil,tetracyclines,P. aeruginosa | Tobramycin,hospitals_count_2024,24,3,312,68,2,2007,2022,-0.00608695652173913,0.9774802016477155,-0.010434782608695651,0.9614038727773804,0.48567178524771265,0,-0.35391304347826086,0.0897584560898227,0.11304347826086956,0.5989404349055965,TRUE,0.375,20.590909090909093,Liaoning,0.9977029632989004,0.9871518657387356
all_years,wastewater effluent,macrolides,S. aureus | Chloramphenicol,milk_output_2024,10,3,27,10,1,2018,2024,-0.00606060606060606,0.9867429111949891,0.0303030303030303,0.9337729580941467,0.09424870603515988,0.3890909090909095,0.47878787878787876,0.16152292801745585,0.5393939393939394,0.10759318778241472,FALSE,0.6,61.5,Guangdong,0.9993412059680382,0.9853330220901917
all_years,soil,macrolides,A. baumannii | Meropenem,milk_output_2024,20,3,104,34,2,2006,2020,0.006049246614429757,0.9798067394254744,-0.08421052631578947,0.7241036435108111,0.3132637601270729,0.018907030492805205,0.43554575623894254,0.054921130935576906,0.24511278195488723,0.2976005003886616,TRUE,0.6,24.387874176373685,Tianjin,0.9979757863568848,0.9729669155213013
all_years,sediment,macrolides,E. coli | Tobramycin,milk_output_2024,23,3,430,93,2,2008,2025,-0.005928853754940711,0.9785807686223276,0.1432806324110672,0.5142668225083574,0.003177020108859277,0.4751811594202898,0.21936758893280633,0.31456006390749924,0.66600790513834,5.220897957366164e-4,FALSE,0.4782608695652174,19.571428571428577,Guangdong,0.9977029632989004,0.9606462350922552
all_years,wastewater effluent,fluoroquinolones,A. baumannii | Cefotaxime,freshwater_aquatic_products_2024,13,3,34,15,1,2016,2024,-0.005494505494505494,0.9857869107140623,0.03296703296703297,0.9148564744875125,0.28932970799328467,0.04803767660910481,-0.6978021978021978,0.00800071741122648,0.5824175824175825,0.03674133435865416,TRUE,0.46153846153846156,49.90909090909092,Zhejiang,0.9991233739931703,0.9842154623604513
all_years,wastewater effluent,fluoroquinolones,E. coli | Cefoxitin,freshwater_aquatic_products_2024,13,3,34,15,1,2016,2024,0.005494505494505494,0.9857869107140623,0.09890109890109891,0.7478683035983908,0.28932970799328467,0.04803767660910481,-0.6978021978021978,0.00800071741122648,-0.19230769230769232,0.5290679872349876,TRUE,0.3076923076923077,35.363636363636374,Beijing,0.9991233739931703,0.9751218136611995
all_years,wastewater effluent,fluoroquinolones,K. pneumoniae | Ceftriaxone,freshwater_aquatic_products_2024,13,3,34,15,1,2016,2024,0.005494505494505494,0.9857869107140623,0.19780219780219782,0.5171309114848301,0.28932970799328467,0.04803767660910481,-0.6978021978021978,0.00800071741122648,0.24725274725274726,0.41540511972553806,FALSE,0.6153846153846154,49.363636363636374,Beijing,0.9991233739931703,0.9606462350922552
all_years,soil,sulfonamides,E. coli | Polymyxin B,urban_share_2024,20,3,313,56,2,2006,2019,-0.005275069998759362,0.9823906413391099,0.01654135338345865,0.9448174502147447,0.22138678024989444,0.059746349446122726,0.5094210455944755,0.021775408416415995,0.28421052631578947,0.22458459821120466,FALSE,0.55,24.34215000976108,Liaoning,0.9982227652609076,0.9867239251522226
all_years,sediment,diaminopyrimidines,A. baumannii | Ceftazidime,chemical_fertilizers_2024,18,3,122,45,2,2008,2020,0.005159958720330237,0.9837879533049654,0.02579979360165119,0.9190604851409846,0.01039862314664235,0.47547758284600455,-0.24458204334365324,0.3280041243603068,0.34365325077399383,0.1626286535167655,FALSE,0.5555555555555556,36.525000000000006,Tianjin,0.9982227652609076,0.9853330220901917
all_years,sediment,diaminopyrimidines,E. coli | Levofloxacin,milk_output_2024,18,3,122,45,2,2008,2020,0.005159958720330237,0.9837879533049654,0.058823529411764705,0.816654203568489,0.01039862314664235,0.47547758284600455,-0.07327141382868937,0.7726309674360763,0.7853457172342622,1.126543102925679e-4,FALSE,0.4444444444444444,25.125000000000004,Guangdong,0.9982227652609076,0.9842154623604513
all_years,sediment,diaminopyrimidines,P. aeruginosa | Piperacillin,total_aquatic_products_2024,18,3,122,45,2,2008,2020,0.005159958720330237,0.9837879533049654,0.07120743034055727,0.7788829476841137,0.01039862314664235,0.47547758284600455,-0.28586171310629516,0.2501695935454812,-0.3890608875128999,0.11054194705770348,TRUE,0.5,27.975000000000005,Guangdong,0.9982227652609076,0.9760848906711721
all_years,sediment,diaminopyrimidines,A. baumannii | Tobramycin,chemical_fertilizers_2024,18,3,122,45,2,2008,2020,-0.005159958720330237,0.9837879533049657,0.021671826625386997,0.9319797351987381,0.01039862314664235,0.47547758284600455,-0.24458204334365324,0.3280041243603068,0.3684210526315789,0.13248715636055633,TRUE,0.6111111111111112,36.150000000000006,Tianjin,0.9982227652609076,0.9853330220901917
all_years,sediment,macrolides,A. baumannii | Ceftriaxone,urban_env_infra_investment_2024,23,3,430,93,2,2008,2025,-0.004940711462450593,0.9821500334482502,0.07806324110671936,0.7233078775886128,0.003177020108859277,0.4751811594202898,-0.30335968379446643,0.1593839875761121,0.36462450592885376,0.08715015516609212,TRUE,0.7391304347826086,23.971428571428575,Guangdong,0.9982227652609076,0.9729669155213013
all_years,sludge,macrolides,K. pneumoniae | Ciprofloxacin,sewage_pipe_length_2024,14,3,77,25,1,2005,2017,0.004449721317118613,0.9879548628343655,-0.002197802197802198,0.9940505286658998,0.8556343441410651,0,0.4204986644677089,0.13436459633396483,0.578021978021978,0.030383014145237017,TRUE,0.35714285714285715,54.17112189559072,Beijing,1,0.9962526787072509
all_years,sediment,diaminopyrimidines,K. pneumoniae | Aztreonam,grp_2024,18,3,122,45,2,2008,2020,0.0030959752321981426,0.9902723852270469,0.07533539731682146,0.7663922813478388,0.01039862314664235,0.47547758284600455,-0.32507739938080493,0.18808478142236898,0.35190918472652216,0.152106939189977,FALSE,0.3888888888888889,59.16666666666667,Tianjin,1,0.9760848906711721
all_years,sludge,sulfonamides,K. pneumoniae | Nitrofurantoin,grp_per_capita_2024,16,3,143,28,1,2005,2017,0.0030703171924317163,0.9909961047878953,-0.026470588235294114,0.9224805705017289,0.6133729962850374,0,-0.3162426708204668,0.23275560389798974,0.7264705882352941,0.0014361826350785297,FALSE,0.5625,58.62823618194625,Heilongjiang,1,0.9853330220901917
all_years,soil,sulfonamides,E. coli | Cefuroxime,grp_per_capita_2024,20,3,313,56,2,2006,2019,-0.0030143257135767784,0.9899370064766269,-0.039097744360902256,0.8700037043301223,0.22138678024989444,0.059746349446122726,0.5425786284438201,0.01344424302302041,-0.18796992481203006,0.42742125802266373,TRUE,0.35,48.018515020498285,Liaoning,1,0.9842154623604513
all_years,sludge,diaminopyrimidines,A. baumannii | Ciprofloxacin,hogs_year_end_2024,13,3,19,17,1,2010,2017,-0.0028896906930811956,0.9925247545329223,-0.13186813186813187,0.6676075762175147,0.8019823386358851,0,-0.7050845291118119,0.007106491488108418,0.12637362637362637,0.680785475070949,TRUE,0.6153846153846154,55.24729082742453,Zhejiang,1,0.9729669155213013
all_years,sludge,diaminopyrimidines,S. aureus | Chloramphenicol,LivestockAquacultureIndex,13,3,19,17,1,2010,2017,0.0028896906930811956,0.9925247545329225,-0.13186813186813187,0.6676075762175147,0.8019823386358851,0,-0.5981659734678076,0.030812525172913465,-0.26373626373626374,0.3839365166506743,TRUE,0.38461538461538464,57.1220973150977,Zhejiang,1,0.9729669155213013
all_years,soil,tetracyclines,E. coli | Ertapenem,hospitals_count_2024,24,3,312,68,2,2007,2022,0.002608695652173913,0.9903476848039034,0.11043478260869563,0.6074532587517109,0.48567178524771265,0,-0.35391304347826086,0.0897584560898227,0.2026086956521739,0.34237332678092103,FALSE,0.5416666666666666,46.45454545454545,Liaoning,1,0.9606462350922552
all_years,sludge,macrolides,P. aeruginosa | Piperacillin,sewage_pipe_length_2024,14,3,77,25,1,2005,2017,0.0022248606585593064,0.9939772823579691,0.12087912087912088,0.6806070200628929,0.8556343441410651,0,0.4204986644677089,0.13436459633396483,0.5032967032967033,0.06656042759911306,TRUE,0.35714285714285715,91.78779591531168,Guangdong,1,0.9729669155213013
all_years,sediment,sulfonamides,S. aureus | Levofloxacin,urban_share_2024,24,3,1061,135,2,2008,2025,0.002174385787431545,0.9919545991157834,0.04956521739130434,0.8180937896030707,0.0015521231748156271,0.520774428109915,0.0634920649930011,0.7681933517197923,0.6695652173913044,3.455201283035728e-4,TRUE,0.625,45.77405516387914,Hainan,1,0.9842154623604513
all_years,sediment,tetracyclines,E. coli | Meropenem,grp_2024,23,3,693,129,2,2004,2025,0.0019767729785586754,0.9928577852059064,0.15612648221343872,0.4768477376528468,0.06310630550908343,0.17629345855989417,-0.29701014002844095,0.1687385708187329,0.5760869565217391,0.004016180971434119,FALSE,0.5217391304347826,72.14536920504408,Qinghai,1,0.9606462350922552
all_years,soil,tetracyclines,E. coli | Gentamicin,large_animals_year_end_2024,24,3,312,68,2,2007,2022,-0.0017391304347826083,0.9935650421080583,-0.03130434782608695,0.8845469556552938,0.48567178524771265,0,-0.19130434782608696,0.3705328066699429,0.6,0.0019393928765259155,TRUE,0.4583333333333333,78.54545454545458,Zhejiang,1,0.9842154623604513
all_years,sediment,diaminopyrimidines,A. baumannii | Imipenem,chemical_fertilizers_2024,18,3,122,45,2,2008,2020,-0.0010319917440660474,0.9967573972800614,0.02786377708978328,0.9126078919940869,0.01039862314664235,0.47547758284600455,-0.24458204334365324,0.3280041243603068,0.33539731682146545,0.17363506116754215,TRUE,0.6111111111111112,181.50000000000003,Tianjin,1,0.9842154623604513
all_years,sediment,sulfonamides,K. pneumoniae | Polymyxin B,total_aquatic_products_2024,23,3,1061,135,2,2008,2025,-9.883864892793377e-4,0.9964288594608491,9.881422924901185e-4,0.9964297417631358,0.0015521231748156271,0.520774428109915,-0.31183593736763104,0.14747111560922185,0.2924901185770751,0.1756259187685069,TRUE,0.43478260869565216,132.14755843192984,Tianjin,1,0.9977530216326752
all_years,soil,tetracyclines,E. coli | Imipenem,population_2024,24,3,312,68,2,2007,2022,8.695652173913042e-4,0.9967824967252693,0.13304347826086954,0.5354237325436194,0.48567178524771265,0,-0.31217391304347825,0.1375180295921436,0.41304347826086957,0.044849153899817674,FALSE,0.5416666666666666,110.09090909090911,Beijing,1,0.9606462350922552
all_years,wastewater effluent,fluoroquinolones,A. baumannii | Ciprofloxacin,freshwater_aquatic_products_2024,13,3,34,15,1,2016,2024,0,1,0.038461538461538464,0.9007243023389339,0.28932970799328467,0.04803767660910481,-0.6978021978021978,0.00800071741122648,0.27472527472527475,0.3636749816401783,FALSE,0,272727272.72727275,Zhejiang,1,0.9842154623604513
all_years,wastewater influent,fluoroquinolones,K. pneumoniae | Cefoxitin,milk_output_2024,11,3,44,12,1,2016,2024,0,1,0.09090909090909091,0.7903727377532903,0.07495187103951058,0.3977272727272725,0.2909090909090909,0.38545696969136556,-0.38181818181818183,0.24655957577897017,FALSE,0,333333333.33333325,Beijing,1,0.9799202460692253
all_years,wastewater influent,fluoroquinolones,P. aeruginosa | Gentamicin,grp_2024,11,3,44,12,1,2016,2024,0,1,0.11818181818181818,0.7292847795197801,0.07495187103951058,0.3977272727272725,-0.2727272727272727,0.41714143714253127,-0.36363636363636365,0.27163754099382226,FALSE,0,187878787.87878785,Sichuan,1,0.9729669155213013
all_years,sediment,beta-lactams,A. baumannii | Tobramycin,EconomicScaleIndex,7,3,34,15,1,2012,2018,0,1,NA,NA,0.8983973213480706,0,-0.14285714285714285,0.7599453002180931,-0.32142857142857145,0.48207203829967765,FALSE,0,600000000,Hubei,1,NA
all_years,sediment,beta-lactams,E. coli | Cefepime,LivestockAquacultureIndex,7,3,34,15,1,2012,2018,0,1,NA,NA,0.8983973213480706,0,-0.14285714285714285,0.7599453002180931,0.17857142857142858,0.7016579425162729,FALSE,0,600000000,Hubei,1,NA
all_years,sediment,beta-lactams,E. coli | Cefotetan,LivestockAquacultureIndex,7,3,34,15,1,2012,2018,0,1,NA,NA,0.8983973213480706,0,-0.14285714285714285,0.7599453002180931,-0.7142857142857143,0.07134356146753773,FALSE,0,371428571.4285714,Hubei,1,NA
all_years,surface water,diaminopyrimidines,P. aeruginosa | Meropenem,LivestockAquacultureIndex,7,2,9,8,1,2018,2024,0,1,NA,NA,NA,NA,-0.5714285714285714,0.18020198891152778,0.32142857142857145,0.48207203829967765,FALSE,0,600000000,Tibet,1,NA
all_years,surface water,diaminopyrimidines,P. aeruginosa | Polymyxin B,LivestockAquacultureIndex,7,2,9,8,1,2018,2024,0,1,NA,NA,NA,NA,-0.5714285714285714,0.18020198891152778,0.03571428571428571,0.9394082054712856,FALSE,0,600000000,Tibet,1,NA
all_years,wastewater influent,macrolides,A. baumannii | Ciprofloxacin,EconomicScaleIndex,5,3,19,5,1,2018,2023,0,1,NA,NA,NA,NA,0.3,0.623837664781073,0.7,0.18812040437418734,FALSE,NA,NA,,1,NA
all_years,wastewater influent,macrolides,E. coli | Cefotetan,LivestockAquacultureIndex,5,3,19,5,1,2018,2023,0,1,NA,NA,NA,NA,-0.5642880936468347,0.3217233358243004,0.35909242322980395,0.5528147466433507,FALSE,NA,NA,,1,NA
all_years,wastewater influent,macrolides,E. coli | Gentamicin,LivestockAquacultureIndex,5,3,19,5,1,2018,2023,0,1,NA,NA,NA,NA,-0.5642880936468347,0.3217233358243004,0.5642880936468347,0.32172333582430024,FALSE,NA,NA,,1,NA
all_years,wastewater influent,macrolides,E. coli | Imipenem,LivestockAquacultureIndex,5,3,19,5,1,2018,2023,0,1,NA,NA,NA,NA,-0.5642880936468347,0.3217233358243004,0.35909242322980395,0.5528147466433507,FALSE,NA,NA,,1,NA
all_years,wastewater influent,macrolides,K. pneumoniae | Amikacin,EconomicScaleIndex,5,3,19,5,1,2018,2023,0,1,NA,NA,NA,NA,0.3,0.623837664781073,0.7,0.18812040437418734,FALSE,NA,NA,,1,NA
all_years,wastewater influent,macrolides,K. pneumoniae | Cefoxitin,EconomicScaleIndex,5,3,19,5,1,2018,2023,0,1,NA,NA,NA,NA,0.3,0.623837664781073,0.7,0.18812040437418734,FALSE,NA,NA,,1,NA
all_years,wastewater influent,macrolides,K. pneumoniae | Ceftazidime,EconomicScaleIndex,5,3,19,5,1,2018,2023,0,1,NA,NA,NA,NA,0.3,0.623837664781073,0.7,0.18812040437418734,FALSE,NA,NA,,1,NA
all_years,wastewater influent,macrolides,K. pneumoniae | Ceftriaxone,EconomicScaleIndex,5,3,19,5,1,2018,2023,0,1,NA,NA,NA,NA,0.3,0.623837664781073,0.7,0.18812040437418734,FALSE,NA,NA,,1,NA
all_years,wastewater influent,macrolides,K. pneumoniae | Ciprofloxacin,EconomicScaleIndex,5,3,19,5,1,2018,2023,0,1,NA,NA,NA,NA,0.3,0.623837664781073,0.7,0.18812040437418734,FALSE,NA,NA,,1,NA
all_years,wastewater influent,macrolides,K. pneumoniae | Imipenem,EconomicScaleIndex,5,3,19,5,1,2018,2023,0,1,NA,NA,NA,NA,0.3,0.623837664781073,0.7,0.18812040437418734,FALSE,NA,NA,,1,NA
all_years,wastewater influent,macrolides,K. pneumoniae | Levofloxacin,EconomicScaleIndex,5,3,19,5,1,2018,2023,0,1,NA,NA,NA,NA,0.3,0.623837664781073,0.7,0.18812040437418734,FALSE,NA,NA,,1,NA
all_years,wastewater influent,macrolides,P. aeruginosa | Piperacillin,EconomicScaleIndex,5,3,19,5,1,2018,2023,0,1,NA,NA,NA,NA,0.3,0.623837664781073,0.7,0.18812040437418734,FALSE,NA,NA,,1,NA
