sample_type,province,location,antibiotic,median_concentration,concentration_unit,sample_year,season,full_reference_name,reference_number
MSW incineration leachate,Henan,Luoyang MSW incineration plant,Sulfamethoxazole,1401.5,ng/L,2022–2024,NA,"Rui, X., Zhang, S., Xiao, Y., Lv, Z., Ren, Z., Zhao, X., et al. (2025). Distribution, removal and potential factors affecting antibiotics occurrence in leachate from municipal solid waste incineration plants in China. Water Research, 275, 123187. https://doi.org/10.1016/j.watres.2025.123187",N63
MSW incineration leachate,Shanxi,Taiyuan MSW incineration plant,Sulfamethoxazole,3085,ng/L,2022–2024,NA,"Rui, X., Zhang, S., Xiao, Y., Lv, Z., Ren, Z., Zhao, X., et al. (2025). Distribution, removal and potential factors affecting antibiotics occurrence in leachate from municipal solid waste incineration plants in China. Water Research, 275, 123187. https://doi.org/10.1016/j.watres.2025.123187",N63
agricultural soil,Jiangsu,Zhangjiagang city (ZJG) farmland,Fluoroquinolones,30,ng/g dw,2021–2022,NA,"Ren, J., Shi, H., Liu, J., Zheng, C., Lu, G., Hao, S., Jin, Y., & He, C. (2023). Occurrence, source apportionment and ecological risk assessment of thirty antibiotics in farmland system. Journal of Environmental Management, 335, 117546. https://doi.org/10.1016/j.jenvman.2023.117546",N73
agricultural soil,Jiangsu,Zhangjiagang city (ZJG) farmland,Macrolides,4.94,ng/g dw,2021–2022,NA,"Ren, J., Shi, H., Liu, J., Zheng, C., Lu, G., Hao, S., Jin, Y., & He, C. (2023). Occurrence, source apportionment and ecological risk assessment of thirty antibiotics in farmland system. Journal of Environmental Management, 335, 117546. https://doi.org/10.1016/j.jenvman.2023.117546",N73
agricultural soil,Jiangsu,Zhangjiagang city (ZJG) farmland,Sulfonamides,2.08,ng/g dw,2021–2022,NA,"Ren, J., Shi, H., Liu, J., Zheng, C., Lu, G., Hao, S., Jin, Y., & He, C. (2023). Occurrence, source apportionment and ecological risk assessment of thirty antibiotics in farmland system. Journal of Environmental Management, 335, 117546. https://doi.org/10.1016/j.jenvman.2023.117546",N73
agricultural soil,Jiangsu,Zhangjiagang city (ZJG) farmland,Tetracycline,3.94,ng/g dw,2021–2022,NA,"Ren, J., Shi, H., Liu, J., Zheng, C., Lu, G., Hao, S., Jin, Y., & He, C. (2023). Occurrence, source apportionment and ecological risk assessment of thirty antibiotics in farmland system. Journal of Environmental Management, 335, 117546. https://doi.org/10.1016/j.jenvman.2023.117546",N73
agricultural soil,Jiangsu,Zhangjiagang city (ZJG) farmland,Total Antibiotics,54.38,ng/g dw,2021–2022,NA,"Ren, J., Shi, H., Liu, J., Zheng, C., Lu, G., Hao, S., Jin, Y., & He, C. (2023). Occurrence, source apportionment and ecological risk assessment of thirty antibiotics in farmland system. Journal of Environmental Management, 335, 117546. https://doi.org/10.1016/j.jenvman.2023.117546",N73
aquaculture pond water,Zhejiang,"26 freshwater aquaculture ponds, Zhoushan, NE Zhejiang",Enrofloxacin,8,ng/L,2022–2023,NA,"Hu, H., Qi, M., He, P., Chen, X., Li, Z., & Cheng, H. (2024). Occurrence and risk assessment of quinolones and sulfonamides in freshwater aquaculture ponds in Northeast Zhejiang, China. Science of the Total Environment, 953, 176066. https://doi.org/10.1016/j.scitotenv.2024.176066",N83
aquaculture pond water,Zhejiang,"26 freshwater aquaculture ponds, Zhoushan, NE Zhejiang",Sulfadimidine,2.5,ng/L,2022–2023,NA,"Hu, H., Qi, M., He, P., Chen, X., Li, Z., & Cheng, H. (2024). Occurrence and risk assessment of quinolones and sulfonamides in freshwater aquaculture ponds in Northeast Zhejiang, China. Science of the Total Environment, 953, 176066. https://doi.org/10.1016/j.scitotenv.2024.176066",N83
aquaculture pond water,Zhejiang,"26 freshwater aquaculture ponds, Zhoushan, NE Zhejiang",Total Antibiotics,15.7,ng/L,2022–2023,NA,"Hu, H., Qi, M., He, P., Chen, X., Li, Z., & Cheng, H. (2024). Occurrence and risk assessment of quinolones and sulfonamides in freshwater aquaculture ponds in Northeast Zhejiang, China. Science of the Total Environment, 953, 176066. https://doi.org/10.1016/j.scitotenv.2024.176066",N83
aquaculture wastewater,Jiangsu,"Freshwater finfish ponds, Nanjing and Yixing (lower Yangtze River Basin)",Florfenicol,102.41,ng/L,2021,NA,"Zheng, T., Wang, P., Hu, B., Wang, X., Ma, J., Liu, C., & Li, D. (2023). Gross yield driving the mass fluxes of fishery drugs: Evidence of occurrence from full aquaculture cycle in lower Yangtze River Basin. Science of the Total Environment, 903, 166581. https://doi.org/10.1016/j.scitotenv.2023.166581",N80
aquaculture wastewater,Jiangsu,"Freshwater crustacean ponds, Nanjing and Yixing (lower Yangtze River Basin)",Ofloxacin,39.52,ng/L,2021,NA,"Zheng, T., Wang, P., Hu, B., Wang, X., Ma, J., Liu, C., & Li, D. (2023). Gross yield driving the mass fluxes of fishery drugs: Evidence of occurrence from full aquaculture cycle in lower Yangtze River Basin. Science of the Total Environment, 903, 166581. https://doi.org/10.1016/j.scitotenv.2023.166581",N80
aquaculture wastewater,Jiangsu,"Freshwater finfish ponds, Nanjing and Yixing (lower Yangtze River Basin)",Sulfamethoxazole,53.82,ng/L,2021,NA,"Zheng, T., Wang, P., Hu, B., Wang, X., Ma, J., Liu, C., & Li, D. (2023). Gross yield driving the mass fluxes of fishery drugs: Evidence of occurrence from full aquaculture cycle in lower Yangtze River Basin. Science of the Total Environment, 903, 166581. https://doi.org/10.1016/j.scitotenv.2023.166581",N80
aquaculture wastewater,Jiangsu,"Freshwater finfish ponds, Nanjing and Yixing (lower Yangtze River Basin)",Sulfonamides,105.95,ng/L,2021,NA,"Zheng, T., Wang, P., Hu, B., Wang, X., Ma, J., Liu, C., & Li, D. (2023). Gross yield driving the mass fluxes of fishery drugs: Evidence of occurrence from full aquaculture cycle in lower Yangtze River Basin. Science of the Total Environment, 903, 166581. https://doi.org/10.1016/j.scitotenv.2023.166581",N80
aquaculture wastewater,Jiangsu,"Finfish ponds, Nanjing and Yixing",Total Fishery Drugs,376.365,ng/L,2021,NA,"Zheng, T., Wang, P., Hu, B., Wang, X., Ma, J., Liu, C., & Li, D. (2023). Gross yield driving the mass fluxes of fishery drugs: Evidence of occurrence from full aquaculture cycle in lower Yangtze River Basin. Science of the Total Environment, 903, 166581. https://doi.org/10.1016/j.scitotenv.2023.166581",N80
coastal water,Guangxi,Guangxi,Sulfamethoxazole,0.09,ng/L,2018,NA,2025 Yiwen Luo Antibiotics in the Coastal Waters and Sediments of China A Brief Review and Perspective-285-295.pdf,N42
coastal water,Guangxi,Guangxi,Trimethoprim,0.02,ng/L,2018,NA,2025 Yiwen Luo Antibiotics in the Coastal Waters and Sediments of China A Brief Review and Perspective-285-295.pdf,N42
coastal water,Shandong,Shandong,Enrofloxacin,5.74,ng/L,2019,NA,2025 Yiwen Luo Antibiotics in the Coastal Waters and Sediments of China A Brief Review and Perspective-285-295.pdf,N42
coastal water,Shandong,Shandong,Norfloxacin,4.98,ng/L,2019,NA,2025 Yiwen Luo Antibiotics in the Coastal Waters and Sediments of China A Brief Review and Perspective-285-295.pdf,N42
groundwater,Hebei,"12 groundwater sites, Shijiazhuang City",Ciprofloxacin,1.37,ng/L,2022–2023,winter (Dec),"Zhao, Y., Song, Y., Zhang, L., Zhao, B., Lu, M., Cui, J., & Tang, W. (2024). Source apportionment and specific-source-site risk of quinolone antibiotics for effluent-receiving urban rivers and groundwater in a city, China. Journal of Environmental Sciences, 144, 185–198. https://doi.org/10.1016/j.jes.2023.08.016",N81
groundwater,Hebei,"12 groundwater sites, Shijiazhuang City",Difloxacin,34.81,ng/L,2022–2023,winter (Dec),"Zhao, Y., Song, Y., Zhang, L., Zhao, B., Lu, M., Cui, J., & Tang, W. (2024). Source apportionment and specific-source-site risk of quinolone antibiotics for effluent-receiving urban rivers and groundwater in a city, China. Journal of Environmental Sciences, 144, 185–198. https://doi.org/10.1016/j.jes.2023.08.016",N81
groundwater,Hebei,"12 groundwater sites, Shijiazhuang City",Enrofloxacin,159.4,ng/L,2022–2023,winter (Dec),"Zhao, Y., Song, Y., Zhang, L., Zhao, B., Lu, M., Cui, J., & Tang, W. (2024). Source apportionment and specific-source-site risk of quinolone antibiotics for effluent-receiving urban rivers and groundwater in a city, China. Journal of Environmental Sciences, 144, 185–198. https://doi.org/10.1016/j.jes.2023.08.016",N81
groundwater,Hebei,"12 groundwater sites, Shijiazhuang City",Norfloxacin,44.65,ng/L,2022–2023,winter (Dec),"Zhao, Y., Song, Y., Zhang, L., Zhao, B., Lu, M., Cui, J., & Tang, W. (2024). Source apportionment and specific-source-site risk of quinolone antibiotics for effluent-receiving urban rivers and groundwater in a city, China. Journal of Environmental Sciences, 144, 185–198. https://doi.org/10.1016/j.jes.2023.08.016",N81
groundwater,Jiangxi,Jinjiang River Basin,Azithromycin,4.07,ng/L,2019–2021,NA,"Wang, M., Li, J., Zhou, Y., Zhou, W., & Huang, S. (2024). Spatial and temporal distribution and ecological risk assessment of typical antibiotics in natural and wastewater of Jinjiang River Basin. PLoS ONE, 19(11), e0310865. https://doi.org/10.1371/journal.pone.0310865",N55
groundwater,Jiangxi,Jinjiang River Basin,Enoxacin,10.95,ng/L,2019–2021,NA,"Wang, M., Li, J., Zhou, Y., Zhou, W., & Huang, S. (2024). Spatial and temporal distribution and ecological risk assessment of typical antibiotics in natural and wastewater of Jinjiang River Basin. PLoS ONE, 19(11), e0310865. https://doi.org/10.1371/journal.pone.0310865",N55
groundwater,Jiangxi,Jinjiang River Basin,Roxithromycin,13.48,ng/L,2019–2021,NA,"Wang, M., Li, J., Zhou, Y., Zhou, W., & Huang, S. (2024). Spatial and temporal distribution and ecological risk assessment of typical antibiotics in natural and wastewater of Jinjiang River Basin. PLoS ONE, 19(11), e0310865. https://doi.org/10.1371/journal.pone.0310865",N55
groundwater,Jiangxi,Jinjiang River Basin,Sulfamethoxazole,9.18,ng/L,2019–2021,NA,"Wang, M., Li, J., Zhou, Y., Zhou, W., & Huang, S. (2024). Spatial and temporal distribution and ecological risk assessment of typical antibiotics in natural and wastewater of Jinjiang River Basin. PLoS ONE, 19(11), e0310865. https://doi.org/10.1371/journal.pone.0310865",N55
groundwater,Jiangxi,Jinjiang River Basin,Tetracycline,9.11,ng/L,2019–2021,NA,"Wang, M., Li, J., Zhou, Y., Zhou, W., & Huang, S. (2024). Spatial and temporal distribution and ecological risk assessment of typical antibiotics in natural and wastewater of Jinjiang River Basin. PLoS ONE, 19(11), e0310865. https://doi.org/10.1371/journal.pone.0310865",N55
hospital wastewater,Heilongjiang,Harbin,Azithromycin,92,ng/L,2019,all seasons,"Sun, S., Li, G., Wu, Y., Qi, H., & Zhang, X. (2023). High-risk antibiotics positively correlated with antibiotic resistance genes in five typical urban wastewater. Journal of Environmental Management, 342, 118296. https://doi.org/10.1016/j.jenvman.2023.118296",N53
hospital wastewater,Heilongjiang,Harbin,Cefadroxil,15.2,ng/L,2019,all seasons,"Sun, S., Li, G., Wu, Y., Qi, H., & Zhang, X. (2023). High-risk antibiotics positively correlated with antibiotic resistance genes in five typical urban wastewater. Journal of Environmental Management, 342, 118296. https://doi.org/10.1016/j.jenvman.2023.118296",N53
hospital wastewater,Heilongjiang,Harbin,Ofloxacin,6.86,ng/L,2019,all seasons,"Sun, S., Li, G., Wu, Y., Qi, H., & Zhang, X. (2023). High-risk antibiotics positively correlated with antibiotic resistance genes in five typical urban wastewater. Journal of Environmental Management, 342, 118296. https://doi.org/10.1016/j.jenvman.2023.118296",N53
hospital wastewater,Heilongjiang,Harbin,Roxithromycin,19.6,ng/L,2019,all seasons,"Sun, S., Li, G., Wu, Y., Qi, H., & Zhang, X. (2023). High-risk antibiotics positively correlated with antibiotic resistance genes in five typical urban wastewater. Journal of Environmental Management, 342, 118296. https://doi.org/10.1016/j.jenvman.2023.118296",N53
industrial sludge,Zhejiang,Zhejiang,Total Quinolones,152.65,ng/g dw,2015–2016,NA,"Meng, F. et al. (2023). Occurrence, distribution, and risk assessment of quinolone antibiotics in municipal sewage sludges throughout China. Journal of Hazardous Materials 453, 131322.",N19
lake sediment,Hubei,"Honghu Lake, Liangzi Lake, Daye Lake, East Lake (Wuhan), Middle Yangtze River",Enrofloxacin,40.7,ng/g dw,2021–2022,NA,"Wang, C., Mao, Y., Zhou, W., Li, Y., Zou, G., Chen, B., & Wang, Z. (2023). Inhomogeneous antibiotic distribution in sediment profiles in anthropogenically impacted lakes: Source apportionment, fate drivers, and risk assessment. Journal of Environmental Management, 341, 118048. https://doi.org/10.1016/j.jenvman.2023.118048",N78
lake sediment,Hubei,"Honghu Lake, Liangzi Lake, Daye Lake, East Lake (Wuhan), Middle Yangtze River",Erythromycin,1447.4,ng/g dw,2021–2022,NA,"Wang, C., Mao, Y., Zhou, W., Li, Y., Zou, G., Chen, B., & Wang, Z. (2023). Inhomogeneous antibiotic distribution in sediment profiles in anthropogenically impacted lakes: Source apportionment, fate drivers, and risk assessment. Journal of Environmental Management, 341, 118048. https://doi.org/10.1016/j.jenvman.2023.118048",N78
lake sediment,Hubei,"Honghu Lake, Liangzi Lake, Daye Lake, East Lake (Wuhan), Middle Yangtze River",Ofloxacin,0.9,ng/g dw,2021–2022,NA,"Wang, C., Mao, Y., Zhou, W., Li, Y., Zou, G., Chen, B., & Wang, Z. (2023). Inhomogeneous antibiotic distribution in sediment profiles in anthropogenically impacted lakes: Source apportionment, fate drivers, and risk assessment. Journal of Environmental Management, 341, 118048. https://doi.org/10.1016/j.jenvman.2023.118048",N78
lake sediment,Hubei,"Honghu Lake, Liangzi Lake, Daye Lake, East Lake (Wuhan), Middle Yangtze River",Oxytetracycline,62.6,ng/g dw,2021–2022,NA,"Wang, C., Mao, Y., Zhou, W., Li, Y., Zou, G., Chen, B., & Wang, Z. (2023). Inhomogeneous antibiotic distribution in sediment profiles in anthropogenically impacted lakes: Source apportionment, fate drivers, and risk assessment. Journal of Environmental Management, 341, 118048. https://doi.org/10.1016/j.jenvman.2023.118048",N78
lake sediment,Hubei,"Honghu Lake, Liangzi Lake, Daye Lake, East Lake (Wuhan), Middle Yangtze River",Sulfamethoxazole,443.7,ng/g dw,2021–2022,NA,"Wang, C., Mao, Y., Zhou, W., Li, Y., Zou, G., Chen, B., & Wang, Z. (2023). Inhomogeneous antibiotic distribution in sediment profiles in anthropogenically impacted lakes: Source apportionment, fate drivers, and risk assessment. Journal of Environmental Management, 341, 118048. https://doi.org/10.1016/j.jenvman.2023.118048",N78
lake sediment,Hubei,"Honghu Lake, Liangzi Lake, Daye Lake, East Lake (Wuhan), Middle Yangtze River",Tetracycline,2.1,ng/g dw,2021–2022,NA,"Wang, C., Mao, Y., Zhou, W., Li, Y., Zou, G., Chen, B., & Wang, Z. (2023). Inhomogeneous antibiotic distribution in sediment profiles in anthropogenically impacted lakes: Source apportionment, fate drivers, and risk assessment. Journal of Environmental Management, 341, 118048. https://doi.org/10.1016/j.jenvman.2023.118048",N78
livestock wastewater,Heilongjiang,Harbin,Azithromycin,368,ng/L,2019,all seasons,"Sun, S., Li, G., Wu, Y., Qi, H., & Zhang, X. (2023). High-risk antibiotics positively correlated with antibiotic resistance genes in five typical urban wastewater. Journal of Environmental Management, 342, 118296. https://doi.org/10.1016/j.jenvman.2023.118296",N53
livestock wastewater,Heilongjiang,Harbin,Enrofloxacin,921,ng/L,2019,all seasons,"Sun, S., Li, G., Wu, Y., Qi, H., & Zhang, X. (2023). High-risk antibiotics positively correlated with antibiotic resistance genes in five typical urban wastewater. Journal of Environmental Management, 342, 118296. https://doi.org/10.1016/j.jenvman.2023.118296",N53
livestock wastewater,Heilongjiang,Harbin,Ofloxacin,88.8,ng/L,2019,all seasons,"Sun, S., Li, G., Wu, Y., Qi, H., & Zhang, X. (2023). High-risk antibiotics positively correlated with antibiotic resistance genes in five typical urban wastewater. Journal of Environmental Management, 342, 118296. https://doi.org/10.1016/j.jenvman.2023.118296",N53
livestock wastewater,Heilongjiang,Harbin,Roxithromycin,104,ng/L,2019,all seasons,"Sun, S., Li, G., Wu, Y., Qi, H., & Zhang, X. (2023). High-risk antibiotics positively correlated with antibiotic resistance genes in five typical urban wastewater. Journal of Environmental Management, 342, 118296. https://doi.org/10.1016/j.jenvman.2023.118296",N53
livestock wastewater,Heilongjiang,Harbin,Sulfadiazine,128,ng/L,2019,all seasons,"Sun, S., Li, G., Wu, Y., Qi, H., & Zhang, X. (2023). High-risk antibiotics positively correlated with antibiotic resistance genes in five typical urban wastewater. Journal of Environmental Management, 342, 118296. https://doi.org/10.1016/j.jenvman.2023.118296",N53
livestock wastewater,Heilongjiang,Harbin,Sulfadimidine,14.3,ng/L,2019,all seasons,"Sun, S., Li, G., Wu, Y., Qi, H., & Zhang, X. (2023). High-risk antibiotics positively correlated with antibiotic resistance genes in five typical urban wastewater. Journal of Environmental Management, 342, 118296. https://doi.org/10.1016/j.jenvman.2023.118296",N53
livestock wastewater,Heilongjiang,Harbin,Sulfamethoxazole,5.09,ng/L,2019,all seasons,"Sun, S., Li, G., Wu, Y., Qi, H., & Zhang, X. (2023). High-risk antibiotics positively correlated with antibiotic resistance genes in five typical urban wastewater. Journal of Environmental Management, 342, 118296. https://doi.org/10.1016/j.jenvman.2023.118296",N53
livestock wastewater,Heilongjiang,Harbin,Tylosin,77.8,ng/L,2019,all seasons,"Sun, S., Li, G., Wu, Y., Qi, H., & Zhang, X. (2023). High-risk antibiotics positively correlated with antibiotic resistance genes in five typical urban wastewater. Journal of Environmental Management, 342, 118296. https://doi.org/10.1016/j.jenvman.2023.118296",N53
livestock wastewater,Jiangxi,Jinjiang River Basin (pig farm effluent + domestic sewage),Ciprofloxacin,80.87,ng/L,2021,NA,"Wang, M., Li, J., Zhou, Y., Zhou, W., & Huang, S. (2024). Spatial and temporal distribution and ecological risk assessment of typical antibiotics in natural and wastewater of Jinjiang River Basin. PLoS ONE, 19(11), e0310865. https://doi.org/10.1371/journal.pone.0310865",N55
livestock wastewater,Jiangxi,Jinjiang River Basin (pig farm effluent + domestic sewage),Doxycycline,459.67,ng/L,2021,NA,"Wang, M., Li, J., Zhou, Y., Zhou, W., & Huang, S. (2024). Spatial and temporal distribution and ecological risk assessment of typical antibiotics in natural and wastewater of Jinjiang River Basin. PLoS ONE, 19(11), e0310865. https://doi.org/10.1371/journal.pone.0310865",N55
livestock wastewater,Jiangxi,Jinjiang River Basin (pig farm effluent + domestic sewage),Enrofloxacin,331.67,ng/L,2021,NA,"Wang, M., Li, J., Zhou, Y., Zhou, W., & Huang, S. (2024). Spatial and temporal distribution and ecological risk assessment of typical antibiotics in natural and wastewater of Jinjiang River Basin. PLoS ONE, 19(11), e0310865. https://doi.org/10.1371/journal.pone.0310865",N55
livestock wastewater,Jiangxi,Jinjiang River Basin (pig farm effluent + domestic sewage),Norfloxacin,40.98,ng/L,2021,NA,"Wang, M., Li, J., Zhou, Y., Zhou, W., & Huang, S. (2024). Spatial and temporal distribution and ecological risk assessment of typical antibiotics in natural and wastewater of Jinjiang River Basin. PLoS ONE, 19(11), e0310865. https://doi.org/10.1371/journal.pone.0310865",N55
livestock wastewater,Jiangxi,Jinjiang River Basin (pig farm effluent + domestic sewage),Ofloxacin,84.09,ng/L,2021,NA,"Wang, M., Li, J., Zhou, Y., Zhou, W., & Huang, S. (2024). Spatial and temporal distribution and ecological risk assessment of typical antibiotics in natural and wastewater of Jinjiang River Basin. PLoS ONE, 19(11), e0310865. https://doi.org/10.1371/journal.pone.0310865",N55
livestock wastewater,Jiangxi,Jinjiang River Basin (pig farm effluent + domestic sewage),Oxytetracycline,459.57,ng/L,2021,NA,"Wang, M., Li, J., Zhou, Y., Zhou, W., & Huang, S. (2024). Spatial and temporal distribution and ecological risk assessment of typical antibiotics in natural and wastewater of Jinjiang River Basin. PLoS ONE, 19(11), e0310865. https://doi.org/10.1371/journal.pone.0310865",N55
livestock wastewater,Jiangxi,Jinjiang River Basin (pig farm effluent + domestic sewage),Roxithromycin,32.88,ng/L,2021,NA,"Wang, M., Li, J., Zhou, Y., Zhou, W., & Huang, S. (2024). Spatial and temporal distribution and ecological risk assessment of typical antibiotics in natural and wastewater of Jinjiang River Basin. PLoS ONE, 19(11), e0310865. https://doi.org/10.1371/journal.pone.0310865",N55
livestock wastewater,Jiangxi,Jinjiang River Basin (pig farm effluent + domestic sewage),Sulfadiazine,42.34,ng/L,2021,NA,"Wang, M., Li, J., Zhou, Y., Zhou, W., & Huang, S. (2024). Spatial and temporal distribution and ecological risk assessment of typical antibiotics in natural and wastewater of Jinjiang River Basin. PLoS ONE, 19(11), e0310865. https://doi.org/10.1371/journal.pone.0310865",N55
livestock wastewater,Jiangxi,Jinjiang River Basin (pig farm effluent + domestic sewage),Sulfamethoxazole,33.65,ng/L,2021,NA,"Wang, M., Li, J., Zhou, Y., Zhou, W., & Huang, S. (2024). Spatial and temporal distribution and ecological risk assessment of typical antibiotics in natural and wastewater of Jinjiang River Basin. PLoS ONE, 19(11), e0310865. https://doi.org/10.1371/journal.pone.0310865",N55
mariculture sediment,Multiple coastal provinces,Fujian,Doxycycline,9.34,ng/g dw,2013–2014,NA,Persistence and risk of antibiotic residues and antibiotic resistance genes in major mariculture sites in Southeast China,N1
mariculture sediment,Multiple coastal provinces,Guangdong,Oxytetracycline,7.4,ng/g dw,2013–2014,NA,Persistence and risk of antibiotic residues and antibiotic resistance genes in major mariculture sites in Southeast China,N1
mariculture water,Multiple coastal provinces,Hainan,Chlortetracycline,5.7,ng/L,2013–2014,NA,Persistence and risk of antibiotic residues and antibiotic resistance genes in major mariculture sites in Southeast China,N1
mariculture water,Multiple coastal provinces,Guangdong,Oxytetracycline,22.6,ng/L,2013–2014,NA,Persistence and risk of antibiotic residues and antibiotic resistance genes in major mariculture sites in Southeast China,N1
mariculture water,Multiple coastal provinces,Fujian,Sulfadiazine,82.9,ng/L,2013–2014,NA,Persistence and risk of antibiotic residues and antibiotic resistance genes in major mariculture sites in Southeast China,N1
municipal sludge,Beijing,Beijing,Azithromycin,749000000,ng/g dw,2015,spring,"Ben, W. et al. Occurrence, removal and risk of organic micropollutants in wastewater treatment plants across China: Comparison of wastewater treatment processes. Water Research 130, 38-46, doi:10.1016/j.watres.2017.11.057 (2018).",121
municipal sludge,Beijing,Beijing,Chloramphenicol,600000,ng/g dw,2010,NA,"Chen, W., Huang, J., Sui, Q., Yu, G. & Zhu, W. Determination of Nine Pharmaceutical and Personal Care Products in Sludge by PSE Coupled to UPLC-MS/MS. Research of Environmental Sciences 24, 925-932 (2011).",21
municipal sludge,Beijing,Beijing,Chlortetracycline,8500000,ng/g dw,2015,spring,"Ben, W. et al. Occurrence, removal and risk of organic micropollutants in wastewater treatment plants across China: Comparison of wastewater treatment processes. Water Research 130, 38-46, doi:10.1016/j.watres.2017.11.057 (2018).",121
municipal sludge,Beijing,Beijing,Ciprofloxacin,345465000,ng/g dw,2015,spring,"Ben, W. et al. Occurrence, removal and risk of organic micropollutants in wastewater treatment plants across China: Comparison of wastewater treatment processes. Water Research 130, 38-46, doi:10.1016/j.watres.2017.11.057 (2018).",121
municipal sludge,Beijing,Beijing,Clarithromycin,5300000,ng/g dw,2015,spring,"Ben, W. et al. Occurrence, removal and risk of organic micropollutants in wastewater treatment plants across China: Comparison of wastewater treatment processes. Water Research 130, 38-46, doi:10.1016/j.watres.2017.11.057 (2018).",121
municipal sludge,Beijing,Beijing,Dehydroerythromycin,3300000,ng/g dw,NA,NA,"Yuan, X., Qiang, Z., Ben, W., Zhu, B. & Liu, J. Rapid detection of multiple class pharmaceuticals in both municipal wastewater and sludge with ultra high performance liquid chromatography tandem mass spectrometry. Journal of Environmental Sciences 26, 1949-1959, doi:10.1016/j.jes.2014.06.022 (2014).",218
municipal sludge,Beijing,Beijing,Difloxacin,700000,ng/g dw,2008,NA,"Gao, L. et al. Occurrence of antibiotics in eight sewage treatment plants in Beijing, China. Chemosphere 86, 665-671, doi:10.1016/j.chemosphere.2011.11.019 (2012).",160
municipal sludge,Beijing,Beijing,Doxycycline,13600000,ng/g dw,2015,spring,"Ben, W. et al. Occurrence, removal and risk of organic micropollutants in wastewater treatment plants across China: Comparison of wastewater treatment processes. Water Research 130, 38-46, doi:10.1016/j.watres.2017.11.057 (2018).",121
municipal sludge,Beijing,Beijing,Enrofloxacin,21000000,ng/g dw,2015,spring,"Ben, W. et al. Occurrence, removal and risk of organic micropollutants in wastewater treatment plants across China: Comparison of wastewater treatment processes. Water Research 130, 38-46, doi:10.1016/j.watres.2017.11.057 (2018).",121
municipal sludge,Beijing,Beijing,Erythromycin A dihydrate,39000000,ng/g dw,2008,NA,"Gao, L. et al. Occurrence of antibiotics in eight sewage treatment plants in Beijing, China. Chemosphere 86, 665-671, doi:10.1016/j.chemosphere.2011.11.019 (2012).",160
municipal sludge,Beijing,Beijing,Erythromycin-H2O,6200000,ng/g dw,2015,spring,"Ben, W. et al. Occurrence, removal and risk of organic micropollutants in wastewater treatment plants across China: Comparison of wastewater treatment processes. Water Research 130, 38-46, doi:10.1016/j.watres.2017.11.057 (2018).",121
municipal sludge,Beijing,Beijing,Fleroxacin,100000000,ng/g dw,2008,NA,"Gao, L. et al. Occurrence of antibiotics in eight sewage treatment plants in Beijing, China. Chemosphere 86, 665-671, doi:10.1016/j.chemosphere.2011.11.019 (2012).",160
municipal sludge,Beijing,"Beijing, Haidian district, Qinghe sewage treatment plant",Gatifloxacin,352500000,ng/g dw,2008,summer,"Jia, A., Wan, Y., Xiao, Y. & Hu, J. Occurrence and fate of quinolone and fluoroquinolone antibiotics in a municipal sewage treatment plant. Water Res 46, 387-394, doi:10.1016/j.watres.2011.10.055 (2012).",181
municipal sludge,Beijing,Beijing,Josamycin,0.3,ng/g dw,2008,NA,"Gao, L. et al. Occurrence of antibiotics in eight sewage treatment plants in Beijing, China. Chemosphere 86, 665-671, doi:10.1016/j.chemosphere.2011.11.019 (2026).",N157
municipal sludge,Beijing,Beijing,Lomefloxacin,790000000,ng/g dw,2015,spring,"Ben, W. et al. Occurrence, removal and risk of organic micropollutants in wastewater treatment plants across China: Comparison of wastewater treatment processes. Water Research 130, 38-46, doi:10.1016/j.watres.2017.11.057 (2018).",121
municipal sludge,Beijing,"Beijing, Haidian district, Qinghe sewage treatment plant",Moxifloxacin,441250000,ng/g dw,2008,summer,"Jia, A., Wan, Y., Xiao, Y. & Hu, J. Occurrence and fate of quinolone and fluoroquinolone antibiotics in a municipal sewage treatment plant. Water Res 46, 387-394, doi:10.1016/j.watres.2011.10.055 (2012).",181
municipal sludge,Beijing,Beijing,Nalidixic Acid,1.55,ng/g dw,NA,NA,"Chen, W., Huang, J., Sui, Q., Yu, G. & Zhu, W. Determination of Nine Pharmaceutical and Personal Care Products in Sludge by PSE Coupled to UPLC-MS/MS. Research of Environmental Sciences 24, 925-932 (2012).",N141
municipal sludge,Beijing,"Beijing, China",Neomycin,7500000,ng/g,2022,NA,"Zhou, J., Ping, R., Wu, H., Liu, H., Wang, X., Ren, A., Tian, S., Ma, Y., 2022. Recycling of neomycin fermentation residue using SEA-CBS technology: Growth performance and antibiotic resistance genes. Science of The Total Environment 807, 150860. https://doi.org/10.1016/j.scitotenv.2021.150860",N432
municipal sludge,Beijing,Beijing,Norfloxacin,2601850000,ng/g dw,2015,spring,"Ben, W. et al. Occurrence, removal and risk of organic micropollutants in wastewater treatment plants across China: Comparison of wastewater treatment processes. Water Research 130, 38-46, doi:10.1016/j.watres.2017.11.057 (2018).",121
municipal sludge,Beijing,Beijing,Ofloxacin,3150000000,ng/g dw,2015,spring,"Ben, W. et al. Occurrence, removal and risk of organic micropollutants in wastewater treatment plants across China: Comparison of wastewater treatment processes. Water Research 130, 38-46, doi:10.1016/j.watres.2017.11.057 (2018).",121
municipal sludge,Beijing,Beijing,Oxytetracycline,569755000,ng/g dw,2015,spring,"Ben, W. et al. Occurrence, removal and risk of organic micropollutants in wastewater treatment plants across China: Comparison of wastewater treatment processes. Water Research 130, 38-46, doi:10.1016/j.watres.2017.11.057 (2018).",121
municipal sludge,Beijing,"Beijing, Haidian district, Qinghe sewage treatment plant",Pipemidic Acid,222500000,ng/g dw,2008,summer,"Jia, A., Wan, Y., Xiao, Y. & Hu, J. Occurrence and fate of quinolone and fluoroquinolone antibiotics in a municipal sewage treatment plant. Water Res 46, 387-394, doi:10.1016/j.watres.2011.10.055 (2012).",181
municipal sludge,Beijing,Beijing,Roxithromycin,16200000,ng/g dw,2015,spring,"Ben, W. et al. Occurrence, removal and risk of organic micropollutants in wastewater treatment plants across China: Comparison of wastewater treatment processes. Water Research 130, 38-46, doi:10.1016/j.watres.2017.11.057 (2018).",121
municipal sludge,Beijing,Beijing,Sarafloxacin,700000,ng/g dw,2008,NA,"Gao, L. et al. Occurrence of antibiotics in eight sewage treatment plants in Beijing, China. Chemosphere 86, 665-671, doi:10.1016/j.chemosphere.2011.11.019 (2012).",160
municipal sludge,Beijing,"Beijing, Haidian district, Qinghe sewage treatment plant",Sparfloxacin,27500000,ng/g dw,2008,summer,"Jia, A., Wan, Y., Xiao, Y. & Hu, J. Occurrence and fate of quinolone and fluoroquinolone antibiotics in a municipal sewage treatment plant. Water Res 46, 387-394, doi:10.1016/j.watres.2011.10.055 (2012).",181
municipal sludge,Beijing,Beijing,Spiramycin,7800000,ng/g dw,2008,NA,"Gao, L. et al. Occurrence of antibiotics in eight sewage treatment plants in Beijing, China. Chemosphere 86, 665-671, doi:10.1016/j.chemosphere.2011.11.019 (2012).",160
municipal sludge,Beijing,Beijing,Sulfadiazine,3740000,ng/g dw,2015,spring,"Ben, W. et al. Occurrence, removal and risk of organic micropollutants in wastewater treatment plants across China: Comparison of wastewater treatment processes. Water Research 130, 38-46, doi:10.1016/j.watres.2017.11.057 (2018).",121
municipal sludge,Beijing,Beijing,Sulfadimethoxine,2960000,ng/g dw,2015,spring,"Ben, W. et al. Occurrence, removal and risk of organic micropollutants in wastewater treatment plants across China: Comparison of wastewater treatment processes. Water Research 130, 38-46, doi:10.1016/j.watres.2017.11.057 (2018).",121
municipal sludge,Beijing,Beijing,Sulfadimidine,800000,ng/g dw,2015,spring,"Ben, W. et al. Occurrence, removal and risk of organic micropollutants in wastewater treatment plants across China: Comparison of wastewater treatment processes. Water Research 130, 38-46, doi:10.1016/j.watres.2017.11.057 (2018).",121
municipal sludge,Beijing,Beijing,Sulfamerazine,7700000,ng/g dw,2015,spring,"Ben, W. et al. Occurrence, removal and risk of organic micropollutants in wastewater treatment plants across China: Comparison of wastewater treatment processes. Water Research 130, 38-46, doi:10.1016/j.watres.2017.11.057 (2018).",121
municipal sludge,Beijing,Beijing,Sulfamethizole,60000,ng/g dw,NA,NA,"Yuan, X., Qiang, Z., Ben, W., Zhu, B. & Liu, J. Rapid detection of multiple class pharmaceuticals in both municipal wastewater and sludge with ultra high performance liquid chromatography tandem mass spectrometry. Journal of Environmental Sciences 26, 1949-1959, doi:10.1016/j.jes.2014.06.022 (2014).",218
municipal sludge,Beijing,Beijing,Sulfamethoxazole,10740000,ng/g dw,2015,spring,"Ben, W. et al. Occurrence, removal and risk of organic micropollutants in wastewater treatment plants across China: Comparison of wastewater treatment processes. Water Research 130, 38-46, doi:10.1016/j.watres.2017.11.057 (2018).",121
municipal sludge,Beijing,Beijing,Sulfapyridine,38000000,ng/g dw,2008,NA,"Gao, L. et al. Occurrence of antibiotics in eight sewage treatment plants in Beijing, China. Chemosphere 86, 665-671, doi:10.1016/j.chemosphere.2011.11.019 (2012).",160
municipal sludge,Beijing,Beijing,Sulfathiazole,4035000,ng/g dw,2015,spring,"Ben, W. et al. Occurrence, removal and risk of organic micropollutants in wastewater treatment plants across China: Comparison of wastewater treatment processes. Water Research 130, 38-46, doi:10.1016/j.watres.2017.11.057 (2018).",121
municipal sludge,Beijing,Beijing,Tetracycline,167665000,ng/g dw,2015,spring,"Ben, W. et al. Occurrence, removal and risk of organic micropollutants in wastewater treatment plants across China: Comparison of wastewater treatment processes. Water Research 130, 38-46, doi:10.1016/j.watres.2017.11.057 (2018).",121
municipal sludge,Beijing,Beijing,Trimethoprim,106985000,ng/g dw,2015,spring,"Ben, W. et al. Occurrence, removal and risk of organic micropollutants in wastewater treatment plants across China: Comparison of wastewater treatment processes. Water Research 130, 38-46, doi:10.1016/j.watres.2017.11.057 (2018).",121
municipal sludge,Beijing,Beijing,Tylosin,200000,ng/g dw,2008,NA,"Gao, L. et al. Occurrence of antibiotics in eight sewage treatment plants in Beijing, China. Chemosphere 86, 665-671, doi:10.1016/j.chemosphere.2011.11.019 (2012).",160
municipal sludge,Chongqing,Chongqing,Azithromycin,466760000,ng/g dw,2015,spring,"Ben, W. et al. Occurrence, removal and risk of organic micropollutants in wastewater treatment plants across China: Comparison of wastewater treatment processes. Water Research 130, 38-46, doi:10.1016/j.watres.2017.11.057 (2018).",121
municipal sludge,Chongqing,Chongqing,Chlortetracycline,4250004.25,ng/g dw,2015,spring,"Ben, W. et al. Occurrence, removal and risk of organic micropollutants in wastewater treatment plants across China: Comparison of wastewater treatment processes. Water Research 130, 38-46, doi:10.1016/j.watres.2017.11.057 (2018).",121
municipal sludge,Chongqing,Chongqing,Ciprofloxacin,83300000,ng/g dw,2015,spring,"Ben, W. et al. Occurrence, removal and risk of organic micropollutants in wastewater treatment plants across China: Comparison of wastewater treatment processes. Water Research 130, 38-46, doi:10.1016/j.watres.2017.11.057 (2018).",121
municipal sludge,Chongqing,Chongqing,Clarithromycin,5300000,ng/g dw,2015,spring,"Ben, W. et al. Occurrence, removal and risk of organic micropollutants in wastewater treatment plants across China: Comparison of wastewater treatment processes. Water Research 130, 38-46, doi:10.1016/j.watres.2017.11.057 (2018).",121
municipal sludge,Chongqing,Chongqing,Doxycycline,13600000,ng/g dw,2015,spring,"Ben, W. et al. Occurrence, removal and risk of organic micropollutants in wastewater treatment plants across China: Comparison of wastewater treatment processes. Water Research 130, 38-46, doi:10.1016/j.watres.2017.11.057 (2018).",121
municipal sludge,Chongqing,Chongqing,Enrofloxacin,6600000,ng/g dw,2015,spring,"Ben, W. et al. Occurrence, removal and risk of organic micropollutants in wastewater treatment plants across China: Comparison of wastewater treatment processes. Water Research 130, 38-46, doi:10.1016/j.watres.2017.11.057 (2018).",121
municipal sludge,Chongqing,Chongqing,Erythromycin,8640000,ng/g dw,2012,autumn,"Gan, X. et al. Occurrence and Fate of Typical Antibiotics in a Wastewater Treatment Plant in Southwest China. Environmental science 35, 1817-1823 (2014).",201
municipal sludge,Chongqing,Chongqing,Erythromycin-H2O,8640000,ng/g dw,2015,spring,"Ben, W. et al. Occurrence, removal and risk of organic micropollutants in wastewater treatment plants across China: Comparison of wastewater treatment processes. Water Research 130, 38-46, doi:10.1016/j.watres.2017.11.057 (2018).",121
municipal sludge,Chongqing,Chongqing,Lomefloxacin,75300000,ng/g dw,2015,spring,"Ben, W. et al. Occurrence, removal and risk of organic micropollutants in wastewater treatment plants across China: Comparison of wastewater treatment processes. Water Research 130, 38-46, doi:10.1016/j.watres.2017.11.057 (2018).",121
municipal sludge,Chongqing,Chongqing,Moxifloxacin,16050000,ng/g dw,2012,autumn,"Gan, X. et al. Occurrence and Fate of Typical Antibiotics in a Wastewater Treatment Plant in Southwest China. Environmental science 35, 1817-1823 (2014).",201
municipal sludge,Chongqing,Chongqing,Norfloxacin,275360000,ng/g dw,2015,spring,"Ben, W. et al. Occurrence, removal and risk of organic micropollutants in wastewater treatment plants across China: Comparison of wastewater treatment processes. Water Research 130, 38-46, doi:10.1016/j.watres.2017.11.057 (2018).",121
municipal sludge,Chongqing,Chongqing,Ofloxacin,284015000,ng/g dw,2015,spring,"Ben, W. et al. Occurrence, removal and risk of organic micropollutants in wastewater treatment plants across China: Comparison of wastewater treatment processes. Water Research 130, 38-46, doi:10.1016/j.watres.2017.11.057 (2018).",121
municipal sludge,Chongqing,Chongqing,Oxytetracycline,387800000,ng/g dw,2015,spring,"Ben, W. et al. Occurrence, removal and risk of organic micropollutants in wastewater treatment plants across China: Comparison of wastewater treatment processes. Water Research 130, 38-46, doi:10.1016/j.watres.2017.11.057 (2018).",121
municipal sludge,Chongqing,Chongqing,Roxithromycin,43780000,ng/g dw,2015,spring,"Ben, W. et al. Occurrence, removal and risk of organic micropollutants in wastewater treatment plants across China: Comparison of wastewater treatment processes. Water Research 130, 38-46, doi:10.1016/j.watres.2017.11.057 (2018).",121
municipal sludge,Chongqing,Chongqing,Sulfadiazine,3570000,ng/g dw,2015,spring,"Ben, W. et al. Occurrence, removal and risk of organic micropollutants in wastewater treatment plants across China: Comparison of wastewater treatment processes. Water Research 130, 38-46, doi:10.1016/j.watres.2017.11.057 (2018).",121
municipal sludge,Chongqing,Chongqing,Sulfadimethoxine,4900000,ng/g dw,2015,spring,"Ben, W. et al. Occurrence, removal and risk of organic micropollutants in wastewater treatment plants across China: Comparison of wastewater treatment processes. Water Research 130, 38-46, doi:10.1016/j.watres.2017.11.057 (2018).",121
municipal sludge,Chongqing,Chongqing,Sulfadimidine,1620000,ng/g dw,2015,spring,"Ben, W. et al. Occurrence, removal and risk of organic micropollutants in wastewater treatment plants across China: Comparison of wastewater treatment processes. Water Research 130, 38-46, doi:10.1016/j.watres.2017.11.057 (2018).",121
municipal sludge,Chongqing,Chongqing,Sulfamerazine,15300000,ng/g dw,2015,spring,"Ben, W. et al. Occurrence, removal and risk of organic micropollutants in wastewater treatment plants across China: Comparison of wastewater treatment processes. Water Research 130, 38-46, doi:10.1016/j.watres.2017.11.057 (2018).",121
municipal sludge,Chongqing,Chongqing,Sulfamethoxazole,4200000,ng/g dw,2015,spring,"Ben, W. et al. Occurrence, removal and risk of organic micropollutants in wastewater treatment plants across China: Comparison of wastewater treatment processes. Water Research 130, 38-46, doi:10.1016/j.watres.2017.11.057 (2018).",121
municipal sludge,Chongqing,Chongqing,Sulfathiazole,7100000,ng/g dw,2015,spring,"Ben, W. et al. Occurrence, removal and risk of organic micropollutants in wastewater treatment plants across China: Comparison of wastewater treatment processes. Water Research 130, 38-46, doi:10.1016/j.watres.2017.11.057 (2018).",121
municipal sludge,Chongqing,Chongqing,Tetracycline,57400000,ng/g dw,2015,spring,"Ben, W. et al. Occurrence, removal and risk of organic micropollutants in wastewater treatment plants across China: Comparison of wastewater treatment processes. Water Research 130, 38-46, doi:10.1016/j.watres.2017.11.057 (2018).",121
municipal sludge,Chongqing,Chongqing,Trimethoprim,10805000,ng/g dw,2015,spring,"Ben, W. et al. Occurrence, removal and risk of organic micropollutants in wastewater treatment plants across China: Comparison of wastewater treatment processes. Water Research 130, 38-46, doi:10.1016/j.watres.2017.11.057 (2018).",121
municipal sludge,Fujian,Xiamen,Chlortetracycline,1260000000,ng/g dw,2016,spring,"Ashfaq, M. et al. Occurrence, fate, and mass balance of different classes of pharmaceuticals and personal care products in an anaerobic-anoxic-oxic wastewater treatment plant in Xiamen, China. Water Res 123, 655-667, doi:10.1016/j.watres.2017.07.014 (2017).",118
municipal sludge,Fujian,Xiamen,Ciprofloxacin,313000000,ng/g dw,2016,spring,"Ashfaq, M. et al. Occurrence, fate, and mass balance of different classes of pharmaceuticals and personal care products in an anaerobic-anoxic-oxic wastewater treatment plant in Xiamen, China. Water Res 123, 655-667, doi:10.1016/j.watres.2017.07.014 (2017).",118
municipal sludge,Fujian,Xiamen,Danofloxacin,3450000,ng/g dw,2016,spring,"Ashfaq, M. et al. Occurrence, fate, and mass balance of different classes of pharmaceuticals and personal care products in an anaerobic-anoxic-oxic wastewater treatment plant in Xiamen, China. Water Res 123, 655-667, doi:10.1016/j.watres.2017.07.014 (2017).",118
municipal sludge,Fujian,Xiamen,Enrofloxacin,23600000,ng/g dw,2016,spring,"Ashfaq, M. et al. Occurrence, fate, and mass balance of different classes of pharmaceuticals and personal care products in an anaerobic-anoxic-oxic wastewater treatment plant in Xiamen, China. Water Res 123, 655-667, doi:10.1016/j.watres.2017.07.014 (2017).",118
municipal sludge,Fujian,Xiamen,Ofloxacin,4870000000,ng/g dw,2016,spring,"Ashfaq, M. et al. Occurrence, fate, and mass balance of different classes of pharmaceuticals and personal care products in an anaerobic-anoxic-oxic wastewater treatment plant in Xiamen, China. Water Res 123, 655-667, doi:10.1016/j.watres.2017.07.014 (2017).",118
municipal sludge,Fujian,Xiamen,Sulfadiazine,1821000,ng/g dw,2016,spring,"Ashfaq, M. et al. Occurrence, fate, and mass balance of different classes of pharmaceuticals and personal care products in an anaerobic-anoxic-oxic wastewater treatment plant in Xiamen, China. Water Res 123, 655-667, doi:10.1016/j.watres.2017.07.014 (2017).",118
municipal sludge,Fujian,Xiamen,Sulfadimidine,1985500,ng/g dw,2016,spring,"Ashfaq, M. et al. Occurrence, fate, and mass balance of different classes of pharmaceuticals and personal care products in an anaerobic-anoxic-oxic wastewater treatment plant in Xiamen, China. Water Res 123, 655-667, doi:10.1016/j.watres.2017.07.014 (2017).",118
municipal sludge,Fujian,Xiamen,Sulfamethoxazole,2850000,ng/g dw,2016,spring,"Ashfaq, M. et al. Occurrence, fate, and mass balance of different classes of pharmaceuticals and personal care products in an anaerobic-anoxic-oxic wastewater treatment plant in Xiamen, China. Water Res 123, 655-667, doi:10.1016/j.watres.2017.07.014 (2017).",118
municipal sludge,Fujian,Xiamen,Tetracycline,1030000000,ng/g dw,2016,spring,"Ashfaq, M. et al. Occurrence, fate, and mass balance of different classes of pharmaceuticals and personal care products in an anaerobic-anoxic-oxic wastewater treatment plant in Xiamen, China. Water Res 123, 655-667, doi:10.1016/j.watres.2017.07.014 (2017).",118
municipal sludge,Fujian,"Fuzhou, Fujian Province, China",Vancomycin,632200,ng/g,2023,NA,"Zhang, M., Chen, Q., Zhang, R., Zhang, Y., Wang, F., He, M., Guo, X., Yang, J., Zhang, X., Mu, J., 2023. Pyrolysis of Ca/Fe-rich antibiotic fermentation residues into biochars for efficient phosphate removal/recovery from wastewater: Turning hazardous waste to phosphorous fertilizer. Science of The Total Environment 869, 161732. https://doi.org/10.1016/j.scitotenv.2023.161732",N396
municipal sludge,Gansu,Lanzhou,Chloramphenicol,480,ng/g dw,2014,winter,"Gao, J. et al. Occurrence and the fate of typical antibiotics in sewage treatment plants in Lanzhou. Huanjing Kexue Xuebao 36, 3765-3773, doi:10.13671/j.hjkxxb.2016.0074 (2016).",135
municipal sludge,Gansu,Lanzhou,Ciprofloxacin,11250011.25,ng/g dw,2014,winter,"Gao, J. et al. Occurrence and the fate of typical antibiotics in sewage treatment plants in Lanzhou. Huanjing Kexue Xuebao 36, 3765-3773, doi:10.13671/j.hjkxxb.2016.0074 (2016).",135
municipal sludge,Gansu,Lanzhou,Enrofloxacin,13750013.75,ng/g dw,2014,winter,"Gao, J. et al. Occurrence and the fate of typical antibiotics in sewage treatment plants in Lanzhou. Huanjing Kexue Xuebao 36, 3765-3773, doi:10.13671/j.hjkxxb.2016.0074 (2016).",135
municipal sludge,Gansu,Lanzhou,Norfloxacin,7500007.5,ng/g dw,2014,winter,"Gao, J. et al. Occurrence and the fate of typical antibiotics in sewage treatment plants in Lanzhou. Huanjing Kexue Xuebao 36, 3765-3773, doi:10.13671/j.hjkxxb.2016.0074 (2016).",135
municipal sludge,Gansu,Lanzhou,Ofloxacin,81250081.25,ng/g dw,2014,winter,"Gao, J. et al. Occurrence and the fate of typical antibiotics in sewage treatment plants in Lanzhou. Huanjing Kexue Xuebao 36, 3765-3773, doi:10.13671/j.hjkxxb.2016.0074 (2016).",135
municipal sludge,Gansu,Lanzhou,Sulfadiazine,2500002.5,ng/g dw,2014,winter,"Gao, J. et al. Occurrence and the fate of typical antibiotics in sewage treatment plants in Lanzhou. Huanjing Kexue Xuebao 36, 3765-3773, doi:10.13671/j.hjkxxb.2016.0074 (2016).",135
municipal sludge,Gansu,Lanzhou,Sulfadimethoxine,100,ng/g dw,2014,winter,"Gao, J. et al. Occurrence and the fate of typical antibiotics in sewage treatment plants in Lanzhou. Huanjing Kexue Xuebao 36, 3765-3773, doi:10.13671/j.hjkxxb.2016.0074 (2016).",135
municipal sludge,Gansu,Lanzhou,Sulfadimidine,302.5,ng/g dw,2014,winter,"Gao, J. et al. Occurrence and the fate of typical antibiotics in sewage treatment plants in Lanzhou. Huanjing Kexue Xuebao 36, 3765-3773, doi:10.13671/j.hjkxxb.2016.0074 (2016).",135
municipal sludge,Gansu,Lanzhou,Sulfamerazine,937.5,ng/g dw,2014,winter,"Gao, J. et al. Occurrence and the fate of typical antibiotics in sewage treatment plants in Lanzhou. Huanjing Kexue Xuebao 36, 3765-3773, doi:10.13671/j.hjkxxb.2016.0074 (2016).",135
municipal sludge,Gansu,Lanzhou,Sulfamethoxazole,357.5,ng/g dw,2014,winter,"Gao, J. et al. Occurrence and the fate of typical antibiotics in sewage treatment plants in Lanzhou. Huanjing Kexue Xuebao 36, 3765-3773, doi:10.13671/j.hjkxxb.2016.0074 (2016).",135
municipal sludge,Gansu,Lanzhou,Sulfamonomethoxine,255,ng/g dw,2014,winter,"Gao, J. et al. Occurrence and the fate of typical antibiotics in sewage treatment plants in Lanzhou. Huanjing Kexue Xuebao 36, 3765-3773, doi:10.13671/j.hjkxxb.2016.0074 (2016).",135
municipal sludge,Gansu,Lanzhou,Sulfapyridine,175.00000000000003,ng/g dw,2014,winter,"Gao, J. et al. Occurrence and the fate of typical antibiotics in sewage treatment plants in Lanzhou. Huanjing Kexue Xuebao 36, 3765-3773, doi:10.13671/j.hjkxxb.2016.0074 (2016).",135
municipal sludge,Gansu,Lanzhou,Trimethoprim,932.5,ng/g dw,2014,winter,"Gao, J. et al. Occurrence and the fate of typical antibiotics in sewage treatment plants in Lanzhou. Huanjing Kexue Xuebao 36, 3765-3773, doi:10.13671/j.hjkxxb.2016.0074 (2016).",135
municipal sludge,Guangdong,Guangdong,Chloramphenicol,66000000,ng/g dw,2013,spring,"Li, G., Yang, H., An, T. & Lu, Y. Antibiotics elimination and risk reduction at two drinking water treatment plants by using different conventional treatment techniques. Ecotoxicology and Environmental Safety 158, 154-161, doi:10.1016/j.ecoenv.2018.04.019 (2018).",138
municipal sludge,Guangdong,"Yunfu, Xinxing County",Chlortetracycline,167513525,ng/g dw,2016,summer,"Zhang, M. et al. Occurrence, fate and mass loadings of antibiotics in two swine wastewater treatment systems. Sci Total Environ 639, 1421-1431, doi:10.1016/j.scitotenv.2018.05.230 (2018).",155
municipal sludge,Guangdong,Guangdong,Ciprofloxacin,629,ng/g dw,2013,spring,"Li, G., Yang, H., An, T. & Lu, Y. Antibiotics elimination and risk reduction at two drinking water treatment plants by using different conventional treatment techniques. Ecotoxicology and Environmental Safety 158, 154-161, doi:10.1016/j.ecoenv.2018.04.019 (2018).",138
municipal sludge,Guangdong,"Huizhou, Huiyang district, Huiyang wastewater treatment plants",Clarithromycin,38.15,ng/g dw,2010,autumn,"Zhou, L.-J. et al. Simultaneous determination of human and veterinary antibiotics in various environmental matrices by rapid resolution liquid chromatographyelectrospray ionization tandem mass spectrometry. Journal of Chromatography A 1244 (2012).",190
municipal sludge,Guangdong,"Yunfu, Xinxing County",Doxycycline,109.5,ng/g dw,2016,summer,"Zhang, M. et al. Occurrence, fate and mass loadings of antibiotics in two swine wastewater treatment systems. Sci Total Environ 639, 1421-1431, doi:10.1016/j.scitotenv.2018.05.230 (2018).",155
municipal sludge,Guangdong,Guangdong,Enoxacin,60000000,ng/g dw,2013,spring,"Li, G., Yang, H., An, T. & Lu, Y. Antibiotics elimination and risk reduction at two drinking water treatment plants by using different conventional treatment techniques. Ecotoxicology and Environmental Safety 158, 154-161, doi:10.1016/j.ecoenv.2018.04.019 (2018).",138
municipal sludge,Guangdong,Guangdong,Enrofloxacin,55,ng/g dw,2013,spring,"Li, G., Yang, H., An, T. & Lu, Y. Antibiotics elimination and risk reduction at two drinking water treatment plants by using different conventional treatment techniques. Ecotoxicology and Environmental Safety 158, 154-161, doi:10.1016/j.ecoenv.2018.04.019 (2018).",138
municipal sludge,Guangdong,"Guangzhou, Huangpu district, Kaifaqu",Erythromycin-H2O,65100000,ng/g dw,2005,autumn,"Xu, W. et al. Occurrence and elimination of antibiotics at four sewage treatment plants in the Pearl River Delta (PRD), South China. Water Research 41 (2007).",1
municipal sludge,Guangdong,"Huizhou, Huiyang district, Huiyang wastewater treatment plants",Fleroxacin,32.3,ng/g dw,2010,autumn,"Zhou, L.-J. et al. Simultaneous determination of human and veterinary antibiotics in various environmental matrices by rapid resolution liquid chromatographyelectrospray ionization tandem mass spectrometry. Journal of Chromatography A 1244 (2012).",190
municipal sludge,Guangdong,Guangdong,Levofloxacin,79000000,ng/g dw,2013,spring,"Li, G., Yang, H., An, T. & Lu, Y. Antibiotics elimination and risk reduction at two drinking water treatment plants by using different conventional treatment techniques. Ecotoxicology and Environmental Safety 158, 154-161, doi:10.1016/j.ecoenv.2018.04.019 (2018).",138
municipal sludge,Guangdong,"Yunfu, Xinxing County",Lincomycin,20.6,ng/g dw,2016,summer,"Zhang, M. et al. Occurrence, fate and mass loadings of antibiotics in two swine wastewater treatment systems. Sci Total Environ 639, 1421-1431, doi:10.1016/j.scitotenv.2018.05.230 (2018).",155
municipal sludge,Guangdong,Guangdong,Lomefloxacin,84.44999999999999,ng/g dw,2013,spring,"Li, G., Yang, H., An, T. & Lu, Y. Antibiotics elimination and risk reduction at two drinking water treatment plants by using different conventional treatment techniques. Ecotoxicology and Environmental Safety 158, 154-161, doi:10.1016/j.ecoenv.2018.04.019 (2018).",138
municipal sludge,Guangdong,"Yunfu, Xinxing County",Marbofloxacin,5250000,ng/g dw,2016,summer,"Zhang, M. et al. Occurrence, fate and mass loadings of antibiotics in two swine wastewater treatment systems. Sci Total Environ 639, 1421-1431, doi:10.1016/j.scitotenv.2018.05.230 (2018).",155
municipal sludge,Guangdong,"Yunfu, Xinxing County",Methacycline,19.1,ng/g dw,2016,summer,"Zhang, M. et al. Occurrence, fate and mass loadings of antibiotics in two swine wastewater treatment systems. Sci Total Environ 639, 1421-1431, doi:10.1016/j.scitotenv.2018.05.230 (2018).",155
municipal sludge,Guangdong,Guangdong,Nadifloxacin,73000000,ng/g dw,2013,spring,"Li, G., Yang, H., An, T. & Lu, Y. Antibiotics elimination and risk reduction at two drinking water treatment plants by using different conventional treatment techniques. Ecotoxicology and Environmental Safety 158, 154-161, doi:10.1016/j.ecoenv.2018.04.019 (2018).",138
municipal sludge,Guangdong,"Guangzhou, Huangpu district, Kaifaqu",Norfloxacin,4240,ng/g dw,2005,autumn,"Xu, W. et al. Occurrence and elimination of antibiotics at four sewage treatment plants in the Pearl River Delta (PRD), South China. Water Research 41 (2007).",1
municipal sludge,Guangdong,"Guangzhou, Huangpu district, Kaifaqu",Ofloxacin,3280,ng/g dw,2005,autumn,"Xu, W. et al. Occurrence and elimination of antibiotics at four sewage treatment plants in the Pearl River Delta (PRD), South China. Water Research 41 (2007).",1
municipal sludge,Guangdong,"Yunfu, Xinxing County",Oxytetracycline,872,ng/g dw,2016,summer,"Zhang, M. et al. Occurrence, fate and mass loadings of antibiotics in two swine wastewater treatment systems. Sci Total Environ 639, 1421-1431, doi:10.1016/j.scitotenv.2018.05.230 (2018).",155
municipal sludge,Guangdong,"Yunfu, Xinxing County",Pefloxacin,20.450000000000003,ng/g dw,2016,summer,"Zhang, M. et al. Occurrence, fate and mass loadings of antibiotics in two swine wastewater treatment systems. Sci Total Environ 639, 1421-1431, doi:10.1016/j.scitotenv.2018.05.230 (2018).",155
municipal sludge,Guangdong,"Guangzhou, Huangpu district, Kaifaqu",Roxithromycin,40.5,ng/g dw,2005,autumn,"Xu, W. et al. Occurrence and elimination of antibiotics at four sewage treatment plants in the Pearl River Delta (PRD), South China. Water Research 41 (2007).",1
municipal sludge,Guangdong,"Yunfu, Xinxing County",Sarafloxacin,2175000,ng/g dw,2016,summer,"Zhang, M. et al. Occurrence, fate and mass loadings of antibiotics in two swine wastewater treatment systems. Sci Total Environ 639, 1421-1431, doi:10.1016/j.scitotenv.2018.05.230 (2018).",155
municipal sludge,Guangdong,Guangdong,Sulfacetamide,89000000,ng/g dw,2013,spring,"Li, G., Yang, H., An, T. & Lu, Y. Antibiotics elimination and risk reduction at two drinking water treatment plants by using different conventional treatment techniques. Ecotoxicology and Environmental Safety 158, 154-161, doi:10.1016/j.ecoenv.2018.04.019 (2018).",138
municipal sludge,Guangdong,Guangdong,Sulfachinoxaline,63000000,ng/g dw,2013,spring,"Li, G., Yang, H., An, T. & Lu, Y. Antibiotics elimination and risk reduction at two drinking water treatment plants by using different conventional treatment techniques. Ecotoxicology and Environmental Safety 158, 154-161, doi:10.1016/j.ecoenv.2018.04.019 (2018).",138
municipal sludge,Guangdong,Guangdong,Sulfachloropyridazine,100500000,ng/g dw,2013,spring,"Li, G., Yang, H., An, T. & Lu, Y. Antibiotics elimination and risk reduction at two drinking water treatment plants by using different conventional treatment techniques. Ecotoxicology and Environmental Safety 158, 154-161, doi:10.1016/j.ecoenv.2018.04.019 (2018).",138
municipal sludge,Guangdong,Guangdong,Sulfadiazine,3065000,ng/g dw,2013,spring,"Li, G., Yang, H., An, T. & Lu, Y. Antibiotics elimination and risk reduction at two drinking water treatment plants by using different conventional treatment techniques. Ecotoxicology and Environmental Safety 158, 154-161, doi:10.1016/j.ecoenv.2018.04.019 (2018).",138
municipal sludge,Guangdong,"Yunfu, Xinxing County",Sulfadimethoxine,5907500,ng/g dw,2016,summer,"Zhang, M. et al. Occurrence, fate and mass loadings of antibiotics in two swine wastewater treatment systems. Sci Total Environ 639, 1421-1431, doi:10.1016/j.scitotenv.2018.05.230 (2018).",155
municipal sludge,Guangdong,"Guangzhou, Tianhe district, Liede",Sulfadimidine,3.95,ng/g dw,2005,autumn,"Xu, W. et al. Occurrence and elimination of antibiotics at four sewage treatment plants in the Pearl River Delta (PRD), South China. Water Research 41 (2007).",1
municipal sludge,Guangdong,Guangdong,Sulfafurazole,70000000,ng/g dw,2013,spring,"Li, G., Yang, H., An, T. & Lu, Y. Antibiotics elimination and risk reduction at two drinking water treatment plants by using different conventional treatment techniques. Ecotoxicology and Environmental Safety 158, 154-161, doi:10.1016/j.ecoenv.2018.04.019 (2018).",138
municipal sludge,Guangdong,Guangdong,Sulfamerazine,41846250,ng/g dw,2013,spring,"Li, G., Yang, H., An, T. & Lu, Y. Antibiotics elimination and risk reduction at two drinking water treatment plants by using different conventional treatment techniques. Ecotoxicology and Environmental Safety 158, 154-161, doi:10.1016/j.ecoenv.2018.04.019 (2018).",138
municipal sludge,Guangdong,Pearl River Delta,Sulfameter,44310000,ng/g dw,NA,NA,"Li, Y. W., Mo, C. H., Zhao, N., Zhang, R. J. & Yi, R. H. Determination of sulfonamides antibiotics in water and soil using high performance liquid chromatography. Fenxi Huaxue Chin. J. Anal. Chem. 36, 954-958 (2008).",2
municipal sludge,Guangdong,"Guangzhou, Tianhe district, Liede",Sulfamethoxazole,20000000,ng/g dw,2005,autumn,"Xu, W. et al. Occurrence and elimination of antibiotics at four sewage treatment plants in the Pearl River Delta (PRD), South China. Water Research 41 (2007).",1
municipal sludge,Guangdong,"Yunfu, Xinxing County",Sulfamonomethoxine,176500000,ng/g dw,2016,summer,"Zhang, M. et al. Occurrence, fate and mass loadings of antibiotics in two swine wastewater treatment systems. Sci Total Environ 639, 1421-1431, doi:10.1016/j.scitotenv.2018.05.230 (2018).",155
municipal sludge,Guangdong,Guangdong,Sulfanilamide,73000000,ng/g dw,2013,spring,"Li, G., Yang, H., An, T. & Lu, Y. Antibiotics elimination and risk reduction at two drinking water treatment plants by using different conventional treatment techniques. Ecotoxicology and Environmental Safety 158, 154-161, doi:10.1016/j.ecoenv.2018.04.019 (2018).",138
municipal sludge,Guangdong,Guangdong,Sulfapyridine,2.6550000000000002,ng/g dw,2013,spring,"Li, G., Yang, H., An, T. & Lu, Y. Antibiotics elimination and risk reduction at two drinking water treatment plants by using different conventional treatment techniques. Ecotoxicology and Environmental Safety 158, 154-161, doi:10.1016/j.ecoenv.2018.04.019 (2018).",138
municipal sludge,Guangdong,Guangdong,Sulfathiazole,75000000,ng/g dw,2013,spring,"Li, G., Yang, H., An, T. & Lu, Y. Antibiotics elimination and risk reduction at two drinking water treatment plants by using different conventional treatment techniques. Ecotoxicology and Environmental Safety 158, 154-161, doi:10.1016/j.ecoenv.2018.04.019 (2018).",138
municipal sludge,Guangdong,"Yunfu, Xinxing County",Tetracycline,502.5,ng/g dw,2016,summer,"Zhang, M. et al. Occurrence, fate and mass loadings of antibiotics in two swine wastewater treatment systems. Sci Total Environ 639, 1421-1431, doi:10.1016/j.scitotenv.2018.05.230 (2018).",155
municipal sludge,Guangdong,"Yunfu, Xinxing County",Trimethoprim,7190000,ng/g dw,2016,summer,"Zhang, M. et al. Occurrence, fate and mass loadings of antibiotics in two swine wastewater treatment systems. Sci Total Environ 639, 1421-1431, doi:10.1016/j.scitotenv.2018.05.230 (2018).",155
municipal sludge,Guangxi,NA,Oxytetracycline,16090,ng/g,2023,NA,制药污水处理厂污泥中抗生素的污染特征及风险评估_生产负荷的影响_彭薪屹-2.pdf,N451
municipal sludge,Guangxi,NA,Tetracycline,150500,ng/g,2023,NA,制药污水处理厂污泥中抗生素的污染特征及风险评估_生产负荷的影响_彭薪屹-2.pdf,N451
municipal sludge,Guizhou,Yangjie River,Amoxicillin,20120000,ng/g dw,2016,spring,"Hu, J., Zhou, J., Zhou, S., Wu, P. & Tsang, Y. F. Occurrence and fate of antibiotics in a wastewater treatment plant and their biological effects on receiving waters in Guizhou. Process Safety and Environmental Protection 113, 483-490, doi:10.1016/j.psep.2017.12.003 (2018).",127
municipal sludge,Guizhou,Yangjie River,Azithromycin,438850000,ng/g dw,2016,spring,"Hu, J., Zhou, J., Zhou, S., Wu, P. & Tsang, Y. F. Occurrence and fate of antibiotics in a wastewater treatment plant and their biological effects on receiving waters in Guizhou. Process Safety and Environmental Protection 113, 483-490, doi:10.1016/j.psep.2017.12.003 (2018).",127
municipal sludge,Guizhou,Yangjie River,Chlortetracycline,5175038.99,ng/g dw,2016,spring,"Hu, J., Zhou, J., Zhou, S., Wu, P. & Tsang, Y. F. Occurrence and fate of antibiotics in a wastewater treatment plant and their biological effects on receiving waters in Guizhou. Process Safety and Environmental Protection 113, 483-490, doi:10.1016/j.psep.2017.12.003 (2018).",127
municipal sludge,Guizhou,Yangjie River,Ciprofloxacin,83615000,ng/g dw,2016,spring,"Hu, J., Zhou, J., Zhou, S., Wu, P. & Tsang, Y. F. Occurrence and fate of antibiotics in a wastewater treatment plant and their biological effects on receiving waters in Guizhou. Process Safety and Environmental Protection 113, 483-490, doi:10.1016/j.psep.2017.12.003 (2018).",127
municipal sludge,Guizhou,Yangjie River,Doxycycline,65510000.00000001,ng/g dw,2016,spring,"Hu, J., Zhou, J., Zhou, S., Wu, P. & Tsang, Y. F. Occurrence and fate of antibiotics in a wastewater treatment plant and their biological effects on receiving waters in Guizhou. Process Safety and Environmental Protection 113, 483-490, doi:10.1016/j.psep.2017.12.003 (2018).",127
municipal sludge,Guizhou,Yangjie River,Enrofloxacin,143680000,ng/g dw,2016,spring,"Hu, J., Zhou, J., Zhou, S., Wu, P. & Tsang, Y. F. Occurrence and fate of antibiotics in a wastewater treatment plant and their biological effects on receiving waters in Guizhou. Process Safety and Environmental Protection 113, 483-490, doi:10.1016/j.psep.2017.12.003 (2018).",127
municipal sludge,Guizhou,Yangjie River,Erythromycin-H2O,8369999.999999999,ng/g dw,2016,spring,"Hu, J., Zhou, J., Zhou, S., Wu, P. & Tsang, Y. F. Occurrence and fate of antibiotics in a wastewater treatment plant and their biological effects on receiving waters in Guizhou. Process Safety and Environmental Protection 113, 483-490, doi:10.1016/j.psep.2017.12.003 (2018).",127
municipal sludge,Guizhou,Yangjie River,Norfloxacin,122590000,ng/g dw,2016,spring,"Hu, J., Zhou, J., Zhou, S., Wu, P. & Tsang, Y. F. Occurrence and fate of antibiotics in a wastewater treatment plant and their biological effects on receiving waters in Guizhou. Process Safety and Environmental Protection 113, 483-490, doi:10.1016/j.psep.2017.12.003 (2018).",127
municipal sludge,Guizhou,Yangjie River,Ofloxacin,155310000,ng/g dw,2016,spring,"Hu, J., Zhou, J., Zhou, S., Wu, P. & Tsang, Y. F. Occurrence and fate of antibiotics in a wastewater treatment plant and their biological effects on receiving waters in Guizhou. Process Safety and Environmental Protection 113, 483-490, doi:10.1016/j.psep.2017.12.003 (2018).",127
municipal sludge,Guizhou,Yangjie River,Oxytetracycline,80270000,ng/g dw,2016,spring,"Hu, J., Zhou, J., Zhou, S., Wu, P. & Tsang, Y. F. Occurrence and fate of antibiotics in a wastewater treatment plant and their biological effects on receiving waters in Guizhou. Process Safety and Environmental Protection 113, 483-490, doi:10.1016/j.psep.2017.12.003 (2018).",127
municipal sludge,Guizhou,Yangjie River,Roxithromycin,45670000,ng/g dw,2016,spring,"Hu, J., Zhou, J., Zhou, S., Wu, P. & Tsang, Y. F. Occurrence and fate of antibiotics in a wastewater treatment plant and their biological effects on receiving waters in Guizhou. Process Safety and Environmental Protection 113, 483-490, doi:10.1016/j.psep.2017.12.003 (2018).",127
municipal sludge,Guizhou,Yangjie River,Sulfachloropyridazine,2280000,ng/g dw,2016,spring,"Hu, J., Zhou, J., Zhou, S., Wu, P. & Tsang, Y. F. Occurrence and fate of antibiotics in a wastewater treatment plant and their biological effects on receiving waters in Guizhou. Process Safety and Environmental Protection 113, 483-490, doi:10.1016/j.psep.2017.12.003 (2018).",127
municipal sludge,Guizhou,Yangjie River,Sulfadimethoxine,1060000,ng/g dw,2016,spring,"Hu, J., Zhou, J., Zhou, S., Wu, P. & Tsang, Y. F. Occurrence and fate of antibiotics in a wastewater treatment plant and their biological effects on receiving waters in Guizhou. Process Safety and Environmental Protection 113, 483-490, doi:10.1016/j.psep.2017.12.003 (2018).",127
municipal sludge,Guizhou,Yangjie River,Sulfadimidine,10515000,ng/g dw,2016,spring,"Hu, J., Zhou, J., Zhou, S., Wu, P. & Tsang, Y. F. Occurrence and fate of antibiotics in a wastewater treatment plant and their biological effects on receiving waters in Guizhou. Process Safety and Environmental Protection 113, 483-490, doi:10.1016/j.psep.2017.12.003 (2018).",127
municipal sludge,Guizhou,Yangjie River,Tetracycline,60125060.125,ng/g dw,2016,spring,"Hu, J., Zhou, J., Zhou, S., Wu, P. & Tsang, Y. F. Occurrence and fate of antibiotics in a wastewater treatment plant and their biological effects on receiving waters in Guizhou. Process Safety and Environmental Protection 113, 483-490, doi:10.1016/j.psep.2017.12.003 (2018).",127
municipal sludge,Hebei,Shijiazhuang,Apo-Oxytetracycline,50250000000,ng/g dw,2004,NA,"Li, D. et al. Determination and fate of oxytetracycline and related compounds in oxytetracycline production wastewater and the receiving river. Environmental Toxicology and Chemistry 27, 80-86, doi:10.1897/07-080.1 (2008).",223
municipal sludge,Hebei,"Hebei and Shandong Province, China",Bacitracin,92000,ng/g,2022,NA,"Wang, Yidi, Zhao, X., Wang, Yongkang, Wang, I., Turap, Y., Wang, W., 2022. Hydrothermal treatment enhances the removal of antibiotic resistance genes, dewatering, and biogas production in antibiotic fermentation residues. JOURNAL OF HAZARDOUS MATERIALS 435. https://doi.org/10.1016/j.jhazmat.2022.128901",N338
municipal sludge,Hebei,"Zhangjiakou, Yanghe River",Ciprofloxacin,164270000,ng/g dw,2017,NA,"Zhou, Y. et al. Which type of pollutants need to be controlled with priority in wastewater treatment plants: Traditional or emerging pollutants? Environment International 131, doi:10.1016/j.envint.2019.104982 (2019).",46
municipal sludge,Hebei,"Zhangjiakou, Yanghe River",Clarithromycin,5030000,ng/g dw,2017,NA,"Zhou, Y. et al. Which type of pollutants need to be controlled with priority in wastewater treatment plants: Traditional or emerging pollutants? Environment International 131, doi:10.1016/j.envint.2019.104982 (2019).",46
municipal sludge,Hebei,"Hebei and Shandong Province, China",Deacetoxycephalosporin,84000,ng/g,2022,NA,"Wang, Yidi, Zhao, X., Wang, Yongkang, Wang, I., Turap, Y., Wang, W., 2022. Hydrothermal treatment enhances the removal of antibiotic resistance genes, dewatering, and biogas production in antibiotic fermentation residues. JOURNAL OF HAZARDOUS MATERIALS 435. https://doi.org/10.1016/j.jhazmat.2022.128901",N338
municipal sludge,Hebei,"Zhangjiakou, Yanghe River",Dehydroerythromycin,7785007.785,ng/g dw,2017,NA,"Zhou, Y. et al. Which type of pollutants need to be controlled with priority in wastewater treatment plants: Traditional or emerging pollutants? Environment International 131, doi:10.1016/j.envint.2019.104982 (2019).",46
municipal sludge,Hebei,"Zhangjiakou, Yanghe River",Doxycycline,8750000,ng/g dw,2017,NA,"Zhou, Y. et al. Which type of pollutants need to be controlled with priority in wastewater treatment plants: Traditional or emerging pollutants? Environment International 131, doi:10.1016/j.envint.2019.104982 (2019).",46
municipal sludge,Hebei,"Zhangjiakou, Yanghe River",Enrofloxacin,2990000,ng/g dw,2017,NA,"Zhou, Y. et al. Which type of pollutants need to be controlled with priority in wastewater treatment plants: Traditional or emerging pollutants? Environment International 131, doi:10.1016/j.envint.2019.104982 (2019).",46
municipal sludge,Hebei,Shijiazhuang,Epioxytetracycline,195000000000,ng/g dw,2004,NA,"Li, D. et al. Determination and fate of oxytetracycline and related compounds in oxytetracycline production wastewater and the receiving river. Environmental Toxicology and Chemistry 27, 80-86, doi:10.1897/07-080.1 (2008).",223
municipal sludge,Hebei,"Hebei and Shandong Province, China",Gentamicin,51000,ng/g,2022,NA,"Wang, Yidi, Zhao, X., Wang, Yongkang, Wang, I., Turap, Y., Wang, W., 2022. Hydrothermal treatment enhances the removal of antibiotic resistance genes, dewatering, and biogas production in antibiotic fermentation residues. JOURNAL OF HAZARDOUS MATERIALS 435. https://doi.org/10.1016/j.jhazmat.2022.128901",N338
municipal sludge,Hebei,"Hebei and Shandong Province, China",Lincomycin,256000,ng/g,2022,NA,"Wang, Yidi, Zhao, X., Wang, Yongkang, Wang, I., Turap, Y., Wang, W., 2022. Hydrothermal treatment enhances the removal of antibiotic resistance genes, dewatering, and biogas production in antibiotic fermentation residues. JOURNAL OF HAZARDOUS MATERIALS 435. https://doi.org/10.1016/j.jhazmat.2022.128901",N338
municipal sludge,Hebei,"Zhangjiakou, Yanghe River",Lomefloxacin,33610000,ng/g dw,2017,NA,"Zhou, Y. et al. Which type of pollutants need to be controlled with priority in wastewater treatment plants: Traditional or emerging pollutants? Environment International 131, doi:10.1016/j.envint.2019.104982 (2019).",46
municipal sludge,Hebei,"Zhangjiakou, Yanghe River",Norfloxacin,1125780000,ng/g dw,2017,NA,"Zhou, Y. et al. Which type of pollutants need to be controlled with priority in wastewater treatment plants: Traditional or emerging pollutants? Environment International 131, doi:10.1016/j.envint.2019.104982 (2019).",46
municipal sludge,Hebei,"Zhangjiakou, Yanghe River",Ofloxacin,1529770000,ng/g dw,2017,NA,"Zhou, Y. et al. Which type of pollutants need to be controlled with priority in wastewater treatment plants: Traditional or emerging pollutants? Environment International 131, doi:10.1016/j.envint.2019.104982 (2019).",46
municipal sludge,Hebei,Shijiazhuang,Oxytetracycline,995150,ng/g dw,2004,NA,"Li, D. et al. Determination and fate of oxytetracycline and related compounds in oxytetracycline production wastewater and the receiving river. Environmental Toxicology and Chemistry 27, 80-86, doi:10.1897/07-080.1 (2008).",223
municipal sludge,Hebei,"Hebei and Shandong Province, China",Penicillin G,80000,ng/g,2022,NA,"Wang, Yidi, Zhao, X., Wang, Yongkang, Wang, I., Turap, Y., Wang, W., 2022. Hydrothermal treatment enhances the removal of antibiotic resistance genes, dewatering, and biogas production in antibiotic fermentation residues. JOURNAL OF HAZARDOUS MATERIALS 435. https://doi.org/10.1016/j.jhazmat.2022.128901",N338
municipal sludge,Hebei,"Hebei and Shandong Province, China",Penicillin V,85000,ng/g,2022,NA,"Wang, Yidi, Zhao, X., Wang, Yongkang, Wang, I., Turap, Y., Wang, W., 2022. Hydrothermal treatment enhances the removal of antibiotic resistance genes, dewatering, and biogas production in antibiotic fermentation residues. JOURNAL OF HAZARDOUS MATERIALS 435. https://doi.org/10.1016/j.jhazmat.2022.128901",N338
municipal sludge,Hebei,"Zhangjiakou, Yanghe River",Roxithromycin,37210000,ng/g dw,2017,NA,"Zhou, Y. et al. Which type of pollutants need to be controlled with priority in wastewater treatment plants: Traditional or emerging pollutants? Environment International 131, doi:10.1016/j.envint.2019.104982 (2019).",46
municipal sludge,Hebei,"Hebei and Shandong Province, China",Spectinomycin,932000,ng/g,2022,NA,"Wang, Yidi, Zhao, X., Wang, Yongkang, Wang, I., Turap, Y., Wang, W., 2022. Hydrothermal treatment enhances the removal of antibiotic resistance genes, dewatering, and biogas production in antibiotic fermentation residues. JOURNAL OF HAZARDOUS MATERIALS 435. https://doi.org/10.1016/j.jhazmat.2022.128901",N338
municipal sludge,Hebei,"Hebei and Shandong Province, China",Streptomycin,1083000,ng/g,2022,NA,"Wang, Yidi, Zhao, X., Wang, Yongkang, Wang, I., Turap, Y., Wang, W., 2022. Hydrothermal treatment enhances the removal of antibiotic resistance genes, dewatering, and biogas production in antibiotic fermentation residues. JOURNAL OF HAZARDOUS MATERIALS 435. https://doi.org/10.1016/j.jhazmat.2022.128901",N338
municipal sludge,Hebei,Hebei,Sulfadiazine,1136000000,ng/g dw,2016,winter,"Hua, L., Li, L. & Yang, C. Y. Distribution Characteristics of Sulfonamides and Sulfamethoxazole-Resistant Bacteria in Tannery Wastewater Treatment Processes. Huan Jing Ke Xue 39, 4229-4235, doi:10.13227/j.hjkx.201710173 (2018).",129
municipal sludge,Hebei,"Zhangjiakou, Yanghe River",Sulfadimethoxine,270000,ng/g dw,2017,NA,"Zhou, Y. et al. Which type of pollutants need to be controlled with priority in wastewater treatment plants: Traditional or emerging pollutants? Environment International 131, doi:10.1016/j.envint.2019.104982 (2019).",46
municipal sludge,Hebei,Hebei,Sulfamerazine,889700000,ng/g dw,2016,winter,"Hua, L., Li, L. & Yang, C. Y. Distribution Characteristics of Sulfonamides and Sulfamethoxazole-Resistant Bacteria in Tannery Wastewater Treatment Processes. Huan Jing Ke Xue 39, 4229-4235, doi:10.13227/j.hjkx.201710173 (2018).",129
municipal sludge,Hebei,Hebei,Sulfamethoxazole,1206000000,ng/g dw,2016,winter,"Hua, L., Li, L. & Yang, C. Y. Distribution Characteristics of Sulfonamides and Sulfamethoxazole-Resistant Bacteria in Tannery Wastewater Treatment Processes. Huan Jing Ke Xue 39, 4229-4235, doi:10.13227/j.hjkx.201710173 (2018).",129
municipal sludge,Hebei,"Zhangjiakou, Yanghe River",Tetracycline,344170000,ng/g dw,2017,NA,"Zhou, Y. et al. Which type of pollutants need to be controlled with priority in wastewater treatment plants: Traditional or emerging pollutants? Environment International 131, doi:10.1016/j.envint.2019.104982 (2019).",46
municipal sludge,Hebei,"Zhangjiakou, Yanghe River",Trimethoprim,3500000,ng/g dw,2017,NA,"Zhou, Y. et al. Which type of pollutants need to be controlled with priority in wastewater treatment plants: Traditional or emerging pollutants? Environment International 131, doi:10.1016/j.envint.2019.104982 (2019).",46
municipal sludge,Hebei,"Hebei and Shandong Province, China",Tylosin,625000,ng/g,2022,NA,"Wang, Yidi, Zhao, X., Wang, Yongkang, Wang, I., Turap, Y., Wang, W., 2022. Hydrothermal treatment enhances the removal of antibiotic resistance genes, dewatering, and biogas production in antibiotic fermentation residues. JOURNAL OF HAZARDOUS MATERIALS 435. https://doi.org/10.1016/j.jhazmat.2022.128901",N338
municipal sludge,Heilongjiang,"Harbin, Songhua River",Azithromycin,11600000,ng/g dw,2016,autumn,"Wang, W. The distribution, transformation and risk assessment of typical antibiotics in the Songhua River Basin of Harbin Secion, Northeast Forestry University, (2018).",122
municipal sludge,Heilongjiang,"Heilongjiang, Harbin",Cefazolin,0.85,ng/g dw,2016,autumn,"Wang, W., Zhang, W., Liang, H. & Gao, D. Occurrence and fate of typical antibiotics in wastewater treatment plants in Harbin, North-east China. Frontiers of Environmental Science & Engineering 13 (2021).",N332
municipal sludge,Heilongjiang,"Harbin, Songhua River",Clarithromycin,11500000,ng/g dw,2016,autumn,"Wang, W. The distribution, transformation and risk assessment of typical antibiotics in the Songhua River Basin of Harbin Secion, Northeast Forestry University, (2018).",122
municipal sludge,Heilongjiang,"Harbin, Songhua River",Flumequine,2150000,ng/g dw,2016,autumn,"Wang, W. The distribution, transformation and risk assessment of typical antibiotics in the Songhua River Basin of Harbin Secion, Northeast Forestry University, (2018).",122
municipal sludge,Heilongjiang,"Heilongjiang Province, China",Gentamicin,2190,ng/g,2024,NA,"Chen, G., Zhou, T., Song, Y., Yan, B., Mu, L., Tao, J., Pei, L., 2024. Alkaline hydrothermal treatment of gentamycin mycelial residues: characteristics of disintegration, solid-state fermentation, and antibiotic resistance genes reduction. Biomass Conv. Bioref. https://doi.org/10.1007/s13399-024-05568-4",N108
municipal sludge,Heilongjiang,"Heilongjiang Province, China",Kanamycin,5050000,ng/g,2023,NA,"Hui, X., Wang, Y., Zhang, H., Fang, W., Liu, H., Dai, X., 2023. Overlooked abiotic humification for kanamycin removal in kanamycin fermentation waste by tea polyphenols: New, environmentally friendly and specific. Chemical Engineering Journal 478, 147377. https://doi.org/10.1016/j.cej.2023.147377",N206
municipal sludge,Heilongjiang,"Harbin, Songhua River",Norfloxacin,70900000,ng/g dw,2016,autumn,"Wang, W. The distribution, transformation and risk assessment of typical antibiotics in the Songhua River Basin of Harbin Secion, Northeast Forestry University, (2018).",122
municipal sludge,Heilongjiang,"Harbin, Songhua River",Ofloxacin,61950000,ng/g dw,2016,autumn,"Wang, W. The distribution, transformation and risk assessment of typical antibiotics in the Songhua River Basin of Harbin Secion, Northeast Forestry University, (2018).",122
municipal sludge,Heilongjiang,"Harbin, Heilongjiang Province, China",Penicillin G,547175,ng/g,2015,NA,"Chen, Z., Zhang, S., Wen, Q., Zheng, J., 2015. Effect of aeration rate on composting of penicillin mycelial dreg. Journal of Environmental Sciences 37, 172–178. https://doi.org/10.1016/j.jes.2015.03.020",N144
municipal sludge,Heilongjiang,"Harbin, Songhua River",Roxithromycin,66500000,ng/g dw,2016,autumn,"Wang, W. The distribution, transformation and risk assessment of typical antibiotics in the Songhua River Basin of Harbin Secion, Northeast Forestry University, (2018).",122
municipal sludge,Heilongjiang,"Harbin, Songhua River",Sulfadiazine,32900000,ng/g dw,2016,autumn,"Wang, W. The distribution, transformation and risk assessment of typical antibiotics in the Songhua River Basin of Harbin Secion, Northeast Forestry University, (2018).",122
municipal sludge,Heilongjiang,Harbin,Sulfadimidine,17060000,ng/g dw,NA,NA,"Wang, H., Ding, J., Ding, L. & Ren, N. Analysis of sulfonamides in soil, sediment, and sludge based on dynamic microwave-assisted micellar extraction. Environ Sci Pollut Res Int 23, 12954-12965, doi:10.1007/s11356-016-6383-0 (2016).",99
municipal sludge,Heilongjiang,Harbin,Sulfamethoxazole,5402500,ng/g dw,2016,autumn,"Wang, W., Zhang, W., Liang, H. & Gao, D. Occurrence and fate of typical antibiotics in wastewater treatment plants in Harbin, North-east China. Frontiers of Environmental Science & Engineering 13 (2019).",40
municipal sludge,Heilongjiang,Harbin,Sulfapyridine,4207500,ng/g dw,2016,autumn,"Wang, W., Zhang, W., Liang, H. & Gao, D. Occurrence and fate of typical antibiotics in wastewater treatment plants in Harbin, North-east China. Frontiers of Environmental Science & Engineering 13 (2019).",40
municipal sludge,Heilongjiang,Harbin,Sulfaquinoxaline,2795000,ng/g dw,NA,NA,"Wang, H., Ding, J., Ding, L. & Ren, N. Analysis of sulfonamides in soil, sediment, and sludge based on dynamic microwave-assisted micellar extraction. Environ Sci Pollut Res Int 23, 12954-12965, doi:10.1007/s11356-016-6383-0 (2016).",99
municipal sludge,Henan,"Xinxiang, Henan Province, China",Lincomycin,187500,ng/g,2018,NA,"Ren, S., Guo, Xiali, Lu, A., Guo, Xiaoying, Wang, Y., Sun, G., Guo, W., Ren, C., Wang, L., 2018. Effects of co-composting of lincomycin mycelia dregs with furfural slag on lincomycin degradation, maturity and microbial communities. Bioresour. Technol. 265, 155–162. https://doi.org/10.1016/j.biortech.2018.05.087",N303
municipal sludge,Henan,"Henan Province, China",Spiramycin,91650,ng/g,2022,NA,"Wang, G., Liu, H., Gong, P., Wang, J., Dai, X., Wang, P., 2022. Insight into the evolution of antibiotic resistance genes and microbial community during spiramycin fermentation residue composting process after thermally activated peroxydisulfate pretreatment. J. Hazard. Mater. 424, 127287. https://doi.org/10.1016/j.jhazmat.2021.127287",N325
municipal sludge,Hong Kong,Hong Kong,Chloramphenicol,3.3875,ng/g dw,2016,NA,"Ruan, Y., Wu, R., Lam, J. C. W., Zhang, K. & Lam, P. K. S. Seasonal occurrence and fate of chiral pharmaceuticals in different sewage treatment systems in Hong Kong: Mass balance, enantiomeric profiling, and risk assessment. Water Research 149, 607-616, doi:10.1016/j.watres.2018.11.010 (2019).",N304
municipal sludge,Hong Kong,"Hong Kong, New Territory",Erythromycin-H2O,50,ng/g dw,2006,spring,"Xu, W. et al. Occurrence and elimination of antibiotics at four sewage treatment plants in the Pearl River Delta (PRD), South China. Water Research 41 (2026).",N364
municipal sludge,Hong Kong,"Hong Kong, New Territory",Norfloxacin,279.5,ng/g dw,2006,spring,"Xu, W. et al. Occurrence and elimination of antibiotics at four sewage treatment plants in the Pearl River Delta (PRD), South China. Water Research 41 (2024).",N362
municipal sludge,Hong Kong,"Hong Kong, New Territory",Ofloxacin,500,ng/g dw,2006,spring,"Xu, W. et al. Occurrence and elimination of antibiotics at four sewage treatment plants in the Pearl River Delta (PRD), South China. Water Research 41 (2023).",N361
municipal sludge,Hong Kong,"Hong Kong, New Territory",Roxithromycin,38,ng/g dw,2006,spring,"Xu, W. et al. Occurrence and elimination of antibiotics at four sewage treatment plants in the Pearl River Delta (PRD), South China. Water Research 41 (2025).",N363
municipal sludge,Hunan,Changsha,Azithromycin,59000000,ng/g dw,2017,spring,"Lin, H. et al. Mass loading and emission of thirty-seven pharmaceuticals in a typical municipal wastewater treatment plant in Hunan Province, Southern China. Ecotoxicology and Environmental Safety 147, 530-536, doi:10.1016/j.ecoenv.2017.08.052 (2018).",144
municipal sludge,Hunan,Changsha,Ciprofloxacin,120000000,ng/g dw,2017,spring,"Lin, H. et al. Mass loading and emission of thirty-seven pharmaceuticals in a typical municipal wastewater treatment plant in Hunan Province, Southern China. Ecotoxicology and Environmental Safety 147, 530-536, doi:10.1016/j.ecoenv.2017.08.052 (2018).",144
municipal sludge,Hunan,Changsha,Clarithromycin,29000000,ng/g dw,2017,spring,"Lin, H. et al. Mass loading and emission of thirty-seven pharmaceuticals in a typical municipal wastewater treatment plant in Hunan Province, Southern China. Ecotoxicology and Environmental Safety 147, 530-536, doi:10.1016/j.ecoenv.2017.08.052 (2018).",144
municipal sludge,Hunan,Changsha,Doxycycline,28000000,ng/g dw,2017,spring,"Lin, H. et al. Mass loading and emission of thirty-seven pharmaceuticals in a typical municipal wastewater treatment plant in Hunan Province, Southern China. Ecotoxicology and Environmental Safety 147, 530-536, doi:10.1016/j.ecoenv.2017.08.052 (2018).",144
municipal sludge,Hunan,Changsha,Enrofloxacin,41000000,ng/g dw,2017,spring,"Lin, H. et al. Mass loading and emission of thirty-seven pharmaceuticals in a typical municipal wastewater treatment plant in Hunan Province, Southern China. Ecotoxicology and Environmental Safety 147, 530-536, doi:10.1016/j.ecoenv.2017.08.052 (2018).",144
municipal sludge,Hunan,Changsha,Erythromycin-H2O,7300000,ng/g dw,2017,spring,"Lin, H. et al. Mass loading and emission of thirty-seven pharmaceuticals in a typical municipal wastewater treatment plant in Hunan Province, Southern China. Ecotoxicology and Environmental Safety 147, 530-536, doi:10.1016/j.ecoenv.2017.08.052 (2018).",144
municipal sludge,Hunan,Changsha,Flumequine,850000,ng/g dw,2017,spring,"Lin, H. et al. Mass loading and emission of thirty-seven pharmaceuticals in a typical municipal wastewater treatment plant in Hunan Province, Southern China. Ecotoxicology and Environmental Safety 147, 530-536, doi:10.1016/j.ecoenv.2017.08.052 (2018).",144
municipal sludge,Hunan,Changsha,Norfloxacin,1400000000,ng/g dw,2017,spring,"Lin, H. et al. Mass loading and emission of thirty-seven pharmaceuticals in a typical municipal wastewater treatment plant in Hunan Province, Southern China. Ecotoxicology and Environmental Safety 147, 530-536, doi:10.1016/j.ecoenv.2017.08.052 (2018).",144
municipal sludge,Hunan,Changsha,Ofloxacin,3300000000,ng/g dw,2017,spring,"Lin, H. et al. Mass loading and emission of thirty-seven pharmaceuticals in a typical municipal wastewater treatment plant in Hunan Province, Southern China. Ecotoxicology and Environmental Safety 147, 530-536, doi:10.1016/j.ecoenv.2017.08.052 (2018).",144
municipal sludge,Hunan,Changsha,Oxytetracycline,810000000,ng/g dw,2017,spring,"Lin, H. et al. Mass loading and emission of thirty-seven pharmaceuticals in a typical municipal wastewater treatment plant in Hunan Province, Southern China. Ecotoxicology and Environmental Safety 147, 530-536, doi:10.1016/j.ecoenv.2017.08.052 (2018).",144
municipal sludge,Hunan,Changsha,Roxithromycin,57000000,ng/g dw,2017,spring,"Lin, H. et al. Mass loading and emission of thirty-seven pharmaceuticals in a typical municipal wastewater treatment plant in Hunan Province, Southern China. Ecotoxicology and Environmental Safety 147, 530-536, doi:10.1016/j.ecoenv.2017.08.052 (2018).",144
municipal sludge,Hunan,Changsha,Tetracycline,230000000,ng/g dw,2017,spring,"Lin, H. et al. Mass loading and emission of thirty-seven pharmaceuticals in a typical municipal wastewater treatment plant in Hunan Province, Southern China. Ecotoxicology and Environmental Safety 147, 530-536, doi:10.1016/j.ecoenv.2017.08.052 (2018).",144
municipal sludge,Hunan,Changsha,Trimethoprim,2600000,ng/g dw,2017,spring,"Lin, H. et al. Mass loading and emission of thirty-seven pharmaceuticals in a typical municipal wastewater treatment plant in Hunan Province, Southern China. Ecotoxicology and Environmental Safety 147, 530-536, doi:10.1016/j.ecoenv.2017.08.052 (2018).",144
municipal sludge,Inner Mongolia,"Inner Mongolia Autonomous Region, China",Oxytetracycline,43405,ng/g,2021,NA,"Gong, P., Liu, H., Wang, G., Yao, J., Dai, X., 2021. Enhanced depletion of antibiotics and accelerated estabilization of dissolved organic matter by hydrothermal pretreatment during composting of oxytetracycline fermentation residue. Bioresour. Technol. 339, 125618. https://doi.org/10.1016/j.biortech.2021.125618",N158
municipal sludge,Jiangsu,Jiangsu,Azithromycin,3819975000,ng/g dw,2015,spring,"Ben, W. et al. Occurrence, removal and risk of organic micropollutants in wastewater treatment plants across China: Comparison of wastewater treatment processes. Water Research 130, 38-46, doi:10.1016/j.watres.2017.11.057 (2018).",121
municipal sludge,Jiangsu,Jiangsu,Chlortetracycline,4250004.25,ng/g dw,2015,spring,"Ben, W. et al. Occurrence, removal and risk of organic micropollutants in wastewater treatment plants across China: Comparison of wastewater treatment processes. Water Research 130, 38-46, doi:10.1016/j.watres.2017.11.057 (2018).",121
municipal sludge,Jiangsu,Jiangsu,Ciprofloxacin,83300000,ng/g dw,2015,spring,"Ben, W. et al. Occurrence, removal and risk of organic micropollutants in wastewater treatment plants across China: Comparison of wastewater treatment processes. Water Research 130, 38-46, doi:10.1016/j.watres.2017.11.057 (2018).",121
municipal sludge,Jiangsu,Jiangsu,Clarithromycin,5300000,ng/g dw,2015,spring,"Ben, W. et al. Occurrence, removal and risk of organic micropollutants in wastewater treatment plants across China: Comparison of wastewater treatment processes. Water Research 130, 38-46, doi:10.1016/j.watres.2017.11.057 (2018).",121
municipal sludge,Jiangsu,Jiangsu,Doxycycline,13600000,ng/g dw,2015,spring,"Ben, W. et al. Occurrence, removal and risk of organic micropollutants in wastewater treatment plants across China: Comparison of wastewater treatment processes. Water Research 130, 38-46, doi:10.1016/j.watres.2017.11.057 (2018).",121
municipal sludge,Jiangsu,Jiangsu,Enrofloxacin,6600000,ng/g dw,2015,spring,"Ben, W. et al. Occurrence, removal and risk of organic micropollutants in wastewater treatment plants across China: Comparison of wastewater treatment processes. Water Research 130, 38-46, doi:10.1016/j.watres.2017.11.057 (2018).",121
municipal sludge,Jiangsu,Jiangsu,Erythromycin-H2O,6200000,ng/g dw,2015,spring,"Ben, W. et al. Occurrence, removal and risk of organic micropollutants in wastewater treatment plants across China: Comparison of wastewater treatment processes. Water Research 130, 38-46, doi:10.1016/j.watres.2017.11.057 (2018).",121
municipal sludge,Jiangsu,Jiangsu,Lomefloxacin,75300000,ng/g dw,2015,spring,"Ben, W. et al. Occurrence, removal and risk of organic micropollutants in wastewater treatment plants across China: Comparison of wastewater treatment processes. Water Research 130, 38-46, doi:10.1016/j.watres.2017.11.057 (2018).",121
municipal sludge,Jiangsu,Jiangsu,Norfloxacin,2375575000,ng/g dw,2015,spring,"Ben, W. et al. Occurrence, removal and risk of organic micropollutants in wastewater treatment plants across China: Comparison of wastewater treatment processes. Water Research 130, 38-46, doi:10.1016/j.watres.2017.11.057 (2018).",121
municipal sludge,Jiangsu,Jiangsu,Ofloxacin,5988800000,ng/g dw,2015,spring,"Ben, W. et al. Occurrence, removal and risk of organic micropollutants in wastewater treatment plants across China: Comparison of wastewater treatment processes. Water Research 130, 38-46, doi:10.1016/j.watres.2017.11.057 (2018).",121
municipal sludge,Jiangsu,Jiangsu,Oxytetracycline,387800000,ng/g dw,2015,spring,"Ben, W. et al. Occurrence, removal and risk of organic micropollutants in wastewater treatment plants across China: Comparison of wastewater treatment processes. Water Research 130, 38-46, doi:10.1016/j.watres.2017.11.057 (2018).",121
municipal sludge,Jiangsu,Jiangsu,Roxithromycin,13400000,ng/g dw,2015,spring,"Ben, W. et al. Occurrence, removal and risk of organic micropollutants in wastewater treatment plants across China: Comparison of wastewater treatment processes. Water Research 130, 38-46, doi:10.1016/j.watres.2017.11.057 (2018).",121
municipal sludge,Jiangsu,"Wuxi, Jiangsu Province, China",Spiramycin,133850,ng/g,2014,NA,"Liu, M., Ding, R., Zhang, Y., Gao, Y., Tian, Z., Zhang, T., Yang, M., 2014. Abundance and distribution of Macrolide-Lincosamide-Streptogramin resistance genes in an anaerobic-aerobic system treating spiramycin production wastewater. Water Research 63, 33–41. https://doi.org/10.1016/j.watres.2014.05.045",N269
municipal sludge,Jiangsu,Jiangsu,Sulfadiazine,3400000,ng/g dw,2015,spring,"Ben, W. et al. Occurrence, removal and risk of organic micropollutants in wastewater treatment plants across China: Comparison of wastewater treatment processes. Water Research 130, 38-46, doi:10.1016/j.watres.2017.11.057 (2018).",121
municipal sludge,Jiangsu,Jiangsu,Sulfadimethoxine,4900000,ng/g dw,2015,spring,"Ben, W. et al. Occurrence, removal and risk of organic micropollutants in wastewater treatment plants across China: Comparison of wastewater treatment processes. Water Research 130, 38-46, doi:10.1016/j.watres.2017.11.057 (2018).",121
municipal sludge,Jiangsu,Jiangsu,Sulfadimidine,800000,ng/g dw,2015,spring,"Ben, W. et al. Occurrence, removal and risk of organic micropollutants in wastewater treatment plants across China: Comparison of wastewater treatment processes. Water Research 130, 38-46, doi:10.1016/j.watres.2017.11.057 (2018).",121
municipal sludge,Jiangsu,Jiangsu,Sulfamerazine,15300000,ng/g dw,2015,spring,"Ben, W. et al. Occurrence, removal and risk of organic micropollutants in wastewater treatment plants across China: Comparison of wastewater treatment processes. Water Research 130, 38-46, doi:10.1016/j.watres.2017.11.057 (2018).",121
municipal sludge,Jiangsu,Jiangsu,Sulfamethoxazole,4200000,ng/g dw,2015,spring,"Ben, W. et al. Occurrence, removal and risk of organic micropollutants in wastewater treatment plants across China: Comparison of wastewater treatment processes. Water Research 130, 38-46, doi:10.1016/j.watres.2017.11.057 (2018).",121
municipal sludge,Jiangsu,Jiangsu,Sulfathiazole,7100000,ng/g dw,2015,spring,"Ben, W. et al. Occurrence, removal and risk of organic micropollutants in wastewater treatment plants across China: Comparison of wastewater treatment processes. Water Research 130, 38-46, doi:10.1016/j.watres.2017.11.057 (2018).",121
municipal sludge,Jiangsu,Jiangsu,Tetracycline,57400000,ng/g dw,2015,spring,"Ben, W. et al. Occurrence, removal and risk of organic micropollutants in wastewater treatment plants across China: Comparison of wastewater treatment processes. Water Research 130, 38-46, doi:10.1016/j.watres.2017.11.057 (2018).",121
municipal sludge,Jiangsu,Jiangsu,Trimethoprim,18000000,ng/g dw,2015,spring,"Ben, W. et al. Occurrence, removal and risk of organic micropollutants in wastewater treatment plants across China: Comparison of wastewater treatment processes. Water Research 130, 38-46, doi:10.1016/j.watres.2017.11.057 (2018).",121
municipal sludge,Liaoning,Dalian,Azithromycin,510500000,ng/g dw,2015,spring,"Ben, W. et al. Occurrence, removal and risk of organic micropollutants in wastewater treatment plants across China: Comparison of wastewater treatment processes. Water Research 130, 38-46, doi:10.1016/j.watres.2017.11.057 (2018).",121
municipal sludge,Liaoning,Dalian,Chlortetracycline,4250004.25,ng/g dw,2015,spring,"Ben, W. et al. Occurrence, removal and risk of organic micropollutants in wastewater treatment plants across China: Comparison of wastewater treatment processes. Water Research 130, 38-46, doi:10.1016/j.watres.2017.11.057 (2018).",121
municipal sludge,Liaoning,Dalian,Ciprofloxacin,83300000,ng/g dw,2015,spring,"Ben, W. et al. Occurrence, removal and risk of organic micropollutants in wastewater treatment plants across China: Comparison of wastewater treatment processes. Water Research 130, 38-46, doi:10.1016/j.watres.2017.11.057 (2018).",121
municipal sludge,Liaoning,Dalian,Clarithromycin,5300000,ng/g dw,2015,spring,"Ben, W. et al. Occurrence, removal and risk of organic micropollutants in wastewater treatment plants across China: Comparison of wastewater treatment processes. Water Research 130, 38-46, doi:10.1016/j.watres.2017.11.057 (2018).",121
municipal sludge,Liaoning,Dalian,Doxycycline,13600000,ng/g dw,2015,spring,"Ben, W. et al. Occurrence, removal and risk of organic micropollutants in wastewater treatment plants across China: Comparison of wastewater treatment processes. Water Research 130, 38-46, doi:10.1016/j.watres.2017.11.057 (2018).",121
municipal sludge,Liaoning,Dalian,Enrofloxacin,6600000,ng/g dw,2015,spring,"Ben, W. et al. Occurrence, removal and risk of organic micropollutants in wastewater treatment plants across China: Comparison of wastewater treatment processes. Water Research 130, 38-46, doi:10.1016/j.watres.2017.11.057 (2018).",121
municipal sludge,Liaoning,Dalian,Erythromycin-H2O,6200000,ng/g dw,2015,spring,"Ben, W. et al. Occurrence, removal and risk of organic micropollutants in wastewater treatment plants across China: Comparison of wastewater treatment processes. Water Research 130, 38-46, doi:10.1016/j.watres.2017.11.057 (2018).",121
municipal sludge,Liaoning,Dalian,Lomefloxacin,75300000,ng/g dw,2015,spring,"Ben, W. et al. Occurrence, removal and risk of organic micropollutants in wastewater treatment plants across China: Comparison of wastewater treatment processes. Water Research 130, 38-46, doi:10.1016/j.watres.2017.11.057 (2018).",121
municipal sludge,Liaoning,Dalian,Norfloxacin,1127150000,ng/g dw,2015,spring,"Ben, W. et al. Occurrence, removal and risk of organic micropollutants in wastewater treatment plants across China: Comparison of wastewater treatment processes. Water Research 130, 38-46, doi:10.1016/j.watres.2017.11.057 (2018).",121
municipal sludge,Liaoning,Dalian,Ofloxacin,1639900000,ng/g dw,2015,spring,"Ben, W. et al. Occurrence, removal and risk of organic micropollutants in wastewater treatment plants across China: Comparison of wastewater treatment processes. Water Research 130, 38-46, doi:10.1016/j.watres.2017.11.057 (2018).",121
municipal sludge,Liaoning,Dalian,Oxytetracycline,387800000,ng/g dw,2015,spring,"Ben, W. et al. Occurrence, removal and risk of organic micropollutants in wastewater treatment plants across China: Comparison of wastewater treatment processes. Water Research 130, 38-46, doi:10.1016/j.watres.2017.11.057 (2018).",121
municipal sludge,Liaoning,Dalian,Roxithromycin,28500000,ng/g dw,2015,spring,"Ben, W. et al. Occurrence, removal and risk of organic micropollutants in wastewater treatment plants across China: Comparison of wastewater treatment processes. Water Research 130, 38-46, doi:10.1016/j.watres.2017.11.057 (2018).",121
municipal sludge,Liaoning,Dalian,Sulfadiazine,3400000,ng/g dw,2015,spring,"Ben, W. et al. Occurrence, removal and risk of organic micropollutants in wastewater treatment plants across China: Comparison of wastewater treatment processes. Water Research 130, 38-46, doi:10.1016/j.watres.2017.11.057 (2018).",121
municipal sludge,Liaoning,Dalian,Sulfadimethoxine,4900000,ng/g dw,2015,spring,"Ben, W. et al. Occurrence, removal and risk of organic micropollutants in wastewater treatment plants across China: Comparison of wastewater treatment processes. Water Research 130, 38-46, doi:10.1016/j.watres.2017.11.057 (2018).",121
municipal sludge,Liaoning,Dalian,Sulfadimidine,800000,ng/g dw,2015,spring,"Ben, W. et al. Occurrence, removal and risk of organic micropollutants in wastewater treatment plants across China: Comparison of wastewater treatment processes. Water Research 130, 38-46, doi:10.1016/j.watres.2017.11.057 (2018).",121
municipal sludge,Liaoning,Dalian,Sulfamerazine,15300000,ng/g dw,2015,spring,"Ben, W. et al. Occurrence, removal and risk of organic micropollutants in wastewater treatment plants across China: Comparison of wastewater treatment processes. Water Research 130, 38-46, doi:10.1016/j.watres.2017.11.057 (2018).",121
municipal sludge,Liaoning,Dalian,Sulfamethoxazole,4200000,ng/g dw,2015,spring,"Ben, W. et al. Occurrence, removal and risk of organic micropollutants in wastewater treatment plants across China: Comparison of wastewater treatment processes. Water Research 130, 38-46, doi:10.1016/j.watres.2017.11.057 (2018).",121
municipal sludge,Liaoning,Dalian,Sulfathiazole,7100000,ng/g dw,2015,spring,"Ben, W. et al. Occurrence, removal and risk of organic micropollutants in wastewater treatment plants across China: Comparison of wastewater treatment processes. Water Research 130, 38-46, doi:10.1016/j.watres.2017.11.057 (2018).",121
municipal sludge,Liaoning,Dalian,Tetracycline,57400000,ng/g dw,2015,spring,"Ben, W. et al. Occurrence, removal and risk of organic micropollutants in wastewater treatment plants across China: Comparison of wastewater treatment processes. Water Research 130, 38-46, doi:10.1016/j.watres.2017.11.057 (2018).",121
municipal sludge,Liaoning,Dalian,Trimethoprim,18000000,ng/g dw,2015,spring,"Ben, W. et al. Occurrence, removal and risk of organic micropollutants in wastewater treatment plants across China: Comparison of wastewater treatment processes. Water Research 130, 38-46, doi:10.1016/j.watres.2017.11.057 (2018).",121
municipal sludge,Ningxia,"Ningxia Hui Autonomous Region, China",Tylosin,44625,ng/g,2019,NA,"Liao, H., Zhao, Q., Cui, P., Chen, Z., Yu, Z., Geisen, S., Friman, V.-P., Zhou, S., 2019. Efficient reduction of antibiotic residues and associated resistance genes in tylosin antibiotic fermentation waste using hyperthermophilic composting. Environ. Int. 133, 105203. https://doi.org/10.1016/j.envint.2019.105203",N260
municipal sludge,Qinghai,Qinghai,Azithromycin,749000000,ng/g dw,2015,spring,"Ben, W. et al. Occurrence, removal and risk of organic micropollutants in wastewater treatment plants across China: Comparison of wastewater treatment processes. Water Research 130, 38-46, doi:10.1016/j.watres.2017.11.057 (2018).",121
municipal sludge,Qinghai,Qinghai,Chlortetracycline,4250004.25,ng/g dw,2015,spring,"Ben, W. et al. Occurrence, removal and risk of organic micropollutants in wastewater treatment plants across China: Comparison of wastewater treatment processes. Water Research 130, 38-46, doi:10.1016/j.watres.2017.11.057 (2018).",121
municipal sludge,Qinghai,Qinghai,Ciprofloxacin,83300000,ng/g dw,2015,spring,"Ben, W. et al. Occurrence, removal and risk of organic micropollutants in wastewater treatment plants across China: Comparison of wastewater treatment processes. Water Research 130, 38-46, doi:10.1016/j.watres.2017.11.057 (2018).",121
municipal sludge,Qinghai,Qinghai,Clarithromycin,5300000,ng/g dw,2015,spring,"Ben, W. et al. Occurrence, removal and risk of organic micropollutants in wastewater treatment plants across China: Comparison of wastewater treatment processes. Water Research 130, 38-46, doi:10.1016/j.watres.2017.11.057 (2018).",121
municipal sludge,Qinghai,Qinghai,Doxycycline,13600000,ng/g dw,2015,spring,"Ben, W. et al. Occurrence, removal and risk of organic micropollutants in wastewater treatment plants across China: Comparison of wastewater treatment processes. Water Research 130, 38-46, doi:10.1016/j.watres.2017.11.057 (2018).",121
municipal sludge,Qinghai,Qinghai,Enrofloxacin,6600000,ng/g dw,2015,spring,"Ben, W. et al. Occurrence, removal and risk of organic micropollutants in wastewater treatment plants across China: Comparison of wastewater treatment processes. Water Research 130, 38-46, doi:10.1016/j.watres.2017.11.057 (2018).",121
municipal sludge,Qinghai,Qinghai,Erythromycin-H2O,6200000,ng/g dw,2015,spring,"Ben, W. et al. Occurrence, removal and risk of organic micropollutants in wastewater treatment plants across China: Comparison of wastewater treatment processes. Water Research 130, 38-46, doi:10.1016/j.watres.2017.11.057 (2018).",121
municipal sludge,Qinghai,Qinghai,Lomefloxacin,75300000,ng/g dw,2015,spring,"Ben, W. et al. Occurrence, removal and risk of organic micropollutants in wastewater treatment plants across China: Comparison of wastewater treatment processes. Water Research 130, 38-46, doi:10.1016/j.watres.2017.11.057 (2018).",121
municipal sludge,Qinghai,Qinghai,Norfloxacin,2003700000,ng/g dw,2015,spring,"Ben, W. et al. Occurrence, removal and risk of organic micropollutants in wastewater treatment plants across China: Comparison of wastewater treatment processes. Water Research 130, 38-46, doi:10.1016/j.watres.2017.11.057 (2018).",121
municipal sludge,Qinghai,Qinghai,Ofloxacin,3150000000,ng/g dw,2015,spring,"Ben, W. et al. Occurrence, removal and risk of organic micropollutants in wastewater treatment plants across China: Comparison of wastewater treatment processes. Water Research 130, 38-46, doi:10.1016/j.watres.2017.11.057 (2018).",121
municipal sludge,Qinghai,Qinghai,Oxytetracycline,387800000,ng/g dw,2015,spring,"Ben, W. et al. Occurrence, removal and risk of organic micropollutants in wastewater treatment plants across China: Comparison of wastewater treatment processes. Water Research 130, 38-46, doi:10.1016/j.watres.2017.11.057 (2018).",121
municipal sludge,Qinghai,Qinghai,Roxithromycin,13400000,ng/g dw,2015,spring,"Ben, W. et al. Occurrence, removal and risk of organic micropollutants in wastewater treatment plants across China: Comparison of wastewater treatment processes. Water Research 130, 38-46, doi:10.1016/j.watres.2017.11.057 (2018).",121
municipal sludge,Qinghai,Qinghai,Sulfadiazine,3400000,ng/g dw,2015,spring,"Ben, W. et al. Occurrence, removal and risk of organic micropollutants in wastewater treatment plants across China: Comparison of wastewater treatment processes. Water Research 130, 38-46, doi:10.1016/j.watres.2017.11.057 (2018).",121
municipal sludge,Qinghai,Qinghai,Sulfadimethoxine,4900000,ng/g dw,2015,spring,"Ben, W. et al. Occurrence, removal and risk of organic micropollutants in wastewater treatment plants across China: Comparison of wastewater treatment processes. Water Research 130, 38-46, doi:10.1016/j.watres.2017.11.057 (2018).",121
municipal sludge,Qinghai,Qinghai,Sulfadimidine,800000,ng/g dw,2015,spring,"Ben, W. et al. Occurrence, removal and risk of organic micropollutants in wastewater treatment plants across China: Comparison of wastewater treatment processes. Water Research 130, 38-46, doi:10.1016/j.watres.2017.11.057 (2018).",121
municipal sludge,Qinghai,Qinghai,Sulfamerazine,15300000,ng/g dw,2015,spring,"Ben, W. et al. Occurrence, removal and risk of organic micropollutants in wastewater treatment plants across China: Comparison of wastewater treatment processes. Water Research 130, 38-46, doi:10.1016/j.watres.2017.11.057 (2018).",121
municipal sludge,Qinghai,Qinghai,Sulfamethoxazole,4200000,ng/g dw,2015,spring,"Ben, W. et al. Occurrence, removal and risk of organic micropollutants in wastewater treatment plants across China: Comparison of wastewater treatment processes. Water Research 130, 38-46, doi:10.1016/j.watres.2017.11.057 (2018).",121
municipal sludge,Qinghai,Qinghai,Sulfathiazole,7100000,ng/g dw,2015,spring,"Ben, W. et al. Occurrence, removal and risk of organic micropollutants in wastewater treatment plants across China: Comparison of wastewater treatment processes. Water Research 130, 38-46, doi:10.1016/j.watres.2017.11.057 (2018).",121
municipal sludge,Qinghai,Qinghai,Tetracycline,57400000,ng/g dw,2015,spring,"Ben, W. et al. Occurrence, removal and risk of organic micropollutants in wastewater treatment plants across China: Comparison of wastewater treatment processes. Water Research 130, 38-46, doi:10.1016/j.watres.2017.11.057 (2018).",121
municipal sludge,Qinghai,Qinghai,Trimethoprim,18000000,ng/g dw,2015,spring,"Ben, W. et al. Occurrence, removal and risk of organic micropollutants in wastewater treatment plants across China: Comparison of wastewater treatment processes. Water Research 130, 38-46, doi:10.1016/j.watres.2017.11.057 (2018).",121
municipal sludge,Shaanxi,"Shaanxi Province, China",Erythromycin,9275,ng/g,2018,NA,"Zhao, J., Sun, X., Awasthi, M.K., Wang, Q., Ren, X., Li, R., Chen, H., Wang, M., Liu, T., Zhang, Z., 2018. Performance evaluation of gaseous emissions and Zn speciation during Zn-rich antibiotic manufacturing wastes and pig manure composting. Bioresour. Technol. 267, 688–695. https://doi.org/10.1016/j.biortech.2018.07.088",N430
municipal sludge,Shandong,Shandong,Azithromycin,749000000,ng/g dw,2015,spring,"Ben, W. et al. Occurrence, removal and risk of organic micropollutants in wastewater treatment plants across China: Comparison of wastewater treatment processes. Water Research 130, 38-46, doi:10.1016/j.watres.2017.11.057 (2018).",121
municipal sludge,Shandong,Shandong,Chlortetracycline,4250004.25,ng/g dw,2015,spring,"Ben, W. et al. Occurrence, removal and risk of organic micropollutants in wastewater treatment plants across China: Comparison of wastewater treatment processes. Water Research 130, 38-46, doi:10.1016/j.watres.2017.11.057 (2018).",121
municipal sludge,Shandong,Shandong,Ciprofloxacin,83300000,ng/g dw,2015,spring,"Ben, W. et al. Occurrence, removal and risk of organic micropollutants in wastewater treatment plants across China: Comparison of wastewater treatment processes. Water Research 130, 38-46, doi:10.1016/j.watres.2017.11.057 (2018).",121
municipal sludge,Shandong,Shandong,Clarithromycin,5300000,ng/g dw,2015,spring,"Ben, W. et al. Occurrence, removal and risk of organic micropollutants in wastewater treatment plants across China: Comparison of wastewater treatment processes. Water Research 130, 38-46, doi:10.1016/j.watres.2017.11.057 (2018).",121
municipal sludge,Shandong,Shandong,Doxycycline,13600000,ng/g dw,2015,spring,"Ben, W. et al. Occurrence, removal and risk of organic micropollutants in wastewater treatment plants across China: Comparison of wastewater treatment processes. Water Research 130, 38-46, doi:10.1016/j.watres.2017.11.057 (2018).",121
municipal sludge,Shandong,Shandong,Enrofloxacin,6600000,ng/g dw,2015,spring,"Ben, W. et al. Occurrence, removal and risk of organic micropollutants in wastewater treatment plants across China: Comparison of wastewater treatment processes. Water Research 130, 38-46, doi:10.1016/j.watres.2017.11.057 (2018).",121
municipal sludge,Shandong,Shandong,Erythromycin-H2O,6200000,ng/g dw,2015,spring,"Ben, W. et al. Occurrence, removal and risk of organic micropollutants in wastewater treatment plants across China: Comparison of wastewater treatment processes. Water Research 130, 38-46, doi:10.1016/j.watres.2017.11.057 (2018).",121
municipal sludge,Shandong,Shandong,Lomefloxacin,75300000,ng/g dw,2015,spring,"Ben, W. et al. Occurrence, removal and risk of organic micropollutants in wastewater treatment plants across China: Comparison of wastewater treatment processes. Water Research 130, 38-46, doi:10.1016/j.watres.2017.11.057 (2018).",121
municipal sludge,Shandong,Shandong,Norfloxacin,2003700000,ng/g dw,2015,spring,"Ben, W. et al. Occurrence, removal and risk of organic micropollutants in wastewater treatment plants across China: Comparison of wastewater treatment processes. Water Research 130, 38-46, doi:10.1016/j.watres.2017.11.057 (2018).",121
municipal sludge,Shandong,Shandong,Ofloxacin,3150000000,ng/g dw,2015,spring,"Ben, W. et al. Occurrence, removal and risk of organic micropollutants in wastewater treatment plants across China: Comparison of wastewater treatment processes. Water Research 130, 38-46, doi:10.1016/j.watres.2017.11.057 (2018).",121
municipal sludge,Shandong,Shandong,Oxytetracycline,387800000,ng/g dw,2015,spring,"Ben, W. et al. Occurrence, removal and risk of organic micropollutants in wastewater treatment plants across China: Comparison of wastewater treatment processes. Water Research 130, 38-46, doi:10.1016/j.watres.2017.11.057 (2018).",121
municipal sludge,Shandong,Shandong,Roxithromycin,13400000,ng/g dw,2015,spring,"Ben, W. et al. Occurrence, removal and risk of organic micropollutants in wastewater treatment plants across China: Comparison of wastewater treatment processes. Water Research 130, 38-46, doi:10.1016/j.watres.2017.11.057 (2018).",121
municipal sludge,Shandong,Shandong,Sulfadiazine,3400000,ng/g dw,2015,spring,"Ben, W. et al. Occurrence, removal and risk of organic micropollutants in wastewater treatment plants across China: Comparison of wastewater treatment processes. Water Research 130, 38-46, doi:10.1016/j.watres.2017.11.057 (2018).",121
municipal sludge,Shandong,Shandong,Sulfadimethoxine,4900000,ng/g dw,2015,spring,"Ben, W. et al. Occurrence, removal and risk of organic micropollutants in wastewater treatment plants across China: Comparison of wastewater treatment processes. Water Research 130, 38-46, doi:10.1016/j.watres.2017.11.057 (2018).",121
municipal sludge,Shandong,Shandong,Sulfadimidine,800000,ng/g dw,2015,spring,"Ben, W. et al. Occurrence, removal and risk of organic micropollutants in wastewater treatment plants across China: Comparison of wastewater treatment processes. Water Research 130, 38-46, doi:10.1016/j.watres.2017.11.057 (2018).",121
municipal sludge,Shandong,Shandong,Sulfamerazine,15300000,ng/g dw,2015,spring,"Ben, W. et al. Occurrence, removal and risk of organic micropollutants in wastewater treatment plants across China: Comparison of wastewater treatment processes. Water Research 130, 38-46, doi:10.1016/j.watres.2017.11.057 (2018).",121
municipal sludge,Shandong,Shandong,Sulfamethoxazole,4200000,ng/g dw,2015,spring,"Ben, W. et al. Occurrence, removal and risk of organic micropollutants in wastewater treatment plants across China: Comparison of wastewater treatment processes. Water Research 130, 38-46, doi:10.1016/j.watres.2017.11.057 (2018).",121
municipal sludge,Shandong,Shandong,Sulfathiazole,7100000,ng/g dw,2015,spring,"Ben, W. et al. Occurrence, removal and risk of organic micropollutants in wastewater treatment plants across China: Comparison of wastewater treatment processes. Water Research 130, 38-46, doi:10.1016/j.watres.2017.11.057 (2018).",121
municipal sludge,Shandong,Shandong,Tetracycline,57400000,ng/g dw,2015,spring,"Ben, W. et al. Occurrence, removal and risk of organic micropollutants in wastewater treatment plants across China: Comparison of wastewater treatment processes. Water Research 130, 38-46, doi:10.1016/j.watres.2017.11.057 (2018).",121
municipal sludge,Shandong,Shandong,Trimethoprim,18000000,ng/g dw,2015,spring,"Ben, W. et al. Occurrence, removal and risk of organic micropollutants in wastewater treatment plants across China: Comparison of wastewater treatment processes. Water Research 130, 38-46, doi:10.1016/j.watres.2017.11.057 (2018).",121
municipal sludge,Shandong,"Shandong Province, China",Tylosin,811500,ng/g,2020,NA,"Yang, M., Ma, X., Xie, D., Wu, C., Wang, Q., Gao, M., Xu, M., Liu, S., 2020. A study towards minimising tylosin concentration and antibiotic resistance genes in tylosin fermentation dreg fertilizer. J. Environ. Chem. Eng. 8, 104372. https://doi.org/10.1016/j.jece.2020.104372",N376
municipal sludge,Shanghai,Shanghai,Azithromycin,749000000,ng/g dw,2015,spring,"Ben, W. et al. Occurrence, removal and risk of organic micropollutants in wastewater treatment plants across China: Comparison of wastewater treatment processes. Water Research 130, 38-46, doi:10.1016/j.watres.2017.11.057 (2018).",121
municipal sludge,Shanghai,Shanghai,Chlortetracycline,4250004.25,ng/g dw,2015,spring,"Ben, W. et al. Occurrence, removal and risk of organic micropollutants in wastewater treatment plants across China: Comparison of wastewater treatment processes. Water Research 130, 38-46, doi:10.1016/j.watres.2017.11.057 (2018).",121
municipal sludge,Shanghai,Shanghai,Ciprofloxacin,83300000,ng/g dw,2015,spring,"Ben, W. et al. Occurrence, removal and risk of organic micropollutants in wastewater treatment plants across China: Comparison of wastewater treatment processes. Water Research 130, 38-46, doi:10.1016/j.watres.2017.11.057 (2018).",121
municipal sludge,Shanghai,Shanghai,Clarithromycin,5300000,ng/g dw,2015,spring,"Ben, W. et al. Occurrence, removal and risk of organic micropollutants in wastewater treatment plants across China: Comparison of wastewater treatment processes. Water Research 130, 38-46, doi:10.1016/j.watres.2017.11.057 (2018).",121
municipal sludge,Shanghai,Shanghai,Doxycycline,13600000,ng/g dw,2015,spring,"Ben, W. et al. Occurrence, removal and risk of organic micropollutants in wastewater treatment plants across China: Comparison of wastewater treatment processes. Water Research 130, 38-46, doi:10.1016/j.watres.2017.11.057 (2018).",121
municipal sludge,Shanghai,Shanghai,Enrofloxacin,6600000,ng/g dw,2015,spring,"Ben, W. et al. Occurrence, removal and risk of organic micropollutants in wastewater treatment plants across China: Comparison of wastewater treatment processes. Water Research 130, 38-46, doi:10.1016/j.watres.2017.11.057 (2018).",121
municipal sludge,Shanghai,Shanghai,Erythromycin-H2O,6200000,ng/g dw,2015,spring,"Ben, W. et al. Occurrence, removal and risk of organic micropollutants in wastewater treatment plants across China: Comparison of wastewater treatment processes. Water Research 130, 38-46, doi:10.1016/j.watres.2017.11.057 (2018).",121
municipal sludge,Shanghai,Shanghai,Lomefloxacin,75300000,ng/g dw,2015,spring,"Ben, W. et al. Occurrence, removal and risk of organic micropollutants in wastewater treatment plants across China: Comparison of wastewater treatment processes. Water Research 130, 38-46, doi:10.1016/j.watres.2017.11.057 (2018).",121
municipal sludge,Shanghai,Shanghai,Norfloxacin,2003700000,ng/g dw,2015,spring,"Ben, W. et al. Occurrence, removal and risk of organic micropollutants in wastewater treatment plants across China: Comparison of wastewater treatment processes. Water Research 130, 38-46, doi:10.1016/j.watres.2017.11.057 (2018).",121
municipal sludge,Shanghai,Shanghai,Ofloxacin,3150000000,ng/g dw,2015,spring,"Ben, W. et al. Occurrence, removal and risk of organic micropollutants in wastewater treatment plants across China: Comparison of wastewater treatment processes. Water Research 130, 38-46, doi:10.1016/j.watres.2017.11.057 (2018).",121
municipal sludge,Shanghai,Shanghai,Oxytetracycline,387800000,ng/g dw,2015,spring,"Ben, W. et al. Occurrence, removal and risk of organic micropollutants in wastewater treatment plants across China: Comparison of wastewater treatment processes. Water Research 130, 38-46, doi:10.1016/j.watres.2017.11.057 (2018).",121
municipal sludge,Shanghai,Shanghai,Roxithromycin,13400000,ng/g dw,2015,spring,"Ben, W. et al. Occurrence, removal and risk of organic micropollutants in wastewater treatment plants across China: Comparison of wastewater treatment processes. Water Research 130, 38-46, doi:10.1016/j.watres.2017.11.057 (2018).",121
municipal sludge,Shanghai,Shanghai,Sulfadiazine,3400000,ng/g dw,2015,spring,"Ben, W. et al. Occurrence, removal and risk of organic micropollutants in wastewater treatment plants across China: Comparison of wastewater treatment processes. Water Research 130, 38-46, doi:10.1016/j.watres.2017.11.057 (2018).",121
municipal sludge,Shanghai,Shanghai,Sulfadimethoxine,4900000,ng/g dw,2015,spring,"Ben, W. et al. Occurrence, removal and risk of organic micropollutants in wastewater treatment plants across China: Comparison of wastewater treatment processes. Water Research 130, 38-46, doi:10.1016/j.watres.2017.11.057 (2018).",121
municipal sludge,Shanghai,Shanghai,Sulfadimidine,800000,ng/g dw,2015,spring,"Ben, W. et al. Occurrence, removal and risk of organic micropollutants in wastewater treatment plants across China: Comparison of wastewater treatment processes. Water Research 130, 38-46, doi:10.1016/j.watres.2017.11.057 (2018).",121
municipal sludge,Shanghai,Shanghai,Sulfamerazine,15300000,ng/g dw,2015,spring,"Ben, W. et al. Occurrence, removal and risk of organic micropollutants in wastewater treatment plants across China: Comparison of wastewater treatment processes. Water Research 130, 38-46, doi:10.1016/j.watres.2017.11.057 (2018).",121
municipal sludge,Shanghai,Shanghai,Sulfamethoxazole,4200000,ng/g dw,2015,spring,"Ben, W. et al. Occurrence, removal and risk of organic micropollutants in wastewater treatment plants across China: Comparison of wastewater treatment processes. Water Research 130, 38-46, doi:10.1016/j.watres.2017.11.057 (2018).",121
municipal sludge,Shanghai,Shanghai,Sulfathiazole,7100000,ng/g dw,2015,spring,"Ben, W. et al. Occurrence, removal and risk of organic micropollutants in wastewater treatment plants across China: Comparison of wastewater treatment processes. Water Research 130, 38-46, doi:10.1016/j.watres.2017.11.057 (2018).",121
municipal sludge,Shanghai,Shanghai,Tetracycline,57400000,ng/g dw,2015,spring,"Ben, W. et al. Occurrence, removal and risk of organic micropollutants in wastewater treatment plants across China: Comparison of wastewater treatment processes. Water Research 130, 38-46, doi:10.1016/j.watres.2017.11.057 (2018).",121
municipal sludge,Shanghai,Shanghai,Trimethoprim,18000000,ng/g dw,2015,spring,"Ben, W. et al. Occurrence, removal and risk of organic micropollutants in wastewater treatment plants across China: Comparison of wastewater treatment processes. Water Research 130, 38-46, doi:10.1016/j.watres.2017.11.057 (2018).",121
municipal sludge,Shanxi,Shanxi,Azithromycin,749000000,ng/g dw,2015,spring,"Ben, W. et al. Occurrence, removal and risk of organic micropollutants in wastewater treatment plants across China: Comparison of wastewater treatment processes. Water Research 130, 38-46, doi:10.1016/j.watres.2017.11.057 (2018).",121
municipal sludge,Shanxi,Shanxi,Chlortetracycline,4250004.25,ng/g dw,2015,spring,"Ben, W. et al. Occurrence, removal and risk of organic micropollutants in wastewater treatment plants across China: Comparison of wastewater treatment processes. Water Research 130, 38-46, doi:10.1016/j.watres.2017.11.057 (2018).",121
municipal sludge,Shanxi,Shanxi,Ciprofloxacin,83300000,ng/g dw,2015,spring,"Ben, W. et al. Occurrence, removal and risk of organic micropollutants in wastewater treatment plants across China: Comparison of wastewater treatment processes. Water Research 130, 38-46, doi:10.1016/j.watres.2017.11.057 (2018).",121
municipal sludge,Shanxi,Shanxi,Clarithromycin,5300000,ng/g dw,2015,spring,"Ben, W. et al. Occurrence, removal and risk of organic micropollutants in wastewater treatment plants across China: Comparison of wastewater treatment processes. Water Research 130, 38-46, doi:10.1016/j.watres.2017.11.057 (2018).",121
municipal sludge,Shanxi,Shanxi,Doxycycline,13600000,ng/g dw,2015,spring,"Ben, W. et al. Occurrence, removal and risk of organic micropollutants in wastewater treatment plants across China: Comparison of wastewater treatment processes. Water Research 130, 38-46, doi:10.1016/j.watres.2017.11.057 (2018).",121
municipal sludge,Shanxi,Shanxi,Enrofloxacin,6600000,ng/g dw,2015,spring,"Ben, W. et al. Occurrence, removal and risk of organic micropollutants in wastewater treatment plants across China: Comparison of wastewater treatment processes. Water Research 130, 38-46, doi:10.1016/j.watres.2017.11.057 (2018).",121
municipal sludge,Shanxi,Shanxi,Erythromycin-H2O,6200000,ng/g dw,2015,spring,"Ben, W. et al. Occurrence, removal and risk of organic micropollutants in wastewater treatment plants across China: Comparison of wastewater treatment processes. Water Research 130, 38-46, doi:10.1016/j.watres.2017.11.057 (2018).",121
municipal sludge,Shanxi,Shanxi,Lomefloxacin,75300000,ng/g dw,2015,spring,"Ben, W. et al. Occurrence, removal and risk of organic micropollutants in wastewater treatment plants across China: Comparison of wastewater treatment processes. Water Research 130, 38-46, doi:10.1016/j.watres.2017.11.057 (2018).",121
municipal sludge,Shanxi,Shanxi,Norfloxacin,2003700000,ng/g dw,2015,spring,"Ben, W. et al. Occurrence, removal and risk of organic micropollutants in wastewater treatment plants across China: Comparison of wastewater treatment processes. Water Research 130, 38-46, doi:10.1016/j.watres.2017.11.057 (2018).",121
municipal sludge,Shanxi,Shanxi,Ofloxacin,3150000000,ng/g dw,2015,spring,"Ben, W. et al. Occurrence, removal and risk of organic micropollutants in wastewater treatment plants across China: Comparison of wastewater treatment processes. Water Research 130, 38-46, doi:10.1016/j.watres.2017.11.057 (2018).",121
municipal sludge,Shanxi,Shanxi,Oxytetracycline,387800000,ng/g dw,2015,spring,"Ben, W. et al. Occurrence, removal and risk of organic micropollutants in wastewater treatment plants across China: Comparison of wastewater treatment processes. Water Research 130, 38-46, doi:10.1016/j.watres.2017.11.057 (2018).",121
municipal sludge,Shanxi,Shanxi,Roxithromycin,13400000,ng/g dw,2015,spring,"Ben, W. et al. Occurrence, removal and risk of organic micropollutants in wastewater treatment plants across China: Comparison of wastewater treatment processes. Water Research 130, 38-46, doi:10.1016/j.watres.2017.11.057 (2018).",121
municipal sludge,Shanxi,Shanxi,Sulfadiazine,3400000,ng/g dw,2015,spring,"Ben, W. et al. Occurrence, removal and risk of organic micropollutants in wastewater treatment plants across China: Comparison of wastewater treatment processes. Water Research 130, 38-46, doi:10.1016/j.watres.2017.11.057 (2018).",121
municipal sludge,Shanxi,Shanxi,Sulfadimethoxine,4900000,ng/g dw,2015,spring,"Ben, W. et al. Occurrence, removal and risk of organic micropollutants in wastewater treatment plants across China: Comparison of wastewater treatment processes. Water Research 130, 38-46, doi:10.1016/j.watres.2017.11.057 (2018).",121
municipal sludge,Shanxi,Shanxi,Sulfadimidine,800000,ng/g dw,2015,spring,"Ben, W. et al. Occurrence, removal and risk of organic micropollutants in wastewater treatment plants across China: Comparison of wastewater treatment processes. Water Research 130, 38-46, doi:10.1016/j.watres.2017.11.057 (2018).",121
municipal sludge,Shanxi,Shanxi,Sulfamerazine,15300000,ng/g dw,2015,spring,"Ben, W. et al. Occurrence, removal and risk of organic micropollutants in wastewater treatment plants across China: Comparison of wastewater treatment processes. Water Research 130, 38-46, doi:10.1016/j.watres.2017.11.057 (2018).",121
municipal sludge,Shanxi,Shanxi,Sulfamethoxazole,4200000,ng/g dw,2015,spring,"Ben, W. et al. Occurrence, removal and risk of organic micropollutants in wastewater treatment plants across China: Comparison of wastewater treatment processes. Water Research 130, 38-46, doi:10.1016/j.watres.2017.11.057 (2018).",121
municipal sludge,Shanxi,Shanxi,Sulfathiazole,7100000,ng/g dw,2015,spring,"Ben, W. et al. Occurrence, removal and risk of organic micropollutants in wastewater treatment plants across China: Comparison of wastewater treatment processes. Water Research 130, 38-46, doi:10.1016/j.watres.2017.11.057 (2018).",121
municipal sludge,Shanxi,Shanxi,Tetracycline,57400000,ng/g dw,2015,spring,"Ben, W. et al. Occurrence, removal and risk of organic micropollutants in wastewater treatment plants across China: Comparison of wastewater treatment processes. Water Research 130, 38-46, doi:10.1016/j.watres.2017.11.057 (2018).",121
municipal sludge,Shanxi,Shanxi,Trimethoprim,18000000,ng/g dw,2015,spring,"Ben, W. et al. Occurrence, removal and risk of organic micropollutants in wastewater treatment plants across China: Comparison of wastewater treatment processes. Water Research 130, 38-46, doi:10.1016/j.watres.2017.11.057 (2018).",121
municipal sludge,Tianjin,Tianjin,Azithromycin,1150700000,ng/g dw,NA,NA,"Song, S., Zhang, X., Zhou, J. & Li, R. Simultaneous determination of 12 antibiotics in sewage sludge by ultra performance liquid chromatography-electrospray ionization tandem mass spectrometry. Huanjing Huaxue-Environmental Chemistry 36, 1923-1931, doi:10.7524/j.issn.0254-6108.2017012004 (2017).",107
municipal sludge,Tianjin,Tianjin,Chlortetracycline,125650000,ng/g dw,NA,NA,"Song, S., Zhang, X., Zhou, J. & Li, R. Simultaneous determination of 12 antibiotics in sewage sludge by ultra performance liquid chromatography-electrospray ionization tandem mass spectrometry. Huanjing Huaxue-Environmental Chemistry 36, 1923-1931, doi:10.7524/j.issn.0254-6108.2017012004 (2017).",107
municipal sludge,Tianjin,Tianjin,Ciprofloxacin,411100000,ng/g dw,NA,NA,"Song, S., Zhang, X., Zhou, J. & Li, R. Simultaneous determination of 12 antibiotics in sewage sludge by ultra performance liquid chromatography-electrospray ionization tandem mass spectrometry. Huanjing Huaxue-Environmental Chemistry 36, 1923-1931, doi:10.7524/j.issn.0254-6108.2017012004 (2017).",107
municipal sludge,Tianjin,Tianjin,Erythromycin,6300000,ng/g dw,NA,NA,"Song, S., Zhang, X., Zhou, J. & Li, R. Simultaneous determination of 12 antibiotics in sewage sludge by ultra performance liquid chromatography-electrospray ionization tandem mass spectrometry. Huanjing Huaxue-Environmental Chemistry 36, 1923-1931, doi:10.7524/j.issn.0254-6108.2017012004 (2017).",107
municipal sludge,Tianjin,Tianjin,Norfloxacin,1795550000,ng/g dw,NA,NA,"Song, S., Zhang, X., Zhou, J. & Li, R. Simultaneous determination of 12 antibiotics in sewage sludge by ultra performance liquid chromatography-electrospray ionization tandem mass spectrometry. Huanjing Huaxue-Environmental Chemistry 36, 1923-1931, doi:10.7524/j.issn.0254-6108.2017012004 (2017).",107
municipal sludge,Tianjin,Tianjin,Ofloxacin,2920650000,ng/g dw,NA,NA,"Song, S., Zhang, X., Zhou, J. & Li, R. Simultaneous determination of 12 antibiotics in sewage sludge by ultra performance liquid chromatography-electrospray ionization tandem mass spectrometry. Huanjing Huaxue-Environmental Chemistry 36, 1923-1931, doi:10.7524/j.issn.0254-6108.2017012004 (2017).",107
municipal sludge,Tianjin,Tianjin,Oxytetracycline,1701050000,ng/g dw,NA,NA,"Song, S., Zhang, X., Zhou, J. & Li, R. Simultaneous determination of 12 antibiotics in sewage sludge by ultra performance liquid chromatography-electrospray ionization tandem mass spectrometry. Huanjing Huaxue-Environmental Chemistry 36, 1923-1931, doi:10.7524/j.issn.0254-6108.2017012004 (2017).",107
municipal sludge,Tianjin,Tianjin,Roxithromycin,29850000,ng/g dw,NA,NA,"Song, S., Zhang, X., Zhou, J. & Li, R. Simultaneous determination of 12 antibiotics in sewage sludge by ultra performance liquid chromatography-electrospray ionization tandem mass spectrometry. Huanjing Huaxue-Environmental Chemistry 36, 1923-1931, doi:10.7524/j.issn.0254-6108.2017012004 (2017).",107
municipal sludge,Tianjin,Tianjin,Sulfadimidine,2000000,ng/g dw,NA,NA,"Song, S., Zhang, X., Zhou, J. & Li, R. Simultaneous determination of 12 antibiotics in sewage sludge by ultra performance liquid chromatography-electrospray ionization tandem mass spectrometry. Huanjing Huaxue-Environmental Chemistry 36, 1923-1931, doi:10.7524/j.issn.0254-6108.2017012004 (2017).",107
municipal sludge,Tianjin,Tianjin,Sulfamethoxazole,13100000,ng/g dw,NA,NA,"Song, S., Zhang, X., Zhou, J. & Li, R. Simultaneous determination of 12 antibiotics in sewage sludge by ultra performance liquid chromatography-electrospray ionization tandem mass spectrometry. Huanjing Huaxue-Environmental Chemistry 36, 1923-1931, doi:10.7524/j.issn.0254-6108.2017012004 (2017).",107
municipal sludge,Tianjin,Tianjin,Tetracycline,158550000,ng/g dw,NA,NA,"Song, S., Zhang, X., Zhou, J. & Li, R. Simultaneous determination of 12 antibiotics in sewage sludge by ultra performance liquid chromatography-electrospray ionization tandem mass spectrometry. Huanjing Huaxue-Environmental Chemistry 36, 1923-1931, doi:10.7524/j.issn.0254-6108.2017012004 (2017).",107
municipal sludge,Xinjiang,"Xinjiang Uygur Autonomous Region, China",Erythromycin,114700,ng/g,2022,NA,"Han, Z., Feng, H., Luan, X., Shen, Y., Ren, L., Deng, L., Larsson, D.G.J., Gillings, M., Zhang, Y., Yang, M., 2022. Three-Year Consecutive Field Application of Erythromycin Fermentation Residue Following Hydrothermal Treatment: Cumulative Effect on Soil Antibiotic Resistance Genes. Engineering-london. 15, 78–88. https://doi.org/10.1016/j.eng.2022.05.011",N168
municipal sludge,Xinjiang,"Xinjiang Uygur Autonomous Region, China",Penicillin G,1750000,ng/g,2024,NA,"Han, Z., Luan, X., Feng, H., Deng, Y., Yang, M., Zhang, Y., 2024. Metagenomic insights into microorganisms and antibiotic resistance genes of waste antibiotic fermentation residues along production, storage and treatment processes. J. Environ. Sci. 136, 45–55. https://doi.org/10.1016/j.jes.2022.10.035",N169
municipal sludge,Xinjiang,"8 WWTPs in Tianshan Mountain basin, Northwest China",Total Antibiotics,0.8,ng/g dw,2024–2025,NA,"Zhang, Y., Wu, M., Tan, Y., Du, B., Li, M., Liu, L., Wu, P., Kang, G., Zhang, S., Shi, Z., & Lu, L. (2026). Distribution, fate, and risk prioritization of antibiotics in wastewater treatment plants in Northwest China: Insights into secondary sedimentation limitations and membrane process advantages. Journal of Water Process Engineering, 86, 109859. https://doi.org/10.1016/j.jwpe.2026.109859",N68
municipal sludge,Zhejiang,Hangzhou,Sulfamethoxazole,39800000,ng/g dw,2012,summer,"Zhu, S. & Chen, H. The fate and risk of selected pharmaceutical and personal care products in wastewater treatment plants and a pilot-scale multistage constructed wetland system. Environmental Science and Pollution Research 21, 1466-1479, doi:10.1007/s11356-013-2025-y (2014).",220
municipal sludge,Zhejiang,Hangzhou,Trimethoprim,39200000,ng/g dw,2012,summer,"Zhu, S. & Chen, H. The fate and risk of selected pharmaceutical and personal care products in wastewater treatment plants and a pilot-scale multistage constructed wetland system. Environmental Science and Pollution Research 21, 1466-1479, doi:10.1007/s11356-013-2025-y (2014).",220
municipal wastewater (urban sewer),Heilongjiang,"Majia River drainage area, Harbin (urban sewer)",Fluoroquinolones,252,ng/L,2023–2024,NA,"Meng, F., Yao, Q., Sun, Z., Ren, J., Liu, J., & He, C. (2026). Spatiotemporal distribution, driving factors, and ecological risks of antibiotics in the wastewater of urban-scale sewers. Water Research, 290, 125063. https://doi.org/10.1016/j.watres.2026.125063",N67
municipal wastewater (urban sewer),Heilongjiang,"Majia River drainage area, Harbin (urban sewer)",Lincosamides,16.4,ng/L,2023–2024,NA,"Meng, F., Yao, Q., Sun, Z., Ren, J., Liu, J., & He, C. (2026). Spatiotemporal distribution, driving factors, and ecological risks of antibiotics in the wastewater of urban-scale sewers. Water Research, 290, 125063. https://doi.org/10.1016/j.watres.2026.125063",N67
municipal wastewater (urban sewer),Heilongjiang,"Majia River drainage area, Harbin (urban sewer)",Macrolides,88.8,ng/L,2023–2024,NA,"Meng, F., Yao, Q., Sun, Z., Ren, J., Liu, J., & He, C. (2026). Spatiotemporal distribution, driving factors, and ecological risks of antibiotics in the wastewater of urban-scale sewers. Water Research, 290, 125063. https://doi.org/10.1016/j.watres.2026.125063",N67
municipal wastewater (urban sewer),Heilongjiang,"Majia River drainage area, Harbin (urban sewer)",Sulfonamides,69.8,ng/L,2023–2024,NA,"Meng, F., Yao, Q., Sun, Z., Ren, J., Liu, J., & He, C. (2026). Spatiotemporal distribution, driving factors, and ecological risks of antibiotics in the wastewater of urban-scale sewers. Water Research, 290, 125063. https://doi.org/10.1016/j.watres.2026.125063",N67
municipal wastewater (urban sewer),Heilongjiang,"Majia River drainage area, Harbin (urban sewer)",Trimethoprim,3.29,ng/L,2023–2024,NA,"Meng, F., Yao, Q., Sun, Z., Ren, J., Liu, J., & He, C. (2026). Spatiotemporal distribution, driving factors, and ecological risks of antibiotics in the wastewater of urban-scale sewers. Water Research, 290, 125063. https://doi.org/10.1016/j.watres.2026.125063",N67
municipal wastewater effluent,Anhui,Wuhu,Ofloxacin,226,ng/L,2021–2022,all seasons,"Zhang, L., Liu, S., Pan, X., Wang, F., Song, J., Liu, J., Zheng, W., Yang, L., & Xu, G. (2023). Occurrence, removal, emission and environment risk of 32 antibiotics and metabolites in wastewater treatment plants in Wuhu, China. Science of the Total Environment, 899, 165681. https://doi.org/10.1016/j.scitotenv.2023.165681",N52
municipal wastewater effluent,Anhui,Wuhu,Sulfachloropyridazine,12.3,ng/L,2021–2022,all seasons,"Zhang, L., Liu, S., Pan, X., Wang, F., Song, J., Liu, J., Zheng, W., Yang, L., & Xu, G. (2023). Occurrence, removal, emission and environment risk of 32 antibiotics and metabolites in wastewater treatment plants in Wuhu, China. Science of the Total Environment, 899, 165681. https://doi.org/10.1016/j.scitotenv.2023.165681",N52
municipal wastewater effluent,Anhui,Wuhu,Sulfamethoxazole,4.8,ng/L,2021–2022,all seasons,"Zhang, L., Liu, S., Pan, X., Wang, F., Song, J., Liu, J., Zheng, W., Yang, L., & Xu, G. (2023). Occurrence, removal, emission and environment risk of 32 antibiotics and metabolites in wastewater treatment plants in Wuhu, China. Science of the Total Environment, 899, 165681. https://doi.org/10.1016/j.scitotenv.2023.165681",N52
municipal wastewater effluent,Anhui,Wuhu,Sulfapyridine,6.7,ng/L,2021–2022,all seasons,"Zhang, L., Liu, S., Pan, X., Wang, F., Song, J., Liu, J., Zheng, W., Yang, L., & Xu, G. (2023). Occurrence, removal, emission and environment risk of 32 antibiotics and metabolites in wastewater treatment plants in Wuhu, China. Science of the Total Environment, 899, 165681. https://doi.org/10.1016/j.scitotenv.2023.165681",N52
municipal wastewater effluent,Anhui,Wuhu,Trimethoprim,1.7,ng/L,2021–2022,all seasons,"Zhang, L., Liu, S., Pan, X., Wang, F., Song, J., Liu, J., Zheng, W., Yang, L., & Xu, G. (2023). Occurrence, removal, emission and environment risk of 32 antibiotics and metabolites in wastewater treatment plants in Wuhu, China. Science of the Total Environment, 899, 165681. https://doi.org/10.1016/j.scitotenv.2023.165681",N52
municipal wastewater effluent,Beijing,"Municipal WWTP, Beijing",Norfloxacin,12190,ng/L,2023–2024,winter–spring (Dec–Apr),"Li, Y., Cui, Y., Li, Y., Yan, L., Chen, S., Li, S., Li, D., Wang, J., Zhao, X., & Li, H. (2026). Bioavailability regulates seasonal dynamics and ecological risks of antibiotics-heavy metals mixtures in wastewater treatment. Water Research, 300, 125936. https://doi.org/10.1016/j.watres.2026.125936",N69
municipal wastewater effluent,Beijing,Beijing,Sulfonamides,723,ng/L,2022–2023,NA,"Xiao, Y., Zhang, Q., Yang, Y., Li, K., Xiao, Y., Zhang, S., Guo, F., Jiang, X., Liu, S., Sanganyado, E., & Xia, X. (2024). Unraveling the Pollution and Discharge of Aminophenyl Sulfone Compounds, Sulfonamide Antibiotics, and Their Acetylation Products in Municipal Wastewater Treatment Plants. Environmental Science & Technology, 58, 11695–11706. https://doi.org/10.1021/acs.est.4c02292",N58
municipal wastewater effluent,Guangdong,Plant A WWTP (South China; A2/O),Ciprofloxacin,7.710000000000001,ng/L,2010,May,"Zhou, L.-J., Ying, G.-G., Liu, S., Zhao, J.-L., Yang, B., Chen, Z.-F., & Lai, H.-J. (2013). Occurrence and fate of eleven classes of antibiotics in two typical wastewater treatment plants in South China. Science of The Total Environment, 452–453, 365–376.",N_ZHOU2013_SC_WWTP
municipal wastewater effluent,Guangdong,Plant A WWTP (South China; A2/O),Clarithromycin,24.38,ng/L,2010,May,"Zhou, L.-J., Ying, G.-G., Liu, S., Zhao, J.-L., Yang, B., Chen, Z.-F., & Lai, H.-J. (2013). Occurrence and fate of eleven classes of antibiotics in two typical wastewater treatment plants in South China. Science of The Total Environment, 452–453, 365–376.",N_ZHOU2013_SC_WWTP
municipal wastewater effluent,Guangdong,Plant A WWTP (South China; A2/O),Lincomycin,37.5,ng/L,2010,May,"Zhou, L.-J., Ying, G.-G., Liu, S., Zhao, J.-L., Yang, B., Chen, Z.-F., & Lai, H.-J. (2013). Occurrence and fate of eleven classes of antibiotics in two typical wastewater treatment plants in South China. Science of The Total Environment, 452–453, 365–376.",N_ZHOU2013_SC_WWTP
municipal wastewater effluent,Guangdong,Plant B WWTP (South China; oxidation ditch),Lomefloxacin,8.59,ng/L,2010,November,"Zhou, L.-J., Ying, G.-G., Liu, S., Zhao, J.-L., Yang, B., Chen, Z.-F., & Lai, H.-J. (2013). Occurrence and fate of eleven classes of antibiotics in two typical wastewater treatment plants in South China. Science of The Total Environment, 452–453, 365–376.",N_ZHOU2013_SC_WWTP
municipal wastewater effluent,Guangdong,Plant A WWTP (South China; A2/O),Norfloxacin,52.3,ng/L,2010,May,"Zhou, L.-J., Ying, G.-G., Liu, S., Zhao, J.-L., Yang, B., Chen, Z.-F., & Lai, H.-J. (2013). Occurrence and fate of eleven classes of antibiotics in two typical wastewater treatment plants in South China. Science of The Total Environment, 452–453, 365–376.",N_ZHOU2013_SC_WWTP
municipal wastewater effluent,Guangdong,Plant A WWTP (South China; A2/O),Ofloxacin,71.8,ng/L,2010,May,"Zhou, L.-J., Ying, G.-G., Liu, S., Zhao, J.-L., Yang, B., Chen, Z.-F., & Lai, H.-J. (2013). Occurrence and fate of eleven classes of antibiotics in two typical wastewater treatment plants in South China. Science of The Total Environment, 452–453, 365–376.",N_ZHOU2013_SC_WWTP
municipal wastewater effluent,Guangdong,Plant A WWTP (South China; A2/O),Oxytetracycline,13.55,ng/L,2010,May,"Zhou, L.-J., Ying, G.-G., Liu, S., Zhao, J.-L., Yang, B., Chen, Z.-F., & Lai, H.-J. (2013). Occurrence and fate of eleven classes of antibiotics in two typical wastewater treatment plants in South China. Science of The Total Environment, 452–453, 365–376.",N_ZHOU2013_SC_WWTP
municipal wastewater effluent,Guangdong,Plant A WWTP (South China; A2/O),Roxithromycin,15,ng/L,2010,May,"Zhou, L.-J., Ying, G.-G., Liu, S., Zhao, J.-L., Yang, B., Chen, Z.-F., & Lai, H.-J. (2013). Occurrence and fate of eleven classes of antibiotics in two typical wastewater treatment plants in South China. Science of The Total Environment, 452–453, 365–376.",N_ZHOU2013_SC_WWTP
municipal wastewater effluent,Guangdong,Plant A WWTP (South China; A2/O),Sulfadiazine,4.635,ng/L,2010,May,"Zhou, L.-J., Ying, G.-G., Liu, S., Zhao, J.-L., Yang, B., Chen, Z.-F., & Lai, H.-J. (2013). Occurrence and fate of eleven classes of antibiotics in two typical wastewater treatment plants in South China. Science of The Total Environment, 452–453, 365–376.",N_ZHOU2013_SC_WWTP
municipal wastewater effluent,Guangdong,Plant A WWTP (South China; A2/O),Sulfadimidine,16.700000000000003,ng/L,2010,May,"Zhou, L.-J., Ying, G.-G., Liu, S., Zhao, J.-L., Yang, B., Chen, Z.-F., & Lai, H.-J. (2013). Occurrence and fate of eleven classes of antibiotics in two typical wastewater treatment plants in South China. Science of The Total Environment, 452–453, 365–376.",N_ZHOU2013_SC_WWTP
municipal wastewater effluent,Guangdong,Plant A WWTP (South China; A2/O),Sulfamethoxazole,93.9,ng/L,2010,May,"Zhou, L.-J., Ying, G.-G., Liu, S., Zhao, J.-L., Yang, B., Chen, Z.-F., & Lai, H.-J. (2013). Occurrence and fate of eleven classes of antibiotics in two typical wastewater treatment plants in South China. Science of The Total Environment, 452–453, 365–376.",N_ZHOU2013_SC_WWTP
municipal wastewater effluent,Guangdong,Plant B WWTP (South China; oxidation ditch),Sulfamonomethoxine,6.6,ng/L,2010,May,"Zhou, L.-J., Ying, G.-G., Liu, S., Zhao, J.-L., Yang, B., Chen, Z.-F., & Lai, H.-J. (2013). Occurrence and fate of eleven classes of antibiotics in two typical wastewater treatment plants in South China. Science of The Total Environment, 452–453, 365–376.",N_ZHOU2013_SC_WWTP
municipal wastewater effluent,Guangdong,Plant A WWTP (South China; A2/O),Sulfapyridine,12.09,ng/L,2010,May,"Zhou, L.-J., Ying, G.-G., Liu, S., Zhao, J.-L., Yang, B., Chen, Z.-F., & Lai, H.-J. (2013). Occurrence and fate of eleven classes of antibiotics in two typical wastewater treatment plants in South China. Science of The Total Environment, 452–453, 365–376.",N_ZHOU2013_SC_WWTP
municipal wastewater effluent,Guangdong,Plant A WWTP (South China; A2/O),Tetracycline,15.4,ng/L,2010,May,"Zhou, L.-J., Ying, G.-G., Liu, S., Zhao, J.-L., Yang, B., Chen, Z.-F., & Lai, H.-J. (2013). Occurrence and fate of eleven classes of antibiotics in two typical wastewater treatment plants in South China. Science of The Total Environment, 452–453, 365–376.",N_ZHOU2013_SC_WWTP
municipal wastewater effluent,Guangdong,"WWTP_MS A/O, Shenzhen",Total Antibiotics,709.47,ng/L,2024–2025,NA,"Pan, Y., Gao, S.-H., Dai, Z., Li, T., Gao, R., Xie, J., & Wang, A. (2026). Multidrug-resistant and various high-risk ARGs in wastewater effluent exhibit nonnegligible AMR risks. Water Research, 296, 125616. https://doi.org/10.1016/j.watres.2026.125616",N70
municipal wastewater effluent,Guangdong,Plant A WWTP (South China; A2/O),Trimethoprim,58.2,ng/L,2010,May,"Zhou, L.-J., Ying, G.-G., Liu, S., Zhao, J.-L., Yang, B., Chen, Z.-F., & Lai, H.-J. (2013). Occurrence and fate of eleven classes of antibiotics in two typical wastewater treatment plants in South China. Science of The Total Environment, 452–453, 365–376.",N_ZHOU2013_SC_WWTP
municipal wastewater effluent,Hainan,Hainan,Ciprofloxacin,1510,ng/L,2013–2023,NA,"Li, G., Dong, M., Liu, H., Lu, L., Hou, P., & Pan, X. (2025). Occurrence, Distribution, and Ecological Risk Assessment of Antibiotics in Aqueous, Sediment, and Solid Waste of a Typical Island Province in China. Water, 17(19), 2846. https://doi.org/10.3390/w17192846",N39
municipal wastewater effluent,Hainan,Hainan,Ofloxacin,7283,ng/L,2013–2023,NA,"Li, G., Dong, M., Liu, H., Lu, L., Hou, P., & Pan, X. (2025). Occurrence, Distribution, and Ecological Risk Assessment of Antibiotics in Aqueous, Sediment, and Solid Waste of a Typical Island Province in China. Water, 17(19), 2846. https://doi.org/10.3390/w17192846",N39
municipal wastewater effluent,Hebei,"Hebei Province, China",Oxytetracycline,1702500,ng/L,2008,NA,"Li, D., Yang, M., Hu, J., Ren, L., Zhang, Y., Li, K., 2008. Determination and fate of oxytetracycline and related compounds in oxytetracycline production wastewater and the receiving river. Enviro Toxic and Chemistry 27, 80–86. https://doi.org/10.1897/07-080.1",N221
municipal wastewater effluent,Hebei,"Shijiazhuang, Hebei Province, China",Penicillin G,1687,ng/L,2008,NA,"Li, D., Yang, M., Hu, J., Zhang, Y., Chang, H., Jin, F., 2008. Determination of penicillin G and its degradation products in a penicillin production wastewater treatment plant and the receiving river. Water Research 42, 307–317. https://doi.org/10.1016/j.watres.2007.07.016",N222
municipal wastewater effluent,Hebei,"Shijiazhuang, Hebei Province, China",Streptomycin,408600,ng/L,2012,NA,"Deng, Y., Zhang, Y., Gao, Y., Li, D., Liu, R., Liu, M., Zhang, H., Hu, B., Yu, T., Yang, M., 2012. Microbial Community Compositional Analysis for Series Reactors Treating High Level Antibiotic Wastewater. Environ. Sci. Technol. 46, 795–801. https://doi.org/10.1021/es2025998",N153
municipal wastewater effluent,Heilongjiang,Heilongjiang,Ciprofloxacin,186.24,ng/L,2024,summer,2025 Guo et al Comprehensive assessment of 45 antibiotics in ten urban wastewater treatment plants in Northeastern China- Terminal treatment is not a reliable guard,N18
municipal wastewater effluent,Heilongjiang,Heilongjiang,Enoxacin,107.72,ng/L,2024,summer,2025 Guo et al Comprehensive assessment of 45 antibiotics in ten urban wastewater treatment plants in Northeastern China- Terminal treatment is not a reliable guard,N18
municipal wastewater effluent,Heilongjiang,Heilongjiang,Norfloxacin,852.8499999999999,ng/L,2024,summer,2025 Guo et al Comprehensive assessment of 45 antibiotics in ten urban wastewater treatment plants in Northeastern China- Terminal treatment is not a reliable guard  Author links open overlay panel Xin-Ming Guo.pdf,N18
municipal wastewater effluent,Heilongjiang,Heilongjiang,Ofloxacin,122,ng/L,2024,summer,2025 Guo et al Comprehensive assessment of 45 antibiotics in ten urban wastewater treatment plants in Northeastern China- Terminal treatment is not a reliable guard  Author links open overlay panel Xin-Ming Guo.pdf,N18
municipal wastewater effluent,Hunan,Zijiang River basin (12 STPs),Amoxicillin,74.4,ng/L,2022,NA,"Li, Y., Wang, J., Lin, C., Lian, M., He, M., Liu, X., & Ouyang, W. (2024). Occurrence, removal efficiency, and emission of antibiotics in the sewage treatment plants of a low-urbanized basin in China and their impact on the receiving water. Science of the Total Environment, 921, 171134. https://doi.org/10.1016/j.scitotenv.2024.171134",N59
municipal wastewater effluent,Hunan,Zijiang River basin (12 STPs),Erythromycin,20,ng/L,2022,NA,"Li, Y., Wang, J., Lin, C., Lian, M., He, M., Liu, X., & Ouyang, W. (2024). Occurrence, removal efficiency, and emission of antibiotics in the sewage treatment plants of a low-urbanized basin in China and their impact on the receiving water. Science of the Total Environment, 921, 171134. https://doi.org/10.1016/j.scitotenv.2024.171134",N59
municipal wastewater effluent,Hunan,Zijiang River basin (12 STPs),Ofloxacin,31.1,ng/L,2022,NA,"Li, Y., Wang, J., Lin, C., Lian, M., He, M., Liu, X., & Ouyang, W. (2024). Occurrence, removal efficiency, and emission of antibiotics in the sewage treatment plants of a low-urbanized basin in China and their impact on the receiving water. Science of the Total Environment, 921, 171134. https://doi.org/10.1016/j.scitotenv.2024.171134",N59
municipal wastewater effluent,Hunan,Zijiang River basin (12 STPs),Roxithromycin,37.6,ng/L,2022,NA,"Li, Y., Wang, J., Lin, C., Lian, M., He, M., Liu, X., & Ouyang, W. (2024). Occurrence, removal efficiency, and emission of antibiotics in the sewage treatment plants of a low-urbanized basin in China and their impact on the receiving water. Science of the Total Environment, 921, 171134. https://doi.org/10.1016/j.scitotenv.2024.171134",N59
municipal wastewater effluent,Hunan,Zijiang River basin (12 STPs),Sulfamonomethoxine,19.1,ng/L,2022,NA,"Li, Y., Wang, J., Lin, C., Lian, M., He, M., Liu, X., & Ouyang, W. (2024). Occurrence, removal efficiency, and emission of antibiotics in the sewage treatment plants of a low-urbanized basin in China and their impact on the receiving water. Science of the Total Environment, 921, 171134. https://doi.org/10.1016/j.scitotenv.2024.171134",N59
municipal wastewater effluent,Jiangsu,"Wuxi, Jiangsu Province, China",Spiramycin,2390000,ng/L,2014,NA,"Liu, M., Ding, R., Zhang, Y., Gao, Y., Tian, Z., Zhang, T., Yang, M., 2014. Abundance and distribution of Macrolide-Lincosamide-Streptogramin resistance genes in an anaerobic-aerobic system treating spiramycin production wastewater. Water Research 63, 33–41. https://doi.org/10.1016/j.watres.2014.05.045",N269
municipal wastewater effluent,Ningxia,"Yinchuan, Ningxia Hui Autonomous Region, China",Tetracycline,1900000,ng/L,2020,NA,"Tang M, Gu Y, Wei D, et al. Enhanced hydrolysis of fermentative antibiotics in production wastewater: Hydrolysis potential prediction and engineering application. Chemical Engineering Journal. 2020;391:123626. doi:10.1016/j.cej.2019.123626",N313
municipal wastewater effluent,Shaanxi,WWTP effluent (W1) discharging to Weihe River,Azithromycin,735.89,ng/L,2021,winter (Dec),"Ge, L., Wei, W., Cao, S., Sweetman, A. J., Yang, Y., Zhang, P., & Li, X. (2024). Occurrence, spatiotemporal distribution and risks of macrolide antibiotics in the Weihe River and its tributaries, North-central China. Emerging Contaminants, 10, 100353. https://doi.org/10.1016/j.emcon.2024.100353",N84
municipal wastewater effluent,Shaanxi,WWTP effluent (W1) discharging to Weihe River,Clarithromycin,73.82,ng/L,2021,winter (Dec),"Ge, L., Wei, W., Cao, S., Sweetman, A. J., Yang, Y., Zhang, P., & Li, X. (2024). Occurrence, spatiotemporal distribution and risks of macrolide antibiotics in the Weihe River and its tributaries, North-central China. Emerging Contaminants, 10, 100353. https://doi.org/10.1016/j.emcon.2024.100353",N84
municipal wastewater effluent,Shaanxi,WWTP effluent (W1) discharging to Weihe River,Erythromycin,40.59,ng/L,2021,winter (Dec),"Ge, L., Wei, W., Cao, S., Sweetman, A. J., Yang, Y., Zhang, P., & Li, X. (2024). Occurrence, spatiotemporal distribution and risks of macrolide antibiotics in the Weihe River and its tributaries, North-central China. Emerging Contaminants, 10, 100353. https://doi.org/10.1016/j.emcon.2024.100353",N84
municipal wastewater effluent,Shaanxi,WWTP effluent (W1) discharging to Weihe River,Roxithromycin,200.47,ng/L,2021,winter (Dec),"Ge, L., Wei, W., Cao, S., Sweetman, A. J., Yang, Y., Zhang, P., & Li, X. (2024). Occurrence, spatiotemporal distribution and risks of macrolide antibiotics in the Weihe River and its tributaries, North-central China. Emerging Contaminants, 10, 100353. https://doi.org/10.1016/j.emcon.2024.100353",N84
municipal wastewater effluent,Shaanxi,WWTP effluent (W1) discharging to Weihe River,Spiramycin,21.83,ng/L,2021,winter (Dec),"Ge, L., Wei, W., Cao, S., Sweetman, A. J., Yang, Y., Zhang, P., & Li, X. (2024). Occurrence, spatiotemporal distribution and risks of macrolide antibiotics in the Weihe River and its tributaries, North-central China. Emerging Contaminants, 10, 100353. https://doi.org/10.1016/j.emcon.2024.100353",N84
municipal wastewater effluent,Shandong,Jinan,Levofloxacin,204.74,ng/L,2018,all seasons,"Zhang, H., Xu, L., Huang, T., Yan, M., Liu, K., Miao, Y., He, H., Li, S., & Sekar, R. (2023). Seasonal distribution and dynamic evolution of antibiotics and evaluation of their resistance selection potential and ecotoxicological risk at a wastewater treatment plant in Jinan, China. Environmental Science and Pollution Research, 30, 44505–44517. https://doi.org/10.1007/s11356-022-24321-0",N51
municipal wastewater effluent,Shandong,Qingdao,Sulfonamides,378,ng/L,2022–2023,NA,"Xiao, Y., Zhang, Q., Yang, Y., Li, K., Xiao, Y., Zhang, S., Guo, F., Jiang, X., Liu, S., Sanganyado, E., & Xia, X. (2024). Unraveling the Pollution and Discharge of Aminophenyl Sulfone Compounds, Sulfonamide Antibiotics, and Their Acetylation Products in Municipal Wastewater Treatment Plants. Environmental Science & Technology, 58, 11695–11706. https://doi.org/10.1021/acs.est.4c02292",N58
municipal wastewater effluent,Shanghai,"Shanghai, China",Penicillin G,1380000,ng/L,2023,NA,"Liu, L., Wang, J., Li, Jianan, Zhang, M., Zhang, Y., Zhan, R., Li, Jiaxin, Wang, Z., 2023. Insights into the practicability of electrochemical enhanced heterogeneous activation of peroxymonosulfate for the treatment of liquid waste during penicillin g production. Chemical Engineering Journal 455, 140590. https://doi.org/10.1016/j.cej.2022.140590",N268
municipal wastewater effluent,Sichuan,Southeast Sichuan (40 township WWTPs),Total Antibiotics,242.06,ng/L,2020,autumn (October),"Cheng, S., Zhang, R., Liu, Q., He, S., Sun, J., & Xing, L. (2025). Occurrence, removal, and ecological risk of antibiotics and antibiotic resistance genes in township wastewater treatment plants in the upper reaches of the Yangtze River, China. Environmental Science and Pollution Research, 32, 1223–1235. https://doi.org/10.1007/s11356-024-35832-z",N56
municipal wastewater effluent,Tianjin,"Tianjin, China",Oxytetracycline,3350000,ng/L,2019,NA,"Hou, J., Chen, Z., Gao, J., Xie, Y., Li, L., Qin, S., Wang, Q., Mao, D., Luo, Y., 2019. Simultaneous removal of antibiotics and antibiotic resistance genes from pharmaceutical wastewater using the combinations of up-flow anaerobic sludge bed, anoxic-oxic tank, and advanced oxidation technologies. Water Research 159, 511–520. https://doi.org/10.1016/j.watres.2019.05.034",N179
municipal wastewater effluent,Tianjin,"Tianjin, China",Tetracycline,970000,ng/L,2019,NA,"Hou, J., Chen, Z., Gao, J., Xie, Y., Li, L., Qin, S., Wang, Q., Mao, D., Luo, Y., 2019. Simultaneous removal of antibiotics and antibiotic resistance genes from pharmaceutical wastewater using the combinations of up-flow anaerobic sludge bed, anoxic-oxic tank, and advanced oxidation technologies. Water Research 159, 511–520. https://doi.org/10.1016/j.watres.2019.05.034",N179
municipal wastewater effluent,Xinjiang,"8 WWTPs in Tianshan Mountain basin, Northwest China",Azithromycin,90,ng/L,2024–2025,NA,"Zhang, Y., Wu, M., Tan, Y., Du, B., Li, M., Liu, L., Wu, P., Kang, G., Zhang, S., Shi, Z., & Lu, L. (2026). Distribution, fate, and risk prioritization of antibiotics in wastewater treatment plants in Northwest China: Insights into secondary sedimentation limitations and membrane process advantages. Journal of Water Process Engineering, 86, 109859. https://doi.org/10.1016/j.jwpe.2026.109859",N68
municipal wastewater effluent,Xinjiang,"8 WWTPs in Tianshan Mountain basin, Northwest China",Clindamycin,30.2,ng/L,2024–2025,NA,"Zhang, Y., Wu, M., Tan, Y., Du, B., Li, M., Liu, L., Wu, P., Kang, G., Zhang, S., Shi, Z., & Lu, L. (2026). Distribution, fate, and risk prioritization of antibiotics in wastewater treatment plants in Northwest China: Insights into secondary sedimentation limitations and membrane process advantages. Journal of Water Process Engineering, 86, 109859. https://doi.org/10.1016/j.jwpe.2026.109859",N68
municipal wastewater effluent,Xinjiang,"Xinjiang Uygur Autonomous Region, China",Erythromycin,1362500,ng/L,2023,NA,"Tang, L., Feng, H., Luan, X., Han, Z., Yang, M., Zhang, Y., 2023. Occurrence, distribution, and behaviors of erythromycin A, production byproducts, transformation products, and resistance genes in a full-scale erythromycin A production wastewater treatment system. Water Research 245, 120640. https://doi.org/10.1016/j.watres.2023.120640",N314
municipal wastewater effluent,Xinjiang,"8 WWTPs in Tianshan Mountain basin, Northwest China",Ofloxacin,331.5,ng/L,2024–2025,NA,"Zhang, Y., Wu, M., Tan, Y., Du, B., Li, M., Liu, L., Wu, P., Kang, G., Zhang, S., Shi, Z., & Lu, L. (2026). Distribution, fate, and risk prioritization of antibiotics in wastewater treatment plants in Northwest China: Insights into secondary sedimentation limitations and membrane process advantages. Journal of Water Process Engineering, 86, 109859. https://doi.org/10.1016/j.jwpe.2026.109859",N68
municipal wastewater effluent,multiple,Yangtze River basin (13 WWTPs),Amoxicillin,1409,ng/L,2022,autumn (Oct–Nov),"Zhang, Y., Hu, Y., Li, X., Gao, L., Wang, S., Jia, S., Shi, P., & Li, A. (2024). Prevalence of antibiotics, antibiotic resistance genes, and their associations in municipal wastewater treatment plants along the Yangtze River basin, China. Environmental Pollution, 348, 123800. https://doi.org/10.1016/j.envpol.2024.123800",N57
municipal wastewater effluent,multiple,Beijing/Qingdao/Liaocheng/Lijiang (19 MWWTPs),Sulfamethoxazole,47.1,ng/L,2022–2023,NA,"Xiao, Y., Zhang, Q., Yang, Y., Li, K., Xiao, Y., Zhang, S., Guo, F., Jiang, X., Liu, S., Sanganyado, E., & Xia, X. (2024). Unraveling the Pollution and Discharge of Aminophenyl Sulfone Compounds, Sulfonamide Antibiotics, and Their Acetylation Products in Municipal Wastewater Treatment Plants. Environmental Science & Technology, 58, 11695–11706. https://doi.org/10.1021/acs.est.4c02292",N58
municipal wastewater effluent,multiple,Yangtze River basin (13 WWTPs),Total Antibiotics,500,ng/L,2022,autumn (Oct–Nov),"Zhang, Y., Hu, Y., Li, X., Gao, L., Wang, S., Jia, S., Shi, P., & Li, A. (2024). Prevalence of antibiotics, antibiotic resistance genes, and their associations in municipal wastewater treatment plants along the Yangtze River basin, China. Environmental Pollution, 348, 123800. https://doi.org/10.1016/j.envpol.2024.123800",N57
municipal wastewater influent,Anhui,Wuhu,Enrofloxacin,14.8,ng/L,2021–2022,all seasons,"Zhang, L., Liu, S., Pan, X., Wang, F., Song, J., Liu, J., Zheng, W., Yang, L., & Xu, G. (2023). Occurrence, removal, emission and environment risk of 32 antibiotics and metabolites in wastewater treatment plants in Wuhu, China. Science of the Total Environment, 899, 165681. https://doi.org/10.1016/j.scitotenv.2023.165681",N52
municipal wastewater influent,Anhui,Wuhu,Lincomycin,42.9,ng/L,2021–2022,all seasons,"Zhang, L., Liu, S., Pan, X., Wang, F., Song, J., Liu, J., Zheng, W., Yang, L., & Xu, G. (2023). Occurrence, removal, emission and environment risk of 32 antibiotics and metabolites in wastewater treatment plants in Wuhu, China. Science of the Total Environment, 899, 165681. https://doi.org/10.1016/j.scitotenv.2023.165681",N52
municipal wastewater influent,Anhui,Wuhu,Norfloxacin,112.1,ng/L,2021–2022,all seasons,"Zhang, L., Liu, S., Pan, X., Wang, F., Song, J., Liu, J., Zheng, W., Yang, L., & Xu, G. (2023). Occurrence, removal, emission and environment risk of 32 antibiotics and metabolites in wastewater treatment plants in Wuhu, China. Science of the Total Environment, 899, 165681. https://doi.org/10.1016/j.scitotenv.2023.165681",N52
municipal wastewater influent,Anhui,Wuhu,Ofloxacin,587.4,ng/L,2021–2022,all seasons,"Zhang, L., Liu, S., Pan, X., Wang, F., Song, J., Liu, J., Zheng, W., Yang, L., & Xu, G. (2023). Occurrence, removal, emission and environment risk of 32 antibiotics and metabolites in wastewater treatment plants in Wuhu, China. Science of the Total Environment, 899, 165681. https://doi.org/10.1016/j.scitotenv.2023.165681",N52
municipal wastewater influent,Anhui,Wuhu,Sulfachloropyridazine,6.6,ng/L,2021–2022,all seasons,"Zhang, L., Liu, S., Pan, X., Wang, F., Song, J., Liu, J., Zheng, W., Yang, L., & Xu, G. (2023). Occurrence, removal, emission and environment risk of 32 antibiotics and metabolites in wastewater treatment plants in Wuhu, China. Science of the Total Environment, 899, 165681. https://doi.org/10.1016/j.scitotenv.2023.165681",N52
municipal wastewater influent,Anhui,Wuhu,Sulfadiazine,1.3,ng/L,2021–2022,all seasons,"Zhang, L., Liu, S., Pan, X., Wang, F., Song, J., Liu, J., Zheng, W., Yang, L., & Xu, G. (2023). Occurrence, removal, emission and environment risk of 32 antibiotics and metabolites in wastewater treatment plants in Wuhu, China. Science of the Total Environment, 899, 165681. https://doi.org/10.1016/j.scitotenv.2023.165681",N52
municipal wastewater influent,Anhui,Wuhu,Sulfamethoxazole,12.9,ng/L,2021–2022,all seasons,"Zhang, L., Liu, S., Pan, X., Wang, F., Song, J., Liu, J., Zheng, W., Yang, L., & Xu, G. (2023). Occurrence, removal, emission and environment risk of 32 antibiotics and metabolites in wastewater treatment plants in Wuhu, China. Science of the Total Environment, 899, 165681. https://doi.org/10.1016/j.scitotenv.2023.165681",N52
municipal wastewater influent,Anhui,Wuhu,Sulfapyridine,12.8,ng/L,2021–2022,all seasons,"Zhang, L., Liu, S., Pan, X., Wang, F., Song, J., Liu, J., Zheng, W., Yang, L., & Xu, G. (2023). Occurrence, removal, emission and environment risk of 32 antibiotics and metabolites in wastewater treatment plants in Wuhu, China. Science of the Total Environment, 899, 165681. https://doi.org/10.1016/j.scitotenv.2023.165681",N52
municipal wastewater influent,Anhui,Wuhu,Trimethoprim,9.5,ng/L,2021–2022,all seasons,"Zhang, L., Liu, S., Pan, X., Wang, F., Song, J., Liu, J., Zheng, W., Yang, L., & Xu, G. (2023). Occurrence, removal, emission and environment risk of 32 antibiotics and metabolites in wastewater treatment plants in Wuhu, China. Science of the Total Environment, 899, 165681. https://doi.org/10.1016/j.scitotenv.2023.165681",N52
municipal wastewater influent,Beijing,"Municipal WWTP, Beijing",Norfloxacin,19200,ng/L,2023–2024,winter–spring (Dec–Apr),"Li, Y., Cui, Y., Li, Y., Yan, L., Chen, S., Li, S., Li, D., Wang, J., Zhao, X., & Li, H. (2026). Bioavailability regulates seasonal dynamics and ecological risks of antibiotics-heavy metals mixtures in wastewater treatment. Water Research, 300, 125936. https://doi.org/10.1016/j.watres.2026.125936",N69
municipal wastewater influent,Fujian,"Fujian Province, China",Kanamycin,1109000000,ng/L,2020,NA,"Tang, M., Li, F., Yang, M., Zhang, Y., 2020. Degradation of kanamycin from production wastewater with high-concentration organic matrices by hydrothermal treatment. Journal of Environmental Sciences 97, 11–18. https://doi.org/10.1016/j.jes.2020.04.032",N318
municipal wastewater influent,Guangdong,Plant A WWTP (South China; A2/O),Chlortetracycline,21.580000000000002,ng/L,2010,May,"Zhou, L.-J., Ying, G.-G., Liu, S., Zhao, J.-L., Yang, B., Chen, Z.-F., & Lai, H.-J. (2013). Occurrence and fate of eleven classes of antibiotics in two typical wastewater treatment plants in South China. Science of The Total Environment, 452–453, 365–376.",N_ZHOU2013_SC_WWTP
municipal wastewater influent,Guangdong,Plant A WWTP (South China; A2/O),Ciprofloxacin,67.95,ng/L,2010,May,"Zhou, L.-J., Ying, G.-G., Liu, S., Zhao, J.-L., Yang, B., Chen, Z.-F., & Lai, H.-J. (2013). Occurrence and fate of eleven classes of antibiotics in two typical wastewater treatment plants in South China. Science of The Total Environment, 452–453, 365–376.",N_ZHOU2013_SC_WWTP
municipal wastewater influent,Guangdong,Plant A WWTP (South China; A2/O),Clarithromycin,83.3,ng/L,2010,May,"Zhou, L.-J., Ying, G.-G., Liu, S., Zhao, J.-L., Yang, B., Chen, Z.-F., & Lai, H.-J. (2013). Occurrence and fate of eleven classes of antibiotics in two typical wastewater treatment plants in South China. Science of The Total Environment, 452–453, 365–376.",N_ZHOU2013_SC_WWTP
municipal wastewater influent,Guangdong,Plant B WWTP (South China; oxidation ditch),Doxycycline,23,ng/L,2010,November,"Zhou, L.-J., Ying, G.-G., Liu, S., Zhao, J.-L., Yang, B., Chen, Z.-F., & Lai, H.-J. (2013). Occurrence and fate of eleven classes of antibiotics in two typical wastewater treatment plants in South China. Science of The Total Environment, 452–453, 365–376.",N_ZHOU2013_SC_WWTP
municipal wastewater influent,Guangdong,Plant A WWTP (South China; A2/O),Fleroxacin,8.14,ng/L,2010,May,"Zhou, L.-J., Ying, G.-G., Liu, S., Zhao, J.-L., Yang, B., Chen, Z.-F., & Lai, H.-J. (2013). Occurrence and fate of eleven classes of antibiotics in two typical wastewater treatment plants in South China. Science of The Total Environment, 452–453, 365–376.",N_ZHOU2013_SC_WWTP
municipal wastewater influent,Guangdong,Plant A WWTP (South China; A2/O),Lincomycin,115,ng/L,2010,May,"Zhou, L.-J., Ying, G.-G., Liu, S., Zhao, J.-L., Yang, B., Chen, Z.-F., & Lai, H.-J. (2013). Occurrence and fate of eleven classes of antibiotics in two typical wastewater treatment plants in South China. Science of The Total Environment, 452–453, 365–376.",N_ZHOU2013_SC_WWTP
municipal wastewater influent,Guangdong,Plant A WWTP (South China; A2/O),Lomefloxacin,14.355,ng/L,2010,May,"Zhou, L.-J., Ying, G.-G., Liu, S., Zhao, J.-L., Yang, B., Chen, Z.-F., & Lai, H.-J. (2013). Occurrence and fate of eleven classes of antibiotics in two typical wastewater treatment plants in South China. Science of The Total Environment, 452–453, 365–376.",N_ZHOU2013_SC_WWTP
municipal wastewater influent,Guangdong,Plant A WWTP (South China; A2/O),Norfloxacin,233,ng/L,2010,May,"Zhou, L.-J., Ying, G.-G., Liu, S., Zhao, J.-L., Yang, B., Chen, Z.-F., & Lai, H.-J. (2013). Occurrence and fate of eleven classes of antibiotics in two typical wastewater treatment plants in South China. Science of The Total Environment, 452–453, 365–376.",N_ZHOU2013_SC_WWTP
municipal wastewater influent,Guangdong,Plant A WWTP (South China; A2/O),Ofloxacin,203,ng/L,2010,May,"Zhou, L.-J., Ying, G.-G., Liu, S., Zhao, J.-L., Yang, B., Chen, Z.-F., & Lai, H.-J. (2013). Occurrence and fate of eleven classes of antibiotics in two typical wastewater treatment plants in South China. Science of The Total Environment, 452–453, 365–376.",N_ZHOU2013_SC_WWTP
municipal wastewater influent,Guangdong,Plant A WWTP (South China; A2/O),Oxytetracycline,161.1,ng/L,2010,May,"Zhou, L.-J., Ying, G.-G., Liu, S., Zhao, J.-L., Yang, B., Chen, Z.-F., & Lai, H.-J. (2013). Occurrence and fate of eleven classes of antibiotics in two typical wastewater treatment plants in South China. Science of The Total Environment, 452–453, 365–376.",N_ZHOU2013_SC_WWTP
municipal wastewater influent,Guangdong,Plant A WWTP (South China; A2/O),Roxithromycin,52,ng/L,2010,May,"Zhou, L.-J., Ying, G.-G., Liu, S., Zhao, J.-L., Yang, B., Chen, Z.-F., & Lai, H.-J. (2013). Occurrence and fate of eleven classes of antibiotics in two typical wastewater treatment plants in South China. Science of The Total Environment, 452–453, 365–376.",N_ZHOU2013_SC_WWTP
municipal wastewater influent,Guangdong,Plant A WWTP (South China; A2/O),Sulfadiazine,18.65,ng/L,2010,May,"Zhou, L.-J., Ying, G.-G., Liu, S., Zhao, J.-L., Yang, B., Chen, Z.-F., & Lai, H.-J. (2013). Occurrence and fate of eleven classes of antibiotics in two typical wastewater treatment plants in South China. Science of The Total Environment, 452–453, 365–376.",N_ZHOU2013_SC_WWTP
municipal wastewater influent,Guangdong,Plant A WWTP (South China; A2/O),Sulfadimidine,62.150000000000006,ng/L,2010,May,"Zhou, L.-J., Ying, G.-G., Liu, S., Zhao, J.-L., Yang, B., Chen, Z.-F., & Lai, H.-J. (2013). Occurrence and fate of eleven classes of antibiotics in two typical wastewater treatment plants in South China. Science of The Total Environment, 452–453, 365–376.",N_ZHOU2013_SC_WWTP
municipal wastewater influent,Guangdong,Plant A WWTP (South China; A2/O),Sulfamethoxazole,322,ng/L,2010,May,"Zhou, L.-J., Ying, G.-G., Liu, S., Zhao, J.-L., Yang, B., Chen, Z.-F., & Lai, H.-J. (2013). Occurrence and fate of eleven classes of antibiotics in two typical wastewater treatment plants in South China. Science of The Total Environment, 452–453, 365–376.",N_ZHOU2013_SC_WWTP
municipal wastewater influent,Guangdong,Plant A WWTP (South China; A2/O),Sulfamonomethoxine,9.525,ng/L,2010,May,"Zhou, L.-J., Ying, G.-G., Liu, S., Zhao, J.-L., Yang, B., Chen, Z.-F., & Lai, H.-J. (2013). Occurrence and fate of eleven classes of antibiotics in two typical wastewater treatment plants in South China. Science of The Total Environment, 452–453, 365–376.",N_ZHOU2013_SC_WWTP
municipal wastewater influent,Guangdong,Plant A WWTP (South China; A2/O),Sulfapyridine,38.3,ng/L,2010,May,"Zhou, L.-J., Ying, G.-G., Liu, S., Zhao, J.-L., Yang, B., Chen, Z.-F., & Lai, H.-J. (2013). Occurrence and fate of eleven classes of antibiotics in two typical wastewater treatment plants in South China. Science of The Total Environment, 452–453, 365–376.",N_ZHOU2013_SC_WWTP
municipal wastewater influent,Guangdong,Plant A WWTP (South China; A2/O),Tetracycline,114.6,ng/L,2010,May,"Zhou, L.-J., Ying, G.-G., Liu, S., Zhao, J.-L., Yang, B., Chen, Z.-F., & Lai, H.-J. (2013). Occurrence and fate of eleven classes of antibiotics in two typical wastewater treatment plants in South China. Science of The Total Environment, 452–453, 365–376.",N_ZHOU2013_SC_WWTP
municipal wastewater influent,Guangdong,"WWTP_MS A/O, Shenzhen",Total Antibiotics,1719.725,ng/L,2024–2025,NA,"Pan, Y., Gao, S.-H., Dai, Z., Li, T., Gao, R., Xie, J., & Wang, A. (2026). Multidrug-resistant and various high-risk ARGs in wastewater effluent exhibit nonnegligible AMR risks. Water Research, 296, 125616. https://doi.org/10.1016/j.watres.2026.125616",N70
municipal wastewater influent,Guangdong,Plant A WWTP (South China; A2/O),Trimethoprim,153.5,ng/L,2010,May,"Zhou, L.-J., Ying, G.-G., Liu, S., Zhao, J.-L., Yang, B., Chen, Z.-F., & Lai, H.-J. (2013). Occurrence and fate of eleven classes of antibiotics in two typical wastewater treatment plants in South China. Science of The Total Environment, 452–453, 365–376.",N_ZHOU2013_SC_WWTP
municipal wastewater influent,Hebei,NA,Azithromycin,471,ng/L,2016,NA,石家庄典型制药行业废水中抗生素污染特征_刘新军.pdf,N458
municipal wastewater influent,Hebei,"Shijiazhuang, Hebei Province, China",Bacitracin,803000000,ng/L,2020,NA,"Tang M, Gu Y, Wei D, et al. Enhanced hydrolysis of fermentative antibiotics in production wastewater: Hydrolysis potential prediction and engineering application. Chemical Engineering Journal. 2020;391:123626. doi:10.1016/j.cej.2019.123626",N313
municipal wastewater influent,Hebei,Tangshan urban WWTPs,Chlortetracycline,50.004999999999995,ng/L,2023,spring,"Dong, Z., Hu, J., Wang, P., Han, G., & Jia, Z. (2024). Antibiotics in Wastewater Treatment Plants in Tangshan: Perspectives on Temporal Variation, Residents' Use and Ecological Risk Assessment. Water, 16(11), 1627. https://doi.org/10.3390/w16111627",N45
municipal wastewater influent,Hebei,Tangshan urban WWTPs,Ciprofloxacin,103.57,ng/L,2023,spring,"Dong, Z., Hu, J., Wang, P., Han, G., & Jia, Z. (2024). Antibiotics in Wastewater Treatment Plants in Tangshan: Perspectives on Temporal Variation, Residents' Use and Ecological Risk Assessment. Water, 16(11), 1627. https://doi.org/10.3390/w16111627",N45
municipal wastewater influent,Hebei,Tangshan urban WWTPs,Norfloxacin,119.33,ng/L,2023,spring,"Dong, Z., Hu, J., Wang, P., Han, G., & Jia, Z. (2024). Antibiotics in Wastewater Treatment Plants in Tangshan: Perspectives on Temporal Variation, Residents' Use and Ecological Risk Assessment. Water, 16(11), 1627. https://doi.org/10.3390/w16111627",N45
municipal wastewater influent,Hebei,Tangshan urban WWTPs,Ofloxacin,114.575,ng/L,2023,spring,"Dong, Z., Hu, J., Wang, P., Han, G., & Jia, Z. (2024). Antibiotics in Wastewater Treatment Plants in Tangshan: Perspectives on Temporal Variation, Residents' Use and Ecological Risk Assessment. Water, 16(11), 1627. https://doi.org/10.3390/w16111627",N45
municipal wastewater influent,Hebei,"Hebei Province, China",Oxytetracycline,20257500,ng/L,2008,NA,"Li, D., Yang, M., Hu, J., Ren, L., Zhang, Y., Li, K., 2008. Determination and fate of oxytetracycline and related compounds in oxytetracycline production wastewater and the receiving river. Enviro Toxic and Chemistry 27, 80–86. https://doi.org/10.1897/07-080.1",N221
municipal wastewater influent,Hebei,"Shijiazhuang, Hebei Province, China",Penicillin G,153700,ng/L,2008,NA,"Li, D., Yang, M., Hu, J., Zhang, Y., Chang, H., Jin, F., 2008. Determination of penicillin G and its degradation products in a penicillin production wastewater treatment plant and the receiving river. Water Research 42, 307–317. https://doi.org/10.1016/j.watres.2007.07.016",N222
municipal wastewater influent,Hebei,Tangshan urban WWTPs,Roxithromycin,113.195,ng/L,2023,spring,"Dong, Z., Hu, J., Wang, P., Han, G., & Jia, Z. (2024). Antibiotics in Wastewater Treatment Plants in Tangshan: Perspectives on Temporal Variation, Residents' Use and Ecological Risk Assessment. Water, 16(11), 1627. https://doi.org/10.3390/w16111627",N45
municipal wastewater influent,Hebei,"Shijiazhuang, Hebei Province, China",Streptomycin,1912977700,ng/L,2012,NA,"Deng, Y., Zhang, Y., Gao, Y., Li, D., Liu, R., Liu, M., Zhang, H., Hu, B., Yu, T., Yang, M., 2012. Microbial Community Compositional Analysis for Series Reactors Treating High Level Antibiotic Wastewater. Environ. Sci. Technol. 46, 795–801. https://doi.org/10.1021/es2025998",N153
municipal wastewater influent,Hebei,Tangshan urban WWTPs,Sulfadiazine,113.94,ng/L,2023,spring,"Dong, Z., Hu, J., Wang, P., Han, G., & Jia, Z. (2024). Antibiotics in Wastewater Treatment Plants in Tangshan: Perspectives on Temporal Variation, Residents' Use and Ecological Risk Assessment. Water, 16(11), 1627. https://doi.org/10.3390/w16111627",N45
municipal wastewater influent,Hebei,Tangshan urban WWTPs,Sulfamethoxazole,192.625,ng/L,2023,spring,"Dong, Z., Hu, J., Wang, P., Han, G., & Jia, Z. (2024). Antibiotics in Wastewater Treatment Plants in Tangshan: Perspectives on Temporal Variation, Residents' Use and Ecological Risk Assessment. Water, 16(11), 1627. https://doi.org/10.3390/w16111627",N45
municipal wastewater influent,Hebei,Tangshan urban WWTPs,Tetracycline,39.61,ng/L,2023,spring,"Dong, Z., Hu, J., Wang, P., Han, G., & Jia, Z. (2024). Antibiotics in Wastewater Treatment Plants in Tangshan: Perspectives on Temporal Variation, Residents' Use and Ecological Risk Assessment. Water, 16(11), 1627. https://doi.org/10.3390/w16111627",N45
municipal wastewater influent,Heilongjiang,Harbin,Ampicillin,310,ng/L,2019,all seasons,"Sun, S., Li, G., Wu, Y., Qi, H., & Zhang, X. (2023). High-risk antibiotics positively correlated with antibiotic resistance genes in five typical urban wastewater. Journal of Environmental Management, 342, 118296. https://doi.org/10.1016/j.jenvman.2023.118296",N53
municipal wastewater influent,Heilongjiang,Harbin,Azithromycin,221.25,ng/L,2019,all seasons,"Sun, S., Li, G., Wu, Y., Qi, H., & Zhang, X. (2023). High-risk antibiotics positively correlated with antibiotic resistance genes in five typical urban wastewater. Journal of Environmental Management, 342, 118296. https://doi.org/10.1016/j.jenvman.2023.118296",N53
municipal wastewater influent,Heilongjiang,Harbin,Enrofloxacin,1.82,ng/L,2019,all seasons,"Sun, S., Li, G., Wu, Y., Qi, H., & Zhang, X. (2023). High-risk antibiotics positively correlated with antibiotic resistance genes in five typical urban wastewater. Journal of Environmental Management, 342, 118296. https://doi.org/10.1016/j.jenvman.2023.118296",N53
municipal wastewater influent,Heilongjiang,Harbin,Ofloxacin,181,ng/L,2019,all seasons,"Sun, S., Li, G., Wu, Y., Qi, H., & Zhang, X. (2023). High-risk antibiotics positively correlated with antibiotic resistance genes in five typical urban wastewater. Journal of Environmental Management, 342, 118296. https://doi.org/10.1016/j.jenvman.2023.118296",N53
municipal wastewater influent,Heilongjiang,Harbin,Roxithromycin,497,ng/L,2019,all seasons,"Sun, S., Li, G., Wu, Y., Qi, H., & Zhang, X. (2023). High-risk antibiotics positively correlated with antibiotic resistance genes in five typical urban wastewater. Journal of Environmental Management, 342, 118296. https://doi.org/10.1016/j.jenvman.2023.118296",N53
municipal wastewater influent,Heilongjiang,Harbin,Sulfadiazine,2.85,ng/L,2019,all seasons,"Sun, S., Li, G., Wu, Y., Qi, H., & Zhang, X. (2023). High-risk antibiotics positively correlated with antibiotic resistance genes in five typical urban wastewater. Journal of Environmental Management, 342, 118296. https://doi.org/10.1016/j.jenvman.2023.118296",N53
municipal wastewater influent,Heilongjiang,Harbin,Sulfadimidine,1.29,ng/L,2019,all seasons,"Sun, S., Li, G., Wu, Y., Qi, H., & Zhang, X. (2023). High-risk antibiotics positively correlated with antibiotic resistance genes in five typical urban wastewater. Journal of Environmental Management, 342, 118296. https://doi.org/10.1016/j.jenvman.2023.118296",N53
municipal wastewater influent,Heilongjiang,Harbin,Sulfamethoxazole,83.9,ng/L,2019,all seasons,"Sun, S., Li, G., Wu, Y., Qi, H., & Zhang, X. (2023). High-risk antibiotics positively correlated with antibiotic resistance genes in five typical urban wastewater. Journal of Environmental Management, 342, 118296. https://doi.org/10.1016/j.jenvman.2023.118296",N53
municipal wastewater influent,Hunan,Zijiang River basin (12 STPs),Amoxicillin,170,ng/L,2022,NA,"Li, Y., Wang, J., Lin, C., Lian, M., He, M., Liu, X., & Ouyang, W. (2024). Occurrence, removal efficiency, and emission of antibiotics in the sewage treatment plants of a low-urbanized basin in China and their impact on the receiving water. Science of the Total Environment, 921, 171134. https://doi.org/10.1016/j.scitotenv.2024.171134",N59
municipal wastewater influent,Hunan,Zijiang River basin (12 STPs),Erythromycin,50.2,ng/L,2022,NA,"Li, Y., Wang, J., Lin, C., Lian, M., He, M., Liu, X., & Ouyang, W. (2024). Occurrence, removal efficiency, and emission of antibiotics in the sewage treatment plants of a low-urbanized basin in China and their impact on the receiving water. Science of the Total Environment, 921, 171134. https://doi.org/10.1016/j.scitotenv.2024.171134",N59
municipal wastewater influent,Hunan,Zijiang River basin (12 STPs),Ofloxacin,77.4,ng/L,2022,NA,"Li, Y., Wang, J., Lin, C., Lian, M., He, M., Liu, X., & Ouyang, W. (2024). Occurrence, removal efficiency, and emission of antibiotics in the sewage treatment plants of a low-urbanized basin in China and their impact on the receiving water. Science of the Total Environment, 921, 171134. https://doi.org/10.1016/j.scitotenv.2024.171134",N59
municipal wastewater influent,Hunan,Zijiang River basin (12 STPs),Roxithromycin,68,ng/L,2022,NA,"Li, Y., Wang, J., Lin, C., Lian, M., He, M., Liu, X., & Ouyang, W. (2024). Occurrence, removal efficiency, and emission of antibiotics in the sewage treatment plants of a low-urbanized basin in China and their impact on the receiving water. Science of the Total Environment, 921, 171134. https://doi.org/10.1016/j.scitotenv.2024.171134",N59
municipal wastewater influent,Hunan,Zijiang River basin (12 STPs),Sulfamonomethoxine,49.8,ng/L,2022,NA,"Li, Y., Wang, J., Lin, C., Lian, M., He, M., Liu, X., & Ouyang, W. (2024). Occurrence, removal efficiency, and emission of antibiotics in the sewage treatment plants of a low-urbanized basin in China and their impact on the receiving water. Science of the Total Environment, 921, 171134. https://doi.org/10.1016/j.scitotenv.2024.171134",N59
municipal wastewater influent,Jiangsu,"Jiangsu Province, China",Azithromycin,34500499,ng/L,2018,NA,"Liu, P., Chen, J., Shao, L., Tan, J., Chen, D., 2018. Responses of flocculent and granular sludge in anaerobic sequencing batch reactors (ASBRs) to azithromycin wastewater and its impact on microbial communities. J of Chemical Tech &amp; Biotech 93, 2341–2350. https://doi.org/10.1002/jctb.5578",N272
municipal wastewater influent,Jiangsu,"Caoqiao WWTP, Wuxi (Taihu Lake Basin)",Clarithromycin,77,ng/L,2022–2023,all seasons (Oct–Mar),"Li, T., Wu, D., Shi, Y., Xi, L., & Wang, C. (2026). Estimating macrolide antibiotics use in a typical region of Taihu Lake Basin, China through wastewater-based epidemiology. Environmental Geochemistry and Health, 48, 41. https://doi.org/10.1007/s10653-025-02922-x",N66
municipal wastewater influent,Jiangsu,"Caoqiao WWTP, Wuxi (Taihu Lake Basin)",Erythromycin,684,ng/L,2022–2023,all seasons (Oct–Mar),"Li, T., Wu, D., Shi, Y., Xi, L., & Wang, C. (2026). Estimating macrolide antibiotics use in a typical region of Taihu Lake Basin, China through wastewater-based epidemiology. Environmental Geochemistry and Health, 48, 41. https://doi.org/10.1007/s10653-025-02922-x",N66
municipal wastewater influent,Jiangsu,"Caoqiao WWTP, Wuxi (Taihu Lake Basin)",Erythromycin-H2O,1782,ng/L,2022–2023,all seasons (Oct–Mar),"Li, T., Wu, D., Shi, Y., Xi, L., & Wang, C. (2026). Estimating macrolide antibiotics use in a typical region of Taihu Lake Basin, China through wastewater-based epidemiology. Environmental Geochemistry and Health, 48, 41. https://doi.org/10.1007/s10653-025-02922-x",N66
municipal wastewater influent,Jiangsu,"Wuxi, Jiangsu Province, China",Paromomycin,10850000,ng/L,2017,NA,"Wang, C., Ding, R., Gao, Y., Yang, M., Zhang, Y., 2017. Performance and Yeast Tracking in A Full-Scale Oil-Containing Paromomycin Production Wastewater Treatment System Using Yeast. Water 9, 295. https://doi.org/10.3390/w9040295",N323
municipal wastewater influent,Jiangsu,"Caoqiao WWTP, Wuxi (Taihu Lake Basin)",Roxithromycin,597,ng/L,2022–2023,all seasons (Oct–Mar),"Li, T., Wu, D., Shi, Y., Xi, L., & Wang, C. (2026). Estimating macrolide antibiotics use in a typical region of Taihu Lake Basin, China through wastewater-based epidemiology. Environmental Geochemistry and Health, 48, 41. https://doi.org/10.1007/s10653-025-02922-x",N66
municipal wastewater influent,Jiangsu,"Wuxi, Jiangsu Province, China",Spiramycin,41500000,ng/L,2014,NA,"Liu, M., Ding, R., Zhang, Y., Gao, Y., Tian, Z., Zhang, T., Yang, M., 2014. Abundance and distribution of Macrolide-Lincosamide-Streptogramin resistance genes in an anaerobic-aerobic system treating spiramycin production wastewater. Water Research 63, 33–41. https://doi.org/10.1016/j.watres.2014.05.045",N269
municipal wastewater influent,N/A – Spain,"15 WWTPs with different sludge stabilization technologies, Spain",Acetylsulfamethoxazole,268,ng/L,2023–2024,NA,"Mejías, C., Martín, J., Santos, J. L., Aparicio, I., & Alonso, E. (2025). Distribution and fate of antibiotics and their main metabolites in sludge stabilization technologies. Chemosphere, 385, 144573. https://doi.org/10.1016/j.chemosphere.2025.144573",N65
municipal wastewater influent,N/A – Spain,"15 WWTPs with different sludge stabilization technologies, Spain",Ciprofloxacin,262,ng/L,2023–2024,NA,"Mejías, C., Martín, J., Santos, J. L., Aparicio, I., & Alonso, E. (2025). Distribution and fate of antibiotics and their main metabolites in sludge stabilization technologies. Chemosphere, 385, 144573. https://doi.org/10.1016/j.chemosphere.2025.144573",N65
municipal wastewater influent,N/A – Spain,"15 WWTPs with different sludge stabilization technologies, Spain",Enrofloxacin,65.3,ng/L,2023–2024,NA,"Mejías, C., Martín, J., Santos, J. L., Aparicio, I., & Alonso, E. (2025). Distribution and fate of antibiotics and their main metabolites in sludge stabilization technologies. Chemosphere, 385, 144573. https://doi.org/10.1016/j.chemosphere.2025.144573",N65
municipal wastewater influent,N/A – Spain,"15 WWTPs with different sludge stabilization technologies, Spain",Sulfadimidine,2.49,ng/L,2023–2024,NA,"Mejías, C., Martín, J., Santos, J. L., Aparicio, I., & Alonso, E. (2025). Distribution and fate of antibiotics and their main metabolites in sludge stabilization technologies. Chemosphere, 385, 144573. https://doi.org/10.1016/j.chemosphere.2025.144573",N65
municipal wastewater influent,N/A – Spain,"15 WWTPs with different sludge stabilization technologies, Spain",Sulfamethoxazole,154,ng/L,2023–2024,NA,"Mejías, C., Martín, J., Santos, J. L., Aparicio, I., & Alonso, E. (2025). Distribution and fate of antibiotics and their main metabolites in sludge stabilization technologies. Chemosphere, 385, 144573. https://doi.org/10.1016/j.chemosphere.2025.144573",N65
municipal wastewater influent,Ningxia,"Yinchuan, Ningxia Hui Autonomous Region, China",Tetracycline,950500000,ng/L,2020,NA,"Tang M, Gu Y, Wei D, et al. Enhanced hydrolysis of fermentative antibiotics in production wastewater: Hydrolysis potential prediction and engineering application. Chemical Engineering Journal. 2020;391:123626. doi:10.1016/j.cej.2019.123626",N313
municipal wastewater influent,Shandong,Jinan,Levofloxacin,461.31,ng/L,2018,all seasons,"Zhang, H., Xu, L., Huang, T., Yan, M., Liu, K., Miao, Y., He, H., Li, S., & Sekar, R. (2023). Seasonal distribution and dynamic evolution of antibiotics and evaluation of their resistance selection potential and ecotoxicological risk at a wastewater treatment plant in Jinan, China. Environmental Science and Pollution Research, 30, 44505–44517. https://doi.org/10.1007/s11356-022-24321-0",N51
municipal wastewater influent,Sichuan,Southeast Sichuan (40 township WWTPs),Lincomycin,102.32,ng/L,2020,autumn (October),"Cheng, S., Zhang, R., Liu, Q., He, S., Sun, J., & Xing, L. (2025). Occurrence, removal, and ecological risk of antibiotics and antibiotic resistance genes in township wastewater treatment plants in the upper reaches of the Yangtze River, China. Environmental Science and Pollution Research, 32, 1223–1235. https://doi.org/10.1007/s11356-024-35832-z",N56
municipal wastewater influent,Sichuan,Southeast Sichuan (40 township WWTPs),Total Antibiotics,370.67,ng/L,2020,autumn (October),"Cheng, S., Zhang, R., Liu, Q., He, S., Sun, J., & Xing, L. (2025). Occurrence, removal, and ecological risk of antibiotics and antibiotic resistance genes in township wastewater treatment plants in the upper reaches of the Yangtze River, China. Environmental Science and Pollution Research, 32, 1223–1235. https://doi.org/10.1007/s11356-024-35832-z",N56
municipal wastewater influent,Taiwan,"Taipei city, Taiwan",Azithromycin,143.817694,ng/L,NA,NA,"Yu, Z., Gray, D. A., Fick, J., Waters, N., Lindberg, R., Grabic, R., et al. Antibiotic resistance selection and deselection in municipal wastewater from 47 countries. Nature Communications, 16(1), 9698 (2025).",N383
municipal wastewater influent,Taiwan,"Taipei city, Taiwan",Clarithromycin,502.158937,ng/L,NA,NA,"Yu, Z., Gray, D. A., Fick, J., Waters, N., Lindberg, R., Grabic, R., et al. Antibiotic resistance selection and deselection in municipal wastewater from 47 countries. Nature Communications, 16(1), 9698 (2025).",N383
municipal wastewater influent,Taiwan,"Taipei city, Taiwan",Erythromycin,233.965603,ng/L,NA,NA,"Yu, Z., Gray, D. A., Fick, J., Waters, N., Lindberg, R., Grabic, R., et al. Antibiotic resistance selection and deselection in municipal wastewater from 47 countries. Nature Communications, 16(1), 9698 (2025).",N383
municipal wastewater influent,Taiwan,"Taipei city, Taiwan",Sulfamethoxazole,152.431519,ng/L,NA,NA,"Yu, Z., Gray, D. A., Fick, J., Waters, N., Lindberg, R., Grabic, R., et al. Antibiotic resistance selection and deselection in municipal wastewater from 47 countries. Nature Communications, 16(1), 9698 (2025).",N383
municipal wastewater influent,Taiwan,"Taipei city, Taiwan",Trimethoprim,207.564413,ng/L,NA,NA,"Yu, Z., Gray, D. A., Fick, J., Waters, N., Lindberg, R., Grabic, R., et al. Antibiotic resistance selection and deselection in municipal wastewater from 47 countries. Nature Communications, 16(1), 9698 (2025).",N383
municipal wastewater influent,Tianjin,"Tianjin, China",Oxytetracycline,22400000,ng/L,2019,NA,"Hou, J., Chen, Z., Gao, J., Xie, Y., Li, L., Qin, S., Wang, Q., Mao, D., Luo, Y., 2019. Simultaneous removal of antibiotics and antibiotic resistance genes from pharmaceutical wastewater using the combinations of up-flow anaerobic sludge bed, anoxic-oxic tank, and advanced oxidation technologies. Water Research 159, 511–520. https://doi.org/10.1016/j.watres.2019.05.034",N179
municipal wastewater influent,Tianjin,"Tianjin, China",Tetracycline,8000000,ng/L,2019,NA,"Hou, J., Chen, Z., Gao, J., Xie, Y., Li, L., Qin, S., Wang, Q., Mao, D., Luo, Y., 2019. Simultaneous removal of antibiotics and antibiotic resistance genes from pharmaceutical wastewater using the combinations of up-flow anaerobic sludge bed, anoxic-oxic tank, and advanced oxidation technologies. Water Research 159, 511–520. https://doi.org/10.1016/j.watres.2019.05.034",N179
municipal wastewater influent,Xinjiang,"Xinjiang Uygur Autonomous Region, China",Erythromycin,138125000,ng/L,2023,NA,"Tang, L., Feng, H., Luan, X., Han, Z., Yang, M., Zhang, Y., 2023. Occurrence, distribution, and behaviors of erythromycin A, production byproducts, transformation products, and resistance genes in a full-scale erythromycin A production wastewater treatment system. Water Research 245, 120640. https://doi.org/10.1016/j.watres.2023.120640",N314
municipal wastewater influent,Xinjiang,"8 WWTPs in Tianshan Mountain basin, Northwest China",Norfloxacin,101.1,ng/L,2024–2025,NA,"Zhang, Y., Wu, M., Tan, Y., Du, B., Li, M., Liu, L., Wu, P., Kang, G., Zhang, S., Shi, Z., & Lu, L. (2026). Distribution, fate, and risk prioritization of antibiotics in wastewater treatment plants in Northwest China: Insights into secondary sedimentation limitations and membrane process advantages. Journal of Water Process Engineering, 86, 109859. https://doi.org/10.1016/j.jwpe.2026.109859",N68
municipal wastewater influent,Xinjiang,"8 WWTPs in Tianshan Mountain basin, Northwest China",Ofloxacin,472.6,ng/L,2024–2025,NA,"Zhang, Y., Wu, M., Tan, Y., Du, B., Li, M., Liu, L., Wu, P., Kang, G., Zhang, S., Shi, Z., & Lu, L. (2026). Distribution, fate, and risk prioritization of antibiotics in wastewater treatment plants in Northwest China: Insights into secondary sedimentation limitations and membrane process advantages. Journal of Water Process Engineering, 86, 109859. https://doi.org/10.1016/j.jwpe.2026.109859",N68
municipal wastewater influent,Yunnan,Lijiang,Sulfonamides,1680,ng/L,2022–2023,NA,"Xiao, Y., Zhang, Q., Yang, Y., Li, K., Xiao, Y., Zhang, S., Guo, F., Jiang, X., Liu, S., Sanganyado, E., & Xia, X. (2024). Unraveling the Pollution and Discharge of Aminophenyl Sulfone Compounds, Sulfonamide Antibiotics, and Their Acetylation Products in Municipal Wastewater Treatment Plants. Environmental Science & Technology, 58, 11695–11706. https://doi.org/10.1021/acs.est.4c02292",N58
municipal wastewater influent,Zhejiang,NA,Erythromycin,37.25,ng/L,2024,NA,基于SPE-LC-MS_MS检测的生活污水中抗生素的污染和生态风险分析_胡玮.pdf,N452
municipal wastewater influent,Zhejiang,NA,Ofloxacin,17,ng/L,2024,NA,基于SPE-LC-MS_MS检测的生活污水中抗生素的污染和生态风险分析_胡玮.pdf,N452
municipal wastewater influent,Zhejiang,NA,Sulfadiazine,186.4,ng/L,2024,NA,基于SPE-LC-MS_MS检测的生活污水中抗生素的污染和生态风险分析_胡玮.pdf,N452
pharmaceutical wastewater,Guangdong,PMF4 (Guangdong),Erythromycin,19.24,ng/L,2020–2021,NA,"Liu, Y., Cai, D., Li, X., Wu, Q., Ding, P., Shen, L., et al. (2023). Occurrence, fate, and risk assessment of antibiotics in typical pharmaceutical manufactories and receiving water bodies from different regions. PLoS ONE, 18(1), e0270945. https://doi.org/10.1371/journal.pone.0270945",N54
pharmaceutical wastewater,Guangdong,PMF4 (Guangdong),Lincomycin,192.69,ng/L,2020–2021,NA,"Liu, Y., Cai, D., Li, X., Wu, Q., Ding, P., Shen, L., et al. (2023). Occurrence, fate, and risk assessment of antibiotics in typical pharmaceutical manufactories and receiving water bodies from different regions. PLoS ONE, 18(1), e0270945. https://doi.org/10.1371/journal.pone.0270945",N54
pharmaceutical wastewater,Guangdong,PMF4 (Guangdong),Ofloxacin,234.56,ng/L,2020–2021,NA,"Liu, Y., Cai, D., Li, X., Wu, Q., Ding, P., Shen, L., et al. (2023). Occurrence, fate, and risk assessment of antibiotics in typical pharmaceutical manufactories and receiving water bodies from different regions. PLoS ONE, 18(1), e0270945. https://doi.org/10.1371/journal.pone.0270945",N54
pharmaceutical wastewater,Guangdong,PMF4 (Guangdong),Roxithromycin,3.7649999999999997,ng/L,2020–2021,NA,"Liu, Y., Cai, D., Li, X., Wu, Q., Ding, P., Shen, L., et al. (2023). Occurrence, fate, and risk assessment of antibiotics in typical pharmaceutical manufactories and receiving water bodies from different regions. PLoS ONE, 18(1), e0270945. https://doi.org/10.1371/journal.pone.0270945",N54
pharmaceutical wastewater,Hebei,PMF1 (Hebei),Erythromycin,21.15,ng/L,2020–2021,NA,"Liu, Y., Cai, D., Li, X., Wu, Q., Ding, P., Shen, L., et al. (2023). Occurrence, fate, and risk assessment of antibiotics in typical pharmaceutical manufactories and receiving water bodies from different regions. PLoS ONE, 18(1), e0270945. https://doi.org/10.1371/journal.pone.0270945",N54
pharmaceutical wastewater,Hebei,PMF1 (Hebei),Lincomycin,15.3,ng/L,2020–2021,NA,"Liu, Y., Cai, D., Li, X., Wu, Q., Ding, P., Shen, L., et al. (2023). Occurrence, fate, and risk assessment of antibiotics in typical pharmaceutical manufactories and receiving water bodies from different regions. PLoS ONE, 18(1), e0270945. https://doi.org/10.1371/journal.pone.0270945",N54
pharmaceutical wastewater,Hebei,PMF1 (Hebei),Methacycline,24.315,ng/L,2020–2021,NA,"Liu, Y., Cai, D., Li, X., Wu, Q., Ding, P., Shen, L., et al. (2023). Occurrence, fate, and risk assessment of antibiotics in typical pharmaceutical manufactories and receiving water bodies from different regions. PLoS ONE, 18(1), e0270945. https://doi.org/10.1371/journal.pone.0270945",N54
pharmaceutical wastewater,Jiangsu,PMF2 (Jiangsu),Clarithromycin,24.54,ng/L,2020–2021,NA,"Liu, Y., Cai, D., Li, X., Wu, Q., Ding, P., Shen, L., et al. (2023). Occurrence, fate, and risk assessment of antibiotics in typical pharmaceutical manufactories and receiving water bodies from different regions. PLoS ONE, 18(1), e0270945. https://doi.org/10.1371/journal.pone.0270945",N54
pharmaceutical wastewater,Jiangsu,PMF2 (Jiangsu),Erythromycin,70.92,ng/L,2020–2021,NA,"Liu, Y., Cai, D., Li, X., Wu, Q., Ding, P., Shen, L., et al. (2023). Occurrence, fate, and risk assessment of antibiotics in typical pharmaceutical manufactories and receiving water bodies from different regions. PLoS ONE, 18(1), e0270945. https://doi.org/10.1371/journal.pone.0270945",N54
pharmaceutical wastewater,Jiangsu,PMF2 (Jiangsu),Norfloxacin,109.01,ng/L,2020–2021,NA,"Liu, Y., Cai, D., Li, X., Wu, Q., Ding, P., Shen, L., et al. (2023). Occurrence, fate, and risk assessment of antibiotics in typical pharmaceutical manufactories and receiving water bodies from different regions. PLoS ONE, 18(1), e0270945. https://doi.org/10.1371/journal.pone.0270945",N54
pharmaceutical wastewater,Jiangsu,PMF2 (Jiangsu),Ofloxacin,94.75,ng/L,2020–2021,NA,"Liu, Y., Cai, D., Li, X., Wu, Q., Ding, P., Shen, L., et al. (2023). Occurrence, fate, and risk assessment of antibiotics in typical pharmaceutical manufactories and receiving water bodies from different regions. PLoS ONE, 18(1), e0270945. https://doi.org/10.1371/journal.pone.0270945",N54
pharmaceutical wastewater,Jiangsu,PMF2 (Jiangsu),Roxithromycin,55.150000000000006,ng/L,2020–2021,NA,"Liu, Y., Cai, D., Li, X., Wu, Q., Ding, P., Shen, L., et al. (2023). Occurrence, fate, and risk assessment of antibiotics in typical pharmaceutical manufactories and receiving water bodies from different regions. PLoS ONE, 18(1), e0270945. https://doi.org/10.1371/journal.pone.0270945",N54
pharmaceutical wastewater,Jiangsu,PMF2 (Jiangsu),Sulfadiazine,3.315,ng/L,2020–2021,NA,"Liu, Y., Cai, D., Li, X., Wu, Q., Ding, P., Shen, L., et al. (2023). Occurrence, fate, and risk assessment of antibiotics in typical pharmaceutical manufactories and receiving water bodies from different regions. PLoS ONE, 18(1), e0270945. https://doi.org/10.1371/journal.pone.0270945",N54
pharmaceutical wastewater,Zhejiang,PMF3 (Zhejiang),Ciprofloxacin,19.145,ng/L,2020–2021,NA,"Liu, Y., Cai, D., Li, X., Wu, Q., Ding, P., Shen, L., et al. (2023). Occurrence, fate, and risk assessment of antibiotics in typical pharmaceutical manufactories and receiving water bodies from different regions. PLoS ONE, 18(1), e0270945. https://doi.org/10.1371/journal.pone.0270945",N54
pharmaceutical wastewater,Zhejiang,PMF3 (Zhejiang),Erythromycin,9.01,ng/L,2020–2021,NA,"Liu, Y., Cai, D., Li, X., Wu, Q., Ding, P., Shen, L., et al. (2023). Occurrence, fate, and risk assessment of antibiotics in typical pharmaceutical manufactories and receiving water bodies from different regions. PLoS ONE, 18(1), e0270945. https://doi.org/10.1371/journal.pone.0270945",N54
pharmaceutical wastewater,Zhejiang,PMF3 (Zhejiang),Lincomycin,3.6,ng/L,2020–2021,NA,"Liu, Y., Cai, D., Li, X., Wu, Q., Ding, P., Shen, L., et al. (2023). Occurrence, fate, and risk assessment of antibiotics in typical pharmaceutical manufactories and receiving water bodies from different regions. PLoS ONE, 18(1), e0270945. https://doi.org/10.1371/journal.pone.0270945",N54
pharmaceutical wastewater,Zhejiang,PMF3 (Zhejiang),Ofloxacin,26.945,ng/L,2020–2021,NA,"Liu, Y., Cai, D., Li, X., Wu, Q., Ding, P., Shen, L., et al. (2023). Occurrence, fate, and risk assessment of antibiotics in typical pharmaceutical manufactories and receiving water bodies from different regions. PLoS ONE, 18(1), e0270945. https://doi.org/10.1371/journal.pone.0270945",N54
river water (suspended matter fraction),Shanxi,Fen River Basin (23 sites),Chlortetracycline,26.94,ng/L,2021,wet season,"Liu, R., Wang, Y., Wang, L., Wang, Y., Peng, X., Cao, L., & Liu, Y. (2023). Spatio-temporal distribution and source identification of antibiotics in suspended matter in the Fen River Basin. Chemosphere, 345, 140497. https://doi.org/10.1016/j.chemosphere.2023.140497",N79
river water (suspended matter fraction),Shanxi,Fen River Basin (23 sites),Ciprofloxacin,1.38,ng/L,2021,wet season,"Liu, R., Wang, Y., Wang, L., Wang, Y., Peng, X., Cao, L., & Liu, Y. (2023). Spatio-temporal distribution and source identification of antibiotics in suspended matter in the Fen River Basin. Chemosphere, 345, 140497. https://doi.org/10.1016/j.chemosphere.2023.140497",N79
river water (suspended matter fraction),Shanxi,Fen River Basin (23 sites),Doxycycline,46.77,ng/L,2021,wet season,"Liu, R., Wang, Y., Wang, L., Wang, Y., Peng, X., Cao, L., & Liu, Y. (2023). Spatio-temporal distribution and source identification of antibiotics in suspended matter in the Fen River Basin. Chemosphere, 345, 140497. https://doi.org/10.1016/j.chemosphere.2023.140497",N79
river water (suspended matter fraction),Shanxi,Fen River Basin (23 sites),Enrofloxacin,17.29,ng/L,2021,wet season,"Liu, R., Wang, Y., Wang, L., Wang, Y., Peng, X., Cao, L., & Liu, Y. (2023). Spatio-temporal distribution and source identification of antibiotics in suspended matter in the Fen River Basin. Chemosphere, 345, 140497. https://doi.org/10.1016/j.chemosphere.2023.140497",N79
river water (suspended matter fraction),Shanxi,Fen River Basin (23 sites),Norfloxacin,3.4,ng/L,2021,wet season,"Liu, R., Wang, Y., Wang, L., Wang, Y., Peng, X., Cao, L., & Liu, Y. (2023). Spatio-temporal distribution and source identification of antibiotics in suspended matter in the Fen River Basin. Chemosphere, 345, 140497. https://doi.org/10.1016/j.chemosphere.2023.140497",N79
river water (suspended matter fraction),Shanxi,Fen River Basin (23 sites),Sulfacetamide,19.01,ng/L,2021,wet season,"Liu, R., Wang, Y., Wang, L., Wang, Y., Peng, X., Cao, L., & Liu, Y. (2023). Spatio-temporal distribution and source identification of antibiotics in suspended matter in the Fen River Basin. Chemosphere, 345, 140497. https://doi.org/10.1016/j.chemosphere.2023.140497",N79
river water (suspended matter fraction),Shanxi,Fen River Basin (23 sites),Sulfaquinoxaline,102.92,ng/L,2021,wet season,"Liu, R., Wang, Y., Wang, L., Wang, Y., Peng, X., Cao, L., & Liu, Y. (2023). Spatio-temporal distribution and source identification of antibiotics in suspended matter in the Fen River Basin. Chemosphere, 345, 140497. https://doi.org/10.1016/j.chemosphere.2023.140497",N79
river water (suspended matter fraction),Shanxi,Fen River Basin (23 sites),Tetracycline,39.43,ng/L,2021,wet season,"Liu, R., Wang, Y., Wang, L., Wang, Y., Peng, X., Cao, L., & Liu, Y. (2023). Spatio-temporal distribution and source identification of antibiotics in suspended matter in the Fen River Basin. Chemosphere, 345, 140497. https://doi.org/10.1016/j.chemosphere.2023.140497",N79
river water (suspended matter fraction),Shanxi,Fen River Basin (23 sites),Total Antibiotics,463.56,ng/L,2021,wet season,"Liu, R., Wang, Y., Wang, L., Wang, Y., Peng, X., Cao, L., & Liu, Y. (2023). Spatio-temporal distribution and source identification of antibiotics in suspended matter in the Fen River Basin. Chemosphere, 345, 140497. https://doi.org/10.1016/j.chemosphere.2023.140497",N79
sediment,Anhui,Chao Lake,Azithromycin,130000,ng/g dw,2016,summer,"Zhou, L.-J. et al. Trends in the occurrence and risk assessment of antibiotics in shallow lakes in the lower-middle reaches of the Yangtze River basin, China. Ecotoxicology and Environmental Safety 183 (2020).",132
sediment,Anhui,Chao Lake,Chlortetracycline,650013.55,ng/g dw,2016,summer,"Zhou, L.-J. et al. Trends in the occurrence and risk assessment of antibiotics in shallow lakes in the lower-middle reaches of the Yangtze River basin, China. Ecotoxicology and Environmental Safety 183 (2020).",132
sediment,Anhui,Chao Lake,Ciprofloxacin,730000,ng/g dw,2016,summer,"Zhou, L.-J. et al. Trends in the occurrence and risk assessment of antibiotics in shallow lakes in the lower-middle reaches of the Yangtze River basin, China. Ecotoxicology and Environmental Safety 183 (2020).",132
sediment,Anhui,Chao Lake,Clarithromycin,150000,ng/g dw,2016,summer,"Zhou, L.-J. et al. Trends in the occurrence and risk assessment of antibiotics in shallow lakes in the lower-middle reaches of the Yangtze River basin, China. Ecotoxicology and Environmental Safety 183 (2020).",132
sediment,Anhui,Chao Lake,Danofloxacin,50000,ng/g dw,2016,summer,"Zhou, L.-J. et al. Trends in the occurrence and risk assessment of antibiotics in shallow lakes in the lower-middle reaches of the Yangtze River basin, China. Ecotoxicology and Environmental Safety 183 (2020).",132
sediment,Anhui,Chao Lake,Enrofloxacin,6150000,ng/g dw,2016,summer,"Zhou, L.-J. et al. Trends in the occurrence and risk assessment of antibiotics in shallow lakes in the lower-middle reaches of the Yangtze River basin, China. Ecotoxicology and Environmental Safety 183 (2020).",132
sediment,Anhui,"Chuzhou, Tianchang",Erythromycin,100000,ng/g dw,2018,NA,"Li, J. Y., Wen, J., Chen, Y., Wang, Q. & Yin, J. Antibiotics in cultured freshwater products in Eastern China: Occurrence, human health risks, sources, and bioaccumulation potential. Chemosphere 264, 128441, doi:10.1016/j.chemosphere.2020.128441 (2020).",58
sediment,Anhui,Chao Lake,Erythromycin-H2O,580000,ng/g dw,2016,summer,"Zhou, L.-J. et al. Trends in the occurrence and risk assessment of antibiotics in shallow lakes in the lower-middle reaches of the Yangtze River basin, China. Ecotoxicology and Environmental Safety 183 (2020).",132
sediment,Anhui,Chao Lake,Lincomycin,450000,ng/g dw,2016,summer,"Zhou, L.-J. et al. Trends in the occurrence and risk assessment of antibiotics in shallow lakes in the lower-middle reaches of the Yangtze River basin, China. Ecotoxicology and Environmental Safety 183 (2020).",132
sediment,Anhui,Chao Lake,Marbofloxacin,10000,ng/g dw,2016,summer,"Zhou, L.-J. et al. Trends in the occurrence and risk assessment of antibiotics in shallow lakes in the lower-middle reaches of the Yangtze River basin, China. Ecotoxicology and Environmental Safety 183 (2020).",132
sediment,Anhui,Chao Lake,Norfloxacin,330000,ng/g dw,2016,summer,"Zhou, L.-J. et al. Trends in the occurrence and risk assessment of antibiotics in shallow lakes in the lower-middle reaches of the Yangtze River basin, China. Ecotoxicology and Environmental Safety 183 (2020).",132
sediment,Anhui,Chao Lake,Ofloxacin,46000000,ng/g dw,2016,summer,"Zhou, L.-J. et al. Trends in the occurrence and risk assessment of antibiotics in shallow lakes in the lower-middle reaches of the Yangtze River basin, China. Ecotoxicology and Environmental Safety 183 (2020).",132
sediment,Anhui,Chao Lake,Oxytetracycline,3230000,ng/g dw,2016,summer,"Zhou, L.-J. et al. Trends in the occurrence and risk assessment of antibiotics in shallow lakes in the lower-middle reaches of the Yangtze River basin, China. Ecotoxicology and Environmental Safety 183 (2020).",132
sediment,Anhui,Chao Lake,Roxithromycin,1200000,ng/g dw,2016,summer,"Zhou, L.-J. et al. Trends in the occurrence and risk assessment of antibiotics in shallow lakes in the lower-middle reaches of the Yangtze River basin, China. Ecotoxicology and Environmental Safety 183 (2020).",132
sediment,Anhui,Chao Lake,Sulfachloropyridazine,80000,ng/g dw,2016,summer,"Zhou, L.-J. et al. Trends in the occurrence and risk assessment of antibiotics in shallow lakes in the lower-middle reaches of the Yangtze River basin, China. Ecotoxicology and Environmental Safety 183 (2020).",132
sediment,Anhui,Chao Lake,Sulfadiazine,220000,ng/g dw,2016,summer,"Zhou, L.-J. et al. Trends in the occurrence and risk assessment of antibiotics in shallow lakes in the lower-middle reaches of the Yangtze River basin, China. Ecotoxicology and Environmental Safety 183 (2020).",132
sediment,Anhui,Chao Lake,Sulfadimidine,180000,ng/g dw,2016,summer,"Zhou, L.-J. et al. Trends in the occurrence and risk assessment of antibiotics in shallow lakes in the lower-middle reaches of the Yangtze River basin, China. Ecotoxicology and Environmental Safety 183 (2020).",132
sediment,Anhui,Chao Lake,Sulfadoxine,50000,ng/g dw,2016,summer,"Zhou, L.-J. et al. Trends in the occurrence and risk assessment of antibiotics in shallow lakes in the lower-middle reaches of the Yangtze River basin, China. Ecotoxicology and Environmental Safety 183 (2020).",132
sediment,Anhui,Chao Lake,Sulfafurazole,70000,ng/g dw,2016,summer,"Zhou, L.-J. et al. Trends in the occurrence and risk assessment of antibiotics in shallow lakes in the lower-middle reaches of the Yangtze River basin, China. Ecotoxicology and Environmental Safety 183 (2020).",132
sediment,Anhui,"Hefei, Luyang district, Huaining North Road",Sulfamethoxazole,255000,ng/g dw,2018,spring,"Lyu, K. et al. Determination of 14 antibiotics in water and sediment by SPE-RRLC-MS/MS. Huanjing Huaxue-Environmental Chemistry 38, 2415-2424, doi:10.7524/j.issn.0254-6108.2018122904 (2019).",35
sediment,Anhui,Chao Lake,Sulfamonomethoxine,270000,ng/g dw,2016,summer,"Zhou, L.-J. et al. Trends in the occurrence and risk assessment of antibiotics in shallow lakes in the lower-middle reaches of the Yangtze River basin, China. Ecotoxicology and Environmental Safety 183 (2020).",132
sediment,Anhui,Chao Lake,Sulfapyridine,80000,ng/g dw,2016,summer,"Zhou, L.-J. et al. Trends in the occurrence and risk assessment of antibiotics in shallow lakes in the lower-middle reaches of the Yangtze River basin, China. Ecotoxicology and Environmental Safety 183 (2020).",132
sediment,Anhui,Chao Lake,Sulfathiazole,20000,ng/g dw,2016,summer,"Zhou, L.-J. et al. Trends in the occurrence and risk assessment of antibiotics in shallow lakes in the lower-middle reaches of the Yangtze River basin, China. Ecotoxicology and Environmental Safety 183 (2020).",132
sediment,Anhui,"Chuzhou, Tianchang",Tetracycline,19000,ng/g dw,2018,NA,"Li, J. Y., Wen, J., Chen, Y., Wang, Q. & Yin, J. Antibiotics in cultured freshwater products in Eastern China: Occurrence, human health risks, sources, and bioaccumulation potential. Chemosphere 264, 128441, doi:10.1016/j.chemosphere.2020.128441 (2020).",58
sediment,Anhui,Chao Lake,Trimethoprim,100000,ng/g dw,2016,summer,"Zhou, L.-J. et al. Trends in the occurrence and risk assessment of antibiotics in shallow lakes in the lower-middle reaches of the Yangtze River basin, China. Ecotoxicology and Environmental Safety 183 (2020).",132
sediment,Anhui,Chao Lake,Tylosin,140000,ng/g dw,2016,summer,"Zhou, L.-J. et al. Trends in the occurrence and risk assessment of antibiotics in shallow lakes in the lower-middle reaches of the Yangtze River basin, China. Ecotoxicology and Environmental Safety 183 (2020).",132
sediment,Beijing,Chaobai River,Chlortetracycline,5100005.1,ng/g dw,2017,winter,"Zhang, Y., Chen, H., Jing, L. & Teng, Y. Ecotoxicological risk assessment and source apportionment of antibiotics in the waters and sediments of a peri-urban river. Sci Total Environ 731, 139128, doi:10.1016/j.scitotenv.2020.139128 (2020).",78
sediment,Beijing,Chaobai River,Ciprofloxacin,28000000,ng/g dw,2017,winter,"Zhang, Y., Chen, H., Jing, L. & Teng, Y. Ecotoxicological risk assessment and source apportionment of antibiotics in the waters and sediments of a peri-urban river. Sci Total Environ 731, 139128, doi:10.1016/j.scitotenv.2020.139128 (2020).",78
sediment,Beijing,Chaobai River,Enrofloxacin,3280000,ng/g dw,2017,winter,"Zhang, Y., Chen, H., Jing, L. & Teng, Y. Ecotoxicological risk assessment and source apportionment of antibiotics in the waters and sediments of a peri-urban river. Sci Total Environ 731, 139128, doi:10.1016/j.scitotenv.2020.139128 (2020).",78
sediment,Beijing,Chaobai River,Erythromycin-H2O,2970000,ng/g dw,2017,winter,"Zhang, Y., Chen, H., Jing, L. & Teng, Y. Ecotoxicological risk assessment and source apportionment of antibiotics in the waters and sediments of a peri-urban river. Sci Total Environ 731, 139128, doi:10.1016/j.scitotenv.2020.139128 (2020).",78
sediment,Beijing,Chaobai River,Lomefloxacin,4139999.999999999,ng/g dw,2017,winter,"Zhang, Y., Chen, H., Jing, L. & Teng, Y. Ecotoxicological risk assessment and source apportionment of antibiotics in the waters and sediments of a peri-urban river. Sci Total Environ 731, 139128, doi:10.1016/j.scitotenv.2020.139128 (2020).",78
sediment,Beijing,"Beijing, Haidian, Zizhuyuan Lake",Norfloxacin,12695000,ng/g dw,2014,spring,"Zhang, C., Tang, J., Wang, L., Gao, X. & He, X. Occurrence of Antibiotics in Water and Sediment from Zizhuyuan Lake. Polish Journal of Environmental Studies 24, 1831-1836, doi:10.15244/pjoes/37758 (2015).",173
sediment,Beijing,"Beijing, Haidian, Zizhuyuan Lake",Ofloxacin,4305000,ng/g dw,2014,spring,"Zhang, C., Tang, J., Wang, L., Gao, X. & He, X. Occurrence of Antibiotics in Water and Sediment from Zizhuyuan Lake. Polish Journal of Environmental Studies 24, 1831-1836, doi:10.15244/pjoes/37758 (2015).",173
sediment,Beijing,Chaobai River,Oxytetracycline,21220000,ng/g dw,2017,winter,"Zhang, Y., Chen, H., Jing, L. & Teng, Y. Ecotoxicological risk assessment and source apportionment of antibiotics in the waters and sediments of a peri-urban river. Sci Total Environ 731, 139128, doi:10.1016/j.scitotenv.2020.139128 (2020).",78
sediment,Beijing,"Beijing, Haidian, Zizhuyuan Lake",Roxithromycin,4763500,ng/g dw,2014,spring,"Zhang, C., Tang, J., Wang, L., Gao, X. & He, X. Occurrence of Antibiotics in Water and Sediment from Zizhuyuan Lake. Polish Journal of Environmental Studies 24, 1831-1836, doi:10.15244/pjoes/37758 (2015).",173
sediment,Beijing,Chaobai River,Sulfachloropyridazine,60000,ng/g dw,2017,winter,"Zhang, Y., Chen, H., Jing, L. & Teng, Y. Ecotoxicological risk assessment and source apportionment of antibiotics in the waters and sediments of a peri-urban river. Sci Total Environ 731, 139128, doi:10.1016/j.scitotenv.2020.139128 (2020).",78
sediment,Beijing,Chaobai River,Sulfadiazine,800000,ng/g dw,2017,winter,"Zhang, Y., Chen, H., Jing, L. & Teng, Y. Ecotoxicological risk assessment and source apportionment of antibiotics in the waters and sediments of a peri-urban river. Sci Total Environ 731, 139128, doi:10.1016/j.scitotenv.2020.139128 (2020).",78
sediment,Beijing,"Beijing, Haidian, Zizhuyuan Lake",Sulfadimethoxine,90000,ng/g dw,2014,spring,"Zhang, C., Tang, J., Wang, L., Gao, X. & He, X. Occurrence of Antibiotics in Water and Sediment from Zizhuyuan Lake. Polish Journal of Environmental Studies 24, 1831-1836, doi:10.15244/pjoes/37758 (2015).",173
sediment,Beijing,"Beijing, Haidian, Zizhuyuan Lake",Sulfadimidine,170000,ng/g dw,2014,spring,"Zhang, C., Tang, J., Wang, L., Gao, X. & He, X. Occurrence of Antibiotics in Water and Sediment from Zizhuyuan Lake. Polish Journal of Environmental Studies 24, 1831-1836, doi:10.15244/pjoes/37758 (2015).",173
sediment,Beijing,"Beijing, Haidian, Zizhuyuan Lake",Sulfafurazole,360000,ng/g dw,2014,spring,"Zhang, C., Tang, J., Wang, L., Gao, X. & He, X. Occurrence of Antibiotics in Water and Sediment from Zizhuyuan Lake. Polish Journal of Environmental Studies 24, 1831-1836, doi:10.15244/pjoes/37758 (2015).",173
sediment,Beijing,Chaobai River,Sulfamethoxazole,1400000,ng/g dw,2017,winter,"Zhang, Y., Chen, H., Jing, L. & Teng, Y. Ecotoxicological risk assessment and source apportionment of antibiotics in the waters and sediments of a peri-urban river. Sci Total Environ 731, 139128, doi:10.1016/j.scitotenv.2020.139128 (2020).",78
sediment,Beijing,"Beijing, Haidian, Zizhuyuan Lake",Sulfapyridine,40000,ng/g dw,2014,spring,"Zhang, C., Tang, J., Wang, L., Gao, X. & He, X. Occurrence of Antibiotics in Water and Sediment from Zizhuyuan Lake. Polish Journal of Environmental Studies 24, 1831-1836, doi:10.15244/pjoes/37758 (2015).",173
sediment,Beijing,Chaobai River,Tetracycline,8029999.999999999,ng/g dw,2017,winter,"Zhang, Y., Chen, H., Jing, L. & Teng, Y. Ecotoxicological risk assessment and source apportionment of antibiotics in the waters and sediments of a peri-urban river. Sci Total Environ 731, 139128, doi:10.1016/j.scitotenv.2020.139128 (2020).",78
sediment,Beijing,Chaobai River,Trimethoprim,7080000,ng/g dw,2017,winter,"Zhang, Y., Chen, H., Jing, L. & Teng, Y. Ecotoxicological risk assessment and source apportionment of antibiotics in the waters and sediments of a peri-urban river. Sci Total Environ 731, 139128, doi:10.1016/j.scitotenv.2020.139128 (2020).",78
sediment,Beijing,Chaobai River,Tylosin,340000,ng/g dw,2017,winter,"Zhang, Y., Chen, H., Jing, L. & Teng, Y. Ecotoxicological risk assessment and source apportionment of antibiotics in the waters and sediments of a peri-urban river. Sci Total Environ 731, 139128, doi:10.1016/j.scitotenv.2020.139128 (2020).",78
sediment,Chongqing,Three Gorges Reservoir,Chlortetracycline,1230095.45,ng/g dw,2015,summer,"Yan, M., Xu, C., Huang, Y., Nie, H. & Wang, J. Tetracyclines, sulfonamides and quinolones and their corresponding resistance genes in the Three Gorges Reservoir, China. Science of the Total Environment 631-632 (2018).",149
sediment,Chongqing,Chongqing,Ciprofloxacin,5320000,ng/g dw,2018,autumn,"Wang, G. et al. Occurrence, distribution, and source track of antibiotics and antibiotic resistance genes in the main rivers of Chongqing city, southwest China. Journal of Hazardous Materials 389 (2020).",70
sediment,Chongqing,Three Gorges Reservoir,Doxycycline,10400000,ng/g dw,2015,summer,"Yan, M., Xu, C., Huang, Y., Nie, H. & Wang, J. Tetracyclines, sulfonamides and quinolones and their corresponding resistance genes in the Three Gorges Reservoir, China. Science of the Total Environment 631-632 (2018).",149
sediment,Chongqing,Three Gorges Reservoir,Enrofloxacin,32479999.999999996,ng/g dw,2015,summer,"Yan, M., Xu, C., Huang, Y., Nie, H. & Wang, J. Tetracyclines, sulfonamides and quinolones and their corresponding resistance genes in the Three Gorges Reservoir, China. Science of the Total Environment 631-632 (2018).",149
sediment,Chongqing,Chongqing,Erythromycin,68515000,ng/g dw,2018,spring,"Wang, G. et al. Occurrence, distribution, and source track of antibiotics and antibiotic resistance genes in the main rivers of Chongqing city, southwest China. Journal of Hazardous Materials 389 (2020).",70
sediment,Chongqing,Three Gorges Reservoir,Norfloxacin,40100000,ng/g dw,2015,summer,"Yan, M., Xu, C., Huang, Y., Nie, H. & Wang, J. Tetracyclines, sulfonamides and quinolones and their corresponding resistance genes in the Three Gorges Reservoir, China. Science of the Total Environment 631-632 (2018).",149
sediment,Chongqing,Three Gorges Reservoir,Ofloxacin,148990000,ng/g dw,2015,summer,"Yan, M., Xu, C., Huang, Y., Nie, H. & Wang, J. Tetracyclines, sulfonamides and quinolones and their corresponding resistance genes in the Three Gorges Reservoir, China. Science of the Total Environment 631-632 (2018).",149
sediment,Chongqing,Three Gorges Reservoir,Oxytetracycline,5570000,ng/g dw,2015,summer,"Yan, M., Xu, C., Huang, Y., Nie, H. & Wang, J. Tetracyclines, sulfonamides and quinolones and their corresponding resistance genes in the Three Gorges Reservoir, China. Science of the Total Environment 631-632 (2018).",149
sediment,Chongqing,"Chongqing, Changshou district, Changshou Lake",Roxithromycin,1860000,ng/g dw,2017,autumn,"Lu, L. et al. Antibiotic resistance gene abundances associated with heavy metals and antibiotics in the sediments of Changshou Lake in the three Gorges Reservoir area, China. Ecological Indicators 113 (2020).",63
sediment,Chongqing,Three Gorges Reservoir,Sulfadiazine,54780000,ng/g dw,2015,summer,"Yan, M., Xu, C., Huang, Y., Nie, H. & Wang, J. Tetracyclines, sulfonamides and quinolones and their corresponding resistance genes in the Three Gorges Reservoir, China. Science of the Total Environment 631-632 (2018).",149
sediment,Chongqing,Three Gorges Reservoir,Sulfadimidine,22505000,ng/g dw,2015,summer,"Yan, M., Xu, C., Huang, Y., Nie, H. & Wang, J. Tetracyclines, sulfonamides and quinolones and their corresponding resistance genes in the Three Gorges Reservoir, China. Science of the Total Environment 631-632 (2018).",149
sediment,Chongqing,Chongqing,Sulfamerazine,14900000,ng/g dw,2018,spring,"Wang, G. et al. Occurrence, distribution, and source track of antibiotics and antibiotic resistance genes in the main rivers of Chongqing city, southwest China. Journal of Hazardous Materials 389 (2020).",70
sediment,Chongqing,"Chongqing, Changshou district, Changshou Lake",Sulfamethoxazole,9560000,ng/g dw,2017,autumn,"Lu, L. et al. Antibiotic resistance gene abundances associated with heavy metals and antibiotics in the sediments of Changshou Lake in the three Gorges Reservoir area, China. Ecological Indicators 113 (2020).",63
sediment,Chongqing,"Chongqing, Changshou district, Changshou Lake",Sulfapyridine,790000,ng/g dw,2017,autumn,"Lu, L. et al. Antibiotic resistance gene abundances associated with heavy metals and antibiotics in the sediments of Changshou Lake in the three Gorges Reservoir area, China. Ecological Indicators 113 (2020).",63
sediment,Chongqing,Three Gorges Reservoir,Sulfathiazole,2650000,ng/g dw,2015,summer,"Yan, M., Xu, C., Huang, Y., Nie, H. & Wang, J. Tetracyclines, sulfonamides and quinolones and their corresponding resistance genes in the Three Gorges Reservoir, China. Science of the Total Environment 631-632 (2018).",149
sediment,Chongqing,Three Gorges Reservoir,Tetracycline,12810000,ng/g dw,2015,summer,"Yan, M., Xu, C., Huang, Y., Nie, H. & Wang, J. Tetracyclines, sulfonamides and quinolones and their corresponding resistance genes in the Three Gorges Reservoir, China. Science of the Total Environment 631-632 (2018).",149
sediment,Chongqing,Three Gorges Reservoir,Trimethoprim,80700000,ng/g dw,2015,summer,"Yan, M., Xu, C., Huang, Y., Nie, H. & Wang, J. Tetracyclines, sulfonamides and quinolones and their corresponding resistance genes in the Three Gorges Reservoir, China. Science of the Total Environment 631-632 (2018).",149
sediment,Fujian,"Zhangzhou, Yunxiao County",Chloramphenicol,1100000,ng/g dw,2017,winter,"Liu, T. et al. Diversity and distribution of antibiotics and antibiotic resistance genes in seven national mangrove nature reserves, South China. International Biodeterioration & Biodegradation 153 (2020).",69
sediment,Fujian,Jiulongjiang River,Chlortetracycline,211163.425,ng/g dw,2010,winter,"Zhang, D., Lin, L., Luo, Z., Yan, C. & Zhang, X. Occurrence of selected antibiotics in Jiulongjiang River in various seasons, South China. Journal of environmental monitoring : JEM 13 (2011)",15
sediment,Fujian,Ningde,Ciprofloxacin,10250000,ng/g dw,2015,autumn,"Gao, Q. et al. Diverse and abundant antibiotic resistance genes from mariculture sites of China's coastline. Science of the Total Environment 630 (2018).",124
sediment,Fujian,Fujian,Doxycycline,5051250,ng/g dw,2013,spring,"Chen, C. Q., Zheng, L., Zhou, J. L. & Zhao, H. Persistence and risk of antibiotic residues and antibiotic resistance genes in major mariculture sites in Southeast China. Science of the Total Environment 580 (2017).",164
sediment,Fujian,Ningde,Enrofloxacin,5200000,ng/g dw,2015,autumn,"Gao, Q. et al. Diverse and abundant antibiotic resistance genes from mariculture sites of China's coastline. Science of the Total Environment 630 (2018).",124
sediment,Fujian,the Jiulong River Estuary,Erythromycin,288750,ng/g dw,NA,NA,"Chen, M. et al. Simultaneous determination of 32 antibiotics and 12 pesticides in sediment using ultrasonic-assisted extraction and high performance liquid chromatography-tandem mass spectrometry. Anal. Methods 7, 1896-1905, doi:10.1039/c4ay02895c (2015).",221
sediment,Fujian,"Zhangzhou, Yunxiao County",Florfenicol,11800000,ng/g dw,2017,winter,"Liu, T. et al. Diversity and distribution of antibiotics and antibiotic resistance genes in seven national mangrove nature reserves, South China. International Biodeterioration & Biodegradation 153 (2020).",69
sediment,Fujian,the Jiulong River Estuary,Flumequine,137500,ng/g dw,NA,NA,"Chen, M. et al. Simultaneous determination of 32 antibiotics and 12 pesticides in sediment using ultrasonic-assisted extraction and high performance liquid chromatography-tandem mass spectrometry. Anal. Methods 7, 1896-1905, doi:10.1039/c4ay02895c (2015).",221
sediment,Fujian,the Jiulong River Estuary,Norfloxacin,3592500,ng/g dw,NA,NA,"Chen, M. et al. Simultaneous determination of 32 antibiotics and 12 pesticides in sediment using ultrasonic-assisted extraction and high performance liquid chromatography-tandem mass spectrometry. Anal. Methods 7, 1896-1905, doi:10.1039/c4ay02895c (2015).",221
sediment,Fujian,the Jiulong River Estuary,Ofloxacin,1442500,ng/g dw,NA,NA,"Chen, M. et al. Simultaneous determination of 32 antibiotics and 12 pesticides in sediment using ultrasonic-assisted extraction and high performance liquid chromatography-tandem mass spectrometry. Anal. Methods 7, 1896-1905, doi:10.1039/c4ay02895c (2015).",221
sediment,Fujian,Ningde,Oxytetracycline,7400000,ng/g dw,2015,autumn,"Gao, Q. et al. Diverse and abundant antibiotic resistance genes from mariculture sites of China's coastline. Science of the Total Environment 630 (2018).",124
sediment,Fujian,Ningde,Roxithromycin,1175000,ng/g dw,2019,NA,"Li, J. Y., Wen, J., Chen, Y., Wang, Q. & Yin, J. Antibiotics in cultured freshwater products in Eastern China: Occurrence, human health risks, sources, and bioaccumulation potential. Chemosphere 264, 128441, doi:10.1016/j.chemosphere.2020.128441 (2020).",58
sediment,Fujian,Ningde,Sulfadiazine,3570000,ng/g dw,2015,autumn,"Gao, Q. et al. Diverse and abundant antibiotic resistance genes from mariculture sites of China's coastline. Science of the Total Environment 630 (2018).",124
sediment,Fujian,Jiulongjiang River,Sulfadimidine,625000,ng/g dw,2010,winter,"Zhang, D., Lin, L., Luo, Z., Yan, C. & Zhang, X. Occurrence of selected antibiotics in Jiulongjiang River in various seasons, South China. Journal of environmental monitoring : JEM 13 (2011)",15
sediment,Fujian,Jiulongjiang River,Sulfamerazine,50000,ng/g dw,2010,winter,"Zhang, D., Lin, L., Luo, Z., Yan, C. & Zhang, X. Occurrence of selected antibiotics in Jiulongjiang River in various seasons, South China. Journal of environmental monitoring : JEM 13 (2011)",15
sediment,Fujian,Jiulongjiang River,Sulfameter,487500,ng/g dw,2010,winter,"Zhang, D., Lin, L., Luo, Z., Yan, C. & Zhang, X. Occurrence of selected antibiotics in Jiulongjiang River in various seasons, South China. Journal of environmental monitoring : JEM 13 (2011)",15
sediment,Fujian,Ningde,Sulfamethoxazole,1570000,ng/g dw,2015,autumn,"Gao, Q. et al. Diverse and abundant antibiotic resistance genes from mariculture sites of China's coastline. Science of the Total Environment 630 (2018).",124
sediment,Fujian,the Jiulong River Estuary,Sulfamonomethoxine,440000,ng/g dw,NA,NA,"Chen, M. et al. Simultaneous determination of 32 antibiotics and 12 pesticides in sediment using ultrasonic-assisted extraction and high performance liquid chromatography-tandem mass spectrometry. Anal. Methods 7, 1896-1905, doi:10.1039/c4ay02895c (2015).",221
sediment,Fujian,Fujian,Sulfapyridine,67500,ng/g dw,2013,spring,"Chen, C. Q., Zheng, L., Zhou, J. L. & Zhao, H. Persistence and risk of antibiotic residues and antibiotic resistance genes in major mariculture sites in Southeast China. Science of the Total Environment 580 (2017).",164
sediment,Fujian,Fujian,Sulfaquinoxaline,30000,ng/g dw,2013,spring,"Chen, C. Q., Zheng, L., Zhou, J. L. & Zhao, H. Persistence and risk of antibiotic residues and antibiotic resistance genes in major mariculture sites in Southeast China. Science of the Total Environment 580 (2017).",164
sediment,Fujian,Fujian,Sulfathiazole,22500,ng/g dw,2013,spring,"Chen, C. Q., Zheng, L., Zhou, J. L. & Zhao, H. Persistence and risk of antibiotic residues and antibiotic resistance genes in major mariculture sites in Southeast China. Science of the Total Environment 580 (2017).",164
sediment,Fujian,Ningde,Tetracycline,7750000,ng/g dw,2015,autumn,"Gao, Q. et al. Diverse and abundant antibiotic resistance genes from mariculture sites of China's coastline. Science of the Total Environment 630 (2018).",124
sediment,Fujian,Fujian,Tilmicosin,0.26,ng/g dw,NA,NA,"Chen, M. et al. Simultaneous determination of 32 antibiotics and 12 pesticides in sediment using ultrasonic-assisted extraction and high performance liquid chromatography-tandem mass spectrometry. Anal. Methods 7, 1896-1905, doi:10.1039/c4ay02895c (2042).",N132
sediment,Fujian,Ningde,Trimethoprim,300000,ng/g dw,2019,NA,"Li, J. Y., Wen, J., Chen, Y., Wang, Q. & Yin, J. Antibiotics in cultured freshwater products in Eastern China: Occurrence, human health risks, sources, and bioaccumulation potential. Chemosphere 264, 128441, doi:10.1016/j.chemosphere.2020.128441 (2020).",58
sediment,Fujian,the Jiulong River Estuary,Tylosin,113750,ng/g dw,NA,NA,"Chen, M. et al. Simultaneous determination of 32 antibiotics and 12 pesticides in sediment using ultrasonic-assisted extraction and high performance liquid chromatography-tandem mass spectrometry. Anal. Methods 7, 1896-1905, doi:10.1039/c4ay02895c (2015).",221
sediment,Guangdong,"Zhuhai, Pearl River Estuary",Amoxicillin,3080000,ng/g dw,2016,NA,"Li, S. et al. Antibiotics in water and sediments of rivers and coastal area of Zhuhai City, Pearl River estuary, south China. Science of the Total Environment 636 (2018).",141
sediment,Guangdong,"Zhuhai, Pearl River Estuary",Ampicillin,3130000,ng/g dw,2016,NA,"Li, S. et al. Antibiotics in water and sediments of rivers and coastal area of Zhuhai City, Pearl River estuary, south China. Science of the Total Environment 636 (2018).",141
sediment,Guangdong,the East River catchment,Azithromycin,300000,ng/g dw,2009,summer,"Zhang, R. et al. Occurrence and distribution of antibiotics in multiple environmental media of the East River (Dongjiang) catchment, South China. Environmental science and pollution research international 24 (2017).",106
sediment,Guangdong,"Guangdong, Zhuhai",Cefotaxime,16,ng/g dw,2016,NA,"Li, S. et al. Antibiotics in water and sediments of rivers and coastal area of Zhuhai City, Pearl River estuary, south China. Science of the Total Environment 636 (2043).",N253
sediment,Guangdong,"Heyuan, Longchuan, Fengshuba Reservoir",Cephalexin,12600000,ng/g dw,2015,summer,"Chen, Y. et al. Occurrence, Distribution, and Risk Assessment of Antibiotics in a Subtropical River-Reservoir System. Water 10 (2018).",123
sediment,Guangdong,"Zhuhai, Pearl River Estuary",Chloramphenicol,8575000,ng/g dw,2016,NA,"Li, S. et al. Antibiotics in water and sediments of rivers and coastal area of Zhuhai City, Pearl River estuary, south China. Science of the Total Environment 636 (2018).",141
sediment,Guangdong,Guangdong,Chlortetracycline,210010.1,ng/g dw,2013,spring,"Chen, C. Q., Zheng, L., Zhou, J. L. & Zhao, H. Persistence and risk of antibiotic residues and antibiotic resistance genes in major mariculture sites in Southeast China. Science of the Total Environment 580 (2017).",164
sediment,Guangdong,"Heyuan, Longchuan, Fengshuba Reservoir",Ciprofloxacin,124.3,ng/g dw,2015,summer,"Chen, Y. et al. Occurrence, Distribution, and Risk Assessment of Antibiotics in a Subtropical River-Reservoir System. Water 10 (2018).",123
sediment,Guangdong,the East River catchment,Clarithromycin,200000,ng/g dw,2009,summer,"Zhang, R. et al. Occurrence and distribution of antibiotics in multiple environmental media of the East River (Dongjiang) catchment, South China. Environmental science and pollution research international 24 (2017).",106
sediment,Guangdong,"Zhuhai, Pearl River Estuary",Dehydroerythromycin,9600009.6,ng/g dw,2016,NA,"Li, S. et al. Antibiotics in water and sediments of rivers and coastal area of Zhuhai City, Pearl River estuary, south China. Science of the Total Environment 636 (2018).",141
sediment,Guangdong,"Heyuan, Longchuan, Fengshuba Reservoir",Doxycycline,7270000,ng/g dw,2015,summer,"Chen, Y. et al. Occurrence, Distribution, and Risk Assessment of Antibiotics in a Subtropical River-Reservoir System. Water 10 (2018).",123
sediment,Guangdong,"Ganzhou, Nansha district",Enrofloxacin,1222500,ng/g dw,2015,spring,"Hao, Q. et al. Residual antibiotics in the Nansha aquaculture area of Guangzhou. Journal of Tropical Oceanography 36, 106-113 (2017).",117
sediment,Guangdong,"Zhuhai, Pearl River Estuary",Erythromycin,84.7,ng/g dw,2016,NA,"Li, S. et al. Antibiotics in water and sediments of rivers and coastal area of Zhuhai City, Pearl River estuary, south China. Science of the Total Environment 636 (2018).",141
sediment,Guangdong,the East River catchment,Erythromycin-H2O,6.98,ng/g dw,2009,summer,"Zhang, R. et al. Occurrence and distribution of antibiotics in multiple environmental media of the East River (Dongjiang) catchment, South China. Environmental science and pollution research international 24 (2017).",106
sediment,Guangdong,Zhanjiang,Florfenicol,10950000,ng/g dw,2017,winter,"Liu, T. et al. Diversity and distribution of antibiotics and antibiotic resistance genes in seven national mangrove nature reserves, South China. International Biodeterioration & Biodegradation 153 (2020).",69
sediment,Guangdong,"Zhuhai, Pearl River Estuary",Flumequine,30000,ng/g dw,2016,NA,"Li, S. et al. Antibiotics in water and sediments of rivers and coastal area of Zhuhai City, Pearl River estuary, south China. Science of the Total Environment 636 (2018).",141
sediment,Guangdong,"Zhuhai, Pearl River Estuary",Isochlortetracycline,20000,ng/g dw,2016,NA,"Li, S. et al. Antibiotics in water and sediments of rivers and coastal area of Zhuhai City, Pearl River estuary, south China. Science of the Total Environment 636 (2018).",141
sediment,Guangdong,"Ganzhou, Nansha district",Lincomycin,2980000,ng/g dw,2015,spring,"Hao, Q. et al. Residual antibiotics in the Nansha aquaculture area of Guangzhou. Journal of Tropical Oceanography 36, 106-113 (2017).",117
sediment,Guangdong,Maoming,Lomefloxacin,28.65,ng/g dw,2017,NA,"Su, H. et al. Spatiotemporal variations and source tracking of antibiotics in an ecological aquaculture farm in Southern China. Sci Total Environ, 143022, doi:10.1016/j.scitotenv.2020.143022 (2020).",68
sediment,Guangdong,"Ganzhou, Nansha district",Norfloxacin,39.2,ng/g dw,2015,spring,"Hao, Q. et al. Residual antibiotics in the Nansha aquaculture area of Guangzhou. Journal of Tropical Oceanography 36, 106-113 (2017).",117
sediment,Guangdong,"Ganzhou, Nansha district",Ofloxacin,73.9,ng/g dw,2015,spring,"Hao, Q. et al. Residual antibiotics in the Nansha aquaculture area of Guangzhou. Journal of Tropical Oceanography 36, 106-113 (2017).",117
sediment,Guangdong,"Heyuan, Longchuan, Fengshuba Reservoir",Oxytetracycline,111.35,ng/g dw,2015,summer,"Chen, Y. et al. Occurrence, Distribution, and Risk Assessment of Antibiotics in a Subtropical River-Reservoir System. Water 10 (2018).",123
sediment,Guangdong,"Heyuan, Longchuan, Fengshuba Reservoir",Penicillin G,4840000,ng/g dw,2015,summer,"Chen, Y. et al. Occurrence, Distribution, and Risk Assessment of Antibiotics in a Subtropical River-Reservoir System. Water 10 (2018).",123
sediment,Guangdong,"Heyuan, Longchuan, Fengshuba Reservoir",Penicillin V,16300000,ng/g dw,2015,summer,"Chen, Y. et al. Occurrence, Distribution, and Risk Assessment of Antibiotics in a Subtropical River-Reservoir System. Water 10 (2018).",123
sediment,Guangdong,the East River catchment,Roxithromycin,222.45,ng/g dw,2009,summer,"Zhang, R. et al. Occurrence and distribution of antibiotics in multiple environmental media of the East River (Dongjiang) catchment, South China. Environmental science and pollution research international 24 (2017).",106
sediment,Guangdong,"Zhuhai, Pearl River Estuary",Spectinomycin,141000000,ng/g dw,2016,NA,"Li, S. et al. Antibiotics in water and sediments of rivers and coastal area of Zhuhai City, Pearl River estuary, south China. Science of the Total Environment 636 (2018).",141
sediment,Guangdong,"Zhuhai, Pearl River Estuary",Streptomycin,68900000,ng/g dw,2016,NA,"Li, S. et al. Antibiotics in water and sediments of rivers and coastal area of Zhuhai City, Pearl River estuary, south China. Science of the Total Environment 636 (2018).",141
sediment,Guangdong,"Pearl River, site Z1",Sulfacetamide,26.9,ng/g dw,2015,autumn,"Tang, J., Fang, J., Tam, N. F., Yang, Y., Dai, Y., Zhang, J., & Shi, Y. (2021). Impact of Phytoplankton Blooms on Concentrations of Antibiotics in Sediment and Snails in a Subtropical River, China. Environmental Science & Technology, 55(3), 1811-1821. https://doi.org/10.1021/acs.est.0c08248",N43
sediment,Guangdong,"Heyuan, Longchuan, Fengshuba Reservoir",Sulfadiazine,24.5,ng/g dw,2015,summer,"Chen, Y. et al. Occurrence, Distribution, and Risk Assessment of Antibiotics in a Subtropical River-Reservoir System. Water 10 (2018).",123
sediment,Guangdong,"Guangzhou, Liwan district",Sulfadimethoxine,90000,ng/g dw,NA,NA,"Huang, Y.-H. et al. Occurrence and distribution of antibiotics and antibiotic resistant genes in water and sediments of urban rivers with black-odor water in Guangzhou, South China. Science of the Total Environment 670 (2019).",31
sediment,Guangdong,the East River catchment,Sulfadimethoxypyrimidine,388333.3333333334,ng/g dw,2009,summer,"Zhang, R. et al. Occurrence and distribution of antibiotics in multiple environmental media of the East River (Dongjiang) catchment, South China. Environmental science and pollution research international 24 (2017).",106
sediment,Guangdong,"Zhuhai, Pearl River Estuary",Sulfadimidine,197,ng/g dw,2016,NA,"Li, S. et al. Antibiotics in water and sediments of rivers and coastal area of Zhuhai City, Pearl River estuary, south China. Science of the Total Environment 636 (2018).",141
sediment,Guangdong,"Zhuhai, Pearl River Estuary",Sulfamerazine,13775000,ng/g dw,2016,NA,"Li, S. et al. Antibiotics in water and sediments of rivers and coastal area of Zhuhai City, Pearl River estuary, south China. Science of the Total Environment 636 (2018).",141
sediment,Guangdong,Zhanjiang,Sulfamethoxazole,55.4,ng/g dw,2015,autumn,"Gao, Q. et al. Diverse and abundant antibiotic resistance genes from mariculture sites of China's coastline. Science of the Total Environment 630 (2018).",124
sediment,Guangdong,Guangdong,Sulfamethoxydiazine,1217500,ng/g dw,NA,NA,"Xiong, W. et al. Antibiotics, Antibiotic Resistance Genes, and Bacterial Community Composition in Fresh Water Aquaculture Environment in China. Microbial ecology 70 (2015).",169
sediment,Guangdong,"Heyuan, Longchuan, Fengshuba Reservoir",Sulfamonomethoxine,7785000,ng/g dw,2015,summer,"Chen, Y. et al. Occurrence, Distribution, and Risk Assessment of Antibiotics in a Subtropical River-Reservoir System. Water 10 (2018).",123
sediment,Guangdong,"Ganzhou, Nansha district",Sulfapyridine,55.349999999999994,ng/g dw,2015,spring,"Hao, Q. et al. Residual antibiotics in the Nansha aquaculture area of Guangzhou. Journal of Tropical Oceanography 36, 106-113 (2017).",117
sediment,Guangdong,"Heyuan, Longchuan, Fengshuba Reservoir",Sulfaquinoxaline,1435555.5555555555,ng/g dw,2015,summer,"Chen, Y. et al. Occurrence, Distribution, and Risk Assessment of Antibiotics in a Subtropical River-Reservoir System. Water 10 (2018).",123
sediment,Guangdong,"Zhuhai, Pearl River Estuary",Sulfathiazole,217084000,ng/g dw,2016,NA,"Li, S. et al. Antibiotics in water and sediments of rivers and coastal area of Zhuhai City, Pearl River estuary, south China. Science of the Total Environment 636 (2018).",141
sediment,Guangdong,"Heyuan, Longchuan, Fengshuba Reservoir",Tetracycline,40.8,ng/g dw,2015,summer,"Chen, Y. et al. Occurrence, Distribution, and Risk Assessment of Antibiotics in a Subtropical River-Reservoir System. Water 10 (2018).",123
sediment,Guangdong,"Guangdong, Zhuhai",Thiamphenicol,44.7,ng/g dw,2016,NA,"Li, S. et al. Antibiotics in water and sediments of rivers and coastal area of Zhuhai City, Pearl River estuary, south China. Science of the Total Environment 636 (2038).",N252
sediment,Guangdong,the East River catchment,Trimethoprim,62.2,ng/g dw,2009,summer,"Zhang, R. et al. Occurrence and distribution of antibiotics in multiple environmental media of the East River (Dongjiang) catchment, South China. Environmental science and pollution research international 24 (2017).",106
sediment,Guangdong,"Heyuan, Longchuan, Fengshuba Reservoir",Tylosin,605000,ng/g dw,2015,summer,"Chen, Y. et al. Occurrence, Distribution, and Risk Assessment of Antibiotics in a Subtropical River-Reservoir System. Water 10 (2018).",123
sediment,Guangdong,"Heyuan, Longchuan, Fengshuba Reservoir",Vancomycin,1400000,ng/g dw,2015,summer,"Chen, Y. et al. Occurrence, Distribution, and Risk Assessment of Antibiotics in a Subtropical River-Reservoir System. Water 10 (2018).",123
sediment,Guangxi,Beibu Gulf,Azithromycin,289615.3846153845,ng/g dw,2015,autumn,"Zhang, R. et al. Occurrence and distribution of antibiotics in mariculture farms, estuaries and the coast of the Beibu Gulf, China: Bioconcentration and diet safety of seafood. Ecotoxicology and Environmental Safety 154, 27-35, doi:10.1016/j.ecoenv.2018.02.006 (2018).",153
sediment,Guangxi,Fangchenggang,Chloramphenicol,8350000,ng/g dw,2017,winter,"Liu, T. et al. Diversity and distribution of antibiotics and antibiotic resistance genes in seven national mangrove nature reserves, South China. International Biodeterioration & Biodegradation 153 (2020).",69
sediment,Guangxi,Fangchenggang,Chlortetracycline,1010,ng/g dw,2013,spring,"Chen, C. Q., Zheng, L., Zhou, J. L. & Zhao, H. Persistence and risk of antibiotic residues and antibiotic resistance genes in major mariculture sites in Southeast China. Science of the Total Environment 580 (2017).",164
sediment,Guangxi,Beibu Gulf,Ciprofloxacin,8720000,ng/g dw,2015,autumn,"Zhang, R. et al. Occurrence and distribution of antibiotics in mariculture farms, estuaries and the coast of the Beibu Gulf, China: Bioconcentration and diet safety of seafood. Ecotoxicology and Environmental Safety 154, 27-35, doi:10.1016/j.ecoenv.2018.02.006 (2018).",153
sediment,Guangxi,Beibu Gulf,Clarithromycin,240000,ng/g dw,2015,autumn,"Zhang, R. et al. Occurrence and distribution of antibiotics in mariculture farms, estuaries and the coast of the Beibu Gulf, China: Bioconcentration and diet safety of seafood. Ecotoxicology and Environmental Safety 154, 27-35, doi:10.1016/j.ecoenv.2018.02.006 (2018).",153
sediment,Guangxi,Fangchenggang,Doxycycline,17600000,ng/g dw,2013,spring,"Chen, C. Q., Zheng, L., Zhou, J. L. & Zhao, H. Persistence and risk of antibiotic residues and antibiotic resistance genes in major mariculture sites in Southeast China. Science of the Total Environment 580 (2017).",164
sediment,Guangxi,the Beibu Gulf,Enoxacin,1190000,ng/g dw,2018,autumn,"Wu, Q., Pan, C. G., Wang, Y. H., Xiao, S. K. & Yu, K. F. Antibiotics in a subtropical food web from the Beibu Gulf, South China: Occurrence, bioaccumulation and trophic transfer. Sci Total Environ 751, 141718, doi:10.1016/j.scitotenv.2020.141718 (2021).",84
sediment,Guangxi,Beibu Gulf,Enrofloxacin,6450000,ng/g dw,2015,autumn,"Zhang, R. et al. Occurrence and distribution of antibiotics in mariculture farms, estuaries and the coast of the Beibu Gulf, China: Bioconcentration and diet safety of seafood. Ecotoxicology and Environmental Safety 154, 27-35, doi:10.1016/j.ecoenv.2018.02.006 (2018).",153
sediment,Guangxi,Beibu Gulf,Erythromycin,1250000,ng/g dw,2015,autumn,"Zhang, R. et al. Occurrence and distribution of antibiotics in mariculture farms, estuaries and the coast of the Beibu Gulf, China: Bioconcentration and diet safety of seafood. Ecotoxicology and Environmental Safety 154, 27-35, doi:10.1016/j.ecoenv.2018.02.006 (2018).",153
sediment,Guangxi,"Nanning, the Yongjiang River",Erythromycin-H2O,1360000,ng/g dw,2011,spring,"Wu, T. T. et al. Investigation of the typical antibiotics in the sediments of the Yongjiang River, Nanning City, South China. Zhongguo Huanjing Kexue 33, 336-344 (2013).",196
sediment,Guangxi,Fangchenggang,Florfenicol,5200000,ng/g dw,2017,winter,"Liu, T. et al. Diversity and distribution of antibiotics and antibiotic resistance genes in seven national mangrove nature reserves, South China. International Biodeterioration & Biodegradation 153 (2020).",69
sediment,Guangxi,"Yulin, Bobai County",Lincomycin,13105000,ng/g dw,2010,winter,"Zhou, L.-J. et al. Excretion masses and environmental occurrence of antibiotics in typical swine and dairy cattle farms in China. Science of the Total Environment 444 (2013).",200
sediment,Guangxi,"Yulin, Bobai County",Lomefloxacin,2780000,ng/g dw,2010,winter,"Zhou, L.-J. et al. Excretion masses and environmental occurrence of antibiotics in typical swine and dairy cattle farms in China. Science of the Total Environment 444 (2013).",200
sediment,Guangxi,Guangxi,Methacycline,3410000,ng/g dw,NA,NA,"Zhou, L.-J. et al. Simultaneous determination of human and veterinary antibiotics in various environmental matrices by rapid resolution liquid chromatographyelectrospray ionization tandem mass spectrometry. Journal of Chromatography A 1244 (2012).",190
sediment,Guangxi,Beibu Gulf,Norfloxacin,14800000,ng/g dw,2015,autumn,"Zhang, R. et al. Occurrence and distribution of antibiotics in mariculture farms, estuaries and the coast of the Beibu Gulf, China: Bioconcentration and diet safety of seafood. Ecotoxicology and Environmental Safety 154, 27-35, doi:10.1016/j.ecoenv.2018.02.006 (2018).",153
sediment,Guangxi,Beibu Gulf,Ofloxacin,10185000,ng/g dw,2015,autumn,"Zhang, R. et al. Occurrence and distribution of antibiotics in mariculture farms, estuaries and the coast of the Beibu Gulf, China: Bioconcentration and diet safety of seafood. Ecotoxicology and Environmental Safety 154, 27-35, doi:10.1016/j.ecoenv.2018.02.006 (2018).",153
sediment,Guangxi,Fangchenggang,Oxytetracycline,13000000,ng/g dw,2013,spring,"Chen, C. Q., Zheng, L., Zhou, J. L. & Zhao, H. Persistence and risk of antibiotic residues and antibiotic resistance genes in major mariculture sites in Southeast China. Science of the Total Environment 580 (2017).",164
sediment,Guangxi,"Yulin, Bobai County",Pefloxacin,12475000,ng/g dw,2010,winter,"Zhou, L.-J. et al. Excretion masses and environmental occurrence of antibiotics in typical swine and dairy cattle farms in China. Science of the Total Environment 444 (2013).",200
sediment,Guangxi,Beibu Gulf,Roxithromycin,494230.76923076925,ng/g dw,2015,autumn,"Zhang, R. et al. Occurrence and distribution of antibiotics in mariculture farms, estuaries and the coast of the Beibu Gulf, China: Bioconcentration and diet safety of seafood. Ecotoxicology and Environmental Safety 154, 27-35, doi:10.1016/j.ecoenv.2018.02.006 (2018).",153
sediment,Guangxi,"Nanning, the Yongjiang River",Sulfacetamide,39500,ng/g dw,2011,spring,"Wu, T. T. et al. Investigation of the typical antibiotics in the sediments of the Yongjiang River, Nanning City, South China. Zhongguo Huanjing Kexue 33, 336-344 (2013).",196
sediment,Guangxi,Fangchenggang,Sulfadiazine,360000,ng/g dw,2013,spring,"Chen, C. Q., Zheng, L., Zhou, J. L. & Zhao, H. Persistence and risk of antibiotic residues and antibiotic resistance genes in major mariculture sites in Southeast China. Science of the Total Environment 580 (2017).",164
sediment,Guangxi,Beibu Gulf,Sulfadimidine,220000,ng/g dw,2015,autumn,"Zhang, R. et al. Occurrence and distribution of antibiotics in mariculture farms, estuaries and the coast of the Beibu Gulf, China: Bioconcentration and diet safety of seafood. Ecotoxicology and Environmental Safety 154, 27-35, doi:10.1016/j.ecoenv.2018.02.006 (2018).",153
sediment,Guangxi,Fangchenggang,Sulfamerazine,50000,ng/g dw,2013,spring,"Chen, C. Q., Zheng, L., Zhou, J. L. & Zhao, H. Persistence and risk of antibiotic residues and antibiotic resistance genes in major mariculture sites in Southeast China. Science of the Total Environment 580 (2017).",164
sediment,Guangxi,Beibu Gulf,Sulfamethoxazole,130000,ng/g dw,2015,autumn,"Zhang, R. et al. Occurrence and distribution of antibiotics in mariculture farms, estuaries and the coast of the Beibu Gulf, China: Bioconcentration and diet safety of seafood. Ecotoxicology and Environmental Safety 154, 27-35, doi:10.1016/j.ecoenv.2018.02.006 (2018).",153
sediment,Guangxi,Guangxi,Sulfamonomethoxine,1705000,ng/g dw,NA,NA,"Zhou, L.-J. et al. Simultaneous determination of human and veterinary antibiotics in various environmental matrices by rapid resolution liquid chromatographyelectrospray ionization tandem mass spectrometry. Journal of Chromatography A 1244 (2012).",190
sediment,Guangxi,Fangchenggang,Sulfapyridine,90000,ng/g dw,2013,spring,"Chen, C. Q., Zheng, L., Zhou, J. L. & Zhao, H. Persistence and risk of antibiotic residues and antibiotic resistance genes in major mariculture sites in Southeast China. Science of the Total Environment 580 (2017).",164
sediment,Guangxi,Fangchenggang,Sulfaquinoxaline,40000,ng/g dw,2013,spring,"Chen, C. Q., Zheng, L., Zhou, J. L. & Zhao, H. Persistence and risk of antibiotic residues and antibiotic resistance genes in major mariculture sites in Southeast China. Science of the Total Environment 580 (2017).",164
sediment,Guangxi,Fangchenggang,Sulfathiazole,30000,ng/g dw,2013,spring,"Chen, C. Q., Zheng, L., Zhou, J. L. & Zhao, H. Persistence and risk of antibiotic residues and antibiotic resistance genes in major mariculture sites in Southeast China. Science of the Total Environment 580 (2017).",164
sediment,Guangxi,Fangchenggang,Tetracycline,9280000,ng/g dw,2013,spring,"Chen, C. Q., Zheng, L., Zhou, J. L. & Zhao, H. Persistence and risk of antibiotic residues and antibiotic resistance genes in major mariculture sites in Southeast China. Science of the Total Environment 580 (2017).",164
sediment,Guangxi,Beibu Gulf,Trimethoprim,760000,ng/g dw,2015,autumn,"Zhang, R. et al. Occurrence and distribution of antibiotics in mariculture farms, estuaries and the coast of the Beibu Gulf, China: Bioconcentration and diet safety of seafood. Ecotoxicology and Environmental Safety 154, 27-35, doi:10.1016/j.ecoenv.2018.02.006 (2018).",153
sediment,Guizhou,"Guizhou, Bijie, Weining county",Acetylsulfamethazine,0.94,ng/g dw,2018,summer,"Wang, Y. n. et al. Occurrence and distribution of typical antibiotics in the aquatic environment of the wetland karst plateau in Guizhou. Huanjing Huaxue-Environmental Chemistry 39, 975-986, doi:10.7524/j.issn.0254-6108.2019090103 (2030).",N334
sediment,Guizhou,"Guiyang, Nanming River",Chloramphenicol,271791666.6666665,ng/g dw,2007,winter,"Liu, H., Zhang, G., Liu, C.-Q., Li, L. & Xiang, M. The occurrence of chloramphenicol and tetracyclines in municipal sewage and the Nanming River, Guiyang City, China. Journal of environmental monitoring : JEM 11 (2009).",4
sediment,Guizhou,"Bijie, Weining county, Caohai National Nature Reserve",Ciprofloxacin,40700000,ng/g dw,2018,summer,"Wang, Y. n. et al. Occurrence and distribution of typical antibiotics in the aquatic environment of the wetland karst plateau in Guizhou. Huanjing Huaxue-Environmental Chemistry 39, 975-986, doi:10.7524/j.issn.0254-6108.2019090103 (2020).",72
sediment,Guizhou,"Bijie, Weining county, Caohai National Nature Reserve",Clarithromycin,470000,ng/g dw,2018,summer,"Wang, Y. n. et al. Occurrence and distribution of typical antibiotics in the aquatic environment of the wetland karst plateau in Guizhou. Huanjing Huaxue-Environmental Chemistry 39, 975-986, doi:10.7524/j.issn.0254-6108.2019090103 (2020).",72
sediment,Guizhou,"Bijie, Weining county, Caohai National Nature Reserve",Cloxacillin,3760000,ng/g dw,2018,summer,"Wang, Y. n. et al. Occurrence and distribution of typical antibiotics in the aquatic environment of the wetland karst plateau in Guizhou. Huanjing Huaxue-Environmental Chemistry 39, 975-986, doi:10.7524/j.issn.0254-6108.2019090103 (2020).",72
sediment,Guizhou,"Guizhou, Bijie, Weining county",Danofloxacin,30.7,ng/g dw,2018,summer,"Wang, Y. n. et al. Occurrence and distribution of typical antibiotics in the aquatic environment of the wetland karst plateau in Guizhou. Huanjing Huaxue-Environmental Chemistry 39, 975-986, doi:10.7524/j.issn.0254-6108.2019090103 (2040).",N336
sediment,Guizhou,"Bijie, Weining county, Caohai National Nature Reserve",Enrofloxacin,27600000,ng/g dw,2018,summer,"Wang, Y. n. et al. Occurrence and distribution of typical antibiotics in the aquatic environment of the wetland karst plateau in Guizhou. Huanjing Huaxue-Environmental Chemistry 39, 975-986, doi:10.7524/j.issn.0254-6108.2019090103 (2020).",72
sediment,Guizhou,"Bijie, Weining county, Caohai National Nature Reserve",Erythromycin,850000,ng/g dw,2018,summer,"Wang, Y. n. et al. Occurrence and distribution of typical antibiotics in the aquatic environment of the wetland karst plateau in Guizhou. Huanjing Huaxue-Environmental Chemistry 39, 975-986, doi:10.7524/j.issn.0254-6108.2019090103 (2020).",72
sediment,Guizhou,"Bijie, Weining county, Caohai National Nature Reserve",Fleroxacin,12800000,ng/g dw,2018,summer,"Wang, Y. n. et al. Occurrence and distribution of typical antibiotics in the aquatic environment of the wetland karst plateau in Guizhou. Huanjing Huaxue-Environmental Chemistry 39, 975-986, doi:10.7524/j.issn.0254-6108.2019090103 (2020).",72
sediment,Guizhou,"Bijie, Weining county, Caohai National Nature Reserve",Lincomycin,190000,ng/g dw,2018,summer,"Wang, Y. n. et al. Occurrence and distribution of typical antibiotics in the aquatic environment of the wetland karst plateau in Guizhou. Huanjing Huaxue-Environmental Chemistry 39, 975-986, doi:10.7524/j.issn.0254-6108.2019090103 (2020).",72
sediment,Guizhou,"Bijie, Weining county, Caohai National Nature Reserve",Marbofloxacin,13900000,ng/g dw,2018,summer,"Wang, Y. n. et al. Occurrence and distribution of typical antibiotics in the aquatic environment of the wetland karst plateau in Guizhou. Huanjing Huaxue-Environmental Chemistry 39, 975-986, doi:10.7524/j.issn.0254-6108.2019090103 (2020).",72
sediment,Guizhou,"Bijie, Weining county, Caohai National Nature Reserve",Norfloxacin,56400000,ng/g dw,2018,summer,"Wang, Y. n. et al. Occurrence and distribution of typical antibiotics in the aquatic environment of the wetland karst plateau in Guizhou. Huanjing Huaxue-Environmental Chemistry 39, 975-986, doi:10.7524/j.issn.0254-6108.2019090103 (2020).",72
sediment,Guizhou,"Bijie, Weining county, Caohai National Nature Reserve",Ofloxacin,33900000,ng/g dw,2018,summer,"Wang, Y. n. et al. Occurrence and distribution of typical antibiotics in the aquatic environment of the wetland karst plateau in Guizhou. Huanjing Huaxue-Environmental Chemistry 39, 975-986, doi:10.7524/j.issn.0254-6108.2019090103 (2020).",72
sediment,Guizhou,"Guiyang, Nanming River",Oxytetracycline,90208333.33333334,ng/g dw,2007,winter,"Liu, H., Zhang, G., Liu, C.-Q., Li, L. & Xiang, M. The occurrence of chloramphenicol and tetracyclines in municipal sewage and the Nanming River, Guiyang City, China. Journal of environmental monitoring : JEM 11 (2009).",4
sediment,Guizhou,"Bijie, Weining county, Caohai National Nature Reserve",Pefloxacin,30800000,ng/g dw,2018,summer,"Wang, Y. n. et al. Occurrence and distribution of typical antibiotics in the aquatic environment of the wetland karst plateau in Guizhou. Huanjing Huaxue-Environmental Chemistry 39, 975-986, doi:10.7524/j.issn.0254-6108.2019090103 (2020).",72
sediment,Guizhou,"Bijie, Weining county, Caohai National Nature Reserve",Sarafloxacin,17450017.45,ng/g dw,2018,summer,"Wang, Y. n. et al. Occurrence and distribution of typical antibiotics in the aquatic environment of the wetland karst plateau in Guizhou. Huanjing Huaxue-Environmental Chemistry 39, 975-986, doi:10.7524/j.issn.0254-6108.2019090103 (2020).",72
sediment,Guizhou,"Bijie, Weining county, Caohai National Nature Reserve",Sulfacetamide,2530000,ng/g dw,2018,summer,"Wang, Y. n. et al. Occurrence and distribution of typical antibiotics in the aquatic environment of the wetland karst plateau in Guizhou. Huanjing Huaxue-Environmental Chemistry 39, 975-986, doi:10.7524/j.issn.0254-6108.2019090103 (2020).",72
sediment,Guizhou,"Bijie, Weining county, Caohai National Nature Reserve",Sulfachloropyridazine,20000,ng/g dw,2018,summer,"Wang, Y. n. et al. Occurrence and distribution of typical antibiotics in the aquatic environment of the wetland karst plateau in Guizhou. Huanjing Huaxue-Environmental Chemistry 39, 975-986, doi:10.7524/j.issn.0254-6108.2019090103 (2020).",72
sediment,Guizhou,"Bijie, Weining county, Caohai National Nature Reserve",Sulfadiazine,1740000,ng/g dw,2018,summer,"Wang, Y. n. et al. Occurrence and distribution of typical antibiotics in the aquatic environment of the wetland karst plateau in Guizhou. Huanjing Huaxue-Environmental Chemistry 39, 975-986, doi:10.7524/j.issn.0254-6108.2019090103 (2020).",72
sediment,Guizhou,"Bijie, Weining county, Caohai National Nature Reserve",Sulfadimethoxine,360000,ng/g dw,2018,summer,"Wang, Y. n. et al. Occurrence and distribution of typical antibiotics in the aquatic environment of the wetland karst plateau in Guizhou. Huanjing Huaxue-Environmental Chemistry 39, 975-986, doi:10.7524/j.issn.0254-6108.2019090103 (2020).",72
sediment,Guizhou,"Bijie, Weining county, Caohai National Nature Reserve",Sulfadimidine,140000,ng/g dw,2018,summer,"Wang, Y. n. et al. Occurrence and distribution of typical antibiotics in the aquatic environment of the wetland karst plateau in Guizhou. Huanjing Huaxue-Environmental Chemistry 39, 975-986, doi:10.7524/j.issn.0254-6108.2019090103 (2020).",72
sediment,Guizhou,"Bijie, Weining county, Caohai National Nature Reserve",Sulfadoxine,240000.24,ng/g dw,2018,summer,"Wang, Y. n. et al. Occurrence and distribution of typical antibiotics in the aquatic environment of the wetland karst plateau in Guizhou. Huanjing Huaxue-Environmental Chemistry 39, 975-986, doi:10.7524/j.issn.0254-6108.2019090103 (2020).",72
sediment,Guizhou,"Bijie, Weining county, Caohai National Nature Reserve",Sulfaguanidine,180000,ng/g dw,2018,summer,"Wang, Y. n. et al. Occurrence and distribution of typical antibiotics in the aquatic environment of the wetland karst plateau in Guizhou. Huanjing Huaxue-Environmental Chemistry 39, 975-986, doi:10.7524/j.issn.0254-6108.2019090103 (2020).",72
sediment,Guizhou,"Bijie, Weining county, Caohai National Nature Reserve",Sulfamethoxydiazine,415000.41500000004,ng/g dw,2018,summer,"Wang, Y. n. et al. Occurrence and distribution of typical antibiotics in the aquatic environment of the wetland karst plateau in Guizhou. Huanjing Huaxue-Environmental Chemistry 39, 975-986, doi:10.7524/j.issn.0254-6108.2019090103 (2020).",72
sediment,Guizhou,"Bijie, Weining county, Caohai National Nature Reserve",Sulfamonomethoxine,1740000,ng/g dw,2018,summer,"Wang, Y. n. et al. Occurrence and distribution of typical antibiotics in the aquatic environment of the wetland karst plateau in Guizhou. Huanjing Huaxue-Environmental Chemistry 39, 975-986, doi:10.7524/j.issn.0254-6108.2019090103 (2020).",72
sediment,Guizhou,"Guiyang, Nanming River",Tetracycline,103175000,ng/g dw,2007,winter,"Liu, H., Zhang, G., Liu, C.-Q., Li, L. & Xiang, M. The occurrence of chloramphenicol and tetracyclines in municipal sewage and the Nanming River, Guiyang City, China. Journal of environmental monitoring : JEM 11 (2009).",4
sediment,Hainan,Typical island province in China (surface water sediment),Carbadox,2,ng/g dw,2013–2023,NA,"Li, G., Dong, M., Liu, H., Lu, L., Hou, P., & Pan, X. (2025). Occurrence, Distribution, and Ecological Risk Assessment of Antibiotics in Aqueous, Sediment, and Solid Waste of a Typical Island Province in China. Water, 17(19), 2846. https://doi.org/10.3390/w17192846",N39
sediment,Hainan,Hainan,Chloramphenicol,1650000,ng/g dw,2017,winter,"Liu, T. et al. Diversity and distribution of antibiotics and antibiotic resistance genes in seven national mangrove nature reserves, South China. International Biodeterioration & Biodegradation 153 (2020).",69
sediment,Hainan,Hainan,Chlortetracycline,2.2399999999999998,ng/g dw,2013,spring,"Chen, C. Q., Zheng, L., Zhou, J. L. & Zhao, H. Persistence and risk of antibiotic residues and antibiotic resistance genes in major mariculture sites in Southeast China. Science of the Total Environment 580 (2017).",164
sediment,Hainan,"Hainan, Lingshui Li Autonomous County",Ciprofloxacin,1645000,ng/g dw,2015,autumn,"Gao, Q. et al. Diverse and abundant antibiotic resistance genes from mariculture sites of China's coastline. Science of the Total Environment 630 (2018).",124
sediment,Hainan,Typical island province in China (surface water sediment),Clarithromycin,2.98,ng/g dw,2013–2023,NA,"Li, G., Dong, M., Liu, H., Lu, L., Hou, P., & Pan, X. (2025). Occurrence, Distribution, and Ecological Risk Assessment of Antibiotics in Aqueous, Sediment, and Solid Waste of a Typical Island Province in China. Water, 17(19), 2846. https://doi.org/10.3390/w17192846",N39
sediment,Hainan,Typical island province in China (surface water sediment),Danofloxacin,0.4,ng/g dw,2013–2023,NA,"Li, G., Dong, M., Liu, H., Lu, L., Hou, P., & Pan, X. (2025). Occurrence, Distribution, and Ecological Risk Assessment of Antibiotics in Aqueous, Sediment, and Solid Waste of a Typical Island Province in China. Water, 17(19), 2846. https://doi.org/10.3390/w17192846",N39
sediment,Hainan,Typical island province in China (surface water sediment),Difloxacin,0.25,ng/g dw,2013–2023,NA,"Li, G., Dong, M., Liu, H., Lu, L., Hou, P., & Pan, X. (2025). Occurrence, Distribution, and Ecological Risk Assessment of Antibiotics in Aqueous, Sediment, and Solid Waste of a Typical Island Province in China. Water, 17(19), 2846. https://doi.org/10.3390/w17192846",N39
sediment,Hainan,Hainan,Doxycycline,4670012.234999999,ng/g dw,2013,spring,"Chen, C. Q., Zheng, L., Zhou, J. L. & Zhao, H. Persistence and risk of antibiotic residues and antibiotic resistance genes in major mariculture sites in Southeast China. Science of the Total Environment 580 (2017).",164
sediment,Hainan,"Hainan, Lingshui Li Autonomous County",Enrofloxacin,1350000,ng/g dw,2015,autumn,"Gao, Q. et al. Diverse and abundant antibiotic resistance genes from mariculture sites of China's coastline. Science of the Total Environment 630 (2018).",124
sediment,Hainan,Hainan,Erythromycin,675005.48,ng/g dw,2017,winter,"Liu, T. et al. Diversity and distribution of antibiotics and antibiotic resistance genes in seven national mangrove nature reserves, South China. International Biodeterioration & Biodegradation 153 (2020).",69
sediment,Hainan,Typical island province in China (surface water sediment),Fleroxacin,4.89,ng/g dw,2013–2023,NA,"Li, G., Dong, M., Liu, H., Lu, L., Hou, P., & Pan, X. (2025). Occurrence, Distribution, and Ecological Risk Assessment of Antibiotics in Aqueous, Sediment, and Solid Waste of a Typical Island Province in China. Water, 17(19), 2846. https://doi.org/10.3390/w17192846",N39
sediment,Hainan,Hainan,Florfenicol,13250000,ng/g dw,2017,winter,"Liu, T. et al. Diversity and distribution of antibiotics and antibiotic resistance genes in seven national mangrove nature reserves, South China. International Biodeterioration & Biodegradation 153 (2020).",69
sediment,Hainan,Typical island province in China (surface water sediment),Lincomycin,1.82,ng/g dw,2013–2023,NA,"Li, G., Dong, M., Liu, H., Lu, L., Hou, P., & Pan, X. (2025). Occurrence, Distribution, and Ecological Risk Assessment of Antibiotics in Aqueous, Sediment, and Solid Waste of a Typical Island Province in China. Water, 17(19), 2846. https://doi.org/10.3390/w17192846",N39
sediment,Hainan,Typical island province in China (surface water sediment),Lomefloxacin,7.17,ng/g dw,2013–2023,NA,"Li, G., Dong, M., Liu, H., Lu, L., Hou, P., & Pan, X. (2025). Occurrence, Distribution, and Ecological Risk Assessment of Antibiotics in Aqueous, Sediment, and Solid Waste of a Typical Island Province in China. Water, 17(19), 2846. https://doi.org/10.3390/w17192846",N39
sediment,Hainan,Typical island province in China (surface water sediment),Marbofloxacin,0.31,ng/g dw,2013–2023,NA,"Li, G., Dong, M., Liu, H., Lu, L., Hou, P., & Pan, X. (2025). Occurrence, Distribution, and Ecological Risk Assessment of Antibiotics in Aqueous, Sediment, and Solid Waste of a Typical Island Province in China. Water, 17(19), 2846. https://doi.org/10.3390/w17192846",N39
sediment,Hainan,Typical island province in China (surface water sediment),Methacycline,3.24,ng/g dw,2013–2023,NA,"Li, G., Dong, M., Liu, H., Lu, L., Hou, P., & Pan, X. (2025). Occurrence, Distribution, and Ecological Risk Assessment of Antibiotics in Aqueous, Sediment, and Solid Waste of a Typical Island Province in China. Water, 17(19), 2846. https://doi.org/10.3390/w17192846",N39
sediment,Hainan,Hainan,Norfloxacin,4200081.795,ng/g dw,2017,winter,"Liu, T. et al. Diversity and distribution of antibiotics and antibiotic resistance genes in seven national mangrove nature reserves, South China. International Biodeterioration & Biodegradation 153 (2020).",69
sediment,Hainan,Hainan,Ofloxacin,3700000,ng/g dw,2017,winter,"Liu, T. et al. Diversity and distribution of antibiotics and antibiotic resistance genes in seven national mangrove nature reserves, South China. International Biodeterioration & Biodegradation 153 (2020).",69
sediment,Hainan,Typical island province in China (surface water sediment),Ormetoprim,0.03,ng/g dw,2013–2023,NA,"Li, G., Dong, M., Liu, H., Lu, L., Hou, P., & Pan, X. (2025). Occurrence, Distribution, and Ecological Risk Assessment of Antibiotics in Aqueous, Sediment, and Solid Waste of a Typical Island Province in China. Water, 17(19), 2846. https://doi.org/10.3390/w17192846",N39
sediment,Hainan,"Hainan, Lingshui Li Autonomous County",Oxytetracycline,16975000,ng/g dw,2015,autumn,"Gao, Q. et al. Diverse and abundant antibiotic resistance genes from mariculture sites of China's coastline. Science of the Total Environment 630 (2018).",124
sediment,Hainan,Typical island province in China (surface water sediment),Pefloxacin,22.33,ng/g dw,2013–2023,NA,"Li, G., Dong, M., Liu, H., Lu, L., Hou, P., & Pan, X. (2025). Occurrence, Distribution, and Ecological Risk Assessment of Antibiotics in Aqueous, Sediment, and Solid Waste of a Typical Island Province in China. Water, 17(19), 2846. https://doi.org/10.3390/w17192846",N39
sediment,Hainan,Hainan,Roxithromycin,775001.76,ng/g dw,2017,winter,"Liu, T. et al. Diversity and distribution of antibiotics and antibiotic resistance genes in seven national mangrove nature reserves, South China. International Biodeterioration & Biodegradation 153 (2020).",69
sediment,Hainan,Typical island province in China (surface water sediment),Sarafloxacin,0.18,ng/g dw,2013–2023,NA,"Li, G., Dong, M., Liu, H., Lu, L., Hou, P., & Pan, X. (2025). Occurrence, Distribution, and Ecological Risk Assessment of Antibiotics in Aqueous, Sediment, and Solid Waste of a Typical Island Province in China. Water, 17(19), 2846. https://doi.org/10.3390/w17192846",N39
sediment,Hainan,Typical island province in China (surface water sediment),Sulfacetamide,0.12,ng/g dw,2013–2023,NA,"Li, G., Dong, M., Liu, H., Lu, L., Hou, P., & Pan, X. (2025). Occurrence, Distribution, and Ecological Risk Assessment of Antibiotics in Aqueous, Sediment, and Solid Waste of a Typical Island Province in China. Water, 17(19), 2846. https://doi.org/10.3390/w17192846",N39
sediment,Hainan,Typical island province in China (surface water sediment),Sulfachloropyridazine,0.01,ng/g dw,2013–2023,NA,"Li, G., Dong, M., Liu, H., Lu, L., Hou, P., & Pan, X. (2025). Occurrence, Distribution, and Ecological Risk Assessment of Antibiotics in Aqueous, Sediment, and Solid Waste of a Typical Island Province in China. Water, 17(19), 2846. https://doi.org/10.3390/w17192846",N39
sediment,Hainan,"Hainan, Lingshui Li Autonomous County",Sulfadiazine,7635000,ng/g dw,2015,autumn,"Gao, Q. et al. Diverse and abundant antibiotic resistance genes from mariculture sites of China's coastline. Science of the Total Environment 630 (2018).",124
sediment,Hainan,Typical island province in China (surface water sediment),Sulfadimethoxine,0.05,ng/g dw,2013–2023,NA,"Li, G., Dong, M., Liu, H., Lu, L., Hou, P., & Pan, X. (2025). Occurrence, Distribution, and Ecological Risk Assessment of Antibiotics in Aqueous, Sediment, and Solid Waste of a Typical Island Province in China. Water, 17(19), 2846. https://doi.org/10.3390/w17192846",N39
sediment,Hainan,Hainan,Sulfadimidine,260000,ng/g dw,2013,spring,"Chen, C. Q., Zheng, L., Zhou, J. L. & Zhao, H. Persistence and risk of antibiotic residues and antibiotic resistance genes in major mariculture sites in Southeast China. Science of the Total Environment 580 (2017).",164
sediment,Hainan,Typical island province in China (surface water sediment),Sulfafurazole,0.02,ng/g dw,2013–2023,NA,"Li, G., Dong, M., Liu, H., Lu, L., Hou, P., & Pan, X. (2025). Occurrence, Distribution, and Ecological Risk Assessment of Antibiotics in Aqueous, Sediment, and Solid Waste of a Typical Island Province in China. Water, 17(19), 2846. https://doi.org/10.3390/w17192846",N39
sediment,Hainan,Hainan,Sulfamerazine,25000.065000000002,ng/g dw,2013,spring,"Chen, C. Q., Zheng, L., Zhou, J. L. & Zhao, H. Persistence and risk of antibiotic residues and antibiotic resistance genes in major mariculture sites in Southeast China. Science of the Total Environment 580 (2017).",164
sediment,Hainan,Typical island province in China (surface water sediment),Sulfameter,0.2,ng/g dw,2013–2023,NA,"Li, G., Dong, M., Liu, H., Lu, L., Hou, P., & Pan, X. (2025). Occurrence, Distribution, and Ecological Risk Assessment of Antibiotics in Aqueous, Sediment, and Solid Waste of a Typical Island Province in China. Water, 17(19), 2846. https://doi.org/10.3390/w17192846",N39
sediment,Hainan,"Hainan, Lingshui Li Autonomous County",Sulfamethoxazole,8289999.999999999,ng/g dw,2015,autumn,"Gao, Q. et al. Diverse and abundant antibiotic resistance genes from mariculture sites of China's coastline. Science of the Total Environment 630 (2018).",124
sediment,Hainan,Typical island province in China (surface water sediment),Sulfamonomethoxine,0.11,ng/g dw,2013–2023,NA,"Li, G., Dong, M., Liu, H., Lu, L., Hou, P., & Pan, X. (2025). Occurrence, Distribution, and Ecological Risk Assessment of Antibiotics in Aqueous, Sediment, and Solid Waste of a Typical Island Province in China. Water, 17(19), 2846. https://doi.org/10.3390/w17192846",N39
sediment,Hainan,Hainan,Sulfapyridine,45000.015,ng/g dw,2013,spring,"Chen, C. Q., Zheng, L., Zhou, J. L. & Zhao, H. Persistence and risk of antibiotic residues and antibiotic resistance genes in major mariculture sites in Southeast China. Science of the Total Environment 580 (2017).",164
sediment,Hainan,Hainan,Sulfaquinoxaline,20000.010000000002,ng/g dw,2013,spring,"Chen, C. Q., Zheng, L., Zhou, J. L. & Zhao, H. Persistence and risk of antibiotic residues and antibiotic resistance genes in major mariculture sites in Southeast China. Science of the Total Environment 580 (2017).",164
sediment,Hainan,Hainan,Sulfathiazole,15000.01,ng/g dw,2013,spring,"Chen, C. Q., Zheng, L., Zhou, J. L. & Zhao, H. Persistence and risk of antibiotic residues and antibiotic resistance genes in major mariculture sites in Southeast China. Science of the Total Environment 580 (2017).",164
sediment,Hainan,"Hainan, Lingshui Li Autonomous County",Tetracycline,7900000,ng/g dw,2015,autumn,"Gao, Q. et al. Diverse and abundant antibiotic resistance genes from mariculture sites of China's coastline. Science of the Total Environment 630 (2018).",124
sediment,Hainan,Typical island province in China (surface water sediment),Trimethoprim,0.16,ng/g dw,2013–2023,NA,"Li, G., Dong, M., Liu, H., Lu, L., Hou, P., & Pan, X. (2025). Occurrence, Distribution, and Ecological Risk Assessment of Antibiotics in Aqueous, Sediment, and Solid Waste of a Typical Island Province in China. Water, 17(19), 2846. https://doi.org/10.3390/w17192846",N39
sediment,Hebei,"Shijiazhuang, the Xiao River",Apo-Oxytetracycline,15500000000,ng/g dw,2004,winter,"Li, D. et al. Determination and fate of oxytetracycline and related compounds in oxytetracycline production wastewater and the receiving river. Environmental Toxicology and Chemistry 27, 80-86, doi:10.1897/07-080.1 (2008).",223
sediment,Hebei,Baiyangdian Lake,Azithromycin,4440000,ng/g dw,2017,spring,"Zhang, P. et al. Occurrence of pharmaceuticals and personal care products, and their associated environmental risks in a large shallow lake in north China. Environmental Geochemistry and Health 40, 1525-1539, doi:10.1007/s10653-018-0069-0 (2017).",111
sediment,Hebei,Baiyangdian Lake,Chlortetracycline,1820000,ng/g dw,2017,spring,"Zhang, P. et al. Occurrence of pharmaceuticals and personal care products, and their associated environmental risks in a large shallow lake in north China. Environmental Geochemistry and Health 40, 1525-1539, doi:10.1007/s10653-018-0069-0 (2017).",111
sediment,Hebei,Bohai Sea and surrounding estuaries,Ciprofloxacin,2885000,ng/g dw,2013,summer,"Liu, X. The Characteristics of Particulate Organic Matters and Their Adsorption of Antibiotics in the Coastal Soils and Sediments in the Yellow River Delta University of Chinese Academy of Sciences (Yantai Institute of Coastal Zone Research), (2018).",120
sediment,Hebei,Baiyangdian Lake,Doxycycline,3020000,ng/g dw,2017,spring,"Zhang, P. et al. Occurrence of pharmaceuticals and personal care products, and their associated environmental risks in a large shallow lake in north China. Environmental Geochemistry and Health 40, 1525-1539, doi:10.1007/s10653-018-0069-0 (2017).",111
sediment,Hebei,Bohai Sea and surrounding estuaries,Enrofloxacin,11980000,ng/g dw,2013,summer,"Liu, X. The Characteristics of Particulate Organic Matters and Their Adsorption of Antibiotics in the Coastal Soils and Sediments in the Yellow River Delta University of Chinese Academy of Sciences (Yantai Institute of Coastal Zone Research), (2018).",120
sediment,Hebei,"Shijiazhuang, the Xiao River",Epioxytetracycline,13160000000,ng/g dw,2004,winter,"Li, D. et al. Determination and fate of oxytetracycline and related compounds in oxytetracycline production wastewater and the receiving river. Environmental Toxicology and Chemistry 27, 80-86, doi:10.1897/07-080.1 (2008).",223
sediment,Hebei,"Baoding, Baiyangdian Lake",Erythromycin,590000,ng/g dw,2008,summer,"Li, W., Shi, Y., Gao, L., Liu, J. & Cai, Y. Occurrence of antibiotics in water, sediments, aquatic plants, and animals from Baiyangdian Lake in North China. Chemosphere 89 (2012).",182
sediment,Hebei,Baiyangdian Lake,Erythromycin-H2O,5360000,ng/g dw,2017,spring,"Zhang, P. et al. Occurrence of pharmaceuticals and personal care products, and their associated environmental risks in a large shallow lake in north China. Environmental Geochemistry and Health 40, 1525-1539, doi:10.1007/s10653-018-0069-0 (2017).",111
sediment,Hebei,"Baoding, Baiyangdian Lake",Fleroxacin,3510000,ng/g dw,2008,summer,"Li, W., Shi, Y., Gao, L., Liu, J. & Cai, Y. Occurrence of antibiotics in water, sediments, aquatic plants, and animals from Baiyangdian Lake in North China. Chemosphere 89 (2012).",182
sediment,Hebei,Baiyangdian Lake,Flumequine,72040000,ng/g dw,2018,summer,"Shen, L. et al. The correlation between quinolone antibiotics and microbial community structure and diversity in Baiyangdian Lake. Huanjing Kexue Xuebao 40, 574-584, doi:10.13671/j.hjkxxb.2019.0385 (2020).",67
sediment,Hebei,Baiyangdian Lake,Lincomycin,2060000,ng/g dw,2017,spring,"Zhang, P. et al. Occurrence of pharmaceuticals and personal care products, and their associated environmental risks in a large shallow lake in north China. Environmental Geochemistry and Health 40, 1525-1539, doi:10.1007/s10653-018-0069-0 (2017).",111
sediment,Hebei,"Baoding, Baiyangdian Lake",Lomefloxacin,980000,ng/g dw,2008,summer,"Li, W., Shi, Y., Gao, L., Liu, J. & Cai, Y. Occurrence of antibiotics in water, sediments, aquatic plants, and animals from Baiyangdian Lake in North China. Chemosphere 89 (2012).",182
sediment,Hebei,Baiyangdian Lake,Marbofloxacin,3460000,ng/g dw,2018,summer,"Shen, L. et al. The correlation between quinolone antibiotics and microbial community structure and diversity in Baiyangdian Lake. Huanjing Kexue Xuebao 40, 574-584, doi:10.13671/j.hjkxxb.2019.0385 (2020).",67
sediment,Hebei,Bohai Sea and surrounding estuaries,Norfloxacin,73870000,ng/g dw,2013,summer,"Liu, X. The Characteristics of Particulate Organic Matters and Their Adsorption of Antibiotics in the Coastal Soils and Sediments in the Yellow River Delta University of Chinese Academy of Sciences (Yantai Institute of Coastal Zone Research), (2018).",120
sediment,Hebei,Baiyangdian Lake,Ofloxacin,4270000,ng/g dw,2017,spring,"Zhang, P. et al. Occurrence of pharmaceuticals and personal care products, and their associated environmental risks in a large shallow lake in north China. Environmental Geochemistry and Health 40, 1525-1539, doi:10.1007/s10653-018-0069-0 (2017).",111
sediment,Hebei,Hebei,Oxolinic Acid,2.175,ng/g dw,2018,summer,"Shen, L. et al. The correlation between quinolone antibiotics and microbial community structure and diversity in Baiyangdian Lake. Huanjing Kexue Xuebao 40, 574-584, doi:10.13671/j.hjkxxb.2019.0385 (2028).",N305
sediment,Hebei,Baiyangdian Lake,Oxytetracycline,13980000,ng/g dw,2017,spring,"Zhang, P. et al. Occurrence of pharmaceuticals and personal care products, and their associated environmental risks in a large shallow lake in north China. Environmental Geochemistry and Health 40, 1525-1539, doi:10.1007/s10653-018-0069-0 (2017).",111
sediment,Hebei,Baiyangdian Lake,Pipemidic Acid,5060000,ng/g dw,2018,summer,"Shen, L. et al. The correlation between quinolone antibiotics and microbial community structure and diversity in Baiyangdian Lake. Huanjing Kexue Xuebao 40, 574-584, doi:10.13671/j.hjkxxb.2019.0385 (2020).",67
sediment,Hebei,Bohai Sea and surrounding estuaries,Roxithromycin,64900000.00000001,ng/g dw,2013,summer,"Liu, X. The Characteristics of Particulate Organic Matters and Their Adsorption of Antibiotics in the Coastal Soils and Sediments in the Yellow River Delta University of Chinese Academy of Sciences (Yantai Institute of Coastal Zone Research), (2018).",120
sediment,Hebei,Baiyangdian Lake,Sulfadiazine,2030000,ng/g dw,2017,spring,"Zhang, P. et al. Occurrence of pharmaceuticals and personal care products, and their associated environmental risks in a large shallow lake in north China. Environmental Geochemistry and Health 40, 1525-1539, doi:10.1007/s10653-018-0069-0 (2017).",111
sediment,Hebei,Bohai Sea and surrounding estuaries,Sulfadimethoxine,170000,ng/g dw,2017,autumn,"Liu, X. The Characteristics of Particulate Organic Matters and Their Adsorption of Antibiotics in the Coastal Soils and Sediments in the Yellow River Delta University of Chinese Academy of Sciences (Yantai Institute of Coastal Zone Research), (2018).",120
sediment,Hebei,Baiyangdian Lake,Sulfadimidine,2260000,ng/g dw,2017,spring,"Zhang, P. et al. Occurrence of pharmaceuticals and personal care products, and their associated environmental risks in a large shallow lake in north China. Environmental Geochemistry and Health 40, 1525-1539, doi:10.1007/s10653-018-0069-0 (2017).",111
sediment,Hebei,"Baoding, Baiyangdian Lake",Sulfafurazole,710000,ng/g dw,2008,summer,"Li, W., Shi, Y., Gao, L., Liu, J. & Cai, Y. Occurrence of antibiotics in water, sediments, aquatic plants, and animals from Baiyangdian Lake in North China. Chemosphere 89 (2012).",182
sediment,Hebei,"Baoding, Baiyangdian Lake",Sulfamerazine,575000,ng/g dw,2008,summer,"Li, W., Shi, Y., Gao, L., Liu, J. & Cai, Y. Occurrence of antibiotics in water, sediments, aquatic plants, and animals from Baiyangdian Lake in North China. Chemosphere 89 (2012).",182
sediment,Hebei,Baiyangdian Lake,Sulfamethoxazole,6533703.7037037,ng/g dw,2017,spring,"Zhang, P. et al. Occurrence of pharmaceuticals and personal care products, and their associated environmental risks in a large shallow lake in north China. Environmental Geochemistry and Health 40, 1525-1539, doi:10.1007/s10653-018-0069-0 (2017).",111
sediment,Hebei,Bohai Sea and surrounding estuaries,Sulfamonomethoxine,15055000,ng/g dw,2017,autumn,"Liu, X. The Characteristics of Particulate Organic Matters and Their Adsorption of Antibiotics in the Coastal Soils and Sediments in the Yellow River Delta University of Chinese Academy of Sciences (Yantai Institute of Coastal Zone Research), (2018).",120
sediment,Hebei,"Baoding, Baiyangdian Lake",Sulfapyridine,160000,ng/g dw,2008,summer,"Li, W., Shi, Y., Gao, L., Liu, J. & Cai, Y. Occurrence of antibiotics in water, sediments, aquatic plants, and animals from Baiyangdian Lake in North China. Chemosphere 89 (2012).",182
sediment,Hebei,Bohai Bay,Sulfathiazole,640000,ng/g dw,2009,summer,"Cheng, D. et al. Occurrence and Partitioning of Antibiotics in the Water Column and Bottom Sediments from the Intertidal Zone in the Bohai Bay, China. Wetlands 36 (2016).",134
sediment,Hebei,Baiyangdian Lake,Tetracycline,4785000,ng/g dw,2017,spring,"Zhang, P. et al. Occurrence of pharmaceuticals and personal care products, and their associated environmental risks in a large shallow lake in north China. Environmental Geochemistry and Health 40, 1525-1539, doi:10.1007/s10653-018-0069-0 (2017).",111
sediment,Hebei,Baiyangdian Lake,Trimethoprim,3380000,ng/g dw,2017,spring,"Zhang, P. et al. Occurrence of pharmaceuticals and personal care products, and their associated environmental risks in a large shallow lake in north China. Environmental Geochemistry and Health 40, 1525-1539, doi:10.1007/s10653-018-0069-0 (2017).",111
sediment,Hebei,Baiyangdian Lake,Tylosin,3825000,ng/g dw,2017,spring,"Zhang, P. et al. Occurrence of pharmaceuticals and personal care products, and their associated environmental risks in a large shallow lake in north China. Environmental Geochemistry and Health 40, 1525-1539, doi:10.1007/s10653-018-0069-0 (2017).",111
sediment,Heilongjiang,Songhua River,Sulfadiazine,577500,ng/g dw,NA,NA,"Wang, H., Ding, J., Ding, L. & Ren, N. Analysis of sulfonamides in soil, sediment, and sludge based on dynamic microwave-assisted micellar extraction. Environ Sci Pollut Res Int 23, 12954-12965, doi:10.1007/s11356-016-6383-0 (2016).",99
sediment,Heilongjiang,Songhua River,Sulfadimidine,412500,ng/g dw,NA,NA,"Wang, H., Ding, J., Ding, L. & Ren, N. Analysis of sulfonamides in soil, sediment, and sludge based on dynamic microwave-assisted micellar extraction. Environ Sci Pollut Res Int 23, 12954-12965, doi:10.1007/s11356-016-6383-0 (2016).",99
sediment,Henan,Jian'gang Reservoir outlet,Azithromycin,3.58,ng/g,2025,NA,"Yuan, W., Shang, Y., Bai, M., Sun, M., Su, Z., Yang, X., Riaz, L., Guo, Y., & Lu, J. (2025). Occurrence and Distribution of Antibiotics and Antibiotic Resistance Genes in the Water and Sediments of Reservoir-Based Drinking Water Sources in Henan, China. Microorganisms, 13(12), 2828. https://doi.org/10.3390/microorganisms13122828",N44
sediment,Henan,Weihe River,Chlortetracycline,1.43,ng/g dw,2014,summer,"Li, Q., Gao, J., Zhang, Q., Liang, L. & Tao, H. Distribution and Risk Assessment of Antibiotics in a Typical River in North China Plain. Bulletin of Environmental Contamination and Toxicology 98 (2017).",101
sediment,Henan,Weihe River,Ciprofloxacin,2150002.15,ng/g dw,2014,summer,"Li, Q., Gao, J., Zhang, Q., Liang, L. & Tao, H. Distribution and Risk Assessment of Antibiotics in a Typical River in North China Plain. Bulletin of Environmental Contamination and Toxicology 98 (2017).",101
sediment,Henan,Weihe River,Enrofloxacin,3.48,ng/g dw,2014,summer,"Li, Q., Gao, J., Zhang, Q., Liang, L. & Tao, H. Distribution and Risk Assessment of Antibiotics in a Typical River in North China Plain. Bulletin of Environmental Contamination and Toxicology 98 (2017).",101
sediment,Henan,"Zhoukou, Shangshui County, Shahe Water Source Area",Lomefloxacin,8.775,ng/g dw,2017,autumn,"Wu, D. et al. The Occurrence and Risks of Selected Emerging Pollutants in Drinking Water Source Areas in Henan, China. International Journal of Environmental Research and Public Health 16, doi:10.3390/ijerph16214109 (2019).",42
sediment,Henan,Weihe River,Norfloxacin,12.285,ng/g dw,2014,summer,"Li, Q., Gao, J., Zhang, Q., Liang, L. & Tao, H. Distribution and Risk Assessment of Antibiotics in a Typical River in North China Plain. Bulletin of Environmental Contamination and Toxicology 98 (2017).",101
sediment,Henan,Weihe River,Ofloxacin,1600005.3,ng/g dw,2014,summer,"Li, Q., Gao, J., Zhang, Q., Liang, L. & Tao, H. Distribution and Risk Assessment of Antibiotics in a Typical River in North China Plain. Bulletin of Environmental Contamination and Toxicology 98 (2017).",101
sediment,Henan,Weihe River,Oxytetracycline,15.2,ng/g dw,2014,summer,"Li, Q., Gao, J., Zhang, Q., Liang, L. & Tao, H. Distribution and Risk Assessment of Antibiotics in a Typical River in North China Plain. Bulletin of Environmental Contamination and Toxicology 98 (2017).",101
sediment,Henan,"Xinyang, Shihe district, Nanwan Reservoir",Roxithromycin,0.8,ng/g dw,2017,autumn,"Wu, D. et al. The Occurrence and Risks of Selected Emerging Pollutants in Drinking Water Source Areas in Henan, China. International Journal of Environmental Research and Public Health 16, doi:10.3390/ijerph16214109 (2019).",42
sediment,Henan,Weihe River,Sulfachloropyridazine,1100001.1,ng/g dw,2014,summer,"Li, Q., Gao, J., Zhang, Q., Liang, L. & Tao, H. Distribution and Risk Assessment of Antibiotics in a Typical River in North China Plain. Bulletin of Environmental Contamination and Toxicology 98 (2017).",101
sediment,Henan,Weihe River,Sulfadiazine,0.13,ng/g dw,2014,summer,"Li, Q., Gao, J., Zhang, Q., Liang, L. & Tao, H. Distribution and Risk Assessment of Antibiotics in a Typical River in North China Plain. Bulletin of Environmental Contamination and Toxicology 98 (2017).",101
sediment,Henan,Weihe River,Sulfadimethoxine,1550001.55,ng/g dw,2014,summer,"Li, Q., Gao, J., Zhang, Q., Liang, L. & Tao, H. Distribution and Risk Assessment of Antibiotics in a Typical River in North China Plain. Bulletin of Environmental Contamination and Toxicology 98 (2017).",101
sediment,Henan,Weihe River,Sulfadimidine,2600002.6,ng/g dw,2014,summer,"Li, Q., Gao, J., Zhang, Q., Liang, L. & Tao, H. Distribution and Risk Assessment of Antibiotics in a Typical River in North China Plain. Bulletin of Environmental Contamination and Toxicology 98 (2017).",101
sediment,Henan,Weihe River,Sulfamethoxazole,0.9299999999999999,ng/g dw,2014,summer,"Li, Q., Gao, J., Zhang, Q., Liang, L. & Tao, H. Distribution and Risk Assessment of Antibiotics in a Typical River in North China Plain. Bulletin of Environmental Contamination and Toxicology 98 (2017).",101
sediment,Henan,Linqi Reservoir inlet,Sulfapyridine,0.28,ng/g,2025,NA,"Yuan, W., Shang, Y., Bai, M., Sun, M., Su, Z., Yang, X., Riaz, L., Guo, Y., & Lu, J. (2025). Occurrence and Distribution of Antibiotics and Antibiotic Resistance Genes in the Water and Sediments of Reservoir-Based Drinking Water Sources in Henan, China. Microorganisms, 13(12), 2828. https://doi.org/10.3390/microorganisms13122828",N44
sediment,Henan,Weihe River,Tetracycline,1.41,ng/g dw,2014,summer,"Li, Q., Gao, J., Zhang, Q., Liang, L. & Tao, H. Distribution and Risk Assessment of Antibiotics in a Typical River in North China Plain. Bulletin of Environmental Contamination and Toxicology 98 (2017).",101
sediment,Hong Kong,Hong Kong,Chloramphenicol,6.2,ng/g dw,2017,winter,"Liu, T. et al. Diversity and distribution of antibiotics and antibiotic resistance genes in seven national mangrove nature reserves, South China. International Biodeterioration & Biodegradation 153 (2103).",N288
sediment,Hong Kong,Hong Kong,Chlortetracycline,38,ng/g dw,2017,winter,"Liu, T. et al. Diversity and distribution of antibiotics and antibiotic resistance genes in seven national mangrove nature reserves, South China. International Biodeterioration & Biodegradation 153 (2095).",N280
sediment,Hong Kong,Hong Kong,Ciprofloxacin,30.093000000000004,ng/g dw,2016,spring,"Deng, W.-J., Li, N. & Ying, G.-G. Antibiotic distribution, risk assessment, and microbial diversity in river water and sediment in Hong Kong. Environ. Geochem. Health (2022).",N149
sediment,Hong Kong,Hong Kong,Doxycycline,0.0905,ng/g dw,2016,spring,"Deng, W.-J., Li, N. & Ying, G.-G. Antibiotic distribution, risk assessment, and microbial diversity in river water and sediment in Hong Kong. Environ. Geochem. Health (2025).",N152
sediment,Hong Kong,Hong Kong,Enrofloxacin,2.6,ng/g dw,2017,winter,"Liu, T. et al. Diversity and distribution of antibiotics and antibiotic resistance genes in seven national mangrove nature reserves, South China. International Biodeterioration & Biodegradation 153 (2099).",N284
sediment,Hong Kong,Hong Kong,Erythromycin,3.7,ng/g dw,2017,winter,"Liu, T. et al. Diversity and distribution of antibiotics and antibiotic resistance genes in seven national mangrove nature reserves, South China. International Biodeterioration & Biodegradation 153 (2101).",N286
sediment,Hong Kong,Hong Kong,Florfenicol,52.75,ng/g dw,2017,winter,"Liu, T. et al. Diversity and distribution of antibiotics and antibiotic resistance genes in seven national mangrove nature reserves, South China. International Biodeterioration & Biodegradation 153 (2102).",N287
sediment,Hong Kong,Hong Kong,Lincomycin,0.1345,ng/g dw,2016,spring,"Deng, W.-J., Li, N. & Ying, G.-G. Antibiotic distribution, risk assessment, and microbial diversity in river water and sediment in Hong Kong. Environ. Geochem. Health (2024).",N151
sediment,Hong Kong,Hong Kong,Norfloxacin,17.2,ng/g dw,2017,winter,"Liu, T. et al. Diversity and distribution of antibiotics and antibiotic resistance genes in seven national mangrove nature reserves, South China. International Biodeterioration & Biodegradation 153 (2097).",N282
sediment,Hong Kong,Hong Kong,Ofloxacin,1.62725,ng/g dw,2016,spring,"Deng, W.-J., Li, N. & Ying, G.-G. Antibiotic distribution, risk assessment, and microbial diversity in river water and sediment in Hong Kong. Environ. Geochem. Health (2021).",N148
sediment,Hong Kong,Hong Kong,Oxytetracycline,12.7,ng/g dw,2017,winter,"Liu, T. et al. Diversity and distribution of antibiotics and antibiotic resistance genes in seven national mangrove nature reserves, South China. International Biodeterioration & Biodegradation 153 (2094).",N279
sediment,Hong Kong,Hong Kong,Roxithromycin,1.0395,ng/g dw,2016,spring,"Deng, W.-J., Li, N. & Ying, G.-G. Antibiotic distribution, risk assessment, and microbial diversity in river water and sediment in Hong Kong. Environ. Geochem. Health (2023).",N150
sediment,Hong Kong,Hong Kong,Sulfadiazine,3.75,ng/g dw,2017,winter,"Liu, T. et al. Diversity and distribution of antibiotics and antibiotic resistance genes in seven national mangrove nature reserves, South China. International Biodeterioration & Biodegradation 153 (2090).",N275
sediment,Hong Kong,Hong Kong,Sulfadimidine,3.2917500000000004,ng/g dw,2016,spring,"Deng, W.-J., Li, N. & Ying, G.-G. Antibiotic distribution, risk assessment, and microbial diversity in river water and sediment in Hong Kong. Environ. Geochem. Health (2018).",N145
sediment,Hong Kong,Hong Kong,Sulfamethoxazole,8.90825,ng/g dw,2016,spring,"Deng, W.-J., Li, N. & Ying, G.-G. Antibiotic distribution, risk assessment, and microbial diversity in river water and sediment in Hong Kong. Environ. Geochem. Health (2019).",N146
sediment,Hong Kong,Hong Kong,Tetracycline,5.151249999999999,ng/g dw,2016,spring,"Deng, W.-J., Li, N. & Ying, G.-G. Antibiotic distribution, risk assessment, and microbial diversity in river water and sediment in Hong Kong. Environ. Geochem. Health (2020).",N147
sediment,Hubei,"Xiantao, Shahu County",Azithromycin,485000,ng/g dw,2014,spring,"Tong, L. et al. Distribution of antibiotics in alluvial sediment near animal breeding areas at the Jianghan Plain, Central China. Chemosphere 186 (2017).",109
sediment,Hubei,"Xiantao, Shahu County",Chlortetracycline,2800000,ng/g dw,2014,spring,"Tong, L. et al. Distribution of antibiotics in alluvial sediment near animal breeding areas at the Jianghan Plain, Central China. Chemosphere 186 (2017).",109
sediment,Hubei,"Xiantao, Shahu County",Ciprofloxacin,1040000,ng/g dw,2014,spring,"Tong, L. et al. Distribution of antibiotics in alluvial sediment near animal breeding areas at the Jianghan Plain, Central China. Chemosphere 186 (2017).",109
sediment,Hubei,"Xiantao, Shahu County",Clarithromycin,900000,ng/g dw,2014,spring,"Tong, L. et al. Distribution of antibiotics in alluvial sediment near animal breeding areas at the Jianghan Plain, Central China. Chemosphere 186 (2017).",109
sediment,Hubei,"Shiyan, Danjiangkou, Danjiangkou Reservoir",Dehydroerythromycin,2195000,ng/g dw,2016,NA,"Li, S. et al. Antibiotics in water and sediments of Danjiangkou reservoir, China: Spatiotemporal distribution and indicator screening. Environmental Pollution (2018).",142
sediment,Hubei,"Xiantao, Shahu County",Doxycycline,3500000,ng/g dw,2014,spring,"Tong, L. et al. Distribution of antibiotics in alluvial sediment near animal breeding areas at the Jianghan Plain, Central China. Chemosphere 186 (2017).",109
sediment,Hubei,"Xiantao, Shahu County",Enrofloxacin,1300000,ng/g dw,2014,spring,"Tong, L. et al. Distribution of antibiotics in alluvial sediment near animal breeding areas at the Jianghan Plain, Central China. Chemosphere 186 (2017).",109
sediment,Hubei,"Xiantao, Shahu County",Erythromycin,405000,ng/g dw,2014,spring,"Tong, L. et al. Distribution of antibiotics in alluvial sediment near animal breeding areas at the Jianghan Plain, Central China. Chemosphere 186 (2017).",109
sediment,Hubei,"Shiyan, Danjiangkou, Danjiangkou Reservoir",Lincomycin,210000,ng/g dw,2016,NA,"Li, S. et al. Antibiotics in water and sediments of Danjiangkou reservoir, China: Spatiotemporal distribution and indicator screening. Environmental Pollution (2018).",142
sediment,Hubei,"Xiantao, Shahu County",Lomefloxacin,8400000,ng/g dw,2014,spring,"Tong, L. et al. Distribution of antibiotics in alluvial sediment near animal breeding areas at the Jianghan Plain, Central China. Chemosphere 186 (2017).",109
sediment,Hubei,"Xiantao, Shahu County",Norfloxacin,2000000,ng/g dw,2014,spring,"Tong, L. et al. Distribution of antibiotics in alluvial sediment near animal breeding areas at the Jianghan Plain, Central China. Chemosphere 186 (2017).",109
sediment,Hubei,Danjiangkou Reservoir,Ofloxacin,1200000,ng/g dw,2014,autumn,"Hu, Y., Yan, X., Shen, Y., Di, M. & Wang, J. Antibiotics in surface water and sediments from Hanjiang River, Central China: Occurrence, behavior and risk assessment. Ecotoxicology and Environmental Safety 157 (2018).",128
sediment,Hubei,"Xiantao, Shahu County",Oxytetracycline,6050000,ng/g dw,2014,spring,"Tong, L. et al. Distribution of antibiotics in alluvial sediment near animal breeding areas at the Jianghan Plain, Central China. Chemosphere 186 (2017).",109
sediment,Hubei,"Shiyan, Danjiangkou, Danjiangkou Reservoir",Penicillin G,2185000,ng/g dw,2016,NA,"Li, S. et al. Antibiotics in water and sediments of Danjiangkou reservoir, China: Spatiotemporal distribution and indicator screening. Environmental Pollution (2018).",142
sediment,Hubei,"Shiyan, Danjiangkou, Danjiangkou Reservoir",Penicillin V,245000,ng/g dw,2016,NA,"Li, S. et al. Antibiotics in water and sediments of Danjiangkou reservoir, China: Spatiotemporal distribution and indicator screening. Environmental Pollution (2018).",142
sediment,Hubei,"Xiantao, Shahu County",Roxithromycin,2000000,ng/g dw,2014,spring,"Tong, L. et al. Distribution of antibiotics in alluvial sediment near animal breeding areas at the Jianghan Plain, Central China. Chemosphere 186 (2017).",109
sediment,Hubei,"Xiantao, Shahu County",Sulfadiazine,540000,ng/g dw,2014,spring,"Tong, L. et al. Distribution of antibiotics in alluvial sediment near animal breeding areas at the Jianghan Plain, Central China. Chemosphere 186 (2017).",109
sediment,Hubei,Danjiangkou Reservoir,Sulfadimidine,200000,ng/g dw,2014,autumn,"Hu, Y., Yan, X., Shen, Y., Di, M. & Wang, J. Antibiotics in surface water and sediments from Hanjiang River, Central China: Occurrence, behavior and risk assessment. Ecotoxicology and Environmental Safety 157 (2018).",128
sediment,Hubei,"Xiantao, Shahu County",Sulfamerazine,1600000,ng/g dw,2014,spring,"Tong, L. et al. Distribution of antibiotics in alluvial sediment near animal breeding areas at the Jianghan Plain, Central China. Chemosphere 186 (2017).",109
sediment,Hubei,Danjiangkou Reservoir,Sulfameter,2700000,ng/g dw,2014,autumn,"Hu, Y., Yan, X., Shen, Y., Di, M. & Wang, J. Antibiotics in surface water and sediments from Hanjiang River, Central China: Occurrence, behavior and risk assessment. Ecotoxicology and Environmental Safety 157 (2018).",128
sediment,Hubei,"Xiantao, Shahu County",Sulfamethoxazole,292500,ng/g dw,2014,spring,"Tong, L. et al. Distribution of antibiotics in alluvial sediment near animal breeding areas at the Jianghan Plain, Central China. Chemosphere 186 (2017).",109
sediment,Hubei,"Shiyan, Danjiangkou, Danjiangkou Reservoir",Sulfamonomethoxine,80000,ng/g dw,2016,NA,"Li, S. et al. Antibiotics in water and sediments of Danjiangkou reservoir, China: Spatiotemporal distribution and indicator screening. Environmental Pollution (2018).",142
sediment,Hubei,"Shiyan, Danjiangkou, Danjiangkou Reservoir",Sulfaquinoxaline,5000,ng/g dw,2016,NA,"Li, S. et al. Antibiotics in water and sediments of Danjiangkou reservoir, China: Spatiotemporal distribution and indicator screening. Environmental Pollution (2018).",142
sediment,Hubei,Three Gorges Reservoir,Sulfathiazole,467100000,ng/g dw,2015,summer,"Yan, M., Xu, C., Huang, Y., Nie, H. & Wang, J. Tetracyclines, sulfonamides and quinolones and their corresponding resistance genes in the Three Gorges Reservoir, China. Science of the Total Environment 631-632 (2018).",149
sediment,Hubei,Danjiangkou Reservoir,Tetracycline,1835000,ng/g dw,2014,autumn,"Hu, Y., Yan, X., Shen, Y., Di, M. & Wang, J. Antibiotics in surface water and sediments from Hanjiang River, Central China: Occurrence, behavior and risk assessment. Ecotoxicology and Environmental Safety 157 (2018).",128
sediment,Hubei,Danjiangkou Reservoir,Trimethoprim,3800000,ng/g dw,2014,autumn,"Hu, Y., Yan, X., Shen, Y., Di, M. & Wang, J. Antibiotics in surface water and sediments from Hanjiang River, Central China: Occurrence, behavior and risk assessment. Ecotoxicology and Environmental Safety 157 (2018).",128
sediment,Hubei,"Shiyan, Danjiangkou, Danjiangkou Reservoir",Tylosin,260000,ng/g dw,2016,NA,"Li, S. et al. Antibiotics in water and sediments of Danjiangkou reservoir, China: Spatiotemporal distribution and indicator screening. Environmental Pollution (2018).",142
sediment,Hunan,the Dongting lakes,Azithromycin,65001.015,ng/g dw,2016,summer,"Zhou, L.-J. et al. Trends in the occurrence and risk assessment of antibiotics in shallow lakes in the lower-middle reaches of the Yangtze River basin, China. Ecotoxicology and Environmental Safety 183 (2020).",132
sediment,Hunan,Hunan,Chloramphenicol,0.42,ng/g dw,2017,spring,"Chen, L. et al. Distribution, residue level, sources, and phase partition of antibiotics in surface sediments from the inland river: a case study of the Xiangjiang River, south-central China. Environmental Science and Pollution Research 27 (2039).",N115
sediment,Hunan,the Dongting lakes,Chlortetracycline,845023,ng/g dw,2016,summer,"Zhou, L.-J. et al. Trends in the occurrence and risk assessment of antibiotics in shallow lakes in the lower-middle reaches of the Yangtze River basin, China. Ecotoxicology and Environmental Safety 183 (2020).",132
sediment,Hunan,the Dongting lakes,Ciprofloxacin,1805000,ng/g dw,2016,summer,"Zhou, L.-J. et al. Trends in the occurrence and risk assessment of antibiotics in shallow lakes in the lower-middle reaches of the Yangtze River basin, China. Ecotoxicology and Environmental Safety 183 (2020).",132
sediment,Hunan,the Dongting lakes,Clarithromycin,365000,ng/g dw,2016,summer,"Zhou, L.-J. et al. Trends in the occurrence and risk assessment of antibiotics in shallow lakes in the lower-middle reaches of the Yangtze River basin, China. Ecotoxicology and Environmental Safety 183 (2020).",132
sediment,Hunan,the Dongting lakes,Danofloxacin,50000,ng/g dw,2016,summer,"Zhou, L.-J. et al. Trends in the occurrence and risk assessment of antibiotics in shallow lakes in the lower-middle reaches of the Yangtze River basin, China. Ecotoxicology and Environmental Safety 183 (2020).",132
sediment,Hunan,Xiangjiang River,Dehydroerythromycin,620000,ng/g dw,2017,spring,"Chen, L. et al. Distribution, residue level, sources, and phase partition of antibiotics in surface sediments from the inland river: a case study of the Xiangjiang River, south-central China. Environmental Science and Pollution Research 27 (2020).",49
sediment,Hunan,Xiangjiang River,Doxycycline,4000000,ng/g dw,2017,spring,"Chen, L. et al. Distribution, residue level, sources, and phase partition of antibiotics in surface sediments from the inland river: a case study of the Xiangjiang River, south-central China. Environmental Science and Pollution Research 27 (2020).",49
sediment,Hunan,the Dongting lakes,Enrofloxacin,3430000,ng/g dw,2016,summer,"Zhou, L.-J. et al. Trends in the occurrence and risk assessment of antibiotics in shallow lakes in the lower-middle reaches of the Yangtze River basin, China. Ecotoxicology and Environmental Safety 183 (2020).",132
sediment,Hunan,the Dongting lakes,Erythromycin-H2O,580000,ng/g dw,2016,summer,"Zhou, L.-J. et al. Trends in the occurrence and risk assessment of antibiotics in shallow lakes in the lower-middle reaches of the Yangtze River basin, China. Ecotoxicology and Environmental Safety 183 (2020).",132
sediment,Hunan,Xiangjiang River,Florfenicol,220000,ng/g dw,2017,spring,"Chen, L. et al. Distribution, residue level, sources, and phase partition of antibiotics in surface sediments from the inland river: a case study of the Xiangjiang River, south-central China. Environmental Science and Pollution Research 27 (2020).",49
sediment,Hunan,Hunan,Flumequine,1.04,ng/g dw,2017,autumn,"Chen, L. et al. Distribution, residue level, sources, and phase partition of antibiotics in surface sediments from the inland river: a case study of the Xiangjiang River, south-central China. Environmental Science and Pollution Research 27 (2072).",N126
sediment,Hunan,the Dongting lakes,Lincomycin,450000,ng/g dw,2016,summer,"Zhou, L.-J. et al. Trends in the occurrence and risk assessment of antibiotics in shallow lakes in the lower-middle reaches of the Yangtze River basin, China. Ecotoxicology and Environmental Safety 183 (2020).",132
sediment,Hunan,the Dongting lakes,Marbofloxacin,10000,ng/g dw,2016,summer,"Zhou, L.-J. et al. Trends in the occurrence and risk assessment of antibiotics in shallow lakes in the lower-middle reaches of the Yangtze River basin, China. Ecotoxicology and Environmental Safety 183 (2020).",132
sediment,Hunan,the Dongting lakes,Norfloxacin,7400000,ng/g dw,2016,summer,"Zhou, L.-J. et al. Trends in the occurrence and risk assessment of antibiotics in shallow lakes in the lower-middle reaches of the Yangtze River basin, China. Ecotoxicology and Environmental Safety 183 (2020).",132
sediment,Hunan,the Dongting lakes,Ofloxacin,19600000,ng/g dw,2016,summer,"Zhou, L.-J. et al. Trends in the occurrence and risk assessment of antibiotics in shallow lakes in the lower-middle reaches of the Yangtze River basin, China. Ecotoxicology and Environmental Safety 183 (2020).",132
sediment,Hunan,the Dongting lakes,Oxytetracycline,18400000,ng/g dw,2016,summer,"Zhou, L.-J. et al. Trends in the occurrence and risk assessment of antibiotics in shallow lakes in the lower-middle reaches of the Yangtze River basin, China. Ecotoxicology and Environmental Safety 183 (2020).",132
sediment,Hunan,Hunan,Pefloxacin,3.71,ng/g dw,2017,spring,"Chen, L. et al. Distribution, residue level, sources, and phase partition of antibiotics in surface sediments from the inland river: a case study of the Xiangjiang River, south-central China. Environmental Science and Pollution Research 27 (2024).",N113
sediment,Hunan,the Dongting lakes,Roxithromycin,600002.155,ng/g dw,2016,summer,"Zhou, L.-J. et al. Trends in the occurrence and risk assessment of antibiotics in shallow lakes in the lower-middle reaches of the Yangtze River basin, China. Ecotoxicology and Environmental Safety 183 (2020).",132
sediment,Hunan,the Dongting lakes,Sulfachloropyridazine,80000,ng/g dw,2016,summer,"Zhou, L.-J. et al. Trends in the occurrence and risk assessment of antibiotics in shallow lakes in the lower-middle reaches of the Yangtze River basin, China. Ecotoxicology and Environmental Safety 183 (2020).",132
sediment,Hunan,the Dongting lakes,Sulfadiazine,4500000,ng/g dw,2016,summer,"Zhou, L.-J. et al. Trends in the occurrence and risk assessment of antibiotics in shallow lakes in the lower-middle reaches of the Yangtze River basin, China. Ecotoxicology and Environmental Safety 183 (2020).",132
sediment,Hunan,the Dongting lakes,Sulfadimidine,70000.495,ng/g dw,2016,summer,"Zhou, L.-J. et al. Trends in the occurrence and risk assessment of antibiotics in shallow lakes in the lower-middle reaches of the Yangtze River basin, China. Ecotoxicology and Environmental Safety 183 (2020).",132
sediment,Hunan,the Dongting lakes,Sulfadoxine,50000,ng/g dw,2016,summer,"Zhou, L.-J. et al. Trends in the occurrence and risk assessment of antibiotics in shallow lakes in the lower-middle reaches of the Yangtze River basin, China. Ecotoxicology and Environmental Safety 183 (2020).",132
sediment,Hunan,the Dongting lakes,Sulfafurazole,70000,ng/g dw,2016,summer,"Zhou, L.-J. et al. Trends in the occurrence and risk assessment of antibiotics in shallow lakes in the lower-middle reaches of the Yangtze River basin, China. Ecotoxicology and Environmental Safety 183 (2020).",132
sediment,Hunan,"Yueyang, East Dongting Lake",Sulfameter,32270000.000000004,ng/g dw,NA,NA,"Yang, Y., Cao, X., Lin, H. & Wang, J. Antibiotics and Antibiotic Resistance Genes in Sediment of Honghu Lake and East Dongting Lake, China. Microbial Ecology 72 (2016).",94
sediment,Hunan,"Yueyang, East Dongting Lake",Sulfamethoxazole,30570000,ng/g dw,NA,NA,"Yang, Y., Cao, X., Lin, H. & Wang, J. Antibiotics and Antibiotic Resistance Genes in Sediment of Honghu Lake and East Dongting Lake, China. Microbial Ecology 72 (2016).",94
sediment,Hunan,the Dongting lakes,Sulfamonomethoxine,270000,ng/g dw,2016,summer,"Zhou, L.-J. et al. Trends in the occurrence and risk assessment of antibiotics in shallow lakes in the lower-middle reaches of the Yangtze River basin, China. Ecotoxicology and Environmental Safety 183 (2020).",132
sediment,Hunan,the Dongting lakes,Sulfapyridine,80000,ng/g dw,2016,summer,"Zhou, L.-J. et al. Trends in the occurrence and risk assessment of antibiotics in shallow lakes in the lower-middle reaches of the Yangtze River basin, China. Ecotoxicology and Environmental Safety 183 (2020).",132
sediment,Hunan,the Dongting lakes,Sulfathiazole,20000,ng/g dw,2016,summer,"Zhou, L.-J. et al. Trends in the occurrence and risk assessment of antibiotics in shallow lakes in the lower-middle reaches of the Yangtze River basin, China. Ecotoxicology and Environmental Safety 183 (2020).",132
sediment,Hunan,Xiangjiang River,Tetracycline,10850000,ng/g dw,2017,spring,"Chen, L. et al. Distribution, residue level, sources, and phase partition of antibiotics in surface sediments from the inland river: a case study of the Xiangjiang River, south-central China. Environmental Science and Pollution Research 27 (2020).",49
sediment,Hunan,the Dongting lakes,Trimethoprim,2.145,ng/g dw,2016,summer,"Zhou, L.-J. et al. Trends in the occurrence and risk assessment of antibiotics in shallow lakes in the lower-middle reaches of the Yangtze River basin, China. Ecotoxicology and Environmental Safety 183 (2020).",132
sediment,Hunan,the Dongting lakes,Tylosin,140000,ng/g dw,2016,summer,"Zhou, L.-J. et al. Trends in the occurrence and risk assessment of antibiotics in shallow lakes in the lower-middle reaches of the Yangtze River basin, China. Ecotoxicology and Environmental Safety 183 (2020).",132
sediment,Jiangsu,"Suzhou, JinghangRiver",Amoxicillin,11620000,ng/g dw,2017,NA,"Zhang, Y. et al. DOM as an indicator of occurrence and risks of antibiotics in a city-river-reservoir system with multiple pollution sources. Sci Total Environ 686, 276-289, doi:10.1016/j.scitotenv.2019.05.439 (2019).",45
sediment,Jiangsu,the Taihu lakes,Azithromycin,130000,ng/g dw,2016,summer,"Zhou, L.-J. et al. Trends in the occurrence and risk assessment of antibiotics in shallow lakes in the lower-middle reaches of the Yangtze River basin, China. Ecotoxicology and Environmental Safety 183 (2020).",132
sediment,Jiangsu,"Jiangsu, Nanjing, Gulou district",Cefazolin,3.0199999999999996,ng/g dw,2012,winter,"Zhang, S. et al. Antibiotic concentration and antibiotic-resistant bacteria in two shallow urban lakes after stormwater event. Environ Sci Pollut Res Int 23, 9984-9992, doi:10.1007/s11356-016-6237-9 (2031).",N402
sediment,Jiangsu,"Jiangsu, Nanjing, Gulou district",Ceftriaxone,1.56,ng/g dw,2012,winter,"Zhang, S. et al. Antibiotic concentration and antibiotic-resistant bacteria in two shallow urban lakes after stormwater event. Environ Sci Pollut Res Int 23, 9984-9992, doi:10.1007/s11356-016-6237-9 (2022).",N399
sediment,Jiangsu,"Suzhou, JinghangRiver",Cephalexin,4915000,ng/g dw,2017,NA,"Zhang, Y. et al. DOM as an indicator of occurrence and risks of antibiotics in a city-river-reservoir system with multiple pollution sources. Sci Total Environ 686, 276-289, doi:10.1016/j.scitotenv.2019.05.439 (2019).",45
sediment,Jiangsu,the Taihu lakes,Chlortetracycline,459850,ng/g dw,2016,summer,"Zhou, L.-J. et al. Trends in the occurrence and risk assessment of antibiotics in shallow lakes in the lower-middle reaches of the Yangtze River basin, China. Ecotoxicology and Environmental Safety 183 (2020).",132
sediment,Jiangsu,Lianyungang,Ciprofloxacin,3485000,ng/g dw,2015,autumn,"Gao, Q. et al. Diverse and abundant antibiotic resistance genes from mariculture sites of China's coastline. Science of the Total Environment 630 (2018).",124
sediment,Jiangsu,the Taihu lakes,Clarithromycin,104550,ng/g dw,2016,summer,"Zhou, L.-J. et al. Trends in the occurrence and risk assessment of antibiotics in shallow lakes in the lower-middle reaches of the Yangtze River basin, China. Ecotoxicology and Environmental Safety 183 (2020).",132
sediment,Jiangsu,"Nanjing, Gaochun district",Clindamycin,22425,ng/g dw,2016,summer,"Hao, F. A. N. G. et al. Contamination characteristics and ecological risk assessment of antibiotics in typical eriocheir sinensis aquaculture environments of jiangsu province. J. Ecol. Rural Environ. 35, 1436-1444, doi:10.19741/j.issn.1673-4831.2018.0889 (2019).",29
sediment,Jiangsu,the Taihu lakes,Danofloxacin,225000,ng/g dw,2016,summer,"Zhou, L.-J. et al. Trends in the occurrence and risk assessment of antibiotics in shallow lakes in the lower-middle reaches of the Yangtze River basin, China. Ecotoxicology and Environmental Safety 183 (2020).",132
sediment,Jiangsu,"Nanjing, Gaochun district",Demeclocycline,438375,ng/g dw,2016,summer,"Hao, F. A. N. G. et al. Contamination characteristics and ecological risk assessment of antibiotics in typical eriocheir sinensis aquaculture environments of jiangsu province. J. Ecol. Rural Environ. 35, 1436-1444, doi:10.19741/j.issn.1673-4831.2018.0889 (2019).",29
sediment,Jiangsu,Lake Taihu,Difloxacin,2990000,ng/g dw,2013,autumn,"Zhou, L.-J., Wu, Q., Zhang, B.-B., Zhao, Y.-G. & Zhao, B.-Y. Occurrence, spatiotemporal distribution, mass balance and ecological risks of antibiotics in subtropical shallow Lake Taihu, China. Environmental science. Processes & impacts 18 (2016).",98
sediment,Jiangsu,Taihu Lake Basin,Doxycycline,1775000,ng/g dw,2017,NA,"Xu, Z., Li, T., Bi, J. & Wang, C. Spatiotemporal heterogeneity of antibiotic pollution and ecological risk assessment in Taihu Lake Basin, China. Science of the Total Environment 643 (2018).",148
sediment,Jiangsu,"Nanjing, Gaochun district",Enoxacin,119137.5,ng/g dw,2016,summer,"Hao, F. A. N. G. et al. Contamination characteristics and ecological risk assessment of antibiotics in typical eriocheir sinensis aquaculture environments of jiangsu province. J. Ecol. Rural Environ. 35, 1436-1444, doi:10.19741/j.issn.1673-4831.2018.0889 (2019).",29
sediment,Jiangsu,Lianyungang,Enrofloxacin,3935000.0000000005,ng/g dw,2015,autumn,"Gao, Q. et al. Diverse and abundant antibiotic resistance genes from mariculture sites of China's coastline. Science of the Total Environment 630 (2018).",124
sediment,Jiangsu,Yangzhou,Erythromycin,120000,ng/g dw,2018,NA,"Li, J. Y., Wen, J., Chen, Y., Wang, Q. & Yin, J. Antibiotics in cultured freshwater products in Eastern China: Occurrence, human health risks, sources, and bioaccumulation potential. Chemosphere 264, 128441, doi:10.1016/j.chemosphere.2020.128441 (2020).",58
sediment,Jiangsu,the Taihu lakes,Erythromycin-H2O,1488500,ng/g dw,2016,summer,"Zhou, L.-J. et al. Trends in the occurrence and risk assessment of antibiotics in shallow lakes in the lower-middle reaches of the Yangtze River basin, China. Ecotoxicology and Environmental Safety 183 (2020).",132
sediment,Jiangsu,"Nanjing, Gaochun district",Fleroxacin,170000,ng/g dw,2016,summer,"Hao, F. A. N. G. et al. Contamination characteristics and ecological risk assessment of antibiotics in typical eriocheir sinensis aquaculture environments of jiangsu province. J. Ecol. Rural Environ. 35, 1436-1444, doi:10.19741/j.issn.1673-4831.2018.0889 (2019).",29
sediment,Jiangsu,Lake Taihu,Florfenicol,20000,ng/g dw,2013,autumn,"Zhou, L.-J., Wu, Q., Zhang, B.-B., Zhao, Y.-G. & Zhao, B.-Y. Occurrence, spatiotemporal distribution, mass balance and ecological risks of antibiotics in subtropical shallow Lake Taihu, China. Environmental science. Processes & impacts 18 (2016).",98
sediment,Jiangsu,Taihu Lake Basin,Josamycin,192000,ng/g dw,2017,NA,"Xu, Z., Li, T., Bi, J. & Wang, C. Spatiotemporal heterogeneity of antibiotic pollution and ecological risk assessment in Taihu Lake Basin, China. Science of the Total Environment 643 (2018).",148
sediment,Jiangsu,Taihu Lake Basin,Kitasamycin,4422000,ng/g dw,2017,NA,"Xu, Z., Li, T., Bi, J. & Wang, C. Spatiotemporal heterogeneity of antibiotic pollution and ecological risk assessment in Taihu Lake Basin, China. Science of the Total Environment 643 (2018).",148
sediment,Jiangsu,Lake Taihu,Leucomycin,30000,ng/g dw,2013,autumn,"Zhou, L.-J., Wu, Q., Zhang, B.-B., Zhao, Y.-G. & Zhao, B.-Y. Occurrence, spatiotemporal distribution, mass balance and ecological risks of antibiotics in subtropical shallow Lake Taihu, China. Environmental science. Processes & impacts 18 (2016).",98
sediment,Jiangsu,the Taihu lakes,Lincomycin,1035000,ng/g dw,2016,summer,"Zhou, L.-J. et al. Trends in the occurrence and risk assessment of antibiotics in shallow lakes in the lower-middle reaches of the Yangtze River basin, China. Ecotoxicology and Environmental Safety 183 (2020).",132
sediment,Jiangsu,"Nanjing, Gaochun district",Lomefloxacin,273500,ng/g dw,2016,summer,"Hao, F. A. N. G. et al. Contamination characteristics and ecological risk assessment of antibiotics in typical eriocheir sinensis aquaculture environments of jiangsu province. J. Ecol. Rural Environ. 35, 1436-1444, doi:10.19741/j.issn.1673-4831.2018.0889 (2019).",29
sediment,Jiangsu,the Taihu lakes,Marbofloxacin,60000,ng/g dw,2016,summer,"Zhou, L.-J. et al. Trends in the occurrence and risk assessment of antibiotics in shallow lakes in the lower-middle reaches of the Yangtze River basin, China. Ecotoxicology and Environmental Safety 183 (2020).",132
sediment,Jiangsu,"Nanjing, Gaochun district",Methacycline,520575,ng/g dw,2016,summer,"Hao, F. A. N. G. et al. Contamination characteristics and ecological risk assessment of antibiotics in typical eriocheir sinensis aquaculture environments of jiangsu province. J. Ecol. Rural Environ. 35, 1436-1444, doi:10.19741/j.issn.1673-4831.2018.0889 (2019).",29
sediment,Jiangsu,the Taihu lakes,Norfloxacin,3575000,ng/g dw,2016,summer,"Zhou, L.-J. et al. Trends in the occurrence and risk assessment of antibiotics in shallow lakes in the lower-middle reaches of the Yangtze River basin, China. Ecotoxicology and Environmental Safety 183 (2020).",132
sediment,Jiangsu,the Taihu lakes,Ofloxacin,1535000,ng/g dw,2016,summer,"Zhou, L.-J. et al. Trends in the occurrence and risk assessment of antibiotics in shallow lakes in the lower-middle reaches of the Yangtze River basin, China. Ecotoxicology and Environmental Safety 183 (2020).",132
sediment,Jiangsu,Taihu Lake Basin,Oleandomycin,11446500,ng/g dw,2017,NA,"Xu, Z., Li, T., Bi, J. & Wang, C. Spatiotemporal heterogeneity of antibiotic pollution and ecological risk assessment in Taihu Lake Basin, China. Science of the Total Environment 643 (2018).",148
sediment,Jiangsu,Lianyungang,Oxytetracycline,4740000,ng/g dw,2015,autumn,"Gao, Q. et al. Diverse and abundant antibiotic resistance genes from mariculture sites of China's coastline. Science of the Total Environment 630 (2018).",124
sediment,Jiangsu,Lake Taihu,Pefloxacin,845000,ng/g dw,2013,autumn,"Zhou, L.-J., Wu, Q., Zhang, B.-B., Zhao, Y.-G. & Zhao, B.-Y. Occurrence, spatiotemporal distribution, mass balance and ecological risks of antibiotics in subtropical shallow Lake Taihu, China. Environmental science. Processes & impacts 18 (2016).",98
sediment,Jiangsu,"Suzhou, JinghangRiver",Penicillin V,5210000,ng/g dw,2017,NA,"Zhang, Y. et al. DOM as an indicator of occurrence and risks of antibiotics in a city-river-reservoir system with multiple pollution sources. Sci Total Environ 686, 276-289, doi:10.1016/j.scitotenv.2019.05.439 (2019).",45
sediment,Jiangsu,the Taihu lakes,Roxithromycin,842500,ng/g dw,2016,summer,"Zhou, L.-J. et al. Trends in the occurrence and risk assessment of antibiotics in shallow lakes in the lower-middle reaches of the Yangtze River basin, China. Ecotoxicology and Environmental Safety 183 (2020).",132
sediment,Jiangsu,"Nanjing, Gaochun district",Sarafloxacin,657450,ng/g dw,2016,summer,"Hao, F. A. N. G. et al. Contamination characteristics and ecological risk assessment of antibiotics in typical eriocheir sinensis aquaculture environments of jiangsu province. J. Ecol. Rural Environ. 35, 1436-1444, doi:10.19741/j.issn.1673-4831.2018.0889 (2019).",29
sediment,Jiangsu,Taihu Lake Basin,Spiramycin,12000,ng/g dw,2017,NA,"Xu, Z., Li, T., Bi, J. & Wang, C. Spatiotemporal heterogeneity of antibiotic pollution and ecological risk assessment in Taihu Lake Basin, China. Science of the Total Environment 643 (2018).",148
sediment,Jiangsu,"Nanjing, Gaochun district",Sulfabenzamide,46537.5,ng/g dw,2016,summer,"Hao, F. A. N. G. et al. Contamination characteristics and ecological risk assessment of antibiotics in typical eriocheir sinensis aquaculture environments of jiangsu province. J. Ecol. Rural Environ. 35, 1436-1444, doi:10.19741/j.issn.1673-4831.2018.0889 (2019).",29
sediment,Jiangsu,"Nanjing, Gaochun district",Sulfacetamide,104000,ng/g dw,2016,summer,"Hao, F. A. N. G. et al. Contamination characteristics and ecological risk assessment of antibiotics in typical eriocheir sinensis aquaculture environments of jiangsu province. J. Ecol. Rural Environ. 35, 1436-1444, doi:10.19741/j.issn.1673-4831.2018.0889 (2019).",29
sediment,Jiangsu,the Taihu lakes,Sulfachloropyridazine,10000,ng/g dw,2016,summer,"Zhou, L.-J. et al. Trends in the occurrence and risk assessment of antibiotics in shallow lakes in the lower-middle reaches of the Yangtze River basin, China. Ecotoxicology and Environmental Safety 183 (2020).",132
sediment,Jiangsu,Lianyungang,Sulfadiazine,210000,ng/g dw,2015,autumn,"Gao, Q. et al. Diverse and abundant antibiotic resistance genes from mariculture sites of China's coastline. Science of the Total Environment 630 (2018).",124
sediment,Jiangsu,Jiangsu,Sulfadimethoxine,6.9,ng/g dw,2010,spring,"Xu, J. et al. Distribution, sources and composition of antibiotics in sediment, overlying water and pore water from Taihu Lake, China. Science of the Total Environment 497-498 (2018).",N358
sediment,Jiangsu,"Nanjing, Gaochun district",Sulfadimethoxypyrimidine,82175,ng/g dw,2016,summer,"Hao, F. A. N. G. et al. Contamination characteristics and ecological risk assessment of antibiotics in typical eriocheir sinensis aquaculture environments of jiangsu province. J. Ecol. Rural Environ. 35, 1436-1444, doi:10.19741/j.issn.1673-4831.2018.0889 (2019).",29
sediment,Jiangsu,the Taihu lakes,Sulfadimidine,170000,ng/g dw,2016,summer,"Zhou, L.-J. et al. Trends in the occurrence and risk assessment of antibiotics in shallow lakes in the lower-middle reaches of the Yangtze River basin, China. Ecotoxicology and Environmental Safety 183 (2020).",132
sediment,Jiangsu,"Nanjing, Gaochun district",Sulfadimoxine,16462.5,ng/g dw,2016,summer,"Hao, F. A. N. G. et al. Contamination characteristics and ecological risk assessment of antibiotics in typical eriocheir sinensis aquaculture environments of jiangsu province. J. Ecol. Rural Environ. 35, 1436-1444, doi:10.19741/j.issn.1673-4831.2018.0889 (2019).",29
sediment,Jiangsu,the Taihu lakes,Sulfadoxine,50000,ng/g dw,2016,summer,"Zhou, L.-J. et al. Trends in the occurrence and risk assessment of antibiotics in shallow lakes in the lower-middle reaches of the Yangtze River basin, China. Ecotoxicology and Environmental Safety 183 (2020).",132
sediment,Jiangsu,the Taihu lakes,Sulfafurazole,70000,ng/g dw,2016,summer,"Zhou, L.-J. et al. Trends in the occurrence and risk assessment of antibiotics in shallow lakes in the lower-middle reaches of the Yangtze River basin, China. Ecotoxicology and Environmental Safety 183 (2020).",132
sediment,Jiangsu,Taihu Lake Basin,Sulfamerazine,83000,ng/g dw,2017,NA,"Xu, Z., Li, T., Bi, J. & Wang, C. Spatiotemporal heterogeneity of antibiotic pollution and ecological risk assessment in Taihu Lake Basin, China. Science of the Total Environment 643 (2018).",148
sediment,Jiangsu,"Nanjing, Gaochun district",Sulfamethizole,37900,ng/g dw,2016,summer,"Hao, F. A. N. G. et al. Contamination characteristics and ecological risk assessment of antibiotics in typical eriocheir sinensis aquaculture environments of jiangsu province. J. Ecol. Rural Environ. 35, 1436-1444, doi:10.19741/j.issn.1673-4831.2018.0889 (2019).",29
sediment,Jiangsu,Lianyungang,Sulfamethoxazole,303250,ng/g dw,2015,autumn,"Gao, Q. et al. Diverse and abundant antibiotic resistance genes from mariculture sites of China's coastline. Science of the Total Environment 630 (2018).",124
sediment,Jiangsu,"Nanjing, Gaochun district",Sulfamethoxydiazine,170250,ng/g dw,2016,summer,"Hao, F. A. N. G. et al. Contamination characteristics and ecological risk assessment of antibiotics in typical eriocheir sinensis aquaculture environments of jiangsu province. J. Ecol. Rural Environ. 35, 1436-1444, doi:10.19741/j.issn.1673-4831.2018.0889 (2019).",29
sediment,Jiangsu,"Nanjing, Gaochun district",Sulfamethoxypyridazine,399975,ng/g dw,2016,summer,"Hao, F. A. N. G. et al. Contamination characteristics and ecological risk assessment of antibiotics in typical eriocheir sinensis aquaculture environments of jiangsu province. J. Ecol. Rural Environ. 35, 1436-1444, doi:10.19741/j.issn.1673-4831.2018.0889 (2019).",29
sediment,Jiangsu,the Taihu lakes,Sulfamonomethoxine,187125,ng/g dw,2016,summer,"Zhou, L.-J. et al. Trends in the occurrence and risk assessment of antibiotics in shallow lakes in the lower-middle reaches of the Yangtze River basin, China. Ecotoxicology and Environmental Safety 183 (2020).",132
sediment,Jiangsu,"Nanjing, Gaochun district",Sulfaphenazole,38025,ng/g dw,2016,summer,"Hao, F. A. N. G. et al. Contamination characteristics and ecological risk assessment of antibiotics in typical eriocheir sinensis aquaculture environments of jiangsu province. J. Ecol. Rural Environ. 35, 1436-1444, doi:10.19741/j.issn.1673-4831.2018.0889 (2019).",29
sediment,Jiangsu,the Taihu lakes,Sulfapyridine,15000,ng/g dw,2016,summer,"Zhou, L.-J. et al. Trends in the occurrence and risk assessment of antibiotics in shallow lakes in the lower-middle reaches of the Yangtze River basin, China. Ecotoxicology and Environmental Safety 183 (2020).",132
sediment,Jiangsu,Taihu Lake Basin,Sulfaquinoxaline,25000,ng/g dw,2017,NA,"Xu, Z., Li, T., Bi, J. & Wang, C. Spatiotemporal heterogeneity of antibiotic pollution and ecological risk assessment in Taihu Lake Basin, China. Science of the Total Environment 643 (2018).",148
sediment,Jiangsu,the Taihu lakes,Sulfathiazole,30000,ng/g dw,2016,summer,"Zhou, L.-J. et al. Trends in the occurrence and risk assessment of antibiotics in shallow lakes in the lower-middle reaches of the Yangtze River basin, China. Ecotoxicology and Environmental Safety 183 (2020).",132
sediment,Jiangsu,Lianyungang,Tetracycline,1998750,ng/g dw,2015,autumn,"Gao, Q. et al. Diverse and abundant antibiotic resistance genes from mariculture sites of China's coastline. Science of the Total Environment 630 (2018).",124
sediment,Jiangsu,Jiangsu,Tilmicosin,1.6475,ng/g dw,2017,NA,"Xu, Z., Li, T., Bi, J. & Wang, C. Spatiotemporal heterogeneity of antibiotic pollution and ecological risk assessment in Taihu Lake Basin, China. Science of the Total Environment 643 (2020).",N371
sediment,Jiangsu,the Taihu lakes,Trimethoprim,120000,ng/g dw,2016,summer,"Zhou, L.-J. et al. Trends in the occurrence and risk assessment of antibiotics in shallow lakes in the lower-middle reaches of the Yangtze River basin, China. Ecotoxicology and Environmental Safety 183 (2020).",132
sediment,Jiangsu,the Taihu lakes,Tylosin,250000,ng/g dw,2016,summer,"Zhou, L.-J. et al. Trends in the occurrence and risk assessment of antibiotics in shallow lakes in the lower-middle reaches of the Yangtze River basin, China. Ecotoxicology and Environmental Safety 183 (2020).",132
sediment,Jiangsu,"Suzhou, JinghangRiver",Vancomycin,2065000,ng/g dw,2017,NA,"Zhang, Y. et al. DOM as an indicator of occurrence and risks of antibiotics in a city-river-reservoir system with multiple pollution sources. Sci Total Environ 686, 276-289, doi:10.1016/j.scitotenv.2019.05.439 (2019).",45
sediment,Jiangxi,"Ganzhou, Meijiang River",Apo-Oxytetracycline,5000.09,ng/g dw,NA,NA,"Chen, Q. et al. Migration and degradation of swine farm tetracyclines at the river catchment scale: Can the multi-pond system mitigate pollution risk to receiving rivers? Environmental pollution (Barking, Essex : 1987) 220 (2017).",104
sediment,Jiangxi,the Poyang lakes,Azithromycin,130000,ng/g dw,2016,summer,"Zhou, L.-J. et al. Trends in the occurrence and risk assessment of antibiotics in shallow lakes in the lower-middle reaches of the Yangtze River basin, China. Ecotoxicology and Environmental Safety 183 (2020).",132
sediment,Jiangxi,"Ganzhou, Dingnan, Beiling River",Cephalexin,12600000,ng/g dw,2015,summer,"Chen, Y. et al. Occurrence, Distribution, and Risk Assessment of Antibiotics in a Subtropical River-Reservoir System. Water 10 (2018).",123
sediment,Jiangxi,"Ganzhou, Meijiang River",Chlortetracycline,1300000,ng/g dw,NA,NA,"Chen, Q. et al. Migration and degradation of swine farm tetracyclines at the river catchment scale: Can the multi-pond system mitigate pollution risk to receiving rivers? Environmental pollution (Barking, Essex : 1987) 220 (2017).",104
sediment,Jiangxi,"Ganzhou, Dingnan, Beiling River",Ciprofloxacin,11250000,ng/g dw,2015,summer,"Chen, Y. et al. Occurrence, Distribution, and Risk Assessment of Antibiotics in a Subtropical River-Reservoir System. Water 10 (2018).",123
sediment,Jiangxi,the Poyang lakes,Clarithromycin,150000,ng/g dw,2016,summer,"Zhou, L.-J. et al. Trends in the occurrence and risk assessment of antibiotics in shallow lakes in the lower-middle reaches of the Yangtze River basin, China. Ecotoxicology and Environmental Safety 183 (2020).",132
sediment,Jiangxi,the Poyang lakes,Danofloxacin,50000,ng/g dw,2016,summer,"Zhou, L.-J. et al. Trends in the occurrence and risk assessment of antibiotics in shallow lakes in the lower-middle reaches of the Yangtze River basin, China. Ecotoxicology and Environmental Safety 183 (2020).",132
sediment,Jiangxi,"Ganzhou, Meijiang River",Doxycycline,5200000,ng/g dw,NA,NA,"Chen, Q. et al. Migration and degradation of swine farm tetracyclines at the river catchment scale: Can the multi-pond system mitigate pollution risk to receiving rivers? Environmental pollution (Barking, Essex : 1987) 220 (2017).",104
sediment,Jiangxi,the Poyang lakes,Enrofloxacin,33850000,ng/g dw,2016,summer,"Zhou, L.-J. et al. Trends in the occurrence and risk assessment of antibiotics in shallow lakes in the lower-middle reaches of the Yangtze River basin, China. Ecotoxicology and Environmental Safety 183 (2020).",132
sediment,Jiangxi,"Ganzhou, Meijiang River",Epianhydrotetracycline,150000,ng/g dw,NA,NA,"Chen, Q. et al. Migration and degradation of swine farm tetracyclines at the river catchment scale: Can the multi-pond system mitigate pollution risk to receiving rivers? Environmental pollution (Barking, Essex : 1987) 220 (2017).",104
sediment,Jiangxi,"Ganzhou, Meijiang River",Epioxytetracycline,160000,ng/g dw,NA,NA,"Chen, Q. et al. Migration and degradation of swine farm tetracyclines at the river catchment scale: Can the multi-pond system mitigate pollution risk to receiving rivers? Environmental pollution (Barking, Essex : 1987) 220 (2017).",104
sediment,Jiangxi,"Ganzhou, Meijiang River",Epitetracycline,120000,ng/g dw,NA,NA,"Chen, Q. et al. Migration and degradation of swine farm tetracyclines at the river catchment scale: Can the multi-pond system mitigate pollution risk to receiving rivers? Environmental pollution (Barking, Essex : 1987) 220 (2017).",104
sediment,Jiangxi,Nanchang,Erythromycin,1700000,ng/g dw,2018,NA,"Li, J. Y., Wen, J., Chen, Y., Wang, Q. & Yin, J. Antibiotics in cultured freshwater products in Eastern China: Occurrence, human health risks, sources, and bioaccumulation potential. Chemosphere 264, 128441, doi:10.1016/j.chemosphere.2020.128441 (2020).",58
sediment,Jiangxi,"Ganzhou, Dingnan, Beiling River",Erythromycin-H2O,3000000,ng/g dw,2015,summer,"Chen, Y. et al. Occurrence, Distribution, and Risk Assessment of Antibiotics in a Subtropical River-Reservoir System. Water 10 (2018).",123
sediment,Jiangxi,"Ganzhou, Meijiang River",Isochlortetracycline,2230000,ng/g dw,NA,NA,"Chen, Q. et al. Migration and degradation of swine farm tetracyclines at the river catchment scale: Can the multi-pond system mitigate pollution risk to receiving rivers? Environmental pollution (Barking, Essex : 1987) 220 (2017).",104
sediment,Jiangxi,"Ganzhou, Dingnan, Beiling River",Lincomycin,6400000,ng/g dw,2015,summer,"Chen, Y. et al. Occurrence, Distribution, and Risk Assessment of Antibiotics in a Subtropical River-Reservoir System. Water 10 (2018).",123
sediment,Jiangxi,the Poyang lakes,Marbofloxacin,10000,ng/g dw,2016,summer,"Zhou, L.-J. et al. Trends in the occurrence and risk assessment of antibiotics in shallow lakes in the lower-middle reaches of the Yangtze River basin, China. Ecotoxicology and Environmental Safety 183 (2020).",132
sediment,Jiangxi,"Ganzhou, Dingnan, Beiling River",Norfloxacin,15330000,ng/g dw,2015,summer,"Chen, Y. et al. Occurrence, Distribution, and Risk Assessment of Antibiotics in a Subtropical River-Reservoir System. Water 10 (2018).",123
sediment,Jiangxi,"Ganzhou, Dingnan, Beiling River",Ofloxacin,6900000,ng/g dw,2015,summer,"Chen, Y. et al. Occurrence, Distribution, and Risk Assessment of Antibiotics in a Subtropical River-Reservoir System. Water 10 (2018).",123
sediment,Jiangxi,"Ganzhou, Meijiang River",Oxytetracycline,9930000,ng/g dw,NA,NA,"Chen, Q. et al. Migration and degradation of swine farm tetracyclines at the river catchment scale: Can the multi-pond system mitigate pollution risk to receiving rivers? Environmental pollution (Barking, Essex : 1987) 220 (2017).",104
sediment,Jiangxi,"Ganzhou, Dingnan, Beiling River",Penicillin G,4800000,ng/g dw,2015,summer,"Chen, Y. et al. Occurrence, Distribution, and Risk Assessment of Antibiotics in a Subtropical River-Reservoir System. Water 10 (2018).",123
sediment,Jiangxi,"Ganzhou, Dingnan, Beiling River",Penicillin V,16300000,ng/g dw,2015,summer,"Chen, Y. et al. Occurrence, Distribution, and Risk Assessment of Antibiotics in a Subtropical River-Reservoir System. Water 10 (2018).",123
sediment,Jiangxi,the Poyang lakes,Roxithromycin,1300000,ng/g dw,2016,summer,"Zhou, L.-J. et al. Trends in the occurrence and risk assessment of antibiotics in shallow lakes in the lower-middle reaches of the Yangtze River basin, China. Ecotoxicology and Environmental Safety 183 (2020).",132
sediment,Jiangxi,the Poyang lakes,Sulfachloropyridazine,80000,ng/g dw,2016,summer,"Zhou, L.-J. et al. Trends in the occurrence and risk assessment of antibiotics in shallow lakes in the lower-middle reaches of the Yangtze River basin, China. Ecotoxicology and Environmental Safety 183 (2020).",132
sediment,Jiangxi,"Ganzhou, Dingnan, Beiling River",Sulfadiazine,3975000,ng/g dw,2015,summer,"Chen, Y. et al. Occurrence, Distribution, and Risk Assessment of Antibiotics in a Subtropical River-Reservoir System. Water 10 (2018).",123
sediment,Jiangxi,the Poyang lakes,Sulfadimidine,175000,ng/g dw,2016,summer,"Zhou, L.-J. et al. Trends in the occurrence and risk assessment of antibiotics in shallow lakes in the lower-middle reaches of the Yangtze River basin, China. Ecotoxicology and Environmental Safety 183 (2020).",132
sediment,Jiangxi,the Poyang lakes,Sulfadoxine,50000,ng/g dw,2016,summer,"Zhou, L.-J. et al. Trends in the occurrence and risk assessment of antibiotics in shallow lakes in the lower-middle reaches of the Yangtze River basin, China. Ecotoxicology and Environmental Safety 183 (2020).",132
sediment,Jiangxi,the Poyang lakes,Sulfafurazole,70000,ng/g dw,2016,summer,"Zhou, L.-J. et al. Trends in the occurrence and risk assessment of antibiotics in shallow lakes in the lower-middle reaches of the Yangtze River basin, China. Ecotoxicology and Environmental Safety 183 (2020).",132
sediment,Jiangxi,Nanchang,Sulfamethoxazole,220000,ng/g dw,2018,NA,"Li, J. Y., Wen, J., Chen, Y., Wang, Q. & Yin, J. Antibiotics in cultured freshwater products in Eastern China: Occurrence, human health risks, sources, and bioaccumulation potential. Chemosphere 264, 128441, doi:10.1016/j.chemosphere.2020.128441 (2020).",58
sediment,Jiangxi,"Ganzhou, Dingnan, Beiling River",Sulfamonomethoxine,7800000,ng/g dw,2015,summer,"Chen, Y. et al. Occurrence, Distribution, and Risk Assessment of Antibiotics in a Subtropical River-Reservoir System. Water 10 (2018).",123
sediment,Jiangxi,the Poyang lakes,Sulfapyridine,80000,ng/g dw,2016,summer,"Zhou, L.-J. et al. Trends in the occurrence and risk assessment of antibiotics in shallow lakes in the lower-middle reaches of the Yangtze River basin, China. Ecotoxicology and Environmental Safety 183 (2020).",132
sediment,Jiangxi,"Ganzhou, Dingnan, Beiling River",Sulfaquinoxaline,2800000,ng/g dw,2015,summer,"Chen, Y. et al. Occurrence, Distribution, and Risk Assessment of Antibiotics in a Subtropical River-Reservoir System. Water 10 (2018).",123
sediment,Jiangxi,the Poyang lakes,Sulfathiazole,20000,ng/g dw,2016,summer,"Zhou, L.-J. et al. Trends in the occurrence and risk assessment of antibiotics in shallow lakes in the lower-middle reaches of the Yangtze River basin, China. Ecotoxicology and Environmental Safety 183 (2020).",132
sediment,Jiangxi,"Ganzhou, Meijiang River",Tetracycline,9450000,ng/g dw,NA,NA,"Chen, Q. et al. Migration and degradation of swine farm tetracyclines at the river catchment scale: Can the multi-pond system mitigate pollution risk to receiving rivers? Environmental pollution (Barking, Essex : 1987) 220 (2017).",104
sediment,Jiangxi,the Poyang lakes,Trimethoprim,1190000,ng/g dw,2016,summer,"Zhou, L.-J. et al. Trends in the occurrence and risk assessment of antibiotics in shallow lakes in the lower-middle reaches of the Yangtze River basin, China. Ecotoxicology and Environmental Safety 183 (2020).",132
sediment,Jiangxi,"Ganzhou, Dingnan, Beiling River",Tylosin,600000,ng/g dw,2015,summer,"Chen, Y. et al. Occurrence, Distribution, and Risk Assessment of Antibiotics in a Subtropical River-Reservoir System. Water 10 (2018).",123
sediment,Jiangxi,"Ganzhou, Dingnan, Beiling River",Vancomycin,1400000,ng/g dw,2015,summer,"Chen, Y. et al. Occurrence, Distribution, and Risk Assessment of Antibiotics in a Subtropical River-Reservoir System. Water 10 (2018).",123
sediment,Jilin,Songhua River,Ciprofloxacin,3900000,ng/g dw,2017,summer,"He, S. et al. Occurrence and ecological risk assessment of 22 emerging contaminants in the Jilin Songhua River (Northeast China). Environmental Science and Pollution Research 25 (2018).",126
sediment,Jilin,Songhua River,Doxycycline,1200000,ng/g dw,2017,summer,"He, S. et al. Occurrence and ecological risk assessment of 22 emerging contaminants in the Jilin Songhua River (Northeast China). Environmental Science and Pollution Research 25 (2018).",126
sediment,Jilin,Songhua River,Enrofloxacin,6800000,ng/g dw,2017,summer,"He, S. et al. Occurrence and ecological risk assessment of 22 emerging contaminants in the Jilin Songhua River (Northeast China). Environmental Science and Pollution Research 25 (2018).",126
sediment,Jilin,Songhua River,Erythromycin,25.1,ng/g dw,2017,summer,"He, S. et al. Occurrence and ecological risk assessment of 22 emerging contaminants in the Jilin Songhua River (Northeast China). Environmental Science and Pollution Research 25 (2018).",126
sediment,Jilin,Songhua River,Florfenicol,6600000,ng/g dw,2017,summer,"He, S. et al. Occurrence and ecological risk assessment of 22 emerging contaminants in the Jilin Songhua River (Northeast China). Environmental Science and Pollution Research 25 (2018).",126
sediment,Jilin,Songhua River,Norfloxacin,1600001.6,ng/g dw,2017,summer,"He, S. et al. Occurrence and ecological risk assessment of 22 emerging contaminants in the Jilin Songhua River (Northeast China). Environmental Science and Pollution Research 25 (2018).",126
sediment,Jilin,Songhua River,Ofloxacin,1400000,ng/g dw,2017,summer,"He, S. et al. Occurrence and ecological risk assessment of 22 emerging contaminants in the Jilin Songhua River (Northeast China). Environmental Science and Pollution Research 25 (2018).",126
sediment,Liaoning,Dalian,Chloramphenicol,1020000,ng/g dw,2011,summer,"Na, G. et al. Occurrence, distribution, and bioaccumulation of antibiotics in coastal environment of Dalian, China. Marine Pollution Bulletin 69 (2013).",194
sediment,Liaoning,Bohai Sea and surrounding estuaries,Chlortetracycline,600000,ng/g dw,2013,summer,"Liu, X. The Characteristics of Particulate Organic Matters and Their Adsorption of Antibiotics in the Coastal Soils and Sediments in the Yellow River Delta University of Chinese Academy of Sciences (Yantai Institute of Coastal Zone Research), (2018).",120
sediment,Liaoning,Bohai Sea and surrounding estuaries,Ciprofloxacin,1400000,ng/g dw,2013,summer,"Liu, X. The Characteristics of Particulate Organic Matters and Their Adsorption of Antibiotics in the Coastal Soils and Sediments in the Yellow River Delta University of Chinese Academy of Sciences (Yantai Institute of Coastal Zone Research), (2018).",120
sediment,Liaoning,Bohai Sea and surrounding estuaries,Doxycycline,1330000,ng/g dw,2013,summer,"Liu, X. The Characteristics of Particulate Organic Matters and Their Adsorption of Antibiotics in the Coastal Soils and Sediments in the Yellow River Delta University of Chinese Academy of Sciences (Yantai Institute of Coastal Zone Research), (2018).",120
sediment,Liaoning,Bohai Sea and surrounding estuaries,Enrofloxacin,10500000,ng/g dw,2013,summer,"Liu, X. The Characteristics of Particulate Organic Matters and Their Adsorption of Antibiotics in the Coastal Soils and Sediments in the Yellow River Delta University of Chinese Academy of Sciences (Yantai Institute of Coastal Zone Research), (2018).",120
sediment,Liaoning,Liao River Basin,Erythromycin-H2O,5725005.725,ng/g dw,2012,spring,"Bai, Y., Meng, W., Xu, J., Zhang, Y. & Guo, C. Occurrence, distribution and bioaccumulation of antibiotics in the Liao River Basin in China. Environmental science. Processes & impacts 16 (2014).",217
sediment,Liaoning,"Liaoning, Dalian",Florfenicol,0.43,ng/g dw,2011,summer,"Na, G. et al. Occurrence, distribution, and bioaccumulation of antibiotics in coastal environment of Dalian, China. Marine Pollution Bulletin 69 (2028).",N293
sediment,Liaoning,Bohai Sea and surrounding estuaries,Norfloxacin,11700000,ng/g dw,2013,summer,"Liu, X. The Characteristics of Particulate Organic Matters and Their Adsorption of Antibiotics in the Coastal Soils and Sediments in the Yellow River Delta University of Chinese Academy of Sciences (Yantai Institute of Coastal Zone Research), (2018).",120
sediment,Liaoning,Bohai Sea and surrounding estuaries,Ofloxacin,6610000,ng/g dw,2013,summer,"Liu, X. The Characteristics of Particulate Organic Matters and Their Adsorption of Antibiotics in the Coastal Soils and Sediments in the Yellow River Delta University of Chinese Academy of Sciences (Yantai Institute of Coastal Zone Research), (2018).",120
sediment,Liaoning,Bohai Sea and surrounding estuaries,Oxytetracycline,44210000,ng/g dw,2013,summer,"Liu, X. The Characteristics of Particulate Organic Matters and Their Adsorption of Antibiotics in the Coastal Soils and Sediments in the Yellow River Delta University of Chinese Academy of Sciences (Yantai Institute of Coastal Zone Research), (2018).",120
sediment,Liaoning,Bohai Sea and surrounding estuaries,Roxithromycin,2500000,ng/g dw,2013,summer,"Liu, X. The Characteristics of Particulate Organic Matters and Their Adsorption of Antibiotics in the Coastal Soils and Sediments in the Yellow River Delta University of Chinese Academy of Sciences (Yantai Institute of Coastal Zone Research), (2018).",120
sediment,Liaoning,Dalian,Sulfacetamide,130000,ng/g dw,2011,summer,"Na, G. et al. Occurrence, distribution, and bioaccumulation of antibiotics in coastal environment of Dalian, China. Marine Pollution Bulletin 69 (2013).",194
sediment,Liaoning,Liaohe River,Sulfachinoxaline,1570000,ng/g dw,2015,spring,"Xu, Y. et al. Spatiotemporal profile of tetracycline and sulfonamide and their resistance on a catchment scale. Environmental pollution (Barking, Essex : 1987) 241 (2018).",150
sediment,Liaoning,Dalian,Sulfadiazine,6550000,ng/g dw,2015,autumn,"Gao, Q. et al. Diverse and abundant antibiotic resistance genes from mariculture sites of China's coastline. Science of the Total Environment 630 (2018).",124
sediment,Liaoning,Bohai Sea and surrounding estuaries,Sulfadimethoxine,180000,ng/g dw,2017,autumn,"Liu, X. The Characteristics of Particulate Organic Matters and Their Adsorption of Antibiotics in the Coastal Soils and Sediments in the Yellow River Delta University of Chinese Academy of Sciences (Yantai Institute of Coastal Zone Research), (2018).",120
sediment,Liaoning,Dalian,Sulfadimidine,130000.515,ng/g dw,2011,summer,"Na, G. et al. Occurrence, distribution, and bioaccumulation of antibiotics in coastal environment of Dalian, China. Marine Pollution Bulletin 69 (2013).",194
sediment,Liaoning,Dalian,Sulfamerazine,1730000,ng/g dw,2011,summer,"Na, G. et al. Occurrence, distribution, and bioaccumulation of antibiotics in coastal environment of Dalian, China. Marine Pollution Bulletin 69 (2013).",194
sediment,Liaoning,Dalian,Sulfameter,8820000,ng/g dw,2011,summer,"Na, G. et al. Occurrence, distribution, and bioaccumulation of antibiotics in coastal environment of Dalian, China. Marine Pollution Bulletin 69 (2013).",194
sediment,Liaoning,Bohai Sea and surrounding estuaries,Sulfamethoxazole,1950000,ng/g dw,2017,autumn,"Liu, X. The Characteristics of Particulate Organic Matters and Their Adsorption of Antibiotics in the Coastal Soils and Sediments in the Yellow River Delta University of Chinese Academy of Sciences (Yantai Institute of Coastal Zone Research), (2018).",120
sediment,Liaoning,Dalian,Sulfamethoxypyridazine,1490000,ng/g dw,2011,summer,"Na, G. et al. Occurrence, distribution, and bioaccumulation of antibiotics in coastal environment of Dalian, China. Marine Pollution Bulletin 69 (2013).",194
sediment,Liaoning,Bohai Sea and surrounding estuaries,Sulfamonomethoxine,915000,ng/g dw,2017,autumn,"Liu, X. The Characteristics of Particulate Organic Matters and Their Adsorption of Antibiotics in the Coastal Soils and Sediments in the Yellow River Delta University of Chinese Academy of Sciences (Yantai Institute of Coastal Zone Research), (2018).",120
sediment,Liaoning,Liaoning,Sulfapyridine,0.68,ng/g dw,2012,spring,"Bai, Y., Meng, W., Xu, J., Zhang, Y. & Guo, C. Occurrence, distribution and bioaccumulation of antibiotics in the Liao River Basin in China. Environmental science. Processes & impacts 16 (2016).",N94
sediment,Liaoning,Dalian,Sulfathiazole,90000,ng/g dw,2011,summer,"Na, G. et al. Occurrence, distribution, and bioaccumulation of antibiotics in coastal environment of Dalian, China. Marine Pollution Bulletin 69 (2013).",194
sediment,Liaoning,Bohai Sea and surrounding estuaries,Tetracycline,1680000,ng/g dw,2013,summer,"Liu, X. The Characteristics of Particulate Organic Matters and Their Adsorption of Antibiotics in the Coastal Soils and Sediments in the Yellow River Delta University of Chinese Academy of Sciences (Yantai Institute of Coastal Zone Research), (2018).",120
sediment,Liaoning,Liaohe River,Trimethoprim,35655000,ng/g dw,2015,spring,"Xu, Y. et al. Spatiotemporal profile of tetracycline and sulfonamide and their resistance on a catchment scale. Environmental pollution (Barking, Essex : 1987) 241 (2018).",150
sediment,Qinghai,"Hainan Tibetan Autonomous Prefecture, Qinghai Lake",Anhydrochlortetracycline,480000,ng/g dw,2018,NA,"Li, S. et al. Enrichment of antibiotics in an inland lake water. Environ Res 190, 110029, doi:10.1016/j.envres.2020.110029 (2020).",59
sediment,Qinghai,"Xining, Huangshui River",Azithromycin,450000,ng/g dw,2018,summer,"Kuang, Y. et al. Occurrence and risks of antibiotics in an urban river in northeastern Tibetan Plateau. Sci Rep 10, 20054, doi:10.1038/s41598-020-77152-5 (2020).",54
sediment,Qinghai,"Xining, Huangshui River",Clarithromycin,440000,ng/g dw,2018,summer,"Kuang, Y. et al. Occurrence and risks of antibiotics in an urban river in northeastern Tibetan Plateau. Sci Rep 10, 20054, doi:10.1038/s41598-020-77152-5 (2020).",54
sediment,Qinghai,"Xining, Huangshui River",Clindamycin,625000,ng/g dw,2018,summer,"Kuang, Y. et al. Occurrence and risks of antibiotics in an urban river in northeastern Tibetan Plateau. Sci Rep 10, 20054, doi:10.1038/s41598-020-77152-5 (2020).",54
sediment,Qinghai,"Xining, Huangshui River",Dehydroerythromycin,877500,ng/g dw,2018,summer,"Kuang, Y. et al. Occurrence and risks of antibiotics in an urban river in northeastern Tibetan Plateau. Sci Rep 10, 20054, doi:10.1038/s41598-020-77152-5 (2020).",54
sediment,Shaanxi,"Shaanxi, Xian",Cefazolin,43,ng/g dw,2017,spring,"Jia, J. et al. Occurrence and distribution of antibiotics and antibiotic resistance genes in Ba River, China. Science of the Total Environment 642 (2029).",N209
sediment,Shaanxi,"Xian, Ba River",Chloramphenicol,2790000,ng/g dw,2017,spring,"Jia, J. et al. Occurrence and distribution of antibiotics and antibiotic resistance genes in Ba River, China. Science of the Total Environment 642 (2018).",136
sediment,Shaanxi,Hanjiang River,Chlortetracycline,4.23,ng/g dw,2014,autumn,"Hu, Y., Yan, X., Shen, Y., Di, M. & Wang, J. Antibiotics in surface water and sediments from Hanjiang River, Central China: Occurrence, behavior and risk assessment. Ecotoxicology and Environmental Safety 157 (2018).",128
sediment,Shaanxi,Hanjiang River,Ciprofloxacin,980000,ng/g dw,2014,autumn,"Hu, Y., Yan, X., Shen, Y., Di, M. & Wang, J. Antibiotics in surface water and sediments from Hanjiang River, Central China: Occurrence, behavior and risk assessment. Ecotoxicology and Environmental Safety 157 (2018).",128
sediment,Shaanxi,Hanjiang River,Doxycycline,1300001.75,ng/g dw,2014,autumn,"Hu, Y., Yan, X., Shen, Y., Di, M. & Wang, J. Antibiotics in surface water and sediments from Hanjiang River, Central China: Occurrence, behavior and risk assessment. Ecotoxicology and Environmental Safety 157 (2018).",128
sediment,Shaanxi,Hanjiang River,Enrofloxacin,600000.65,ng/g dw,2014,autumn,"Hu, Y., Yan, X., Shen, Y., Di, M. & Wang, J. Antibiotics in surface water and sediments from Hanjiang River, Central China: Occurrence, behavior and risk assessment. Ecotoxicology and Environmental Safety 157 (2018).",128
sediment,Shaanxi,"Xian, Ba River",Erythromycin-H2O,50.9,ng/g dw,2017,spring,"Jia, J. et al. Occurrence and distribution of antibiotics and antibiotic resistance genes in Ba River, China. Science of the Total Environment 642 (2018).",136
sediment,Shaanxi,Weihe River,Mecillinam,850000.85,ng/g dw,NA,NA,"Li, Y. et al. Distribution Characteristics and Ecological Risk Assessment of Tetracyclines Pollution in the Weihe River, China. International Journal of Environmental Research and Public Health 15 (2018).",143
sediment,Shaanxi,Hanjiang River,Norfloxacin,1700000,ng/g dw,2014,autumn,"Hu, Y., Yan, X., Shen, Y., Di, M. & Wang, J. Antibiotics in surface water and sediments from Hanjiang River, Central China: Occurrence, behavior and risk assessment. Ecotoxicology and Environmental Safety 157 (2018).",128
sediment,Shaanxi,Hanjiang River,Ofloxacin,600000.95,ng/g dw,2014,autumn,"Hu, Y., Yan, X., Shen, Y., Di, M. & Wang, J. Antibiotics in surface water and sediments from Hanjiang River, Central China: Occurrence, behavior and risk assessment. Ecotoxicology and Environmental Safety 157 (2018).",128
sediment,Shaanxi,Hanjiang River,Oxytetracycline,970000,ng/g dw,2014,autumn,"Hu, Y., Yan, X., Shen, Y., Di, M. & Wang, J. Antibiotics in surface water and sediments from Hanjiang River, Central China: Occurrence, behavior and risk assessment. Ecotoxicology and Environmental Safety 157 (2018).",128
sediment,Shaanxi,"Xian, Ba River",Roxithromycin,2820000,ng/g dw,2017,spring,"Jia, J. et al. Occurrence and distribution of antibiotics and antibiotic resistance genes in Ba River, China. Science of the Total Environment 642 (2018).",136
sediment,Shaanxi,Hanjiang River,Sulfadiazine,340000,ng/g dw,2014,autumn,"Hu, Y., Yan, X., Shen, Y., Di, M. & Wang, J. Antibiotics in surface water and sediments from Hanjiang River, Central China: Occurrence, behavior and risk assessment. Ecotoxicology and Environmental Safety 157 (2018).",128
sediment,Shaanxi,Hanjiang River,Sulfadimidine,180000,ng/g dw,2014,autumn,"Hu, Y., Yan, X., Shen, Y., Di, M. & Wang, J. Antibiotics in surface water and sediments from Hanjiang River, Central China: Occurrence, behavior and risk assessment. Ecotoxicology and Environmental Safety 157 (2018).",128
sediment,Shaanxi,Hanjiang River,Sulfameter,1150001.35,ng/g dw,2014,autumn,"Hu, Y., Yan, X., Shen, Y., Di, M. & Wang, J. Antibiotics in surface water and sediments from Hanjiang River, Central China: Occurrence, behavior and risk assessment. Ecotoxicology and Environmental Safety 157 (2018).",128
sediment,Shaanxi,Hanjiang River,Sulfamethoxazole,90000.16500000001,ng/g dw,2014,autumn,"Hu, Y., Yan, X., Shen, Y., Di, M. & Wang, J. Antibiotics in surface water and sediments from Hanjiang River, Central China: Occurrence, behavior and risk assessment. Ecotoxicology and Environmental Safety 157 (2018).",128
sediment,Shaanxi,Hanjiang River,Tetracycline,1200000,ng/g dw,2014,autumn,"Hu, Y., Yan, X., Shen, Y., Di, M. & Wang, J. Antibiotics in surface water and sediments from Hanjiang River, Central China: Occurrence, behavior and risk assessment. Ecotoxicology and Environmental Safety 157 (2018).",128
sediment,Shaanxi,Hanjiang River,Trimethoprim,1240000,ng/g dw,2014,autumn,"Hu, Y., Yan, X., Shen, Y., Di, M. & Wang, J. Antibiotics in surface water and sediments from Hanjiang River, Central China: Occurrence, behavior and risk assessment. Ecotoxicology and Environmental Safety 157 (2018).",128
sediment,Shandong,Shandong,Chloramphenicol,2868382.9787234003,ng/g dw,2015,summer,"Hanna, N. et al. Presence of antibiotic residues in various environmental compartments of Shandong province in eastern China: Its potential for resistance development and ecological and human risk. Environ Int 114, 131-142, doi:10.1016/j.envint.2018.02.003 (2018).",125
sediment,Shandong,Bohai Sea and surrounding estuaries,Chlortetracycline,289000,ng/g dw,2013,summer,"Liu, X. The Characteristics of Particulate Organic Matters and Their Adsorption of Antibiotics in the Coastal Soils and Sediments in the Yellow River Delta University of Chinese Academy of Sciences (Yantai Institute of Coastal Zone Research), (2018).",120
sediment,Shandong,Jiaozhou Bay,Ciprofloxacin,1400000,ng/g dw,2015,autumn,"Liu, K. et al. Investigation on the typical quinolone antibiotics in the surface sediments of Jiaozhou bay,China. Marine Environmental Science 36, 655-661 (2017).",102
sediment,Shandong,"Yantai, Haiyang",Clarithromycin,430000,ng/g dw,2018,autumn,"Han, Q. F. et al. Distribution, combined pollution and risk assessment of antibiotics in typical marine aquaculture farms surrounding the Yellow Sea, North China. Environment International 138 (2020).",52
sediment,Shandong,Bohai Sea and surrounding estuaries,Doxycycline,630000,ng/g dw,2013,summer,"Liu, X. The Characteristics of Particulate Organic Matters and Their Adsorption of Antibiotics in the Coastal Soils and Sediments in the Yellow River Delta University of Chinese Academy of Sciences (Yantai Institute of Coastal Zone Research), (2018).",120
sediment,Shandong,Yellow Sea & Bohai Sea,Enoxacin,2300000000,ng/g dw,NA,NA,"Lang, H. et al. Impact of coastal environmental factors on quinolone distribution in intertidal surface sediments of the Bohai Sea and Yellow Sea, China. Water Sci. Technol. Water Supply 19, 482-491, doi:10.2166/ws.2018.093 (2019).",130
sediment,Shandong,Jiaozhou Bay,Enrofloxacin,1000000,ng/g dw,2015,autumn,"Liu, K. et al. Investigation on the typical quinolone antibiotics in the surface sediments of Jiaozhou bay,China. Marine Environmental Science 36, 655-661 (2017).",102
sediment,Shandong,"Jining, Weishan County, Nansi Lake",Erythromycin-H2O,2110000,ng/g dw,2017,winter,"Zhang, G., Liu, X., Lu, S., Zhang, J. & Wang, W. Occurrence of typical antibiotics in Nansi Lake's inflowing rivers and antibiotic source contribution to Nansi Lake based on principal component analysis-multiple linear regression model. Chemosphere 242, 125269, doi:10.1016/j.chemosphere.2019.125269 (2020).",75
sediment,Shandong,Jiaozhou Bay,Flumequine,40000,ng/g dw,2015,autumn,"Liu, K. et al. Investigation on the typical quinolone antibiotics in the surface sediments of Jiaozhou bay,China. Marine Environmental Science 36, 655-661 (2017).",102
sediment,Shandong,Shandong,Levofloxacin,13699042.5531915,ng/g dw,2015,summer,"Hanna, N. et al. Presence of antibiotic residues in various environmental compartments of Shandong province in eastern China: Its potential for resistance development and ecological and human risk. Environ Int 114, 131-142, doi:10.1016/j.envint.2018.02.003 (2018).",125
sediment,Shandong,Jiaozhou Bay,Lomefloxacin,140000,ng/g dw,2015,autumn,"Liu, K. et al. Investigation on the typical quinolone antibiotics in the surface sediments of Jiaozhou bay,China. Marine Environmental Science 36, 655-661 (2017).",102
sediment,Shandong,Yellow Sea & Bohai Sea,Moxifloxacin,1800000000,ng/g dw,NA,NA,"Lang, H. et al. Impact of coastal environmental factors on quinolone distribution in intertidal surface sediments of the Bohai Sea and Yellow Sea, China. Water Sci. Technol. Water Supply 19, 482-491, doi:10.2166/ws.2018.093 (2019).",130
sediment,Shandong,Yellow Sea & Bohai Sea,Nalidixic Acid,1400000000,ng/g dw,NA,NA,"Lang, H. et al. Impact of coastal environmental factors on quinolone distribution in intertidal surface sediments of the Bohai Sea and Yellow Sea, China. Water Sci. Technol. Water Supply 19, 482-491, doi:10.2166/ws.2018.093 (2019).",130
sediment,Shandong,Bohai Sea and surrounding estuaries,Norfloxacin,1079000,ng/g dw,2013,summer,"Liu, X. The Characteristics of Particulate Organic Matters and Their Adsorption of Antibiotics in the Coastal Soils and Sediments in the Yellow River Delta University of Chinese Academy of Sciences (Yantai Institute of Coastal Zone Research), (2018).",120
sediment,Shandong,Jiaozhou Bay,Ofloxacin,759500,ng/g dw,2015,autumn,"Liu, K. et al. Investigation on the typical quinolone antibiotics in the surface sediments of Jiaozhou bay,China. Marine Environmental Science 36, 655-661 (2017).",102
sediment,Shandong,Shandong,Oxolinic Acid,0.16499999999999998,ng/g dw,NA,NA,"Lang, H. et al. Impact of coastal environmental factors on quinolone distribution in intertidal surface sediments of the Bohai Sea and Yellow Sea, China. Water Sci. Technol. Water Supply 19, 482-491, doi:10.2166/ws.2018.093 (2022).",N213
sediment,Shandong,Bohai Sea and surrounding estuaries,Oxytetracycline,3310000,ng/g dw,2013,summer,"Liu, X. The Characteristics of Particulate Organic Matters and Their Adsorption of Antibiotics in the Coastal Soils and Sediments in the Yellow River Delta University of Chinese Academy of Sciences (Yantai Institute of Coastal Zone Research), (2018).",120
sediment,Shandong,Jiaozhou Bay,Pipemidic Acid,2640000,ng/g dw,2015,autumn,"Liu, K. et al. Investigation on the typical quinolone antibiotics in the surface sediments of Jiaozhou bay,China. Marine Environmental Science 36, 655-661 (2017).",102
sediment,Shandong,Bohai Sea and surrounding estuaries,Roxithromycin,1110000,ng/g dw,2013,summer,"Liu, X. The Characteristics of Particulate Organic Matters and Their Adsorption of Antibiotics in the Coastal Soils and Sediments in the Yellow River Delta University of Chinese Academy of Sciences (Yantai Institute of Coastal Zone Research), (2018).",120
sediment,Shandong,"Jining, Weishan County, Nansi Lake",Roxithromycin-H2O,1280000,ng/g dw,2017,winter,"Zhang, G., Liu, X., Lu, S., Zhang, J. & Wang, W. Occurrence of typical antibiotics in Nansi Lake's inflowing rivers and antibiotic source contribution to Nansi Lake based on principal component analysis-multiple linear regression model. Chemosphere 242, 125269, doi:10.1016/j.chemosphere.2019.125269 (2020).",75
sediment,Shandong,Jiaozhou Bay,Sarafloxacin,260000,ng/g dw,2015,autumn,"Liu, K. et al. Investigation on the typical quinolone antibiotics in the surface sediments of Jiaozhou bay,China. Marine Environmental Science 36, 655-661 (2017).",102
sediment,Shandong,"Qingdao, Shibei district, Jiaozhou Bay",Sulfabenzamide,175000,ng/g dw,2018,winter,"Peng, Q. et al. Pharmaceutically active compounds (PhACs) in surface sediments of the Jiaozhou Bay, north China. Environmental Pollution 266, doi:10.1016/j.envpol.2020.115245 (2020).",65
sediment,Shandong,"Yantai, Penglai district",Sulfadiazine,440000,ng/g dw,2015,autumn,"Gao, Q. et al. Diverse and abundant antibiotic resistance genes from mariculture sites of China's coastline. Science of the Total Environment 630 (2018).",124
sediment,Shandong,Bohai Sea and surrounding estuaries,Sulfadimethoxine,300000,ng/g dw,2017,autumn,"Liu, X. The Characteristics of Particulate Organic Matters and Their Adsorption of Antibiotics in the Coastal Soils and Sediments in the Yellow River Delta University of Chinese Academy of Sciences (Yantai Institute of Coastal Zone Research), (2018).",120
sediment,Shandong,Qingdao,Sulfadimidine,260000,ng/g dw,2013,spring,"Chen, C. Q., Zheng, L., Zhou, J. L. & Zhao, H. Persistence and risk of antibiotic residues and antibiotic resistance genes in major mariculture sites in Southeast China. Science of the Total Environment 580 (2017).",164
sediment,Shandong,Qingdao,Sulfamerazine,190000,ng/g dw,2013,spring,"Chen, C. Q., Zheng, L., Zhou, J. L. & Zhao, H. Persistence and risk of antibiotic residues and antibiotic resistance genes in major mariculture sites in Southeast China. Science of the Total Environment 580 (2017).",164
sediment,Shandong,Bohai Sea and surrounding estuaries,Sulfamethoxazole,223500,ng/g dw,2017,autumn,"Liu, X. The Characteristics of Particulate Organic Matters and Their Adsorption of Antibiotics in the Coastal Soils and Sediments in the Yellow River Delta University of Chinese Academy of Sciences (Yantai Institute of Coastal Zone Research), (2018).",120
sediment,Shandong,Bohai Sea and surrounding estuaries,Sulfamonomethoxine,200000,ng/g dw,2017,autumn,"Liu, X. The Characteristics of Particulate Organic Matters and Their Adsorption of Antibiotics in the Coastal Soils and Sediments in the Yellow River Delta University of Chinese Academy of Sciences (Yantai Institute of Coastal Zone Research), (2018).",120
sediment,Shandong,"Qingdao, Shibei district, Jiaozhou Bay",Sulfaphenazole,70000,ng/g dw,2018,winter,"Peng, Q. et al. Pharmaceutically active compounds (PhACs) in surface sediments of the Jiaozhou Bay, north China. Environmental Pollution 266, doi:10.1016/j.envpol.2020.115245 (2020).",65
sediment,Shandong,Shandong,Sulfapyridine,67500,ng/g dw,2015,summer,"Hanna, N. et al. Presence of antibiotic residues in various environmental compartments of Shandong province in eastern China: Its potential for resistance development and ecological and human risk. Environ Int 114, 131-142, doi:10.1016/j.envint.2018.02.003 (2018).",125
sediment,Shandong,Qingdao,Sulfaquinoxaline,30000,ng/g dw,2013,spring,"Chen, C. Q., Zheng, L., Zhou, J. L. & Zhao, H. Persistence and risk of antibiotic residues and antibiotic resistance genes in major mariculture sites in Southeast China. Science of the Total Environment 580 (2017).",164
sediment,Shandong,Qingdao,Sulfathiazole,30000,ng/g dw,2013,spring,"Chen, C. Q., Zheng, L., Zhou, J. L. & Zhao, H. Persistence and risk of antibiotic residues and antibiotic resistance genes in major mariculture sites in Southeast China. Science of the Total Environment 580 (2017).",164
sediment,Shandong,Bohai Sea and surrounding estuaries,Tetracycline,3430000,ng/g dw,2013,summer,"Liu, X. The Characteristics of Particulate Organic Matters and Their Adsorption of Antibiotics in the Coastal Soils and Sediments in the Yellow River Delta University of Chinese Academy of Sciences (Yantai Institute of Coastal Zone Research), (2018).",120
sediment,Shandong,"Yantai, Haiyang",Trimethoprim,128000,ng/g dw,2018,summer,"Han, Q. F. et al. Distribution, combined pollution and risk assessment of antibiotics in typical marine aquaculture farms surrounding the Yellow Sea, North China. Environment International 138 (2020).",52
sediment,Shanghai,Shanghai,Amoxicillin,230000,ng/g dw,2017,NA,"Zhang, Y. et al. DOM as an indicator of occurrence and risks of antibiotics in a city-river-reservoir system with multiple pollution sources. Sci Total Environ 686, 276-289, doi:10.1016/j.scitotenv.2019.05.439 (2019).",45
sediment,Shanghai,Shanghai,Cephalexin,3700000,ng/g dw,2017,NA,"Zhang, Y. et al. DOM as an indicator of occurrence and risks of antibiotics in a city-river-reservoir system with multiple pollution sources. Sci Total Environ 686, 276-289, doi:10.1016/j.scitotenv.2019.05.439 (2019).",45
sediment,Shanghai,Shanghai,Chloramphenicol,150000,ng/g dw,NA,NA,"Ji, X. et al. Antibiotic resistance gene abundances associated with antibiotics and heavy metals in animal manures and agricultural soils adjacent to feedlots in Shanghai; China. Journal of Hazardous Materials 235-236 (2012).",166
sediment,Shanghai,"Shanghai, Baoshan district, Wusong Entrance",Chlortetracycline,280018,ng/g dw,2015,winter,"Chen, C. Distribution of antibiotics in coastal sediments of Southeast China, East China Normal University, (2017).",116
sediment,Shanghai,the Yangtze Estuary,Ciprofloxacin,6710000,ng/g dw,2011,summer,"Shi, H. et al. Occurrence and distribution of antibiotics in the surface sediments of the Yangtze Estuary and nearby coastal areas. Mar Pollut Bull 83, 317-323, doi:10.1016/j.marpolbul.2014.04.034 (2014).",211
sediment,Shanghai,"Shanghai, Baoshan district, Wusong Entrance",Doxycycline,3535000,ng/g dw,2015,winter,"Chen, C. Distribution of antibiotics in coastal sediments of Southeast China, East China Normal University, (2017).",116
sediment,Shanghai,the Huangpu River,Enrofloxacin,3200000,ng/g dw,2012,summer,"Chen, K. & Zhou, J. L. Occurrence and behavior of antibiotics in water and sediments from the Huangpu River, Shanghai, China. Chemosphere 95 (2014).",204
sediment,Shanghai,the Huangpu River,Erythromycin,6263250,ng/g dw,2012,summer,"Chen, K. & Zhou, J. L. Occurrence and behavior of antibiotics in water and sediments from the Huangpu River, Shanghai, China. Chemosphere 95 (2014).",204
sediment,Shanghai,Shanghai,Erythromycin-H2O,4990000,ng/g dw,2017,NA,"Zhang, Y. et al. DOM as an indicator of occurrence and risks of antibiotics in a city-river-reservoir system with multiple pollution sources. Sci Total Environ 686, 276-289, doi:10.1016/j.scitotenv.2019.05.439 (2019).",45
sediment,Shanghai,the Huangpu River,Florfenicol,250000,ng/g dw,2012,summer,"Chen, K. & Zhou, J. L. Occurrence and behavior of antibiotics in water and sediments from the Huangpu River, Shanghai, China. Chemosphere 95 (2014).",204
sediment,Shanghai,Shanghai,Lincomycin,1980000,ng/g dw,2017,NA,"Zhang, Y. et al. DOM as an indicator of occurrence and risks of antibiotics in a city-river-reservoir system with multiple pollution sources. Sci Total Environ 686, 276-289, doi:10.1016/j.scitotenv.2019.05.439 (2019).",45
sediment,Shanghai,the Yangtze Estuary,Norfloxacin,11542750,ng/g dw,2011,summer,"Shi, H. et al. Occurrence and distribution of antibiotics in the surface sediments of the Yangtze Estuary and nearby coastal areas. Mar Pollut Bull 83, 317-323, doi:10.1016/j.marpolbul.2014.04.034 (2014).",211
sediment,Shanghai,the Huangpu River,Ofloxacin,27737500,ng/g dw,2012,summer,"Chen, K. & Zhou, J. L. Occurrence and behavior of antibiotics in water and sediments from the Huangpu River, Shanghai, China. Chemosphere 95 (2014).",204
sediment,Shanghai,Shanghai,Olaquindox,0.63,ng/g dw,2018,winter,"Li, Z. et al. Optimization of Antibiotic Detection Methods and Residual Characteristics in Aquaculture Water and Sediment. Asian Journal of Ecotoxicology 15, 209-219, doi:10.7524/aje.1673-5897.20190725003 (2049).",N259
sediment,Shanghai,"Shanghai, Baoshan district, Wusong Entrance",Oxytetracycline,6305000,ng/g dw,2015,winter,"Chen, C. Distribution of antibiotics in coastal sediments of Southeast China, East China Normal University, (2017).",116
sediment,Shanghai,Shanghai,Penicillin V,5210000,ng/g dw,2017,NA,"Zhang, Y. et al. DOM as an indicator of occurrence and risks of antibiotics in a city-river-reservoir system with multiple pollution sources. Sci Total Environ 686, 276-289, doi:10.1016/j.scitotenv.2019.05.439 (2019).",45
sediment,Shanghai,the Huangpu River,Roxithromycin,1130000,ng/g dw,2012,summer,"Chen, K. & Zhou, J. L. Occurrence and behavior of antibiotics in water and sediments from the Huangpu River, Shanghai, China. Chemosphere 95 (2014).",204
sediment,Shanghai,"Shanghai, Baoshan district, Wusong Entrance",Sulfadiazine,234500,ng/g dw,2015,winter,"Chen, C. Distribution of antibiotics in coastal sediments of Southeast China, East China Normal University, (2017).",116
sediment,Shanghai,"Shanghai, Qingpu district, Jinze Town, Dianshan Lake",Sulfadimethoxine,600000,ng/g dw,2017,autumn,"Cao, S. Multi-media distribution characteristics and risk assessment of typical PPCPs in the water environment of the Dianshan Lake in Shanghai Shanghai Normal University, (2019).",25
sediment,Shanghai,"Shanghai, Baoshan district, Wusong Entrance",Sulfadimidine,435000,ng/g dw,2015,winter,"Chen, C. Distribution of antibiotics in coastal sediments of Southeast China, East China Normal University, (2017).",116
sediment,Shanghai,"Shanghai, Baoshan district, Wusong Entrance",Sulfamerazine,15000,ng/g dw,2015,winter,"Chen, C. Distribution of antibiotics in coastal sediments of Southeast China, East China Normal University, (2017).",116
sediment,Shanghai,"Shanghai, Baoshan district, Wusong Entrance",Sulfamethoxazole,300000,ng/g dw,2015,winter,"Chen, C. Distribution of antibiotics in coastal sediments of Southeast China, East China Normal University, (2017).",116
sediment,Shanghai,Shanghai,Sulfamonomethoxine,1490000,ng/g dw,2017,NA,"Zhang, Y. et al. DOM as an indicator of occurrence and risks of antibiotics in a city-river-reservoir system with multiple pollution sources. Sci Total Environ 686, 276-289, doi:10.1016/j.scitotenv.2019.05.439 (2019).",45
sediment,Shanghai,"Shanghai, Baoshan district, Wusong Entrance",Sulfapyridine,1700000,ng/g dw,2015,winter,"Chen, C. Distribution of antibiotics in coastal sediments of Southeast China, East China Normal University, (2017).",116
sediment,Shanghai,"Shanghai, Baoshan district, Wusong Entrance",Sulfaquinoxaline,335500,ng/g dw,2015,winter,"Chen, C. Distribution of antibiotics in coastal sediments of Southeast China, East China Normal University, (2017).",116
sediment,Shanghai,"Shanghai, Baoshan district, Wusong Entrance",Sulfathiazole,65000,ng/g dw,2015,winter,"Chen, C. Distribution of antibiotics in coastal sediments of Southeast China, East China Normal University, (2017).",116
sediment,Shanghai,"Shanghai, Baoshan district, Wusong Entrance",Tetracycline,3075000,ng/g dw,2015,winter,"Chen, C. Distribution of antibiotics in coastal sediments of Southeast China, East China Normal University, (2017).",116
sediment,Shanghai,Shanghai,Thiamphenicol,0.4,ng/g dw,2012,summer,"Chen, K. & Zhou, J. L. Occurrence and behavior of antibiotics in water and sediments from the Huangpu River, Shanghai, China. Chemosphere 95 (2026).",N109
sediment,Shanghai,East China Sea coast in Shanghai,Trimethoprim,692000,ng/g dw,2018,NA,"Li, J. Y., Wen, J., Chen, Y., Wang, Q. & Yin, J. Antibiotics in cultured freshwater products in Eastern China: Occurrence, human health risks, sources, and bioaccumulation potential. Chemosphere 264, 128441, doi:10.1016/j.chemosphere.2020.128441 (2020).",58
sediment,Shanghai,Shanghai,Tylosin,620000,ng/g dw,2017,NA,"Zhang, Y. et al. DOM as an indicator of occurrence and risks of antibiotics in a city-river-reservoir system with multiple pollution sources. Sci Total Environ 686, 276-289, doi:10.1016/j.scitotenv.2019.05.439 (2019).",45
sediment,Shanghai,Shanghai,Vancomycin,440000,ng/g dw,2017,NA,"Zhang, Y. et al. DOM as an indicator of occurrence and risks of antibiotics in a city-river-reservoir system with multiple pollution sources. Sci Total Environ 686, 276-289, doi:10.1016/j.scitotenv.2019.05.439 (2019).",45
sediment,Tianjin,Dagu Drainage River,Acetylspiramycin,232263157.894737,ng/g dw,2008,NA,"Hu, X., He, K. & Zhou, Q. Occurrence, accumulation, attenuation and priority of typical antibiotics in sediments based on long-term field and modeling studies. Journal of Hazardous Materials 225-226 (2012).",167
sediment,Tianjin,Bohai Sea and surrounding estuaries,Chlortetracycline,420000,ng/g dw,2013,summer,"Liu, X. The Characteristics of Particulate Organic Matters and Their Adsorption of Antibiotics in the Coastal Soils and Sediments in the Yellow River Delta University of Chinese Academy of Sciences (Yantai Institute of Coastal Zone Research), (2018).",120
sediment,Tianjin,Bohai Sea and surrounding estuaries,Ciprofloxacin,74480000,ng/g dw,2013,summer,"Liu, X. The Characteristics of Particulate Organic Matters and Their Adsorption of Antibiotics in the Coastal Soils and Sediments in the Yellow River Delta University of Chinese Academy of Sciences (Yantai Institute of Coastal Zone Research), (2018).",120
sediment,Tianjin,the mainstream of the Haihe River,Difloxacin,3900000,ng/g dw,2010,autumn,"Gao, L., Shi, Y., Li, W., Liu, J. & Cai, Y. Occurrence, distribution and bioaccumulation of antibiotics in the Haihe River in China. Journal of environmental monitoring : JEM 14 (2012).",183
sediment,Tianjin,Bohai Sea and surrounding estuaries,Doxycycline,9340000,ng/g dw,2013,summer,"Liu, X. The Characteristics of Particulate Organic Matters and Their Adsorption of Antibiotics in the Coastal Soils and Sediments in the Yellow River Delta University of Chinese Academy of Sciences (Yantai Institute of Coastal Zone Research), (2018).",120
sediment,Tianjin,Bohai Sea and surrounding estuaries,Enrofloxacin,19850000,ng/g dw,2013,summer,"Liu, X. The Characteristics of Particulate Organic Matters and Their Adsorption of Antibiotics in the Coastal Soils and Sediments in the Yellow River Delta University of Chinese Academy of Sciences (Yantai Institute of Coastal Zone Research), (2018).",120
sediment,Tianjin,the coastal area of the Bohai Bay,Erythromycin,1500000,ng/g dw,2015,summer,"Niu, Z.-G., Zhang, K. & Zhang, Y. Occurrence and distribution of antibiotic resistance genes in the coastal area of the Bohai Bay, China. Marine pollution bulletin 107 (2016).",162
sediment,Tianjin,Bohai Bay,Erythromycin-H2O,19140000,ng/g dw,2009,summer,"Cheng, D. et al. Occurrence and Partitioning of Antibiotics in the Water Column and Bottom Sediments from the Intertidal Zone in the Bohai Bay, China. Wetlands 36 (2016).",134
sediment,Tianjin,the mainstream of the Haihe River,Fleroxacin,5300000,ng/g dw,2008,winter,"Gao, L., Shi, Y., Li, W., Liu, J. & Cai, Y. Occurrence, distribution and bioaccumulation of antibiotics in the Haihe River in China. Journal of environmental monitoring : JEM 14 (2012).",183
sediment,Tianjin,Tianjin,Gentamicin,126.421053,ng/g dw,2008,NA,"Hu, X., He, K. & Zhou, Q. Occurrence, accumulation, attenuation and priority of typical antibiotics in sediments based on long-term field and modeling studies. Journal of Hazardous Materials 225-226 (2020).",N183
sediment,Tianjin,the mainstream of the Haihe River,Josamycin,75000,ng/g dw,2010,autumn,"Gao, L., Shi, Y., Li, W., Liu, J. & Cai, Y. Occurrence, distribution and bioaccumulation of antibiotics in the Haihe River in China. Journal of environmental monitoring : JEM 14 (2012).",183
sediment,Tianjin,the mainstream of the Haihe River,Lomefloxacin,82300000,ng/g dw,2008,winter,"Gao, L., Shi, Y., Li, W., Liu, J. & Cai, Y. Occurrence, distribution and bioaccumulation of antibiotics in the Haihe River in China. Journal of environmental monitoring : JEM 14 (2012).",183
sediment,Tianjin,Dagu Drainage River,Minocycline,194789473.68421105,ng/g dw,2008,NA,"Hu, X., He, K. & Zhou, Q. Occurrence, accumulation, attenuation and priority of typical antibiotics in sediments based on long-term field and modeling studies. Journal of Hazardous Materials 225-226 (2012).",167
sediment,Tianjin,Bohai Sea and surrounding estuaries,Norfloxacin,273500000,ng/g dw,2013,summer,"Liu, X. The Characteristics of Particulate Organic Matters and Their Adsorption of Antibiotics in the Coastal Soils and Sediments in the Yellow River Delta University of Chinese Academy of Sciences (Yantai Institute of Coastal Zone Research), (2018).",120
sediment,Tianjin,Bohai Sea and surrounding estuaries,Ofloxacin,90800000,ng/g dw,2013,summer,"Liu, X. The Characteristics of Particulate Organic Matters and Their Adsorption of Antibiotics in the Coastal Soils and Sediments in the Yellow River Delta University of Chinese Academy of Sciences (Yantai Institute of Coastal Zone Research), (2018).",120
sediment,Tianjin,Bohai Sea and surrounding estuaries,Oxytetracycline,48226973.68421055,ng/g dw,2013,summer,"Liu, X. The Characteristics of Particulate Organic Matters and Their Adsorption of Antibiotics in the Coastal Soils and Sediments in the Yellow River Delta University of Chinese Academy of Sciences (Yantai Institute of Coastal Zone Research), (2018).",120
sediment,Tianjin,Dagu Drainage River,Rifampicin,178631578.94736803,ng/g dw,2008,NA,"Hu, X., He, K. & Zhou, Q. Occurrence, accumulation, attenuation and priority of typical antibiotics in sediments based on long-term field and modeling studies. Journal of Hazardous Materials 225-226 (2012).",167
sediment,Tianjin,Bohai Sea and surrounding estuaries,Roxithromycin,20575000,ng/g dw,2013,summer,"Liu, X. The Characteristics of Particulate Organic Matters and Their Adsorption of Antibiotics in the Coastal Soils and Sediments in the Yellow River Delta University of Chinese Academy of Sciences (Yantai Institute of Coastal Zone Research), (2018).",120
sediment,Tianjin,the mainstream of the Haihe River,Sarafloxacin,7400000,ng/g dw,2010,autumn,"Gao, L., Shi, Y., Li, W., Liu, J. & Cai, Y. Occurrence, distribution and bioaccumulation of antibiotics in the Haihe River in China. Journal of environmental monitoring : JEM 14 (2012).",183
sediment,Tianjin,the mainstream of the Haihe River,Spiramycin,1150000,ng/g dw,2010,autumn,"Gao, L., Shi, Y., Li, W., Liu, J. & Cai, Y. Occurrence, distribution and bioaccumulation of antibiotics in the Haihe River in China. Journal of environmental monitoring : JEM 14 (2012).",183
sediment,Tianjin,Dagu Drainage River,Sulfachloropyridazine,113631578.947368,ng/g dw,2008,NA,"Hu, X., He, K. & Zhou, Q. Occurrence, accumulation, attenuation and priority of typical antibiotics in sediments based on long-term field and modeling studies. Journal of Hazardous Materials 225-226 (2012).",167
sediment,Tianjin,Bohai Bay,Sulfadiazine,2750000,ng/g dw,2009,summer,"Cheng, D. et al. Occurrence and Partitioning of Antibiotics in the Water Column and Bottom Sediments from the Intertidal Zone in the Bohai Bay, China. Wetlands 36 (2016).",134
sediment,Tianjin,Bohai Sea and surrounding estuaries,Sulfadimethoxine,250000,ng/g dw,2017,autumn,"Liu, X. The Characteristics of Particulate Organic Matters and Their Adsorption of Antibiotics in the Coastal Soils and Sediments in the Yellow River Delta University of Chinese Academy of Sciences (Yantai Institute of Coastal Zone Research), (2018).",120
sediment,Tianjin,Bohai Bay,Sulfadimidine,3700000,ng/g dw,2009,summer,"Cheng, D. et al. Occurrence and Partitioning of Antibiotics in the Water Column and Bottom Sediments from the Intertidal Zone in the Bohai Bay, China. Wetlands 36 (2016).",134
sediment,Tianjin,"Tianjin, Dongli district",Sulfafurazole,300000,ng/g dw,2009,winter,"Ruan, Y. et al. Distribution Characteristics of Typical Antibiotics in Surface Water and Sediments from Freshwater Aquaculture Water in Tianjin Suburban Areas,China. Journal of Agro-Environment Science 30, 2586-2593 (2011).",17
sediment,Tianjin,Tianjin,Sulfamerazine,50000,ng/g dw,2013,spring,"Chen, C. Q., Zheng, L., Zhou, J. L. & Zhao, H. Persistence and risk of antibiotic residues and antibiotic resistance genes in major mariculture sites in Southeast China. Science of the Total Environment 580 (2017).",164
sediment,Tianjin,"Tianjin, Xiqing district",Sulfamethizole,10250000,ng/g dw,2009,winter,"Ruan, Y. et al. Distribution Characteristics of Typical Antibiotics in Surface Water and Sediments from Freshwater Aquaculture Water in Tianjin Suburban Areas,China. Journal of Agro-Environment Science 30, 2586-2593 (2011).",17
sediment,Tianjin,Bohai Sea and surrounding estuaries,Sulfamethoxazole,4720000,ng/g dw,2017,autumn,"Liu, X. The Characteristics of Particulate Organic Matters and Their Adsorption of Antibiotics in the Coastal Soils and Sediments in the Yellow River Delta University of Chinese Academy of Sciences (Yantai Institute of Coastal Zone Research), (2018).",120
sediment,Tianjin,"Tianjin, Dongli district",Sulfamethoxypyridazine,1150000,ng/g dw,2009,winter,"Ruan, Y. et al. Distribution Characteristics of Typical Antibiotics in Surface Water and Sediments from Freshwater Aquaculture Water in Tianjin Suburban Areas,China. Journal of Agro-Environment Science 30, 2586-2593 (2011).",17
sediment,Tianjin,Bohai Sea and surrounding estuaries,Sulfamonomethoxine,500000,ng/g dw,2017,autumn,"Liu, X. The Characteristics of Particulate Organic Matters and Their Adsorption of Antibiotics in the Coastal Soils and Sediments in the Yellow River Delta University of Chinese Academy of Sciences (Yantai Institute of Coastal Zone Research), (2018).",120
sediment,Tianjin,Tianjin,Sulfapyridine,4000000,ng/g dw,2013,spring,"Chen, C. Q., Zheng, L., Zhou, J. L. & Zhao, H. Persistence and risk of antibiotic residues and antibiotic resistance genes in major mariculture sites in Southeast China. Science of the Total Environment 580 (2017).",164
sediment,Tianjin,Tianjin,Sulfaquinoxaline,40000,ng/g dw,2013,spring,"Chen, C. Q., Zheng, L., Zhou, J. L. & Zhao, H. Persistence and risk of antibiotic residues and antibiotic resistance genes in major mariculture sites in Southeast China. Science of the Total Environment 580 (2017).",164
sediment,Tianjin,Bohai Bay,Sulfathiazole,515000,ng/g dw,2009,summer,"Cheng, D. et al. Occurrence and Partitioning of Antibiotics in the Water Column and Bottom Sediments from the Intertidal Zone in the Bohai Bay, China. Wetlands 36 (2016).",134
sediment,Tianjin,Bohai Sea and surrounding estuaries,Tetracycline,22172500,ng/g dw,2013,summer,"Liu, X. The Characteristics of Particulate Organic Matters and Their Adsorption of Antibiotics in the Coastal Soils and Sediments in the Yellow River Delta University of Chinese Academy of Sciences (Yantai Institute of Coastal Zone Research), (2018).",120
sediment,Tianjin,Dagu Drainage River,Trimethoprim,116473684.210526,ng/g dw,2008,NA,"Hu, X., He, K. & Zhou, Q. Occurrence, accumulation, attenuation and priority of typical antibiotics in sediments based on long-term field and modeling studies. Journal of Hazardous Materials 225-226 (2012).",167
sediment,Xinjiang,"Bayingol Mongolian Autonomous Prefecture, Bohu County, Bosten Lake",Chlortetracycline,10950000,ng/g dw,2012,summer,"Lei, X., Lu, J., Liu, Z., Tong, Y. & Li, S. Concentration and distribution of antibiotics in water-sediment system of Bosten Lake, Xinjiang. Environ Sci Pollut Res Int 22, 1670-1678, doi:10.1007/s11356-014-2994-5 (2015).",180
sediment,Xinjiang,"Bayingol Mongolian Autonomous Prefecture, Bohu County, Bosten Lake",Ciprofloxacin,117280000,ng/g dw,2012,summer,"Lei, X., Lu, J., Liu, Z., Tong, Y. & Li, S. Concentration and distribution of antibiotics in water-sediment system of Bosten Lake, Xinjiang. Environ Sci Pollut Res Int 22, 1670-1678, doi:10.1007/s11356-014-2994-5 (2015).",180
sediment,Xinjiang,"Bayingol Mongolian Autonomous Prefecture, Bohu County, Bosten Lake",Doxycycline,4980000,ng/g dw,2012,summer,"Lei, X., Lu, J., Liu, Z., Tong, Y. & Li, S. Concentration and distribution of antibiotics in water-sediment system of Bosten Lake, Xinjiang. Environ Sci Pollut Res Int 22, 1670-1678, doi:10.1007/s11356-014-2994-5 (2015).",180
sediment,Xinjiang,"Bayingol Mongolian Autonomous Prefecture, Bohu County, Bosten Lake",Enrofloxacin,11690000,ng/g dw,2012,summer,"Lei, X., Lu, J., Liu, Z., Tong, Y. & Li, S. Concentration and distribution of antibiotics in water-sediment system of Bosten Lake, Xinjiang. Environ Sci Pollut Res Int 22, 1670-1678, doi:10.1007/s11356-014-2994-5 (2015).",180
sediment,Xinjiang,"Bayingol Mongolian Autonomous Prefecture, Bohu County, Bosten Lake",Ofloxacin,56250000,ng/g dw,2012,summer,"Lei, X., Lu, J., Liu, Z., Tong, Y. & Li, S. Concentration and distribution of antibiotics in water-sediment system of Bosten Lake, Xinjiang. Environ Sci Pollut Res Int 22, 1670-1678, doi:10.1007/s11356-014-2994-5 (2015).",180
sediment,Xinjiang,"Bayingol Mongolian Autonomous Prefecture, Bohu County, Bosten Lake",Oxytetracycline,12640000,ng/g dw,2012,summer,"Lei, X., Lu, J., Liu, Z., Tong, Y. & Li, S. Concentration and distribution of antibiotics in water-sediment system of Bosten Lake, Xinjiang. Environ Sci Pollut Res Int 22, 1670-1678, doi:10.1007/s11356-014-2994-5 (2015).",180
sediment,Xinjiang,"Bayingol Mongolian Autonomous Prefecture, Bohu County, Bosten Lake",Sulfacetamide,630000,ng/g dw,2012,summer,"Lei, X., Lu, J., Liu, Z., Tong, Y. & Li, S. Concentration and distribution of antibiotics in water-sediment system of Bosten Lake, Xinjiang. Environ Sci Pollut Res Int 22, 1670-1678, doi:10.1007/s11356-014-2994-5 (2015).",180
sediment,Xinjiang,"Bayingol Mongolian Autonomous Prefecture, Bohu County, Bosten Lake",Sulfadiazine,2230000,ng/g dw,2012,summer,"Lei, X., Lu, J., Liu, Z., Tong, Y. & Li, S. Concentration and distribution of antibiotics in water-sediment system of Bosten Lake, Xinjiang. Environ Sci Pollut Res Int 22, 1670-1678, doi:10.1007/s11356-014-2994-5 (2015).",180
sediment,Xinjiang,"Bayingol Mongolian Autonomous Prefecture, Bohu County, Bosten Lake",Tetracycline,7150000,ng/g dw,2012,summer,"Lei, X., Lu, J., Liu, Z., Tong, Y. & Li, S. Concentration and distribution of antibiotics in water-sediment system of Bosten Lake, Xinjiang. Environ Sci Pollut Res Int 22, 1670-1678, doi:10.1007/s11356-014-2994-5 (2015).",180
sediment,Zhejiang,"the East China Sea: Hangzhou Bay, Xiangshan Bay and Taizhou Bay",4-Epichlortetracycline,70000.07,ng/g dw,2018,spring,"Li, F. et al. Antibiotics in coastal water and sediments of the East China Sea: Distribution, ecological risk assessment and indicators screening. Marine Pollution Bulletin 151 (2020).",57
sediment,Zhejiang,"the East China Sea: Hangzhou Bay, Xiangshan Bay and Taizhou Bay",Azithromycin,610000,ng/g dw,2018,spring,"Li, F. et al. Antibiotics in coastal water and sediments of the East China Sea: Distribution, ecological risk assessment and indicators screening. Marine Pollution Bulletin 151 (2020).",57
sediment,Zhejiang,Tiaoxi River,Chloramphenicol,100000,ng/g dw,NA,NA,"Chen, Y. S. et al. Investigation of 14 selected antibiotics in sediments of the typical cross sections of Tiaoxi River. Huan Jing Ke Xue 32, 667-672 (2011).",14
sediment,Zhejiang,Tiaoxi River,Chlortetracycline,129770.95,ng/g dw,NA,NA,"Chen, Y. S. et al. Investigation of 14 selected antibiotics in sediments of the typical cross sections of Tiaoxi River. Huan Jing Ke Xue 32, 667-672 (2011).",14
sediment,Zhejiang,Zhejiang,Cinoxacin,4.235,ng/g dw,2018,spring,"Li, F. et al. Antibiotics in coastal water and sediments of the East China Sea: Distribution, ecological risk assessment and indicators screening. Marine Pollution Bulletin 151 (2034).",N225
sediment,Zhejiang,"Ningbo, Xiangshan county",Ciprofloxacin,2180000,ng/g dw,2015,autumn,"Gao, Q. et al. Diverse and abundant antibiotic resistance genes from mariculture sites of China's coastline. Science of the Total Environment 630 (2018).",124
sediment,Zhejiang,"the East China Sea: Hangzhou Bay, Xiangshan Bay and Taizhou Bay",Clarithromycin,4990000,ng/g dw,2018,spring,"Li, F. et al. Antibiotics in coastal water and sediments of the East China Sea: Distribution, ecological risk assessment and indicators screening. Marine Pollution Bulletin 151 (2020).",57
sediment,Zhejiang,"the East China Sea: Hangzhou Bay, Xiangshan Bay and Taizhou Bay",Clindamycin,4735004.734999999,ng/g dw,2018,spring,"Li, F. et al. Antibiotics in coastal water and sediments of the East China Sea: Distribution, ecological risk assessment and indicators screening. Marine Pollution Bulletin 151 (2020).",57
sediment,Zhejiang,"the East China Sea: Hangzhou Bay, Xiangshan Bay and Taizhou Bay",Demeclocycline,107500.1075,ng/g dw,2018,spring,"Li, F. et al. Antibiotics in coastal water and sediments of the East China Sea: Distribution, ecological risk assessment and indicators screening. Marine Pollution Bulletin 151 (2020).",57
sediment,Zhejiang,Tiaoxi River,Doxycycline,10320000,ng/g dw,NA,NA,"Chen, Y. S. et al. Investigation of 14 selected antibiotics in sediments of the typical cross sections of Tiaoxi River. Huan Jing Ke Xue 32, 667-672 (2011).",14
sediment,Zhejiang,Hangzhou,Enrofloxacin,1220000,ng/g dw,2009,summer,"Yuan, K., Wu, J. & Zhu, C. Analysis of microbial antibiotic resistance genes in sediment of aquaculture pond. Huanjing Kexue Xuebao 37, 3649-3655, doi:10.13671/j.hjkxxb.2017.0158 (2017).",110
sediment,Zhejiang,Huzhou,Erythromycin,44500,ng/g dw,2018,NA,"Li, J. Y., Wen, J., Chen, Y., Wang, Q. & Yin, J. Antibiotics in cultured freshwater products in Eastern China: Occurrence, human health risks, sources, and bioaccumulation potential. Chemosphere 264, 128441, doi:10.1016/j.chemosphere.2020.128441 (2020).",58
sediment,Zhejiang,Tiaoxi River,Erythromycin-H2O,11355000,ng/g dw,NA,NA,"Chen, Y. S. et al. Investigation of 14 selected antibiotics in sediments of the typical cross sections of Tiaoxi River. Huan Jing Ke Xue 32, 667-672 (2011).",14
sediment,Zhejiang,Hangzhou,Florfenicol,540000,ng/g dw,2009,summer,"Yuan, K., Wu, J. & Zhu, C. Analysis of microbial antibiotic resistance genes in sediment of aquaculture pond. Huanjing Kexue Xuebao 37, 3649-3655, doi:10.13671/j.hjkxxb.2017.0158 (2017).",110
sediment,Zhejiang,"the East China Sea: Hangzhou Bay, Xiangshan Bay and Taizhou Bay",Flumequine,4054999.999999999,ng/g dw,2018,spring,"Li, F. et al. Antibiotics in coastal water and sediments of the East China Sea: Distribution, ecological risk assessment and indicators screening. Marine Pollution Bulletin 151 (2020).",57
sediment,Zhejiang,"the East China Sea: Hangzhou Bay, Xiangshan Bay and Taizhou Bay",Lincomycin,460000.45999999996,ng/g dw,2018,spring,"Li, F. et al. Antibiotics in coastal water and sediments of the East China Sea: Distribution, ecological risk assessment and indicators screening. Marine Pollution Bulletin 151 (2020).",57
sediment,Zhejiang,"the East China Sea: Hangzhou Bay, Xiangshan Bay and Taizhou Bay",Marbofloxacin,2685000,ng/g dw,2018,spring,"Li, F. et al. Antibiotics in coastal water and sediments of the East China Sea: Distribution, ecological risk assessment and indicators screening. Marine Pollution Bulletin 151 (2020).",57
sediment,Zhejiang,"the East China Sea: Hangzhou Bay, Xiangshan Bay and Taizhou Bay",Methacycline,220000.22,ng/g dw,2018,spring,"Li, F. et al. Antibiotics in coastal water and sediments of the East China Sea: Distribution, ecological risk assessment and indicators screening. Marine Pollution Bulletin 151 (2020).",57
sediment,Zhejiang,"the East China Sea: Hangzhou Bay, Xiangshan Bay and Taizhou Bay",Minocycline,187500.1875,ng/g dw,2018,spring,"Li, F. et al. Antibiotics in coastal water and sediments of the East China Sea: Distribution, ecological risk assessment and indicators screening. Marine Pollution Bulletin 151 (2020).",57
sediment,Zhejiang,"the East China Sea: Hangzhou Bay, Xiangshan Bay and Taizhou Bay",Nadifloxacin,3820000,ng/g dw,2018,spring,"Li, F. et al. Antibiotics in coastal water and sediments of the East China Sea: Distribution, ecological risk assessment and indicators screening. Marine Pollution Bulletin 151 (2020).",57
sediment,Zhejiang,Tiaoxi River,Norfloxacin,1905000,ng/g dw,NA,NA,"Chen, Y. S. et al. Investigation of 14 selected antibiotics in sediments of the typical cross sections of Tiaoxi River. Huan Jing Ke Xue 32, 667-672 (2011).",14
sediment,Zhejiang,Tiaoxi River,Ofloxacin,1692500,ng/g dw,NA,NA,"Chen, Y. S. et al. Investigation of 14 selected antibiotics in sediments of the typical cross sections of Tiaoxi River. Huan Jing Ke Xue 32, 667-672 (2011).",14
sediment,Zhejiang,Zhejiang,Oxolinic Acid,3.71,ng/g dw,2018,spring,"Li, F. et al. Antibiotics in coastal water and sediments of the East China Sea: Distribution, ecological risk assessment and indicators screening. Marine Pollution Bulletin 151 (2027).",N224
sediment,Zhejiang,"Ningbo, Xiangshan county",Oxytetracycline,1490000,ng/g dw,2015,autumn,"Gao, Q. et al. Diverse and abundant antibiotic resistance genes from mariculture sites of China's coastline. Science of the Total Environment 630 (2018).",124
sediment,Zhejiang,Tiaoxi River,Roxithromycin,400000,ng/g dw,NA,NA,"Chen, Y. S. et al. Investigation of 14 selected antibiotics in sediments of the typical cross sections of Tiaoxi River. Huan Jing Ke Xue 32, 667-672 (2011).",14
sediment,Zhejiang,"the East China Sea: Hangzhou Bay, Xiangshan Bay and Taizhou Bay",Sulfachloropyridazine,2120000,ng/g dw,2018,spring,"Li, F. et al. Antibiotics in coastal water and sediments of the East China Sea: Distribution, ecological risk assessment and indicators screening. Marine Pollution Bulletin 151 (2020).",57
sediment,Zhejiang,"Ningbo, Xiangshan county",Sulfadiazine,120000,ng/g dw,2015,autumn,"Gao, Q. et al. Diverse and abundant antibiotic resistance genes from mariculture sites of China's coastline. Science of the Total Environment 630 (2018).",124
sediment,Zhejiang,Hangzhou,Sulfadimidine,500000,ng/g dw,2009,summer,"Yuan, K., Wu, J. & Zhu, C. Analysis of microbial antibiotic resistance genes in sediment of aquaculture pond. Huanjing Kexue Xuebao 37, 3649-3655, doi:10.13671/j.hjkxxb.2017.0158 (2017).",110
sediment,Zhejiang,Zhejiang,Sulfamerazine,50000,ng/g dw,2013,spring,"Chen, C. Q., Zheng, L., Zhou, J. L. & Zhao, H. Persistence and risk of antibiotic residues and antibiotic resistance genes in major mariculture sites in Southeast China. Science of the Total Environment 580 (2017).",164
sediment,Zhejiang,"the East China Sea: Hangzhou Bay, Xiangshan Bay and Taizhou Bay",Sulfameter,380000,ng/g dw,2018,spring,"Li, F. et al. Antibiotics in coastal water and sediments of the East China Sea: Distribution, ecological risk assessment and indicators screening. Marine Pollution Bulletin 151 (2020).",57
sediment,Zhejiang,"Ningbo, Xiangshan county",Sulfamethoxazole,165000,ng/g dw,2015,autumn,"Gao, Q. et al. Diverse and abundant antibiotic resistance genes from mariculture sites of China's coastline. Science of the Total Environment 630 (2018).",124
sediment,Zhejiang,"the East China Sea: Hangzhou Bay, Xiangshan Bay and Taizhou Bay",Sulfamethoxypyridazine,3240000,ng/g dw,2018,spring,"Li, F. et al. Antibiotics in coastal water and sediments of the East China Sea: Distribution, ecological risk assessment and indicators screening. Marine Pollution Bulletin 151 (2020).",57
sediment,Zhejiang,"the East China Sea: Hangzhou Bay, Xiangshan Bay and Taizhou Bay",Sulfamoxole,1005000,ng/g dw,2018,spring,"Li, F. et al. Antibiotics in coastal water and sediments of the East China Sea: Distribution, ecological risk assessment and indicators screening. Marine Pollution Bulletin 151 (2020).",57
sediment,Zhejiang,Zhejiang,Sulfapyridine,1280000,ng/g dw,2013,spring,"Chen, C. Q., Zheng, L., Zhou, J. L. & Zhao, H. Persistence and risk of antibiotic residues and antibiotic resistance genes in major mariculture sites in Southeast China. Science of the Total Environment 580 (2017).",164
sediment,Zhejiang,Zhejiang,Sulfaquinoxaline,40000,ng/g dw,2013,spring,"Chen, C. Q., Zheng, L., Zhou, J. L. & Zhao, H. Persistence and risk of antibiotic residues and antibiotic resistance genes in major mariculture sites in Southeast China. Science of the Total Environment 580 (2017).",164
sediment,Zhejiang,Zhejiang,Sulfathiazole,30000,ng/g dw,2013,spring,"Chen, C. Q., Zheng, L., Zhou, J. L. & Zhao, H. Persistence and risk of antibiotic residues and antibiotic resistance genes in major mariculture sites in Southeast China. Science of the Total Environment 580 (2017).",164
sediment,Zhejiang,Hangzhou,Tetracycline,2080000,ng/g dw,2009,summer,"Yuan, K., Wu, J. & Zhu, C. Analysis of microbial antibiotic resistance genes in sediment of aquaculture pond. Huanjing Kexue Xuebao 37, 3649-3655, doi:10.13671/j.hjkxxb.2017.0158 (2017).",110
sediment,Zhejiang,Zhejiang,Thiamphenicol,0.1,ng/g dw,NA,NA,"Chen, Y. S. et al. Investigation of 14 selected antibiotics in sediments of the typical cross sections of Tiaoxi River. Huan Jing Ke Xue 32, 667-672 (2023).",N143
sediment,Zhejiang,"the East China Sea: Hangzhou Bay, Xiangshan Bay and Taizhou Bay",Tosufloxacin,2790000,ng/g dw,2018,spring,"Li, F. et al. Antibiotics in coastal water and sediments of the East China Sea: Distribution, ecological risk assessment and indicators screening. Marine Pollution Bulletin 151 (2020).",57
sediment,Zhejiang,Huzhou,Trimethoprim,45000,ng/g dw,2018,NA,"Li, J. Y., Wen, J., Chen, Y., Wang, Q. & Yin, J. Antibiotics in cultured freshwater products in Eastern China: Occurrence, human health risks, sources, and bioaccumulation potential. Chemosphere 264, 128441, doi:10.1016/j.chemosphere.2020.128441 (2020).",58
soil,Beijing,the southeastern suburbs of Beijing,Chloramphenicol,2590000,ng/g dw,NA,NA,"Liu, X., Liang, C., Liu, X., Zhao, F. & Han, C. Occurrence and human health risk assessment of pharmaceuticals and personal care products in real agricultural systems with long-term reclaimed wastewater irrigation in Beijing, China. Ecotoxicology and Environmental Safety 190, doi:10.1016/j.ecoenv.2019.110022 (2020).",62
soil,Beijing,"Beijing, Shunyi",Chlortetracycline,13500000,ng/g dw,2009,spring,"Anne, O. et al. Identification of soil contamination hotspots with veterinary antibiotics using heavy metal concentrations and leaching data--a field study in China. Environmental monitoring and assessment 186 (2014).",203
soil,Beijing,Beijing,Ciprofloxacin,16220000,ng/g dw,2010,summer,"Gao, L., Shi, Y., Li, W., Liu, J. & Cai, Y. Occurrence and distribution of antibiotics in urban soil in Beijing and Shanghai, China. Environmental science and pollution research international 22 (2015).",179
soil,Beijing,Beijing,Difloxacin,370000,ng/g dw,2010,summer,"Gao, L., Shi, Y., Li, W., Liu, J. & Cai, Y. Occurrence and distribution of antibiotics in urban soil in Beijing and Shanghai, China. Environmental science and pollution research international 22 (2015).",179
soil,Beijing,Beijing,Doxycycline,171265000,ng/g dw,NA,NA,"Kong, C. C., Zhang, S. W., Nie, C. J. & Hu, Q. Q. Composition, Characteristics, and Accumulation of Antibiotics in the Soil in Agricultural Land. Huan Jing Ke Xue 40, 1981-1989, doi:10.13227/j.hjkx.201809018 (2019).",32
soil,Beijing,Beijing,Enrofloxacin,34800000,ng/g dw,2010,summer,"Gao, L., Shi, Y., Li, W., Liu, J. & Cai, Y. Occurrence and distribution of antibiotics in urban soil in Beijing and Shanghai, China. Environmental science and pollution research international 22 (2015).",179
soil,Beijing,Beijing,Erythromycin,100000,ng/g dw,NA,NA,"Kong, C. C., Zhang, S. W., Nie, C. J. & Hu, Q. Q. Composition, Characteristics, and Accumulation of Antibiotics in the Soil in Agricultural Land. Huan Jing Ke Xue 40, 1981-1989, doi:10.13227/j.hjkx.201809018 (2019).",32
soil,Beijing,Beijing,Erythromycin-H2O,50000,ng/g dw,2010,summer,"Gao, L., Shi, Y., Li, W., Liu, J. & Cai, Y. Occurrence and distribution of antibiotics in urban soil in Beijing and Shanghai, China. Environmental science and pollution research international 22 (2015).",179
soil,Beijing,Beijing,Fleroxacin,6020000,ng/g dw,2010,summer,"Gao, L., Shi, Y., Li, W., Liu, J. & Cai, Y. Occurrence and distribution of antibiotics in urban soil in Beijing and Shanghai, China. Environmental science and pollution research international 22 (2015).",179
soil,Beijing,Beijing,Lomefloxacin,2310000,ng/g dw,2010,summer,"Gao, L., Shi, Y., Li, W., Liu, J. & Cai, Y. Occurrence and distribution of antibiotics in urban soil in Beijing and Shanghai, China. Environmental science and pollution research international 22 (2015).",179
soil,Beijing,Beijing,Norfloxacin,14390000,ng/g dw,2010,summer,"Gao, L., Shi, Y., Li, W., Liu, J. & Cai, Y. Occurrence and distribution of antibiotics in urban soil in Beijing and Shanghai, China. Environmental science and pollution research international 22 (2015).",179
soil,Beijing,Beijing,Ofloxacin,18560000,ng/g dw,2010,summer,"Gao, L., Shi, Y., Li, W., Liu, J. & Cai, Y. Occurrence and distribution of antibiotics in urban soil in Beijing and Shanghai, China. Environmental science and pollution research international 22 (2015).",179
soil,Beijing,Beijing,Oxytetracycline,209150000,ng/g dw,2013,spring,"Li, C. et al. Occurrence of antibiotics in soils and manures from greenhouse vegetable production bases of Beijing, China and an associated risk assessment. The Science of the total environment 521-522 (2015).",222
soil,Beijing,Beijing,Roxithromycin,400000,ng/g dw,2010,summer,"Gao, L., Shi, Y., Li, W., Liu, J. & Cai, Y. Occurrence and distribution of antibiotics in urban soil in Beijing and Shanghai, China. Environmental science and pollution research international 22 (2015).",179
soil,Beijing,Beijing,Sarafloxacin,220000,ng/g dw,2010,summer,"Gao, L., Shi, Y., Li, W., Liu, J. & Cai, Y. Occurrence and distribution of antibiotics in urban soil in Beijing and Shanghai, China. Environmental science and pollution research international 22 (2015).",179
soil,Beijing,Beijing,Spiramycin,20000,ng/g dw,2010,summer,"Gao, L., Shi, Y., Li, W., Liu, J. & Cai, Y. Occurrence and distribution of antibiotics in urban soil in Beijing and Shanghai, China. Environmental science and pollution research international 22 (2015).",179
soil,Beijing,the southeastern suburbs of Beijing,Sulfachloropyridazine,1270000,ng/g dw,NA,NA,"Liu, X., Liang, C., Liu, X., Zhao, F. & Han, C. Occurrence and human health risk assessment of pharmaceuticals and personal care products in real agricultural systems with long-term reclaimed wastewater irrigation in Beijing, China. Ecotoxicology and Environmental Safety 190, doi:10.1016/j.ecoenv.2019.110022 (2020).",62
soil,Beijing,Beijing,Sulfadiazine,1140000,ng/g dw,2010,summer,"Gao, L., Shi, Y., Li, W., Liu, J. & Cai, Y. Occurrence and distribution of antibiotics in urban soil in Beijing and Shanghai, China. Environmental science and pollution research international 22 (2015).",179
soil,Beijing,Beijing,Sulfadimethoxine,570000,ng/g dw,2013,spring,"Li, C. et al. Occurrence of antibiotics in soils and manures from greenhouse vegetable production bases of Beijing, China and an associated risk assessment. The Science of the total environment 521-522 (2015).",222
soil,Beijing,Beijing,Sulfadimidine,370000,ng/g dw,2010,summer,"Gao, L., Shi, Y., Li, W., Liu, J. & Cai, Y. Occurrence and distribution of antibiotics in urban soil in Beijing and Shanghai, China. Environmental science and pollution research international 22 (2015).",179
soil,Beijing,the southeastern suburbs of Beijing,Sulfafurazole,1423333.33333333,ng/g dw,NA,NA,"Liu, X., Liang, C., Liu, X., Zhao, F. & Han, C. Occurrence and human health risk assessment of pharmaceuticals and personal care products in real agricultural systems with long-term reclaimed wastewater irrigation in Beijing, China. Ecotoxicology and Environmental Safety 190, doi:10.1016/j.ecoenv.2019.110022 (2020).",62
soil,Beijing,Beijing,Sulfamerazine,75000,ng/g dw,NA,NA,"Kong, C. C., Zhang, S. W., Nie, C. J. & Hu, Q. Q. Composition, Characteristics, and Accumulation of Antibiotics in the Soil in Agricultural Land. Huan Jing Ke Xue 40, 1981-1989, doi:10.13227/j.hjkx.201809018 (2019).",32
soil,Beijing,Beijing,Sulfameter,80000,ng/g dw,2013,spring,"Li, C. et al. Occurrence of antibiotics in soils and manures from greenhouse vegetable production bases of Beijing, China and an associated risk assessment. The Science of the total environment 521-522 (2015).",222
soil,Beijing,Beijing,Sulfamethoxazole,880000,ng/g dw,2010,summer,"Gao, L., Shi, Y., Li, W., Liu, J. & Cai, Y. Occurrence and distribution of antibiotics in urban soil in Beijing and Shanghai, China. Environmental science and pollution research international 22 (2015).",179
soil,Beijing,Beijing,Sulfamethoxydiazine,80000,ng/g dw,NA,NA,"Kong, C. C., Zhang, S. W., Nie, C. J. & Hu, Q. Q. Composition, Characteristics, and Accumulation of Antibiotics in the Soil in Agricultural Land. Huan Jing Ke Xue 40, 1981-1989, doi:10.13227/j.hjkx.201809018 (2019).",32
soil,Beijing,Beijing,Sulfamonomethoxine,250000,ng/g dw,2010,summer,"Gao, L., Shi, Y., Li, W., Liu, J. & Cai, Y. Occurrence and distribution of antibiotics in urban soil in Beijing and Shanghai, China. Environmental science and pollution research international 22 (2015).",179
soil,Beijing,Beijing,Sulfapyridine,10000,ng/g dw,2010,summer,"Gao, L., Shi, Y., Li, W., Liu, J. & Cai, Y. Occurrence and distribution of antibiotics in urban soil in Beijing and Shanghai, China. Environmental science and pollution research international 22 (2015).",179
soil,Beijing,the southeastern suburbs of Beijing,Sulfathiazole,1020000,ng/g dw,NA,NA,"Liu, X., Liang, C., Liu, X., Zhao, F. & Han, C. Occurrence and human health risk assessment of pharmaceuticals and personal care products in real agricultural systems with long-term reclaimed wastewater irrigation in Beijing, China. Ecotoxicology and Environmental Safety 190, doi:10.1016/j.ecoenv.2019.110022 (2020).",62
soil,Beijing,Beijing,Tetracycline,72300000,ng/g dw,2013,spring,"Li, C. et al. Occurrence of antibiotics in soils and manures from greenhouse vegetable production bases of Beijing, China and an associated risk assessment. The Science of the total environment 521-522 (2015).",222
soil,Beijing,the southeastern suburbs of Beijing,Trimethoprim,36333.3333333333,ng/g dw,NA,NA,"Liu, X., Liang, C., Liu, X., Zhao, F. & Han, C. Occurrence and human health risk assessment of pharmaceuticals and personal care products in real agricultural systems with long-term reclaimed wastewater irrigation in Beijing, China. Ecotoxicology and Environmental Safety 190, doi:10.1016/j.ecoenv.2019.110022 (2020).",62
soil,Beijing,Beijing,Tylosin,3000,ng/g dw,2010,summer,"Gao, L., Shi, Y., Li, W., Liu, J. & Cai, Y. Occurrence and distribution of antibiotics in urban soil in Beijing and Shanghai, China. Environmental science and pollution research international 22 (2015).",179
soil,Chongqing,Three Gorges Reservoir,Chlortetracycline,10235010.9,ng/g dw,2015,summer,"Yan, M., Xu, C., Huang, Y., Nie, H. & Wang, J. Tetracyclines, sulfonamides and quinolones and their corresponding resistance genes in the Three Gorges Reservoir, China. Science of the Total Environment 631-632 (2018).",149
soil,Chongqing,Three Gorges Reservoir,Doxycycline,300000,ng/g dw,2015,summer,"Yan, M., Xu, C., Huang, Y., Nie, H. & Wang, J. Tetracyclines, sulfonamides and quinolones and their corresponding resistance genes in the Three Gorges Reservoir, China. Science of the Total Environment 631-632 (2018).",149
soil,Chongqing,Three Gorges Reservoir,Enrofloxacin,43250000,ng/g dw,2015,summer,"Yan, M., Xu, C., Huang, Y., Nie, H. & Wang, J. Tetracyclines, sulfonamides and quinolones and their corresponding resistance genes in the Three Gorges Reservoir, China. Science of the Total Environment 631-632 (2018).",149
soil,Chongqing,Three Gorges Reservoir,Norfloxacin,3850000,ng/g dw,2015,summer,"Yan, M., Xu, C., Huang, Y., Nie, H. & Wang, J. Tetracyclines, sulfonamides and quinolones and their corresponding resistance genes in the Three Gorges Reservoir, China. Science of the Total Environment 631-632 (2018).",149
soil,Chongqing,Three Gorges Reservoir,Ofloxacin,28830000,ng/g dw,2015,summer,"Yan, M., Xu, C., Huang, Y., Nie, H. & Wang, J. Tetracyclines, sulfonamides and quinolones and their corresponding resistance genes in the Three Gorges Reservoir, China. Science of the Total Environment 631-632 (2018).",149
soil,Chongqing,Three Gorges Reservoir,Oxytetracycline,12780000,ng/g dw,2015,summer,"Yan, M., Xu, C., Huang, Y., Nie, H. & Wang, J. Tetracyclines, sulfonamides and quinolones and their corresponding resistance genes in the Three Gorges Reservoir, China. Science of the Total Environment 631-632 (2018).",149
soil,Chongqing,Three Gorges Reservoir,Sulfadiazine,4090000,ng/g dw,2015,summer,"Yan, M., Xu, C., Huang, Y., Nie, H. & Wang, J. Tetracyclines, sulfonamides and quinolones and their corresponding resistance genes in the Three Gorges Reservoir, China. Science of the Total Environment 631-632 (2018).",149
soil,Chongqing,Three Gorges Reservoir,Sulfadimidine,20380000,ng/g dw,2015,summer,"Yan, M., Xu, C., Huang, Y., Nie, H. & Wang, J. Tetracyclines, sulfonamides and quinolones and their corresponding resistance genes in the Three Gorges Reservoir, China. Science of the Total Environment 631-632 (2018).",149
soil,Chongqing,Three Gorges Reservoir,Sulfameter,38980000,ng/g dw,2015,summer,"Yan, M., Xu, C., Huang, Y., Nie, H. & Wang, J. Tetracyclines, sulfonamides and quinolones and their corresponding resistance genes in the Three Gorges Reservoir, China. Science of the Total Environment 631-632 (2018).",149
soil,Chongqing,Three Gorges Reservoir,Tetracycline,32485000,ng/g dw,2015,summer,"Yan, M., Xu, C., Huang, Y., Nie, H. & Wang, J. Tetracyclines, sulfonamides and quinolones and their corresponding resistance genes in the Three Gorges Reservoir, China. Science of the Total Environment 631-632 (2018).",149
soil,Chongqing,Three Gorges Reservoir,Trimethoprim,15330000,ng/g dw,2015,summer,"Yan, M., Xu, C., Huang, Y., Nie, H. & Wang, J. Tetracyclines, sulfonamides and quinolones and their corresponding resistance genes in the Three Gorges Reservoir, China. Science of the Total Environment 631-632 (2018).",149
soil,Fujian,Fuzhou,Chlortetracycline,29401334.45,ng/g dw,2011,NA,"Huang, X. et al. Occurrence and distribution of veterinary antibiotics and tetracycline resistance genes in farmland soils around swine feedlots in Fujian Province, China. Environmental Science and Pollution Research 20 (2013).",192
soil,Fujian,Fuzhou,Ciprofloxacin,99000000,ng/g dw,2011,NA,"Huang, X. et al. Occurrence and distribution of veterinary antibiotics and tetracycline resistance genes in farmland soils around swine feedlots in Fujian Province, China. Environmental Science and Pollution Research 20 (2013).",192
soil,Fujian,Fuzhou,Enrofloxacin,151725000,ng/g dw,2011,NA,"Huang, X. et al. Occurrence and distribution of veterinary antibiotics and tetracycline resistance genes in farmland soils around swine feedlots in Fujian Province, China. Environmental Science and Pollution Research 20 (2013).",192
soil,Fujian,Fuzhou,Ofloxacin,32450000,ng/g dw,2011,NA,"Huang, X. et al. Occurrence and distribution of veterinary antibiotics and tetracycline resistance genes in farmland soils around swine feedlots in Fujian Province, China. Environmental Science and Pollution Research 20 (2013).",192
soil,Fujian,Fuzhou,Oxytetracycline,88650000,ng/g dw,2011,NA,"Huang, X. et al. Occurrence and distribution of veterinary antibiotics and tetracycline resistance genes in farmland soils around swine feedlots in Fujian Province, China. Environmental Science and Pollution Research 20 (2013).",192
soil,Fujian,Putian,Tetracycline,58100000,ng/g dw,2011,NA,"Huang, X. et al. Occurrence and distribution of veterinary antibiotics and tetracycline resistance genes in farmland soils around swine feedlots in Fujian Province, China. Environmental Science and Pollution Research 20 (2013).",192
soil,Guangdong,the East River catchment,Azithromycin,4000,ng/g dw,2009,autumn,"Zhang, R. et al. Occurrence and distribution of antibiotics in multiple environmental media of the East River (Dongjiang) catchment, South China. Environmental science and pollution research international 24 (2017).",106
soil,Guangdong,"Heyuan, Longchuan County, Fengshuba Reservoir",Cephalexin,5260000,ng/g dw,2015,NA,"Chen, Y. et al. Comprehensive insights into the occurrence, distribution, risk assessment and indicator screening of antibiotics in a large drinking reservoir system. Sci Total Environ 716, 137060, doi:10.1016/j.scitotenv.2020.137060 (2020).",50
soil,Guangdong,Huizhou,Chloramphenicol,8350000,ng/g dw,2013,summer,"Pan, M., Wong, C. K. C. & Chu, L. M. Distribution of antibiotics in wastewater-irrigated soils and their accumulation in vegetable crops in the Pearl River Delta, southern China. Journal of agricultural and food chemistry 62 (2014).",209
soil,Guangdong,Guangzhou,Chlortetracycline,435015.55,ng/g dw,NA,NA,"Guo, B. et al. Environmental Residues of Veterinary Antibiotics in Guangzhou City,China. Journal of Agro-Environment Science 30, 938-945 (2011).",11
soil,Guangdong,"Jiangmen, Zhenhai Bay Mangrove Nature Reserve",Ciprofloxacin,15400000,ng/g dw,2015,spring,"Ren, K., Sun, Q., Liu, Y., Fang, X. & Peng, Y. The residual characteristics of antibiotics fluoroquinolones(FQs)in mangal root areas of Zhenhai Bay,Guangdong Province. Acta Scientiarum Naturalium Universitatis Sunyatseni 56, 102-111 (2017).",105
soil,Guangdong,Dongguan,Doxycycline,2950000,ng/g dw,NA,NA,"Tai, Y. et al. Concentration and distribution of tetracycline antibiotics in soils from vegetable fields of dongguan City. China Environmental Science 31, 90-95 (2011).",18
soil,Guangdong,"Jiangmen, Zhenhai Bay Mangrove Nature Reserve",Enrofloxacin,13765000,ng/g dw,2015,spring,"Ren, K., Sun, Q., Liu, Y., Fang, X. & Peng, Y. The residual characteristics of antibiotics fluoroquinolones(FQs)in mangal root areas of Zhenhai Bay,Guangdong Province. Acta Scientiarum Naturalium Universitatis Sunyatseni 56, 102-111 (2017).",105
soil,Guangdong,Huizhou,Erythromycin,3500000,ng/g dw,2013,summer,"Pan, M., Wong, C. K. C. & Chu, L. M. Distribution of antibiotics in wastewater-irrigated soils and their accumulation in vegetable crops in the Pearl River Delta, southern China. Journal of agricultural and food chemistry 62 (2014).",209
soil,Guangdong,the East River catchment,Erythromycin-H2O,1000000,ng/g dw,2009,autumn,"Zhang, R. et al. Occurrence and distribution of antibiotics in multiple environmental media of the East River (Dongjiang) catchment, South China. Environmental science and pollution research international 24 (2017).",106
soil,Guangdong,Guangzhou,Florfenicol,640000,ng/g dw,NA,NA,"Guo, B. et al. Environmental Residues of Veterinary Antibiotics in Guangzhou City,China. Journal of Agro-Environment Science 30, 938-945 (2011).",11
soil,Guangdong,"Heyuan, Longchuan County, Fengshuba Reservoir",Lincomycin,200000,ng/g dw,2015,NA,"Chen, Y. et al. Comprehensive insights into the occurrence, distribution, risk assessment and indicator screening of antibiotics in a large drinking reservoir system. Sci Total Environ 716, 137060, doi:10.1016/j.scitotenv.2020.137060 (2020).",50
soil,Guangdong,Guangzhou,Lomefloxacin,800000,ng/g dw,NA,NA,"Tai, Y. et al. Occurrence of Quinolone Antibiotics in the Soils from a Green and an Organic Vegetable Fields. Journal of Agro-Environment Science 31, 125-130 (2012).",186
soil,Guangdong,"Jiangmen, Zhenhai Bay Mangrove Nature Reserve",Norfloxacin,24950000,ng/g dw,2015,spring,"Ren, K., Sun, Q., Liu, Y., Fang, X. & Peng, Y. The residual characteristics of antibiotics fluoroquinolones(FQs)in mangal root areas of Zhenhai Bay,Guangdong Province. Acta Scientiarum Naturalium Universitatis Sunyatseni 56, 102-111 (2017).",105
soil,Guangdong,"Jiangmen, Zhenhai Bay Mangrove Nature Reserve",Ofloxacin,27200000,ng/g dw,2015,spring,"Ren, K., Sun, Q., Liu, Y., Fang, X. & Peng, Y. The residual characteristics of antibiotics fluoroquinolones(FQs)in mangal root areas of Zhenhai Bay,Guangdong Province. Acta Scientiarum Naturalium Universitatis Sunyatseni 56, 102-111 (2017).",105
soil,Guangdong,Guangzhou,Oxytetracycline,6180000,ng/g dw,NA,NA,"Guo, B. et al. Environmental Residues of Veterinary Antibiotics in Guangzhou City,China. Journal of Agro-Environment Science 30, 938-945 (2011).",11
soil,Guangdong,"Heyuan, Longchuan County, Fengshuba Reservoir",Penicillin G,1230000,ng/g dw,2015,NA,"Chen, Y. et al. Comprehensive insights into the occurrence, distribution, risk assessment and indicator screening of antibiotics in a large drinking reservoir system. Sci Total Environ 716, 137060, doi:10.1016/j.scitotenv.2020.137060 (2020).",50
soil,Guangdong,"Heyuan, Longchuan County, Fengshuba Reservoir",Penicillin V,4340000,ng/g dw,2015,NA,"Chen, Y. et al. Comprehensive insights into the occurrence, distribution, risk assessment and indicator screening of antibiotics in a large drinking reservoir system. Sci Total Environ 716, 137060, doi:10.1016/j.scitotenv.2020.137060 (2020).",50
soil,Guangdong,the East River catchment,Roxithromycin,80000,ng/g dw,2009,autumn,"Zhang, R. et al. Occurrence and distribution of antibiotics in multiple environmental media of the East River (Dongjiang) catchment, South China. Environmental science and pollution research international 24 (2017).",106
soil,Guangdong,the East River catchment,Sulfadiazine,3225000,ng/g dw,2009,autumn,"Zhang, R. et al. Occurrence and distribution of antibiotics in multiple environmental media of the East River (Dongjiang) catchment, South China. Environmental science and pollution research international 24 (2017).",106
soil,Guangdong,Guangdong,Sulfadimethoxine,4900000,ng/g dw,NA,NA,"Li, Y. W. et al. Investigation of sulfonamides and tetracyclines antibiotics in soils from various vegetable fields. Huan Jing Ke Xue 30, 1762-1766 (2009).",133
soil,Guangdong,the East River catchment,Sulfadimethoxypyrimidine,3180000,ng/g dw,2009,autumn,"Zhang, R. et al. Occurrence and distribution of antibiotics in multiple environmental media of the East River (Dongjiang) catchment, South China. Environmental science and pollution research international 24 (2017).",106
soil,Guangdong,Guangzhou,Sulfadimidine,3800000,ng/g dw,NA,NA,"Guo, B. et al. Environmental Residues of Veterinary Antibiotics in Guangzhou City,China. Journal of Agro-Environment Science 30, 938-945 (2011).",11
soil,Guangdong,Guangzhou,Sulfamerazine,13400000,ng/g dw,NA,NA,"Cheng, Y. T. et al. Distribution and risk assessment of sulfonamide antibiotics in soil from organic vegetable farms in Guangzhou. Zhongguo Huanjing Kexue/China Environmental Science 37, 1154-1161 (2017).",119
soil,Guangdong,Guangdong,Sulfameter,51400000,ng/g dw,NA,NA,"Li, Y. W. et al. Investigation of sulfonamides and tetracyclines antibiotics in soils from various vegetable fields. Huan Jing Ke Xue 30, 1762-1766 (2009).",133
soil,Guangdong,the East River catchment,Sulfamethoxazole,200000,ng/g dw,2009,autumn,"Zhang, R. et al. Occurrence and distribution of antibiotics in multiple environmental media of the East River (Dongjiang) catchment, South China. Environmental science and pollution research international 24 (2017).",106
soil,Guangdong,Guangzhou,Sulfamethoxydiazine,12525000,ng/g dw,NA,NA,"Cheng, Y. T. et al. Distribution and risk assessment of sulfonamide antibiotics in soil from organic vegetable farms in Guangzhou. Zhongguo Huanjing Kexue/China Environmental Science 37, 1154-1161 (2017).",119
soil,Guangdong,"Heyuan, Longchuan County, Fengshuba Reservoir",Sulfamonomethoxine,2355000,ng/g dw,2015,NA,"Chen, Y. et al. Comprehensive insights into the occurrence, distribution, risk assessment and indicator screening of antibiotics in a large drinking reservoir system. Sci Total Environ 716, 137060, doi:10.1016/j.scitotenv.2020.137060 (2020).",50
soil,Guangdong,Guangzhou,Sulfapyridine,2600000,ng/g dw,NA,NA,"Cheng, Y. T. et al. Distribution and risk assessment of sulfonamide antibiotics in soil from organic vegetable farms in Guangzhou. Zhongguo Huanjing Kexue/China Environmental Science 37, 1154-1161 (2017).",119
soil,Guangdong,"Heyuan, Longchuan County, Fengshuba Reservoir",Sulfaquinoxaline,630000,ng/g dw,2015,NA,"Chen, Y. et al. Comprehensive insights into the occurrence, distribution, risk assessment and indicator screening of antibiotics in a large drinking reservoir system. Sci Total Environ 716, 137060, doi:10.1016/j.scitotenv.2020.137060 (2020).",50
soil,Guangdong,Guangzhou,Sulfathiazole,20400000,ng/g dw,NA,NA,"Cheng, Y. T. et al. Distribution and risk assessment of sulfonamide antibiotics in soil from organic vegetable farms in Guangzhou. Zhongguo Huanjing Kexue/China Environmental Science 37, 1154-1161 (2017).",119
soil,Guangdong,Guangzhou,Tetracycline,15800000,ng/g dw,NA,NA,"Guo, B. et al. Environmental Residues of Veterinary Antibiotics in Guangzhou City,China. Journal of Agro-Environment Science 30, 938-945 (2011).",11
soil,Guangdong,the East River catchment,Trimethoprim,480000,ng/g dw,2009,autumn,"Zhang, R. et al. Occurrence and distribution of antibiotics in multiple environmental media of the East River (Dongjiang) catchment, South China. Environmental science and pollution research international 24 (2017).",106
soil,Guangdong,"Heyuan, Longchuan County, Fengshuba Reservoir",Tylosin,1072500,ng/g dw,2015,NA,"Chen, Y. et al. Comprehensive insights into the occurrence, distribution, risk assessment and indicator screening of antibiotics in a large drinking reservoir system. Sci Total Environ 716, 137060, doi:10.1016/j.scitotenv.2020.137060 (2020).",50
soil,Guangdong,"Heyuan, Longchuan County, Fengshuba Reservoir",Vancomycin,770000,ng/g dw,2015,NA,"Chen, Y. et al. Comprehensive insights into the occurrence, distribution, risk assessment and indicator screening of antibiotics in a large drinking reservoir system. Sci Total Environ 716, 137060, doi:10.1016/j.scitotenv.2020.137060 (2020).",50
soil,Guangxi,"Yulin, Bobai County",Chlortetracycline,12900,ng/g dw,2010,winter,"Zhou, L.-J. et al. Excretion masses and environmental occurrence of antibiotics in typical swine and dairy cattle farms in China. Science of the Total Environment 444 (2013).",200
soil,Guangxi,"Yulin, Bobai County",Ciprofloxacin,5370000,ng/g dw,2010,winter,"Zhou, L.-J. et al. Excretion masses and environmental occurrence of antibiotics in typical swine and dairy cattle farms in China. Science of the Total Environment 444 (2013).",200
soil,Guangxi,"Nanning, Xixiangtang District",Difloxacin,4010000,ng/g dw,2010,winter,"Zhou, L.-J. et al. Excretion masses and environmental occurrence of antibiotics in typical swine and dairy cattle farms in China. Science of the Total Environment 444 (2013).",200
soil,Guangxi,"Yulin, Bobai County",Doxycycline,18800000,ng/g dw,2010,winter,"Zhou, L.-J. et al. Excretion masses and environmental occurrence of antibiotics in typical swine and dairy cattle farms in China. Science of the Total Environment 444 (2013).",200
soil,Guangxi,"Yulin, Bobai County",Enrofloxacin,6525000,ng/g dw,2010,winter,"Zhou, L.-J. et al. Excretion masses and environmental occurrence of antibiotics in typical swine and dairy cattle farms in China. Science of the Total Environment 444 (2013).",200
soil,Guangxi,"Yulin, Bobai County",Lincomycin,92300000,ng/g dw,2010,winter,"Zhou, L.-J. et al. Excretion masses and environmental occurrence of antibiotics in typical swine and dairy cattle farms in China. Science of the Total Environment 444 (2013).",200
soil,Guangxi,"Yulin, Bobai County",Norfloxacin,12375000,ng/g dw,2010,winter,"Zhou, L.-J. et al. Excretion masses and environmental occurrence of antibiotics in typical swine and dairy cattle farms in China. Science of the Total Environment 444 (2013).",200
soil,Guangxi,"Yulin, Bobai County",Ofloxacin,54925000,ng/g dw,2010,winter,"Zhou, L.-J. et al. Excretion masses and environmental occurrence of antibiotics in typical swine and dairy cattle farms in China. Science of the Total Environment 444 (2013).",200
soil,Guangxi,"Yulin, Bobai County",Oxytetracycline,30445000,ng/g dw,2010,winter,"Zhou, L.-J. et al. Excretion masses and environmental occurrence of antibiotics in typical swine and dairy cattle farms in China. Science of the Total Environment 444 (2013).",200
soil,Guangxi,"Yulin, Bobai County",Pefloxacin,20450000,ng/g dw,2010,winter,"Zhou, L.-J. et al. Excretion masses and environmental occurrence of antibiotics in typical swine and dairy cattle farms in China. Science of the Total Environment 444 (2013).",200
soil,Guangxi,"Yulin, Bobai County",Sulfachloropyridazine,2555002.5549999997,ng/g dw,2010,winter,"Zhou, L.-J. et al. Excretion masses and environmental occurrence of antibiotics in typical swine and dairy cattle farms in China. Science of the Total Environment 444 (2013).",200
soil,Guangxi,"Yulin, Bobai County",Sulfadiazine,3712500,ng/g dw,2010,winter,"Zhou, L.-J. et al. Excretion masses and environmental occurrence of antibiotics in typical swine and dairy cattle farms in China. Science of the Total Environment 444 (2013).",200
soil,Guangxi,"Yulin, Bobai County",Sulfadimidine,2767500,ng/g dw,2010,winter,"Zhou, L.-J. et al. Excretion masses and environmental occurrence of antibiotics in typical swine and dairy cattle farms in China. Science of the Total Environment 444 (2013).",200
soil,Guangxi,"Yulin, Bobai County",Sulfamonomethoxine,4027500,ng/g dw,2010,winter,"Zhou, L.-J. et al. Excretion masses and environmental occurrence of antibiotics in typical swine and dairy cattle farms in China. Science of the Total Environment 444 (2013).",200
soil,Guangxi,"Yulin, Bobai County",Sulfaquinoxaline,2020000,ng/g dw,2010,winter,"Zhou, L.-J. et al. Excretion masses and environmental occurrence of antibiotics in typical swine and dairy cattle farms in China. Science of the Total Environment 444 (2013).",200
soil,Guangxi,"Yulin, Bobai County",Tetracycline,20195000,ng/g dw,2010,winter,"Zhou, L.-J. et al. Excretion masses and environmental occurrence of antibiotics in typical swine and dairy cattle farms in China. Science of the Total Environment 444 (2013).",200
soil,Guangxi,"Yulin, Bobai County",Trimethoprim,3200000,ng/g dw,2010,winter,"Zhou, L.-J. et al. Excretion masses and environmental occurrence of antibiotics in typical swine and dairy cattle farms in China. Science of the Total Environment 444 (2013).",200
soil,Guizhou,"Qiandongnan Miao and Dong Autonomous Prefecture, Kaili",Doxycycline,23200000,ng/g dw,NA,NA,"Liu, C. et al. Effects of wastewater treatment and manure application on the dissemination of antimicrobial resistance around swine feedlots. J. Clean. Prod. 280, doi:10.1016/j.jclepro.2020.123794 (2021).",83
soil,Guizhou,"Qiandongnan Miao and Dong Autonomous Prefecture, Kaili",Enrofloxacin,3250000,ng/g dw,NA,NA,"Liu, C. et al. Effects of wastewater treatment and manure application on the dissemination of antimicrobial resistance around swine feedlots. J. Clean. Prod. 280, doi:10.1016/j.jclepro.2020.123794 (2021).",83
soil,Guizhou,"Qiandongnan Miao and Dong Autonomous Prefecture, Kaili",Oxytetracycline,152000000,ng/g dw,NA,NA,"Liu, C. et al. Effects of wastewater treatment and manure application on the dissemination of antimicrobial resistance around swine feedlots. J. Clean. Prod. 280, doi:10.1016/j.jclepro.2020.123794 (2021).",83
soil,Hainan,"Haikou, Longhua district",Ciprofloxacin,20700000,ng/g dw,NA,NA,"Liu, C. et al. Effects of wastewater treatment and manure application on the dissemination of antimicrobial resistance around swine feedlots. J. Clean. Prod. 280, doi:10.1016/j.jclepro.2020.123794 (2021).",83
soil,Hainan,"Haikou, Longhua district",Doxycycline,4447500000,ng/g dw,NA,NA,"Liu, C. et al. Effects of wastewater treatment and manure application on the dissemination of antimicrobial resistance around swine feedlots. J. Clean. Prod. 280, doi:10.1016/j.jclepro.2020.123794 (2021).",83
soil,Hainan,"Haikou, Longhua district",Enrofloxacin,64099999.99999999,ng/g dw,NA,NA,"Liu, C. et al. Effects of wastewater treatment and manure application on the dissemination of antimicrobial resistance around swine feedlots. J. Clean. Prod. 280, doi:10.1016/j.jclepro.2020.123794 (2021).",83
soil,Hainan,"Haikou, Longhua district",Erythromycin,200000,ng/g dw,NA,NA,"Liu, C. et al. Effects of wastewater treatment and manure application on the dissemination of antimicrobial resistance around swine feedlots. J. Clean. Prod. 280, doi:10.1016/j.jclepro.2020.123794 (2021).",83
soil,Hainan,"Haikou, Longhua district",Norfloxacin,600000,ng/g dw,NA,NA,"Liu, C. et al. Effects of wastewater treatment and manure application on the dissemination of antimicrobial resistance around swine feedlots. J. Clean. Prod. 280, doi:10.1016/j.jclepro.2020.123794 (2021).",83
soil,Hainan,"Haikou, Longhua district",Ofloxacin,1800000,ng/g dw,NA,NA,"Liu, C. et al. Effects of wastewater treatment and manure application on the dissemination of antimicrobial resistance around swine feedlots. J. Clean. Prod. 280, doi:10.1016/j.jclepro.2020.123794 (2021).",83
soil,Hainan,"Haikou, Longhua district",Oxytetracycline,7580000000,ng/g dw,NA,NA,"Liu, C. et al. Effects of wastewater treatment and manure application on the dissemination of antimicrobial resistance around swine feedlots. J. Clean. Prod. 280, doi:10.1016/j.jclepro.2020.123794 (2021).",83
soil,Hainan,"Haikou, Longhua district",Sulfadiazine,4730000,ng/g dw,NA,NA,"Liu, C. et al. Effects of wastewater treatment and manure application on the dissemination of antimicrobial resistance around swine feedlots. J. Clean. Prod. 280, doi:10.1016/j.jclepro.2020.123794 (2021).",83
soil,Hainan,"Haikou, Longhua district",Sulfadimidine,670000,ng/g dw,NA,NA,"Liu, C. et al. Effects of wastewater treatment and manure application on the dissemination of antimicrobial resistance around swine feedlots. J. Clean. Prod. 280, doi:10.1016/j.jclepro.2020.123794 (2021).",83
soil,Hainan,"Haikou, Longhua district",Sulfamethoxazole,70000,ng/g dw,NA,NA,"Liu, C. et al. Effects of wastewater treatment and manure application on the dissemination of antimicrobial resistance around swine feedlots. J. Clean. Prod. 280, doi:10.1016/j.jclepro.2020.123794 (2021).",83
soil,Hainan,"Haikou, Longhua district",Sulfamethoxydiazine,365000.365,ng/g dw,NA,NA,"Liu, C. et al. Effects of wastewater treatment and manure application on the dissemination of antimicrobial resistance around swine feedlots. J. Clean. Prod. 280, doi:10.1016/j.jclepro.2020.123794 (2021).",83
soil,Hainan,"Haikou, Longhua district",Sulfamonomethoxine,730000,ng/g dw,NA,NA,"Liu, C. et al. Effects of wastewater treatment and manure application on the dissemination of antimicrobial resistance around swine feedlots. J. Clean. Prod. 280, doi:10.1016/j.jclepro.2020.123794 (2021).",83
soil,Hainan,"Haikou, Longhua district",Tetracycline,83800000,ng/g dw,NA,NA,"Liu, C. et al. Effects of wastewater treatment and manure application on the dissemination of antimicrobial resistance around swine feedlots. J. Clean. Prod. 280, doi:10.1016/j.jclepro.2020.123794 (2021).",83
soil,Hainan,"Haikou, Longhua district",Tylosin,400000,ng/g dw,NA,NA,"Liu, C. et al. Effects of wastewater treatment and manure application on the dissemination of antimicrobial resistance around swine feedlots. J. Clean. Prod. 280, doi:10.1016/j.jclepro.2020.123794 (2021).",83
soil,Hebei,Hebei,Azithromycin,11340000,ng/g dw,2016,summer,"Wei, R. et al. Occurrence of seventeen veterinary antibiotics and resistant bacterias in manure-fertilized vegetable farm soil in four provinces of China. Chemosphere 215, 234-240, doi:10.1016/j.chemosphere.2018.09.152 (2019).",131
soil,Hebei,Hebei,Chlortetracycline,21460000,ng/g dw,2016,summer,"Wei, R. et al. Occurrence of seventeen veterinary antibiotics and resistant bacterias in manure-fertilized vegetable farm soil in four provinces of China. Chemosphere 215, 234-240, doi:10.1016/j.chemosphere.2018.09.152 (2019).",131
soil,Hebei,Hebei,Ciprofloxacin,5970000,ng/g dw,2016,summer,"Wei, R. et al. Occurrence of seventeen veterinary antibiotics and resistant bacterias in manure-fertilized vegetable farm soil in four provinces of China. Chemosphere 215, 234-240, doi:10.1016/j.chemosphere.2018.09.152 (2019).",131
soil,Hebei,Hebei,Danofloxacin,220000,ng/g dw,2016,summer,"Wei, R. et al. Occurrence of seventeen veterinary antibiotics and resistant bacterias in manure-fertilized vegetable farm soil in four provinces of China. Chemosphere 215, 234-240, doi:10.1016/j.chemosphere.2018.09.152 (2019).",131
soil,Hebei,Hebei,Doxycycline,12500000,ng/g dw,2016,summer,"Wei, R. et al. Occurrence of seventeen veterinary antibiotics and resistant bacterias in manure-fertilized vegetable farm soil in four provinces of China. Chemosphere 215, 234-240, doi:10.1016/j.chemosphere.2018.09.152 (2019).",131
soil,Hebei,Hebei,Enrofloxacin,6540000,ng/g dw,2016,summer,"Wei, R. et al. Occurrence of seventeen veterinary antibiotics and resistant bacterias in manure-fertilized vegetable farm soil in four provinces of China. Chemosphere 215, 234-240, doi:10.1016/j.chemosphere.2018.09.152 (2019).",131
soil,Hebei,Hebei,Florfenicol,60000,ng/g dw,2016,summer,"Wei, R. et al. Occurrence of seventeen veterinary antibiotics and resistant bacterias in manure-fertilized vegetable farm soil in four provinces of China. Chemosphere 215, 234-240, doi:10.1016/j.chemosphere.2018.09.152 (2019).",131
soil,Hebei,"Cangzhou, Botou, Siying Township",Oxytetracycline,37100000,ng/g dw,2008,summer,"Chen, F. et al. Distribution and accumulation of endocrine-disrupting chemicals and pharmaceuticals in wastewater irrigated soils in Hebei, China. Environ Pollut 159, 1490-1498, doi:10.1016/j.envpol.2011.03.016 (2011).",13
soil,Hebei,Hebei,Sarafloxacin,60000,ng/g dw,2016,summer,"Wei, R. et al. Occurrence of seventeen veterinary antibiotics and resistant bacterias in manure-fertilized vegetable farm soil in four provinces of China. Chemosphere 215, 234-240, doi:10.1016/j.chemosphere.2018.09.152 (2019).",131
soil,Hebei,Hebei,Sulfadiazine,10000,ng/g dw,2016,summer,"Wei, R. et al. Occurrence of seventeen veterinary antibiotics and resistant bacterias in manure-fertilized vegetable farm soil in four provinces of China. Chemosphere 215, 234-240, doi:10.1016/j.chemosphere.2018.09.152 (2019).",131
soil,Hebei,Hebei,Sulfadimidine,110000,ng/g dw,2016,summer,"Wei, R. et al. Occurrence of seventeen veterinary antibiotics and resistant bacterias in manure-fertilized vegetable farm soil in four provinces of China. Chemosphere 215, 234-240, doi:10.1016/j.chemosphere.2018.09.152 (2019).",131
soil,Hebei,Hebei,Sulfamethoxazole,560000,ng/g dw,2016,summer,"Wei, R. et al. Occurrence of seventeen veterinary antibiotics and resistant bacterias in manure-fertilized vegetable farm soil in four provinces of China. Chemosphere 215, 234-240, doi:10.1016/j.chemosphere.2018.09.152 (2019).",131
soil,Hebei,Hebei,Sulfamonomethoxine,710000,ng/g dw,2016,summer,"Wei, R. et al. Occurrence of seventeen veterinary antibiotics and resistant bacterias in manure-fertilized vegetable farm soil in four provinces of China. Chemosphere 215, 234-240, doi:10.1016/j.chemosphere.2018.09.152 (2019).",131
soil,Hebei,Hebei,Sulfaquinoxaline,1220000,ng/g dw,2016,summer,"Wei, R. et al. Occurrence of seventeen veterinary antibiotics and resistant bacterias in manure-fertilized vegetable farm soil in four provinces of China. Chemosphere 215, 234-240, doi:10.1016/j.chemosphere.2018.09.152 (2019).",131
soil,Hebei,"Cangzhou, Botou, Siying Township",Tetracycline,11690000,ng/g dw,2008,summer,"Chen, F. et al. Distribution and accumulation of endocrine-disrupting chemicals and pharmaceuticals in wastewater irrigated soils in Hebei, China. Environ Pollut 159, 1490-1498, doi:10.1016/j.envpol.2011.03.016 (2011).",13
soil,Hebei,Hebei,Tilmicosin,0.42,ng/g dw,2016,summer,"Wei, R. et al. Occurrence of seventeen veterinary antibiotics and resistant bacterias in manure-fertilized vegetable farm soil in four provinces of China. Chemosphere 215, 234-240, doi:10.1016/j.chemosphere.2018.09.152 (2029).",N343
soil,Hebei,"Cangzhou, Botou, Siying Township",Trimethoprim,215000,ng/g dw,2008,summer,"Chen, F. et al. Distribution and accumulation of endocrine-disrupting chemicals and pharmaceuticals in wastewater irrigated soils in Hebei, China. Environ Pollut 159, 1490-1498, doi:10.1016/j.envpol.2011.03.016 (2011).",13
soil,Hebei,Hebei,Tylosin,480000,ng/g dw,2016,summer,"Wei, R. et al. Occurrence of seventeen veterinary antibiotics and resistant bacterias in manure-fertilized vegetable farm soil in four provinces of China. Chemosphere 215, 234-240, doi:10.1016/j.chemosphere.2018.09.152 (2019).",131
soil,Heilongjiang,Harbin,Chlortetracycline,16280016.280000001,ng/g dw,2015,winter,"Lang, L., Di, J., Wang, G. & Shi, L. Study on the Tetracycline Antibiotics Pollution in Soil of Vegetable Bases in Harbin. Environmental Science and Technology 41, 153-159 (2018).",137
soil,Heilongjiang,Harbin,Doxycycline,87530000,ng/g dw,2015,winter,"Lang, L., Di, J., Wang, G. & Shi, L. Study on the Tetracycline Antibiotics Pollution in Soil of Vegetable Bases in Harbin. Environmental Science and Technology 41, 153-159 (2018).",137
soil,Heilongjiang,Harbin,Oxytetracycline,18270000,ng/g dw,2015,winter,"Lang, L., Di, J., Wang, G. & Shi, L. Study on the Tetracycline Antibiotics Pollution in Soil of Vegetable Bases in Harbin. Environmental Science and Technology 41, 153-159 (2018).",137
soil,Heilongjiang,Harbin,Tetracycline,43380000,ng/g dw,2015,winter,"Lang, L., Di, J., Wang, G. & Shi, L. Study on the Tetracycline Antibiotics Pollution in Soil of Vegetable Bases in Harbin. Environmental Science and Technology 41, 153-159 (2018).",137
soil,Henan,Henan,Azithromycin,11.34,ng/g dw,2016,summer,"Wei, R. et al. Occurrence of seventeen veterinary antibiotics and resistant bacterias in manure-fertilized vegetable farm soil in four provinces of China. Chemosphere 215, 234-240, doi:10.1016/j.chemosphere.2018.09.152 (2019).",131
soil,Henan,Henan,Chlortetracycline,21.46,ng/g dw,2016,summer,"Wei, R. et al. Occurrence of seventeen veterinary antibiotics and resistant bacterias in manure-fertilized vegetable farm soil in four provinces of China. Chemosphere 215, 234-240, doi:10.1016/j.chemosphere.2018.09.152 (2019).",131
soil,Henan,Henan,Ciprofloxacin,11.02,ng/g dw,2016,summer,"Wei, R. et al. Occurrence of seventeen veterinary antibiotics and resistant bacterias in manure-fertilized vegetable farm soil in four provinces of China. Chemosphere 215, 234-240, doi:10.1016/j.chemosphere.2018.09.152 (2019).",131
soil,Henan,Henan,Danofloxacin,220000,ng/g dw,2016,summer,"Wei, R. et al. Occurrence of seventeen veterinary antibiotics and resistant bacterias in manure-fertilized vegetable farm soil in four provinces of China. Chemosphere 215, 234-240, doi:10.1016/j.chemosphere.2018.09.152 (2019).",131
soil,Henan,Henan,Doxycycline,12.5,ng/g dw,2016,summer,"Wei, R. et al. Occurrence of seventeen veterinary antibiotics and resistant bacterias in manure-fertilized vegetable farm soil in four provinces of China. Chemosphere 215, 234-240, doi:10.1016/j.chemosphere.2018.09.152 (2019).",131
soil,Henan,Henan,Enrofloxacin,6540000,ng/g dw,2016,summer,"Wei, R. et al. Occurrence of seventeen veterinary antibiotics and resistant bacterias in manure-fertilized vegetable farm soil in four provinces of China. Chemosphere 215, 234-240, doi:10.1016/j.chemosphere.2018.09.152 (2019).",131
soil,Henan,Henan,Florfenicol,60000,ng/g dw,2016,summer,"Wei, R. et al. Occurrence of seventeen veterinary antibiotics and resistant bacterias in manure-fertilized vegetable farm soil in four provinces of China. Chemosphere 215, 234-240, doi:10.1016/j.chemosphere.2018.09.152 (2019).",131
soil,Henan,Henan,Oxytetracycline,37.1,ng/g dw,2016,summer,"Wei, R. et al. Occurrence of seventeen veterinary antibiotics and resistant bacterias in manure-fertilized vegetable farm soil in four provinces of China. Chemosphere 215, 234-240, doi:10.1016/j.chemosphere.2018.09.152 (2019).",131
soil,Henan,Henan,Sarafloxacin,60000,ng/g dw,2016,summer,"Wei, R. et al. Occurrence of seventeen veterinary antibiotics and resistant bacterias in manure-fertilized vegetable farm soil in four provinces of China. Chemosphere 215, 234-240, doi:10.1016/j.chemosphere.2018.09.152 (2019).",131
soil,Henan,Henan,Sulfadiazine,54.17,ng/g dw,2016,summer,"Wei, R. et al. Occurrence of seventeen veterinary antibiotics and resistant bacterias in manure-fertilized vegetable farm soil in four provinces of China. Chemosphere 215, 234-240, doi:10.1016/j.chemosphere.2018.09.152 (2019).",131
soil,Henan,Henan,Sulfadimidine,5.54,ng/g dw,2016,summer,"Wei, R. et al. Occurrence of seventeen veterinary antibiotics and resistant bacterias in manure-fertilized vegetable farm soil in four provinces of China. Chemosphere 215, 234-240, doi:10.1016/j.chemosphere.2018.09.152 (2019).",131
soil,Henan,"Luoyang, Laocheng district",Sulfaguanidine,199500199.5,ng/g dw,NA,NA,"Liu, C. et al. Effects of wastewater treatment and manure application on the dissemination of antimicrobial resistance around swine feedlots. J. Clean. Prod. 280, doi:10.1016/j.jclepro.2020.123794 (2021).",83
soil,Henan,Henan,Sulfamethoxazole,0.56,ng/g dw,2016,summer,"Wei, R. et al. Occurrence of seventeen veterinary antibiotics and resistant bacterias in manure-fertilized vegetable farm soil in four provinces of China. Chemosphere 215, 234-240, doi:10.1016/j.chemosphere.2018.09.152 (2019).",131
soil,Henan,Henan,Sulfamonomethoxine,11.02,ng/g dw,2016,summer,"Wei, R. et al. Occurrence of seventeen veterinary antibiotics and resistant bacterias in manure-fertilized vegetable farm soil in four provinces of China. Chemosphere 215, 234-240, doi:10.1016/j.chemosphere.2018.09.152 (2019).",131
soil,Henan,Henan,Sulfaquinoxaline,1220000,ng/g dw,2016,summer,"Wei, R. et al. Occurrence of seventeen veterinary antibiotics and resistant bacterias in manure-fertilized vegetable farm soil in four provinces of China. Chemosphere 215, 234-240, doi:10.1016/j.chemosphere.2018.09.152 (2019).",131
soil,Henan,Henan,Tetracycline,11.69,ng/g dw,2016,summer,"Wei, R. et al. Occurrence of seventeen veterinary antibiotics and resistant bacterias in manure-fertilized vegetable farm soil in four provinces of China. Chemosphere 215, 234-240, doi:10.1016/j.chemosphere.2018.09.152 (2019).",131
soil,Henan,Henan,Tilmicosin,0.42,ng/g dw,2016,summer,"Wei, R. et al. Occurrence of seventeen veterinary antibiotics and resistant bacterias in manure-fertilized vegetable farm soil in four provinces of China. Chemosphere 215, 234-240, doi:10.1016/j.chemosphere.2018.09.152 (2046).",N345
soil,Henan,Henan,Tylosin,480000,ng/g dw,2016,summer,"Wei, R. et al. Occurrence of seventeen veterinary antibiotics and resistant bacterias in manure-fertilized vegetable farm soil in four provinces of China. Chemosphere 215, 234-240, doi:10.1016/j.chemosphere.2018.09.152 (2019).",131
soil,Hubei,"Xiantao, Shahu County",Azithromycin,800000,ng/g dw,2014,spring,"Tong, L. et al. Distribution of antibiotics in alluvial sediment near animal breeding areas at the Jianghan Plain, Central China. Chemosphere 186 (2017).",109
soil,Hubei,"Xiantao, Shahu County",Chlortetracycline,5800010.234999999,ng/g dw,2014,spring,"Tong, L. et al. Distribution of antibiotics in alluvial sediment near animal breeding areas at the Jianghan Plain, Central China. Chemosphere 186 (2017).",109
soil,Hubei,"Xiantao, Shahu County",Ciprofloxacin,22800000,ng/g dw,2014,spring,"Tong, L. et al. Distribution of antibiotics in alluvial sediment near animal breeding areas at the Jianghan Plain, Central China. Chemosphere 186 (2017).",109
soil,Hubei,"Xiantao, Shahu County",Clarithromycin,700000,ng/g dw,2014,spring,"Tong, L. et al. Distribution of antibiotics in alluvial sediment near animal breeding areas at the Jianghan Plain, Central China. Chemosphere 186 (2017).",109
soil,Hubei,"Xiantao, Shahu County",Doxycycline,9250000,ng/g dw,2014,spring,"Tong, L. et al. Distribution of antibiotics in alluvial sediment near animal breeding areas at the Jianghan Plain, Central China. Chemosphere 186 (2017).",109
soil,Hubei,"Xiantao, Shahu County",Enrofloxacin,30425000,ng/g dw,2014,spring,"Tong, L. et al. Distribution of antibiotics in alluvial sediment near animal breeding areas at the Jianghan Plain, Central China. Chemosphere 186 (2017).",109
soil,Hubei,"Xiantao, Shahu County",Erythromycin,6600000,ng/g dw,2014,spring,"Tong, L. et al. Distribution of antibiotics in alluvial sediment near animal breeding areas at the Jianghan Plain, Central China. Chemosphere 186 (2017).",109
soil,Hubei,"Xiantao, Shahu County",Lomefloxacin,7400000,ng/g dw,2014,spring,"Tong, L. et al. Distribution of antibiotics in alluvial sediment near animal breeding areas at the Jianghan Plain, Central China. Chemosphere 186 (2017).",109
soil,Hubei,"Xiantao, Shahu County",Norfloxacin,19625000,ng/g dw,2014,spring,"Tong, L. et al. Distribution of antibiotics in alluvial sediment near animal breeding areas at the Jianghan Plain, Central China. Chemosphere 186 (2017).",109
soil,Hubei,Three Gorges Reservoir,Ofloxacin,28830000,ng/g dw,2015,summer,"Yan, M., Xu, C., Huang, Y., Nie, H. & Wang, J. Tetracyclines, sulfonamides and quinolones and their corresponding resistance genes in the Three Gorges Reservoir, China. Science of the Total Environment 631-632 (2018).",149
soil,Hubei,"Xiantao, Shahu County",Oxytetracycline,15820000,ng/g dw,2014,spring,"Tong, L. et al. Distribution of antibiotics in alluvial sediment near animal breeding areas at the Jianghan Plain, Central China. Chemosphere 186 (2017).",109
soil,Hubei,"Xiantao, Shahu County",Roxithromycin,1100000,ng/g dw,2014,spring,"Tong, L. et al. Distribution of antibiotics in alluvial sediment near animal breeding areas at the Jianghan Plain, Central China. Chemosphere 186 (2017).",109
soil,Hubei,"Xiantao, Shahu County",Sulfadiazine,2845000,ng/g dw,2014,spring,"Tong, L. et al. Distribution of antibiotics in alluvial sediment near animal breeding areas at the Jianghan Plain, Central China. Chemosphere 186 (2017).",109
soil,Hubei,Three Gorges Reservoir,Sulfadimidine,20380000,ng/g dw,2015,summer,"Yan, M., Xu, C., Huang, Y., Nie, H. & Wang, J. Tetracyclines, sulfonamides and quinolones and their corresponding resistance genes in the Three Gorges Reservoir, China. Science of the Total Environment 631-632 (2018).",149
soil,Hubei,Three Gorges Reservoir,Sulfameter,38980000,ng/g dw,2015,summer,"Yan, M., Xu, C., Huang, Y., Nie, H. & Wang, J. Tetracyclines, sulfonamides and quinolones and their corresponding resistance genes in the Three Gorges Reservoir, China. Science of the Total Environment 631-632 (2018).",149
soil,Hubei,"Xiantao, Shahu County",Sulfamethoxazole,2700000,ng/g dw,2014,spring,"Tong, L. et al. Distribution of antibiotics in alluvial sediment near animal breeding areas at the Jianghan Plain, Central China. Chemosphere 186 (2017).",109
soil,Hubei,Three Gorges Reservoir,Tetracycline,25870000,ng/g dw,2015,summer,"Yan, M., Xu, C., Huang, Y., Nie, H. & Wang, J. Tetracyclines, sulfonamides and quinolones and their corresponding resistance genes in the Three Gorges Reservoir, China. Science of the Total Environment 631-632 (2018).",149
soil,Hubei,Three Gorges Reservoir,Trimethoprim,15330000,ng/g dw,2015,summer,"Yan, M., Xu, C., Huang, Y., Nie, H. & Wang, J. Tetracyclines, sulfonamides and quinolones and their corresponding resistance genes in the Three Gorges Reservoir, China. Science of the Total Environment 631-632 (2018).",149
soil,Jiangsu,Jiangsu,Azithromycin,11340000,ng/g dw,2016,summer,"Wei, R. et al. Occurrence of seventeen veterinary antibiotics and resistant bacterias in manure-fertilized vegetable farm soil in four provinces of China. Chemosphere 215, 234-240, doi:10.1016/j.chemosphere.2018.09.152 (2019).",131
soil,Jiangsu,Jiangsu,Chlortetracycline,3000000,ng/g dw,2009,spring,"Wei, R. et al. Occurrence of 13 veterinary drugs in animal manure-amended soils in Eastern China. Chemosphere 144, 2377-2383, doi:10.1016/j.chemosphere.2015.10.126 (2016).",100
soil,Jiangsu,Jiangsu,Ciprofloxacin,5970000,ng/g dw,2009,spring,"Wei, R. et al. Occurrence of 13 veterinary drugs in animal manure-amended soils in Eastern China. Chemosphere 144, 2377-2383, doi:10.1016/j.chemosphere.2015.10.126 (2016).",100
soil,Jiangsu,Jiangsu,Danofloxacin,220000,ng/g dw,2016,summer,"Wei, R. et al. Occurrence of seventeen veterinary antibiotics and resistant bacterias in manure-fertilized vegetable farm soil in four provinces of China. Chemosphere 215, 234-240, doi:10.1016/j.chemosphere.2018.09.152 (2019).",131
soil,Jiangsu,Jiangsu,Doxycycline,7000000,ng/g dw,2009,spring,"Wei, R. et al. Occurrence of 13 veterinary drugs in animal manure-amended soils in Eastern China. Chemosphere 144, 2377-2383, doi:10.1016/j.chemosphere.2015.10.126 (2016).",100
soil,Jiangsu,Yangtze River Delta,Enrofloxacin,10350000,ng/g dw,2014,summer,"Sun, J., Zeng, Q., Tsang, D. C. W., Zhu, L. Z. & Li, X. D. Antibiotics in the agricultural soils from the Yangtze River Delta, China. Chemosphere 189 (2017).",108
soil,Jiangsu,Jiangsu,Florfenicol,60000,ng/g dw,2009,spring,"Wei, R. et al. Occurrence of 13 veterinary drugs in animal manure-amended soils in Eastern China. Chemosphere 144, 2377-2383, doi:10.1016/j.chemosphere.2015.10.126 (2016).",100
soil,Jiangsu,Yangtze River Delta,Norfloxacin,4900000,ng/g dw,2014,summer,"Sun, J., Zeng, Q., Tsang, D. C. W., Zhu, L. Z. & Li, X. D. Antibiotics in the agricultural soils from the Yangtze River Delta, China. Chemosphere 189 (2017).",108
soil,Jiangsu,Yangtze River Delta,Ofloxacin,9500000,ng/g dw,2014,summer,"Sun, J., Zeng, Q., Tsang, D. C. W., Zhu, L. Z. & Li, X. D. Antibiotics in the agricultural soils from the Yangtze River Delta, China. Chemosphere 189 (2017).",108
soil,Jiangsu,Jiangsu,Oxytetracycline,34870000,ng/g dw,2009,spring,"Wei, R. et al. Occurrence of 13 veterinary drugs in animal manure-amended soils in Eastern China. Chemosphere 144, 2377-2383, doi:10.1016/j.chemosphere.2015.10.126 (2016).",100
soil,Jiangsu,"Xuzhou, Tongshan district",Roxithromycin,400000,ng/g dw,2012,NA,"Haibo, Z. et al. Residues and risks of veterinary antibiotics in protected vegetable soils following application of different manures. Chemosphere 152 (2016).",86
soil,Jiangsu,Jiangsu,Sarafloxacin,60000,ng/g dw,2016,summer,"Wei, R. et al. Occurrence of seventeen veterinary antibiotics and resistant bacterias in manure-fertilized vegetable farm soil in four provinces of China. Chemosphere 215, 234-240, doi:10.1016/j.chemosphere.2018.09.152 (2019).",131
soil,Jiangsu,"Xuzhou, Tongshan district",Sulfachloropyridazine,3400000,ng/g dw,2012,NA,"Haibo, Z. et al. Residues and risks of veterinary antibiotics in protected vegetable soils following application of different manures. Chemosphere 152 (2016).",86
soil,Jiangsu,Yangtze River Delta,Sulfadiazine,600000,ng/g dw,2014,summer,"Sun, J., Zeng, Q., Tsang, D. C. W., Zhu, L. Z. & Li, X. D. Antibiotics in the agricultural soils from the Yangtze River Delta, China. Chemosphere 189 (2017).",108
soil,Jiangsu,Yangtze River Delta,Sulfadimethoxine,750000,ng/g dw,2014,summer,"Sun, J., Zeng, Q., Tsang, D. C. W., Zhu, L. Z. & Li, X. D. Antibiotics in the agricultural soils from the Yangtze River Delta, China. Chemosphere 189 (2017).",108
soil,Jiangsu,Jiangsu,Sulfadimidine,900000,ng/g dw,2009,spring,"Wei, R. et al. Occurrence of 13 veterinary drugs in animal manure-amended soils in Eastern China. Chemosphere 144, 2377-2383, doi:10.1016/j.chemosphere.2015.10.126 (2016).",100
soil,Jiangsu,Jiangsu,Sulfadoxine,33.2,ng/g dw,2009,spring,"Wei, R. et al. Occurrence of 13 veterinary drugs in animal manure-amended soils in Eastern China. Chemosphere 144, 2377-2383, doi:10.1016/j.chemosphere.2015.10.126 (2020).",N340
soil,Jiangsu,Yangtze River Delta,Sulfamerazine,95000,ng/g dw,2014,summer,"Sun, J., Zeng, Q., Tsang, D. C. W., Zhu, L. Z. & Li, X. D. Antibiotics in the agricultural soils from the Yangtze River Delta, China. Chemosphere 189 (2017).",108
soil,Jiangsu,Yangtze River Delta,Sulfamethizole,550000,ng/g dw,2014,summer,"Sun, J., Zeng, Q., Tsang, D. C. W., Zhu, L. Z. & Li, X. D. Antibiotics in the agricultural soils from the Yangtze River Delta, China. Chemosphere 189 (2017).",108
soil,Jiangsu,Jiangsu,Sulfamethoxazole,600000,ng/g dw,2009,spring,"Wei, R. et al. Occurrence of 13 veterinary drugs in animal manure-amended soils in Eastern China. Chemosphere 144, 2377-2383, doi:10.1016/j.chemosphere.2015.10.126 (2016).",100
soil,Jiangsu,Jiangsu,Sulfamonomethoxine,1100000,ng/g dw,2016,summer,"Wei, R. et al. Occurrence of seventeen veterinary antibiotics and resistant bacterias in manure-fertilized vegetable farm soil in four provinces of China. Chemosphere 215, 234-240, doi:10.1016/j.chemosphere.2018.09.152 (2019).",131
soil,Jiangsu,Jiangsu,Sulfaquinoxaline,1220000,ng/g dw,2016,summer,"Wei, R. et al. Occurrence of seventeen veterinary antibiotics and resistant bacterias in manure-fertilized vegetable farm soil in four provinces of China. Chemosphere 215, 234-240, doi:10.1016/j.chemosphere.2018.09.152 (2019).",131
soil,Jiangsu,Jiangsu,Tetracycline,11690000,ng/g dw,2009,spring,"Wei, R. et al. Occurrence of 13 veterinary drugs in animal manure-amended soils in Eastern China. Chemosphere 144, 2377-2383, doi:10.1016/j.chemosphere.2015.10.126 (2016).",100
soil,Jiangsu,Jiangsu,Tilmicosin,0.42,ng/g dw,2016,summer,"Wei, R. et al. Occurrence of seventeen veterinary antibiotics and resistant bacterias in manure-fertilized vegetable farm soil in four provinces of China. Chemosphere 215, 234-240, doi:10.1016/j.chemosphere.2018.09.152 (2080).",N349
soil,Jiangsu,Jiangsu,Tylosin,480000,ng/g dw,2016,summer,"Wei, R. et al. Occurrence of seventeen veterinary antibiotics and resistant bacterias in manure-fertilized vegetable farm soil in four provinces of China. Chemosphere 215, 234-240, doi:10.1016/j.chemosphere.2018.09.152 (2019).",131
soil,Jiangxi,"Ganzhou, Meijiang River",Apo-Oxytetracycline,590004.69,ng/g dw,NA,NA,"Chen, Q. et al. Migration and degradation of swine farm tetracyclines at the river catchment scale: Can the multi-pond system mitigate pollution risk to receiving rivers? Environmental pollution (Barking, Essex : 1987) 220 (2017).",104
soil,Jiangxi,"Ganzhou, Meijiang River",Chlortetracycline,2.83,ng/g dw,NA,NA,"Chen, Q. et al. Migration and degradation of swine farm tetracyclines at the river catchment scale: Can the multi-pond system mitigate pollution risk to receiving rivers? Environmental pollution (Barking, Essex : 1987) 220 (2017).",104
soil,Jiangxi,"Ganzhou, Meijiang River",Doxycycline,1860000,ng/g dw,NA,NA,"Chen, Q. et al. Migration and degradation of swine farm tetracyclines at the river catchment scale: Can the multi-pond system mitigate pollution risk to receiving rivers? Environmental pollution (Barking, Essex : 1987) 220 (2017).",104
soil,Jiangxi,"Nanchang, Donghu district",Enrofloxacin,5866666.66666667,ng/g dw,NA,NA,"Liu, C. et al. Effects of wastewater treatment and manure application on the dissemination of antimicrobial resistance around swine feedlots. J. Clean. Prod. 280, doi:10.1016/j.jclepro.2020.123794 (2021).",83
soil,Jiangxi,"Ganzhou, Meijiang River",Epianhydrotetracycline,3450000,ng/g dw,NA,NA,"Chen, Q. et al. Migration and degradation of swine farm tetracyclines at the river catchment scale: Can the multi-pond system mitigate pollution risk to receiving rivers? Environmental pollution (Barking, Essex : 1987) 220 (2017).",104
soil,Jiangxi,"Ganzhou, Meijiang River",Epitetracycline,210000,ng/g dw,NA,NA,"Chen, Q. et al. Migration and degradation of swine farm tetracyclines at the river catchment scale: Can the multi-pond system mitigate pollution risk to receiving rivers? Environmental pollution (Barking, Essex : 1987) 220 (2017).",104
soil,Jiangxi,"Ganzhou, Meijiang River",Isochlortetracycline,840000,ng/g dw,NA,NA,"Chen, Q. et al. Migration and degradation of swine farm tetracyclines at the river catchment scale: Can the multi-pond system mitigate pollution risk to receiving rivers? Environmental pollution (Barking, Essex : 1987) 220 (2017).",104
soil,Jiangxi,"Nanchang, Donghu district",Norfloxacin,6966666.666666671,ng/g dw,NA,NA,"Liu, C. et al. Effects of wastewater treatment and manure application on the dissemination of antimicrobial resistance around swine feedlots. J. Clean. Prod. 280, doi:10.1016/j.jclepro.2020.123794 (2021).",83
soil,Jiangxi,"Nanchang, Donghu district",Ofloxacin,28600000,ng/g dw,NA,NA,"Liu, C. et al. Effects of wastewater treatment and manure application on the dissemination of antimicrobial resistance around swine feedlots. J. Clean. Prod. 280, doi:10.1016/j.jclepro.2020.123794 (2021).",83
soil,Jiangxi,"Ganzhou, Meijiang River",Oxytetracycline,21590000,ng/g dw,NA,NA,"Chen, Q. et al. Migration and degradation of swine farm tetracyclines at the river catchment scale: Can the multi-pond system mitigate pollution risk to receiving rivers? Environmental pollution (Barking, Essex : 1987) 220 (2017).",104
soil,Jiangxi,"Nanchang, Donghu district",Sulfamethoxazole,39966666.666666694,ng/g dw,NA,NA,"Liu, C. et al. Effects of wastewater treatment and manure application on the dissemination of antimicrobial resistance around swine feedlots. J. Clean. Prod. 280, doi:10.1016/j.jclepro.2020.123794 (2021).",83
soil,Jiangxi,"Nanchang, Donghu district",Sulfamethoxydiazine,1436668.103333165,ng/g dw,NA,NA,"Liu, C. et al. Effects of wastewater treatment and manure application on the dissemination of antimicrobial resistance around swine feedlots. J. Clean. Prod. 280, doi:10.1016/j.jclepro.2020.123794 (2021).",83
soil,Jiangxi,"Nanchang, Donghu district",Sulfamonomethoxine,6166666.66666667,ng/g dw,NA,NA,"Liu, C. et al. Effects of wastewater treatment and manure application on the dissemination of antimicrobial resistance around swine feedlots. J. Clean. Prod. 280, doi:10.1016/j.jclepro.2020.123794 (2021).",83
soil,Jiangxi,"Nanchang, Donghu district",Sulfathiazole,4800000,ng/g dw,NA,NA,"Liu, C. et al. Effects of wastewater treatment and manure application on the dissemination of antimicrobial resistance around swine feedlots. J. Clean. Prod. 280, doi:10.1016/j.jclepro.2020.123794 (2021).",83
soil,Jiangxi,"Ganzhou, Meijiang River",Tetracycline,690000,ng/g dw,NA,NA,"Chen, Q. et al. Migration and degradation of swine farm tetracyclines at the river catchment scale: Can the multi-pond system mitigate pollution risk to receiving rivers? Environmental pollution (Barking, Essex : 1987) 220 (2017).",104
soil,Jilin,"Changchun, Gongzhuling",Doxycycline,8375008.375,ng/g dw,NA,NA,"Liu, C. et al. Effects of wastewater treatment and manure application on the dissemination of antimicrobial resistance around swine feedlots. J. Clean. Prod. 280, doi:10.1016/j.jclepro.2020.123794 (2021).",83
soil,Jilin,"Changchun, Gongzhuling",Ofloxacin,149150149.15,ng/g dw,NA,NA,"Liu, C. et al. Effects of wastewater treatment and manure application on the dissemination of antimicrobial resistance around swine feedlots. J. Clean. Prod. 280, doi:10.1016/j.jclepro.2020.123794 (2021).",83
soil,Jilin,"Changchun, Gongzhuling",Oxytetracycline,4600004.6,ng/g dw,NA,NA,"Liu, C. et al. Effects of wastewater treatment and manure application on the dissemination of antimicrobial resistance around swine feedlots. J. Clean. Prod. 280, doi:10.1016/j.jclepro.2020.123794 (2021).",83
soil,Jilin,"Changchun, Gongzhuling",Sulfamonomethoxine,1217501.2175,ng/g dw,NA,NA,"Liu, C. et al. Effects of wastewater treatment and manure application on the dissemination of antimicrobial resistance around swine feedlots. J. Clean. Prod. 280, doi:10.1016/j.jclepro.2020.123794 (2021).",83
soil,Liaoning,Liaoning,Chlortetracycline,455.85,ng/g dw,2013,summer,"Hou, J. et al. Occurrence and distribution of sulfonamides, tetracyclines, quinolones,Macrolides, and nitrofurans in livestock manure and amended soils of Northern China. Environmental science and pollution research international 22 (2015).",178
soil,Liaoning,"Shenyang, Wensheng district",Ciprofloxacin,36.3,ng/g dw,2013,autumn,"Xu, Y., Yu, W., Ma, Q. & Zhou, H. Occurrence of (fluoro)quinolones and (fluoro)quinolone resistance in soil receiving swine manure for 11 years. Sci Total Environ 530-531, 191-197, doi:10.1016/j.scitotenv.2015.04.046 (2015).",171
soil,Liaoning,Liaoning,Doxycycline,182.45,ng/g dw,2013,summer,"Hou, J. et al. Occurrence and distribution of sulfonamides, tetracyclines, quinolones,Macrolides, and nitrofurans in livestock manure and amended soils of Northern China. Environmental science and pollution research international 22 (2015).",178
soil,Liaoning,"Shenyang, Wensheng district",Enrofloxacin,44.3,ng/g dw,2013,autumn,"Xu, Y., Yu, W., Ma, Q. & Zhou, H. Occurrence of (fluoro)quinolones and (fluoro)quinolone resistance in soil receiving swine manure for 11 years. Sci Total Environ 530-531, 191-197, doi:10.1016/j.scitotenv.2015.04.046 (2015).",171
soil,Liaoning,Liaoning,Erythromycin,6.25,ng/g dw,2013,summer,"Hou, J. et al. Occurrence and distribution of sulfonamides, tetracyclines, quinolones,Macrolides, and nitrofurans in livestock manure and amended soils of Northern China. Environmental science and pollution research international 22 (2015).",178
soil,Liaoning,Liaoning,Furazolidone,31.8,ng/g dw,2013,summer,"Hou, J. et al. Occurrence and distribution of sulfonamides, tetracyclines, quinolones,Macrolides, and nitrofurans in livestock manure and amended soils of Northern China. Environmental science and pollution research international 22 (2031).",N178
soil,Liaoning,"Shenyang, Wensheng district",Lomefloxacin,475000,ng/g dw,2013,autumn,"Xu, Y., Yu, W., Ma, Q. & Zhou, H. Occurrence of (fluoro)quinolones and (fluoro)quinolone resistance in soil receiving swine manure for 11 years. Sci Total Environ 530-531, 191-197, doi:10.1016/j.scitotenv.2015.04.046 (2015).",171
soil,Liaoning,"Shenyang, Wensheng district",Norfloxacin,3575000,ng/g dw,2013,autumn,"Xu, Y., Yu, W., Ma, Q. & Zhou, H. Occurrence of (fluoro)quinolones and (fluoro)quinolone resistance in soil receiving swine manure for 11 years. Sci Total Environ 530-531, 191-197, doi:10.1016/j.scitotenv.2015.04.046 (2015).",171
soil,Liaoning,"Shenyang, Wensheng district",Ofloxacin,12.8,ng/g dw,2013,autumn,"Xu, Y., Yu, W., Ma, Q. & Zhou, H. Occurrence of (fluoro)quinolones and (fluoro)quinolone resistance in soil receiving swine manure for 11 years. Sci Total Environ 530-531, 191-197, doi:10.1016/j.scitotenv.2015.04.046 (2015).",171
soil,Liaoning,Liaoning,Oxytetracycline,93.4,ng/g dw,2013,summer,"Hou, J. et al. Occurrence and distribution of sulfonamides, tetracyclines, quinolones,Macrolides, and nitrofurans in livestock manure and amended soils of Northern China. Environmental science and pollution research international 22 (2015).",178
soil,Liaoning,Liaoning,Roxithromycin,16.8,ng/g dw,2013,summer,"Hou, J. et al. Occurrence and distribution of sulfonamides, tetracyclines, quinolones,Macrolides, and nitrofurans in livestock manure and amended soils of Northern China. Environmental science and pollution research international 22 (2015).",178
soil,Liaoning,Liaoning,Sulfachloropyridazine,17.65,ng/g dw,2013,summer,"Hou, J. et al. Occurrence and distribution of sulfonamides, tetracyclines, quinolones,Macrolides, and nitrofurans in livestock manure and amended soils of Northern China. Environmental science and pollution research international 22 (2015).",178
soil,Liaoning,Liaoning,Sulfadiazine,188235.294117647,ng/g dw,2013,summer,"Hou, J. et al. Occurrence and distribution of sulfonamides, tetracyclines, quinolones,Macrolides, and nitrofurans in livestock manure and amended soils of Northern China. Environmental science and pollution research international 22 (2015).",178
soil,Liaoning,Liaoning,Sulfadimidine,39.2,ng/g dw,2013,summer,"Hou, J. et al. Occurrence and distribution of sulfonamides, tetracyclines, quinolones,Macrolides, and nitrofurans in livestock manure and amended soils of Northern China. Environmental science and pollution research international 22 (2015).",178
soil,Liaoning,Liaoning,Sulfamethoxazole,8.3,ng/g dw,2013,summer,"Hou, J. et al. Occurrence and distribution of sulfonamides, tetracyclines, quinolones,Macrolides, and nitrofurans in livestock manure and amended soils of Northern China. Environmental science and pollution research international 22 (2015).",178
soil,Liaoning,Liaoning,Sulfamonomethoxine,6.9,ng/g dw,2013,summer,"Hou, J. et al. Occurrence and distribution of sulfonamides, tetracyclines, quinolones,Macrolides, and nitrofurans in livestock manure and amended soils of Northern China. Environmental science and pollution research international 22 (2015).",178
soil,Liaoning,Liaoning,Tetracycline,11.8,ng/g dw,2013,summer,"Hou, J. et al. Occurrence and distribution of sulfonamides, tetracyclines, quinolones,Macrolides, and nitrofurans in livestock manure and amended soils of Northern China. Environmental science and pollution research international 22 (2015).",178
soil,Liaoning,Liaoning,Trimethoprim,9.5,ng/g dw,2013,summer,"Hou, J. et al. Occurrence and distribution of sulfonamides, tetracyclines, quinolones,Macrolides, and nitrofurans in livestock manure and amended soils of Northern China. Environmental science and pollution research international 22 (2015).",178
soil,Liaoning,Liaoning,Tylosin,18,ng/g dw,2013,summer,"Hou, J. et al. Occurrence and distribution of sulfonamides, tetracyclines, quinolones,Macrolides, and nitrofurans in livestock manure and amended soils of Northern China. Environmental science and pollution research international 22 (2015).",178
soil,Shandong,"Jinan, Jiyang District",Azithromycin,4600000,ng/g dw,2019,NA,"Wang, K., Reguyal, F. & Zhuang, T. Risk assessment and investigation of landfill leachate as a source of emerging organic contaminants to the surrounding environment: a case study of the largest landfill in Jinan City, China. Environ Sci Pollut Res Int, doi:10.1007/s11356-020-10093-8 (2020).",71
soil,Shandong,Shandong,Chloramphenicol,1950000,ng/g dw,2015,summer,"Hanna, N. et al. Presence of antibiotic residues in various environmental compartments of Shandong province in eastern China: Its potential for resistance development and ecological and human risk. Environ Int 114, 131-142, doi:10.1016/j.envint.2018.02.003 (2018).",125
soil,Shandong,Shandong,Chlortetracycline,35620035.620000005,ng/g dw,2010,summer,"Yin, C. Y. et al. Pollution characteristics and accumulation of antibiotics in typical protected vegetable soils. Huan Jing Ke Xue 33, 2810-2816 (2012).",189
soil,Shandong,Shandong,Ciprofloxacin,104400000,ng/g dw,2015,summer,"Hanna, N. et al. Presence of antibiotic residues in various environmental compartments of Shandong province in eastern China: Its potential for resistance development and ecological and human risk. Environ Int 114, 131-142, doi:10.1016/j.envint.2018.02.003 (2018).",125
soil,Shandong,Shandong,Doxycycline,33406500,ng/g dw,2015,summer,"Hanna, N. et al. Presence of antibiotic residues in various environmental compartments of Shandong province in eastern China: Its potential for resistance development and ecological and human risk. Environ Int 114, 131-142, doi:10.1016/j.envint.2018.02.003 (2018).",125
soil,Shandong,Shandong,Enrofloxacin,18600000,ng/g dw,2015,summer,"Hanna, N. et al. Presence of antibiotic residues in various environmental compartments of Shandong province in eastern China: Its potential for resistance development and ecological and human risk. Environ Int 114, 131-142, doi:10.1016/j.envint.2018.02.003 (2018).",125
soil,Shandong,Shandong,Erythromycin-H2O,3000,ng/g dw,2010,summer,"Yin, C. Y. et al. Pollution characteristics and accumulation of antibiotics in typical protected vegetable soils. Huan Jing Ke Xue 33, 2810-2816 (2012).",189
soil,Shandong,Shandong,Florfenicol,226500,ng/g dw,2015,summer,"Hanna, N. et al. Presence of antibiotic residues in various environmental compartments of Shandong province in eastern China: Its potential for resistance development and ecological and human risk. Environ Int 114, 131-142, doi:10.1016/j.envint.2018.02.003 (2018).",125
soil,Shandong,Shandong,Levofloxacin,1057000,ng/g dw,2015,summer,"Hanna, N. et al. Presence of antibiotic residues in various environmental compartments of Shandong province in eastern China: Its potential for resistance development and ecological and human risk. Environ Int 114, 131-142, doi:10.1016/j.envint.2018.02.003 (2018).",125
soil,Shandong,Shandong,Norfloxacin,55700000,ng/g dw,2015,summer,"Hanna, N. et al. Presence of antibiotic residues in various environmental compartments of Shandong province in eastern China: Its potential for resistance development and ecological and human risk. Environ Int 114, 131-142, doi:10.1016/j.envint.2018.02.003 (2018).",125
soil,Shandong,Shandong,Ofloxacin,24190000,ng/g dw,2010,summer,"Yin, C. Y. et al. Pollution characteristics and accumulation of antibiotics in typical protected vegetable soils. Huan Jing Ke Xue 33, 2810-2816 (2012).",189
soil,Shandong,Shandong,Oxytetracycline,107150000,ng/g dw,2010,summer,"Yin, C. Y. et al. Pollution characteristics and accumulation of antibiotics in typical protected vegetable soils. Huan Jing Ke Xue 33, 2810-2816 (2012).",189
soil,Shandong,Shandong,Roxithromycin,290000,ng/g dw,2010,summer,"Yin, C. Y. et al. Pollution characteristics and accumulation of antibiotics in typical protected vegetable soils. Huan Jing Ke Xue 33, 2810-2816 (2012).",189
soil,Shandong,Shandong,Sulfadiazine,675000,ng/g dw,2010,summer,"Yin, C. Y. et al. Pollution characteristics and accumulation of antibiotics in typical protected vegetable soils. Huan Jing Ke Xue 33, 2810-2816 (2012).",189
soil,Shandong,Shandong,Sulfadimidine,2220000,ng/g dw,2010,summer,"Yin, C. Y. et al. Pollution characteristics and accumulation of antibiotics in typical protected vegetable soils. Huan Jing Ke Xue 33, 2810-2816 (2012).",189
soil,Shandong,Shandong,Sulfamethoxazole,170000,ng/g dw,2010,summer,"Yin, C. Y. et al. Pollution characteristics and accumulation of antibiotics in typical protected vegetable soils. Huan Jing Ke Xue 33, 2810-2816 (2012).",189
soil,Shandong,Shandong,Tetracycline,29300000,ng/g dw,2010,summer,"Yin, C. Y. et al. Pollution characteristics and accumulation of antibiotics in typical protected vegetable soils. Huan Jing Ke Xue 33, 2810-2816 (2012).",189
soil,Shanghai,Shanghai,Chloramphenicol,4600000000,ng/g dw,NA,NA,"Ji, X. et al. Antibiotic resistance gene abundances associated with antibiotics and heavy metals in animal manures and agricultural soils adjacent to feedlots in Shanghai; China. Journal of Hazardous Materials 235-236 (2012).",166
soil,Shanghai,"Shanghai, Qingpu district",Chlortetracycline,750000.75,ng/g dw,2012,NA,"Haibo, Z. et al. Residues and risks of veterinary antibiotics in protected vegetable soils following application of different manures. Chemosphere 152 (2016).",86
soil,Shanghai,Yangtze River Delta,Ciprofloxacin,17800000,ng/g dw,2014,summer,"Sun, J., Zeng, Q., Tsang, D. C. W., Zhu, L. Z. & Li, X. D. Antibiotics in the agricultural soils from the Yangtze River Delta, China. Chemosphere 189 (2017).",108
soil,Shanghai,Shanghai,Difloxacin,370000,ng/g dw,2006,winter,"Gao, L., Shi, Y., Li, W., Liu, J. & Cai, Y. Occurrence and distribution of antibiotics in urban soil in Beijing and Shanghai, China. Environmental science and pollution research international 22 (2015).",179
soil,Shanghai,Yangtze River Delta,Doxycycline,7450000,ng/g dw,2014,summer,"Sun, J., Zeng, Q., Tsang, D. C. W., Zhu, L. Z. & Li, X. D. Antibiotics in the agricultural soils from the Yangtze River Delta, China. Chemosphere 189 (2017).",108
soil,Shanghai,Yangtze River Delta,Enrofloxacin,6290000,ng/g dw,2014,summer,"Sun, J., Zeng, Q., Tsang, D. C. W., Zhu, L. Z. & Li, X. D. Antibiotics in the agricultural soils from the Yangtze River Delta, China. Chemosphere 189 (2017).",108
soil,Shanghai,Shanghai,Erythromycin-H2O,50000,ng/g dw,2006,winter,"Gao, L., Shi, Y., Li, W., Liu, J. & Cai, Y. Occurrence and distribution of antibiotics in urban soil in Beijing and Shanghai, China. Environmental science and pollution research international 22 (2015).",179
soil,Shanghai,Shanghai,Fleroxacin,6020000,ng/g dw,2006,winter,"Gao, L., Shi, Y., Li, W., Liu, J. & Cai, Y. Occurrence and distribution of antibiotics in urban soil in Beijing and Shanghai, China. Environmental science and pollution research international 22 (2015).",179
soil,Shanghai,Shanghai,Lomefloxacin,2320000,ng/g dw,2006,winter,"Gao, L., Shi, Y., Li, W., Liu, J. & Cai, Y. Occurrence and distribution of antibiotics in urban soil in Beijing and Shanghai, China. Environmental science and pollution research international 22 (2015).",179
soil,Shanghai,Yangtze River Delta,Norfloxacin,20843350,ng/g dw,2014,summer,"Sun, J., Zeng, Q., Tsang, D. C. W., Zhu, L. Z. & Li, X. D. Antibiotics in the agricultural soils from the Yangtze River Delta, China. Chemosphere 189 (2017).",108
soil,Shanghai,Yangtze River Delta,Ofloxacin,11351500,ng/g dw,2014,summer,"Sun, J., Zeng, Q., Tsang, D. C. W., Zhu, L. Z. & Li, X. D. Antibiotics in the agricultural soils from the Yangtze River Delta, China. Chemosphere 189 (2017).",108
soil,Shanghai,Yangtze River Delta,Oxytetracycline,18900000,ng/g dw,2014,summer,"Sun, J., Zeng, Q., Tsang, D. C. W., Zhu, L. Z. & Li, X. D. Antibiotics in the agricultural soils from the Yangtze River Delta, China. Chemosphere 189 (2017).",108
soil,Shanghai,Shanghai,Roxithromycin,580000,ng/g dw,2006,winter,"Gao, L., Shi, Y., Li, W., Liu, J. & Cai, Y. Occurrence and distribution of antibiotics in urban soil in Beijing and Shanghai, China. Environmental science and pollution research international 22 (2015).",179
soil,Shanghai,Shanghai,Sarafloxacin,220000,ng/g dw,2006,winter,"Gao, L., Shi, Y., Li, W., Liu, J. & Cai, Y. Occurrence and distribution of antibiotics in urban soil in Beijing and Shanghai, China. Environmental science and pollution research international 22 (2015).",179
soil,Shanghai,Shanghai,Spiramycin,20000,ng/g dw,2006,winter,"Gao, L., Shi, Y., Li, W., Liu, J. & Cai, Y. Occurrence and distribution of antibiotics in urban soil in Beijing and Shanghai, China. Environmental science and pollution research international 22 (2015).",179
soil,Shanghai,"Shanghai, Qingpu district",Sulfachloropyridazine,3000000,ng/g dw,2012,NA,"Haibo, Z. et al. Residues and risks of veterinary antibiotics in protected vegetable soils following application of different manures. Chemosphere 152 (2016).",86
soil,Shanghai,Yangtze River Delta,Sulfadiazine,490000,ng/g dw,2014,summer,"Sun, J., Zeng, Q., Tsang, D. C. W., Zhu, L. Z. & Li, X. D. Antibiotics in the agricultural soils from the Yangtze River Delta, China. Chemosphere 189 (2017).",108
soil,Shanghai,Yangtze River Delta,Sulfadimethoxine,600000,ng/g dw,2014,summer,"Sun, J., Zeng, Q., Tsang, D. C. W., Zhu, L. Z. & Li, X. D. Antibiotics in the agricultural soils from the Yangtze River Delta, China. Chemosphere 189 (2017).",108
soil,Shanghai,Yangtze River Delta,Sulfadimidine,425000,ng/g dw,2014,summer,"Sun, J., Zeng, Q., Tsang, D. C. W., Zhu, L. Z. & Li, X. D. Antibiotics in the agricultural soils from the Yangtze River Delta, China. Chemosphere 189 (2017).",108
soil,Shanghai,Yangtze River Delta,Sulfamerazine,10000,ng/g dw,2014,summer,"Sun, J., Zeng, Q., Tsang, D. C. W., Zhu, L. Z. & Li, X. D. Antibiotics in the agricultural soils from the Yangtze River Delta, China. Chemosphere 189 (2017).",108
soil,Shanghai,Yangtze River Delta,Sulfamethizole,550000,ng/g dw,2014,summer,"Sun, J., Zeng, Q., Tsang, D. C. W., Zhu, L. Z. & Li, X. D. Antibiotics in the agricultural soils from the Yangtze River Delta, China. Chemosphere 189 (2017).",108
soil,Shanghai,Shanghai,Sulfamethoxazole,570000,ng/g dw,NA,NA,"Ji, X. et al. Antibiotic resistance gene abundances associated with antibiotics and heavy metals in animal manures and agricultural soils adjacent to feedlots in Shanghai; China. Journal of Hazardous Materials 235-236 (2012).",166
soil,Shanghai,Shanghai,Sulfamonomethoxine,800000,ng/g dw,2006,winter,"Gao, L., Shi, Y., Li, W., Liu, J. & Cai, Y. Occurrence and distribution of antibiotics in urban soil in Beijing and Shanghai, China. Environmental science and pollution research international 22 (2015).",179
soil,Shanghai,Shanghai,Sulfapyridine,10000,ng/g dw,2006,winter,"Gao, L., Shi, Y., Li, W., Liu, J. & Cai, Y. Occurrence and distribution of antibiotics in urban soil in Beijing and Shanghai, China. Environmental science and pollution research international 22 (2015).",179
soil,Shanghai,Yangtze River Delta,Tetracycline,2070000,ng/g dw,2014,summer,"Sun, J., Zeng, Q., Tsang, D. C. W., Zhu, L. Z. & Li, X. D. Antibiotics in the agricultural soils from the Yangtze River Delta, China. Chemosphere 189 (2017).",108
soil,Shanghai,Shanghai,Tylosin,3000,ng/g dw,2006,winter,"Gao, L., Shi, Y., Li, W., Liu, J. & Cai, Y. Occurrence and distribution of antibiotics in urban soil in Beijing and Shanghai, China. Environmental science and pollution research international 22 (2015).",179
soil,Shanxi,"Taiyuan, Xiaodian district",Chlortetracycline,5009.964,ng/g dw,NA,NA,"Li, J., Dong, Y., Sun, Z. & Ding, H. in 16th International Symposium on Water-Rock Interaction Vol. 98 (eds O. Shoukar-Stach et al.) (EDP Sciences, Cedex A, 2019).",33
soil,Shanxi,"Taiyuan, Xiaodian district",Ciprofloxacin,1220000,ng/g dw,NA,NA,"Li, J., Dong, Y., Sun, Z. & Ding, H. in 16th International Symposium on Water-Rock Interaction Vol. 98 (eds O. Shoukar-Stach et al.) (EDP Sciences, Cedex A, 2019).",33
soil,Shanxi,"Taiyuan, Xiaodian district",Clarithromycin,250000,ng/g dw,NA,NA,"Li, J., Dong, Y., Sun, Z. & Ding, H. in 16th International Symposium on Water-Rock Interaction Vol. 98 (eds O. Shoukar-Stach et al.) (EDP Sciences, Cedex A, 2019).",33
soil,Shanxi,"Taiyuan, Xiaodian district",Doxycycline,21392000,ng/g dw,NA,NA,"Li, J., Dong, Y., Sun, Z. & Ding, H. in 16th International Symposium on Water-Rock Interaction Vol. 98 (eds O. Shoukar-Stach et al.) (EDP Sciences, Cedex A, 2019).",33
soil,Shanxi,"Taiyuan, Xiaodian district",Enrofloxacin,34242000,ng/g dw,NA,NA,"Li, J., Dong, Y., Sun, Z. & Ding, H. in 16th International Symposium on Water-Rock Interaction Vol. 98 (eds O. Shoukar-Stach et al.) (EDP Sciences, Cedex A, 2019).",33
soil,Shanxi,"Taiyuan, Xiaodian district",Erythromycin,13636000,ng/g dw,NA,NA,"Li, J., Dong, Y., Sun, Z. & Ding, H. in 16th International Symposium on Water-Rock Interaction Vol. 98 (eds O. Shoukar-Stach et al.) (EDP Sciences, Cedex A, 2019).",33
soil,Shanxi,"Taiyuan, Xiaodian district",Fleroxacin,81278000,ng/g dw,NA,NA,"Li, J., Dong, Y., Sun, Z. & Ding, H. in 16th International Symposium on Water-Rock Interaction Vol. 98 (eds O. Shoukar-Stach et al.) (EDP Sciences, Cedex A, 2019).",33
soil,Shanxi,"Taiyuan, Xiaodian district",Gatifloxacin,16038000,ng/g dw,NA,NA,"Li, J., Dong, Y., Sun, Z. & Ding, H. in 16th International Symposium on Water-Rock Interaction Vol. 98 (eds O. Shoukar-Stach et al.) (EDP Sciences, Cedex A, 2019).",33
soil,Shanxi,"Taiyuan, Xiaodian district",Lomefloxacin,20330000,ng/g dw,NA,NA,"Li, J., Dong, Y., Sun, Z. & Ding, H. in 16th International Symposium on Water-Rock Interaction Vol. 98 (eds O. Shoukar-Stach et al.) (EDP Sciences, Cedex A, 2019).",33
soil,Shanxi,"Taiyuan, Xiaodian district",Norfloxacin,2540000,ng/g dw,NA,NA,"Li, J., Dong, Y., Sun, Z. & Ding, H. in 16th International Symposium on Water-Rock Interaction Vol. 98 (eds O. Shoukar-Stach et al.) (EDP Sciences, Cedex A, 2019).",33
soil,Shanxi,"Taiyuan, Xiaodian district",Ofloxacin,1090000,ng/g dw,NA,NA,"Li, J., Dong, Y., Sun, Z. & Ding, H. in 16th International Symposium on Water-Rock Interaction Vol. 98 (eds O. Shoukar-Stach et al.) (EDP Sciences, Cedex A, 2019).",33
soil,Shanxi,"Taiyuan, Xiaodian district",Oxytetracycline,1728000,ng/g dw,NA,NA,"Li, J., Dong, Y., Sun, Z. & Ding, H. in 16th International Symposium on Water-Rock Interaction Vol. 98 (eds O. Shoukar-Stach et al.) (EDP Sciences, Cedex A, 2019).",33
soil,Shanxi,"Taiyuan, Xiaodian district",Roxithromycin,168000,ng/g dw,NA,NA,"Li, J., Dong, Y., Sun, Z. & Ding, H. in 16th International Symposium on Water-Rock Interaction Vol. 98 (eds O. Shoukar-Stach et al.) (EDP Sciences, Cedex A, 2019).",33
soil,Shanxi,"Shanxi, Taiyuan, Xiaodian district",Sparfloxacin,12.004,ng/g dw,NA,NA,"Li, J., Dong, Y., Sun, Z. & Ding, H. in 16th International Symposium on Water-Rock Interaction Vol. 98 (eds O. Shoukar-Stach et al.) (EDP Sciences, Cedex A, 2026).",N247
soil,Shanxi,Fenhe River,Sulfachinoxaline,15000,ng/g dw,2017,NA,"Zhu, Y. et al. The occurrence and spatial distribution of typical antibiotics in soils along the Fenhe River in Shanxi Province. J. Soils Sed. 20, 889-899, doi:10.1007/s11368-019-02402-7 (2020).",81
soil,Shanxi,"Taiyuan, Xiaodian district",Sulfadiazine,876000,ng/g dw,NA,NA,"Li, J., Dong, Y., Sun, Z. & Ding, H. in 16th International Symposium on Water-Rock Interaction Vol. 98 (eds O. Shoukar-Stach et al.) (EDP Sciences, Cedex A, 2019).",33
soil,Shanxi,Fenhe River,Sulfadimethoxine,20000,ng/g dw,2017,NA,"Zhu, Y. et al. The occurrence and spatial distribution of typical antibiotics in soils along the Fenhe River in Shanxi Province. J. Soils Sed. 20, 889-899, doi:10.1007/s11368-019-02402-7 (2020).",81
soil,Shanxi,"Taiyuan, Xiaodian district",Sulfadimidine,522000,ng/g dw,NA,NA,"Li, J., Dong, Y., Sun, Z. & Ding, H. in 16th International Symposium on Water-Rock Interaction Vol. 98 (eds O. Shoukar-Stach et al.) (EDP Sciences, Cedex A, 2019).",33
soil,Shanxi,"Taiyuan, Xiaodian district",Sulfamerazine,418000,ng/g dw,NA,NA,"Li, J., Dong, Y., Sun, Z. & Ding, H. in 16th International Symposium on Water-Rock Interaction Vol. 98 (eds O. Shoukar-Stach et al.) (EDP Sciences, Cedex A, 2019).",33
soil,Shanxi,"Taiyuan, Xiaodian district",Sulfameter,246000,ng/g dw,NA,NA,"Li, J., Dong, Y., Sun, Z. & Ding, H. in 16th International Symposium on Water-Rock Interaction Vol. 98 (eds O. Shoukar-Stach et al.) (EDP Sciences, Cedex A, 2019).",33
soil,Shanxi,"Taiyuan, Xiaodian district",Sulfamethoxazole,3609000,ng/g dw,NA,NA,"Li, J., Dong, Y., Sun, Z. & Ding, H. in 16th International Symposium on Water-Rock Interaction Vol. 98 (eds O. Shoukar-Stach et al.) (EDP Sciences, Cedex A, 2019).",33
soil,Shanxi,"Taiyuan, Xiaodian district",Sulfamethoxypyridazine,434000,ng/g dw,NA,NA,"Li, J., Dong, Y., Sun, Z. & Ding, H. in 16th International Symposium on Water-Rock Interaction Vol. 98 (eds O. Shoukar-Stach et al.) (EDP Sciences, Cedex A, 2019).",33
soil,Shanxi,Fenhe River,Sulfamonomethoxine,10000,ng/g dw,2017,NA,"Zhu, Y. et al. The occurrence and spatial distribution of typical antibiotics in soils along the Fenhe River in Shanxi Province. J. Soils Sed. 20, 889-899, doi:10.1007/s11368-019-02402-7 (2020).",81
soil,Shanxi,"Taiyuan, Xiaodian district",Sulfapyridine,478000,ng/g dw,NA,NA,"Li, J., Dong, Y., Sun, Z. & Ding, H. in 16th International Symposium on Water-Rock Interaction Vol. 98 (eds O. Shoukar-Stach et al.) (EDP Sciences, Cedex A, 2019).",33
soil,Shanxi,"Taiyuan, Xiaodian district",Tetracycline,1767000,ng/g dw,NA,NA,"Li, J., Dong, Y., Sun, Z. & Ding, H. in 16th International Symposium on Water-Rock Interaction Vol. 98 (eds O. Shoukar-Stach et al.) (EDP Sciences, Cedex A, 2019).",33
soil,Sichuan,Sichuan,Azithromycin,11.34,ng/g dw,2016,summer,"Wei, R. et al. Occurrence of seventeen veterinary antibiotics and resistant bacterias in manure-fertilized vegetable farm soil in four provinces of China. Chemosphere 215, 234-240, doi:10.1016/j.chemosphere.2018.09.152 (2019).",131
soil,Sichuan,Sichuan,Chlortetracycline,21.46,ng/g dw,2016,summer,"Wei, R. et al. Occurrence of seventeen veterinary antibiotics and resistant bacterias in manure-fertilized vegetable farm soil in four provinces of China. Chemosphere 215, 234-240, doi:10.1016/j.chemosphere.2018.09.152 (2019).",131
soil,Sichuan,Sichuan,Ciprofloxacin,2985002.9850000003,ng/g dw,2016,summer,"Wei, R. et al. Occurrence of seventeen veterinary antibiotics and resistant bacterias in manure-fertilized vegetable farm soil in four provinces of China. Chemosphere 215, 234-240, doi:10.1016/j.chemosphere.2018.09.152 (2019).",131
soil,Sichuan,Sichuan,Danofloxacin,220000,ng/g dw,2016,summer,"Wei, R. et al. Occurrence of seventeen veterinary antibiotics and resistant bacterias in manure-fertilized vegetable farm soil in four provinces of China. Chemosphere 215, 234-240, doi:10.1016/j.chemosphere.2018.09.152 (2019).",131
soil,Sichuan,Sichuan,Doxycycline,6250006.25,ng/g dw,2016,summer,"Wei, R. et al. Occurrence of seventeen veterinary antibiotics and resistant bacterias in manure-fertilized vegetable farm soil in four provinces of China. Chemosphere 215, 234-240, doi:10.1016/j.chemosphere.2018.09.152 (2019).",131
soil,Sichuan,Sichuan Basin (17 municipal units; livestock farms),Enoxacin,3.685,ng/g dw,2022–2023,NA,"Lai, C. (2025). Overall Evaluation of Antibiotics Occurrence from Large-Scale Livestock Farms in Sichuan Basin, China: Spatial Distribution, Source Apportionment, and Risk Assessment. Toxics 2025, 13, 154.",N_LAI2025_SICHUAN_BASIN
soil,Sichuan,Sichuan,Enrofloxacin,6540000,ng/g dw,2016,summer,"Wei, R. et al. Occurrence of seventeen veterinary antibiotics and resistant bacterias in manure-fertilized vegetable farm soil in four provinces of China. Chemosphere 215, 234-240, doi:10.1016/j.chemosphere.2018.09.152 (2019).",131
soil,Sichuan,Sichuan,Florfenicol,60000,ng/g dw,2016,summer,"Wei, R. et al. Occurrence of seventeen veterinary antibiotics and resistant bacterias in manure-fertilized vegetable farm soil in four provinces of China. Chemosphere 215, 234-240, doi:10.1016/j.chemosphere.2018.09.152 (2019).",131
soil,Sichuan,Sichuan Basin (17 municipal units; livestock farms),Lomefloxacin,1.825,ng/g dw,2022–2023,NA,"Lai, C. (2025). Overall Evaluation of Antibiotics Occurrence from Large-Scale Livestock Farms in Sichuan Basin, China: Spatial Distribution, Source Apportionment, and Risk Assessment. Toxics 2025, 13, 154.",N_LAI2025_SICHUAN_BASIN
soil,Sichuan,Sichuan Basin (17 municipal units; livestock farms),Marbofloxacin,2.225,ng/g dw,2022–2023,NA,"Lai, C. (2025). Overall Evaluation of Antibiotics Occurrence from Large-Scale Livestock Farms in Sichuan Basin, China: Spatial Distribution, Source Apportionment, and Risk Assessment. Toxics 2025, 13, 154.",N_LAI2025_SICHUAN_BASIN
soil,Sichuan,Sichuan Basin (17 municipal units; livestock farms),Norfloxacin,4.31,ng/g dw,2022–2023,NA,"Lai, C. (2025). Overall Evaluation of Antibiotics Occurrence from Large-Scale Livestock Farms in Sichuan Basin, China: Spatial Distribution, Source Apportionment, and Risk Assessment. Toxics 2025, 13, 154.",N_LAI2025_SICHUAN_BASIN
soil,Sichuan,Sichuan Basin (17 municipal units; livestock farms),Ofloxacin,1.88,ng/g dw,2022–2023,NA,"Lai, C. (2025). Overall Evaluation of Antibiotics Occurrence from Large-Scale Livestock Farms in Sichuan Basin, China: Spatial Distribution, Source Apportionment, and Risk Assessment. Toxics 2025, 13, 154.",N_LAI2025_SICHUAN_BASIN
soil,Sichuan,Sichuan,Oxytetracycline,18550018.55,ng/g dw,2016,summer,"Wei, R. et al. Occurrence of seventeen veterinary antibiotics and resistant bacterias in manure-fertilized vegetable farm soil in four provinces of China. Chemosphere 215, 234-240, doi:10.1016/j.chemosphere.2018.09.152 (2019).",131
soil,Sichuan,Sichuan,Sarafloxacin,30000.6125,ng/g dw,2016,summer,"Wei, R. et al. Occurrence of seventeen veterinary antibiotics and resistant bacterias in manure-fertilized vegetable farm soil in four provinces of China. Chemosphere 215, 234-240, doi:10.1016/j.chemosphere.2018.09.152 (2019).",131
soil,Sichuan,Sichuan,Sulfadiazine,10000,ng/g dw,2016,summer,"Wei, R. et al. Occurrence of seventeen veterinary antibiotics and resistant bacterias in manure-fertilized vegetable farm soil in four provinces of China. Chemosphere 215, 234-240, doi:10.1016/j.chemosphere.2018.09.152 (2019).",131
soil,Sichuan,Sichuan,Sulfadimidine,110000,ng/g dw,2016,summer,"Wei, R. et al. Occurrence of seventeen veterinary antibiotics and resistant bacterias in manure-fertilized vegetable farm soil in four provinces of China. Chemosphere 215, 234-240, doi:10.1016/j.chemosphere.2018.09.152 (2019).",131
soil,Sichuan,Sichuan,Sulfamethoxazole,560000,ng/g dw,2016,summer,"Wei, R. et al. Occurrence of seventeen veterinary antibiotics and resistant bacterias in manure-fertilized vegetable farm soil in four provinces of China. Chemosphere 215, 234-240, doi:10.1016/j.chemosphere.2018.09.152 (2019).",131
soil,Sichuan,Sichuan,Sulfamonomethoxine,710000,ng/g dw,2016,summer,"Wei, R. et al. Occurrence of seventeen veterinary antibiotics and resistant bacterias in manure-fertilized vegetable farm soil in four provinces of China. Chemosphere 215, 234-240, doi:10.1016/j.chemosphere.2018.09.152 (2019).",131
soil,Sichuan,Sichuan,Sulfaquinoxaline,1220000,ng/g dw,2016,summer,"Wei, R. et al. Occurrence of seventeen veterinary antibiotics and resistant bacterias in manure-fertilized vegetable farm soil in four provinces of China. Chemosphere 215, 234-240, doi:10.1016/j.chemosphere.2018.09.152 (2019).",131
soil,Sichuan,Sichuan,Tetracycline,5845005.845000001,ng/g dw,2016,summer,"Wei, R. et al. Occurrence of seventeen veterinary antibiotics and resistant bacterias in manure-fertilized vegetable farm soil in four provinces of China. Chemosphere 215, 234-240, doi:10.1016/j.chemosphere.2018.09.152 (2019).",131
soil,Sichuan,Sichuan,Tilmicosin,0.42,ng/g dw,2016,summer,"Wei, R. et al. Occurrence of seventeen veterinary antibiotics and resistant bacterias in manure-fertilized vegetable farm soil in four provinces of China. Chemosphere 215, 234-240, doi:10.1016/j.chemosphere.2018.09.152 (2063).",N347
soil,Sichuan,Sichuan,Tylosin,480000,ng/g dw,2016,summer,"Wei, R. et al. Occurrence of seventeen veterinary antibiotics and resistant bacterias in manure-fertilized vegetable farm soil in four provinces of China. Chemosphere 215, 234-240, doi:10.1016/j.chemosphere.2018.09.152 (2019).",131
soil,Tianjin,Tianjin,Chloramphenicol,600000,ng/g dw,2007,autumn,"Hu, X., Zhou, Q. & Luo, Y. Occurrence and source analysis of typical veterinary antibiotics in manure, soil, vegetables and groundwater from organic vegetable bases, northern China. Environmental Pollution 158 (2010).",6
soil,Tianjin,Tianjin,Chlortetracycline,600.5,ng/g dw,NA,NA,"Hu, W. et al. Simultaneous extraction and determination of fluoroquinolones, tetracyclines and sulfonamides antibiotics in soils using optimised solid phase extraction chromatography-tandem mass spectrometry. International Journal of Environmental Analytical Chemistry 92 (2012).",165
soil,Tianjin,Tianjin,Ciprofloxacin,54.6,ng/g dw,NA,NA,"Hu, W. et al. Simultaneous extraction and determination of fluoroquinolones, tetracyclines and sulfonamides antibiotics in soils using optimised solid phase extraction chromatography-tandem mass spectrometry. International Journal of Environmental Analytical Chemistry 92 (2012).",165
soil,Tianjin,Tianjin,Doxycycline,182.45,ng/g dw,2013,summer,"Hou, J. et al. Occurrence and distribution of sulfonamides, tetracyclines, quinolones,Macrolides, and nitrofurans in livestock manure and amended soils of Northern China. Environmental science and pollution research international 22 (2015).",178
soil,Tianjin,Tianjin,Enrofloxacin,44.3,ng/g dw,NA,NA,"Hu, W. et al. Simultaneous extraction and determination of fluoroquinolones, tetracyclines and sulfonamides antibiotics in soils using optimised solid phase extraction chromatography-tandem mass spectrometry. International Journal of Environmental Analytical Chemistry 92 (2012).",165
soil,Tianjin,Tianjin,Erythromycin,6.25,ng/g dw,2013,summer,"Hou, J. et al. Occurrence and distribution of sulfonamides, tetracyclines, quinolones,Macrolides, and nitrofurans in livestock manure and amended soils of Northern China. Environmental science and pollution research international 22 (2015).",178
soil,Tianjin,Tianjin,Furazolidone,31.8,ng/g dw,2013,summer,"Hou, J. et al. Occurrence and distribution of sulfonamides, tetracyclines, quinolones,Macrolides, and nitrofurans in livestock manure and amended soils of Northern China. Environmental science and pollution research international 22 (2031).",N178
soil,Tianjin,Tianjin,Lincomycin,6400000,ng/g dw,2007,autumn,"Hu, X., Zhou, Q. & Luo, Y. Occurrence and source analysis of typical veterinary antibiotics in manure, soil, vegetables and groundwater from organic vegetable bases, northern China. Environmental Pollution 158 (2010).",6
soil,Tianjin,Tianjin,Norfloxacin,43000000,ng/g dw,NA,NA,"Hu, W. et al. Simultaneous extraction and determination of fluoroquinolones, tetracyclines and sulfonamides antibiotics in soils using optimised solid phase extraction chromatography-tandem mass spectrometry. International Journal of Environmental Analytical Chemistry 92 (2012).",165
soil,Tianjin,Tianjin,Ofloxacin,13.15,ng/g dw,NA,NA,"Hu, W. et al. Simultaneous extraction and determination of fluoroquinolones, tetracyclines and sulfonamides antibiotics in soils using optimised solid phase extraction chromatography-tandem mass spectrometry. International Journal of Environmental Analytical Chemistry 92 (2012).",165
soil,Tianjin,Tianjin,Oxytetracycline,180.35000000000002,ng/g dw,NA,NA,"Hu, W. et al. Simultaneous extraction and determination of fluoroquinolones, tetracyclines and sulfonamides antibiotics in soils using optimised solid phase extraction chromatography-tandem mass spectrometry. International Journal of Environmental Analytical Chemistry 92 (2012).",165
soil,Tianjin,Tianjin,Roxithromycin,16.8,ng/g dw,2013,summer,"Hou, J. et al. Occurrence and distribution of sulfonamides, tetracyclines, quinolones,Macrolides, and nitrofurans in livestock manure and amended soils of Northern China. Environmental science and pollution research international 22 (2015).",178
soil,Tianjin,Tianjin,Sulfachloropyridazine,20.1,ng/g dw,NA,NA,"Hu, W. et al. Simultaneous extraction and determination of fluoroquinolones, tetracyclines and sulfonamides antibiotics in soils using optimised solid phase extraction chromatography-tandem mass spectrometry. International Journal of Environmental Analytical Chemistry 92 (2012).",165
soil,Tianjin,Tianjin,Sulfadiazine,188235.294117647,ng/g dw,2013,summer,"Hou, J. et al. Occurrence and distribution of sulfonamides, tetracyclines, quinolones,Macrolides, and nitrofurans in livestock manure and amended soils of Northern China. Environmental science and pollution research international 22 (2015).",178
soil,Tianjin,Tianjin,Sulfadimethoxine,750000,ng/g dw,NA,NA,"Hu, W. et al. Simultaneous extraction and determination of fluoroquinolones, tetracyclines and sulfonamides antibiotics in soils using optimised solid phase extraction chromatography-tandem mass spectrometry. International Journal of Environmental Analytical Chemistry 92 (2012).",165
soil,Tianjin,Tianjin,Sulfadimidine,53.4,ng/g dw,NA,NA,"Hu, W. et al. Simultaneous extraction and determination of fluoroquinolones, tetracyclines and sulfonamides antibiotics in soils using optimised solid phase extraction chromatography-tandem mass spectrometry. International Journal of Environmental Analytical Chemistry 92 (2012).",165
soil,Tianjin,Tianjin,Sulfadoxine,5150000,ng/g dw,2007,autumn,"Hu, X., Zhou, Q. & Luo, Y. Occurrence and source analysis of typical veterinary antibiotics in manure, soil, vegetables and groundwater from organic vegetable bases, northern China. Environmental Pollution 158 (2010).",6
soil,Tianjin,Tianjin,Sulfafurazole,2250000,ng/g dw,NA,NA,"Hu, W. et al. Simultaneous extraction and determination of fluoroquinolones, tetracyclines and sulfonamides antibiotics in soils using optimised solid phase extraction chromatography-tandem mass spectrometry. International Journal of Environmental Analytical Chemistry 92 (2012).",165
soil,Tianjin,Tianjin,Sulfamethoxazole,9.95,ng/g dw,NA,NA,"Hu, W. et al. Simultaneous extraction and determination of fluoroquinolones, tetracyclines and sulfonamides antibiotics in soils using optimised solid phase extraction chromatography-tandem mass spectrometry. International Journal of Environmental Analytical Chemistry 92 (2012).",165
soil,Tianjin,Tianjin,Sulfamethoxypyridazine,750000,ng/g dw,NA,NA,"Hu, W. et al. Simultaneous extraction and determination of fluoroquinolones, tetracyclines and sulfonamides antibiotics in soils using optimised solid phase extraction chromatography-tandem mass spectrometry. International Journal of Environmental Analytical Chemistry 92 (2012).",165
soil,Tianjin,Tianjin,Sulfamonomethoxine,6.9,ng/g dw,2013,summer,"Hou, J. et al. Occurrence and distribution of sulfonamides, tetracyclines, quinolones,Macrolides, and nitrofurans in livestock manure and amended soils of Northern China. Environmental science and pollution research international 22 (2015).",178
soil,Tianjin,Tianjin,Sulfapyridine,1250000,ng/g dw,NA,NA,"Hu, W. et al. Simultaneous extraction and determination of fluoroquinolones, tetracyclines and sulfonamides antibiotics in soils using optimised solid phase extraction chromatography-tandem mass spectrometry. International Journal of Environmental Analytical Chemistry 92 (2012).",165
soil,Tianjin,Tianjin,Tetracycline,25.85,ng/g dw,NA,NA,"Hu, W. et al. Simultaneous extraction and determination of fluoroquinolones, tetracyclines and sulfonamides antibiotics in soils using optimised solid phase extraction chromatography-tandem mass spectrometry. International Journal of Environmental Analytical Chemistry 92 (2012).",165
soil,Tianjin,Tianjin,Trimethoprim,9.5,ng/g dw,2013,summer,"Hou, J. et al. Occurrence and distribution of sulfonamides, tetracyclines, quinolones,Macrolides, and nitrofurans in livestock manure and amended soils of Northern China. Environmental science and pollution research international 22 (2015).",178
soil,Tianjin,Tianjin,Tylosin,18,ng/g dw,2013,summer,"Hou, J. et al. Occurrence and distribution of sulfonamides, tetracyclines, quinolones,Macrolides, and nitrofurans in livestock manure and amended soils of Northern China. Environmental science and pollution research international 22 (2015).",178
soil,Xinjiang,"Xinjiang Uygur Autonomous Region, China",Erythromycin,453,ng/g,2022,NA,"Han, Z., Feng, H., Luan, X., Shen, Y., Ren, L., Deng, L., Larsson, D.G.J., Gillings, M., Zhang, Y., Yang, M., 2022. Three-Year Consecutive Field Application of Erythromycin Fermentation Residue Following Hydrothermal Treatment: Cumulative Effect on Soil Antibiotic Resistance Genes. Engineering-london. 15, 78–88. https://doi.org/10.1016/j.eng.2022.05.011",N168
soil,Yunnan,Dali,Chlortetracycline,7.9066668333333325,ng/g dw,NA,NA,"Zhi, S., Shen, S., Zhou, J., Ding, G. & Zhang, K. Systematic analysis of occurrence, density and ecological risks of 45 veterinary antibiotics: Focused on family livestock farms in Erhai Lake basin, Yunnan, China. Environ Pollut 267, 115539, doi:10.1016/j.envpol.2020.115539 (2020).",80
soil,Yunnan,"Kunming, Jinning",Ciprofloxacin,1700001.7,ng/g dw,2012,NA,"Haibo, Z. et al. Residues and risks of veterinary antibiotics in protected vegetable soils following application of different manures. Chemosphere 152 (2016).",86
soil,Yunnan,Dali,Doxycycline,1500007.65,ng/g dw,NA,NA,"Zhi, S., Shen, S., Zhou, J., Ding, G. & Zhang, K. Systematic analysis of occurrence, density and ecological risks of 45 veterinary antibiotics: Focused on family livestock farms in Erhai Lake basin, Yunnan, China. Environ Pollut 267, 115539, doi:10.1016/j.envpol.2020.115539 (2020).",80
soil,Yunnan,"Kunming, Jinning",Enrofloxacin,850000.85,ng/g dw,2012,NA,"Haibo, Z. et al. Residues and risks of veterinary antibiotics in protected vegetable soils following application of different manures. Chemosphere 152 (2016).",86
soil,Yunnan,Dali,Flumequine,46666.71333333332,ng/g dw,NA,NA,"Zhi, S., Shen, S., Zhou, J., Ding, G. & Zhang, K. Systematic analysis of occurrence, density and ecological risks of 45 veterinary antibiotics: Focused on family livestock farms in Erhai Lake basin, Yunnan, China. Environ Pollut 267, 115539, doi:10.1016/j.envpol.2020.115539 (2020).",80
soil,Yunnan,"Kunming, Jinning",Norfloxacin,2300002.3,ng/g dw,2012,NA,"Haibo, Z. et al. Residues and risks of veterinary antibiotics in protected vegetable soils following application of different manures. Chemosphere 152 (2016).",86
soil,Yunnan,"Kunming, Jinning",Ofloxacin,2750002.75,ng/g dw,2012,NA,"Haibo, Z. et al. Residues and risks of veterinary antibiotics in protected vegetable soils following application of different manures. Chemosphere 152 (2016).",86
soil,Yunnan,Dali,Oxytetracycline,806672.916666665,ng/g dw,NA,NA,"Zhi, S., Shen, S., Zhou, J., Ding, G. & Zhang, K. Systematic analysis of occurrence, density and ecological risks of 45 veterinary antibiotics: Focused on family livestock farms in Erhai Lake basin, Yunnan, China. Environ Pollut 267, 115539, doi:10.1016/j.envpol.2020.115539 (2020).",80
soil,Yunnan,Dali,Penicillin G,130000.13,ng/g dw,NA,NA,"Zhi, S., Shen, S., Zhou, J., Ding, G. & Zhang, K. Systematic analysis of occurrence, density and ecological risks of 45 veterinary antibiotics: Focused on family livestock farms in Erhai Lake basin, Yunnan, China. Environ Pollut 267, 115539, doi:10.1016/j.envpol.2020.115539 (2020).",80
soil,Yunnan,"Kunming, Jinning",Roxithromycin,550000.55,ng/g dw,2012,NA,"Haibo, Z. et al. Residues and risks of veterinary antibiotics in protected vegetable soils following application of different manures. Chemosphere 152 (2016).",86
soil,Yunnan,"Kunming, Jinning",Sulfachloropyridazine,50000.05,ng/g dw,2012,NA,"Haibo, Z. et al. Residues and risks of veterinary antibiotics in protected vegetable soils following application of different manures. Chemosphere 152 (2016).",86
soil,Yunnan,"Kunming, Jinning",Sulfadimidine,50000.05,ng/g dw,2012,NA,"Haibo, Z. et al. Residues and risks of veterinary antibiotics in protected vegetable soils following application of different manures. Chemosphere 152 (2016).",86
soil,Yunnan,Dali,Sulfamonomethoxine,3333.336666666668,ng/g dw,NA,NA,"Zhi, S., Shen, S., Zhou, J., Ding, G. & Zhang, K. Systematic analysis of occurrence, density and ecological risks of 45 veterinary antibiotics: Focused on family livestock farms in Erhai Lake basin, Yunnan, China. Environ Pollut 267, 115539, doi:10.1016/j.envpol.2020.115539 (2020).",80
soil,Yunnan,Dali,Sulfaquinoxaline,3333.336666666668,ng/g dw,NA,NA,"Zhi, S., Shen, S., Zhou, J., Ding, G. & Zhang, K. Systematic analysis of occurrence, density and ecological risks of 45 veterinary antibiotics: Focused on family livestock farms in Erhai Lake basin, Yunnan, China. Environ Pollut 267, 115539, doi:10.1016/j.envpol.2020.115539 (2020).",80
soil,Yunnan,Dali,Tetracycline,86667.6666666665,ng/g dw,NA,NA,"Zhi, S., Shen, S., Zhou, J., Ding, G. & Zhang, K. Systematic analysis of occurrence, density and ecological risks of 45 veterinary antibiotics: Focused on family livestock farms in Erhai Lake basin, Yunnan, China. Environ Pollut 267, 115539, doi:10.1016/j.envpol.2020.115539 (2020).",80
soil,Zhejiang,"Hangzhou, Yuhang district",Cephalexin,582857.142857143,ng/g dw,2010,spring,"Pan, X. et al. Effects of Livestock Manure on Distribution of Heavy Metals and Antibiotics in Soil Profiles of Typical Vegetable Fields and Orchards. J. Ecol. Rural Environ. 28, 518-525 (2012).",184
soil,Zhejiang,Hangzhou,Chlortetracycline,220000,ng/g dw,NA,NA,"Ni, Z., Shi, Y., Xie, G. & Zhang, M. Soil environmental quality of typical protected farmlands in Hangzhou. Acta Agriculturae Zhejiangensis 29, 2091-2096 (2017).",103
soil,Zhejiang,Yangtze River Delta,Ciprofloxacin,1690000,ng/g dw,2014,summer,"Sun, J., Zeng, Q., Tsang, D. C. W., Zhu, L. Z. & Li, X. D. Antibiotics in the agricultural soils from the Yangtze River Delta, China. Chemosphere 189 (2017).",108
soil,Zhejiang,"Ningbo, Haishu District, Zhangxi Basin",Clarithromycin,10000,ng/g dw,2016,summer,"Zhao, F. K. et al. Composition and Distribution of Antibiotics in Soils with Different Land Use Types in a Typical Peri-urban Area of the Yangtze River Delta. Huan Jing Ke Xue 38, 5237-5246, doi:10.13227/j.hjkx.201705243 (2017).",113
soil,Zhejiang,"Ningbo, Haishu District, Zhangxi Basin",Danofloxacin,17000,ng/g dw,2016,summer,"Zhao, F. K. et al. Composition and Distribution of Antibiotics in Soils with Different Land Use Types in a Typical Peri-urban Area of the Yangtze River Delta. Huan Jing Ke Xue 38, 5237-5246, doi:10.13227/j.hjkx.201705243 (2017).",113
soil,Zhejiang,"Ningbo, Haishu District, Zhangxi Basin",Difloxacin,47926.8292682927,ng/g dw,2016,summer,"Zhao, F. K. et al. Composition and Distribution of Antibiotics in Soils with Different Land Use Types in a Typical Peri-urban Area of the Yangtze River Delta. Huan Jing Ke Xue 38, 5237-5246, doi:10.13227/j.hjkx.201705243 (2017).",113
soil,Zhejiang,Yangtze River Delta,Doxycycline,1204285.71428571,ng/g dw,2014,summer,"Sun, J., Zeng, Q., Tsang, D. C. W., Zhu, L. Z. & Li, X. D. Antibiotics in the agricultural soils from the Yangtze River Delta, China. Chemosphere 189 (2017).",108
soil,Zhejiang,Hangzhou,Enrofloxacin,773000,ng/g dw,NA,NA,"Ni, Z., Shi, Y., Xie, G. & Zhang, M. Soil environmental quality of typical protected farmlands in Hangzhou. Acta Agriculturae Zhejiangensis 29, 2091-2096 (2017).",103
soil,Zhejiang,"Ningbo, Haishu District, Zhangxi Basin",Erythromycin,80000,ng/g dw,2016,summer,"Zhao, F. K. et al. Composition and Distribution of Antibiotics in Soils with Different Land Use Types in a Typical Peri-urban Area of the Yangtze River Delta. Huan Jing Ke Xue 38, 5237-5246, doi:10.13227/j.hjkx.201705243 (2017).",113
soil,Zhejiang,"Ningbo, Haishu District, Zhangxi catchment",Erythromycin-H2O,61737.80487804877,ng/g dw,2016,summer,"Zhao, F. et al. Distribution, dynamics and determinants of antibiotics in soils in a peri-urban area of Yangtze River Delta, Eastern China. Chemosphere 211 (2018).",156
soil,Zhejiang,"Hangzhou, Yuhang district",Florfenicol,780000,ng/g dw,2010,spring,"Pan, X. et al. Effects of Livestock Manure on Distribution of Heavy Metals and Antibiotics in Soil Profiles of Typical Vegetable Fields and Orchards. J. Ecol. Rural Environ. 28, 518-525 (2012).",184
soil,Zhejiang,"Ningbo, Haishu District, Zhangxi Basin",Flumequine,8000,ng/g dw,2016,summer,"Zhao, F. K. et al. Composition and Distribution of Antibiotics in Soils with Different Land Use Types in a Typical Peri-urban Area of the Yangtze River Delta. Huan Jing Ke Xue 38, 5237-5246, doi:10.13227/j.hjkx.201705243 (2017).",113
soil,Zhejiang,"Ningbo, Haishu District, Zhangxi Basin",Lomefloxacin,915000,ng/g dw,2016,summer,"Zhao, F. K. et al. Composition and Distribution of Antibiotics in Soils with Different Land Use Types in a Typical Peri-urban Area of the Yangtze River Delta. Huan Jing Ke Xue 38, 5237-5246, doi:10.13227/j.hjkx.201705243 (2017).",113
soil,Zhejiang,Yangtze River Delta,Norfloxacin,1110853.6585365855,ng/g dw,2014,summer,"Sun, J., Zeng, Q., Tsang, D. C. W., Zhu, L. Z. & Li, X. D. Antibiotics in the agricultural soils from the Yangtze River Delta, China. Chemosphere 189 (2017).",108
soil,Zhejiang,Yangtze River Delta,Ofloxacin,1128040.069686413,ng/g dw,2014,summer,"Sun, J., Zeng, Q., Tsang, D. C. W., Zhu, L. Z. & Li, X. D. Antibiotics in the agricultural soils from the Yangtze River Delta, China. Chemosphere 189 (2017).",108
soil,Zhejiang,"Zhejiang, Ningbo, Haishu District",Oxolinic Acid,0.0207075,ng/g dw,2016,summer,"Zhao, F. K. et al. Composition and Distribution of Antibiotics in Soils with Different Land Use Types in a Typical Peri-urban Area of the Yangtze River Delta. Huan Jing Ke Xue 38, 5237-5246, doi:10.13227/j.hjkx.201705243 (2031).",N419
soil,Zhejiang,Hangzhou,Oxytetracycline,1934285.7,ng/g dw,NA,NA,"Ni, Z., Shi, Y., Xie, G. & Zhang, M. Soil environmental quality of typical protected farmlands in Hangzhou. Acta Agriculturae Zhejiangensis 29, 2091-2096 (2017).",103
soil,Zhejiang,"Ningbo, Haishu District, Zhangxi Basin",Pefloxacin,141926.8292682925,ng/g dw,2016,summer,"Zhao, F. K. et al. Composition and Distribution of Antibiotics in Soils with Different Land Use Types in a Typical Peri-urban Area of the Yangtze River Delta. Huan Jing Ke Xue 38, 5237-5246, doi:10.13227/j.hjkx.201705243 (2017).",113
soil,Zhejiang,"Ningbo, Haishu District, Zhangxi Basin",Roxithromycin,16500,ng/g dw,2016,summer,"Zhao, F. K. et al. Composition and Distribution of Antibiotics in Soils with Different Land Use Types in a Typical Peri-urban Area of the Yangtze River Delta. Huan Jing Ke Xue 38, 5237-5246, doi:10.13227/j.hjkx.201705243 (2017).",113
soil,Zhejiang,"Ningbo, Haishu District, Zhangxi Basin",Sarafloxacin,34060.975609756104,ng/g dw,2016,summer,"Zhao, F. K. et al. Composition and Distribution of Antibiotics in Soils with Different Land Use Types in a Typical Peri-urban Area of the Yangtze River Delta. Huan Jing Ke Xue 38, 5237-5246, doi:10.13227/j.hjkx.201705243 (2017).",113
soil,Zhejiang,"Ningbo, Haishu District, Zhangxi Basin",Spiramycin,11207.31707317075,ng/g dw,2016,summer,"Zhao, F. K. et al. Composition and Distribution of Antibiotics in Soils with Different Land Use Types in a Typical Peri-urban Area of the Yangtze River Delta. Huan Jing Ke Xue 38, 5237-5246, doi:10.13227/j.hjkx.201705243 (2017).",113
soil,Zhejiang,"Ningbo, Haishu District, Zhangxi Basin",Sulfachloropyridazine,6000,ng/g dw,2016,summer,"Zhao, F. K. et al. Composition and Distribution of Antibiotics in Soils with Different Land Use Types in a Typical Peri-urban Area of the Yangtze River Delta. Huan Jing Ke Xue 38, 5237-5246, doi:10.13227/j.hjkx.201705243 (2017).",113
soil,Zhejiang,Hangzhou,Sulfadiazine,1184285.714285715,ng/g dw,NA,NA,"Ni, Z., Shi, Y., Xie, G. & Zhang, M. Soil environmental quality of typical protected farmlands in Hangzhou. Acta Agriculturae Zhejiangensis 29, 2091-2096 (2017).",103
soil,Zhejiang,Yangtze River Delta,Sulfadimethoxine,875000,ng/g dw,2014,summer,"Sun, J., Zeng, Q., Tsang, D. C. W., Zhu, L. Z. & Li, X. D. Antibiotics in the agricultural soils from the Yangtze River Delta, China. Chemosphere 189 (2017).",108
soil,Zhejiang,Hangzhou,Sulfadimidine,95505.22648083646,ng/g dw,NA,NA,"Ni, Z., Shi, Y., Xie, G. & Zhang, M. Soil environmental quality of typical protected farmlands in Hangzhou. Acta Agriculturae Zhejiangensis 29, 2091-2096 (2017).",103
soil,Zhejiang,"Ningbo, Haishu District, Zhangxi Basin",Sulfafurazole,22000,ng/g dw,2016,summer,"Zhao, F. K. et al. Composition and Distribution of Antibiotics in Soils with Different Land Use Types in a Typical Peri-urban Area of the Yangtze River Delta. Huan Jing Ke Xue 38, 5237-5246, doi:10.13227/j.hjkx.201705243 (2017).",113
soil,Zhejiang,Yangtze River Delta,Sulfamerazine,876428.57142857,ng/g dw,2014,summer,"Sun, J., Zeng, Q., Tsang, D. C. W., Zhu, L. Z. & Li, X. D. Antibiotics in the agricultural soils from the Yangtze River Delta, China. Chemosphere 189 (2017).",108
soil,Zhejiang,Yangtze River Delta,Sulfamethizole,12682.9268292683,ng/g dw,2014,summer,"Sun, J., Zeng, Q., Tsang, D. C. W., Zhu, L. Z. & Li, X. D. Antibiotics in the agricultural soils from the Yangtze River Delta, China. Chemosphere 189 (2017).",108
soil,Zhejiang,Hangzhou,Sulfamethoxazole,7914.634146341465,ng/g dw,NA,NA,"Ni, Z., Shi, Y., Xie, G. & Zhang, M. Soil environmental quality of typical protected farmlands in Hangzhou. Acta Agriculturae Zhejiangensis 29, 2091-2096 (2017).",103
soil,Zhejiang,Hangzhou,Tetracycline,1337292.6829268294,ng/g dw,NA,NA,"Ni, Z., Shi, Y., Xie, G. & Zhang, M. Soil environmental quality of typical protected farmlands in Hangzhou. Acta Agriculturae Zhejiangensis 29, 2091-2096 (2017).",103
soil,Zhejiang,"Zhejiang, Hangzhou, Yuhang district",Thiamphenicol,0.668571,ng/g dw,2010,spring,"Pan, X. et al. Effects of Livestock Manure on Distribution of Heavy Metals and Antibiotics in Soil Profiles of Typical Vegetable Fields and Orchards. J. Ecol. Rural Environ. 28, 518-525 (2024).",N299
soil,Zhejiang,Hangzhou,Tylosin,282817.0731707315,ng/g dw,NA,NA,"Ni, Z., Shi, Y., Xie, G. & Zhang, M. Soil environmental quality of typical protected farmlands in Hangzhou. Acta Agriculturae Zhejiangensis 29, 2091-2096 (2017).",103
surface sediment,Jiangsu,"Taihu Lake (7 sites: Tuoshan, Manshan, Central, Southwest, SE, S, Yixing)",Chlortetracycline,0.58,ng/g dw,2017–2018,NA,"Ohore, O. E., Addo, F. G., Zhang, S., Han, N., & Anim-Larbi, K. (2019). Distribution and relationship between antimicrobial resistance genes and heavy metals in surface sediments of Taihu Lake, China. Journal of Environmental Sciences, 77, 323–335. https://doi.org/10.1016/j.jes.2018.09.004",N71
surface sediment,Jiangsu,"Taihu Lake (7 sites: Tuoshan, Manshan, Central, Southwest, SE, S, Yixing)",Doxycycline,0.09,ng/g dw,2017–2018,NA,"Ohore, O. E., Addo, F. G., Zhang, S., Han, N., & Anim-Larbi, K. (2019). Distribution and relationship between antimicrobial resistance genes and heavy metals in surface sediments of Taihu Lake, China. Journal of Environmental Sciences, 77, 323–335. https://doi.org/10.1016/j.jes.2018.09.004",N71
surface sediment,Jiangsu,"Taihu Lake (7 sites: Tuoshan, Manshan, Central, Southwest, SE, S, Yixing)",Norfloxacin,9.05,ng/g dw,2017–2018,NA,"Ohore, O. E., Addo, F. G., Zhang, S., Han, N., & Anim-Larbi, K. (2019). Distribution and relationship between antimicrobial resistance genes and heavy metals in surface sediments of Taihu Lake, China. Journal of Environmental Sciences, 77, 323–335. https://doi.org/10.1016/j.jes.2018.09.004",N71
surface sediment,Jiangsu,"Taihu Lake (7 sites: Tuoshan, Manshan, Central, Southwest, SE, S, Yixing)",Ofloxacin,2.59,ng/g dw,2017–2018,NA,"Ohore, O. E., Addo, F. G., Zhang, S., Han, N., & Anim-Larbi, K. (2019). Distribution and relationship between antimicrobial resistance genes and heavy metals in surface sediments of Taihu Lake, China. Journal of Environmental Sciences, 77, 323–335. https://doi.org/10.1016/j.jes.2018.09.004",N71
surface sediment,Jiangsu,"Taihu Lake (7 sites: Tuoshan, Manshan, Central, Southwest, SE, S, Yixing)",Oxytetracycline,0.43,ng/g dw,2017–2018,NA,"Ohore, O. E., Addo, F. G., Zhang, S., Han, N., & Anim-Larbi, K. (2019). Distribution and relationship between antimicrobial resistance genes and heavy metals in surface sediments of Taihu Lake, China. Journal of Environmental Sciences, 77, 323–335. https://doi.org/10.1016/j.jes.2018.09.004",N71
surface sediment,Jiangsu,"Taihu Lake (7 sites: Tuoshan, Manshan, Central, Southwest, SE, S, Yixing)",Sulfadiazine,0.05,ng/g dw,2017–2018,NA,"Ohore, O. E., Addo, F. G., Zhang, S., Han, N., & Anim-Larbi, K. (2019). Distribution and relationship between antimicrobial resistance genes and heavy metals in surface sediments of Taihu Lake, China. Journal of Environmental Sciences, 77, 323–335. https://doi.org/10.1016/j.jes.2018.09.004",N71
surface sediment,Jiangsu,"Taihu Lake (7 sites: Tuoshan, Manshan, Central, Southwest, SE, S, Yixing)",Tetracycline,0.53,ng/g dw,2017–2018,NA,"Ohore, O. E., Addo, F. G., Zhang, S., Han, N., & Anim-Larbi, K. (2019). Distribution and relationship between antimicrobial resistance genes and heavy metals in surface sediments of Taihu Lake, China. Journal of Environmental Sciences, 77, 323–335. https://doi.org/10.1016/j.jes.2018.09.004",N71
surface sediment,Yangtze River Basin,Yangtze River Basin,Total Antibiotics,60.6,ng/g dw,2023,NA,"2024 Jean Insight on prioritization of antibiotics in China, their occurrence, and removal by different wastewater treatment technologies.pdf",N12
surface water,Beijing,NA,Norfloxacin,342.7,ng/L,2013,NA,某市典型地段地表水及地下水中氟喹诺酮类抗生素分布特征_崔亚丰.pdf,N456
surface water,Chongqing,Chongqing,Oxytetracycline,1.02,ng/L,2021,NA,"Estimating Sources, Fluxes, and Ecological Risks of Antibiotics",N154
surface water,Chongqing,Chongqing,Tetracycline,1.02,ng/L,2021,NA,"Estimating Sources, Fluxes, and Ecological Risks of Antibiotics",N154
surface water,Chongqing,"Yangtze River upstream (Chongqing, W1-W6/J1-J7/Y1-Y15)",Total Antibiotics,525.4,ng/L,2023,dry season,"Fan, D., Zhang, Y., Sun, S., Zhang, B., Liang, M., Xu, J., & Wang, L. (2024). Occurrence, spatial distribution, source apportionment, and risk assessment of antibiotics in Yangtze River surface water. Emerging Contaminants, 11, 100437. https://doi.org/10.1016/j.emcon.2024.100437",N82
surface water,Guangdong,练江流域,Chloramphenicol,127.16,ng/L,2020,NA,练江流域抗生素时空分布及其与微生物群落相关性_李依微.pdf,N459
surface water,Guangxi,Guangxi,Sulfamethoxazole,0.09,ng/L,2018,NA,Antibiotics in the Coastal Waters and Sediments of China: A Brief Review and Perspective,N42
surface water,Guangxi,Guangxi,Trimethoprim,0.02,ng/L,2018,NA,Antibiotics in the Coastal Waters and Sediments of China: A Brief Review and Perspective,N42
surface water,Hainan,Wanquan River (incl. Tayang tributary),Amoxicillin,4.31,ng/L,2024,NA,2025 Zhi Su Antibiotics pollution in a typical reclaimed water receiving river in Hainan.pdf,N41
surface water,Hainan,Wanquan River (incl. Tayang tributary),Cefazolin,1.37,ng/L,2024,wet/dry,"Su, Z. (2025). Antibiotics pollution in a typical reclaimed water receiving river in Hainan. E3S Web of Conferences, 637, 02008. https://doi.org/10.1051/e3sconf/202563702008",N41
surface water,Hainan,Wanquan River (incl. Tayang tributary),Cephalexin,2.06,ng/L,2024,wet/dry,"Su, Z. (2025). Antibiotics pollution in a typical reclaimed water receiving river in Hainan. E3S Web of Conferences, 637, 02008. https://doi.org/10.1051/e3sconf/202563702008",N41
surface water,Hainan,Hainan,Ciprofloxacin,90.76,ng/L,2013–2023,NA,"Li, G., Dong, M., Liu, H., Lu, L., Hou, P., & Pan, X. (2025). Occurrence, Distribution, and Ecological Risk Assessment of Antibiotics in Aqueous, Sediment, and Solid Waste of a Typical Island Province in China. Water, 17(19), 2846. https://doi.org/10.3390/w17192846",N39
surface water,Hainan,Wanquan River (incl. Tayang tributary),Doxycycline,18.49,ng/L,2024,NA,2025 Zhi Su Antibiotics pollution in a typical reclaimed water receiving river in Hainan.pdf,N41
surface water,Hainan,Hainan,Enrofloxacin,2.78,ng/L,2013–2023,NA,"Li, G., Dong, M., Liu, H., Lu, L., Hou, P., & Pan, X. (2025). Occurrence, Distribution, and Ecological Risk Assessment of Antibiotics in Aqueous, Sediment, and Solid Waste of a Typical Island Province in China. Water, 17(19), 2846. https://doi.org/10.3390/w17192846",N39
surface water,Hainan,Wanquan River (incl. Tayang tributary),Fleroxacin,98.69,ng/L,2024,NA,2025 Zhi Su Antibiotics pollution in a typical reclaimed water receiving river in Hainan.pdf,N41
surface water,Hainan,Wanquan River (incl. Tayang tributary),Florfenicol,5.18,ng/L,2024,NA,2025 Zhi Su Antibiotics pollution in a typical reclaimed water receiving river in Hainan.pdf,N41
surface water,Hainan,Wanquan River (incl. Tayang tributary),Lomefloxacin,0.53,ng/L,2024,wet/dry,"Su, Z. (2025). Antibiotics pollution in a typical reclaimed water receiving river in Hainan. E3S Web of Conferences, 637, 02008. https://doi.org/10.1051/e3sconf/202563702008",N41
surface water,Hainan,Wanquan River (incl. Tayang tributary),Norfloxacin,4.6,ng/L,2024,wet/dry,"Su, Z. (2025). Antibiotics pollution in a typical reclaimed water receiving river in Hainan. E3S Web of Conferences, 637, 02008. https://doi.org/10.1051/e3sconf/202563702008",N41
surface water,Hainan,Wanquan River (incl. Tayang tributary),Ofloxacin,0.81,ng/L,2024,wet/dry,"Su, Z. (2025). Antibiotics pollution in a typical reclaimed water receiving river in Hainan. E3S Web of Conferences, 637, 02008. https://doi.org/10.1051/e3sconf/202563702008",N41
surface water,Hainan,Wanquan River (incl. Tayang tributary),Oxytetracycline,79.85,ng/L,2024,NA,2025 Zhi Su Antibiotics pollution in a typical reclaimed water receiving river in Hainan.pdf,N41
surface water,Hainan,Wanquan River (incl. Tayang tributary),Pefloxacin,0.69,ng/L,2024,wet/dry,"Su, Z. (2025). Antibiotics pollution in a typical reclaimed water receiving river in Hainan. E3S Web of Conferences, 637, 02008. https://doi.org/10.1051/e3sconf/202563702008",N41
surface water,Hainan,Hainan,Roxithromycin,3.83,ng/L,2013–2023,NA,"Li, G., Dong, M., Liu, H., Lu, L., Hou, P., & Pan, X. (2025). Occurrence, Distribution, and Ecological Risk Assessment of Antibiotics in Aqueous, Sediment, and Solid Waste of a Typical Island Province in China. Water, 17(19), 2846. https://doi.org/10.3390/w17192846",N39
surface water,Hainan,Wanquan River (incl. Tayang tributary),Sulfachloropyridazine,0.44,ng/L,2024,wet/dry,"Su, Z. (2025). Antibiotics pollution in a typical reclaimed water receiving river in Hainan. E3S Web of Conferences, 637, 02008. https://doi.org/10.1051/e3sconf/202563702008",N41
surface water,Hainan,Wanquan River (incl. Tayang tributary),Sulfadiazine,0.94,ng/L,2024,wet/dry,"Su, Z. (2025). Antibiotics pollution in a typical reclaimed water receiving river in Hainan. E3S Web of Conferences, 637, 02008. https://doi.org/10.1051/e3sconf/202563702008",N41
surface water,Hainan,Wanquan River (incl. Tayang tributary),Sulfadimidine,0.2,ng/L,2024,wet/dry,"Su, Z. (2025). Antibiotics pollution in a typical reclaimed water receiving river in Hainan. E3S Web of Conferences, 637, 02008. https://doi.org/10.1051/e3sconf/202563702008",N41
surface water,Hainan,Wanquan River (incl. Tayang tributary),Sulfaguanidine,0.11,ng/L,2024,wet/dry,"Su, Z. (2025). Antibiotics pollution in a typical reclaimed water receiving river in Hainan. E3S Web of Conferences, 637, 02008. https://doi.org/10.1051/e3sconf/202563702008",N41
surface water,Hainan,Hainan,Sulfamethoxazole,199.74,ng/L,2013–2023,NA,"Li, G., Dong, M., Liu, H., Lu, L., Hou, P., & Pan, X. (2025). Occurrence, Distribution, and Ecological Risk Assessment of Antibiotics in Aqueous, Sediment, and Solid Waste of a Typical Island Province in China. Water, 17(19), 2846. https://doi.org/10.3390/w17192846",N39
surface water,Hainan,Wanquan River (incl. Tayang tributary),Sulfamethoxydiazine,0.22,ng/L,2024,wet/dry,"Su, Z. (2025). Antibiotics pollution in a typical reclaimed water receiving river in Hainan. E3S Web of Conferences, 637, 02008. https://doi.org/10.1051/e3sconf/202563702008",N41
surface water,Hainan,Wanquan River (incl. Tayang tributary),Sulfamonomethoxine,0.31,ng/L,2024,wet/dry,"Su, Z. (2025). Antibiotics pollution in a typical reclaimed water receiving river in Hainan. E3S Web of Conferences, 637, 02008. https://doi.org/10.1051/e3sconf/202563702008",N41
surface water,Hainan,Wanquan River (incl. Tayang tributary),Sulfaquinoxaline,0.33,ng/L,2024,wet/dry,"Su, Z. (2025). Antibiotics pollution in a typical reclaimed water receiving river in Hainan. E3S Web of Conferences, 637, 02008. https://doi.org/10.1051/e3sconf/202563702008",N41
surface water,Hainan,Wanquan River (incl. Tayang tributary),Sulfathiazole,0.51,ng/L,2024,wet/dry,"Su, Z. (2025). Antibiotics pollution in a typical reclaimed water receiving river in Hainan. E3S Web of Conferences, 637, 02008. https://doi.org/10.1051/e3sconf/202563702008",N41
surface water,Hainan,Hainan,Trimethoprim,7.24,ng/L,2013–2023,NA,"Li, G., Dong, M., Liu, H., Lu, L., Hou, P., & Pan, X. (2025). Occurrence, Distribution, and Ecological Risk Assessment of Antibiotics in Aqueous, Sediment, and Solid Waste of a Typical Island Province in China. Water, 17(19), 2846. https://doi.org/10.3390/w17192846",N39
surface water,Hebei,"9 ERURs, Shijiazhuang City",Difloxacin,280.9,ng/L,2022–2023,winter (Dec),"Zhao, Y., Song, Y., Zhang, L., Zhao, B., Lu, M., Cui, J., & Tang, W. (2024). Source apportionment and specific-source-site risk of quinolone antibiotics for effluent-receiving urban rivers and groundwater in a city, China. Journal of Environmental Sciences, 144, 185–198. https://doi.org/10.1016/j.jes.2023.08.016",N81
surface water,Hebei,"9 ERURs, Shijiazhuang City",Enrofloxacin,282.7,ng/L,2022–2023,winter (Dec),"Zhao, Y., Song, Y., Zhang, L., Zhao, B., Lu, M., Cui, J., & Tang, W. (2024). Source apportionment and specific-source-site risk of quinolone antibiotics for effluent-receiving urban rivers and groundwater in a city, China. Journal of Environmental Sciences, 144, 185–198. https://doi.org/10.1016/j.jes.2023.08.016",N81
surface water,Hebei,"9 ERURs, Shijiazhuang City",Flumequine,139.8,ng/L,2022–2023,winter (Dec),"Zhao, Y., Song, Y., Zhang, L., Zhao, B., Lu, M., Cui, J., & Tang, W. (2024). Source apportionment and specific-source-site risk of quinolone antibiotics for effluent-receiving urban rivers and groundwater in a city, China. Journal of Environmental Sciences, 144, 185–198. https://doi.org/10.1016/j.jes.2023.08.016",N81
surface water,Hebei,"9 ERURs, Shijiazhuang City",Norfloxacin,9.32,ng/L,2022–2023,winter (Dec),"Zhao, Y., Song, Y., Zhang, L., Zhao, B., Lu, M., Cui, J., & Tang, W. (2024). Source apportionment and specific-source-site risk of quinolone antibiotics for effluent-receiving urban rivers and groundwater in a city, China. Journal of Environmental Sciences, 144, 185–198. https://doi.org/10.1016/j.jes.2023.08.016",N81
surface water,Hebei,"Hebei Province, China",Oxytetracycline,509000,ng/L,2011,NA,"Li, D., Qi, R., Yang, M., Zhang, Y., Yu, T., 2011. Bacterial community characteristics under long-term antibiotic selection pressures. Water Research 45, 6063–6073. https://doi.org/10.1016/j.watres.2011.09.002",N220
surface water,Hebei,"Shijiazhuang, Hebei Province, China",Penicillin G,310,ng/L,2011,NA,"Li, D., Qi, R., Yang, M., Zhang, Y., Yu, T., 2011. Bacterial community characteristics under long-term antibiotic selection pressures. Water Research 45, 6063–6073. https://doi.org/10.1016/j.watres.2011.09.002",N220
surface water,Hebei,"9 ERURs, Shijiazhuang City",Sarafloxacin,157.8,ng/L,2022–2023,winter (Dec),"Zhao, Y., Song, Y., Zhang, L., Zhao, B., Lu, M., Cui, J., & Tang, W. (2024). Source apportionment and specific-source-site risk of quinolone antibiotics for effluent-receiving urban rivers and groundwater in a city, China. Journal of Environmental Sciences, 144, 185–198. https://doi.org/10.1016/j.jes.2023.08.016",N81
surface water,Hunan,Zijiang River (middle Yangtze River tributary),Amoxicillin,7.365,ng/L,2022,dry season,"Li, Y., Wang, J., Lin, C., Lian, M., Wang, A., He, M., Liu, X., & Ouyang, W. (2023). Riverine antibiotic occurrence and potential ecological risks in a low-urbanized and rural basin of the middle Yangtze River: Socioeconomic, land use, and seasonal effects. Environmental Research, 228, 115827. https://doi.org/10.1016/j.envres.2023.115827",N75
surface water,Hunan,洞庭湖流域,Chlortetracycline,26.86,ng/L,2016,NA,洞庭湖流域水环境中典型抗生素污染特征、来源及风险评估_刘晓晖.pdf,N457
surface water,Hunan,洞庭湖流域,Ciprofloxacin,15.64,ng/L,2016,NA,洞庭湖流域水环境中典型抗生素污染特征、来源及风险评估_刘晓晖.pdf,N457
surface water,Hunan,洞庭湖流域,Enrofloxacin,0.89,ng/L,2016,NA,洞庭湖流域水环境中典型抗生素污染特征、来源及风险评估_刘晓晖.pdf,N457
surface water,Hunan,洞庭湖流域,Norfloxacin,11.39,ng/L,2016,NA,洞庭湖流域水环境中典型抗生素污染特征、来源及风险评估_刘晓晖.pdf,N457
surface water,Hunan,Zijiang River (middle Yangtze River tributary),Ofloxacin,4.36,ng/L,2022,dry season,"Li, Y., Wang, J., Lin, C., Lian, M., Wang, A., He, M., Liu, X., & Ouyang, W. (2023). Riverine antibiotic occurrence and potential ecological risks in a low-urbanized and rural basin of the middle Yangtze River: Socioeconomic, land use, and seasonal effects. Environmental Research, 228, 115827. https://doi.org/10.1016/j.envres.2023.115827",N75
surface water,Hunan,洞庭湖流域,Oxytetracycline,80000000,ng/L,2016,NA,洞庭湖流域水环境中典型抗生素污染特征、来源及风险评估_刘晓晖.pdf,N457
surface water,Hunan,洞庭湖流域,Sulfadiazine,34.14,ng/L,2016,NA,洞庭湖流域水环境中典型抗生素污染特征、来源及风险评估_刘晓晖.pdf,N457
surface water,Hunan,洞庭湖流域,Tetracycline,100000,ng/L,2016,NA,洞庭湖流域水环境中典型抗生素污染特征、来源及风险评估_刘晓晖.pdf,N457
surface water,Hunan,Zijiang River (downstream of STPs),Total Antibiotics,66.25,ng/L,2022,NA,"Li, Y., Wang, J., Lin, C., Lian, M., He, M., Liu, X., & Ouyang, W. (2024). Occurrence, removal efficiency, and emission of antibiotics in the sewage treatment plants of a low-urbanized basin in China and their impact on the receiving water. Science of the Total Environment, 921, 171134. https://doi.org/10.1016/j.scitotenv.2024.171134",N59
surface water,Jiangsu,"Lower Yangtze River, Jiangsu section (19 drinking water sources)",Fluoroquinolones,478.45,ng/L,2021–2022,spring,"Wang, N., Wang, N., Qi, D., Kang, G., Wang, W., Zhang, C., Zhang, Z., Zhang, Y., Zhang, H., Zhang, S., & Xu, J. (2023). Comprehensive overview of antibiotic distribution, risk and priority: A study of large-scale drinking water sources from the lower Yangtze River. Journal of Environmental Management, 344, 118705. https://doi.org/10.1016/j.jenvman.2023.118705",N74
surface water,Jiangsu,"Lower Yangtze River, Jiangsu section (19 drinking water sources)",Macrolides,102.655,ng/L,2021–2022,spring,"Wang, N., Wang, N., Qi, D., Kang, G., Wang, W., Zhang, C., Zhang, Z., Zhang, Y., Zhang, H., Zhang, S., & Xu, J. (2023). Comprehensive overview of antibiotic distribution, risk and priority: A study of large-scale drinking water sources from the lower Yangtze River. Journal of Environmental Management, 344, 118705. https://doi.org/10.1016/j.jenvman.2023.118705",N74
surface water,Jiangsu,Jiangsu,Sulfamethoxazole,4.19,ng/L,2021,NA,"Estimating Sources, Fluxes, and Ecological Risks of Antibiotics",N154
surface water,Jiangsu,"Lower Yangtze River, Jiangsu section (19 drinking water sources)",Sulfonamides,123.79,ng/L,2021–2022,spring,"Wang, N., Wang, N., Qi, D., Kang, G., Wang, W., Zhang, C., Zhang, Z., Zhang, Y., Zhang, H., Zhang, S., & Xu, J. (2023). Comprehensive overview of antibiotic distribution, risk and priority: A study of large-scale drinking water sources from the lower Yangtze River. Journal of Environmental Management, 344, 118705. https://doi.org/10.1016/j.jenvman.2023.118705",N74
surface water,Jiangsu,"Lower Yangtze River, Jiangsu section (19 drinking water sources)",Tetracycline,92.425,ng/L,2021–2022,spring,"Wang, N., Wang, N., Qi, D., Kang, G., Wang, W., Zhang, C., Zhang, Z., Zhang, Y., Zhang, H., Zhang, S., & Xu, J. (2023). Comprehensive overview of antibiotic distribution, risk and priority: A study of large-scale drinking water sources from the lower Yangtze River. Journal of Environmental Management, 344, 118705. https://doi.org/10.1016/j.jenvman.2023.118705",N74
surface water,Jiangxi,Jinjiang River Basin,Azithromycin,3.64,ng/L,2019–2021,NA,"Wang, M., Li, J., Zhou, Y., Zhou, W., & Huang, S. (2024). Spatial and temporal distribution and ecological risk assessment of typical antibiotics in natural and wastewater of Jinjiang River Basin. PLoS ONE, 19(11), e0310865. https://doi.org/10.1371/journal.pone.0310865",N55
surface water,Jiangxi,Jinjiang River Basin,Chlortetracycline,2.76,ng/L,2019–2021,NA,"Wang, M., Li, J., Zhou, Y., Zhou, W., & Huang, S. (2024). Spatial and temporal distribution and ecological risk assessment of typical antibiotics in natural and wastewater of Jinjiang River Basin. PLoS ONE, 19(11), e0310865. https://doi.org/10.1371/journal.pone.0310865",N55
surface water,Jiangxi,Jinjiang River Basin,Ciprofloxacin,0.35,ng/L,2019–2021,NA,"Wang, M., Li, J., Zhou, Y., Zhou, W., & Huang, S. (2024). Spatial and temporal distribution and ecological risk assessment of typical antibiotics in natural and wastewater of Jinjiang River Basin. PLoS ONE, 19(11), e0310865. https://doi.org/10.1371/journal.pone.0310865",N55
surface water,Jiangxi,Jinjiang River Basin,Clarithromycin,0.47,ng/L,2019–2021,NA,"Wang, M., Li, J., Zhou, Y., Zhou, W., & Huang, S. (2024). Spatial and temporal distribution and ecological risk assessment of typical antibiotics in natural and wastewater of Jinjiang River Basin. PLoS ONE, 19(11), e0310865. https://doi.org/10.1371/journal.pone.0310865",N55
surface water,Jiangxi,Jinjiang River Basin,Enoxacin,3.5,ng/L,2019–2021,NA,"Wang, M., Li, J., Zhou, Y., Zhou, W., & Huang, S. (2024). Spatial and temporal distribution and ecological risk assessment of typical antibiotics in natural and wastewater of Jinjiang River Basin. PLoS ONE, 19(11), e0310865. https://doi.org/10.1371/journal.pone.0310865",N55
surface water,Jiangxi,Jinjiang River Basin,Enrofloxacin,2.68,ng/L,2019–2021,NA,"Wang, M., Li, J., Zhou, Y., Zhou, W., & Huang, S. (2024). Spatial and temporal distribution and ecological risk assessment of typical antibiotics in natural and wastewater of Jinjiang River Basin. PLoS ONE, 19(11), e0310865. https://doi.org/10.1371/journal.pone.0310865",N55
surface water,Jiangxi,Jinjiang River Basin,Erythromycin,10.27,ng/L,2019–2021,NA,"Wang, M., Li, J., Zhou, Y., Zhou, W., & Huang, S. (2024). Spatial and temporal distribution and ecological risk assessment of typical antibiotics in natural and wastewater of Jinjiang River Basin. PLoS ONE, 19(11), e0310865. https://doi.org/10.1371/journal.pone.0310865",N55
surface water,Jiangxi,Jinjiang River Basin,Metronidazole,1.72,ng/L,2019–2021,NA,"Wang, M., Li, J., Zhou, Y., Zhou, W., & Huang, S. (2024). Spatial and temporal distribution and ecological risk assessment of typical antibiotics in natural and wastewater of Jinjiang River Basin. PLoS ONE, 19(11), e0310865. https://doi.org/10.1371/journal.pone.0310865",N55
surface water,Jiangxi,Jinjiang River Basin,Norfloxacin,1.35,ng/L,2019–2021,NA,"Wang, M., Li, J., Zhou, Y., Zhou, W., & Huang, S. (2024). Spatial and temporal distribution and ecological risk assessment of typical antibiotics in natural and wastewater of Jinjiang River Basin. PLoS ONE, 19(11), e0310865. https://doi.org/10.1371/journal.pone.0310865",N55
surface water,Jiangxi,Jinjiang River Basin,Ofloxacin,2.66,ng/L,2019–2021,NA,"Wang, M., Li, J., Zhou, Y., Zhou, W., & Huang, S. (2024). Spatial and temporal distribution and ecological risk assessment of typical antibiotics in natural and wastewater of Jinjiang River Basin. PLoS ONE, 19(11), e0310865. https://doi.org/10.1371/journal.pone.0310865",N55
surface water,Jiangxi,Jinjiang River Basin,Oxytetracycline,9.75,ng/L,2019–2021,NA,"Wang, M., Li, J., Zhou, Y., Zhou, W., & Huang, S. (2024). Spatial and temporal distribution and ecological risk assessment of typical antibiotics in natural and wastewater of Jinjiang River Basin. PLoS ONE, 19(11), e0310865. https://doi.org/10.1371/journal.pone.0310865",N55
surface water,Jiangxi,Jinjiang River Basin,Roxithromycin,22.52,ng/L,2019–2021,NA,"Wang, M., Li, J., Zhou, Y., Zhou, W., & Huang, S. (2024). Spatial and temporal distribution and ecological risk assessment of typical antibiotics in natural and wastewater of Jinjiang River Basin. PLoS ONE, 19(11), e0310865. https://doi.org/10.1371/journal.pone.0310865",N55
surface water,Jiangxi,Jinjiang River Basin,Sulfadiazine,9.63,ng/L,2019–2021,NA,"Wang, M., Li, J., Zhou, Y., Zhou, W., & Huang, S. (2024). Spatial and temporal distribution and ecological risk assessment of typical antibiotics in natural and wastewater of Jinjiang River Basin. PLoS ONE, 19(11), e0310865. https://doi.org/10.1371/journal.pone.0310865",N55
surface water,Jiangxi,Jinjiang River Basin,Sulfadimidine,5.45,ng/L,2019–2021,NA,"Wang, M., Li, J., Zhou, Y., Zhou, W., & Huang, S. (2024). Spatial and temporal distribution and ecological risk assessment of typical antibiotics in natural and wastewater of Jinjiang River Basin. PLoS ONE, 19(11), e0310865. https://doi.org/10.1371/journal.pone.0310865",N55
surface water,Jiangxi,Jinjiang River Basin,Sulfamethoxazole,188.95,ng/L,2019–2021,NA,"Wang, M., Li, J., Zhou, Y., Zhou, W., & Huang, S. (2024). Spatial and temporal distribution and ecological risk assessment of typical antibiotics in natural and wastewater of Jinjiang River Basin. PLoS ONE, 19(11), e0310865. https://doi.org/10.1371/journal.pone.0310865",N55
surface water,Jiangxi,Jinjiang River Basin,Sulfathiazole,1.91,ng/L,2019–2021,NA,"Wang, M., Li, J., Zhou, Y., Zhou, W., & Huang, S. (2024). Spatial and temporal distribution and ecological risk assessment of typical antibiotics in natural and wastewater of Jinjiang River Basin. PLoS ONE, 19(11), e0310865. https://doi.org/10.1371/journal.pone.0310865",N55
surface water,Jiangxi,Jinjiang River Basin,Tetracycline,7.01,ng/L,2019–2021,NA,"Wang, M., Li, J., Zhou, Y., Zhou, W., & Huang, S. (2024). Spatial and temporal distribution and ecological risk assessment of typical antibiotics in natural and wastewater of Jinjiang River Basin. PLoS ONE, 19(11), e0310865. https://doi.org/10.1371/journal.pone.0310865",N55
surface water,Jilin,"Shitoukoumen Reservoir, Jilin Province",Ofloxacin,29.150000000000002,ng/L,2022–2023,multiple seasons,"Zhang, L., Li, X., Wang, Y., Li, X., Liang, S., Liu, F., & Wang, C. (2024). Temporal Variation and Risk Assessment of Typical Fluoroquinolone Antibiotic Residues in a River-Reservoir System During the Reservoir Discharge and Filling Periods. Water, Air, & Soil Pollution, 235, 573. https://doi.org/10.1007/s11270-024-07379-3",N85
surface water,Shaanxi,"Weihe River mainstream (8 main stream sites, M1-M8)",Azithromycin,31.395,ng/L,2021,winter (Dec),"Ge, L., Wei, W., Cao, S., Sweetman, A. J., Yang, Y., Zhang, P., & Li, X. (2024). Occurrence, spatiotemporal distribution and risks of macrolide antibiotics in the Weihe River and its tributaries, North-central China. Emerging Contaminants, 10, 100353. https://doi.org/10.1016/j.emcon.2024.100353",N84
surface water,Shaanxi,"Weihe River mainstream (8 main stream sites, M1-M8)",Clarithromycin,16.575,ng/L,2021,winter (Dec),"Ge, L., Wei, W., Cao, S., Sweetman, A. J., Yang, Y., Zhang, P., & Li, X. (2024). Occurrence, spatiotemporal distribution and risks of macrolide antibiotics in the Weihe River and its tributaries, North-central China. Emerging Contaminants, 10, 100353. https://doi.org/10.1016/j.emcon.2024.100353",N84
surface water,Shaanxi,"Weihe River mainstream (8 main stream sites, M1-M8)",Erythromycin,18.815,ng/L,2021,winter (Dec),"Ge, L., Wei, W., Cao, S., Sweetman, A. J., Yang, Y., Zhang, P., & Li, X. (2024). Occurrence, spatiotemporal distribution and risks of macrolide antibiotics in the Weihe River and its tributaries, North-central China. Emerging Contaminants, 10, 100353. https://doi.org/10.1016/j.emcon.2024.100353",N84
surface water,Shaanxi,"Weihe River mainstream (8 main stream sites, M1-M8)",Roxithromycin,27.955,ng/L,2021,winter (Dec),"Ge, L., Wei, W., Cao, S., Sweetman, A. J., Yang, Y., Zhang, P., & Li, X. (2024). Occurrence, spatiotemporal distribution and risks of macrolide antibiotics in the Weihe River and its tributaries, North-central China. Emerging Contaminants, 10, 100353. https://doi.org/10.1016/j.emcon.2024.100353",N84
surface water,Shaanxi,"Weihe River mainstream (8 main stream sites, M1-M8)",Spiramycin,22.009999999999998,ng/L,2021,winter (Dec),"Ge, L., Wei, W., Cao, S., Sweetman, A. J., Yang, Y., Zhang, P., & Li, X. (2024). Occurrence, spatiotemporal distribution and risks of macrolide antibiotics in the Weihe River and its tributaries, North-central China. Emerging Contaminants, 10, 100353. https://doi.org/10.1016/j.emcon.2024.100353",N84
surface water,Shandong,小清河流域,Ciprofloxacin,1,ng/L,2017,NA,小清河流域典型抗生素分布、来源及风险评价_闫先收.pdf,N453
surface water,Shandong,Shandong,Enrofloxacin,5.74,ng/L,2019,NA,Antibiotics in the Coastal Waters and Sediments of China: A Brief Review and Perspective,N42
surface water,Shandong,小清河流域,Florfenicol,4.85,ng/L,2017,NA,小清河流域典型抗生素分布、来源及风险评价_闫先收.pdf,N453
surface water,Shandong,Shandong,Norfloxacin,39.955,ng/L,2019,NA,Antibiotics in the Coastal Waters and Sediments of China: A Brief Review and Perspective,N42
surface water,Shandong,小清河流域,Oxytetracycline,100000000,ng/L,2017,NA,小清河流域典型抗生素分布、来源及风险评价_闫先收.pdf,N453
surface water,Shandong,小清河流域,Tetracycline,53.4,ng/L,2017,NA,小清河流域典型抗生素分布、来源及风险评价_闫先收.pdf,N453
surface water,Shandong,小清河流域,Trimethoprim,900,ng/L,2017,NA,小清河流域典型抗生素分布、来源及风险评价_闫先收.pdf,N453
surface water,Shanxi,Fenhe River Basin,Azithromycin,97.33,ng/L,2022,NA,"Ma, S., et al. (2026). Environmental Toxicology and Chemistry. https://doi.org/10.1093/etojnl/vgag024",N36
surface water,Shanxi,Shanxi,Macrolides,837,ng/L,2022,NA,2026 Ma Spatial distribution and drivers of antibiotics and resistance genes in a key Yellow River tributary Purchased Shuangrao Ma.pdf,N36
surface water,Shanxi,Shanxi,Sulfonamides,667.6,ng/L,2022,NA,2026 Ma Spatial distribution and drivers of antibiotics and resistance genes in a key Yellow River tributary Purchased Shuangrao Ma.pdf,N36
surface water,Shanxi,Fenhe River Basin,Tetracycline,413.6,ng/L,2022,NA,"Ma, S., et al. (2026). Environmental Toxicology and Chemistry. https://doi.org/10.1093/etojnl/vgag024",N36
surface water,Shanxi,Shanxi,Total Chloramphenicols,246.3,ng/L,2022,NA,2026 Ma Spatial distribution and drivers of antibiotics and resistance genes in a key Yellow River tributary Purchased Shuangrao Ma.pdf,N36
surface water,Shanxi,Fenhe River Basin,Total Quinolones,414,ng/L,2022,NA,"Ma, S., et al. (2026). Environmental Toxicology and Chemistry. https://doi.org/10.1093/etojnl/vgag024",N36
surface water,Sichuan,Sichuan,Amoxicillin,8.82,ng/L,2021,NA,"Sha, J., Wu, M., Zhou, Y., Cheng, T., Liu, H., Zhang, J., et al. (2025). Risk assessment of antibiotic residues and resistance profile of E. coli in typical rivers of Sichuan, China. PLOS ONE, 20(2), e0306161. https://doi.org/10.1371/journal.pone.0306161",N37
surface water,Sichuan,Sichuan,Ampicillin,1.23,ng/L,2021,NA,"Sha, J., Wu, M., Zhou, Y., Cheng, T., Liu, H., Zhang, J., et al. (2025). Risk assessment of antibiotic residues and resistance profile of E. coli in typical rivers of Sichuan, China. PLOS ONE, 20(2), e0306161. https://doi.org/10.1371/journal.pone.0306161",N37
surface water,Sichuan,Sichuan,Cefotaxime,0.31,ng/L,2021,NA,2025 Sha Publication Preview Risk assessment of antibiotic residues and resistance profile of E.coli in typical rivers of Sichuan China.pdf(duplicate of N28),N37
surface water,Sichuan,Sichuan,Cephalexin,5.56,ng/L,2021,NA,"Sha, J., Wu, M., Zhou, Y., Cheng, T., Liu, H., Zhang, J., et al. (2025). Risk assessment of antibiotic residues and resistance profile of E. coli in typical rivers of Sichuan, China. PLOS ONE, 20(2), e0306161. https://doi.org/10.1371/journal.pone.0306161",N37
surface water,Sichuan,Sichuan,Chloramphenicol,25.48,ng/L,2021,NA,"Sha, J., Wu, M., Zhou, Y., Cheng, T., Liu, H., Zhang, J., et al. (2025). Risk assessment of antibiotic residues and resistance profile of E. coli in typical rivers of Sichuan, China. PLOS ONE, 20(2), e0306161. https://doi.org/10.1371/journal.pone.0306161",N37
surface water,Sichuan,Sichuan,Chlortetracycline,2.07,ng/L,2021,NA,"Sha, J., Wu, M., Zhou, Y., Cheng, T., Liu, H., Zhang, J., et al. (2025). Risk assessment of antibiotic residues and resistance profile of E. coli in typical rivers of Sichuan, China. PLOS ONE, 20(2), e0306161. https://doi.org/10.1371/journal.pone.0306161",N37
surface water,Sichuan,Sichuan Basin (17 municipal units; livestock farms),Ciprofloxacin,0.02987,ng/L,2022–2023,NA,"Lai, C. (2025). Overall Evaluation of Antibiotics Occurrence from Large-Scale Livestock Farms in Sichuan Basin, China: Spatial Distribution, Source Apportionment, and Risk Assessment. Toxics 2025, 13, 154.",N_LAI2025_SICHUAN_BASIN
surface water,Sichuan,Sichuan,Clindamycin,4.52,ng/L,2021,NA,"Sha, J., Wu, M., Zhou, Y., Cheng, T., Liu, H., Zhang, J., et al. (2025). Risk assessment of antibiotic residues and resistance profile of E. coli in typical rivers of Sichuan, China. PLOS ONE, 20(2), e0306161. https://doi.org/10.1371/journal.pone.0306161",N37
surface water,Sichuan,Sichuan Basin (17 municipal units; livestock farms),Doxycycline,4e-4,ng/L,2022–2023,NA,"Lai, C. (2025). Overall Evaluation of Antibiotics Occurrence from Large-Scale Livestock Farms in Sichuan Basin, China: Spatial Distribution, Source Apportionment, and Risk Assessment. Toxics 2025, 13, 154.",N_LAI2025_SICHUAN_BASIN
surface water,Sichuan,Sichuan Basin (17 municipal units; livestock farms),Enoxacin,0.03574,ng/L,2022–2023,NA,"Lai, C. (2025). Overall Evaluation of Antibiotics Occurrence from Large-Scale Livestock Farms in Sichuan Basin, China: Spatial Distribution, Source Apportionment, and Risk Assessment. Toxics 2025, 13, 154.",N_LAI2025_SICHUAN_BASIN
surface water,Sichuan,Sichuan,Enrofloxacin,24.42,ng/L,2021,NA,"Sha, J., Wu, M., Zhou, Y., Cheng, T., Liu, H., Zhang, J., et al. (2025). Risk assessment of antibiotic residues and resistance profile of E. coli in typical rivers of Sichuan, China. PLOS ONE, 20(2), e0306161. https://doi.org/10.1371/journal.pone.0306161",N37
surface water,Sichuan,Sichuan,Levofloxacin,15.51,ng/L,2021,NA,"Sha, J., Wu, M., Zhou, Y., Cheng, T., Liu, H., Zhang, J., et al. (2025). Risk assessment of antibiotic residues and resistance profile of E. coli in typical rivers of Sichuan, China. PLOS ONE, 20(2), e0306161. https://doi.org/10.1371/journal.pone.0306161",N37
surface water,Sichuan,Sichuan Basin (17 municipal units; livestock farms),Lomefloxacin,0.00232,ng/L,2022–2023,NA,"Lai, C. (2025). Overall Evaluation of Antibiotics Occurrence from Large-Scale Livestock Farms in Sichuan Basin, China: Spatial Distribution, Source Apportionment, and Risk Assessment. Toxics 2025, 13, 154.",N_LAI2025_SICHUAN_BASIN
surface water,Sichuan,Sichuan,Moxifloxacin,14.62,ng/L,2021,NA,"Sha, J., Wu, M., Zhou, Y., Cheng, T., Liu, H., Zhang, J., et al. (2025). Risk assessment of antibiotic residues and resistance profile of E. coli in typical rivers of Sichuan, China. PLOS ONE, 20(2), e0306161. https://doi.org/10.1371/journal.pone.0306161",N37
surface water,Sichuan,Sichuan,Norfloxacin,24.87,ng/L,2021,NA,"Sha, J., Wu, M., Zhou, Y., Cheng, T., Liu, H., Zhang, J., et al. (2025). Risk assessment of antibiotic residues and resistance profile of E. coli in typical rivers of Sichuan, China. PLOS ONE, 20(2), e0306161. https://doi.org/10.1371/journal.pone.0306161",N37
surface water,Sichuan,Sichuan,Oxytetracycline,60.04,ng/L,2021,NA,"Sha, J., Wu, M., Zhou, Y., Cheng, T., Liu, H., Zhang, J., et al. (2025). Risk assessment of antibiotic residues and resistance profile of E. coli in typical rivers of Sichuan, China. PLOS ONE, 20(2), e0306161. https://doi.org/10.1371/journal.pone.0306161",N37
surface water,Sichuan,Sichuan Basin (17 municipal units; livestock farms),Sarafloxacin,0.00102,ng/L,2022–2023,NA,"Lai, C. (2025). Overall Evaluation of Antibiotics Occurrence from Large-Scale Livestock Farms in Sichuan Basin, China: Spatial Distribution, Source Apportionment, and Risk Assessment. Toxics 2025, 13, 154.",N_LAI2025_SICHUAN_BASIN
surface water,Sichuan,Sichuan Basin (17 municipal units; livestock farms),Sulfachloropyridazine,0.00352,ng/L,2022–2023,NA,"Lai, C. (2025). Overall Evaluation of Antibiotics Occurrence from Large-Scale Livestock Farms in Sichuan Basin, China: Spatial Distribution, Source Apportionment, and Risk Assessment. Toxics 2025, 13, 154.",N_LAI2025_SICHUAN_BASIN
surface water,Sichuan,Sichuan,Sulfadiazine,1.71,ng/L,2021,NA,"Sha, J., Wu, M., Zhou, Y., Cheng, T., Liu, H., Zhang, J., et al. (2025). Risk assessment of antibiotic residues and resistance profile of E. coli in typical rivers of Sichuan, China. PLOS ONE, 20(2), e0306161. https://doi.org/10.1371/journal.pone.0306161",N37
surface water,Sichuan,Sichuan Basin (17 municipal units; livestock farms),Sulfadimidine,0.004829999999999999,ng/L,2022–2023,NA,"Lai, C. (2025). Overall Evaluation of Antibiotics Occurrence from Large-Scale Livestock Farms in Sichuan Basin, China: Spatial Distribution, Source Apportionment, and Risk Assessment. Toxics 2025, 13, 154.",N_LAI2025_SICHUAN_BASIN
surface water,Sichuan,Sichuan,Sulfamethoxazole,1.44,ng/L,2021,NA,"Sha, J., Wu, M., Zhou, Y., Cheng, T., Liu, H., Zhang, J., et al. (2025). Risk assessment of antibiotic residues and resistance profile of E. coli in typical rivers of Sichuan, China. PLOS ONE, 20(2), e0306161. https://doi.org/10.1371/journal.pone.0306161",N37
surface water,Sichuan,Sichuan Basin (17 municipal units; livestock farms),Sulfathiazole,5e-5,ng/L,2022–2023,NA,"Lai, C. (2025). Overall Evaluation of Antibiotics Occurrence from Large-Scale Livestock Farms in Sichuan Basin, China: Spatial Distribution, Source Apportionment, and Risk Assessment. Toxics 2025, 13, 154.",N_LAI2025_SICHUAN_BASIN
surface water,Sichuan,Sichuan,Tetracycline,84.35,ng/L,2021,NA,"Sha, J., Wu, M., Zhou, Y., Cheng, T., Liu, H., Zhang, J., et al. (2025). Risk assessment of antibiotic residues and resistance profile of E. coli in typical rivers of Sichuan, China. PLOS ONE, 20(2), e0306161. https://doi.org/10.1371/journal.pone.0306161",N37
surface water,Tibet,拉萨河,Ofloxacin,18,ng/L,2023,NA,拉萨河抗生素及其抗性基因分布特征及影响因素研究_叶鑫彤.pdf,N455
surface water,Tibet,拉萨河,Tetracycline,12013.5,ng/L,2023,NA,拉萨河抗生素及其抗性基因分布特征及影响因素研究_叶鑫彤.pdf,N455
surface water,Yangtze River Basin,Yangtze River Basin,Ciprofloxacin,1393,ng/L,2023,NA,"2024 Jean Insight on prioritization of antibiotics in China, their occurrence, and removal by different wastewater treatment technologies.pdf",N12
surface water,Yangtze River Basin,Yangtze River Basin,Erythromycin,46.5,ng/L,2023,NA,"2025 nice figures Antibiotics, antibiotic resistance genes, and environmental drivers Assessment of resistance pollution along the Yangtze River Basin.pdf",N23
surface water,Yangtze River Basin,Yangtze River Basin,Sulfisomidine,321,ng/L,2023,NA,"2025 nice figures Antibiotics, antibiotic resistance genes, and environmental drivers Assessment of resistance pollution along the Yangtze River Basin.pdf",N23
surface water,multiple,Hebei/Jiangsu/Zhejiang/Guangdong (downstream of PMFs),Erythromycin,152.46,ng/L,2020–2021,NA,"Liu, Y., Cai, D., Li, X., Wu, Q., Ding, P., Shen, L., et al. (2023). Occurrence, fate, and risk assessment of antibiotics in typical pharmaceutical manufactories and receiving water bodies from different regions. PLoS ONE, 18(1), e0270945. https://doi.org/10.1371/journal.pone.0270945",N54
surface water,multiple,"Yangtze River, 67 sites",Florfenicol,23.9,ng/L,2023,dry season,"Fan, D., Zhang, Y., Sun, S., Zhang, B., Liang, M., Xu, J., & Wang, L. (2024). Occurrence, spatial distribution, source apportionment, and risk assessment of antibiotics in Yangtze River surface water. Emerging Contaminants, 11, 100437. https://doi.org/10.1016/j.emcon.2024.100437",N82
surface water,multiple,Hebei/Jiangsu/Zhejiang/Guangdong (downstream of PMFs),Sulfamethoxazole,13.91,ng/L,2020–2021,NA,"Liu, Y., Cai, D., Li, X., Wu, Q., Ding, P., Shen, L., et al. (2023). Occurrence, fate, and risk assessment of antibiotics in typical pharmaceutical manufactories and receiving water bodies from different regions. PLoS ONE, 18(1), e0270945. https://doi.org/10.1371/journal.pone.0270945",N54
surface water,multiple (8 river basins),8 typical river basins (Liaohe/Songhua/Haihe/Yellow/Huaihe/Yangtze/Pearl/SE),Chlortetracycline,33.85,ng/L,2012–2022 (compiled),NA,"Men, C., Liu, R., Guo, L., Wang, X., Xu, F., Shen, Z., & Chen, J. (2025). A nationwide probabilistic risk assessment and a new insight into source-specific risk apportionment of antibiotics in eight typical river basins in China: Human health risk and ecological risk. Journal of Hazardous Materials, 484, 136674. https://doi.org/10.1016/j.jhazmat.2025.136674",N90
surface water,multiple (8 river basins),8 typical river basins (Liaohe/Songhua/Haihe/Yellow/Huaihe/Yangtze/Pearl/SE),Ofloxacin,28.47,ng/L,2012–2022 (compiled),NA,"Men, C., Liu, R., Guo, L., Wang, X., Xu, F., Shen, Z., & Chen, J. (2025). A nationwide probabilistic risk assessment and a new insight into source-specific risk apportionment of antibiotics in eight typical river basins in China: Human health risk and ecological risk. Journal of Hazardous Materials, 484, 136674. https://doi.org/10.1016/j.jhazmat.2025.136674",N90
surface water,multiple (8 river basins),8 typical river basins (Liaohe/Songhua/Haihe/Yellow/Huaihe/Yangtze/Pearl/SE),Oxytetracycline,30.41,ng/L,2012–2022 (compiled),NA,"Men, C., Liu, R., Guo, L., Wang, X., Xu, F., Shen, Z., & Chen, J. (2025). A nationwide probabilistic risk assessment and a new insight into source-specific risk apportionment of antibiotics in eight typical river basins in China: Human health risk and ecological risk. Journal of Hazardous Materials, 484, 136674. https://doi.org/10.1016/j.jhazmat.2025.136674",N90
surface water,multiple (8 river basins),8 typical river basins (Liaohe/Songhua/Haihe/Yellow/Huaihe/Yangtze/Pearl/SE),Sulfamethoxazole,49.77,ng/L,2012–2022 (compiled),NA,"Men, C., Liu, R., Guo, L., Wang, X., Xu, F., Shen, Z., & Chen, J. (2025). A nationwide probabilistic risk assessment and a new insight into source-specific risk apportionment of antibiotics in eight typical river basins in China: Human health risk and ecological risk. Journal of Hazardous Materials, 484, 136674. https://doi.org/10.1016/j.jhazmat.2025.136674",N90
surface water,multiple (8 river basins),8 typical river basins (Liaohe/Songhua/Haihe/Yellow/Huaihe/Yangtze/Pearl/SE),Tetracycline,15.26,ng/L,2012–2022 (compiled),NA,"Men, C., Liu, R., Guo, L., Wang, X., Xu, F., Shen, Z., & Chen, J. (2025). A nationwide probabilistic risk assessment and a new insight into source-specific risk apportionment of antibiotics in eight typical river basins in China: Human health risk and ecological risk. Journal of Hazardous Materials, 484, 136674. https://doi.org/10.1016/j.jhazmat.2025.136674",N90
surface water,multiple (Chongqing–Shanghai),"Yangtze River, 7 cities, 67 sampling sites",Total Antibiotics,85.6,ng/L,2023,dry season,"Fan, D., Zhang, Y., Sun, S., Zhang, B., Liang, M., Xu, J., & Wang, L. (2024). Occurrence, spatial distribution, source apportionment, and risk assessment of antibiotics in Yangtze River surface water. Emerging Contaminants, 11, 100437. https://doi.org/10.1016/j.emcon.2024.100437",N82
surface water,multiple (Jiangsu/Shanghai),Yangtze River downstream (Suzhou–Shanghai),Total Antibiotics,246.6,ng/L,2023,dry season,"Fan, D., Zhang, Y., Sun, S., Zhang, B., Liang, M., Xu, J., & Wang, L. (2024). Occurrence, spatial distribution, source apportionment, and risk assessment of antibiotics in Yangtze River surface water. Emerging Contaminants, 11, 100437. https://doi.org/10.1016/j.emcon.2024.100437",N82
surface water,multiple (Shandong-Qinghai corridor),Yellow River mainstream (33 sites),Cinoxacin,1.2,ng/L,2021–2022,NA,"Su, Z., Wang, K., Yang, F., & Zhuang, T. (2023). Antibiotic pollution of the Yellow River in China and its relationship with dissolved organic matter: Distribution and Source identification. Water Research, 235, 119867. https://doi.org/10.1016/j.watres.2023.119867",N77
surface water,multiple (Shandong-Qinghai corridor),Yellow River mainstream (33 sites),Enoxacin,3.99,ng/L,2021–2022,NA,"Su, Z., Wang, K., Yang, F., & Zhuang, T. (2023). Antibiotic pollution of the Yellow River in China and its relationship with dissolved organic matter: Distribution and Source identification. Water Research, 235, 119867. https://doi.org/10.1016/j.watres.2023.119867",N77
surface water,multiple (Shandong-Qinghai corridor),Yellow River mainstream (33 sites),Erythromycin,2.29,ng/L,2021–2022,NA,"Su, Z., Wang, K., Yang, F., & Zhuang, T. (2023). Antibiotic pollution of the Yellow River in China and its relationship with dissolved organic matter: Distribution and Source identification. Water Research, 235, 119867. https://doi.org/10.1016/j.watres.2023.119867",N77
surface water,multiple (Shandong-Qinghai corridor),Yellow River mainstream (33 sites),Norfloxacin,0.41,ng/L,2021–2022,NA,"Su, Z., Wang, K., Yang, F., & Zhuang, T. (2023). Antibiotic pollution of the Yellow River in China and its relationship with dissolved organic matter: Distribution and Source identification. Water Research, 235, 119867. https://doi.org/10.1016/j.watres.2023.119867",N77
surface water,multiple (Shandong-Qinghai corridor),Yellow River mainstream (33 sites),Oxolinic Acid,1.31,ng/L,2021–2022,NA,"Su, Z., Wang, K., Yang, F., & Zhuang, T. (2023). Antibiotic pollution of the Yellow River in China and its relationship with dissolved organic matter: Distribution and Source identification. Water Research, 235, 119867. https://doi.org/10.1016/j.watres.2023.119867",N77
surface water,multiple (Shandong-Qinghai corridor),Yellow River mainstream (33 sites),Sulfadiazine,1.25,ng/L,2021–2022,NA,"Su, Z., Wang, K., Yang, F., & Zhuang, T. (2023). Antibiotic pollution of the Yellow River in China and its relationship with dissolved organic matter: Distribution and Source identification. Water Research, 235, 119867. https://doi.org/10.1016/j.watres.2023.119867",N77
surface water,multiple (Shandong-Qinghai corridor),Yellow River mainstream (33 sites),Sulfamethoxazole,8.63,ng/L,2021–2022,NA,"Su, Z., Wang, K., Yang, F., & Zhuang, T. (2023). Antibiotic pollution of the Yellow River in China and its relationship with dissolved organic matter: Distribution and Source identification. Water Research, 235, 119867. https://doi.org/10.1016/j.watres.2023.119867",N77
surface water,multiple (Shandong-Qinghai corridor),Yellow River mainstream (33 sites),Sulfamonomethoxine,2.2,ng/L,2021–2022,NA,"Su, Z., Wang, K., Yang, F., & Zhuang, T. (2023). Antibiotic pollution of the Yellow River in China and its relationship with dissolved organic matter: Distribution and Source identification. Water Research, 235, 119867. https://doi.org/10.1016/j.watres.2023.119867",N77
surface water,multiple (Shandong-Qinghai corridor),Yellow River mainstream (33 sites),Sulfapyridine,0.54,ng/L,2021–2022,NA,"Su, Z., Wang, K., Yang, F., & Zhuang, T. (2023). Antibiotic pollution of the Yellow River in China and its relationship with dissolved organic matter: Distribution and Source identification. Water Research, 235, 119867. https://doi.org/10.1016/j.watres.2023.119867",N77
surface water,multiple (Yueyang/Wuhan),Yangtze River midstream (Yueyang–Wuhan),Total Antibiotics,89.5,ng/L,2023,dry season,"Fan, D., Zhang, Y., Sun, S., Zhang, B., Liang, M., Xu, J., & Wang, L. (2024). Occurrence, spatial distribution, source apportionment, and risk assessment of antibiotics in Yangtze River surface water. Emerging Contaminants, 11, 100437. https://doi.org/10.1016/j.emcon.2024.100437",N82
surface water sediment,Hainan,Hainan,Sulfamethoxazole,0.03,ng/g dw,2013–2023,NA,"Li, G., Dong, M., Liu, H., Lu, L., Hou, P., & Pan, X. (2025). Occurrence, Distribution, and Ecological Risk Assessment of Antibiotics in Aqueous, Sediment, and Solid Waste of a Typical Island Province in China. Water, 17(19), 2846. https://doi.org/10.3390/w17192846",N39
surface water sediment,Hainan,Hainan,Trimethoprim,0.16,ng/g dw,2013–2023,NA,"Li, G., Dong, M., Liu, H., Lu, L., Hou, P., & Pan, X. (2025). Occurrence, Distribution, and Ecological Risk Assessment of Antibiotics in Aqueous, Sediment, and Solid Waste of a Typical Island Province in China. Water, 17(19), 2846. https://doi.org/10.3390/w17192846",N39
urban wastewater (effluent),Heilongjiang,Heilongjiang,Norfloxacin,852.8499999999999,ng/L,2024,NA,2025 Guo et al Comprehensive assessment of 45 antibiotics in ten urban wastewater treatment plants in Northeastern China- Terminal treatment is not a reliable guard  Author links open overlay panel Xin-Ming Guo.pdf,N18
urban wastewater (effluent),Heilongjiang,Heilongjiang,Ofloxacin,122,ng/L,2024,NA,2025 Guo et al Comprehensive assessment of 45 antibiotics in ten urban wastewater treatment plants in Northeastern China- Terminal treatment is not a reliable guard  Author links open overlay panel Xin-Ming Guo.pdf,N18
