province,bacteria_species,antibiotic,antibiotic_class,endpoint_label,curated_endpoint,total_n_strains,resistant_percent,resistant_n_strains,intermediate_percent,sensitive_percent
Anhui,A. baumannii,Amikacin,other,A. baumannii | Amikacin,False,6931,31.770306825637817,2202,1.4139373786747456,66.81575775146484
Anhui,A. baumannii,Ampicillin/Sulbactam,other,A. baumannii | Ampicillin/Sulbactam,False,3255,52.28878855705261,1702,4.946236684918404,42.76497662067413
Anhui,A. baumannii,Aztreonam,other,A. baumannii | Aztreonam,False,2984,74.09517168998718,2211,22.41957038640976,3.4852545708417892
Anhui,A. baumannii,Cefepime,other,A. baumannii | Cefepime,False,11873,48.109155893325806,5712,10.957635194063188,40.93320965766907
Anhui,A. baumannii,Cefoperazone/Sulbactam,other,A. baumannii | Cefoperazone/Sulbactam,False,9899,45.822811126708984,4536,10.930397361516953,43.24679374694824
Anhui,A. baumannii,Cefotaxime,other,A. baumannii | Cefotaxime,False,2670,60.86142063140869,1625,14.044943451881409,25.09363293647766
Anhui,A. baumannii,Ceftazidime,other,A. baumannii | Ceftazidime,False,11894,57.59206414222717,6850,1.748780906200409,40.65915644168854
Anhui,A. baumannii,Ceftriaxone,other,A. baumannii | Ceftriaxone,False,2570,57.04280138015747,1466,26.536965370178223,16.420233249664307
Anhui,A. baumannii,Ciprofloxacin,fluoroquinolones,A. baumannii | Ciprofloxacin,False,11112,58.88229012489319,6543,0.6839452777057886,40.43376445770264
Anhui,A. baumannii,Gentamicin,other,A. baumannii | Gentamicin,False,2780,51.9784152507782,1445,1.6906475648283958,46.33093476295471
Anhui,A. baumannii,Imipenem,other,A. baumannii | Imipenem,False,11708,57.20020532608032,6697,0.4185172729194164,42.381277680397034
Anhui,A. baumannii,Levofloxacin,fluoroquinolones,A. baumannii | Levofloxacin,True,11904,47.67305254936218,5675,10.047043114900587,42.27990508079529
Anhui,A. baumannii,Meropenem,other,A. baumannii | Meropenem,False,10306,60.60547232627869,6246,0.5433727987110615,38.85115385055542
Anhui,A. baumannii,Minocycline,other,A. baumannii | Minocycline,False,9778,9.490693360567091,928,15.125793218612673,75.3835141658783
Anhui,A. baumannii,Piperacillin/Tazobactam,other,A. baumannii | Piperacillin/Tazobactam,False,10551,61.50128245353699,6489,2.0661547780036926,36.43256425857544
Anhui,A. baumannii,Polymyxin B,other,A. baumannii | Polymyxin B,False,1964,1.8329938873648643,36,0.0,98.1670081615448
Anhui,A. baumannii,Tigecycline,other,A. baumannii | Tigecycline,False,10020,3.5928145051002502,360,17.924152314662933,78.48303318023682
Anhui,A. baumannii,Tobramycin,other,A. baumannii | Tobramycin,False,10761,52.1884560585022,5616,1.291701477020979,46.51983976364136
Anhui,E. coli,Amikacin,other,E. coli | Amikacin,False,38876,4.699557647109032,1827,2.1735776215791702,93.12686324119568
Anhui,E. coli,Amoxicillin/Clavulanic acid,other,E. coli | Amoxicillin/Clavulanic acid,False,28214,10.980364680290222,3098,16.84270203113556,72.17693328857422
Anhui,E. coli,Ampicillin,other,E. coli | Ampicillin,False,20310,82.96898007392883,16851,1.8069915473461151,15.224027633666992
Anhui,E. coli,Ampicillin/Sulbactam,other,E. coli | Ampicillin/Sulbactam,False,19277,39.560097455978394,7626,21.52305841445923,38.91684412956238
Anhui,E. coli,Aztreonam,other,E. coli | Aztreonam,False,25331,31.88188374042511,8076,2.115984447300434,66.00213050842285
Anhui,E. coli,Cefazolin,other,E. coli | Cefazolin,False,6655,60.36062836647034,4017,11.675432324409485,27.96393632888794
Anhui,E. coli,Cefepime,other,E. coli | Cefepime,False,42046,26.252201199531555,11038,9.701279550790789,64.04651999473572
Anhui,E. coli,Cefoperazone/Sulbactam,other,E. coli | Cefoperazone/Sulbactam,False,30979,5.381064489483833,1667,5.222892761230469,89.39604163169861
Anhui,E. coli,Cefotaxime,other,E. coli | Cefotaxime,False,10818,50.58236122131348,5472,1.155481580644846,48.26215505599976
Anhui,E. coli,Cefotetan,other,E. coli | Cefotetan,False,16359,2.591845393180847,424,0.9597163647413254,96.44843935966492
Anhui,E. coli,Cefoxitin,other,E. coli | Cefoxitin,False,19490,10.954335331916807,2135,6.085171923041344,82.96049237251282
Anhui,E. coli,Ceftazidime,other,E. coli | Ceftazidime,False,42296,22.99981117248535,9728,9.60610955953598,67.39407777786255
Anhui,E. coli,Ceftazidime/Avibactam,other,E. coli | Ceftazidime/Avibactam,False,956,11.29707098007202,108,0.0,88.70292901992798
Anhui,E. coli,Ceftriaxone,other,E. coli | Ceftriaxone,False,27972,51.4049768447876,14379,0.2466752426698804,48.34834933280945
Anhui,E. coli,Cefuroxime,other,E. coli | Cefuroxime,False,30846,52.43791937828064,16175,2.956623211503029,44.6054607629776
Anhui,E. coli,Chloramphenicol,other,E. coli | Chloramphenicol,False,3540,24.858756363391876,880,3.644067794084549,71.49717807769775
Anhui,E. coli,Ciprofloxacin,fluoroquinolones,E. coli | Ciprofloxacin,True,21929,52.95727252960205,11613,2.074878104031086,44.9678510427475
Anhui,E. coli,Ertapenem,other,E. coli | Ertapenem,False,27860,1.381909567862749,385,0.2117731608450412,98.40631484985352
Anhui,E. coli,Gentamicin,other,E. coli | Gentamicin,False,16910,35.48196256160736,6000,3.5895921289920807,60.92844605445862
Anhui,E. coli,Imipenem,other,E. coli | Imipenem,False,41249,1.5782201662659645,651,0.4727387335151434,97.94903993606567
Anhui,E. coli,Levofloxacin,fluoroquinolones,E. coli | Levofloxacin,True,41224,51.5112578868866,21235,3.456724062561989,45.03202140331268
Anhui,E. coli,Meropenem,other,E. coli | Meropenem,False,15729,1.9708817824721336,310,0.1970881829038262,97.8320300579071
Anhui,E. coli,Nitrofurantoin,other,E. coli | Nitrofurantoin,False,6901,1.6229532659053802,112,5.216635391116142,93.16040873527528
Anhui,E. coli,Piperacillin/Tazobactam,other,E. coli | Piperacillin/Tazobactam,False,40851,8.863919973373413,3621,1.9363051280379295,89.1997754573822
Anhui,E. coli,Polymyxin B,other,E. coli | Polymyxin B,False,3567,1.1774600483477116,42,0.0,98.82254004478456
Anhui,E. coli,Ticarcillin/Clavulanic acid,other,E. coli | Ticarcillin/Clavulanic acid,False,10170,12.064896523952484,1227,12.055063992738724,75.88003873825073
Anhui,E. coli,Tigecycline,other,E. coli | Tigecycline,False,32400,0.1851851819083094,60,0.3395061707124114,99.47530627250671
Anhui,E. coli,Tobramycin,other,E. coli | Tobramycin,False,20180,36.23884916305542,7313,1.4420217834413052,62.31912970542908
Anhui,E. coli,Trimethoprim/Sulfamethoxazole,sulfonamides,E. coli | Trimethoprim/Sulfamethoxazole,True,38392,51.22421383857727,19666,0.0260470929788425,48.74973893165589
Anhui,K. pneumoniae,Amikacin,other,K. pneumoniae | Amikacin,False,28766,7.859973609447479,2261,0.7995550520718098,91.34047031402588
Anhui,K. pneumoniae,Amoxicillin/Clavulanic acid,other,K. pneumoniae | Amoxicillin/Clavulanic acid,False,21878,17.003382742404938,3720,7.902916520833969,75.09369850158691
Anhui,K. pneumoniae,Ampicillin,other,K. pneumoniae | Ampicillin,False,6376,88.4880781173706,5642,10.429736226797104,1.0821831412613392
Anhui,K. pneumoniae,Ampicillin/Sulbactam,other,K. pneumoniae | Ampicillin/Sulbactam,False,11159,28.89147698879242,3224,5.690474063158035,65.41804671287537
Anhui,K. pneumoniae,Aztreonam,other,K. pneumoniae | Aztreonam,False,17454,24.172109365463257,4219,0.7620029617100954,75.06588697433472
Anhui,K. pneumoniae,Cefazolin,other,K. pneumoniae | Cefazolin,False,4912,29.98778522014618,1473,11.258143186569214,58.754074573516846
Anhui,K. pneumoniae,Cefepime,other,K. pneumoniae | Cefepime,False,31810,20.0880229473114,6390,1.8390443176031113,78.0729353427887
Anhui,K. pneumoniae,Cefoperazone/Sulbactam,other,K. pneumoniae | Cefoperazone/Sulbactam,False,24798,14.678603410720823,3640,2.3953543975949287,82.92604088783264
Anhui,K. pneumoniae,Cefotaxime,other,K. pneumoniae | Cefotaxime,False,9299,28.83105576038361,2681,0.7527691312134266,70.41617631912231
Anhui,K. pneumoniae,Cefotetan,other,K. pneumoniae | Cefotetan,False,11791,11.15257367491722,1315,1.0940548032522202,87.75337338447571
Anhui,K. pneumoniae,Cefoxitin,other,K. pneumoniae | Cefoxitin,False,14768,17.118093371391296,2528,1.9840195775032043,80.89788556098938
Anhui,K. pneumoniae,Ceftazidime,other,K. pneumoniae | Ceftazidime,False,31897,20.823274552822113,6642,2.5049377232789993,76.67178511619568
Anhui,K. pneumoniae,Ceftazidime/Avibactam,other,K. pneumoniae | Ceftazidime/Avibactam,False,3430,4.956268146634102,170,0.0,95.0437307357788
Anhui,K. pneumoniae,Ceftriaxone,other,K. pneumoniae | Ceftriaxone,False,19816,26.97315216064453,5345,0.1412999583408236,72.88554906845093
Anhui,K. pneumoniae,Cefuroxime,other,K. pneumoniae | Cefuroxime,False,23215,30.69997727870941,7127,1.9470170140266416,67.35300421714783
Anhui,K. pneumoniae,Chloramphenicol,other,K. pneumoniae | Chloramphenicol,False,3098,24.338282644748688,754,3.6797933280467983,71.98192477226257
Anhui,K. pneumoniae,Ciprofloxacin,fluoroquinolones,K. pneumoniae | Ciprofloxacin,True,16162,21.61242365837097,3493,2.0975125953555107,76.29006505012512
Anhui,K. pneumoniae,Ertapenem,other,K. pneumoniae | Ertapenem,False,20407,8.86460542678833,1809,0.4753271117806434,90.66006541252136
Anhui,K. pneumoniae,Gentamicin,other,K. pneumoniae | Gentamicin,False,10656,19.885510206222538,2119,3.4909911453723907,76.62349939346313
Anhui,K. pneumoniae,Imipenem,other,K. pneumoniae | Imipenem,False,31409,10.949090868234634,3439,1.114330254495144,87.93658018112183
Anhui,K. pneumoniae,Levofloxacin,fluoroquinolones,K. pneumoniae | Levofloxacin,True,31134,18.90858858823776,5887,2.453908883035183,78.63750457763672
Anhui,K. pneumoniae,Meropenem,other,K. pneumoniae | Meropenem,False,14399,14.424613118171692,2077,0.2569622825831175,85.31842231750488
Anhui,K. pneumoniae,Nitrofurantoin,other,K. pneumoniae | Nitrofurantoin,False,3931,28.135335445404053,1106,51.38641595840454,20.47825008630753
Anhui,K. pneumoniae,Piperacillin/Tazobactam,other,K. pneumoniae | Piperacillin/Tazobactam,False,31152,17.658577859401703,5501,3.7975091487169266,78.5439133644104
Anhui,K. pneumoniae,Polymyxin B,other,K. pneumoniae | Polymyxin B,False,1807,1.6602102667093277,30,0.0,98.3397901058197
Anhui,K. pneumoniae,Ticarcillin/Clavulanic acid,other,K. pneumoniae | Ticarcillin/Clavulanic acid,False,9610,20.7284078001976,1992,5.97294494509697,73.29864501953125
Anhui,K. pneumoniae,Tigecycline,other,K. pneumoniae | Tigecycline,False,24938,1.7443260177969933,435,2.738792262971401,95.5168843269348
Anhui,K. pneumoniae,Tobramycin,other,K. pneumoniae | Tobramycin,False,15246,20.995670557022095,3201,1.3708514161407948,77.63347625732422
Anhui,K. pneumoniae,Trimethoprim/Sulfamethoxazole,sulfonamides,K. pneumoniae | Trimethoprim/Sulfamethoxazole,False,29343,21.354326605796818,6266,0.0204478070372715,78.62522602081299
Anhui,P. aeruginosa,Amikacin,other,P. aeruginosa | Amikacin,False,18367,3.3429522067308426,614,1.4428050257265568,95.21424174308775
Anhui,P. aeruginosa,Aztreonam,other,P. aeruginosa | Aztreonam,False,12485,20.17621099948883,2519,17.14857816696167,62.67520785331726
Anhui,P. aeruginosa,Cefepime,other,P. aeruginosa | Cefepime,False,20218,7.8593336045742035,1589,9.303590655326843,82.8370749950409
Anhui,P. aeruginosa,Cefoperazone/Sulbactam,other,P. aeruginosa | Cefoperazone/Sulbactam,False,15945,14.261524379253387,2274,10.649106651544573,75.08937120437622
Anhui,P. aeruginosa,Ceftazidime,other,P. aeruginosa | Ceftazidime,False,19948,14.206938445568085,2834,4.952877387404442,80.84018230438232
Anhui,P. aeruginosa,Ceftazidime/Avibactam,other,P. aeruginosa | Ceftazidime/Avibactam,False,1703,7.516147941350937,128,0.0,92.48385429382324
Anhui,P. aeruginosa,Ciprofloxacin,fluoroquinolones,P. aeruginosa | Ciprofloxacin,True,19399,11.46450862288475,2224,4.757977277040482,83.777517080307
Anhui,P. aeruginosa,Gentamicin,other,P. aeruginosa | Gentamicin,False,5448,7.121879607439041,388,2.955213002860546,89.92290496826172
Anhui,P. aeruginosa,Imipenem,other,P. aeruginosa | Imipenem,False,19864,16.57772809267044,3293,3.2823197543621063,80.13995289802551
Anhui,P. aeruginosa,Levofloxacin,fluoroquinolones,P. aeruginosa | Levofloxacin,False,19411,12.771108746528624,2479,8.922775834798813,78.3061146736145
Anhui,P. aeruginosa,Meropenem,other,P. aeruginosa | Meropenem,False,17665,13.393716514110563,2366,4.517407342791557,82.08887577056885
Anhui,P. aeruginosa,Piperacillin,other,P. aeruginosa | Piperacillin,False,4918,18.523789942264557,911,6.486376374959946,74.98983144760132
Anhui,P. aeruginosa,Piperacillin/Tazobactam,other,P. aeruginosa | Piperacillin/Tazobactam,False,17139,17.32889860868454,2970,5.764630436897278,76.9064724445343
Anhui,P. aeruginosa,Polymyxin B,other,P. aeruginosa | Polymyxin B,False,2416,2.8559602797031403,69,0.0,97.14403748512268
Anhui,P. aeruginosa,Tobramycin,other,P. aeruginosa | Tobramycin,False,16117,7.290438562631607,1175,2.432214468717575,90.27734398841858
Anhui,S. aureus,Cefoxitin,other,S. aureus | Cefoxitin,False,2372,32.757166028022766,777,0.0,67.242830991745
Anhui,S. aureus,Chloramphenicol,other,S. aureus | Chloramphenicol,False,669,3.8863975554704666,26,1.9431987777352333,94.1704034805298
Anhui,S. aureus,Ciprofloxacin,fluoroquinolones,S. aureus | Ciprofloxacin,False,8774,15.409164130687714,1352,5.710052326321602,78.88078689575195
Anhui,S. aureus,Clindamycin,other,S. aureus | Clindamycin,False,16165,21.787813305854797,3522,0.9403031319379808,77.27188467979431
Anhui,S. aureus,Erythromycin,macrolides,S. aureus | Erythromycin,True,15781,54.331159591674805,8574,0.8111019618809223,44.85774040222168
Anhui,S. aureus,Gentamicin,other,S. aureus | Gentamicin,False,15895,5.511166900396347,876,1.698647439479828,92.79018640518188
Anhui,S. aureus,Levofloxacin,fluoroquinolones,S. aureus | Levofloxacin,False,15808,14.54326957464218,2299,1.4170040376484394,84.03972387313843
Anhui,S. aureus,Linezolid,other,S. aureus | Linezolid,False,16380,0.0,0,0.0,100.0
Anhui,S. aureus,Nitrofurantoin,other,S. aureus | Nitrofurantoin,False,4531,0.1765614608302712,8,0.3089825622737407,99.5144546031952
Anhui,S. aureus,Oxacillin,other,S. aureus | Oxacillin,False,15933,36.97357773780823,5891,0.0,63.02642226219177
Anhui,S. aureus,Penicillin G,other,S. aureus | Penicillin G,False,15010,92.82478094100952,13933,0.0,7.175216823816299
Anhui,S. aureus,Rifampicin,other,S. aureus | Rifampicin,False,16376,0.9770396165549756,160,0.4030288197100162,98.61993193626404
Anhui,S. aureus,Teicoplanin,other,S. aureus | Teicoplanin,False,5076,0.0,0,0.0,100.0
Anhui,S. aureus,Tetracycline,other,S. aureus | Tetracycline,False,8746,17.37937331199646,1520,0.3201463492587209,82.30047821998596
Anhui,S. aureus,Trimethoprim/Sulfamethoxazole,sulfonamides,S. aureus | Trimethoprim/Sulfamethoxazole,False,15012,7.91366919875145,1188,0.0066613378294277,92.07966923713684
Anhui,S. aureus,Vancomycin,other,S. aureus | Vancomycin,False,16217,0.0,0,0.0,100.0
Beijing,A. baumannii,Amikacin,other,A. baumannii | Amikacin,False,4962,43.00685226917267,2134,3.164046630263329,53.82910370826721
Beijing,A. baumannii,Ampicillin/Sulbactam,other,A. baumannii | Ampicillin/Sulbactam,False,4484,44.112399220466614,1978,3.7912577390670776,52.09634304046631
Beijing,A. baumannii,Aztreonam,other,A. baumannii | Aztreonam,False,61,80.32786846160889,49,16.393442451953888,3.2786883413791656
Beijing,A. baumannii,Cefepime,other,A. baumannii | Cefepime,False,13801,47.663211822509766,6578,9.028331190347672,43.308454751968384
Beijing,A. baumannii,Cefoperazone/Sulbactam,other,A. baumannii | Cefoperazone/Sulbactam,False,9502,34.96105968952179,3322,13.870763778686523,51.16817355155945
Beijing,A. baumannii,Cefotaxime,other,A. baumannii | Cefotaxime,False,753,52.32403874397278,394,31.474104523658752,16.201859712600708
Beijing,A. baumannii,Ceftazidime,other,A. baumannii | Ceftazidime,False,13814,54.56058979034424,7537,2.5191834196448326,42.920225858688354
Beijing,A. baumannii,Ceftriaxone,other,A. baumannii | Ceftriaxone,False,2068,47.92069494724274,991,24.70986396074295,27.369439601898193
Beijing,A. baumannii,Ciprofloxacin,fluoroquinolones,A. baumannii | Ciprofloxacin,False,13425,55.649906396865845,7471,0.5586592014878988,43.79143416881561
Beijing,A. baumannii,Gentamicin,other,A. baumannii | Gentamicin,False,4242,44.17727589607239,1874,2.8524281457066536,52.970296144485474
Beijing,A. baumannii,Imipenem,other,A. baumannii | Imipenem,False,13799,54.86629605293274,7571,0.3623450873419642,44.771361351013184
Beijing,A. baumannii,Levofloxacin,fluoroquinolones,A. baumannii | Levofloxacin,True,13310,47.099924087524414,6269,7.716003060340881,45.184072852134705
Beijing,A. baumannii,Meropenem,other,A. baumannii | Meropenem,False,10860,57.21915364265442,6214,0.773480674251914,42.00736582279205
Beijing,A. baumannii,Minocycline,other,A. baumannii | Minocycline,False,9159,15.776830911636353,1445,20.155039429664612,64.06813263893127
Beijing,A. baumannii,Piperacillin/Tazobactam,other,A. baumannii | Piperacillin/Tazobactam,False,12572,57.38148093223572,7214,2.274896577000618,40.343621373176575
Beijing,A. baumannii,Polymyxin B,other,A. baumannii | Polymyxin B,False,667,5.697151273488998,38,0.0,94.30285096168518
Beijing,A. baumannii,Tigecycline,other,A. baumannii | Tigecycline,False,9548,5.666108056902885,541,22.633011639118195,71.70087695121765
Beijing,A. baumannii,Tobramycin,other,A. baumannii | Tobramycin,False,11644,48.42837452888489,5639,1.846444606781006,49.725180864334106
Beijing,E. coli,Amikacin,other,E. coli | Amikacin,False,26300,5.570342019200325,1465,3.528517112135887,90.90114235877992
Beijing,E. coli,Amoxicillin/Clavulanic acid,other,E. coli | Amoxicillin/Clavulanic acid,False,16892,10.75657084584236,1817,15.38006216287613,73.86336922645569
Beijing,E. coli,Ampicillin,other,E. coli | Ampicillin,False,12770,80.10963201522827,10230,1.7932655289769173,18.09710264205933
Beijing,E. coli,Ampicillin/Sulbactam,other,E. coli | Ampicillin/Sulbactam,False,13975,33.71019661426544,4711,22.440071403980255,43.849730491638184
Beijing,E. coli,Aztreonam,other,E. coli | Aztreonam,False,16984,31.78874254226685,5399,3.267781436443329,64.9434745311737
Beijing,E. coli,Cefazolin,other,E. coli | Cefazolin,False,2444,65.5482828617096,1602,11.170212924480438,23.281505703926086
Beijing,E. coli,Cefepime,other,E. coli | Cefepime,False,31709,28.379955887794495,8999,9.319120645523071,62.30092644691467
Beijing,E. coli,Cefoperazone/Sulbactam,other,E. coli | Cefoperazone/Sulbactam,False,20573,5.759976804256439,1185,4.583677649497986,89.6563470363617
Beijing,E. coli,Cefotaxime,other,E. coli | Cefotaxime,False,2463,50.426310300827026,1242,1.7458384856581688,47.82785177230835
Beijing,E. coli,Cefotetan,other,E. coli | Cefotetan,False,6839,3.0852463096380234,211,0.8480772376060486,96.06667757034302
Beijing,E. coli,Cefoxitin,other,E. coli | Cefoxitin,False,14041,12.905064225196838,1812,7.449612021446228,79.64532375335693
Beijing,E. coli,Ceftazidime,other,E. coli | Ceftazidime,False,31825,23.126472532749176,7360,9.806755930185318,67.06677079200745
Beijing,E. coli,Ceftazidime/Avibactam,other,E. coli | Ceftazidime/Avibactam,False,446,23.094169795513153,103,0.0,76.90582871437073
Beijing,E. coli,Ceftriaxone,other,E. coli | Ceftriaxone,False,25115,51.085007190704346,12830,0.2110292669385671,48.703962564468384
Beijing,E. coli,Cefuroxime,other,E. coli | Cefuroxime,False,22503,51.779764890670776,11652,4.026129841804504,44.19410824775696
Beijing,E. coli,Chloramphenicol,other,E. coli | Chloramphenicol,False,2671,22.76300936937332,608,4.867091029882431,72.36989736557007
Beijing,E. coli,Ciprofloxacin,fluoroquinolones,E. coli | Ciprofloxacin,True,17064,57.126110792160034,9748,1.9749179482460024,40.89896976947784
Beijing,E. coli,Ertapenem,other,E. coli | Ertapenem,False,16288,3.1802553683519363,518,0.3806483233347535,96.43909335136414
Beijing,E. coli,Gentamicin,other,E. coli | Gentamicin,False,15429,33.0805629491806,5104,2.6962213218212128,64.22321796417236
Beijing,E. coli,Imipenem,other,E. coli | Imipenem,False,31779,2.706189639866352,860,0.5097705870866776,96.78403735160828
Beijing,E. coli,Levofloxacin,fluoroquinolones,E. coli | Levofloxacin,True,29472,56.23642802238464,16574,2.772122621536255,40.9914493560791
Beijing,E. coli,Meropenem,other,E. coli | Meropenem,False,20069,2.356868796050549,473,0.2491404768079519,97.39398956298828
Beijing,E. coli,Nitrofurantoin,other,E. coli | Nitrofurantoin,False,2269,1.7188189551234243,39,4.18686643242836,94.09431219100952
Beijing,E. coli,Piperacillin/Tazobactam,other,E. coli | Piperacillin/Tazobactam,False,31455,8.733110874891281,2747,2.51152440905571,88.75536322593689
Beijing,E. coli,Polymyxin B,other,E. coli | Polymyxin B,False,343,2.332361601293087,8,0.0,97.66764044761658
Beijing,E. coli,Ticarcillin/Clavulanic acid,other,E. coli | Ticarcillin/Clavulanic acid,False,2558,13.956215977668762,357,13.096168637275696,72.94761538505554
Beijing,E. coli,Tigecycline,other,E. coli | Tigecycline,False,18124,0.2979474840685725,54,0.6179651245474815,99.08408522605896
Beijing,E. coli,Tobramycin,other,E. coli | Tobramycin,False,11343,33.5096538066864,3801,1.7279379069805143,64.76240754127502
Beijing,E. coli,Trimethoprim/Sulfamethoxazole,sulfonamides,E. coli | Trimethoprim/Sulfamethoxazole,True,30890,48.40725064277649,14953,0.0291356438538059,51.5636146068573
Beijing,K. pneumoniae,Amikacin,other,K. pneumoniae | Amikacin,False,25618,21.723006665706635,5565,1.6550863161683085,76.62190794944763
Beijing,K. pneumoniae,Amoxicillin/Clavulanic acid,other,K. pneumoniae | Amoxicillin/Clavulanic acid,False,14733,31.989410519599915,4713,8.497929573059082,59.512656927108765
Beijing,K. pneumoniae,Ampicillin,other,K. pneumoniae | Ampicillin,False,3180,91.00629091262816,2894,7.79874250292778,1.1949685402214527
Beijing,K. pneumoniae,Ampicillin/Sulbactam,other,K. pneumoniae | Ampicillin/Sulbactam,False,11481,40.91106951236725,4697,5.905408784747124,53.18351984024048
Beijing,K. pneumoniae,Aztreonam,other,K. pneumoniae | Aztreonam,False,18460,38.86782228946686,7175,0.7692307699471712,60.3629469871521
Beijing,K. pneumoniae,Cefazolin,other,K. pneumoniae | Cefazolin,False,3455,50.70911645889282,1752,9.001447260379791,40.28943479061127
Beijing,K. pneumoniae,Cefepime,other,K. pneumoniae | Cefepime,False,30416,38.302209973335266,11650,2.035113051533699,59.662675857543945
Beijing,K. pneumoniae,Cefoperazone/Sulbactam,other,K. pneumoniae | Cefoperazone/Sulbactam,False,20784,28.661471605300903,5957,3.2621245831251144,68.07640194892883
Beijing,K. pneumoniae,Cefotaxime,other,K. pneumoniae | Cefotaxime,False,2301,44.45893168449402,1023,1.6949152573943138,53.84615659713745
Beijing,K. pneumoniae,Cefotetan,other,K. pneumoniae | Cefotetan,False,5624,20.32361328601837,1143,1.0490753687918186,78.62731218338013
Beijing,K. pneumoniae,Cefoxitin,other,K. pneumoniae | Cefoxitin,False,11538,31.383255124092106,3621,2.192754298448562,66.42398834228516
Beijing,K. pneumoniae,Ceftazidime,other,K. pneumoniae | Ceftazidime,False,30363,38.82356882095337,11788,3.1222211197018623,58.05420875549317
Beijing,K. pneumoniae,Ceftazidime/Avibactam,other,K. pneumoniae | Ceftazidime/Avibactam,False,1617,17.748917639255524,287,0.0,82.2510838508606
Beijing,K. pneumoniae,Ceftriaxone,other,K. pneumoniae | Ceftriaxone,False,18979,46.28273248672485,8784,0.2476421417668461,53.46962213516235
Beijing,K. pneumoniae,Cefuroxime,other,K. pneumoniae | Cefuroxime,False,16784,49.92254674434662,8379,2.299809269607067,47.77764678001404
Beijing,K. pneumoniae,Chloramphenicol,other,K. pneumoniae | Chloramphenicol,False,3393,22.133804857730865,751,6.867079436779022,70.99911570549011
Beijing,K. pneumoniae,Ciprofloxacin,fluoroquinolones,K. pneumoniae | Ciprofloxacin,True,18088,34.387439489364624,6220,2.7919061481952667,62.82065510749817
Beijing,K. pneumoniae,Ertapenem,other,K. pneumoniae | Ertapenem,False,14121,27.22894847393036,3845,0.6302669644355774,72.14078307151794
Beijing,K. pneumoniae,Gentamicin,other,K. pneumoniae | Gentamicin,False,12669,27.46862471103668,3480,2.6442497968673706,69.88712549209595
Beijing,K. pneumoniae,Imipenem,other,K. pneumoniae | Imipenem,False,30263,25.265175104141235,7646,1.2688761577010157,73.4659492969513
Beijing,K. pneumoniae,Levofloxacin,fluoroquinolones,K. pneumoniae | Levofloxacin,True,28145,32.38585889339447,9115,3.108900412917137,64.5052433013916
Beijing,K. pneumoniae,Meropenem,other,K. pneumoniae | Meropenem,False,17650,26.49291753768921,4676,0.5325778853148222,72.97450304031372
Beijing,K. pneumoniae,Nitrofurantoin,other,K. pneumoniae | Nitrofurantoin,False,852,34.15493071079254,291,37.32394278049469,28.52112650871277
Beijing,K. pneumoniae,Piperacillin/Tazobactam,other,K. pneumoniae | Piperacillin/Tazobactam,False,29766,33.01081657409668,9826,4.965396597981453,62.02378273010254
Beijing,K. pneumoniae,Polymyxin B,other,K. pneumoniae | Polymyxin B,False,315,1.2698412872850895,4,0.0,98.73015880584715
Beijing,K. pneumoniae,Ticarcillin/Clavulanic acid,other,K. pneumoniae | Ticarcillin/Clavulanic acid,False,3543,44.4820761680603,1576,9.342364966869354,46.175557374954224
Beijing,K. pneumoniae,Tigecycline,other,K. pneumoniae | Tigecycline,False,16343,6.363580375909805,1040,6.883680820465088,86.75273656845093
Beijing,K. pneumoniae,Tobramycin,other,K. pneumoniae | Tobramycin,False,13322,34.49932336807251,4596,1.5388079918920994,63.96186947822571
Beijing,K. pneumoniae,Trimethoprim/Sulfamethoxazole,sulfonamides,K. pneumoniae | Trimethoprim/Sulfamethoxazole,False,29122,30.32415211200714,8831,0.0583751127123832,69.61747407913208
Beijing,P. aeruginosa,Amikacin,other,P. aeruginosa | Amikacin,False,15700,2.9426751658320427,462,1.216560509055853,95.84076404571532
Beijing,P. aeruginosa,Aztreonam,other,P. aeruginosa | Aztreonam,False,8830,20.46432644128799,1807,17.633068561553955,61.90260648727417
Beijing,P. aeruginosa,Cefepime,other,P. aeruginosa | Cefepime,False,20138,8.238156884908676,1659,10.730956494808195,81.03088736534119
Beijing,P. aeruginosa,Cefoperazone/Sulbactam,other,P. aeruginosa | Cefoperazone/Sulbactam,False,13293,14.910103380680084,1982,11.020837724208832,74.06905889511108
Beijing,P. aeruginosa,Ceftazidime,other,P. aeruginosa | Ceftazidime,False,20027,13.866280019283296,2777,4.80351522564888,81.33020401000977
Beijing,P. aeruginosa,Ceftazidime/Avibactam,other,P. aeruginosa | Ceftazidime/Avibactam,False,936,10.576923191547394,99,0.0,89.42307829856873
Beijing,P. aeruginosa,Ciprofloxacin,fluoroquinolones,P. aeruginosa | Ciprofloxacin,True,19720,12.657201290130615,2496,4.4066935777664185,82.9361081123352
Beijing,P. aeruginosa,Gentamicin,other,P. aeruginosa | Gentamicin,False,4644,10.529715567827225,489,4.5004308223724365,84.9698543548584
Beijing,P. aeruginosa,Imipenem,other,P. aeruginosa | Imipenem,False,20097,23.142758011817932,4651,2.3486092686653137,74.50863122940063
Beijing,P. aeruginosa,Levofloxacin,fluoroquinolones,P. aeruginosa | Levofloxacin,False,19126,14.472445845603945,2768,8.893652260303497,76.63390040397644
Beijing,P. aeruginosa,Meropenem,other,P. aeruginosa | Meropenem,False,17324,19.99538242816925,3464,5.050796642899513,74.95381832122803
Beijing,P. aeruginosa,Piperacillin,other,P. aeruginosa | Piperacillin,False,4179,17.444364726543427,729,8.590571582317352,73.96506071090698
Beijing,P. aeruginosa,Piperacillin/Tazobactam,other,P. aeruginosa | Piperacillin/Tazobactam,False,15163,15.247642993927002,2312,5.3419508039951324,79.41040396690369
Beijing,P. aeruginosa,Polymyxin B,other,P. aeruginosa | Polymyxin B,False,919,6.311208009719849,58,0.0,93.68879199028017
Beijing,P. aeruginosa,Tobramycin,other,P. aeruginosa | Tobramycin,False,15444,9.744884818792343,1505,2.0202020183205605,88.23491334915161
Beijing,S. aureus,Cefoxitin,other,S. aureus | Cefoxitin,False,2028,23.76725822687149,482,0.0,76.23274326324463
Beijing,S. aureus,Chloramphenicol,other,S. aureus | Chloramphenicol,False,373,5.361930280923843,20,2.6809651404619217,91.9571042060852
Beijing,S. aureus,Ciprofloxacin,fluoroquinolones,S. aureus | Ciprofloxacin,False,4134,23.367199301719666,966,3.8219641894102097,72.81083464622498
Beijing,S. aureus,Clindamycin,other,S. aureus | Clindamycin,False,13030,26.561781764030457,3461,0.4681504331529141,72.97006845474243
Beijing,S. aureus,Erythromycin,macrolides,S. aureus | Erythromycin,True,13300,58.48120450973511,7778,1.3007518835365772,40.21804630756378
Beijing,S. aureus,Gentamicin,other,S. aureus | Gentamicin,False,13231,12.115486711263657,1603,2.856926992535591,85.02758741378784
Beijing,S. aureus,Levofloxacin,fluoroquinolones,S. aureus | Levofloxacin,False,12442,22.15881645679474,2757,1.0207362473011017,76.82044506072998
Beijing,S. aureus,Linezolid,other,S. aureus | Linezolid,False,13311,0.0,0,0.0,100.0
Beijing,S. aureus,Nitrofurantoin,other,S. aureus | Nitrofurantoin,False,1272,0.2358490601181984,3,1.9654087722301483,97.79874086380003
Beijing,S. aureus,Oxacillin,other,S. aureus | Oxacillin,False,12991,31.075358390808105,4037,0.0,68.9246416091919
Beijing,S. aureus,Penicillin G,other,S. aureus | Penicillin G,False,12507,84.86447334289551,10614,0.0,15.135523676872252
Beijing,S. aureus,Rifampicin,other,S. aureus | Rifampicin,False,13175,1.4193548820912838,187,0.2884250367060303,98.29221963882446
Beijing,S. aureus,Teicoplanin,other,S. aureus | Teicoplanin,False,8603,0.0,0,0.0,100.0
Beijing,S. aureus,Tetracycline,other,S. aureus | Tetracycline,False,4964,22.401289641857147,1112,0.5640612449496984,77.03465223312378
Beijing,S. aureus,Trimethoprim/Sulfamethoxazole,sulfonamides,S. aureus | Trimethoprim/Sulfamethoxazole,False,13143,14.190062880516052,1865,0.0,85.80993413925171
Beijing,S. aureus,Vancomycin,other,S. aureus | Vancomycin,False,13321,0.0,0,0.0,100.0
Chongqing,A. baumannii,Amikacin,other,A. baumannii | Amikacin,False,9796,42.33360588550568,4147,0.9902000427246094,56.67619705200195
Chongqing,A. baumannii,Ampicillin/Sulbactam,other,A. baumannii | Ampicillin/Sulbactam,False,9767,55.54417967796326,5425,2.9487047344446182,41.507115960121155
Chongqing,A. baumannii,Aztreonam,other,A. baumannii | Aztreonam,False,6525,77.19539999961853,5037,18.973180651664737,3.8314174860715866
Chongqing,A. baumannii,Cefepime,other,A. baumannii | Cefepime,False,9917,55.692243576049805,5523,2.3495009168982506,41.95825457572937
Chongqing,A. baumannii,Cefoperazone/Sulbactam,other,A. baumannii | Cefoperazone/Sulbactam,False,9100,47.68131971359253,4339,8.153846114873886,44.16483640670776
Chongqing,A. baumannii,Cefotaxime,other,A. baumannii | Cefotaxime,False,2648,53.02115082740784,1404,13.972809910774233,33.00604224205017
Chongqing,A. baumannii,Ceftazidime,other,A. baumannii | Ceftazidime,False,9915,56.772565841674805,5629,2.1785173565149307,41.048917174339294
Chongqing,A. baumannii,Ceftriaxone,other,A. baumannii | Ceftriaxone,False,7328,59.552401304244995,4364,18.449781835079193,21.99781686067581
Chongqing,A. baumannii,Ciprofloxacin,fluoroquinolones,A. baumannii | Ciprofloxacin,False,9284,57.87376165390015,5373,0.3554502269253135,41.77078902721405
Chongqing,A. baumannii,Gentamicin,other,A. baumannii | Gentamicin,False,9265,49.82191026210785,4616,3.140852600336075,47.037237882614136
Chongqing,A. baumannii,Imipenem,other,A. baumannii | Imipenem,False,9496,56.82392716407776,5396,0.4528222605586052,42.72325336933136
Chongqing,A. baumannii,Levofloxacin,fluoroquinolones,A. baumannii | Levofloxacin,True,9917,47.54461944103241,4715,8.873651176691055,43.58172714710235
Chongqing,A. baumannii,Meropenem,other,A. baumannii | Meropenem,False,9647,55.685704946517944,5372,0.4457344301044941,43.86855959892273
Chongqing,A. baumannii,Minocycline,other,A. baumannii | Minocycline,False,7399,10.095959156751633,747,16.975267231464386,72.92877435684204
Chongqing,A. baumannii,Piperacillin/Tazobactam,other,A. baumannii | Piperacillin/Tazobactam,False,9673,56.993693113327026,5513,2.2536957636475563,40.75261056423187
Chongqing,A. baumannii,Polymyxin B,other,A. baumannii | Polymyxin B,False,378,1.3227513059973717,5,0.0,98.67724776268004
Chongqing,A. baumannii,Tigecycline,other,A. baumannii | Tigecycline,False,6100,2.5573769584298134,156,11.032786965370178,86.40983700752258
Chongqing,A. baumannii,Tobramycin,other,A. baumannii | Tobramycin,False,7705,45.50291895866394,3506,1.142115518450737,53.35496664047241
Chongqing,E. coli,Amikacin,other,E. coli | Amikacin,False,32686,3.2552164047956467,1064,3.2032061368227005,93.5415744781494
Chongqing,E. coli,Amoxicillin/Clavulanic acid,other,E. coli | Amoxicillin/Clavulanic acid,False,42422,14.860214293003082,6304,17.104332149028778,68.03545355796814
Chongqing,E. coli,Ampicillin,other,E. coli | Ampicillin,False,47956,84.0082585811615,40287,1.6285762190818789,14.363166689872742
Chongqing,E. coli,Ampicillin/Sulbactam,other,E. coli | Ampicillin/Sulbactam,False,48065,33.70227813720703,16199,25.783833861351013,40.51388800144195
Chongqing,E. coli,Aztreonam,other,E. coli | Aztreonam,False,47197,29.40652966499329,13879,3.815920650959015,66.77755117416382
Chongqing,E. coli,Cefazolin,other,E. coli | Cefazolin,False,25762,57.09960460662842,14710,13.748931884765623,29.151463508605957
Chongqing,E. coli,Cefepime,other,E. coli | Cefepime,False,47088,24.86620843410492,11709,7.736578583717346,67.39721298217773
Chongqing,E. coli,Cefoperazone/Sulbactam,other,E. coli | Cefoperazone/Sulbactam,False,45307,4.147262126207352,1879,4.8866622149944305,90.96607565879822
Chongqing,E. coli,Cefotaxime,other,E. coli | Cefotaxime,False,24964,48.34161102771759,12068,0.5688190925866365,51.08956694602966
Chongqing,E. coli,Cefotetan,other,E. coli | Cefotetan,False,23907,2.1541807800531387,515,0.6734429392963648,97.1723735332489
Chongqing,E. coli,Cefoxitin,other,E. coli | Cefoxitin,False,22279,9.71767157316208,2165,4.623187705874443,85.65914034843445
Chongqing,E. coli,Ceftazidime,other,E. coli | Ceftazidime,False,48175,19.470679759979248,9380,6.820965558290482,73.70835542678833
Chongqing,E. coli,Ceftazidime/Avibactam,other,E. coli | Ceftazidime/Avibactam,False,417,13.429257273674011,56,0.0,86.57074570655823
Chongqing,E. coli,Ceftriaxone,other,E. coli | Ceftriaxone,False,44412,48.56795370578766,21570,0.2882103901356458,51.143836975097656
Chongqing,E. coli,Cefuroxime,other,E. coli | Cefuroxime,False,47734,49.587297439575195,23670,2.907780557870865,47.504922747612
Chongqing,E. coli,Chloramphenicol,other,E. coli | Chloramphenicol,False,9065,23.46387207508087,2127,3.9271924644708633,72.6089358329773
Chongqing,E. coli,Ciprofloxacin,fluoroquinolones,E. coli | Ciprofloxacin,True,43060,47.41291105747223,20416,3.072457015514374,49.51463043689728
Chongqing,E. coli,Ertapenem,other,E. coli | Ertapenem,False,39286,1.387262623757124,545,0.2214529318735003,98.39128255844116
Chongqing,E. coli,Gentamicin,other,E. coli | Gentamicin,False,44807,31.34778141975403,14046,3.457049280405045,65.19517302513123
Chongqing,E. coli,Imipenem,other,E. coli | Imipenem,False,46435,1.1155378073453903,518,0.2368902787566185,98.6475706100464
Chongqing,E. coli,Levofloxacin,fluoroquinolones,E. coli | Levofloxacin,True,48103,45.42336165904999,21850,2.6152215898036957,51.96141600608826
Chongqing,E. coli,Meropenem,other,E. coli | Meropenem,False,44180,1.0728836990892887,474,0.0724309647921472,98.85468482971191
Chongqing,E. coli,Nitrofurantoin,other,E. coli | Nitrofurantoin,False,16672,1.6734644770622251,279,3.3889155834913254,94.93762254714966
Chongqing,E. coli,Piperacillin/Tazobactam,other,E. coli | Piperacillin/Tazobactam,False,46177,5.868722498416901,2710,1.4747601933777332,92.6565170288086
Chongqing,E. coli,Polymyxin B,other,E. coli | Polymyxin B,False,2163,0.6472492124885321,14,0.0,99.35275316238403
Chongqing,E. coli,Ticarcillin/Clavulanic acid,other,E. coli | Ticarcillin/Clavulanic acid,False,8314,10.103440284729004,840,16.20158702135086,73.69497418403625
Chongqing,E. coli,Tigecycline,other,E. coli | Tigecycline,False,28329,0.1764975837431848,50,0.3988845273852348,99.42461848258972
Chongqing,E. coli,Tobramycin,other,E. coli | Tobramycin,False,31285,30.98929226398468,9695,4.423845186829567,64.58685994148254
Chongqing,E. coli,Trimethoprim/Sulfamethoxazole,sulfonamides,E. coli | Trimethoprim/Sulfamethoxazole,True,48116,48.994097113609314,23574,0.0020783107174793,51.003825664520264
Chongqing,K. pneumoniae,Amikacin,other,K. pneumoniae | Amikacin,False,19197,3.828723356127739,735,1.0835026390850544,95.08777260780334
Chongqing,K. pneumoniae,Amoxicillin/Clavulanic acid,other,K. pneumoniae | Amoxicillin/Clavulanic acid,False,22986,14.352214336395264,3299,7.452362030744553,78.19542288780212
Chongqing,K. pneumoniae,Ampicillin,other,K. pneumoniae | Ampicillin,False,22452,90.25921821594238,20265,7.950294017791748,1.790486462414265
Chongqing,K. pneumoniae,Ampicillin/Sulbactam,other,K. pneumoniae | Ampicillin/Sulbactam,False,28580,24.167250096797943,6907,6.368089467287064,69.46465969085693
Chongqing,K. pneumoniae,Aztreonam,other,K. pneumoniae | Aztreonam,False,27847,17.204725742340088,4791,0.9624017402529716,81.83287382125854
Chongqing,K. pneumoniae,Cefazolin,other,K. pneumoniae | Cefazolin,False,24382,25.9822815656662,6335,9.908949583768845,64.10877108573914
Chongqing,K. pneumoniae,Cefepime,other,K. pneumoniae | Cefepime,False,27632,13.658078014850616,3774,2.1243486553430557,84.21757221221924
Chongqing,K. pneumoniae,Cefoperazone/Sulbactam,other,K. pneumoniae | Cefoperazone/Sulbactam,False,26602,8.803849667310715,2342,3.199007734656334,87.9971444606781
Chongqing,K. pneumoniae,Cefotaxime,other,K. pneumoniae | Cefotaxime,False,13160,17.7963525056839,2342,0.5319148767739534,81.67173266410828
Chongqing,K. pneumoniae,Cefotetan,other,K. pneumoniae | Cefotetan,False,12925,4.820116236805916,623,0.4874274600297212,94.69245672225952
Chongqing,K. pneumoniae,Cefoxitin,other,K. pneumoniae | Cefoxitin,False,12251,13.73765468597412,1683,1.8120970577001572,84.45025086402893
Chongqing,K. pneumoniae,Ceftazidime,other,K. pneumoniae | Ceftazidime,False,28596,14.379633963108065,4112,2.059728652238846,83.56063961982727
Chongqing,K. pneumoniae,Ceftazidime/Avibactam,other,K. pneumoniae | Ceftazidime/Avibactam,False,304,9.539473801851273,29,0.0,90.4605269432068
Chongqing,K. pneumoniae,Ceftriaxone,other,K. pneumoniae | Ceftriaxone,False,26875,20.59162855148315,5534,0.305116269737482,79.10325527191162
Chongqing,K. pneumoniae,Cefuroxime,other,K. pneumoniae | Cefuroxime,False,27053,23.734891414642338,6421,2.162421867251396,74.10268783569336
Chongqing,K. pneumoniae,Chloramphenicol,other,K. pneumoniae | Chloramphenicol,False,5734,20.387163758277893,1169,3.1391698867082596,76.47366523742676
Chongqing,K. pneumoniae,Ciprofloxacin,fluoroquinolones,K. pneumoniae | Ciprofloxacin,True,24534,14.979211986064913,3675,3.513491526246071,81.50729537010193
Chongqing,K. pneumoniae,Ertapenem,other,K. pneumoniae | Ertapenem,False,21826,5.942453816533089,1297,0.3436268772929907,93.71392130851746
Chongqing,K. pneumoniae,Gentamicin,other,K. pneumoniae | Gentamicin,False,26746,12.86921352148056,3442,3.465938940644264,83.66484642028809
Chongqing,K. pneumoniae,Imipenem,other,K. pneumoniae | Imipenem,False,26947,5.347533896565437,1441,0.7644635625183582,93.88800263404846
Chongqing,K. pneumoniae,Levofloxacin,fluoroquinolones,K. pneumoniae | Levofloxacin,True,28566,12.469369173049929,3562,2.187915705144406,85.34271717071533
Chongqing,K. pneumoniae,Meropenem,other,K. pneumoniae | Meropenem,False,24297,5.358686298131943,1302,0.115240563172847,94.52607035636902
Chongqing,K. pneumoniae,Nitrofurantoin,other,K. pneumoniae | Nitrofurantoin,False,9989,19.15106624364853,1913,31.89508318901062,48.95384907722473
Chongqing,K. pneumoniae,Piperacillin/Tazobactam,other,K. pneumoniae | Piperacillin/Tazobactam,False,27255,11.352045834064484,3094,2.825169637799263,85.82278490066528
Chongqing,K. pneumoniae,Polymyxin B,other,K. pneumoniae | Polymyxin B,False,1393,2.010050229728222,28,0.0,97.9899525642395
Chongqing,K. pneumoniae,Ticarcillin/Clavulanic acid,other,K. pneumoniae | Ticarcillin/Clavulanic acid,False,5345,11.86155304312706,634,6.604303419589996,81.53414130210876
Chongqing,K. pneumoniae,Tigecycline,other,K. pneumoniae | Tigecycline,False,15665,1.3150335289537909,206,2.6300670579075813,96.0548996925354
Chongqing,K. pneumoniae,Tobramycin,other,K. pneumoniae | Tobramycin,False,16812,14.73352313041687,2477,4.8417795449495316,80.42469620704651
Chongqing,K. pneumoniae,Trimethoprim/Sulfamethoxazole,sulfonamides,K. pneumoniae | Trimethoprim/Sulfamethoxazole,False,28558,18.600742518901825,5312,0.0,81.39925599098206
Chongqing,P. aeruginosa,Amikacin,other,P. aeruginosa | Amikacin,False,15329,1.630895771086216,250,1.174244936555624,97.19486236572266
Chongqing,P. aeruginosa,Aztreonam,other,P. aeruginosa | Aztreonam,False,17228,15.782447159290314,2719,13.361969590187073,70.8555817604065
Chongqing,P. aeruginosa,Cefepime,other,P. aeruginosa | Cefepime,False,17595,8.240977674722672,1450,6.484796851873398,85.27422547340393
Chongqing,P. aeruginosa,Cefoperazone/Sulbactam,other,P. aeruginosa | Cefoperazone/Sulbactam,False,15355,8.33604708313942,1280,8.016932755708694,83.64701867103577
Chongqing,P. aeruginosa,Ceftazidime,other,P. aeruginosa | Ceftazidime,False,17522,11.905033886432648,2086,4.611345753073692,83.48361849784851
Chongqing,P. aeruginosa,Ceftazidime/Avibactam,other,P. aeruginosa | Ceftazidime/Avibactam,False,1191,4.869857430458069,58,0.0,95.13014554977416
Chongqing,P. aeruginosa,Ciprofloxacin,fluoroquinolones,P. aeruginosa | Ciprofloxacin,True,17543,7.484466582536697,1313,4.303710907697678,88.21182250976562
Chongqing,P. aeruginosa,Gentamicin,other,P. aeruginosa | Gentamicin,False,13561,4.188481718301773,568,3.8935180753469463,91.91799759864809
Chongqing,P. aeruginosa,Imipenem,other,P. aeruginosa | Imipenem,False,16864,11.201375722885132,1889,3.344402462244034,85.45421957969666
Chongqing,P. aeruginosa,Levofloxacin,fluoroquinolones,P. aeruginosa | Levofloxacin,False,17540,8.700113743543625,1526,5.9806156903505325,85.3192687034607
Chongqing,P. aeruginosa,Meropenem,other,P. aeruginosa | Meropenem,False,17304,8.639620989561081,1495,2.5889968499541283,88.77138495445251
Chongqing,P. aeruginosa,Piperacillin,other,P. aeruginosa | Piperacillin,False,14913,18.62133741378784,2777,6.249580904841423,75.12907981872559
Chongqing,P. aeruginosa,Piperacillin/Tazobactam,other,P. aeruginosa | Piperacillin/Tazobactam,False,17544,14.466483891010284,2538,3.9785683155059814,81.55494928359985
Chongqing,P. aeruginosa,Polymyxin B,other,P. aeruginosa | Polymyxin B,False,711,0.7032348774373531,5,0.0,99.29676651954652
Chongqing,P. aeruginosa,Tobramycin,other,P. aeruginosa | Tobramycin,False,10437,3.631311655044556,379,3.353454172611237,93.01523566246031
Chongqing,S. aureus,Cefoxitin,other,S. aureus | Cefoxitin,False,6354,26.833489537239075,1705,0.0,73.16650748252869
Chongqing,S. aureus,Chloramphenicol,other,S. aureus | Chloramphenicol,False,4088,3.9628181606531143,162,3.2534245401620865,92.78375506401062
Chongqing,S. aureus,Ciprofloxacin,fluoroquinolones,S. aureus | Ciprofloxacin,False,14323,12.97912448644638,1859,2.75082029402256,84.27005410194397
Chongqing,S. aureus,Clindamycin,other,S. aureus | Clindamycin,False,21433,27.079737186431885,5804,0.494564464315772,72.42569923400879
Chongqing,S. aureus,Erythromycin,macrolides,S. aureus | Erythromycin,True,21549,52.53143906593323,11320,0.942039117217064,46.52652144432068
Chongqing,S. aureus,Gentamicin,other,S. aureus | Gentamicin,False,21370,7.739821821451187,1654,2.4567149579524994,89.80346322059631
Chongqing,S. aureus,Levofloxacin,fluoroquinolones,S. aureus | Levofloxacin,False,20413,13.21706771850586,2698,0.4849850665777921,86.29794716835022
Chongqing,S. aureus,Linezolid,other,S. aureus | Linezolid,False,21628,0.0,0,0.0,100.0
Chongqing,S. aureus,Nitrofurantoin,other,S. aureus | Nitrofurantoin,False,9010,0.1664816867560148,15,0.1553829060867428,99.67813491821288
Chongqing,S. aureus,Oxacillin,other,S. aureus | Oxacillin,False,21623,26.03246569633484,5629,0.0,73.96753430366516
Chongqing,S. aureus,Penicillin G,other,S. aureus | Penicillin G,False,21573,92.49061346054076,19953,0.0,7.5093865394592285
Chongqing,S. aureus,Rifampicin,other,S. aureus | Rifampicin,False,21357,1.3157278299331665,281,0.6508404854685068,98.03343415260316
Chongqing,S. aureus,Teicoplanin,other,S. aureus | Teicoplanin,False,13448,0.0,0,0.0,100.0
Chongqing,S. aureus,Tetracycline,other,S. aureus | Tetracycline,False,15798,16.388151049613953,2589,1.4368907548487186,82.17495679855347
Chongqing,S. aureus,Trimethoprim/Sulfamethoxazole,sulfonamides,S. aureus | Trimethoprim/Sulfamethoxazole,False,21604,10.10461002588272,2183,0.0,89.8953914642334
Chongqing,S. aureus,Vancomycin,other,S. aureus | Vancomycin,False,21630,0.0,0,0.0,100.0
Fujian,A. baumannii,Amikacin,other,A. baumannii | Amikacin,False,6400,35.24999916553497,2256,0.8906249888241291,63.859373331069946
Fujian,A. baumannii,Ampicillin/Sulbactam,other,A. baumannii | Ampicillin/Sulbactam,False,4875,39.28205072879791,1915,2.9538461938500404,57.76410102844238
Fujian,A. baumannii,Aztreonam,other,A. baumannii | Aztreonam,False,4709,61.43555045127869,2893,34.04119908809662,4.523253440856934
Fujian,A. baumannii,Cefepime,other,A. baumannii | Cefepime,False,10766,45.9409236907959,4946,5.285156890749931,48.77391755580902
Fujian,A. baumannii,Cefoperazone/Sulbactam,other,A. baumannii | Cefoperazone/Sulbactam,False,6491,39.74734246730805,2580,10.491449385881424,49.76120889186859
Fujian,A. baumannii,Cefotaxime,other,A. baumannii | Cefotaxime,False,1806,50.33222436904907,909,22.14839458465576,27.51938104629517
Fujian,A. baumannii,Ceftazidime,other,A. baumannii | Ceftazidime,False,10917,48.70385527610779,5317,4.085371270775795,47.21077084541321
Fujian,A. baumannii,Ceftriaxone,other,A. baumannii | Ceftriaxone,False,3037,43.2993084192276,1315,36.58215403556824,20.118537545204163
Fujian,A. baumannii,Ciprofloxacin,fluoroquinolones,A. baumannii | Ciprofloxacin,False,10799,50.27317404747009,5429,1.2038151733577251,48.523011803627014
Fujian,A. baumannii,Gentamicin,other,A. baumannii | Gentamicin,False,4502,41.02621078491211,1847,3.776099532842636,55.197691917419434
Fujian,A. baumannii,Imipenem,other,A. baumannii | Imipenem,False,11416,47.5473016500473,5428,0.3503854153677821,52.1023154258728
Fujian,A. baumannii,Levofloxacin,fluoroquinolones,A. baumannii | Levofloxacin,True,11030,46.76337242126465,5158,2.4841342121362686,50.752490758895874
Fujian,A. baumannii,Meropenem,other,A. baumannii | Meropenem,False,8000,52.63749957084656,4211,0.2875000005587935,47.075000405311584
Fujian,A. baumannii,Minocycline,other,A. baumannii | Minocycline,False,6789,16.39416664838791,1113,24.583885073661804,59.021949768066406
Fujian,A. baumannii,Piperacillin/Tazobactam,other,A. baumannii | Piperacillin/Tazobactam,False,8787,51.22339725494385,4501,2.128143794834614,46.648457646369934
Fujian,A. baumannii,Polymyxin B,other,A. baumannii | Polymyxin B,False,823,2.551640383899212,21,0.0,97.4483609199524
Fujian,A. baumannii,Tigecycline,other,A. baumannii | Tigecycline,False,4865,3.1860224902629852,155,7.42034912109375,89.3936276435852
Fujian,A. baumannii,Tobramycin,other,A. baumannii | Tobramycin,False,10198,41.65522754192352,4248,1.6964111477136612,56.648361682891846
Fujian,E. coli,Amikacin,other,E. coli | Amikacin,False,34367,3.9049088954925537,1342,2.19978466629982,93.89530420303343
Fujian,E. coli,Amoxicillin/Clavulanic acid,other,E. coli | Amoxicillin/Clavulanic acid,False,12485,9.37124565243721,1170,12.92751282453537,77.70124077796936
Fujian,E. coli,Ampicillin,other,E. coli | Ampicillin,False,32542,79.62940335273743,25913,1.5856431797146795,18.784955143928528
Fujian,E. coli,Ampicillin/Sulbactam,other,E. coli | Ampicillin/Sulbactam,False,33690,34.912437200546265,11762,24.571089446544647,40.51647484302521
Fujian,E. coli,Aztreonam,other,E. coli | Aztreonam,False,35222,28.01090180873871,9866,2.0101072266697884,69.97898817062378
Fujian,E. coli,Cefazolin,other,E. coli | Cefazolin,False,12087,61.57028079032898,7442,10.937370359897614,27.492347359657288
Fujian,E. coli,Cefepime,other,E. coli | Cefepime,False,40732,19.247765839099884,7840,6.451929360628128,74.30030703544617
Fujian,E. coli,Cefoperazone/Sulbactam,other,E. coli | Cefoperazone/Sulbactam,False,19432,4.0139976888895035,780,6.39151930809021,89.59448337554932
Fujian,E. coli,Cefotaxime,other,E. coli | Cefotaxime,False,9987,45.839592814445496,4578,1.0313407517969608,53.12906503677368
Fujian,E. coli,Cefotetan,other,E. coli | Cefotetan,False,23184,1.949620433151722,452,0.6469979416579008,97.40338325500488
Fujian,E. coli,Cefoxitin,other,E. coli | Cefoxitin,False,8956,9.34569016098976,837,4.120142757892609,86.53416633605957
Fujian,E. coli,Ceftazidime,other,E. coli | Ceftazidime,False,41072,19.675204157829285,8081,4.479937627911568,75.8448600769043
Fujian,E. coli,Ceftazidime/Avibactam,other,E. coli | Ceftazidime/Avibactam,False,1720,5.6976743042469025,98,0.0,94.30232644081116
Fujian,E. coli,Ceftriaxone,other,E. coli | Ceftriaxone,False,35759,46.06672525405884,16473,0.3271903609856963,53.60608696937561
Fujian,E. coli,Cefuroxime,other,E. coli | Cefuroxime,False,20610,46.8413382768631,9654,3.318777307868004,49.83988404273987
Fujian,E. coli,Chloramphenicol,other,E. coli | Chloramphenicol,False,5220,27.49042212963104,1435,2.7203064411878586,69.78927254676819
Fujian,E. coli,Ciprofloxacin,fluoroquinolones,E. coli | Ciprofloxacin,True,36664,48.649901151657104,17837,2.312895469367504,49.03720319271088
Fujian,E. coli,Ertapenem,other,E. coli | Ertapenem,False,20086,0.9110823273658752,183,0.1095290295779705,98.979389667511
Fujian,E. coli,Gentamicin,other,E. coli | Gentamicin,False,30626,31.473258137702945,9639,1.309345010668039,67.21739768981934
Fujian,E. coli,Imipenem,other,E. coli | Imipenem,False,42961,1.3221293687820437,568,0.3095831023529172,98.36828708648682
Fujian,E. coli,Levofloxacin,fluoroquinolones,E. coli | Levofloxacin,True,41426,46.22700810432434,19150,3.232269734144211,50.54072141647339
Fujian,E. coli,Meropenem,other,E. coli | Meropenem,False,24902,1.2930688448250294,322,0.1164565095677971,98.59047532081604
Fujian,E. coli,Nitrofurantoin,other,E. coli | Nitrofurantoin,False,6809,0.9693053551018238,66,4.141577333211899,94.88911628723145
Fujian,E. coli,Piperacillin/Tazobactam,other,E. coli | Piperacillin/Tazobactam,False,41711,5.47577366232872,2284,1.086044404655695,93.43818426132202
Fujian,E. coli,Polymyxin B,other,E. coli | Polymyxin B,False,2232,0.8064515888690948,18,0.0,99.19354915618896
Fujian,E. coli,Ticarcillin/Clavulanic acid,other,E. coli | Ticarcillin/Clavulanic acid,False,5348,9.405384957790377,503,11.705310642719269,78.88930439949036
Fujian,E. coli,Tigecycline,other,E. coli | Tigecycline,False,8939,0.0894954719115048,8,0.2013648161664605,99.70914125442503
Fujian,E. coli,Tobramycin,other,E. coli | Tobramycin,False,31286,31.59879744052887,9886,2.2629929706454277,66.13820791244507
Fujian,E. coli,Trimethoprim/Sulfamethoxazole,sulfonamides,E. coli | Trimethoprim/Sulfamethoxazole,True,41875,46.05850875377655,19287,0.0214925370528362,53.92000079154968
Fujian,K. pneumoniae,Amikacin,other,K. pneumoniae | Amikacin,False,22481,9.52804610133171,2142,0.6094034761190414,89.86254930496216
Fujian,K. pneumoniae,Amoxicillin/Clavulanic acid,other,K. pneumoniae | Amoxicillin/Clavulanic acid,False,7247,21.443356573581696,1554,9.755761176347733,68.80088448524475
Fujian,K. pneumoniae,Ampicillin,other,K. pneumoniae | Ampicillin,False,11776,83.8994562625885,9880,14.291779696941376,1.8087636679410937
Fujian,K. pneumoniae,Ampicillin/Sulbactam,other,K. pneumoniae | Ampicillin/Sulbactam,False,20082,30.554726719856266,6136,6.050194054841995,63.39508295059204
Fujian,K. pneumoniae,Aztreonam,other,K. pneumoniae | Aztreonam,False,22662,26.440736651420593,5992,0.7148530799895525,72.84440994262695
Fujian,K. pneumoniae,Cefazolin,other,K. pneumoniae | Cefazolin,False,9742,34.89016592502594,3399,11.866146326065063,53.24368476867676
Fujian,K. pneumoniae,Cefepime,other,K. pneumoniae | Cefepime,False,26137,21.781383454799652,5693,1.958908885717392,76.25970840454102
Fujian,K. pneumoniae,Cefoperazone/Sulbactam,other,K. pneumoniae | Cefoperazone/Sulbactam,False,12879,16.204674541950226,2087,5.186738073825836,78.60859036445618
Fujian,K. pneumoniae,Cefotaxime,other,K. pneumoniae | Cefotaxime,False,5916,34.78701710700989,2058,1.166328601539135,64.04665112495422
Fujian,K. pneumoniae,Cefotetan,other,K. pneumoniae | Cefotetan,False,13465,8.169327676296234,1100,0.8095061406493187,91.02116823196413
Fujian,K. pneumoniae,Cefoxitin,other,K. pneumoniae | Cefoxitin,False,4972,18.584071099758148,924,2.8761062771081924,78.53982448577881
Fujian,K. pneumoniae,Ceftazidime,other,K. pneumoniae | Ceftazidime,False,26608,24.27089661359787,6458,2.348917536437511,73.38018417358398
Fujian,K. pneumoniae,Ceftazidime/Avibactam,other,K. pneumoniae | Ceftazidime/Avibactam,False,1324,7.0996977388858795,94,0.0,92.90030002593994
Fujian,K. pneumoniae,Ceftriaxone,other,K. pneumoniae | Ceftriaxone,False,22248,29.81840968132019,6634,0.247213221155107,69.9343740940094
Fujian,K. pneumoniae,Cefuroxime,other,K. pneumoniae | Cefuroxime,False,13036,35.141146183013916,4581,1.8947530537843704,62.964099645614624
Fujian,K. pneumoniae,Chloramphenicol,other,K. pneumoniae | Chloramphenicol,False,3531,30.756160616874695,1086,2.973661944270134,66.27017855644226
Fujian,K. pneumoniae,Ciprofloxacin,fluoroquinolones,K. pneumoniae | Ciprofloxacin,True,23354,22.278839349746704,5203,2.736148051917553,74.98501539230347
Fujian,K. pneumoniae,Ertapenem,other,K. pneumoniae | Ertapenem,False,11602,7.44699165225029,864,0.2413376932963729,92.3116683959961
Fujian,K. pneumoniae,Gentamicin,other,K. pneumoniae | Gentamicin,False,16941,17.490112781524658,2963,0.3423646790906787,82.16752409934998
Fujian,K. pneumoniae,Imipenem,other,K. pneumoniae | Imipenem,False,27704,10.947877913713455,3033,0.8554721251130104,88.19665312767029
Fujian,K. pneumoniae,Levofloxacin,fluoroquinolones,K. pneumoniae | Levofloxacin,True,26720,20.70733606815338,5533,2.518712542951107,76.77395343780518
Fujian,K. pneumoniae,Meropenem,other,K. pneumoniae | Meropenem,False,16344,10.309593379497528,1685,0.2447381382808089,89.4456684589386
Fujian,K. pneumoniae,Nitrofurantoin,other,K. pneumoniae | Nitrofurantoin,False,5035,21.98609709739685,1107,48.69910478591919,29.31479513645172
Fujian,K. pneumoniae,Piperacillin/Tazobactam,other,K. pneumoniae | Piperacillin/Tazobactam,False,26821,18.228253722190857,4889,2.7403900399804115,79.03135418891907
Fujian,K. pneumoniae,Polymyxin B,other,K. pneumoniae | Polymyxin B,False,1950,4.820512980222702,94,0.0,95.17948627471924
Fujian,K. pneumoniae,Ticarcillin/Clavulanic acid,other,K. pneumoniae | Ticarcillin/Clavulanic acid,False,4870,31.683778762817383,1543,7.577002048492432,60.739219188690186
Fujian,K. pneumoniae,Tigecycline,other,K. pneumoniae | Tigecycline,False,5643,3.3670034259557724,190,3.1897924840450287,93.44320297241212
Fujian,K. pneumoniae,Tobramycin,other,K. pneumoniae | Tobramycin,False,20735,21.08512222766876,4372,2.0834337919950485,76.83144211769104
Fujian,K. pneumoniae,Trimethoprim/Sulfamethoxazole,sulfonamides,K. pneumoniae | Trimethoprim/Sulfamethoxazole,False,27505,26.958733797073364,7415,0.0399927288526669,73.00127148628235
Fujian,P. aeruginosa,Amikacin,other,P. aeruginosa | Amikacin,False,13836,4.5967042446136475,636,1.4599595218896866,93.94333362579346
Fujian,P. aeruginosa,Aztreonam,other,P. aeruginosa | Aztreonam,False,11589,18.96626055240631,2198,16.299939155578613,64.73379731178284
Fujian,P. aeruginosa,Cefepime,other,P. aeruginosa | Cefepime,False,16272,9.138397127389908,1487,7.5958698987960815,83.26573371887207
Fujian,P. aeruginosa,Cefoperazone/Sulbactam,other,P. aeruginosa | Cefoperazone/Sulbactam,False,9128,11.95223480463028,1091,10.50613522529602,77.54163146018982
Fujian,P. aeruginosa,Ceftazidime,other,P. aeruginosa | Ceftazidime,False,15813,13.937899470329285,2204,5.4828304797410965,80.57926893234253
Fujian,P. aeruginosa,Ceftazidime/Avibactam,other,P. aeruginosa | Ceftazidime/Avibactam,False,1359,5.5923473089933395,76,0.0,94.40765380859376
Fujian,P. aeruginosa,Ciprofloxacin,fluoroquinolones,P. aeruginosa | Ciprofloxacin,True,16525,11.328290402889252,1872,4.7564297914505005,83.91528129577637
Fujian,P. aeruginosa,Gentamicin,other,P. aeruginosa | Gentamicin,False,7884,6.773211807012558,534,3.5514965653419495,89.67528939247131
Fujian,P. aeruginosa,Imipenem,other,P. aeruginosa | Imipenem,False,16933,16.60662591457367,2812,3.761884942650795,79.63148951530457
Fujian,P. aeruginosa,Levofloxacin,fluoroquinolones,P. aeruginosa | Levofloxacin,False,16584,12.542209029197693,2080,6.759527325630188,80.69826364517212
Fujian,P. aeruginosa,Meropenem,other,P. aeruginosa | Meropenem,False,16070,14.604853093624117,2347,2.5388922542333603,82.85625576972961
Fujian,P. aeruginosa,Piperacillin,other,P. aeruginosa | Piperacillin,False,8757,17.140573263168335,1501,8.119218796491623,74.74020719528198
Fujian,P. aeruginosa,Piperacillin/Tazobactam,other,P. aeruginosa | Piperacillin/Tazobactam,False,15799,15.387049317359924,2431,4.671181738376617,79.94176745414734
Fujian,P. aeruginosa,Polymyxin B,other,P. aeruginosa | Polymyxin B,False,956,0.523012550547719,5,0.0,99.47698712348938
Fujian,P. aeruginosa,Tobramycin,other,P. aeruginosa | Tobramycin,False,13269,8.606526255607605,1142,2.1780088543891907,89.21546339988708
Fujian,S. aureus,Cefoxitin,other,S. aureus | Cefoxitin,False,1982,24.974772334098816,495,0.0,75.02522468566895
Fujian,S. aureus,Chloramphenicol,other,S. aureus | Chloramphenicol,False,938,5.543709918856621,52,2.3454157635569572,92.11087226867676
Fujian,S. aureus,Ciprofloxacin,fluoroquinolones,S. aureus | Ciprofloxacin,False,16638,15.01983404159546,2499,2.6746002957224846,82.30556845664978
Fujian,S. aureus,Clindamycin,other,S. aureus | Clindamycin,False,18062,22.5556418299675,4074,0.3986269701272249,77.04573273658752
Fujian,S. aureus,Erythromycin,macrolides,S. aureus | Erythromycin,True,18152,44.36425864696503,8053,2.589246444404125,53.04649472236633
Fujian,S. aureus,Gentamicin,other,S. aureus | Gentamicin,False,18253,8.96838903427124,1637,2.5639621540904045,88.46765160560608
Fujian,S. aureus,Levofloxacin,fluoroquinolones,S. aureus | Levofloxacin,False,16107,14.633388817310331,2357,0.5525548011064529,84.81405377388
Fujian,S. aureus,Linezolid,other,S. aureus | Linezolid,False,18507,0.0,0,0.0,100.0
Fujian,S. aureus,Nitrofurantoin,other,S. aureus | Nitrofurantoin,False,4858,0.0617538054939359,3,0.1852614223025739,99.75298643112184
Fujian,S. aureus,Oxacillin,other,S. aureus | Oxacillin,False,18398,27.383410930633545,5038,0.0,72.61658906936646
Fujian,S. aureus,Penicillin G,other,S. aureus | Penicillin G,False,18002,88.16798329353333,15872,0.0,11.832018941640854
Fujian,S. aureus,Rifampicin,other,S. aureus | Rifampicin,False,17813,1.7627574503421783,314,2.239937148988247,95.99730372428894
Fujian,S. aureus,Teicoplanin,other,S. aureus | Teicoplanin,False,4528,0.0,0,0.0,100.0
Fujian,S. aureus,Tetracycline,other,S. aureus | Tetracycline,False,16647,24.05238151550293,4004,0.5466450471431017,75.40097236633301
Fujian,S. aureus,Trimethoprim/Sulfamethoxazole,sulfonamides,S. aureus | Trimethoprim/Sulfamethoxazole,False,18235,8.341102302074432,1521,0.0,91.65889620780943
Fujian,S. aureus,Vancomycin,other,S. aureus | Vancomycin,False,18524,0.0,0,0.0,100.0
Gansu,A. baumannii,Amikacin,other,A. baumannii | Amikacin,False,5169,38.16985785961151,1973,1.025343406945467,60.80479621887207
Gansu,A. baumannii,Ampicillin/Sulbactam,other,A. baumannii | Ampicillin/Sulbactam,False,4936,45.2593207359314,2234,6.807131320238113,47.93354868888855
Gansu,A. baumannii,Aztreonam,other,A. baumannii | Aztreonam,False,203,48.76847267150879,99,25.123152136802673,26.108375191688538
Gansu,A. baumannii,Cefepime,other,A. baumannii | Cefepime,False,6707,48.75503182411194,3270,4.51766811311245,46.72729969024658
Gansu,A. baumannii,Cefoperazone/Sulbactam,other,A. baumannii | Cefoperazone/Sulbactam,False,4796,22.14345335960388,1062,12.42702230811119,65.4295265674591
Gansu,A. baumannii,Cefotaxime,other,A. baumannii | Cefotaxime,False,1495,55.25083541870117,826,18.5284286737442,26.220735907554623
Gansu,A. baumannii,Ceftazidime,other,A. baumannii | Ceftazidime,False,6655,52.21638083457947,3475,1.592787355184555,46.19083404541016
Gansu,A. baumannii,Ceftriaxone,other,A. baumannii | Ceftriaxone,False,2748,46.39737904071808,1275,21.652109920978543,31.950509548187256
Gansu,A. baumannii,Ciprofloxacin,fluoroquinolones,A. baumannii | Ciprofloxacin,False,5545,57.52930641174317,3190,0.5410279612988234,41.929665207862854
Gansu,A. baumannii,Gentamicin,other,A. baumannii | Gentamicin,False,4247,40.82882106304169,1734,1.2243936769664288,57.94678330421448
Gansu,A. baumannii,Imipenem,other,A. baumannii | Imipenem,False,5902,52.7448296546936,3113,0.3388681914657354,46.91630005836487
Gansu,A. baumannii,Levofloxacin,fluoroquinolones,A. baumannii | Levofloxacin,True,6635,46.10399305820465,3059,9.073097258806229,44.82290744781494
Gansu,A. baumannii,Meropenem,other,A. baumannii | Meropenem,False,6194,49.451082944869995,3063,0.371327088214457,50.17759203910827
Gansu,A. baumannii,Minocycline,other,A. baumannii | Minocycline,False,5897,6.172630190849304,364,15.88943600654602,77.93793678283691
Gansu,A. baumannii,Piperacillin/Tazobactam,other,A. baumannii | Piperacillin/Tazobactam,False,6506,53.05871367454529,3452,1.075929868966341,45.86535394191742
Gansu,A. baumannii,Polymyxin B,other,A. baumannii | Polymyxin B,False,1351,0.8882309310138226,12,0.0,99.11177158355711
Gansu,A. baumannii,Tigecycline,other,A. baumannii | Tigecycline,False,4761,1.9743751734495163,94,8.842679858207703,89.18294310569763
Gansu,A. baumannii,Tobramycin,other,A. baumannii | Tobramycin,False,4497,53.6357581615448,2412,1.24527458101511,45.118969678878784
Gansu,E. coli,Amikacin,other,E. coli | Amikacin,False,20346,5.155804753303528,1049,3.9762116968631744,90.86798429489136
Gansu,E. coli,Amoxicillin/Clavulanic acid,other,E. coli | Amoxicillin/Clavulanic acid,False,12558,13.71237486600876,1722,14.620162546634674,71.66746258735657
Gansu,E. coli,Ampicillin,other,E. coli | Ampicillin,False,21682,88.08227777481079,19098,1.2083755806088448,10.70934385061264
Gansu,E. coli,Ampicillin/Sulbactam,other,E. coli | Ampicillin/Sulbactam,False,22079,39.07332718372345,8627,21.33248746395111,39.59418535232544
Gansu,E. coli,Aztreonam,other,E. coli | Aztreonam,False,18674,32.665738463401794,6100,4.35364693403244,62.980616092681885
Gansu,E. coli,Cefazolin,other,E. coli | Cefazolin,False,9396,64.51681852340698,6062,8.737760782241821,26.745423674583435
Gansu,E. coli,Cefepime,other,E. coli | Cefepime,False,26239,27.272379398345947,7156,10.282403975725174,62.44521737098694
Gansu,E. coli,Cefoperazone/Sulbactam,other,E. coli | Cefoperazone/Sulbactam,False,19432,3.2986827194690704,641,5.032935366034508,91.6683793067932
Gansu,E. coli,Cefotaxime,other,E. coli | Cefotaxime,False,10280,44.33852136135101,4558,3.093385137617588,52.56809592247009
Gansu,E. coli,Cefotetan,other,E. coli | Cefotetan,False,4529,1.8547140061855316,84,1.0377566330134869,97.10752964019775
Gansu,E. coli,Cefoxitin,other,E. coli | Cefoxitin,False,21756,10.50744652748108,2286,4.072439670562744,85.42011380195618
Gansu,E. coli,Ceftazidime,other,E. coli | Ceftazidime,False,26696,23.26565831899643,6211,8.225951343774796,68.50839257240295
Gansu,E. coli,Ceftazidime/Avibactam,other,E. coli | Ceftazidime/Avibactam,False,44,15.909090638160706,7,0.0,84.09090638160706
Gansu,E. coli,Ceftriaxone,other,E. coli | Ceftriaxone,False,23212,51.133036613464355,11869,0.6591418292373419,48.20782244205475
Gansu,E. coli,Cefuroxime,other,E. coli | Cefuroxime,False,25112,53.08617353439331,13331,2.397260256111622,44.51656639575958
Gansu,E. coli,Chloramphenicol,other,E. coli | Chloramphenicol,False,5153,21.909567713737488,1129,4.3663885444402695,73.72404336929321
Gansu,E. coli,Ciprofloxacin,fluoroquinolones,E. coli | Ciprofloxacin,True,16673,53.48167419433594,8917,2.662988007068634,43.85533630847931
Gansu,E. coli,Ertapenem,other,E. coli | Ertapenem,False,14523,0.6472492124885321,94,0.1445982255972921,99.20815229415894
Gansu,E. coli,Gentamicin,other,E. coli | Gentamicin,False,21364,36.69724762439728,7840,5.752668157219887,57.550084590911865
Gansu,E. coli,Imipenem,other,E. coli | Imipenem,False,24201,0.5412999540567398,131,0.1983389025554061,99.2603600025177
Gansu,E. coli,Levofloxacin,fluoroquinolones,E. coli | Levofloxacin,True,24964,50.889283418655396,12704,3.9096299558877945,45.20108997821808
Gansu,E. coli,Meropenem,other,E. coli | Meropenem,False,21047,0.5606499966233969,118,0.1757970312610268,99.26355481147766
Gansu,E. coli,Nitrofurantoin,other,E. coli | Nitrofurantoin,False,4248,3.060263581573963,130,3.9077211171388626,93.0320143699646
Gansu,E. coli,Piperacillin/Tazobactam,other,E. coli | Piperacillin/Tazobactam,False,25415,5.748573690652847,1461,6.688962876796722,87.56246566772461
Gansu,E. coli,Polymyxin B,other,E. coli | Polymyxin B,False,5835,0.959725771099329,56,0.0,99.04027581214903
Gansu,E. coli,Ticarcillin/Clavulanic acid,other,E. coli | Ticarcillin/Clavulanic acid,False,6172,10.32080352306366,637,23.169150948524475,66.51004552841187
Gansu,E. coli,Tigecycline,other,E. coli | Tigecycline,False,13333,0.3375084372237324,45,0.4500112496316433,99.21247959136964
Gansu,E. coli,Tobramycin,other,E. coli | Tobramycin,False,6819,30.82563281059265,2102,6.452558934688568,62.72180676460266
Gansu,E. coli,Trimethoprim/Sulfamethoxazole,sulfonamides,E. coli | Trimethoprim/Sulfamethoxazole,True,26348,54.785943031311035,14435,0.0303628359688445,45.18369436264038
Gansu,K. pneumoniae,Amikacin,other,K. pneumoniae | Amikacin,False,16958,4.705743491649628,798,2.016747184097767,93.277508020401
Gansu,K. pneumoniae,Amoxicillin/Clavulanic acid,other,K. pneumoniae | Amoxicillin/Clavulanic acid,False,9279,12.68455684185028,1177,4.192262142896652,83.12318325042725
Gansu,K. pneumoniae,Ampicillin,other,K. pneumoniae | Ampicillin,False,12211,90.65596461296082,11070,7.222995907068253,2.1210383623838425
Gansu,K. pneumoniae,Ampicillin/Sulbactam,other,K. pneumoniae | Ampicillin/Sulbactam,False,18654,15.615953505039217,2913,6.19170144200325,78.19234728813171
Gansu,K. pneumoniae,Aztreonam,other,K. pneumoniae | Aztreonam,False,15265,11.84408813714981,1808,0.9957418777048588,87.16017007827759
Gansu,K. pneumoniae,Cefazolin,other,K. pneumoniae | Cefazolin,False,14935,21.459658443927765,3205,6.3274189829826355,72.2129225730896
Gansu,K. pneumoniae,Cefepime,other,K. pneumoniae | Cefepime,False,22237,9.11993533372879,2028,3.7415120750665665,87.13855147361755
Gansu,K. pneumoniae,Cefoperazone/Sulbactam,other,K. pneumoniae | Cefoperazone/Sulbactam,False,16816,3.954567015171051,665,1.433158852159977,94.61227655410768
Gansu,K. pneumoniae,Cefotaxime,other,K. pneumoniae | Cefotaxime,False,8475,10.690265148878098,906,3.292035311460495,86.01769804954529
Gansu,K. pneumoniae,Cefotetan,other,K. pneumoniae | Cefotetan,False,3271,1.9565882161259651,64,0.2751452149823308,97.7682650089264
Gansu,K. pneumoniae,Cefoxitin,other,K. pneumoniae | Cefoxitin,False,18792,10.978075861930847,2063,1.569817028939724,87.45210766792297
Gansu,K. pneumoniae,Ceftazidime,other,K. pneumoniae | Ceftazidime,False,22393,10.154958814382551,2274,1.4781405217945576,88.36690187454224
Gansu,K. pneumoniae,Ceftazidime/Avibactam,other,K. pneumoniae | Ceftazidime/Avibactam,False,32,28.125,9,0.0,71.875
Gansu,K. pneumoniae,Ceftriaxone,other,K. pneumoniae | Ceftriaxone,False,19458,14.70346450805664,2861,0.7554733194410801,84.54106450080872
Gansu,K. pneumoniae,Cefuroxime,other,K. pneumoniae | Cefuroxime,False,21341,18.04976314306259,3852,2.1461037918925285,79.80413436889648
Gansu,K. pneumoniae,Chloramphenicol,other,K. pneumoniae | Chloramphenicol,False,6723,16.07913076877594,1081,2.870742231607437,81.05012774467468
Gansu,K. pneumoniae,Ciprofloxacin,fluoroquinolones,K. pneumoniae | Ciprofloxacin,True,13624,8.551086485385895,1165,1.8129771575331688,89.6359384059906
Gansu,K. pneumoniae,Ertapenem,other,K. pneumoniae | Ertapenem,False,10871,5.307699367403984,577,0.2667647786438465,94.42553520202635
Gansu,K. pneumoniae,Gentamicin,other,K. pneumoniae | Gentamicin,False,19245,7.487659156322479,1441,5.09742796421051,87.41491436958313
Gansu,K. pneumoniae,Imipenem,other,K. pneumoniae | Imipenem,False,19448,3.861579671502114,751,0.3290826920419931,95.80934047698976
Gansu,K. pneumoniae,Levofloxacin,fluoroquinolones,K. pneumoniae | Levofloxacin,True,21486,8.703342080116272,1870,1.359024457633495,89.93763327598572
Gansu,K. pneumoniae,Meropenem,other,K. pneumoniae | Meropenem,False,19154,2.5843165814876556,495,0.2453795634210109,97.1703052520752
Gansu,K. pneumoniae,Nitrofurantoin,other,K. pneumoniae | Nitrofurantoin,False,3618,15.25704860687256,552,26.782754063606266,57.96020030975342
Gansu,K. pneumoniae,Piperacillin/Tazobactam,other,K. pneumoniae | Piperacillin/Tazobactam,False,21747,7.325148582458496,1593,6.538832932710648,86.13601922988892
Gansu,K. pneumoniae,Polymyxin B,other,K. pneumoniae | Polymyxin B,False,4973,2.2521616891026497,112,0.0,97.74783849716188
Gansu,K. pneumoniae,Ticarcillin/Clavulanic acid,other,K. pneumoniae | Ticarcillin/Clavulanic acid,False,5946,5.9199463576078415,352,3.784056380391121,90.29600024223328
Gansu,K. pneumoniae,Tigecycline,other,K. pneumoniae | Tigecycline,False,11739,3.8078200072050095,447,3.415963798761368,92.77621507644652
Gansu,K. pneumoniae,Tobramycin,other,K. pneumoniae | Tobramycin,False,5450,6.678899377584457,364,5.669724941253662,87.65137791633606
Gansu,K. pneumoniae,Trimethoprim/Sulfamethoxazole,sulfonamides,K. pneumoniae | Trimethoprim/Sulfamethoxazole,False,22138,15.299485623836516,3387,0.1219622325152158,84.57854986190796
Gansu,P. aeruginosa,Amikacin,other,P. aeruginosa | Amikacin,False,4928,2.759740315377712,136,1.5827922150492668,95.65746784210204
Gansu,P. aeruginosa,Aztreonam,other,P. aeruginosa | Aztreonam,False,3890,14.704370498657228,572,11.542416363954544,73.75321388244629
Gansu,P. aeruginosa,Cefepime,other,P. aeruginosa | Cefepime,False,5338,5.620082467794418,300,6.500562280416489,87.87935376167297
Gansu,P. aeruginosa,Cefoperazone/Sulbactam,other,P. aeruginosa | Cefoperazone/Sulbactam,False,3893,6.370408087968826,248,6.344721466302872,87.28486895561218
Gansu,P. aeruginosa,Ceftazidime,other,P. aeruginosa | Ceftazidime,False,5364,9.13497358560562,490,3.318418934941292,87.54660487174988
Gansu,P. aeruginosa,Ceftazidime/Avibactam,other,P. aeruginosa | Ceftazidime/Avibactam,False,5,80.0000011920929,4,0.0,20.000000298023224
Gansu,P. aeruginosa,Ciprofloxacin,fluoroquinolones,P. aeruginosa | Ciprofloxacin,True,5093,7.79501274228096,397,3.710975870490074,88.49400877952576
Gansu,P. aeruginosa,Gentamicin,other,P. aeruginosa | Gentamicin,False,3008,8.344414830207825,251,2.360372431576252,89.29521441459656
Gansu,P. aeruginosa,Imipenem,other,P. aeruginosa | Imipenem,False,4892,9.137367457151411,447,1.614881493151188,89.24775123596191
Gansu,P. aeruginosa,Levofloxacin,fluoroquinolones,P. aeruginosa | Levofloxacin,False,5224,8.709800988435745,455,6.431853026151657,84.8583459854126
Gansu,P. aeruginosa,Meropenem,other,P. aeruginosa | Meropenem,False,5288,6.259455531835556,331,2.836611121892929,90.9039318561554
Gansu,P. aeruginosa,Piperacillin,other,P. aeruginosa | Piperacillin,False,2969,17.480632662773132,519,4.984843358397484,77.53452062606812
Gansu,P. aeruginosa,Piperacillin/Tazobactam,other,P. aeruginosa | Piperacillin/Tazobactam,False,5229,10.843373835086824,567,4.589787870645523,84.5668375492096
Gansu,P. aeruginosa,Polymyxin B,other,P. aeruginosa | Polymyxin B,False,1163,1.8916595727205276,22,0.0,98.10833930969238
Gansu,P. aeruginosa,Tobramycin,other,P. aeruginosa | Tobramycin,False,3943,8.927212655544281,352,3.57595756649971,87.49682903289795
Gansu,S. aureus,Cefoxitin,other,S. aureus | Cefoxitin,False,6411,31.02480173110962,1989,0.0,68.97519826889038
Gansu,S. aureus,Chloramphenicol,other,S. aureus | Chloramphenicol,False,3883,5.305176228284836,206,1.313417498022318,93.38140487670898
Gansu,S. aureus,Ciprofloxacin,fluoroquinolones,S. aureus | Ciprofloxacin,False,7539,13.55617493391037,1022,4.6027325093746185,81.84109330177307
Gansu,S. aureus,Clindamycin,other,S. aureus | Clindamycin,False,13348,46.26910388469696,6176,0.8465687744319439,52.88432836532593
Gansu,S. aureus,Erythromycin,macrolides,S. aureus | Erythromycin,True,13434,70.6342101097107,9489,1.6897425055503843,27.676045894622803
Gansu,S. aureus,Gentamicin,other,S. aureus | Gentamicin,False,13453,11.536460369825363,1552,2.60908342897892,85.85445880889893
Gansu,S. aureus,Levofloxacin,fluoroquinolones,S. aureus | Levofloxacin,False,12710,12.446892261505129,1582,1.2903225608170033,86.26278638839722
Gansu,S. aureus,Linezolid,other,S. aureus | Linezolid,False,13393,0.0,0,0.0,100.0
Gansu,S. aureus,Nitrofurantoin,other,S. aureus | Nitrofurantoin,False,4376,0.5027422215789557,22,0.2742230426520109,99.22303557395936
Gansu,S. aureus,Oxacillin,other,S. aureus | Oxacillin,False,12805,32.159313559532166,4118,0.0,67.84068942070007
Gansu,S. aureus,Penicillin G,other,S. aureus | Penicillin G,False,13008,93.74231100082396,12194,0.0,6.257687509059906
Gansu,S. aureus,Rifampicin,other,S. aureus | Rifampicin,False,13082,1.8422259017825129,241,0.481577729806304,97.67619371414185
Gansu,S. aureus,Teicoplanin,other,S. aureus | Teicoplanin,False,7226,0.0,0,0.0,100.0
Gansu,S. aureus,Tetracycline,other,S. aureus | Tetracycline,False,10814,20.380987226963043,2204,1.2761235237121582,78.34289073944092
Gansu,S. aureus,Trimethoprim/Sulfamethoxazole,sulfonamides,S. aureus | Trimethoprim/Sulfamethoxazole,False,13256,14.219975471496582,1885,0.015087507199496,85.76493859291077
Gansu,S. aureus,Vancomycin,other,S. aureus | Vancomycin,False,13491,0.0,0,0.0,100.0
Guangdong,A. baumannii,Amikacin,other,A. baumannii | Amikacin,False,10180,46.52259349822998,4736,1.06090372428298,52.41650342941284
Guangdong,A. baumannii,Ampicillin/Sulbactam,other,A. baumannii | Ampicillin/Sulbactam,False,8325,47.44744598865509,3950,3.7597596645355225,48.79279136657715
Guangdong,A. baumannii,Aztreonam,other,A. baumannii | Aztreonam,False,612,75.16340017318726,460,18.95424872636795,5.882352963089943
Guangdong,A. baumannii,Cefepime,other,A. baumannii | Cefepime,False,24688,45.17984390258789,11154,6.8008750677108765,48.01928102970123
Guangdong,A. baumannii,Cefoperazone/Sulbactam,other,A. baumannii | Cefoperazone/Sulbactam,False,22997,40.90098738670349,9406,7.331390678882599,51.76762342453003
Guangdong,A. baumannii,Cefotaxime,other,A. baumannii | Cefotaxime,False,2576,62.11180090904236,1600,14.169254899024963,23.71894419193268
Guangdong,A. baumannii,Ceftazidime,other,A. baumannii | Ceftazidime,False,24447,49.93659853935242,12208,1.783449947834015,48.27995300292969
Guangdong,A. baumannii,Ceftriaxone,other,A. baumannii | Ceftriaxone,False,2580,45.81395387649536,1182,26.744186878204346,27.441859245300293
Guangdong,A. baumannii,Ciprofloxacin,fluoroquinolones,A. baumannii | Ciprofloxacin,False,22271,52.27425694465637,11642,0.8800682611763477,46.84567451477051
Guangdong,A. baumannii,Gentamicin,other,A. baumannii | Gentamicin,False,6875,49.963635206222534,3435,3.1563635915517807,46.880000829696655
Guangdong,A. baumannii,Imipenem,other,A. baumannii | Imipenem,False,24705,49.67415630817413,12272,0.3157255705446005,50.01012086868286
Guangdong,A. baumannii,Levofloxacin,fluoroquinolones,A. baumannii | Levofloxacin,True,24234,46.62044942378998,11298,3.697284683585167,49.682265520095825
Guangdong,A. baumannii,Meropenem,other,A. baumannii | Meropenem,False,22058,51.3328492641449,11323,0.3490797011181712,48.31807017326355
Guangdong,A. baumannii,Minocycline,other,A. baumannii | Minocycline,False,19202,11.623789370059969,2232,18.04499477148056,70.33121585845947
Guangdong,A. baumannii,Piperacillin/Tazobactam,other,A. baumannii | Piperacillin/Tazobactam,False,24127,51.78430676460266,12494,2.3251958191394806,45.89049518108368
Guangdong,A. baumannii,Polymyxin B,other,A. baumannii | Polymyxin B,False,2507,0.8775428868830204,22,0.0,99.12245869636536
Guangdong,A. baumannii,Tigecycline,other,A. baumannii | Tigecycline,False,21343,2.103734202682972,449,12.828561663627625,85.06770133972168
Guangdong,A. baumannii,Tobramycin,other,A. baumannii | Tobramycin,False,17919,43.35063397884369,7768,1.0380043648183346,55.6113600730896
Guangdong,E. coli,Amikacin,other,E. coli | Amikacin,False,99659,3.752797096967697,3740,3.0022377148270607,93.24496388435364
Guangdong,E. coli,Amoxicillin/Clavulanic acid,other,E. coli | Amoxicillin/Clavulanic acid,False,86597,10.34100502729416,8955,13.660980761051178,75.99801421165466
Guangdong,E. coli,Ampicillin,other,E. coli | Ampicillin,False,47865,80.54737448692322,38554,1.45826805382967,17.994359135627747
Guangdong,E. coli,Ampicillin/Sulbactam,other,E. coli | Ampicillin/Sulbactam,False,45562,31.175100803375244,14204,23.1728196144104,45.652079582214355
Guangdong,E. coli,Aztreonam,other,E. coli | Aztreonam,False,47150,27.497348189353943,12965,4.867444187402725,67.63520836830139
Guangdong,E. coli,Cefazolin,other,E. coli | Cefazolin,False,16356,61.00513339042664,9978,13.554659485816956,25.44020414352417
Guangdong,E. coli,Cefepime,other,E. coli | Cefepime,False,113435,24.09750074148178,27335,8.53969231247902,67.36280918121338
Guangdong,E. coli,Cefoperazone/Sulbactam,other,E. coli | Cefoperazone/Sulbactam,False,97204,4.335212707519531,4214,2.798238769173622,92.86654591560364
Guangdong,E. coli,Cefotaxime,other,E. coli | Cefotaxime,False,12451,47.088587284088135,5863,1.82314682751894,51.08826756477356
Guangdong,E. coli,Cefotetan,other,E. coli | Cefotetan,False,14942,1.599518209695816,239,0.6893320940434933,97.7111518383026
Guangdong,E. coli,Cefoxitin,other,E. coli | Cefoxitin,False,83657,9.676416963338852,8095,5.768793821334839,84.55479145050049
Guangdong,E. coli,Ceftazidime,other,E. coli | Ceftazidime,False,114029,18.69787573814392,21321,10.191266983747482,71.11085653305054
Guangdong,E. coli,Ceftazidime/Avibactam,other,E. coli | Ceftazidime/Avibactam,False,8827,7.703636586666107,680,0.0,92.29636192321776
Guangdong,E. coli,Ceftriaxone,other,E. coli | Ceftriaxone,False,102861,45.879390835762024,47192,0.1963815186172724,53.92422676086426
Guangdong,E. coli,Cefuroxime,other,E. coli | Cefuroxime,False,95082,46.65236175060272,44358,3.389705717563629,49.95793104171753
Guangdong,E. coli,Chloramphenicol,other,E. coli | Chloramphenicol,False,8876,35.70301830768585,3169,1.813880167901516,62.48310208320618
Guangdong,E. coli,Ciprofloxacin,fluoroquinolones,E. coli | Ciprofloxacin,True,40312,43.17324757575989,17404,3.527485579252243,53.29926609992981
Guangdong,E. coli,Ertapenem,other,E. coli | Ertapenem,False,94798,1.893499866127968,1795,0.1392434467561543,97.96725511550903
Guangdong,E. coli,Gentamicin,other,E. coli | Gentamicin,False,48352,30.59025406837463,14791,3.9274487644433975,65.48229455947876
Guangdong,E. coli,Imipenem,other,E. coli | Imipenem,False,114532,2.1216778084635735,2430,0.2025634748861193,97.675758600235
Guangdong,E. coli,Levofloxacin,fluoroquinolones,E. coli | Levofloxacin,True,109313,41.99317693710327,45904,3.9171919226646423,54.08962965011597
Guangdong,E. coli,Meropenem,other,E. coli | Meropenem,False,37278,2.484038844704628,926,0.1529052038677036,97.36305475234984
Guangdong,E. coli,Nitrofurantoin,other,E. coli | Nitrofurantoin,False,8270,1.003627572208643,83,3.228536993265152,95.76783776283264
Guangdong,E. coli,Piperacillin/Tazobactam,other,E. coli | Piperacillin/Tazobactam,False,112474,7.840034365653992,8818,2.054697088897228,90.1052713394165
Guangdong,E. coli,Polymyxin B,other,E. coli | Polymyxin B,False,4585,0.828789547085762,38,0.0,99.17120933532716
Guangdong,E. coli,Ticarcillin/Clavulanic acid,other,E. coli | Ticarcillin/Clavulanic acid,False,8083,14.190275967121124,1147,16.23159646987915,69.57812905311584
Guangdong,E. coli,Tigecycline,other,E. coli | Tigecycline,False,80133,0.0786192947998642,63,0.1347759389318525,99.78660345077516
Guangdong,E. coli,Tobramycin,other,E. coli | Tobramycin,False,22523,29.33889925479889,6608,1.997957564890385,68.6631441116333
Guangdong,E. coli,Trimethoprim/Sulfamethoxazole,sulfonamides,E. coli | Trimethoprim/Sulfamethoxazole,True,112075,48.88155162334442,54784,0.0053535579354502,51.11309289932251
Guangdong,K. pneumoniae,Amikacin,other,K. pneumoniae | Amikacin,False,55918,9.64805632829666,5395,1.5773097053170204,88.77463340759277
Guangdong,K. pneumoniae,Amoxicillin/Clavulanic acid,other,K. pneumoniae | Amoxicillin/Clavulanic acid,False,44067,17.918169498443604,7896,11.868291348218918,70.21353840827942
Guangdong,K. pneumoniae,Ampicillin,other,K. pneumoniae | Ampicillin,False,8981,94.72219347953796,8507,3.963923826813698,1.31388483569026
Guangdong,K. pneumoniae,Ampicillin/Sulbactam,other,K. pneumoniae | Ampicillin/Sulbactam,False,23797,36.52141094207764,8691,7.387486100196838,56.09110593795776
Guangdong,K. pneumoniae,Aztreonam,other,K. pneumoniae | Aztreonam,False,26964,31.83504045009613,8584,1.9433317705988884,66.2216305732727
Guangdong,K. pneumoniae,Cefazolin,other,K. pneumoniae | Cefazolin,False,16081,42.0247495174408,6758,11.498041450977324,46.477210521698
Guangdong,K. pneumoniae,Cefepime,other,K. pneumoniae | Cefepime,False,62451,25.844261050224304,16140,2.048005722463131,72.10773229598999
Guangdong,K. pneumoniae,Cefoperazone/Sulbactam,other,K. pneumoniae | Cefoperazone/Sulbactam,False,54916,14.019593596458437,7699,3.332362323999405,82.64804482460022
Guangdong,K. pneumoniae,Cefotaxime,other,K. pneumoniae | Cefotaxime,False,6859,39.91835415363312,2738,2.347281016409397,57.73436427116394
Guangdong,K. pneumoniae,Cefotetan,other,K. pneumoniae | Cefotetan,False,7251,6.826644390821457,495,0.6343952380120754,92.53895878791808
Guangdong,K. pneumoniae,Cefoxitin,other,K. pneumoniae | Cefoxitin,False,42574,15.182974934577942,6464,2.1961759775877,82.62084722518921
Guangdong,K. pneumoniae,Ceftazidime,other,K. pneumoniae | Ceftazidime,False,62208,23.72846007347107,14761,3.7792567163705826,72.49228358268738
Guangdong,K. pneumoniae,Ceftazidime/Avibactam,other,K. pneumoniae | Ceftazidime/Avibactam,False,7652,7.056978344917297,540,0.0,92.94301867485046
Guangdong,K. pneumoniae,Ceftriaxone,other,K. pneumoniae | Ceftriaxone,False,50874,31.173095107078552,15859,0.1729763695038855,68.65392923355103
Guangdong,K. pneumoniae,Cefuroxime,other,K. pneumoniae | Cefuroxime,False,47783,33.451226353645325,15984,2.2476613521575928,64.30110931396484
Guangdong,K. pneumoniae,Chloramphenicol,other,K. pneumoniae | Chloramphenicol,False,6676,34.63151454925537,2312,4.613541066646576,60.754942893981934
Guangdong,K. pneumoniae,Ciprofloxacin,fluoroquinolones,K. pneumoniae | Ciprofloxacin,True,22689,28.10613214969635,6377,4.936312884092331,66.9575572013855
Guangdong,K. pneumoniae,Ertapenem,other,K. pneumoniae | Ertapenem,False,46342,7.060550153255463,3272,0.403521629050374,92.5359308719635
Guangdong,K. pneumoniae,Gentamicin,other,K. pneumoniae | Gentamicin,False,25670,22.57499098777771,5795,4.164394363760948,73.26061725616455
Guangdong,K. pneumoniae,Imipenem,other,K. pneumoniae | Imipenem,False,62571,9.426091611385344,5898,0.7303703110665083,89.84353542327881
Guangdong,K. pneumoniae,Levofloxacin,fluoroquinolones,K. pneumoniae | Levofloxacin,True,60284,21.77858203649521,13129,4.2979896068573,73.92342686653137
Guangdong,K. pneumoniae,Meropenem,other,K. pneumoniae | Meropenem,False,23222,13.637930154800417,3167,0.5684264935553074,85.7936441898346
Guangdong,K. pneumoniae,Nitrofurantoin,other,K. pneumoniae | Nitrofurantoin,False,2100,28.57142984867096,600,40.09523689746857,31.333333253860474
Guangdong,K. pneumoniae,Piperacillin/Tazobactam,other,K. pneumoniae | Piperacillin/Tazobactam,False,62056,20.80862373113632,12913,5.696467682719231,73.49490523338318
Guangdong,K. pneumoniae,Polymyxin B,other,K. pneumoniae | Polymyxin B,False,2381,2.64594703912735,63,0.0,97.35405445098876
Guangdong,K. pneumoniae,Ticarcillin/Clavulanic acid,other,K. pneumoniae | Ticarcillin/Clavulanic acid,False,7194,40.227967500686646,2894,8.32638293504715,51.44565105438232
Guangdong,K. pneumoniae,Tigecycline,other,K. pneumoniae | Tigecycline,False,40786,2.57931649684906,1052,1.885450817644596,95.53523063659668
Guangdong,K. pneumoniae,Tobramycin,other,K. pneumoniae | Tobramycin,False,12805,25.786802172660828,3302,2.2178836166858673,71.99531197547913
Guangdong,K. pneumoniae,Trimethoprim/Sulfamethoxazole,sulfonamides,K. pneumoniae | Trimethoprim/Sulfamethoxazole,False,61058,32.264405488967896,19700,0.0131022956338711,67.72249341011047
Guangdong,P. aeruginosa,Amikacin,other,P. aeruginosa | Amikacin,False,40833,2.15756855905056,881,0.8889868855476379,96.95344567298888
Guangdong,P. aeruginosa,Aztreonam,other,P. aeruginosa | Aztreonam,False,24968,16.088593006134033,4017,16.553187370300293,67.35821962356567
Guangdong,P. aeruginosa,Cefepime,other,P. aeruginosa | Cefepime,False,47763,4.620731621980667,2207,8.450055122375488,86.9292140007019
Guangdong,P. aeruginosa,Cefoperazone/Sulbactam,other,P. aeruginosa | Cefoperazone/Sulbactam,False,43586,10.61120554804802,4625,9.624650329351423,79.76414561271667
Guangdong,P. aeruginosa,Ceftazidime,other,P. aeruginosa | Ceftazidime,False,47303,10.329154878854752,4886,3.7037819623947144,85.9670639038086
Guangdong,P. aeruginosa,Ceftazidime/Avibactam,other,P. aeruginosa | Ceftazidime/Avibactam,False,7297,6.660271435976028,486,0.0,93.33972930908205
Guangdong,P. aeruginosa,Ciprofloxacin,fluoroquinolones,P. aeruginosa | Ciprofloxacin,True,47152,8.2880899310112,3908,4.074058309197426,87.63785362243652
Guangdong,P. aeruginosa,Gentamicin,other,P. aeruginosa | Gentamicin,False,6955,6.743349879980087,469,4.888569191098213,88.36808204650879
Guangdong,P. aeruginosa,Imipenem,other,P. aeruginosa | Imipenem,False,47760,14.210636913776398,6787,1.0929647833108902,84.69640016555786
Guangdong,P. aeruginosa,Levofloxacin,fluoroquinolones,P. aeruginosa | Levofloxacin,False,47318,10.43577492237091,4938,7.901855558156967,81.66236877441406
Guangdong,P. aeruginosa,Meropenem,other,P. aeruginosa | Meropenem,False,46814,10.729696601629255,5023,4.308540001511574,84.96176600456238
Guangdong,P. aeruginosa,Piperacillin,other,P. aeruginosa | Piperacillin,False,10000,16.339999437332153,1634,5.869999900460243,77.7899980545044
Guangdong,P. aeruginosa,Piperacillin/Tazobactam,other,P. aeruginosa | Piperacillin/Tazobactam,False,43271,10.711561888456345,4635,4.860068112611771,84.42836999893188
Guangdong,P. aeruginosa,Polymyxin B,other,P. aeruginosa | Polymyxin B,False,4575,1.2240436859428885,56,0.0,98.77595901489258
Guangdong,P. aeruginosa,Tobramycin,other,P. aeruginosa | Tobramycin,False,40133,4.771634191274643,1915,1.841377466917038,93.38698983192444
Guangdong,S. aureus,Cefoxitin,other,S. aureus | Cefoxitin,False,5348,30.4225891828537,1627,0.0,69.57741379737854
Guangdong,S. aureus,Chloramphenicol,other,S. aureus | Chloramphenicol,False,4884,5.896805971860886,288,1.6380015760660172,92.46519207954408
Guangdong,S. aureus,Ciprofloxacin,fluoroquinolones,S. aureus | Ciprofloxacin,False,21029,16.301298141479492,3428,2.177944779396057,81.52075409889221
Guangdong,S. aureus,Clindamycin,other,S. aureus | Clindamycin,False,50320,22.951112687587734,11549,0.5484896712005138,76.50039792060852
Guangdong,S. aureus,Erythromycin,macrolides,S. aureus | Erythromycin,True,52008,39.93039429187775,20767,1.7362713813781738,58.33333134651184
Guangdong,S. aureus,Gentamicin,other,S. aureus | Gentamicin,False,52105,9.83015075325966,5122,1.648594252765179,88.52125406265259
Guangdong,S. aureus,Levofloxacin,fluoroquinolones,S. aureus | Levofloxacin,False,49544,16.619570553302765,8234,0.5974487401545048,82.78297781944275
Guangdong,S. aureus,Linezolid,other,S. aureus | Linezolid,False,52144,0.0,0,0.0,100.0
Guangdong,S. aureus,Nitrofurantoin,other,S. aureus | Nitrofurantoin,False,8677,0.0921977625694126,8,0.1613460830412805,99.74645376205444
Guangdong,S. aureus,Oxacillin,other,S. aureus | Oxacillin,False,51607,28.37986946105957,14646,0.0,71.62013053894043
Guangdong,S. aureus,Penicillin G,other,S. aureus | Penicillin G,False,50330,86.21696829795837,43393,0.0,13.783031702041626
Guangdong,S. aureus,Rifampicin,other,S. aureus | Rifampicin,False,51526,2.3269806057214737,1199,4.023211449384689,93.64981055259705
Guangdong,S. aureus,Teicoplanin,other,S. aureus | Teicoplanin,False,38160,0.0,0,0.0,100.0
Guangdong,S. aureus,Tetracycline,other,S. aureus | Tetracycline,False,21730,28.27427387237549,6144,1.4864242635667324,70.23929953575134
Guangdong,S. aureus,Trimethoprim/Sulfamethoxazole,sulfonamides,S. aureus | Trimethoprim/Sulfamethoxazole,False,50912,6.085009500384331,3098,0.0019641734979813,93.91302466392516
Guangdong,S. aureus,Vancomycin,other,S. aureus | Vancomycin,False,52295,0.0,0,0.0,100.0
Guangxi,A. baumannii,Amikacin,other,A. baumannii | Amikacin,False,10814,39.61531221866608,4284,1.165156252682209,59.21953320503235
Guangxi,A. baumannii,Ampicillin/Sulbactam,other,A. baumannii | Ampicillin/Sulbactam,False,7439,54.28149104118347,4038,2.6482054963707924,43.07030439376831
Guangxi,A. baumannii,Aztreonam,other,A. baumannii | Aztreonam,False,5238,72.203129529953,3782,24.49408173561096,3.302787244319916
Guangxi,A. baumannii,Cefepime,other,A. baumannii | Cefepime,False,16179,50.893133878707886,8234,4.6603623777627945,44.44650411605835
Guangxi,A. baumannii,Cefoperazone/Sulbactam,other,A. baumannii | Cefoperazone/Sulbactam,False,14112,45.58531641960144,6433,7.5396828353405,46.875
Guangxi,A. baumannii,Cefotaxime,other,A. baumannii | Cefotaxime,False,2212,60.352623462677,1335,6.690777838230133,32.956600189208984
Guangxi,A. baumannii,Ceftazidime,other,A. baumannii | Ceftazidime,False,16802,54.612547159194946,9176,1.8331151455640793,43.554338812828064
Guangxi,A. baumannii,Ceftriaxone,other,A. baumannii | Ceftriaxone,False,3849,48.68797063827515,1874,23.096908628940582,28.21512222290039
Guangxi,A. baumannii,Ciprofloxacin,fluoroquinolones,A. baumannii | Ciprofloxacin,False,15164,55.658137798309326,8440,0.6264837924391031,43.715378642082214
Guangxi,A. baumannii,Gentamicin,other,A. baumannii | Gentamicin,False,7142,54.8585832118988,3918,3.094371408224106,42.04704463481903
Guangxi,A. baumannii,Imipenem,other,A. baumannii | Imipenem,False,15509,54.56831455230713,8463,0.2708104904741049,45.16087472438812
Guangxi,A. baumannii,Levofloxacin,fluoroquinolones,A. baumannii | Levofloxacin,True,16253,49.295514822006226,8012,4.2207591235637665,46.48372530937195
Guangxi,A. baumannii,Meropenem,other,A. baumannii | Meropenem,False,15913,55.70288300514221,8864,0.3330610226839781,43.96405518054962
Guangxi,A. baumannii,Minocycline,other,A. baumannii | Minocycline,False,13720,16.49416983127594,2263,22.36151546239853,61.14431619644165
Guangxi,A. baumannii,Piperacillin/Tazobactam,other,A. baumannii | Piperacillin/Tazobactam,False,16510,55.42701482772827,9151,2.192610502243042,42.38037467002869
Guangxi,A. baumannii,Polymyxin B,other,A. baumannii | Polymyxin B,False,5845,1.3857997953891754,81,0.0,98.61419796943665
Guangxi,A. baumannii,Tigecycline,other,A. baumannii | Tigecycline,False,11786,3.868997097015381,456,23.79093766212463,72.34006524085999
Guangxi,A. baumannii,Tobramycin,other,A. baumannii | Tobramycin,False,13798,49.05058741569519,6768,1.0146398097276688,49.93477463722229
Guangxi,E. coli,Amikacin,other,E. coli | Amikacin,False,55136,3.942977264523506,2174,1.5742890536785126,94.48273181915285
Guangxi,E. coli,Amoxicillin/Clavulanic acid,other,E. coli | Amoxicillin/Clavulanic acid,False,46875,16.422399878501892,7698,16.759467124938965,66.81813597679138
Guangxi,E. coli,Ampicillin,other,E. coli | Ampicillin,False,37452,81.38684034347534,30481,1.3964541256427765,17.216704785823822
Guangxi,E. coli,Ampicillin/Sulbactam,other,E. coli | Ampicillin/Sulbactam,False,36492,34.70897674560547,12666,27.485474944114685,37.80554533004761
Guangxi,E. coli,Aztreonam,other,E. coli | Aztreonam,False,32340,25.602969527244568,8280,4.61348183453083,69.78355050086975
Guangxi,E. coli,Cefazolin,other,E. coli | Cefazolin,False,14039,59.12814140319824,8301,12.67184317111969,28.200015425682068
Guangxi,E. coli,Cefepime,other,E. coli | Cefepime,False,64890,23.311758041381836,15127,8.781014382839203,67.90722608566284
Guangxi,E. coli,Cefoperazone/Sulbactam,other,E. coli | Cefoperazone/Sulbactam,False,56754,5.57669959962368,3165,3.788279369473458,90.63501954078674
Guangxi,E. coli,Cefotaxime,other,E. coli | Cefotaxime,False,12884,45.97950875759125,5924,0.9313877671957016,53.08910012245178
Guangxi,E. coli,Cefotetan,other,E. coli | Cefotetan,False,10549,3.3936865627765656,358,1.137548591941595,95.46876549720764
Guangxi,E. coli,Cefoxitin,other,E. coli | Cefoxitin,False,53190,12.27862387895584,6531,5.081782117486,82.63959288597107
Guangxi,E. coli,Ceftazidime,other,E. coli | Ceftazidime,False,67113,20.349261164665226,13657,8.710681647062302,70.94005346298218
Guangxi,E. coli,Ceftazidime/Avibactam,other,E. coli | Ceftazidime/Avibactam,False,1695,7.197640091180801,122,0.0,92.80235767364502
Guangxi,E. coli,Ceftriaxone,other,E. coli | Ceftriaxone,False,55866,45.19027769565582,25246,0.2756596077233553,54.53406572341919
Guangxi,E. coli,Cefuroxime,other,E. coli | Cefuroxime,False,58567,46.2137371301651,27066,3.2885413616895676,50.49772262573242
Guangxi,E. coli,Chloramphenicol,other,E. coli | Chloramphenicol,False,12588,36.137592792510986,4549,2.6374325156211853,61.22497320175171
Guangxi,E. coli,Ciprofloxacin,fluoroquinolones,E. coli | Ciprofloxacin,True,34993,44.03737783432007,15410,2.2318748757243156,53.73074412345886
Guangxi,E. coli,Ertapenem,other,E. coli | Ertapenem,False,42310,2.93547622859478,1242,0.189080589916557,96.87544107437134
Guangxi,E. coli,Gentamicin,other,E. coli | Gentamicin,False,39799,33.06615650653839,13160,4.09558042883873,62.83826231956482
Guangxi,E. coli,Imipenem,other,E. coli | Imipenem,False,61514,2.5571415200829506,1573,0.2536008134484291,97.18925952911376
Guangxi,E. coli,Levofloxacin,fluoroquinolones,E. coli | Levofloxacin,True,66787,42.78227686882019,28573,3.8121189922094345,53.405600786209106
Guangxi,E. coli,Meropenem,other,E. coli | Meropenem,False,33564,2.344774082303047,787,0.1698248088359832,97.48539924621582
Guangxi,E. coli,Nitrofurantoin,other,E. coli | Nitrofurantoin,False,11503,2.7905764058232307,321,3.8772493600845337,93.33217144012453
Guangxi,E. coli,Piperacillin/Tazobactam,other,E. coli | Piperacillin/Tazobactam,False,65602,8.818328380584717,5785,1.881040260195732,89.30063247680664
Guangxi,E. coli,Polymyxin B,other,E. coli | Polymyxin B,False,13998,0.9287040680646896,130,0.0,99.07129406929016
Guangxi,E. coli,Ticarcillin/Clavulanic acid,other,E. coli | Ticarcillin/Clavulanic acid,False,13435,11.164867877960203,1500,23.98957908153534,64.84555006027222
Guangxi,E. coli,Tigecycline,other,E. coli | Tigecycline,False,38771,0.21923603489995,85,0.4616852849721908,99.31907653808594
Guangxi,E. coli,Tobramycin,other,E. coli | Tobramycin,False,20111,29.729998111724857,5979,6.300035119056702,63.969963788986206
Guangxi,E. coli,Trimethoprim/Sulfamethoxazole,sulfonamides,E. coli | Trimethoprim/Sulfamethoxazole,True,64356,54.97545003890991,35380,0.0,45.02454996109009
Guangxi,K. pneumoniae,Amikacin,other,K. pneumoniae | Amikacin,False,38078,5.596407502889633,2131,0.6171542685478926,93.7864363193512
Guangxi,K. pneumoniae,Amoxicillin/Clavulanic acid,other,K. pneumoniae | Amoxicillin/Clavulanic acid,False,31374,19.45559978485107,6104,9.504685550928116,71.03971242904663
Guangxi,K. pneumoniae,Ampicillin,other,K. pneumoniae | Ampicillin,False,10619,91.7977213859558,9748,6.883887201547623,1.3183915987610817
Guangxi,K. pneumoniae,Ampicillin/Sulbactam,other,K. pneumoniae | Ampicillin/Sulbactam,False,23241,32.54593312740326,7564,6.583193689584732,60.87087392807007
Guangxi,K. pneumoniae,Aztreonam,other,K. pneumoniae | Aztreonam,False,20555,23.8968625664711,4912,1.6978837549686432,74.4052529335022
Guangxi,K. pneumoniae,Cefazolin,other,K. pneumoniae | Cefazolin,False,17551,33.73596966266632,5921,11.224431544542313,55.03959655761719
Guangxi,K. pneumoniae,Cefepime,other,K. pneumoniae | Cefepime,False,44910,19.251836836338043,8646,2.3157425224781036,78.43242287635803
Guangxi,K. pneumoniae,Cefoperazone/Sulbactam,other,K. pneumoniae | Cefoperazone/Sulbactam,False,37843,11.82517260313034,4475,3.017731197178364,85.15709638595581
Guangxi,K. pneumoniae,Cefotaxime,other,K. pneumoniae | Cefotaxime,False,8029,32.768714427948,2631,0.9839332662522792,66.24735593795776
Guangxi,K. pneumoniae,Cefotetan,other,K. pneumoniae | Cefotetan,False,7204,7.926151901483536,571,0.8745141327381134,91.19933247566225
Guangxi,K. pneumoniae,Cefoxitin,other,K. pneumoniae | Cefoxitin,False,34796,15.412691235542296,5363,2.385331690311432,82.20197558403015
Guangxi,K. pneumoniae,Ceftazidime,other,K. pneumoniae | Ceftazidime,False,45828,19.32443082332611,8856,3.043990582227707,77.63158082962036
Guangxi,K. pneumoniae,Ceftazidime/Avibactam,other,K. pneumoniae | Ceftazidime/Avibactam,False,1604,3.5536158829927444,57,0.0,96.44638299942017
Guangxi,K. pneumoniae,Ceftriaxone,other,K. pneumoniae | Ceftriaxone,False,37301,26.122623682022095,9744,0.2359186066314578,73.64145517349243
Guangxi,K. pneumoniae,Cefuroxime,other,K. pneumoniae | Cefuroxime,False,39246,29.411914944648743,11543,2.410436794161797,68.17764639854431
Guangxi,K. pneumoniae,Chloramphenicol,other,K. pneumoniae | Chloramphenicol,False,10575,32.12293088436127,3397,4.860519990324974,63.01654577255249
Guangxi,K. pneumoniae,Ciprofloxacin,fluoroquinolones,K. pneumoniae | Ciprofloxacin,True,21348,21.16357535123825,4518,3.0447816476225853,75.79164505004883
Guangxi,K. pneumoniae,Ertapenem,other,K. pneumoniae | Ertapenem,False,28515,7.515342533588409,2143,0.3647203324362635,92.1199381351471
Guangxi,K. pneumoniae,Gentamicin,other,K. pneumoniae | Gentamicin,False,24797,19.06682252883911,4728,2.7140380814671516,78.21913957595825
Guangxi,K. pneumoniae,Imipenem,other,K. pneumoniae | Imipenem,False,41771,7.893035560846329,3297,0.7588997017592192,91.34806394577026
Guangxi,K. pneumoniae,Levofloxacin,fluoroquinolones,K. pneumoniae | Levofloxacin,True,45637,17.805728316307068,8126,3.18601131439209,79.00826334953308
Guangxi,K. pneumoniae,Meropenem,other,K. pneumoniae | Meropenem,False,21228,9.332014620304108,1981,0.2543810056522488,90.4136061668396
Guangxi,K. pneumoniae,Nitrofurantoin,other,K. pneumoniae | Nitrofurantoin,False,6943,31.614574790000916,2195,32.11868107318878,36.2667441368103
Guangxi,K. pneumoniae,Piperacillin/Tazobactam,other,K. pneumoniae | Piperacillin/Tazobactam,False,44901,15.946193039417269,7160,4.2916640639305115,79.76214289665222
Guangxi,K. pneumoniae,Polymyxin B,other,K. pneumoniae | Polymyxin B,False,8930,3.034714423120022,271,0.0,96.96528315544128
Guangxi,K. pneumoniae,Ticarcillin/Clavulanic acid,other,K. pneumoniae | Ticarcillin/Clavulanic acid,False,8835,18.70967745780945,1653,7.866439968347549,73.42388033866882
Guangxi,K. pneumoniae,Tigecycline,other,K. pneumoniae | Tigecycline,False,26210,4.269362986087799,1119,3.807707130908966,91.92293286323547
Guangxi,K. pneumoniae,Tobramycin,other,K. pneumoniae | Tobramycin,False,14709,19.4778710603714,2865,3.888775408267975,76.6333520412445
Guangxi,K. pneumoniae,Trimethoprim/Sulfamethoxazole,sulfonamides,K. pneumoniae | Trimethoprim/Sulfamethoxazole,False,44195,29.648149013519287,13103,0.0022626994905294,70.34958600997925
Guangxi,P. aeruginosa,Amikacin,other,P. aeruginosa | Amikacin,False,27119,2.2640952840447426,614,0.903425645083189,96.83247804641724
Guangxi,P. aeruginosa,Aztreonam,other,P. aeruginosa | Aztreonam,False,21226,16.89908653497696,3587,12.894563376903534,70.2063500881195
Guangxi,P. aeruginosa,Cefepime,other,P. aeruginosa | Cefepime,False,31257,5.755510926246643,1799,8.919601887464523,85.32488942146301
Guangxi,P. aeruginosa,Cefoperazone/Sulbactam,other,P. aeruginosa | Cefoperazone/Sulbactam,False,27819,11.366332322359083,3162,8.573277294635773,80.06039261817932
Guangxi,P. aeruginosa,Ceftazidime,other,P. aeruginosa | Ceftazidime,False,31756,11.49389073252678,3650,3.70008833706379,84.80601906776428
Guangxi,P. aeruginosa,Ceftazidime/Avibactam,other,P. aeruginosa | Ceftazidime/Avibactam,False,1126,6.0390762984752655,68,0.0,93.96092295646667
Guangxi,P. aeruginosa,Ciprofloxacin,fluoroquinolones,P. aeruginosa | Ciprofloxacin,True,31625,7.373913377523422,2332,3.10830045491457,89.51778411865234
Guangxi,P. aeruginosa,Gentamicin,other,P. aeruginosa | Gentamicin,False,10673,5.040756985545158,538,1.6771292313933372,93.28211545944214
Guangxi,P. aeruginosa,Imipenem,other,P. aeruginosa | Imipenem,False,29208,14.3967404961586,4205,1.831690035760403,83.77156853675842
Guangxi,P. aeruginosa,Levofloxacin,fluoroquinolones,P. aeruginosa | Levofloxacin,False,31581,9.75586622953415,3081,7.010544091463089,83.2335889339447
Guangxi,P. aeruginosa,Meropenem,other,P. aeruginosa | Meropenem,False,31323,11.77728846669197,3689,3.2116975635290146,85.0110113620758
Guangxi,P. aeruginosa,Piperacillin,other,P. aeruginosa | Piperacillin,False,12307,16.03965163230896,1974,6.142845377326012,77.81749963760376
Guangxi,P. aeruginosa,Piperacillin/Tazobactam,other,P. aeruginosa | Piperacillin/Tazobactam,False,30330,13.560831546783447,4113,5.947906523942947,80.49126267433167
Guangxi,P. aeruginosa,Polymyxin B,other,P. aeruginosa | Polymyxin B,False,10492,1.2485703453421593,131,0.0,98.7514317035675
Guangxi,P. aeruginosa,Tobramycin,other,P. aeruginosa | Tobramycin,False,24547,5.642237514257431,1385,1.0510449297726154,93.30672025680542
Guangxi,S. aureus,Cefoxitin,other,S. aureus | Cefoxitin,False,8194,29.55821454524994,2422,0.0,70.4417884349823
Guangxi,S. aureus,Chloramphenicol,other,S. aureus | Chloramphenicol,False,6728,7.074911147356033,476,2.2146254777908325,90.71046113967896
Guangxi,S. aureus,Ciprofloxacin,fluoroquinolones,S. aureus | Ciprofloxacin,False,15269,11.146768182516098,1702,1.9058221951127052,86.94741129875183
Guangxi,S. aureus,Clindamycin,other,S. aureus | Clindamycin,False,28135,26.80646777153015,7542,0.3234405536204576,72.87009358406067
Guangxi,S. aureus,Erythromycin,macrolides,S. aureus | Erythromycin,True,31422,40.92037379741669,12858,0.8751830086112022,58.204442262649536
Guangxi,S. aureus,Gentamicin,other,S. aureus | Gentamicin,False,31702,5.703110247850418,1808,1.6087312251329422,92.68816113471983
Guangxi,S. aureus,Levofloxacin,fluoroquinolones,S. aureus | Levofloxacin,False,30123,9.610596299171448,2895,0.7734953425824642,89.61590528488159
Guangxi,S. aureus,Linezolid,other,S. aureus | Linezolid,False,31638,0.0,0,0.0,100.0
Guangxi,S. aureus,Nitrofurantoin,other,S. aureus | Nitrofurantoin,False,9630,2.087227441370487,201,0.2803738228976726,97.63239622116087
Guangxi,S. aureus,Oxacillin,other,S. aureus | Oxacillin,False,30593,27.633771300315857,8454,0.0,72.3662257194519
Guangxi,S. aureus,Penicillin G,other,S. aureus | Penicillin G,False,30399,90.47995209693909,27505,0.0,9.520050138235092
Guangxi,S. aureus,Rifampicin,other,S. aureus | Rifampicin,False,31631,3.2278459519147873,1021,5.374474450945854,91.3976788520813
Guangxi,S. aureus,Teicoplanin,other,S. aureus | Teicoplanin,False,23654,0.0,0,0.0,100.0
Guangxi,S. aureus,Tetracycline,other,S. aureus | Tetracycline,False,17798,30.95291554927826,5509,1.5507359988987446,67.49634742736816
Guangxi,S. aureus,Trimethoprim/Sulfamethoxazole,sulfonamides,S. aureus | Trimethoprim/Sulfamethoxazole,False,30679,8.380325138568878,2571,0.0,91.61967635154724
Guangxi,S. aureus,Vancomycin,other,S. aureus | Vancomycin,False,31392,0.0,0,0.0,100.0
Guizhou,A. baumannii,Amikacin,other,A. baumannii | Amikacin,False,4480,47.36607074737549,2122,1.227678544819355,51.40625238418579
Guizhou,A. baumannii,Ampicillin/Sulbactam,other,A. baumannii | Ampicillin/Sulbactam,False,4830,50.22774338722229,2426,3.105590119957924,46.666666865348816
Guizhou,A. baumannii,Aztreonam,other,A. baumannii | Aztreonam,False,560,49.82142746448517,279,26.964285969734192,23.21428507566452
Guizhou,A. baumannii,Cefepime,other,A. baumannii | Cefepime,False,7870,43.506988883018494,3424,4.116899520158768,52.37610936164856
Guizhou,A. baumannii,Cefoperazone/Sulbactam,other,A. baumannii | Cefoperazone/Sulbactam,False,6103,36.50663495063782,2228,9.65099111199379,53.842371702194214
Guizhou,A. baumannii,Cefotaxime,other,A. baumannii | Cefotaxime,False,986,35.69979667663574,352,15.517240762710571,48.78296256065369
Guizhou,A. baumannii,Ceftazidime,other,A. baumannii | Ceftazidime,False,7889,45.8993524312973,3621,2.535175532102585,51.565468311309814
Guizhou,A. baumannii,Ceftriaxone,other,A. baumannii | Ceftriaxone,False,1652,47.39709496498108,783,21.731235086917877,30.871671438217163
Guizhou,A. baumannii,Ciprofloxacin,fluoroquinolones,A. baumannii | Ciprofloxacin,False,7234,47.373515367507935,3427,0.4285319242626428,52.197957038879395
Guizhou,A. baumannii,Gentamicin,other,A. baumannii | Gentamicin,False,4554,47.32103645801544,2155,3.403601050376892,49.275362491607666
Guizhou,A. baumannii,Imipenem,other,A. baumannii | Imipenem,False,7373,46.24983072280884,3410,0.9765360504388808,52.77363061904907
Guizhou,A. baumannii,Levofloxacin,fluoroquinolones,A. baumannii | Levofloxacin,True,7891,36.12976670265198,2851,9.542516618967056,54.32771444320679
Guizhou,A. baumannii,Meropenem,other,A. baumannii | Meropenem,False,6042,45.38232386112213,2742,1.3571664690971377,53.26051115989685
Guizhou,A. baumannii,Minocycline,other,A. baumannii | Minocycline,False,6250,10.80000028014183,675,12.943999469280245,76.25600099563599
Guizhou,A. baumannii,Piperacillin/Tazobactam,other,A. baumannii | Piperacillin/Tazobactam,False,6400,45.96875011920929,2942,1.4687499962747097,52.56249904632568
Guizhou,A. baumannii,Polymyxin B,other,A. baumannii | Polymyxin B,False,864,0.9259259328246116,8,0.0,99.0740716457367
Guizhou,A. baumannii,Tigecycline,other,A. baumannii | Tigecycline,False,5938,2.9134389013051987,173,13.691478967666626,83.39508175849915
Guizhou,A. baumannii,Tobramycin,other,A. baumannii | Tobramycin,False,6219,45.40922939777374,2824,0.7075092289596796,53.88326048851013
Guizhou,E. coli,Amikacin,other,E. coli | Amikacin,False,34332,8.251776546239853,2833,1.765117049217224,89.98310565948486
Guizhou,E. coli,Amoxicillin/Clavulanic acid,other,E. coli | Amoxicillin/Clavulanic acid,False,25873,12.089823186397552,3128,15.9278005361557,71.98237776756287
Guizhou,E. coli,Ampicillin,other,E. coli | Ampicillin,False,27721,84.46664810180664,23415,1.1218931525945663,14.411456882953644
Guizhou,E. coli,Ampicillin/Sulbactam,other,E. coli | Ampicillin/Sulbactam,False,29143,36.51991784572601,10643,25.15183687210083,38.32824230194092
Guizhou,E. coli,Aztreonam,other,E. coli | Aztreonam,False,26543,30.196285247802734,8015,4.358964785933495,65.44474959373474
Guizhou,E. coli,Cefazolin,other,E. coli | Cefazolin,False,12675,59.66863632202149,7563,11.258382350206375,29.07297909259796
Guizhou,E. coli,Cefepime,other,E. coli | Cefepime,False,41804,24.081428349018097,10067,10.537268966436386,65.38130044937134
Guizhou,E. coli,Cefoperazone/Sulbactam,other,E. coli | Cefoperazone/Sulbactam,False,29343,3.646525740623474,1070,4.846130311489105,91.50734543800354
Guizhou,E. coli,Cefotaxime,other,E. coli | Cefotaxime,False,7252,46.152785420417786,3347,0.758411455899477,53.088802099227905
Guizhou,E. coli,Cefotetan,other,E. coli | Cefotetan,False,11661,1.8266014754772184,213,0.7031986955553293,97.4702000617981
Guizhou,E. coli,Cefoxitin,other,E. coli | Cefoxitin,False,23422,8.756724745035172,2051,5.208778008818626,86.034494638443
Guizhou,E. coli,Ceftazidime,other,E. coli | Ceftazidime,False,41773,18.653197586536407,7792,7.823234796524048,73.52356910705566
Guizhou,E. coli,Ceftazidime/Avibactam,other,E. coli | Ceftazidime/Avibactam,False,1847,1.7866810783743858,33,0.0,98.21332097053528
Guizhou,E. coli,Ceftriaxone,other,E. coli | Ceftriaxone,False,35692,50.33060908317566,17964,0.3193993121385574,49.34999346733093
Guizhou,E. coli,Cefuroxime,other,E. coli | Cefuroxime,False,31080,51.322394609451294,15951,2.3294722661376,46.34813368320465
Guizhou,E. coli,Chloramphenicol,other,E. coli | Chloramphenicol,False,3467,22.64205366373062,785,2.1344101056456566,75.22353529930115
Guizhou,E. coli,Ciprofloxacin,fluoroquinolones,E. coli | Ciprofloxacin,True,18224,45.62115967273712,8314,2.3375768214464188,52.04126238822937
Guizhou,E. coli,Ertapenem,other,E. coli | Ertapenem,False,33857,1.0426204651594162,353,0.1742623397149145,98.7831175327301
Guizhou,E. coli,Gentamicin,other,E. coli | Gentamicin,False,26154,34.21274125576019,8948,6.805842369794846,58.98141860961914
Guizhou,E. coli,Imipenem,other,E. coli | Imipenem,False,39267,0.9371737018227576,368,0.2037334255874157,98.8590955734253
Guizhou,E. coli,Levofloxacin,fluoroquinolones,E. coli | Levofloxacin,True,41405,43.88841986656189,18172,3.337761014699936,52.77382135391235
Guizhou,E. coli,Meropenem,other,E. coli | Meropenem,False,18596,1.0324801318347454,192,0.1882125157862901,98.77930879592896
Guizhou,E. coli,Nitrofurantoin,other,E. coli | Nitrofurantoin,False,4811,2.9931407421827316,144,5.549781769514084,91.45707488059998
Guizhou,E. coli,Piperacillin/Tazobactam,other,E. coli | Piperacillin/Tazobactam,False,40271,6.121030077338219,2465,5.3860098123550415,88.49295973777771
Guizhou,E. coli,Polymyxin B,other,E. coli | Polymyxin B,False,1492,0.804289523512125,12,0.0,99.19571280479433
Guizhou,E. coli,Ticarcillin/Clavulanic acid,other,E. coli | Ticarcillin/Clavulanic acid,False,2097,12.732474505901337,267,24.129709601402283,63.1378173828125
Guizhou,E. coli,Tigecycline,other,E. coli | Tigecycline,False,23094,0.1775352866388857,41,0.2121763303875923,99.61028695106506
Guizhou,E. coli,Tobramycin,other,E. coli | Tobramycin,False,12395,32.73900747299194,4058,2.1702298894524574,65.09076356887817
Guizhou,E. coli,Trimethoprim/Sulfamethoxazole,sulfonamides,E. coli | Trimethoprim/Sulfamethoxazole,True,39858,53.823572397232056,21453,0.0100356264738366,46.16639018058777
Guizhou,K. pneumoniae,Amikacin,other,K. pneumoniae | Amikacin,False,20686,10.320989787578585,2135,0.2368751913309097,89.44213390350342
Guizhou,K. pneumoniae,Amoxicillin/Clavulanic acid,other,K. pneumoniae | Amoxicillin/Clavulanic acid,False,13812,15.146249532699583,2092,7.471763342618942,77.38198637962341
Guizhou,K. pneumoniae,Ampicillin,other,K. pneumoniae | Ampicillin,False,6552,83.54700803756714,5474,13.064713776111605,3.3882785588502884
Guizhou,K. pneumoniae,Ampicillin/Sulbactam,other,K. pneumoniae | Ampicillin/Sulbactam,False,16702,24.727576971054077,4130,6.310621649026871,68.96179914474487
Guizhou,K. pneumoniae,Aztreonam,other,K. pneumoniae | Aztreonam,False,15218,19.91063207387924,3030,0.926534365862608,79.1628360748291
Guizhou,K. pneumoniae,Cefazolin,other,K. pneumoniae | Cefazolin,False,11065,27.11251676082611,3000,8.296430110931396,64.59105014801025
Guizhou,K. pneumoniae,Cefepime,other,K. pneumoniae | Cefepime,False,25661,15.396906435489656,3951,4.154163971543312,80.44893145561218
Guizhou,K. pneumoniae,Cefoperazone/Sulbactam,other,K. pneumoniae | Cefoperazone/Sulbactam,False,17877,10.298148542642592,1841,2.50041950494051,87.20143437385559
Guizhou,K. pneumoniae,Cefotaxime,other,K. pneumoniae | Cefotaxime,False,4274,20.472624897956848,875,0.6551240105181932,78.87225151062012
Guizhou,K. pneumoniae,Cefotetan,other,K. pneumoniae | Cefotetan,False,6665,6.046511605381966,403,0.4051012918353081,93.54838728904724
Guizhou,K. pneumoniae,Cefoxitin,other,K. pneumoniae | Cefoxitin,False,14498,12.325838208198547,1787,1.682990789413452,85.99117398262024
Guizhou,K. pneumoniae,Ceftazidime,other,K. pneumoniae | Ceftazidime,False,25472,16.178548336029053,4121,2.1278265863657,81.69362545013428
Guizhou,K. pneumoniae,Ceftazidime/Avibactam,other,K. pneumoniae | Ceftazidime/Avibactam,False,1825,6.136986240744591,112,0.0,93.86301636695862
Guizhou,K. pneumoniae,Ceftriaxone,other,K. pneumoniae | Ceftriaxone,False,21315,22.04550802707672,4699,0.417546322569251,77.53694653511047
Guizhou,K. pneumoniae,Cefuroxime,other,K. pneumoniae | Cefuroxime,False,18812,24.28237348794937,4568,1.908356323838234,73.80927205085754
Guizhou,K. pneumoniae,Chloramphenicol,other,K. pneumoniae | Chloramphenicol,False,3061,16.628552973270416,509,3.4302514046430588,79.9411952495575
Guizhou,K. pneumoniae,Ciprofloxacin,fluoroquinolones,K. pneumoniae | Ciprofloxacin,True,11246,13.578161597251892,1527,1.7250578850507736,84.69678163528442
Guizhou,K. pneumoniae,Ertapenem,other,K. pneumoniae | Ertapenem,False,19009,8.138250559568405,1547,0.2051659626886249,91.65658354759216
Guizhou,K. pneumoniae,Gentamicin,other,K. pneumoniae | Gentamicin,False,15368,14.81650173664093,2277,3.6114003509283066,81.57209753990173
Guizhou,K. pneumoniae,Imipenem,other,K. pneumoniae | Imipenem,False,23669,8.1836998462677,1937,0.5914909765124321,91.22480750083923
Guizhou,K. pneumoniae,Levofloxacin,fluoroquinolones,K. pneumoniae | Levofloxacin,True,25755,12.591730058193209,3243,1.8093574792146685,85.59890985488892
Guizhou,K. pneumoniae,Meropenem,other,K. pneumoniae | Meropenem,False,11357,9.395086765289308,1067,0.1672976999543607,90.43761491775513
Guizhou,K. pneumoniae,Nitrofurantoin,other,K. pneumoniae | Nitrofurantoin,False,3474,13.557858765125276,471,34.88773703575134,51.5544056892395
Guizhou,K. pneumoniae,Piperacillin/Tazobactam,other,K. pneumoniae | Piperacillin/Tazobactam,False,24719,12.965734302997587,3205,5.077066272497177,81.95719718933105
Guizhou,K. pneumoniae,Polymyxin B,other,K. pneumoniae | Polymyxin B,False,1042,2.0153550431132317,21,0.0,97.98464775085448
Guizhou,K. pneumoniae,Ticarcillin/Clavulanic acid,other,K. pneumoniae | Ticarcillin/Clavulanic acid,False,2430,30.7407408952713,747,3.827160596847534,65.4321014881134
Guizhou,K. pneumoniae,Tigecycline,other,K. pneumoniae | Tigecycline,False,14171,2.455719374120235,348,2.116999588906765,95.42728066444396
Guizhou,K. pneumoniae,Tobramycin,other,K. pneumoniae | Tobramycin,False,7564,13.77577930688858,1042,1.3484928756952286,84.8757266998291
Guizhou,K. pneumoniae,Trimethoprim/Sulfamethoxazole,sulfonamides,K. pneumoniae | Trimethoprim/Sulfamethoxazole,False,23509,20.358160138130188,4786,0.0297758291708305,79.61206436157227
Guizhou,P. aeruginosa,Amikacin,other,P. aeruginosa | Amikacin,False,8925,1.759103685617447,157,1.2212885543704033,97.01960682868958
Guizhou,P. aeruginosa,Aztreonam,other,P. aeruginosa | Aztreonam,False,6438,14.554210007190704,937,14.259086549282074,71.18670344352722
Guizhou,P. aeruginosa,Cefepime,other,P. aeruginosa | Cefepime,False,10537,4.2421940714120865,447,7.212679088115692,88.54512572288513
Guizhou,P. aeruginosa,Cefoperazone/Sulbactam,other,P. aeruginosa | Cefoperazone/Sulbactam,False,7819,9.745492041110992,762,7.801508903503418,82.45300054550171
Guizhou,P. aeruginosa,Ceftazidime,other,P. aeruginosa | Ceftazidime,False,10406,10.003843903541563,1041,3.8343261927366257,86.16182804107666
Guizhou,P. aeruginosa,Ceftazidime/Avibactam,other,P. aeruginosa | Ceftazidime/Avibactam,False,1019,2.1589793264865875,22,0.0,97.84101843833923
Guizhou,P. aeruginosa,Ciprofloxacin,fluoroquinolones,P. aeruginosa | Ciprofloxacin,True,10376,7.035466283559799,730,3.0069390311837196,89.957594871521
Guizhou,P. aeruginosa,Gentamicin,other,P. aeruginosa | Gentamicin,False,4530,4.4812362641096115,203,2.759381942451,92.75938272476196
Guizhou,P. aeruginosa,Imipenem,other,P. aeruginosa | Imipenem,False,9826,11.235497891902924,1104,1.455322653055191,87.30918169021606
Guizhou,P. aeruginosa,Levofloxacin,fluoroquinolones,P. aeruginosa | Levofloxacin,False,10540,8.27324464917183,872,5.370019003748894,86.35673522949219
Guizhou,P. aeruginosa,Meropenem,other,P. aeruginosa | Meropenem,False,9676,8.991318941116333,870,2.9557667672634125,88.05291652679443
Guizhou,P. aeruginosa,Piperacillin,other,P. aeruginosa | Piperacillin,False,4030,13.200992345809937,532,6.15384615957737,80.64516186714172
Guizhou,P. aeruginosa,Piperacillin/Tazobactam,other,P. aeruginosa | Piperacillin/Tazobactam,False,10177,12.05659806728363,1227,4.2743440717458725,83.6690604686737
Guizhou,P. aeruginosa,Polymyxin B,other,P. aeruginosa | Polymyxin B,False,569,2.636203914880753,15,0.0,97.36379384994508
Guizhou,P. aeruginosa,Tobramycin,other,P. aeruginosa | Tobramycin,False,8333,6.264250725507736,522,1.7280690371990204,92.00767874717712
Guizhou,S. aureus,Cefoxitin,other,S. aureus | Cefoxitin,False,5484,25.45587122440338,1396,0.0,74.54412579536438
Guizhou,S. aureus,Chloramphenicol,other,S. aureus | Chloramphenicol,False,1522,6.898817420005798,105,1.5111695043742657,91.59001111984252
Guizhou,S. aureus,Ciprofloxacin,fluoroquinolones,S. aureus | Ciprofloxacin,False,14952,7.075976580381393,1058,3.1768325716257095,89.74719047546387
Guizhou,S. aureus,Clindamycin,other,S. aureus | Clindamycin,False,23010,31.825292110443115,7323,0.6084311287850142,67.56627559661865
Guizhou,S. aureus,Erythromycin,macrolides,S. aureus | Erythromycin,True,23587,51.240092515945435,12086,2.098613604903221,46.66129648685455
Guizhou,S. aureus,Gentamicin,other,S. aureus | Gentamicin,False,23557,4.478498920798302,1055,2.1012863144278526,93.42021346092224
Guizhou,S. aureus,Levofloxacin,fluoroquinolones,S. aureus | Levofloxacin,False,22602,7.362180203199387,1664,2.260861918330193,90.3769552707672
Guizhou,S. aureus,Linezolid,other,S. aureus | Linezolid,False,23613,0.0,0,0.0,100.0
Guizhou,S. aureus,Nitrofurantoin,other,S. aureus | Nitrofurantoin,False,5409,0.5176557693630457,28,0.2773155923932791,99.2050290107727
Guizhou,S. aureus,Oxacillin,other,S. aureus | Oxacillin,False,23465,28.66822779178619,6727,0.0,71.33176922798157
Guizhou,S. aureus,Penicillin G,other,S. aureus | Penicillin G,False,22907,94.34670805931091,21612,0.0,5.653293803334236
Guizhou,S. aureus,Rifampicin,other,S. aureus | Rifampicin,False,23740,0.9646167047321796,229,0.8298231288790703,98.20556044578552
Guizhou,S. aureus,Teicoplanin,other,S. aureus | Teicoplanin,False,9669,0.0,0,0.0,100.0
Guizhou,S. aureus,Tetracycline,other,S. aureus | Tetracycline,False,17241,24.67954307794571,4255,1.925642415881157,73.39481711387634
Guizhou,S. aureus,Trimethoprim/Sulfamethoxazole,sulfonamides,S. aureus | Trimethoprim/Sulfamethoxazole,False,21701,7.879821211099625,1710,0.0,92.1201765537262
Guizhou,S. aureus,Vancomycin,other,S. aureus | Vancomycin,False,23135,0.0,0,0.0,100.0
Hainan,A. baumannii,Amikacin,other,A. baumannii | Amikacin,False,2211,39.84622359275818,881,1.4473089016973972,58.70646834373474
Hainan,A. baumannii,Ampicillin/Sulbactam,other,A. baumannii | Ampicillin/Sulbactam,False,2745,44.18943524360657,1213,2.222222276031971,53.58834266662598
Hainan,A. baumannii,Aztreonam,other,A. baumannii | Aztreonam,False,29,44.82758641242981,13,34.48275923728943,20.68965584039688
Hainan,A. baumannii,Cefepime,other,A. baumannii | Cefepime,False,4730,42.95983016490936,2032,4.778012633323669,52.26215720176697
Hainan,A. baumannii,Cefoperazone/Sulbactam,other,A. baumannii | Cefoperazone/Sulbactam,False,4573,38.68357837200165,1769,5.773015692830086,55.54340481758118
Hainan,A. baumannii,Cefotaxime,other,A. baumannii | Cefotaxime,False,1072,54.197758436203,581,7.929104566574097,37.87313401699066
Hainan,A. baumannii,Ceftazidime,other,A. baumannii | Ceftazidime,False,5195,44.350337982177734,2304,2.098171226680279,53.55148911476135
Hainan,A. baumannii,Ceftriaxone,other,A. baumannii | Ceftriaxone,False,931,32.7604740858078,305,18.582169711589813,48.657357692718506
Hainan,A. baumannii,Ciprofloxacin,fluoroquinolones,A. baumannii | Ciprofloxacin,False,4771,47.683924436569214,2275,1.257598027586937,51.05847716331482
Hainan,A. baumannii,Gentamicin,other,A. baumannii | Gentamicin,False,2168,43.311807513237,939,4.381918907165527,52.306270599365234
Hainan,A. baumannii,Imipenem,other,A. baumannii | Imipenem,False,4840,44.31818127632141,2145,0.5371900741010904,55.1446259021759
Hainan,A. baumannii,Levofloxacin,fluoroquinolones,A. baumannii | Levofloxacin,True,5208,43.33717226982117,2257,2.1121351048350334,54.550689458847046
Hainan,A. baumannii,Meropenem,other,A. baumannii | Meropenem,False,4138,45.1667457818985,1869,0.6766553968191147,54.15659546852112
Hainan,A. baumannii,Minocycline,other,A. baumannii | Minocycline,False,4512,9.131205826997755,412,19.79166716337204,71.07712626457214
Hainan,A. baumannii,Piperacillin/Tazobactam,other,A. baumannii | Piperacillin/Tazobactam,False,4404,43.86920928955078,1932,2.3841962218284607,53.74659299850464
Hainan,A. baumannii,Polymyxin B,other,A. baumannii | Polymyxin B,False,1905,1.5223097056150436,29,0.0,98.47769141197205
Hainan,A. baumannii,Tigecycline,other,A. baumannii | Tigecycline,False,2798,1.9656898453831673,55,11.329521238803864,86.7047905921936
Hainan,A. baumannii,Tobramycin,other,A. baumannii | Tobramycin,False,4065,45.412054657936096,1846,1.5744157135486605,53.013527393341064
Hainan,E. coli,Amikacin,other,E. coli | Amikacin,False,13244,5.428873375058174,719,1.0419812984764576,93.52914690971376
Hainan,E. coli,Amoxicillin/Clavulanic acid,other,E. coli | Amoxicillin/Clavulanic acid,False,7411,14.289569854736328,1059,19.079746305942535,66.63068532943726
Hainan,E. coli,Ampicillin,other,E. coli | Ampicillin,False,7763,79.20907139778137,6149,1.146463956683874,19.644467532634735
Hainan,E. coli,Ampicillin/Sulbactam,other,E. coli | Ampicillin/Sulbactam,False,7775,32.41157531738281,2520,25.774919986724857,41.813504695892334
Hainan,E. coli,Aztreonam,other,E. coli | Aztreonam,False,4786,22.482240200042725,1076,3.990806639194489,73.5269546508789
Hainan,E. coli,Cefazolin,other,E. coli | Cefazolin,False,1310,53.89313101768494,706,8.854962140321732,37.25190758705139
Hainan,E. coli,Cefepime,other,E. coli | Cefepime,False,11627,22.679969668388367,2637,8.162036538124084,69.15799379348755
Hainan,E. coli,Cefoperazone/Sulbactam,other,E. coli | Cefoperazone/Sulbactam,False,11214,3.8612447679042816,433,4.191189631819725,91.94756746292114
Hainan,E. coli,Cefotaxime,other,E. coli | Cefotaxime,False,2678,45.70575058460235,1224,0.8961912244558334,53.39806079864502
Hainan,E. coli,Cefotetan,other,E. coli | Cefotetan,False,1959,1.7866257578134537,35,1.0719754733145237,97.14139699935912
Hainan,E. coli,Cefoxitin,other,E. coli | Cefoxitin,False,10699,10.057014971971512,1076,4.607907310128212,85.33507585525513
Hainan,E. coli,Ceftazidime,other,E. coli | Ceftazidime,False,13232,19.84582841396332,2626,7.957980781793594,72.19619154930115
Hainan,E. coli,Ceftazidime/Avibactam,other,E. coli | Ceftazidime/Avibactam,False,0,0.0,0,0.0,0.0
Hainan,E. coli,Ceftriaxone,other,E. coli | Ceftriaxone,False,11369,43.0029034614563,4889,0.2814671490341425,56.71563148498535
Hainan,E. coli,Cefuroxime,other,E. coli | Cefuroxime,False,10878,45.52307426929474,4952,2.684316970407963,51.79260969161987
Hainan,E. coli,Chloramphenicol,other,E. coli | Chloramphenicol,False,3903,35.43428182601929,1383,2.049705386161804,62.51601576805115
Hainan,E. coli,Ciprofloxacin,fluoroquinolones,E. coli | Ciprofloxacin,True,7808,47.70748019218445,3725,1.5753073617815971,50.71721076965332
Hainan,E. coli,Ertapenem,other,E. coli | Ertapenem,False,7364,1.167843583971262,86,0.1765344874002039,98.65562319755554
Hainan,E. coli,Gentamicin,other,E. coli | Gentamicin,False,7647,30.927160382270813,2365,5.296194553375244,63.776642084121704
Hainan,E. coli,Imipenem,other,E. coli | Imipenem,False,12401,1.0160471312701702,126,0.2822353038936853,98.70171546936037
Hainan,E. coli,Levofloxacin,fluoroquinolones,E. coli | Levofloxacin,True,13310,45.15402019023895,6010,3.425995633006096,51.41998529434204
Hainan,E. coli,Meropenem,other,E. coli | Meropenem,False,5844,0.838466826826334,49,0.136892544105649,99.02464151382446
Hainan,E. coli,Nitrofurantoin,other,E. coli | Nitrofurantoin,False,181,2.7624309062957764,5,1.104972418397665,96.13259434700012
Hainan,E. coli,Piperacillin/Tazobactam,other,E. coli | Piperacillin/Tazobactam,False,13051,6.650831550359726,868,2.796720527112484,90.5524492263794
Hainan,E. coli,Polymyxin B,other,E. coli | Polymyxin B,False,4972,0.8246178738772869,41,0.0,99.17538166046144
Hainan,E. coli,Ticarcillin/Clavulanic acid,other,E. coli | Ticarcillin/Clavulanic acid,False,5845,11.51411458849907,673,23.66124838590622,64.82463479042053
Hainan,E. coli,Tigecycline,other,E. coli | Tigecycline,False,4904,0.0407830346375703,2,0.0815660692751407,99.87764954566956
Hainan,E. coli,Tobramycin,other,E. coli | Tobramycin,False,4638,22.445020079612732,1041,12.397585064172745,65.15739560127258
Hainan,E. coli,Trimethoprim/Sulfamethoxazole,sulfonamides,E. coli | Trimethoprim/Sulfamethoxazole,True,13329,51.52674913406372,6868,0.0,48.47325384616852
Hainan,K. pneumoniae,Amikacin,other,K. pneumoniae | Amikacin,False,11917,3.3145926892757416,395,0.2936980687081814,96.3917076587677
Hainan,K. pneumoniae,Amoxicillin/Clavulanic acid,other,K. pneumoniae | Amoxicillin/Clavulanic acid,False,6722,18.937815725803375,1273,11.321035772562029,69.74114775657654
Hainan,K. pneumoniae,Ampicillin,other,K. pneumoniae | Ampicillin,False,2469,98.25840592384338,2426,1.093560177832842,0.6480356212705374
Hainan,K. pneumoniae,Ampicillin/Sulbactam,other,K. pneumoniae | Ampicillin/Sulbactam,False,7259,27.221381664276123,1976,6.598705053329468,66.17991328239441
Hainan,K. pneumoniae,Aztreonam,other,K. pneumoniae | Aztreonam,False,4275,23.274853825569153,995,2.573099359869957,74.15204644203186
Hainan,K. pneumoniae,Cefazolin,other,K. pneumoniae | Cefazolin,False,3813,24.33779239654541,928,4.5371100306510925,71.12509608268738
Hainan,K. pneumoniae,Cefepime,other,K. pneumoniae | Cefepime,False,10493,22.024206817150116,2311,2.287239022552967,75.68855285644531
Hainan,K. pneumoniae,Cefoperazone/Sulbactam,other,K. pneumoniae | Cefoperazone/Sulbactam,False,10308,10.108653455972672,1042,4.278230667114258,85.61311364173889
Hainan,K. pneumoniae,Cefotaxime,other,K. pneumoniae | Cefotaxime,False,2497,32.75931179523468,818,0.8810572326183319,66.35963320732117
Hainan,K. pneumoniae,Cefotetan,other,K. pneumoniae | Cefotetan,False,1496,5.74866309762001,86,0.4010695032775402,93.85026693344116
Hainan,K. pneumoniae,Cefoxitin,other,K. pneumoniae | Cefoxitin,False,9990,13.173173367977142,1316,2.832832746207714,83.99399518966675
Hainan,K. pneumoniae,Ceftazidime,other,K. pneumoniae | Ceftazidime,False,12139,20.578300952911377,2498,2.833841368556022,76.58785581588745
Hainan,K. pneumoniae,Ceftazidime/Avibactam,other,K. pneumoniae | Ceftazidime/Avibactam,False,0,0.0,0,0.0,0.0
Hainan,K. pneumoniae,Ceftriaxone,other,K. pneumoniae | Ceftriaxone,False,8467,27.246958017349243,2307,0.248021725565195,72.50502109527588
Hainan,K. pneumoniae,Cefuroxime,other,K. pneumoniae | Cefuroxime,False,10287,30.222609639167786,3109,2.0122485235333443,67.76514053344727
Hainan,K. pneumoniae,Chloramphenicol,other,K. pneumoniae | Chloramphenicol,False,5401,23.79188984632492,1285,3.0179595574736595,73.19015264511108
Hainan,K. pneumoniae,Ciprofloxacin,fluoroquinolones,K. pneumoniae | Ciprofloxacin,True,7363,16.96319431066513,1249,3.0694009736180305,79.96740341186523
Hainan,K. pneumoniae,Ertapenem,other,K. pneumoniae | Ertapenem,False,6218,4.824702441692352,300,0.4985525738447904,94.67674493789671
Hainan,K. pneumoniae,Gentamicin,other,K. pneumoniae | Gentamicin,False,7031,11.676859855651855,821,0.7680273149162531,87.55511045455933
Hainan,K. pneumoniae,Imipenem,other,K. pneumoniae | Imipenem,False,11078,4.594692215323448,509,0.6770174950361252,94.72829103469849
Hainan,K. pneumoniae,Levofloxacin,fluoroquinolones,K. pneumoniae | Levofloxacin,True,12065,14.670534431934357,1770,2.784915082156658,82.54455327987671
Hainan,K. pneumoniae,Meropenem,other,K. pneumoniae | Meropenem,False,5774,2.6324905455112457,152,0.2251472091302275,97.14236259460448
Hainan,K. pneumoniae,Nitrofurantoin,other,K. pneumoniae | Nitrofurantoin,False,229,20.087336003780365,46,24.45414811372757,55.458515882492065
Hainan,K. pneumoniae,Piperacillin/Tazobactam,other,K. pneumoniae | Piperacillin/Tazobactam,False,11684,13.017801940441132,1521,6.6672369837760925,80.31495809555054
Hainan,K. pneumoniae,Polymyxin B,other,K. pneumoniae | Polymyxin B,False,4985,2.2266799584031105,111,0.0,97.77331948280334
Hainan,K. pneumoniae,Ticarcillin/Clavulanic acid,other,K. pneumoniae | Ticarcillin/Clavulanic acid,False,5774,18.583305180072784,1073,8.139937371015549,73.27675819396973
Hainan,K. pneumoniae,Tigecycline,other,K. pneumoniae | Tigecycline,False,4074,0.8100147359073162,33,0.4663721192628145,98.72361421585084
Hainan,K. pneumoniae,Tobramycin,other,K. pneumoniae | Tobramycin,False,4041,12.595891952514648,509,6.236080080270767,81.1680257320404
Hainan,K. pneumoniae,Trimethoprim/Sulfamethoxazole,sulfonamides,K. pneumoniae | Trimethoprim/Sulfamethoxazole,False,12121,24.362675845623016,2953,0.0,75.63732266426086
Hainan,P. aeruginosa,Amikacin,other,P. aeruginosa | Amikacin,False,4404,2.0663034170866013,91,1.4759309589862823,96.45776748657228
Hainan,P. aeruginosa,Aztreonam,other,P. aeruginosa | Aztreonam,False,4626,12.148724496364594,562,11.738002300262451,76.11327171325684
Hainan,P. aeruginosa,Cefepime,other,P. aeruginosa | Cefepime,False,7760,4.420103132724762,343,7.925257831811905,87.65463829040527
Hainan,P. aeruginosa,Cefoperazone/Sulbactam,other,P. aeruginosa | Cefoperazone/Sulbactam,False,6958,9.672319889068604,673,9.701063483953476,80.6266188621521
Hainan,P. aeruginosa,Ceftazidime,other,P. aeruginosa | Ceftazidime,False,8437,10.157638788223268,857,4.0180157870054245,85.8243465423584
Hainan,P. aeruginosa,Ceftazidime/Avibactam,other,P. aeruginosa | Ceftazidime/Avibactam,False,0,0.0,0,0.0,0.0
Hainan,P. aeruginosa,Ciprofloxacin,fluoroquinolones,P. aeruginosa | Ciprofloxacin,True,8693,8.063959330320358,701,4.279305040836334,87.65673637390137
Hainan,P. aeruginosa,Gentamicin,other,P. aeruginosa | Gentamicin,False,4777,4.940339177846909,236,2.595771476626396,92.46388673782349
Hainan,P. aeruginosa,Imipenem,other,P. aeruginosa | Imipenem,False,8147,11.844851076602936,965,2.577636018395424,85.57751178741455
Hainan,P. aeruginosa,Levofloxacin,fluoroquinolones,P. aeruginosa | Levofloxacin,False,8679,9.620924293994904,835,6.268003582954407,84.11107063293457
Hainan,P. aeruginosa,Meropenem,other,P. aeruginosa | Meropenem,False,8308,10.35146862268448,860,2.864708751440048,86.7838203907013
Hainan,P. aeruginosa,Piperacillin,other,P. aeruginosa | Piperacillin,False,4509,13.861165940761566,625,5.588822439312935,80.55000901222229
Hainan,P. aeruginosa,Piperacillin/Tazobactam,other,P. aeruginosa | Piperacillin/Tazobactam,False,7909,10.861044377088549,859,3.628777340054512,85.51017642021179
Hainan,P. aeruginosa,Polymyxin B,other,P. aeruginosa | Polymyxin B,False,3288,1.0340632870793345,34,0.0,98.96593689918518
Hainan,P. aeruginosa,Tobramycin,other,P. aeruginosa | Tobramycin,False,8387,7.857398688793182,659,0.6319303531199694,91.510671377182
Hainan,S. aureus,Cefoxitin,other,S. aureus | Cefoxitin,False,2569,18.372908234596252,472,0.0,81.62709474563599
Hainan,S. aureus,Chloramphenicol,other,S. aureus | Chloramphenicol,False,2341,6.108500808477402,143,2.520290389657021,91.37120842933656
Hainan,S. aureus,Ciprofloxacin,fluoroquinolones,S. aureus | Ciprofloxacin,False,3314,9.625829756259918,319,2.0217260345816612,88.35244178771973
Hainan,S. aureus,Clindamycin,other,S. aureus | Clindamycin,False,6954,19.60023045539856,1363,0.4026459529995918,79.99712228775024
Hainan,S. aureus,Erythromycin,macrolides,S. aureus | Erythromycin,True,6754,39.14717137813568,2644,3.9384067058563232,56.91441893577576
Hainan,S. aureus,Gentamicin,other,S. aureus | Gentamicin,False,7162,4.286511987447739,307,1.2566322460770607,94.45685744285583
Hainan,S. aureus,Levofloxacin,fluoroquinolones,S. aureus | Levofloxacin,False,7141,9.634505212306976,688,0.6441674660891294,89.72132802009583
Hainan,S. aureus,Linezolid,other,S. aureus | Linezolid,False,7160,0.0,0,0.0,100.0
Hainan,S. aureus,Nitrofurantoin,other,S. aureus | Nitrofurantoin,False,73,2.7397260069847107,2,4.109589010477066,93.1506872177124
Hainan,S. aureus,Oxacillin,other,S. aureus | Oxacillin,False,7047,21.59784287214279,1522,0.0,78.40215563774109
Hainan,S. aureus,Penicillin G,other,S. aureus | Penicillin G,False,7046,89.0718162059784,6276,0.0,10.928186029195786
Hainan,S. aureus,Rifampicin,other,S. aureus | Rifampicin,False,6776,2.9368359595537186,199,6.744392216205597,90.31876921653748
Hainan,S. aureus,Teicoplanin,other,S. aureus | Teicoplanin,False,4598,0.0,0,0.0,100.0
Hainan,S. aureus,Tetracycline,other,S. aureus | Tetracycline,False,4495,35.90656220912933,1614,1.7352614551782608,62.35817670822144
Hainan,S. aureus,Trimethoprim/Sulfamethoxazole,sulfonamides,S. aureus | Trimethoprim/Sulfamethoxazole,False,7079,5.918915197253227,419,0.0,94.08108592033386
Hainan,S. aureus,Vancomycin,other,S. aureus | Vancomycin,False,7157,0.0,0,0.0,100.0
Hebei,A. baumannii,Amikacin,other,A. baumannii | Amikacin,False,10835,38.606369495391846,4183,1.0613751597702503,60.33225655555725
Hebei,A. baumannii,Ampicillin/Sulbactam,other,A. baumannii | Ampicillin/Sulbactam,False,9967,46.63389325141907,4648,4.555031657218933,48.811075091362
Hebei,A. baumannii,Aztreonam,other,A. baumannii | Aztreonam,False,2132,58.020639419555664,1237,32.87992477416992,9.099437296390532
Hebei,A. baumannii,Cefepime,other,A. baumannii | Cefepime,False,18293,48.18236529827118,8814,7.106543332338333,44.71109211444855
Hebei,A. baumannii,Cefoperazone/Sulbactam,other,A. baumannii | Cefoperazone/Sulbactam,False,13339,38.54861557483673,5142,12.489692121744156,48.961690068244934
Hebei,A. baumannii,Cefotaxime,other,A. baumannii | Cefotaxime,False,3035,52.32290029525757,1588,8.962108939886093,38.71499300003052
Hebei,A. baumannii,Ceftazidime,other,A. baumannii | Ceftazidime,False,18387,52.41203308105469,9637,3.067384473979473,44.52058374881744
Hebei,A. baumannii,Ceftriaxone,other,A. baumannii | Ceftriaxone,False,6779,49.62383806705475,3364,25.918278098106384,24.457885324954987
Hebei,A. baumannii,Ciprofloxacin,fluoroquinolones,A. baumannii | Ciprofloxacin,False,16288,55.47642707824707,9036,0.8411100134253502,43.68246495723725
Hebei,A. baumannii,Gentamicin,other,A. baumannii | Gentamicin,False,10729,47.8702574968338,5136,3.2715070992708206,48.85823428630829
Hebei,A. baumannii,Imipenem,other,A. baumannii | Imipenem,False,18219,52.38487124443054,9544,0.6312091834843159,46.98391854763031
Hebei,A. baumannii,Levofloxacin,fluoroquinolones,A. baumannii | Levofloxacin,True,18397,44.99646723270416,8278,8.235038071870804,46.76849544048309
Hebei,A. baumannii,Meropenem,other,A. baumannii | Meropenem,False,15365,55.46371340751648,8522,1.0022778995335102,43.53400468826294
Hebei,A. baumannii,Minocycline,other,A. baumannii | Minocycline,False,12424,9.006761014461517,1119,18.97134631872177,72.02189564704895
Hebei,A. baumannii,Piperacillin/Tazobactam,other,A. baumannii | Piperacillin/Tazobactam,False,15056,57.41232633590698,8644,2.1187566220760345,40.46891629695892
Hebei,A. baumannii,Polymyxin B,other,A. baumannii | Polymyxin B,False,5663,0.9888751432299614,56,0.0,99.0111231803894
Hebei,A. baumannii,Tigecycline,other,A. baumannii | Tigecycline,False,9600,2.239583246409893,215,11.541666835546494,86.21875047683716
Hebei,A. baumannii,Tobramycin,other,A. baumannii | Tobramycin,False,13108,48.252975940704346,6325,1.6554776579141617,50.09154677391052
Hebei,E. coli,Amikacin,other,E. coli | Amikacin,False,40277,4.982992634177208,2007,2.4083223193883896,92.60868430137634
Hebei,E. coli,Amoxicillin/Clavulanic acid,other,E. coli | Amoxicillin/Clavulanic acid,False,13038,19.128701090812683,2494,18.83724480867386,62.03405261039734
Hebei,E. coli,Ampicillin,other,E. coli | Ampicillin,False,32805,84.2066764831543,27624,1.4449017122387886,14.34842199087143
Hebei,E. coli,Ampicillin/Sulbactam,other,E. coli | Ampicillin/Sulbactam,False,36388,36.51203811168671,13286,24.714191257953644,38.77377212047577
Hebei,E. coli,Aztreonam,other,E. coli | Aztreonam,False,33232,31.809702515602112,10571,3.385291248559952,64.805006980896
Hebei,E. coli,Cefazolin,other,E. coli | Cefazolin,False,8859,64.56710696220398,5720,8.296647667884827,27.13624536991119
Hebei,E. coli,Cefepime,other,E. coli | Cefepime,False,47800,25.629708170890808,12251,9.604602307081224,64.76569175720215
Hebei,E. coli,Cefoperazone/Sulbactam,other,E. coli | Cefoperazone/Sulbactam,False,26056,6.301811337471008,1642,5.879643931984901,87.81854510307312
Hebei,E. coli,Cefotaxime,other,E. coli | Cefotaxime,False,8056,52.37090587615967,4219,1.228897739201784,46.400198340415955
Hebei,E. coli,Cefotetan,other,E. coli | Cefotetan,False,15581,2.6763366535305977,417,0.9691290557384492,96.35453224182127
Hebei,E. coli,Cefoxitin,other,E. coli | Cefoxitin,False,21669,12.123309820890428,2627,5.556324869394302,82.32036828994751
Hebei,E. coli,Ceftazidime,other,E. coli | Ceftazidime,False,48343,24.013817310333252,11609,6.141530349850655,69.844651222229
Hebei,E. coli,Ceftazidime/Avibactam,other,E. coli | Ceftazidime/Avibactam,False,2738,3.3601168543100357,92,0.0,96.639883518219
Hebei,E. coli,Ceftriaxone,other,E. coli | Ceftriaxone,False,33288,52.90795564651489,17612,0.4235760774463415,46.66846990585327
Hebei,E. coli,Cefuroxime,other,E. coli | Cefuroxime,False,39425,54.75966930389404,21589,3.2111603766679764,42.02916920185089
Hebei,E. coli,Chloramphenicol,other,E. coli | Chloramphenicol,False,9862,24.13303554058075,2380,5.019265785813332,70.84769606590271
Hebei,E. coli,Ciprofloxacin,fluoroquinolones,E. coli | Ciprofloxacin,True,33250,58.09022784233093,19315,2.0210526883602142,39.88872170448303
Hebei,E. coli,Ertapenem,other,E. coli | Ertapenem,False,13684,1.8123356625437737,248,0.5115463398396969,97.67611622810364
Hebei,E. coli,Gentamicin,other,E. coli | Gentamicin,False,37934,37.76032030582428,14324,1.5421521849930286,60.6975257396698
Hebei,E. coli,Imipenem,other,E. coli | Imipenem,False,47353,1.8520474433898928,877,0.5004962906241417,97.64745831489564
Hebei,E. coli,Levofloxacin,fluoroquinolones,E. coli | Levofloxacin,True,46763,54.77834939956665,25616,3.8598891347646713,41.36176109313965
Hebei,E. coli,Meropenem,other,E. coli | Meropenem,False,39164,1.664794236421585,652,0.2017158549278974,98.1334924697876
Hebei,E. coli,Nitrofurantoin,other,E. coli | Nitrofurantoin,False,9619,3.5554632544517517,342,6.726270914077759,89.71826434135437
Hebei,E. coli,Piperacillin/Tazobactam,other,E. coli | Piperacillin/Tazobactam,False,46764,7.411684095859528,3466,2.9039431363344193,89.68437314033508
Hebei,E. coli,Polymyxin B,other,E. coli | Polymyxin B,False,8430,0.5931198131293058,50,0.0,99.40688014030457
Hebei,E. coli,Ticarcillin/Clavulanic acid,other,E. coli | Ticarcillin/Clavulanic acid,False,8649,13.608509302139282,1177,23.204994201660156,63.18649649620056
Hebei,E. coli,Tigecycline,other,E. coli | Tigecycline,False,10193,0.1471598166972398,15,0.2158344024792313,99.63700771331789
Hebei,E. coli,Tobramycin,other,E. coli | Tobramycin,False,25191,35.3777140378952,8912,4.712000489234924,59.91028547286987
Hebei,E. coli,Trimethoprim/Sulfamethoxazole,sulfonamides,E. coli | Trimethoprim/Sulfamethoxazole,True,44733,54.49891686439514,24379,0.0044709722715197,45.496612787246704
Hebei,K. pneumoniae,Amikacin,other,K. pneumoniae | Amikacin,False,41607,6.239334866404533,2596,1.4396616257727146,92.32100248336792
Hebei,K. pneumoniae,Amoxicillin/Clavulanic acid,other,K. pneumoniae | Amoxicillin/Clavulanic acid,False,14218,19.707413017749783,2802,7.567871361970901,72.72471785545349
Hebei,K. pneumoniae,Ampicillin,other,K. pneumoniae | Ampicillin,False,6162,89.43524956703186,5511,9.282700717449188,1.2820512987673285
Hebei,K. pneumoniae,Ampicillin/Sulbactam,other,K. pneumoniae | Ampicillin/Sulbactam,False,33824,28.323084115982056,9580,7.264073193073273,64.41284418106079
Hebei,K. pneumoniae,Aztreonam,other,K. pneumoniae | Aztreonam,False,30706,22.552596032619476,6925,1.2049762532114985,76.24242901802063
Hebei,K. pneumoniae,Cefazolin,other,K. pneumoniae | Cefazolin,False,17677,31.00639283657074,5481,7.0543646812438965,61.9392454624176
Hebei,K. pneumoniae,Cefepime,other,K. pneumoniae | Cefepime,False,46892,18.36134046316147,8610,3.313998132944107,78.3246636390686
Hebei,K. pneumoniae,Cefoperazone/Sulbactam,other,K. pneumoniae | Cefoperazone/Sulbactam,False,31519,13.204734027385712,4162,3.569275513291359,83.22598934173584
Hebei,K. pneumoniae,Cefotaxime,other,K. pneumoniae | Cefotaxime,False,10692,26.982790231704712,2885,1.2906846590340135,71.7265248298645
Hebei,K. pneumoniae,Cefotetan,other,K. pneumoniae | Cefotetan,False,13728,8.493589609861374,1166,0.597319332882762,90.90909361839294
Hebei,K. pneumoniae,Cefoxitin,other,K. pneumoniae | Cefoxitin,False,23410,14.839811623096466,3474,2.3237932473421097,82.83639550209045
Hebei,K. pneumoniae,Ceftazidime,other,K. pneumoniae | Ceftazidime,False,47398,19.707582890987396,9341,2.7153044939041138,77.57711410522461
Hebei,K. pneumoniae,Ceftazidime/Avibactam,other,K. pneumoniae | Ceftazidime/Avibactam,False,4139,4.5421600341796875,188,0.0,95.45783996582033
Hebei,K. pneumoniae,Ceftriaxone,other,K. pneumoniae | Ceftriaxone,False,30199,27.560514211654663,8323,0.3079572226852178,72.13152647018433
Hebei,K. pneumoniae,Cefuroxime,other,K. pneumoniae | Cefuroxime,False,37665,29.823443293571472,11233,2.397451177239418,67.77910590171814
Hebei,K. pneumoniae,Chloramphenicol,other,K. pneumoniae | Chloramphenicol,False,15407,18.84208470582962,2903,3.7125982344150543,77.44531631469727
Hebei,K. pneumoniae,Ciprofloxacin,fluoroquinolones,K. pneumoniae | Ciprofloxacin,True,30980,18.49903166294098,5731,2.6856036856770515,78.81536483764648
Hebei,K. pneumoniae,Ertapenem,other,K. pneumoniae | Ertapenem,False,14918,7.688698172569275,1147,0.4893417470157146,91.82196259498596
Hebei,K. pneumoniae,Gentamicin,other,K. pneumoniae | Gentamicin,False,35662,16.384387016296387,5843,1.5506701543927193,82.06494450569153
Hebei,K. pneumoniae,Imipenem,other,K. pneumoniae | Imipenem,False,46568,8.694811910390854,4049,1.1488575488328934,90.1563286781311
Hebei,K. pneumoniae,Levofloxacin,fluoroquinolones,K. pneumoniae | Levofloxacin,True,46055,15.993919968605042,7366,2.460101991891861,81.54597878456116
Hebei,K. pneumoniae,Meropenem,other,K. pneumoniae | Meropenem,False,37294,8.43031033873558,3144,0.2949536079540849,91.27473831176758
Hebei,K. pneumoniae,Nitrofurantoin,other,K. pneumoniae | Nitrofurantoin,False,7519,20.986832678318024,1578,43.82231533527374,35.190850496292114
Hebei,K. pneumoniae,Piperacillin/Tazobactam,other,K. pneumoniae | Piperacillin/Tazobactam,False,45568,14.512376487255096,6613,4.500965774059296,80.98665475845337
Hebei,K. pneumoniae,Polymyxin B,other,K. pneumoniae | Polymyxin B,False,11089,1.2084047310054302,134,0.0,98.79159331321716
Hebei,K. pneumoniae,Ticarcillin/Clavulanic acid,other,K. pneumoniae | Ticarcillin/Clavulanic acid,False,8721,21.408095955848697,1867,9.138860553503036,69.45304274559021
Hebei,K. pneumoniae,Tigecycline,other,K. pneumoniae | Tigecycline,False,20453,0.7627243176102638,156,1.1929790489375591,98.04429411888124
Hebei,K. pneumoniae,Tobramycin,other,K. pneumoniae | Tobramycin,False,25127,17.92096197605133,4503,3.1480081379413605,78.93102765083313
Hebei,K. pneumoniae,Trimethoprim/Sulfamethoxazole,sulfonamides,K. pneumoniae | Trimethoprim/Sulfamethoxazole,False,43806,23.439711332321167,10268,0.0159795468789525,76.54430866241455
Hebei,P. aeruginosa,Amikacin,other,P. aeruginosa | Amikacin,False,19539,3.0144838616251945,589,1.361379772424698,95.62413692474364
Hebei,P. aeruginosa,Aztreonam,other,P. aeruginosa | Aztreonam,False,15161,18.7256783246994,2839,12.030868977308272,69.2434549331665
Hebei,P. aeruginosa,Cefepime,other,P. aeruginosa | Cefepime,False,23416,9.126238524913788,2137,8.045780658721924,82.82797932624817
Hebei,P. aeruginosa,Cefoperazone/Sulbactam,other,P. aeruginosa | Cefoperazone/Sulbactam,False,16576,13.507480919361116,2239,9.923986345529556,76.56853199005127
Hebei,P. aeruginosa,Ceftazidime,other,P. aeruginosa | Ceftazidime,False,23620,13.37425857782364,3159,5.207451432943344,81.41828775405884
Hebei,P. aeruginosa,Ceftazidime/Avibactam,other,P. aeruginosa | Ceftazidime/Avibactam,False,1715,4.256559908390045,73,0.0,95.74344158172607
Hebei,P. aeruginosa,Ciprofloxacin,fluoroquinolones,P. aeruginosa | Ciprofloxacin,True,23119,11.293741315603256,2611,5.013192445039749,83.69306921958923
Hebei,P. aeruginosa,Gentamicin,other,P. aeruginosa | Gentamicin,False,11782,7.910371571779251,932,2.3765064775943756,89.71312046051025
Hebei,P. aeruginosa,Imipenem,other,P. aeruginosa | Imipenem,False,23054,14.721956849098206,3394,3.925566002726555,81.35247826576233
Hebei,P. aeruginosa,Levofloxacin,fluoroquinolones,P. aeruginosa | Levofloxacin,False,23430,11.779769510030746,2760,7.093469798564911,81.1267614364624
Hebei,P. aeruginosa,Meropenem,other,P. aeruginosa | Meropenem,False,23254,12.892405688762665,2998,4.136922582983971,82.97067284584045
Hebei,P. aeruginosa,Piperacillin,other,P. aeruginosa | Piperacillin,False,13173,19.137629866600037,2521,6.376679241657257,74.48568940162659
Hebei,P. aeruginosa,Piperacillin/Tazobactam,other,P. aeruginosa | Piperacillin/Tazobactam,False,21091,14.755108952522278,3112,4.385757073760033,80.8591365814209
Hebei,P. aeruginosa,Polymyxin B,other,P. aeruginosa | Polymyxin B,False,7004,1.65619645267725,116,0.0,98.34380149841309
Hebei,P. aeruginosa,Tobramycin,other,P. aeruginosa | Tobramycin,False,18666,10.671810060739515,1992,2.244723029434681,87.08346486091614
Hebei,S. aureus,Cefoxitin,other,S. aureus | Cefoxitin,False,7362,31.43167495727539,2314,0.0,68.56832504272461
Hebei,S. aureus,Chloramphenicol,other,S. aureus | Chloramphenicol,False,6775,5.180811882019043,351,1.7416974529623983,93.07749271392822
Hebei,S. aureus,Ciprofloxacin,fluoroquinolones,S. aureus | Ciprofloxacin,False,12413,11.842422932386398,1470,5.88093139231205,82.27664828300476
Hebei,S. aureus,Clindamycin,other,S. aureus | Clindamycin,False,18335,36.82028949260712,6751,0.4908644594252109,62.68884539604187
Hebei,S. aureus,Erythromycin,macrolides,S. aureus | Erythromycin,True,20894,68.21097135543823,14252,0.9045658633112909,30.8844655752182
Hebei,S. aureus,Gentamicin,other,S. aureus | Gentamicin,False,20810,10.77847182750702,2243,3.3781833946704865,85.84334254264832
Hebei,S. aureus,Levofloxacin,fluoroquinolones,S. aureus | Levofloxacin,False,19381,11.71766147017479,2271,1.1609308421611786,87.12140917778015
Hebei,S. aureus,Linezolid,other,S. aureus | Linezolid,False,20878,0.0,0,0.0,100.0
Hebei,S. aureus,Nitrofurantoin,other,S. aureus | Nitrofurantoin,False,3626,0.1103143906220793,4,0.4688361659646034,99.42085146903992
Hebei,S. aureus,Oxacillin,other,S. aureus | Oxacillin,False,20517,29.47799265384674,6048,0.0,70.52200436592102
Hebei,S. aureus,Penicillin G,other,S. aureus | Penicillin G,False,18663,92.47709512710573,17259,0.0,7.5229063630104065
Hebei,S. aureus,Rifampicin,other,S. aureus | Rifampicin,False,20163,1.5523483976721764,313,0.4066855181008577,98.04096817970276
Hebei,S. aureus,Teicoplanin,other,S. aureus | Teicoplanin,False,9994,0.0,0,0.0,100.0
Hebei,S. aureus,Tetracycline,other,S. aureus | Tetracycline,False,14664,12.765957415103912,1872,1.3434261083602903,85.89061498641968
Hebei,S. aureus,Trimethoprim/Sulfamethoxazole,sulfonamides,S. aureus | Trimethoprim/Sulfamethoxazole,False,19972,15.366512537002563,3069,0.0250350480200722,84.60845351219177
Hebei,S. aureus,Vancomycin,other,S. aureus | Vancomycin,False,20497,0.0,0,0.0,100.0
Heilongjiang,A. baumannii,Amikacin,other,A. baumannii | Amikacin,False,7236,33.60973000526428,2432,1.4372581616044044,64.95301127433777
Heilongjiang,A. baumannii,Ampicillin/Sulbactam,other,A. baumannii | Ampicillin/Sulbactam,False,6836,41.48624837398529,2836,3.8472790271043777,54.66647148132324
Heilongjiang,A. baumannii,Aztreonam,other,A. baumannii | Aztreonam,False,300,58.666664361953735,176,27.3333340883255,14.000000059604645
Heilongjiang,A. baumannii,Cefepime,other,A. baumannii | Cefepime,False,7379,42.14663207530975,3110,7.6568640768527985,50.19650459289551
Heilongjiang,A. baumannii,Cefoperazone/Sulbactam,other,A. baumannii | Cefoperazone/Sulbactam,False,6390,31.455397605895996,2010,14.49139267206192,54.053205251693726
Heilongjiang,A. baumannii,Cefotaxime,other,A. baumannii | Cefotaxime,False,1008,35.71428656578064,360,23.0158731341362,41.26984179019928
Heilongjiang,A. baumannii,Ceftazidime,other,A. baumannii | Ceftazidime,False,8216,44.62025463581085,3666,2.5194741785526276,52.86027193069458
Heilongjiang,A. baumannii,Ceftriaxone,other,A. baumannii | Ceftriaxone,False,2406,26.93266868591309,648,20.61512917280197,52.45220065116882
Heilongjiang,A. baumannii,Ciprofloxacin,fluoroquinolones,A. baumannii | Ciprofloxacin,False,7699,46.20080590248108,3557,0.9741525165736676,52.82503962516785
Heilongjiang,A. baumannii,Gentamicin,other,A. baumannii | Gentamicin,False,5738,34.05367732048035,1954,4.51376773416996,61.43255233764648
Heilongjiang,A. baumannii,Imipenem,other,A. baumannii | Imipenem,False,6854,47.869858145713806,3281,0.4668806679546833,51.6632616519928
Heilongjiang,A. baumannii,Levofloxacin,fluoroquinolones,A. baumannii | Levofloxacin,True,8185,36.70128285884857,3004,8.454489707946777,54.84422445297241
Heilongjiang,A. baumannii,Meropenem,other,A. baumannii | Meropenem,False,7108,46.679797768592834,3318,0.7034327369183302,52.61676907539368
Heilongjiang,A. baumannii,Minocycline,other,A. baumannii | Minocycline,False,5916,9.702501446008682,574,15.855307877063751,74.4421899318695
Heilongjiang,A. baumannii,Piperacillin/Tazobactam,other,A. baumannii | Piperacillin/Tazobactam,False,7789,45.42303383350372,3538,2.5805624201893806,51.99640393257141
Heilongjiang,A. baumannii,Polymyxin B,other,A. baumannii | Polymyxin B,False,2937,3.575076535344124,105,0.0,96.42492532730104
Heilongjiang,A. baumannii,Tigecycline,other,A. baumannii | Tigecycline,False,4060,1.8719211220741272,76,9.55665037035942,88.57142925262451
Heilongjiang,A. baumannii,Tobramycin,other,A. baumannii | Tobramycin,False,3980,44.195979833602905,1759,1.4572864398360252,54.346734285354614
Heilongjiang,E. coli,Amikacin,other,E. coli | Amikacin,False,21091,5.495234951376915,1159,5.940922722220421,88.5638415813446
Heilongjiang,E. coli,Amoxicillin/Clavulanic acid,other,E. coli | Amoxicillin/Clavulanic acid,False,14568,10.75645238161087,1567,16.131246089935303,73.11230301856995
Heilongjiang,E. coli,Ampicillin,other,E. coli | Ampicillin,False,22275,83.14253687858582,18520,1.9842872396111488,14.87317681312561
Heilongjiang,E. coli,Ampicillin/Sulbactam,other,E. coli | Ampicillin/Sulbactam,False,22183,26.12360715866089,5795,20.55177390575409,53.32461595535278
Heilongjiang,E. coli,Aztreonam,other,E. coli | Aztreonam,False,16477,33.228135108947754,5475,7.088669389486313,59.683191776275635
Heilongjiang,E. coli,Cefazolin,other,E. coli | Cefazolin,False,8487,63.41463327407837,5382,13.691528141498566,22.893837094306942
Heilongjiang,E. coli,Cefepime,other,E. coli | Cefepime,False,23780,31.766191124916077,7554,9.97476875782013,58.259040117263794
Heilongjiang,E. coli,Cefoperazone/Sulbactam,other,E. coli | Cefoperazone/Sulbactam,False,20999,4.4287823140621185,930,6.157436221837997,89.41377997398376
Heilongjiang,E. coli,Cefotaxime,other,E. coli | Cefotaxime,False,4891,51.42097473144531,2515,1.349417306482792,47.22960591316223
Heilongjiang,E. coli,Cefotetan,other,E. coli | Cefotetan,False,2053,2.045786567032337,42,0.730638112872839,97.22357392311096
Heilongjiang,E. coli,Cefoxitin,other,E. coli | Cefoxitin,False,20572,13.076025247573853,2690,6.426210701465607,80.49776554107666
Heilongjiang,E. coli,Ceftazidime,other,E. coli | Ceftazidime,False,26042,25.570231676101685,6659,9.58835706114769,64.84140753746033
Heilongjiang,E. coli,Ceftazidime/Avibactam,other,E. coli | Ceftazidime/Avibactam,False,1,0.0,0,0.0,100.0
Heilongjiang,E. coli,Ceftriaxone,other,E. coli | Ceftriaxone,False,21287,52.22436189651489,11117,0.516747310757637,47.25888967514038
Heilongjiang,E. coli,Cefuroxime,other,E. coli | Cefuroxime,False,22509,53.62299680709839,12070,3.074325807392597,43.30267906188965
Heilongjiang,E. coli,Chloramphenicol,other,E. coli | Chloramphenicol,False,4910,28.96130383014679,1422,4.297352209687233,66.74134135246277
Heilongjiang,E. coli,Ciprofloxacin,fluoroquinolones,E. coli | Ciprofloxacin,True,16377,62.31300234794617,10205,3.3400502055883408,34.3469500541687
Heilongjiang,E. coli,Ertapenem,other,E. coli | Ertapenem,False,14400,1.1736110784113407,169,0.3194444347172975,98.5069453716278
Heilongjiang,E. coli,Gentamicin,other,E. coli | Gentamicin,False,20469,36.27925217151642,7426,5.129708349704742,58.59103798866272
Heilongjiang,E. coli,Imipenem,other,E. coli | Imipenem,False,23680,0.992398615926504,235,0.2998310839757323,98.70777130126952
Heilongjiang,E. coli,Levofloxacin,fluoroquinolones,E. coli | Levofloxacin,True,25404,58.667927980422974,14904,4.621319472789764,36.71075403690338
Heilongjiang,E. coli,Meropenem,other,E. coli | Meropenem,False,19439,0.853953417390585,166,0.1594732282683253,98.98657202720642
Heilongjiang,E. coli,Nitrofurantoin,other,E. coli | Nitrofurantoin,False,2550,4.274509847164154,109,4.156862571835518,91.56862497329712
Heilongjiang,E. coli,Piperacillin/Tazobactam,other,E. coli | Piperacillin/Tazobactam,False,24563,7.5112976133823395,1845,6.155600026249886,86.33310198783875
Heilongjiang,E. coli,Polymyxin B,other,E. coli | Polymyxin B,False,3490,1.1461318470537665,40,0.0,98.85386824607848
Heilongjiang,E. coli,Ticarcillin/Clavulanic acid,other,E. coli | Ticarcillin/Clavulanic acid,False,7036,10.460489243268968,736,25.15634000301361,64.3831729888916
Heilongjiang,E. coli,Tigecycline,other,E. coli | Tigecycline,False,8844,0.0791497062891721,7,0.2939846133813262,99.6268630027771
Heilongjiang,E. coli,Tobramycin,other,E. coli | Tobramycin,False,2417,34.62970554828644,837,6.868018209934235,58.50227475166321
Heilongjiang,E. coli,Trimethoprim/Sulfamethoxazole,sulfonamides,E. coli | Trimethoprim/Sulfamethoxazole,True,26044,58.8465690612793,15326,0.2188603859394788,40.934571623802185
Heilongjiang,K. pneumoniae,Amikacin,other,K. pneumoniae | Amikacin,False,25980,5.854503437876701,1521,4.526558890938759,89.61893916130066
Heilongjiang,K. pneumoniae,Amoxicillin/Clavulanic acid,other,K. pneumoniae | Amoxicillin/Clavulanic acid,False,14710,14.27600234746933,2100,8.946295082569122,76.77770256996155
Heilongjiang,K. pneumoniae,Ampicillin,other,K. pneumoniae | Ampicillin,False,9287,95.92979550361632,8909,3.1657155603170395,0.9044901467859744
Heilongjiang,K. pneumoniae,Ampicillin/Sulbactam,other,K. pneumoniae | Ampicillin/Sulbactam,False,28105,19.847002625465393,5578,7.703255861997604,72.44974374771118
Heilongjiang,K. pneumoniae,Aztreonam,other,K. pneumoniae | Aztreonam,False,17976,19.665108621120453,3535,1.9859813153743744,78.34891080856323
Heilongjiang,K. pneumoniae,Cefazolin,other,K. pneumoniae | Cefazolin,False,23902,27.14417278766632,6488,9.66864675283432,63.18718194961548
Heilongjiang,K. pneumoniae,Cefepime,other,K. pneumoniae | Cefepime,False,27557,16.630983352661133,4583,2.8740428388118744,80.49497604370117
Heilongjiang,K. pneumoniae,Cefoperazone/Sulbactam,other,K. pneumoniae | Cefoperazone/Sulbactam,False,23654,8.328401297330856,1970,3.530058264732361,88.14154267311096
Heilongjiang,K. pneumoniae,Cefotaxime,other,K. pneumoniae | Cefotaxime,False,6104,21.821756660938263,1332,1.2450851500034332,76.93315744400024
Heilongjiang,K. pneumoniae,Cefotetan,other,K. pneumoniae | Cefotetan,False,2312,8.910034596920013,206,0.4757785238325596,90.61418771743774
Heilongjiang,K. pneumoniae,Cefoxitin,other,K. pneumoniae | Cefoxitin,False,26237,12.36421838402748,3244,2.5460228323936462,85.08976101875305
Heilongjiang,K. pneumoniae,Ceftazidime,other,K. pneumoniae | Ceftazidime,False,31894,15.35084992647171,4896,2.4487365037202835,82.20041394233704
Heilongjiang,K. pneumoniae,Ceftazidime/Avibactam,other,K. pneumoniae | Ceftazidime/Avibactam,False,11,27.272728085517883,3,0.0,72.72727489471436
Heilongjiang,K. pneumoniae,Ceftriaxone,other,K. pneumoniae | Ceftriaxone,False,25994,23.243825137615204,6042,0.5770562216639519,76.17911696434021
Heilongjiang,K. pneumoniae,Cefuroxime,other,K. pneumoniae | Cefuroxime,False,28647,24.592453241348267,7045,2.719307504594326,72.68823981285095
Heilongjiang,K. pneumoniae,Chloramphenicol,other,K. pneumoniae | Chloramphenicol,False,13308,17.831379175186157,2373,3.0733393505215645,79.09528017044067
Heilongjiang,K. pneumoniae,Ciprofloxacin,fluoroquinolones,K. pneumoniae | Ciprofloxacin,True,22496,15.993954241275787,3598,3.2227952033281326,80.78324794769287
Heilongjiang,K. pneumoniae,Ertapenem,other,K. pneumoniae | Ertapenem,False,14780,7.138024270534515,1055,0.493910675868392,92.36806631088255
Heilongjiang,K. pneumoniae,Gentamicin,other,K. pneumoniae | Gentamicin,False,26200,13.42366337776184,3517,3.736641258001327,82.83969759941101
Heilongjiang,K. pneumoniae,Imipenem,other,K. pneumoniae | Imipenem,False,26998,5.652270466089249,1526,0.4926290828734636,93.85510087013245
Heilongjiang,K. pneumoniae,Levofloxacin,fluoroquinolones,K. pneumoniae | Levofloxacin,True,31110,14.660881459712982,4561,2.4943748489022255,82.84474611282349
Heilongjiang,K. pneumoniae,Meropenem,other,K. pneumoniae | Meropenem,False,24680,5.170178413391113,1276,0.2025931840762496,94.6272313594818
Heilongjiang,K. pneumoniae,Nitrofurantoin,other,K. pneumoniae | Nitrofurantoin,False,2640,15.984848141670229,422,21.477273106575012,62.53787875175476
Heilongjiang,K. pneumoniae,Piperacillin/Tazobactam,other,K. pneumoniae | Piperacillin/Tazobactam,False,30215,10.974681377410889,3316,8.072149753570557,80.95316886901855
Heilongjiang,K. pneumoniae,Polymyxin B,other,K. pneumoniae | Polymyxin B,False,4840,2.1280990913510323,103,0.0,97.87189960479736
Heilongjiang,K. pneumoniae,Ticarcillin/Clavulanic acid,other,K. pneumoniae | Ticarcillin/Clavulanic acid,False,11622,9.628291428089142,1119,7.416968047618866,82.95474052429199
Heilongjiang,K. pneumoniae,Tigecycline,other,K. pneumoniae | Tigecycline,False,12150,0.938271638005972,114,5.300411581993103,93.76131892204285
Heilongjiang,K. pneumoniae,Tobramycin,other,K. pneumoniae | Tobramycin,False,3213,17.024587094783783,547,14.939309656620026,68.03610324859619
Heilongjiang,K. pneumoniae,Trimethoprim/Sulfamethoxazole,sulfonamides,K. pneumoniae | Trimethoprim/Sulfamethoxazole,False,31876,21.364036202430725,6810,0.5113564897328615,78.12460660934448
Heilongjiang,P. aeruginosa,Amikacin,other,P. aeruginosa | Amikacin,False,7092,2.580372244119644,183,1.7907502129673958,95.6288754940033
Heilongjiang,P. aeruginosa,Aztreonam,other,P. aeruginosa | Aztreonam,False,8403,12.995359301567078,1092,12.721647322177889,74.28299188613892
Heilongjiang,P. aeruginosa,Cefepime,other,P. aeruginosa | Cefepime,False,9364,5.211447924375534,488,6.759931892156601,88.02862167358398
Heilongjiang,P. aeruginosa,Cefoperazone/Sulbactam,other,P. aeruginosa | Cefoperazone/Sulbactam,False,7116,6.815626472234726,485,7.743114233016968,85.44126152992249
Heilongjiang,P. aeruginosa,Ceftazidime,other,P. aeruginosa | Ceftazidime,False,10413,7.70191103219986,802,3.85095551609993,88.44713568687439
Heilongjiang,P. aeruginosa,Ceftazidime/Avibactam,other,P. aeruginosa | Ceftazidime/Avibactam,False,1,0.0,0,0.0,100.0
Heilongjiang,P. aeruginosa,Ciprofloxacin,fluoroquinolones,P. aeruginosa | Ciprofloxacin,True,9834,8.73500108718872,859,4.128533601760864,87.13646531105042
Heilongjiang,P. aeruginosa,Gentamicin,other,P. aeruginosa | Gentamicin,False,5548,6.200432404875755,344,3.4246575087308884,90.37491083145142
Heilongjiang,P. aeruginosa,Imipenem,other,P. aeruginosa | Imipenem,False,9116,10.89293584227562,993,3.433523327112198,85.67354083061218
Heilongjiang,P. aeruginosa,Levofloxacin,fluoroquinolones,P. aeruginosa | Levofloxacin,False,10391,9.046290069818497,940,6.813588738441467,84.1401219367981
Heilongjiang,P. aeruginosa,Meropenem,other,P. aeruginosa | Meropenem,False,9228,8.365843445062637,772,2.665799669921398,88.96835446357727
Heilongjiang,P. aeruginosa,Piperacillin,other,P. aeruginosa | Piperacillin,False,7135,12.34758198261261,881,5.844428762793541,81.80798888206482
Heilongjiang,P. aeruginosa,Piperacillin/Tazobactam,other,P. aeruginosa | Piperacillin/Tazobactam,False,10010,8.511488139629364,852,4.595404490828514,86.89310550689697
Heilongjiang,P. aeruginosa,Polymyxin B,other,P. aeruginosa | Polymyxin B,False,3977,2.7156148105859756,108,0.0,97.28438258171082
Heilongjiang,P. aeruginosa,Tobramycin,other,P. aeruginosa | Tobramycin,False,7390,8.051420748233795,595,3.7889041006565094,88.15967440605164
Heilongjiang,S. aureus,Cefoxitin,other,S. aureus | Cefoxitin,False,4371,21.34522944688797,933,0.0,78.65477204322815
Heilongjiang,S. aureus,Chloramphenicol,other,S. aureus | Chloramphenicol,False,3480,6.293103098869324,219,1.408046018332243,92.29885339736938
Heilongjiang,S. aureus,Ciprofloxacin,fluoroquinolones,S. aureus | Ciprofloxacin,False,2754,25.562816858291622,704,7.153231650590897,67.28395223617554
Heilongjiang,S. aureus,Clindamycin,other,S. aureus | Clindamycin,False,9946,43.424493074417114,4319,1.1461894027888777,55.4293155670166
Heilongjiang,S. aureus,Erythromycin,macrolides,S. aureus | Erythromycin,True,10275,72.86617755889893,7487,1.7323600128293035,25.40146112442017
Heilongjiang,S. aureus,Gentamicin,other,S. aureus | Gentamicin,False,10672,14.289730787277222,1525,3.9167914539575577,81.79348111152649
Heilongjiang,S. aureus,Levofloxacin,fluoroquinolones,S. aureus | Levofloxacin,False,9821,24.152326583862305,2372,2.3317381739616394,73.51593375205994
Heilongjiang,S. aureus,Linezolid,other,S. aureus | Linezolid,False,10626,0.0,0,0.0,100.0
Heilongjiang,S. aureus,Nitrofurantoin,other,S. aureus | Nitrofurantoin,False,756,1.455026492476463,11,0.5291005130857229,98.01587462425232
Heilongjiang,S. aureus,Oxacillin,other,S. aureus | Oxacillin,False,10087,19.004659354686737,1917,0.0,80.99533915519714
Heilongjiang,S. aureus,Penicillin G,other,S. aureus | Penicillin G,False,10233,85.59561967849731,8759,0.0,14.404377341270449
Heilongjiang,S. aureus,Rifampicin,other,S. aureus | Rifampicin,False,10403,2.1532250568270683,224,0.682495441287756,97.1642792224884
Heilongjiang,S. aureus,Teicoplanin,other,S. aureus | Teicoplanin,False,7965,0.0,0,0.0,100.0
Heilongjiang,S. aureus,Tetracycline,other,S. aureus | Tetracycline,False,6305,14.036479592323303,885,1.744647137820721,84.21887159347534
Heilongjiang,S. aureus,Trimethoprim/Sulfamethoxazole,sulfonamides,S. aureus | Trimethoprim/Sulfamethoxazole,False,10579,19.954627752304077,2111,0.1417903346009552,79.90358471870422
Heilongjiang,S. aureus,Vancomycin,other,S. aureus | Vancomycin,False,10474,0.0,0,0.0,100.0
Henan,A. baumannii,Amikacin,other,A. baumannii | Amikacin,False,18704,56.04683756828308,10483,0.9088965132832528,43.04426908493042
Henan,A. baumannii,Ampicillin/Sulbactam,other,A. baumannii | Ampicillin/Sulbactam,False,16203,66.36425256729126,10753,4.9867309629917145,28.649014234542847
Henan,A. baumannii,Aztreonam,other,A. baumannii | Aztreonam,False,5271,85.94194650650024,4530,12.217795848846436,1.8402580171823504
Henan,A. baumannii,Cefepime,other,A. baumannii | Cefepime,False,19109,67.26149916648865,12853,4.280705377459526,28.457793593406677
Henan,A. baumannii,Cefoperazone/Sulbactam,other,A. baumannii | Cefoperazone/Sulbactam,False,18105,51.56586766242981,9336,12.913559377193453,35.52057445049286
Henan,A. baumannii,Cefotaxime,other,A. baumannii | Cefotaxime,False,5989,77.22491025924683,4625,5.526798963546753,17.248287796974182
Henan,A. baumannii,Ceftazidime,other,A. baumannii | Ceftazidime,False,19575,69.89527344703674,13682,1.2260536663234234,28.878670930862427
Henan,A. baumannii,Ceftriaxone,other,A. baumannii | Ceftriaxone,False,6454,65.49426913261414,4227,10.024790465831757,24.480941891670227
Henan,A. baumannii,Ciprofloxacin,fluoroquinolones,A. baumannii | Ciprofloxacin,False,19223,70.83702087402344,13617,0.4889975767582655,28.673985600471497
Henan,A. baumannii,Gentamicin,other,A. baumannii | Gentamicin,False,12152,66.32652878761292,8060,2.0408162847161293,31.63265287876129
Henan,A. baumannii,Imipenem,other,A. baumannii | Imipenem,False,19157,70.38158178329468,13483,0.3340815426781773,29.284334182739254
Henan,A. baumannii,Levofloxacin,fluoroquinolones,A. baumannii | Levofloxacin,True,19392,64.56786394119263,12521,5.543523281812668,29.888615012168884
Henan,A. baumannii,Meropenem,other,A. baumannii | Meropenem,False,19365,70.34856677055359,13623,0.351148983463645,29.300284385681152
Henan,A. baumannii,Minocycline,other,A. baumannii | Minocycline,False,14944,13.142397999763489,1964,22.530782222747803,64.32682275772095
Henan,A. baumannii,Piperacillin/Tazobactam,other,A. baumannii | Piperacillin/Tazobactam,False,19407,70.58793306350708,13699,1.4376255683600905,27.9744416475296
Henan,A. baumannii,Polymyxin B,other,A. baumannii | Polymyxin B,False,8956,0.97141582518816,87,0.0,99.02858138084412
Henan,A. baumannii,Tigecycline,other,A. baumannii | Tigecycline,False,13493,5.684429034590721,767,16.341806948184967,77.9737651348114
Henan,A. baumannii,Tobramycin,other,A. baumannii | Tobramycin,False,13633,61.35846972465515,8365,1.1516174301505089,37.489914894104
Henan,E. coli,Amikacin,other,E. coli | Amikacin,False,45091,7.041316479444504,3175,2.3951563984155655,90.56352972984314
Henan,E. coli,Amoxicillin/Clavulanic acid,other,E. coli | Amoxicillin/Clavulanic acid,False,35777,16.34010672569275,5846,19.57961767911911,64.08027410507202
Henan,E. coli,Ampicillin,other,E. coli | Ampicillin,False,49412,86.31303906440735,42649,1.1272565461695194,12.55970150232315
Henan,E. coli,Ampicillin/Sulbactam,other,E. coli | Ampicillin/Sulbactam,False,52916,33.57963562011719,17769,26.532617211341854,39.887747168540955
Henan,E. coli,Aztreonam,other,E. coli | Aztreonam,False,49732,32.12820589542389,15978,5.03699816763401,62.83479332923889
Henan,E. coli,Cefazolin,other,E. coli | Cefazolin,False,19517,68.06886196136475,13285,8.582261949777603,23.34887534379959
Henan,E. coli,Cefepime,other,E. coli | Cefepime,False,62091,33.42352211475372,20753,9.478024393320084,57.09845423698425
Henan,E. coli,Cefoperazone/Sulbactam,other,E. coli | Cefoperazone/Sulbactam,False,59020,6.228397041559219,3676,5.718400701880455,88.05320262908936
Henan,E. coli,Cefotaxime,other,E. coli | Cefotaxime,False,27925,53.52193117141723,14946,1.2390331365168097,45.23903429508209
Henan,E. coli,Cefotetan,other,E. coli | Cefotetan,False,11550,2.9523810371756554,341,0.9870129637420176,96.0606038570404
Henan,E. coli,Cefoxitin,other,E. coli | Cefoxitin,False,32754,11.653538793325424,3817,4.240703582763672,84.10575985908508
Henan,E. coli,Ceftazidime,other,E. coli | Ceftazidime,False,64352,24.592864513397217,15826,9.631402045488358,65.77573418617249
Henan,E. coli,Ceftazidime/Avibactam,other,E. coli | Ceftazidime/Avibactam,False,5163,2.1305441856384277,110,0.0,97.86945581436156
Henan,E. coli,Ceftriaxone,other,E. coli | Ceftriaxone,False,37842,52.62935161590576,19916,0.5390835460275412,46.831563115119934
Henan,E. coli,Cefuroxime,other,E. coli | Cefuroxime,False,55565,55.581748485565186,30884,2.7211373671889305,41.69711172580719
Henan,E. coli,Chloramphenicol,other,E. coli | Chloramphenicol,False,20442,24.283337593078613,4964,4.143430292606354,71.57323360443115
Henan,E. coli,Ciprofloxacin,fluoroquinolones,E. coli | Ciprofloxacin,True,59046,57.57206082344055,33994,2.203366905450821,40.22457003593445
Henan,E. coli,Ertapenem,other,E. coli | Ertapenem,False,17476,2.1000228822231293,367,0.4634927958250046,97.43648171424866
Henan,E. coli,Gentamicin,other,E. coli | Gentamicin,False,45183,37.321558594703674,16863,4.8270367085933685,57.8514039516449
Henan,E. coli,Imipenem,other,E. coli | Imipenem,False,62439,1.6944536939263344,1058,0.267461035400629,98.03808331489564
Henan,E. coli,Levofloxacin,fluoroquinolones,E. coli | Levofloxacin,True,63247,55.06348013877869,34826,3.487912565469742,41.44860506057739
Henan,E. coli,Meropenem,other,E. coli | Meropenem,False,59962,1.7310963943600657,1038,0.0917247612960636,98.17717671394348
Henan,E. coli,Nitrofurantoin,other,E. coli | Nitrofurantoin,False,7627,3.5400550812482834,270,3.6187227815389633,92.84121990203856
Henan,E. coli,Piperacillin/Tazobactam,other,E. coli | Piperacillin/Tazobactam,False,63545,9.695491194725037,6161,3.3598236739635468,86.9446873664856
Henan,E. coli,Polymyxin B,other,E. coli | Polymyxin B,False,24169,0.7654433138668537,185,0.0,99.23455715179443
Henan,E. coli,Ticarcillin/Clavulanic acid,other,E. coli | Ticarcillin/Clavulanic acid,False,37130,13.70859146118164,5090,20.22084593772888,66.07056260108948
Henan,E. coli,Tigecycline,other,E. coli | Tigecycline,False,33549,0.169900746550411,57,0.2891293261200189,99.54097270965576
Henan,E. coli,Tobramycin,other,E. coli | Tobramycin,False,34182,37.227195501327515,12725,4.756889492273331,58.015912771224976
Henan,E. coli,Trimethoprim/Sulfamethoxazole,sulfonamides,E. coli | Trimethoprim/Sulfamethoxazole,True,61597,56.845301389694214,35015,0.0,43.154698610305786
Henan,K. pneumoniae,Amikacin,other,K. pneumoniae | Amikacin,False,36995,14.904716610908508,5514,0.535207474604249,84.56007838249207
Henan,K. pneumoniae,Amoxicillin/Clavulanic acid,other,K. pneumoniae | Amoxicillin/Clavulanic acid,False,29609,26.299434900283813,7787,7.609172910451889,66.091388463974
Henan,K. pneumoniae,Ampicillin,other,K. pneumoniae | Ampicillin,False,28782,95.5701470375061,27507,3.630741313099861,0.7991105318069458
Henan,K. pneumoniae,Ampicillin/Sulbactam,other,K. pneumoniae | Ampicillin/Sulbactam,False,44545,35.79077422618866,15943,7.100684940814972,57.10853934288025
Henan,K. pneumoniae,Aztreonam,other,K. pneumoniae | Aztreonam,False,40737,31.543806195259094,12850,1.220021117478609,67.23617315292358
Henan,K. pneumoniae,Cefazolin,other,K. pneumoniae | Cefazolin,False,35517,38.97288739681244,13842,6.349072605371475,54.678040742874146
Henan,K. pneumoniae,Cefepime,other,K. pneumoniae | Cefepime,False,50418,29.50136959552765,14874,2.6458803564310074,67.85275340080261
Henan,K. pneumoniae,Cefoperazone/Sulbactam,other,K. pneumoniae | Cefoperazone/Sulbactam,False,47410,21.98270410299301,10422,3.193419054150582,74.8238742351532
Henan,K. pneumoniae,Cefotaxime,other,K. pneumoniae | Cefotaxime,False,22669,34.84053015708923,7898,0.6925757508724928,64.46689367294312
Henan,K. pneumoniae,Cefotetan,other,K. pneumoniae | Cefotetan,False,8780,11.605922877788544,1019,0.8656036108732224,87.5284731388092
Henan,K. pneumoniae,Cefoxitin,other,K. pneumoniae | Cefoxitin,False,27944,22.444890439510345,6272,2.4692241102457047,75.08588433265686
Henan,K. pneumoniae,Ceftazidime,other,K. pneumoniae | Ceftazidime,False,52371,28.832751512527462,15100,2.6980580762028694,68.46919059753418
Henan,K. pneumoniae,Ceftazidime/Avibactam,other,K. pneumoniae | Ceftazidime/Avibactam,False,5965,3.7720032036304474,225,0.0,96.2279975414276
Henan,K. pneumoniae,Ceftriaxone,other,K. pneumoniae | Ceftriaxone,False,32935,34.78366434574127,11456,0.6163655780255795,64.59996700286865
Henan,K. pneumoniae,Cefuroxime,other,K. pneumoniae | Cefuroxime,False,47250,38.75132203102112,18310,1.904761977493763,59.343916177749634
Henan,K. pneumoniae,Chloramphenicol,other,K. pneumoniae | Chloramphenicol,False,27633,23.294611275196075,6437,5.64180500805378,71.06358408927917
Henan,K. pneumoniae,Ciprofloxacin,fluoroquinolones,K. pneumoniae | Ciprofloxacin,True,49044,28.078868985176086,13771,2.426392585039139,69.49474215507507
Henan,K. pneumoniae,Ertapenem,other,K. pneumoniae | Ertapenem,False,12693,15.197353065013884,1929,1.055699959397316,83.74694585800171
Henan,K. pneumoniae,Gentamicin,other,K. pneumoniae | Gentamicin,False,38192,22.20098376274109,8479,2.6995182037353516,75.09949803352356
Henan,K. pneumoniae,Imipenem,other,K. pneumoniae | Imipenem,False,51008,17.15417206287384,8750,0.5861825775355101,82.25964307785034
Henan,K. pneumoniae,Levofloxacin,fluoroquinolones,K. pneumoniae | Levofloxacin,True,51813,25.858375430107117,13398,2.2060099989175797,71.9356119632721
Henan,K. pneumoniae,Meropenem,other,K. pneumoniae | Meropenem,False,49566,17.479723691940308,8664,0.2037687227129936,82.31650590896606
Henan,K. pneumoniae,Nitrofurantoin,other,K. pneumoniae | Nitrofurantoin,False,4118,25.934919714927673,1068,39.630889892578125,34.4341903924942
Henan,K. pneumoniae,Piperacillin/Tazobactam,other,K. pneumoniae | Piperacillin/Tazobactam,False,52066,24.651403725147247,12835,4.853455349802971,70.49514055252075
Henan,K. pneumoniae,Polymyxin B,other,K. pneumoniae | Polymyxin B,False,20206,3.4494705498218536,697,0.0,96.5505301952362
Henan,K. pneumoniae,Ticarcillin/Clavulanic acid,other,K. pneumoniae | Ticarcillin/Clavulanic acid,False,32532,25.58711469173431,8324,6.839419901371002,67.57346391677856
Henan,K. pneumoniae,Tigecycline,other,K. pneumoniae | Tigecycline,False,29069,4.372355341911316,1271,4.8608481884002686,90.76679348945618
Henan,K. pneumoniae,Tobramycin,other,K. pneumoniae | Tobramycin,False,29617,24.53995943069458,7268,2.285849303007126,73.17419052124023
Henan,K. pneumoniae,Trimethoprim/Sulfamethoxazole,sulfonamides,K. pneumoniae | Trimethoprim/Sulfamethoxazole,False,50401,31.082716584205627,15666,0.0019840876120724,68.91530156135559
Henan,P. aeruginosa,Amikacin,other,P. aeruginosa | Amikacin,False,24189,3.1749967485666275,768,1.306378934532404,95.51862478256226
Henan,P. aeruginosa,Aztreonam,other,P. aeruginosa | Aztreonam,False,25661,18.456022441387177,4736,12.17411607503891,69.36985850334167
Henan,P. aeruginosa,Cefepime,other,P. aeruginosa | Cefepime,False,26613,8.462029695510864,2252,8.112576603889465,83.42539072036743
Henan,P. aeruginosa,Cefoperazone/Sulbactam,other,P. aeruginosa | Cefoperazone/Sulbactam,False,21966,12.082309275865557,2654,9.091322869062424,78.82636785507202
Henan,P. aeruginosa,Ceftazidime,other,P. aeruginosa | Ceftazidime,False,27279,12.643425166606905,3449,5.231130123138428,82.12544322013855
Henan,P. aeruginosa,Ceftazidime/Avibactam,other,P. aeruginosa | Ceftazidime/Avibactam,False,2825,6.548672914505005,185,0.0,93.451327085495
Henan,P. aeruginosa,Ciprofloxacin,fluoroquinolones,P. aeruginosa | Ciprofloxacin,True,27162,11.910021305084229,3235,4.86709363758564,83.22288393974304
Henan,P. aeruginosa,Gentamicin,other,P. aeruginosa | Gentamicin,False,18510,7.066450268030167,1308,2.063749358057976,90.869802236557
Henan,P. aeruginosa,Imipenem,other,P. aeruginosa | Imipenem,False,26818,17.301812767982483,4640,3.4342605620622635,79.26392555236816
Henan,P. aeruginosa,Levofloxacin,fluoroquinolones,P. aeruginosa | Levofloxacin,False,26956,13.707523047924042,3695,7.831280678510666,78.46119403839111
Henan,P. aeruginosa,Meropenem,other,P. aeruginosa | Meropenem,False,27223,14.157146215438845,3854,3.651324287056923,82.19152688980103
Henan,P. aeruginosa,Piperacillin,other,P. aeruginosa | Piperacillin,False,18435,18.340113759040833,3381,6.84567391872406,74.81421232223511
Henan,P. aeruginosa,Piperacillin/Tazobactam,other,P. aeruginosa | Piperacillin/Tazobactam,False,27119,15.981414914131165,4334,5.450053513050079,78.56853008270264
Henan,P. aeruginosa,Polymyxin B,other,P. aeruginosa | Polymyxin B,False,11879,1.0017678141593933,119,0.0,98.99823069572447
Henan,P. aeruginosa,Tobramycin,other,P. aeruginosa | Tobramycin,False,18649,9.90401655435562,1847,2.000107243657112,88.09587359428406
Henan,S. aureus,Cefoxitin,other,S. aureus | Cefoxitin,False,12917,36.89711093902588,4766,0.0,63.10288906097412
Henan,S. aureus,Chloramphenicol,other,S. aureus | Chloramphenicol,False,9067,5.922576412558556,537,2.9006287455558777,91.17679595947266
Henan,S. aureus,Ciprofloxacin,fluoroquinolones,S. aureus | Ciprofloxacin,False,15271,11.918014287948608,1820,3.6081463098526,84.47383642196655
Henan,S. aureus,Clindamycin,other,S. aureus | Clindamycin,False,24265,44.071707129478455,10694,0.6099320016801357,55.31836152076721
Henan,S. aureus,Erythromycin,macrolides,S. aureus | Erythromycin,True,24827,69.60970163345337,17282,2.146856300532818,28.243443369865417
Henan,S. aureus,Gentamicin,other,S. aureus | Gentamicin,False,25049,10.05229726433754,2518,2.063954621553421,87.88374662399292
Henan,S. aureus,Levofloxacin,fluoroquinolones,S. aureus | Levofloxacin,False,22618,13.52020502090454,3058,0.6720311474055052,85.80776453018188
Henan,S. aureus,Linezolid,other,S. aureus | Linezolid,False,24925,0.0,0,0.0,100.0
Henan,S. aureus,Nitrofurantoin,other,S. aureus | Nitrofurantoin,False,4242,5.846298858523369,248,0.3536067903041839,93.80009174346924
Henan,S. aureus,Oxacillin,other,S. aureus | Oxacillin,False,25000,35.13599932193756,8784,0.0,64.8639976978302
Henan,S. aureus,Penicillin G,other,S. aureus | Penicillin G,False,24277,94.67809200286864,22985,0.0,5.321909487247467
Henan,S. aureus,Rifampicin,other,S. aureus | Rifampicin,False,25000,1.5519999898970127,388,0.535999983549118,97.91200160980225
Henan,S. aureus,Teicoplanin,other,S. aureus | Teicoplanin,False,16896,0.0,0,0.0,100.0
Henan,S. aureus,Tetracycline,other,S. aureus | Tetracycline,False,19317,17.0419842004776,3292,2.619454450905323,80.33856153488159
Henan,S. aureus,Trimethoprim/Sulfamethoxazole,sulfonamides,S. aureus | Trimethoprim/Sulfamethoxazole,False,24270,11.660486459732056,2830,0.0,88.33951354026794
Henan,S. aureus,Vancomycin,other,S. aureus | Vancomycin,False,25073,0.0,0,0.0,100.0
Hubei,A. baumannii,Amikacin,other,A. baumannii | Amikacin,False,7177,45.032742619514465,3232,1.1146718636155128,53.85258197784424
Hubei,A. baumannii,Ampicillin/Sulbactam,other,A. baumannii | Ampicillin/Sulbactam,False,6767,53.03679704666138,3589,5.866705998778343,41.09649658203125
Hubei,A. baumannii,Aztreonam,other,A. baumannii | Aztreonam,False,110,97.27272987365724,107,1.81818176060915,0.909090880304575
Hubei,A. baumannii,Cefepime,other,A. baumannii | Cefepime,False,10282,55.43668270111084,5700,5.164364725351334,39.39895033836365
Hubei,A. baumannii,Cefoperazone/Sulbactam,other,A. baumannii | Cefoperazone/Sulbactam,False,9244,42.03808009624481,3886,13.857637345790865,44.10428404808045
Hubei,A. baumannii,Cefotaxime,other,A. baumannii | Cefotaxime,False,1244,51.045018434524536,635,26.36655867099762,22.588424384593964
Hubei,A. baumannii,Ceftazidime,other,A. baumannii | Ceftazidime,False,10313,58.82866382598877,6067,1.551439892500639,39.619895815849304
Hubei,A. baumannii,Ceftriaxone,other,A. baumannii | Ceftriaxone,False,3364,60.52318811416626,2036,10.998810827732086,28.478002548217773
Hubei,A. baumannii,Ciprofloxacin,fluoroquinolones,A. baumannii | Ciprofloxacin,False,9638,60.93587875366211,5873,0.9856816381216048,38.078439235687256
Hubei,A. baumannii,Gentamicin,other,A. baumannii | Gentamicin,False,6182,55.758655071258545,3447,2.167583256959915,42.0737624168396
Hubei,A. baumannii,Imipenem,other,A. baumannii | Imipenem,False,10298,59.44843888282776,6122,0.2233443316072225,40.328219532966614
Hubei,A. baumannii,Levofloxacin,fluoroquinolones,A. baumannii | Levofloxacin,True,10163,52.8092086315155,5367,6.868050992488861,40.32273888587952
Hubei,A. baumannii,Meropenem,other,A. baumannii | Meropenem,False,9915,59.98991131782532,5948,0.4841149784624576,39.52597081661224
Hubei,A. baumannii,Minocycline,other,A. baumannii | Minocycline,False,9029,11.52951568365097,1041,19.193708896636963,69.27677392959595
Hubei,A. baumannii,Piperacillin/Tazobactam,other,A. baumannii | Piperacillin/Tazobactam,False,10060,59.89065766334534,6025,2.137176878750324,37.97216713428497
Hubei,A. baumannii,Polymyxin B,other,A. baumannii | Polymyxin B,False,4342,1.1976048350334167,52,0.0,98.80239367485046
Hubei,A. baumannii,Tigecycline,other,A. baumannii | Tigecycline,False,4948,3.516572341322899,174,17.36055016517639,79.12287712097168
Hubei,A. baumannii,Tobramycin,other,A. baumannii | Tobramycin,False,6353,51.18841528892517,3252,2.974972501397133,45.836612582206726
Hubei,E. coli,Amikacin,other,E. coli | Amikacin,False,42544,3.657390177249909,1556,8.121003955602646,88.22160363197327
Hubei,E. coli,Amoxicillin/Clavulanic acid,other,E. coli | Amoxicillin/Clavulanic acid,False,42927,10.813707113265991,4642,17.832599580287933,71.35369181632996
Hubei,E. coli,Ampicillin,other,E. coli | Ampicillin,False,46915,84.92593169212341,39843,1.3918789103627205,13.6821910738945
Hubei,E. coli,Ampicillin/Sulbactam,other,E. coli | Ampicillin/Sulbactam,False,46930,28.617089986801147,13430,25.55934488773346,45.82356810569763
Hubei,E. coli,Aztreonam,other,E. coli | Aztreonam,False,45077,28.72861921787262,12950,6.502207368612289,64.76917266845703
Hubei,E. coli,Cefazolin,other,E. coli | Cefazolin,False,18035,60.53229570388794,10917,12.919323146343231,26.54837667942047
Hubei,E. coli,Cefepime,other,E. coli | Cefepime,False,58419,28.04566919803619,16384,10.253513604402542,61.700814962387085
Hubei,E. coli,Cefoperazone/Sulbactam,other,E. coli | Cefoperazone/Sulbactam,False,47294,4.176005348563194,1975,5.161331221461296,90.66266417503356
Hubei,E. coli,Cefotaxime,other,E. coli | Cefotaxime,False,19546,47.994473576545715,9381,1.2688018381595612,50.73672533035278
Hubei,E. coli,Cefotetan,other,E. coli | Cefotetan,False,6583,1.9595928490161896,129,0.8202946744859219,97.22011089324953
Hubei,E. coli,Cefoxitin,other,E. coli | Cefoxitin,False,44208,8.570846915245056,3789,4.125950112938881,87.30320334434509
Hubei,E. coli,Ceftazidime,other,E. coli | Ceftazidime,False,58894,20.4265296459198,12030,8.934696018695831,70.63877582550049
Hubei,E. coli,Ceftazidime/Avibactam,other,E. coli | Ceftazidime/Avibactam,False,826,8.353511244058609,69,0.0,91.6464865207672
Hubei,E. coli,Ceftriaxone,other,E. coli | Ceftriaxone,False,36451,47.09610044956207,17167,0.3977943211793899,52.50610113143921
Hubei,E. coli,Cefuroxime,other,E. coli | Cefuroxime,False,48449,49.15684461593628,23816,2.528432011604309,48.31472337245941
Hubei,E. coli,Chloramphenicol,other,E. coli | Chloramphenicol,False,16610,20.451535284519196,3397,3.8229983299970622,75.72546601295471
Hubei,E. coli,Ciprofloxacin,fluoroquinolones,E. coli | Ciprofloxacin,True,37268,51.03842616081238,19021,2.4793388321995735,46.4822381734848
Hubei,E. coli,Ertapenem,other,E. coli | Ertapenem,False,28787,0.8684475906193256,250,0.1875846763141453,98.94396662712096
Hubei,E. coli,Gentamicin,other,E. coli | Gentamicin,False,49963,29.946160316467285,14962,4.763524979352951,65.2903139591217
Hubei,E. coli,Imipenem,other,E. coli | Imipenem,False,58850,0.977060291916132,575,0.2310960087925195,98.79184365272522
Hubei,E. coli,Levofloxacin,fluoroquinolones,E. coli | Levofloxacin,True,57885,48.50306510925293,28076,3.087155520915985,48.409777879714966
Hubei,E. coli,Meropenem,other,E. coli | Meropenem,False,41765,0.9194301441311836,384,0.0790135294664651,99.00155663490295
Hubei,E. coli,Nitrofurantoin,other,E. coli | Nitrofurantoin,False,5251,2.266235090792179,119,2.761378698050976,94.97238397598268
Hubei,E. coli,Piperacillin/Tazobactam,other,E. coli | Piperacillin/Tazobactam,False,58206,5.966738983988762,3473,6.236470490694046,87.7967894077301
Hubei,E. coli,Polymyxin B,other,E. coli | Polymyxin B,False,9521,0.50414870493114,48,0.0,99.4958519935608
Hubei,E. coli,Ticarcillin/Clavulanic acid,other,E. coli | Ticarcillin/Clavulanic acid,False,8399,11.346589028835297,953,26.729372143745422,61.9240403175354
Hubei,E. coli,Tigecycline,other,E. coli | Tigecycline,False,22117,0.1175566343590617,26,0.3707555355504155,99.5116889476776
Hubei,E. coli,Tobramycin,other,E. coli | Tobramycin,False,17949,28.235557675361633,5068,11.521533131599426,60.24290919303894
Hubei,E. coli,Trimethoprim/Sulfamethoxazole,sulfonamides,E. coli | Trimethoprim/Sulfamethoxazole,True,56540,46.01167440414429,26015,0.3944110590964556,53.59391570091248
Hubei,K. pneumoniae,Amikacin,other,K. pneumoniae | Amikacin,False,25161,8.986129611730576,2261,5.425062775611877,85.58880686759949
Hubei,K. pneumoniae,Amoxicillin/Clavulanic acid,other,K. pneumoniae | Amoxicillin/Clavulanic acid,False,22291,17.12798923254013,3818,7.599479705095291,75.27253031730652
Hubei,K. pneumoniae,Ampicillin,other,K. pneumoniae | Ampicillin,False,12383,97.2704529762268,12045,2.0431237295269966,0.6864249240607023
Hubei,K. pneumoniae,Ampicillin/Sulbactam,other,K. pneumoniae | Ampicillin/Sulbactam,False,24360,25.911331176757812,6312,7.1962229907512665,66.89244508743286
Hubei,K. pneumoniae,Aztreonam,other,K. pneumoniae | Aztreonam,False,22925,23.712104558944706,5436,1.391493994742632,74.8964011669159
Hubei,K. pneumoniae,Cefazolin,other,K. pneumoniae | Cefazolin,False,20334,28.749877214431763,5846,10.67669913172722,60.57342290878296
Hubei,K. pneumoniae,Cefepime,other,K. pneumoniae | Cefepime,False,33528,20.201025903224945,6773,2.955738455057144,76.84323787689209
Hubei,K. pneumoniae,Cefoperazone/Sulbactam,other,K. pneumoniae | Cefoperazone/Sulbactam,False,27490,12.186249345541,3350,3.39759923517704,84.41615104675293
Hubei,K. pneumoniae,Cefotaxime,other,K. pneumoniae | Cefotaxime,False,9896,26.525869965553284,2625,1.8290217965841291,71.6451108455658
Hubei,K. pneumoniae,Cefotetan,other,K. pneumoniae | Cefotetan,False,2003,13.080379366874697,262,0.8487269282341003,86.07089519500732
Hubei,K. pneumoniae,Cefoxitin,other,K. pneumoniae | Cefoxitin,False,26353,16.544605791568756,4360,2.2122718393802643,81.24312162399292
Hubei,K. pneumoniae,Ceftazidime,other,K. pneumoniae | Ceftazidime,False,33760,19.887441396713257,6714,2.754739299416542,77.35782265663147
Hubei,K. pneumoniae,Ceftazidime/Avibactam,other,K. pneumoniae | Ceftazidime/Avibactam,False,1358,8.836524188518524,120,0.0,91.16347432136536
Hubei,K. pneumoniae,Ceftriaxone,other,K. pneumoniae | Ceftriaxone,False,19674,26.48165225982666,5210,0.4828707780689001,73.03547859191895
Hubei,K. pneumoniae,Cefuroxime,other,K. pneumoniae | Cefuroxime,False,28266,28.493595123291016,8054,2.278355695307255,69.22804713249207
Hubei,K. pneumoniae,Chloramphenicol,other,K. pneumoniae | Chloramphenicol,False,13497,20.878714323043823,2818,4.119433835148811,75.00185370445251
Hubei,K. pneumoniae,Ciprofloxacin,fluoroquinolones,K. pneumoniae | Ciprofloxacin,True,21467,22.518284618854523,4834,3.558950871229172,73.92276525497437
Hubei,K. pneumoniae,Ertapenem,other,K. pneumoniae | Ertapenem,False,13711,8.577054738998413,1176,0.5032455548644066,90.91969728469849
Hubei,K. pneumoniae,Gentamicin,other,K. pneumoniae | Gentamicin,False,26066,16.956955194473267,4420,4.82621043920517,78.21683287620544
Hubei,K. pneumoniae,Imipenem,other,K. pneumoniae | Imipenem,False,33715,9.156162291765211,3087,0.5338869988918304,90.3099536895752
Hubei,K. pneumoniae,Levofloxacin,fluoroquinolones,K. pneumoniae | Levofloxacin,True,32561,19.225454330444336,6260,2.3340806365013123,78.44046354293823
Hubei,K. pneumoniae,Meropenem,other,K. pneumoniae | Meropenem,False,23815,9.330254048109056,2222,0.1889565377496183,90.48078656196594
Hubei,K. pneumoniae,Nitrofurantoin,other,K. pneumoniae | Nitrofurantoin,False,62,38.70967626571655,24,3.2258063554763794,58.06451439857483
Hubei,K. pneumoniae,Piperacillin/Tazobactam,other,K. pneumoniae | Piperacillin/Tazobactam,False,33421,16.26821458339691,5437,10.212142020463943,73.51964116096497
Hubei,K. pneumoniae,Polymyxin B,other,K. pneumoniae | Polymyxin B,False,7365,1.194840483367443,88,0.0,98.80515933036804
Hubei,K. pneumoniae,Ticarcillin/Clavulanic acid,other,K. pneumoniae | Ticarcillin/Clavulanic acid,False,6939,18.77792179584503,1303,6.1103906482458115,75.11168718338013
Hubei,K. pneumoniae,Tigecycline,other,K. pneumoniae | Tigecycline,False,11407,1.805908605456352,206,7.302533835172653,90.89155793190002
Hubei,K. pneumoniae,Tobramycin,other,K. pneumoniae | Tobramycin,False,9850,20.730964839458466,2042,11.096446961164474,68.17258596420288
Hubei,K. pneumoniae,Trimethoprim/Sulfamethoxazole,sulfonamides,K. pneumoniae | Trimethoprim/Sulfamethoxazole,False,32565,24.83033984899521,8086,0.5373867694288492,74.6322751045227
Hubei,P. aeruginosa,Amikacin,other,P. aeruginosa | Amikacin,False,15829,2.002653293311596,317,1.5035693533718586,96.49377465248108
Hubei,P. aeruginosa,Aztreonam,other,P. aeruginosa | Aztreonam,False,17306,14.653877913951874,2536,12.608343362808228,72.73777723312378
Hubei,P. aeruginosa,Cefepime,other,P. aeruginosa | Cefepime,False,21579,6.81217834353447,1470,7.247786968946457,85.94003319740295
Hubei,P. aeruginosa,Cefoperazone/Sulbactam,other,P. aeruginosa | Cefoperazone/Sulbactam,False,17900,8.43016728758812,1509,8.636871725320816,82.93296098709106
Hubei,P. aeruginosa,Ceftazidime,other,P. aeruginosa | Ceftazidime,False,21624,9.716056287288666,2101,3.787458315491676,86.49648427963257
Hubei,P. aeruginosa,Ceftazidime/Avibactam,other,P. aeruginosa | Ceftazidime/Avibactam,False,441,4.988662153482437,22,0.0,95.01133561134338
Hubei,P. aeruginosa,Ciprofloxacin,fluoroquinolones,P. aeruginosa | Ciprofloxacin,True,21529,8.453713357448578,1820,4.700636491179466,86.8456482887268
Hubei,P. aeruginosa,Gentamicin,other,P. aeruginosa | Gentamicin,False,9603,5.675309896469116,545,2.6762470602989197,91.64844155311584
Hubei,P. aeruginosa,Imipenem,other,P. aeruginosa | Imipenem,False,21582,11.662496626377106,2517,2.95153371989727,85.38597226142883
Hubei,P. aeruginosa,Levofloxacin,fluoroquinolones,P. aeruginosa | Levofloxacin,False,21507,10.289672762155533,2213,7.211605459451675,82.49872326850891
Hubei,P. aeruginosa,Meropenem,other,P. aeruginosa | Meropenem,False,21120,9.820076078176498,2074,2.6420455425977707,87.53787875175476
Hubei,P. aeruginosa,Piperacillin,other,P. aeruginosa | Piperacillin,False,12749,14.244253933429718,1816,6.518158316612244,79.23758625984192
Hubei,P. aeruginosa,Piperacillin/Tazobactam,other,P. aeruginosa | Piperacillin/Tazobactam,False,21046,11.189774423837662,2355,4.789508879184723,84.02071595191956
Hubei,P. aeruginosa,Polymyxin B,other,P. aeruginosa | Polymyxin B,False,6213,1.062288787215948,66,0.0,98.93771409988403
Hubei,P. aeruginosa,Tobramycin,other,P. aeruginosa | Tobramycin,False,14671,5.2620816975831985,772,3.6943629384040833,91.04355573654176
Hubei,S. aureus,Cefoxitin,other,S. aureus | Cefoxitin,False,10507,26.52517259120941,2787,0.0,73.47482442855835
Hubei,S. aureus,Chloramphenicol,other,S. aureus | Chloramphenicol,False,7555,4.751820117235184,359,1.694242283701897,93.55393648147584
Hubei,S. aureus,Ciprofloxacin,fluoroquinolones,S. aureus | Ciprofloxacin,False,9251,15.80369621515274,1462,2.756458707153797,81.4398467540741
Hubei,S. aureus,Clindamycin,other,S. aureus | Clindamycin,False,26486,28.724607825279236,7608,1.7405422404408455,69.53485012054443
Hubei,S. aureus,Erythromycin,macrolides,S. aureus | Erythromycin,True,26407,53.175294399261475,14042,1.810126192867756,45.014578104019165
Hubei,S. aureus,Gentamicin,other,S. aureus | Gentamicin,False,26255,8.162254840135574,2143,1.5006665140390396,90.33707976341248
Hubei,S. aureus,Levofloxacin,fluoroquinolones,S. aureus | Levofloxacin,False,21734,14.410601556301115,3132,1.1042606085538864,84.48513746261597
Hubei,S. aureus,Linezolid,other,S. aureus | Linezolid,False,26697,0.0,0,0.0,100.0
Hubei,S. aureus,Nitrofurantoin,other,S. aureus | Nitrofurantoin,False,1923,0.2600104082375765,5,0.156006240285933,99.58398342132568
Hubei,S. aureus,Oxacillin,other,S. aureus | Oxacillin,False,24004,24.541743099689484,5891,0.0,75.45825839042664
Hubei,S. aureus,Penicillin G,other,S. aureus | Penicillin G,False,25539,92.05920100212096,23511,0.0,7.940796762704849
Hubei,S. aureus,Rifampicin,other,S. aureus | Rifampicin,False,24943,1.495409570634365,373,0.7457002066075802,97.75888919830322
Hubei,S. aureus,Teicoplanin,other,S. aureus | Teicoplanin,False,19455,0.0,0,0.0,100.0
Hubei,S. aureus,Tetracycline,other,S. aureus | Tetracycline,False,12748,14.253215491771698,1817,1.9297145307064056,83.81707072257996
Hubei,S. aureus,Trimethoprim/Sulfamethoxazole,sulfonamides,S. aureus | Trimethoprim/Sulfamethoxazole,False,25366,7.1473628282547,1813,0.0906725530512631,92.76196360588074
Hubei,S. aureus,Vancomycin,other,S. aureus | Vancomycin,False,26703,0.0,0,0.0,100.0
Hunan,A. baumannii,Amikacin,other,A. baumannii | Amikacin,False,9901,36.92556321620941,3656,1.4543985016644,61.62003874778747
Hunan,A. baumannii,Ampicillin/Sulbactam,other,A. baumannii | Ampicillin/Sulbactam,False,8929,50.62156915664673,4520,4.502183943986893,44.8762446641922
Hunan,A. baumannii,Aztreonam,other,A. baumannii | Aztreonam,False,4257,72.60981798171997,3091,19.26239132881165,8.127789199352264
Hunan,A. baumannii,Cefepime,other,A. baumannii | Cefepime,False,18622,52.82998681068421,9838,5.182042717933655,41.98797047138214
Hunan,A. baumannii,Cefoperazone/Sulbactam,other,A. baumannii | Cefoperazone/Sulbactam,False,17514,44.27315294742584,7754,9.872101992368698,45.8547443151474
Hunan,A. baumannii,Cefotaxime,other,A. baumannii | Cefotaxime,False,260,40.00000059604645,104,12.30769231915474,47.69230782985687
Hunan,A. baumannii,Ceftazidime,other,A. baumannii | Ceftazidime,False,18942,55.86527585983277,10582,1.546827144920826,42.58790016174317
Hunan,A. baumannii,Ceftriaxone,other,A. baumannii | Ceftriaxone,False,6376,53.105396032333374,3386,16.483688354492188,30.41091561317444
Hunan,A. baumannii,Ciprofloxacin,fluoroquinolones,A. baumannii | Ciprofloxacin,False,15977,56.95061683654785,9099,0.4443888086825609,42.604994773864746
Hunan,A. baumannii,Gentamicin,other,A. baumannii | Gentamicin,False,8550,45.90643346309662,3925,2.7368420735001564,51.35672688484192
Hunan,A. baumannii,Imipenem,other,A. baumannii | Imipenem,False,15061,57.565897703170776,8670,0.2323882887139916,42.20171272754669
Hunan,A. baumannii,Levofloxacin,fluoroquinolones,A. baumannii | Levofloxacin,True,18932,48.51045906543732,9184,6.834988296031952,44.65455412864685
Hunan,A. baumannii,Meropenem,other,A. baumannii | Meropenem,False,17174,56.783509254455566,9752,1.1703738011419773,42.046114802360535
Hunan,A. baumannii,Minocycline,other,A. baumannii | Minocycline,False,16545,13.01903873682022,2154,18.531277775764465,68.4496819972992
Hunan,A. baumannii,Piperacillin/Tazobactam,other,A. baumannii | Piperacillin/Tazobactam,False,17445,57.79879689216614,10083,1.6337059438228607,40.56749641895294
Hunan,A. baumannii,Polymyxin B,other,A. baumannii | Polymyxin B,False,5633,1.331439707428217,75,0.0,98.6685574054718
Hunan,A. baumannii,Tigecycline,other,A. baumannii | Tigecycline,False,15742,3.239740803837776,510,16.503620147705078,80.2566409111023
Hunan,A. baumannii,Tobramycin,other,A. baumannii | Tobramycin,False,14808,43.06455850601196,6377,3.119935095310211,53.815507888793945
Hunan,E. coli,Amikacin,other,E. coli | Amikacin,False,45622,3.125685080885887,1426,1.9902678206562996,94.88404989242554
Hunan,E. coli,Amoxicillin/Clavulanic acid,other,E. coli | Amoxicillin/Clavulanic acid,False,22271,10.722464323043823,2388,14.700731635093687,74.57680106163025
Hunan,E. coli,Ampicillin,other,E. coli | Ampicillin,False,30963,80.94822764396667,25064,1.2337305583059788,17.818041145801544
Hunan,E. coli,Ampicillin/Sulbactam,other,E. coli | Ampicillin/Sulbactam,False,33933,34.08481478691101,11566,24.215365946292877,41.69982075691223
Hunan,E. coli,Aztreonam,other,E. coli | Aztreonam,False,36856,27.401238679885864,10099,4.026481509208679,68.5722827911377
Hunan,E. coli,Cefazolin,other,E. coli | Cefazolin,False,11379,56.463658809661865,6425,14.684945344924929,28.85139286518097
Hunan,E. coli,Cefepime,other,E. coli | Cefepime,False,58109,23.352664709091187,13570,8.5838682949543,68.06346774101257
Hunan,E. coli,Cefoperazone/Sulbactam,other,E. coli | Cefoperazone/Sulbactam,False,45012,4.769838973879814,2147,4.36105914413929,90.86909890174866
Hunan,E. coli,Cefotaxime,other,E. coli | Cefotaxime,False,4232,45.67580223083496,1933,1.3232514262199402,53.00094485282898
Hunan,E. coli,Cefotetan,other,E. coli | Cefotetan,False,9676,2.118644118309021,205,0.9198015555739404,96.96155190467834
Hunan,E. coli,Cefoxitin,other,E. coli | Cefoxitin,False,34957,10.121005773544312,3538,4.7200847417116165,85.15890836715698
Hunan,E. coli,Ceftazidime,other,E. coli | Ceftazidime,False,60535,18.853555619716644,11413,8.575204759836197,72.57124185562134
Hunan,E. coli,Ceftazidime/Avibactam,other,E. coli | Ceftazidime/Avibactam,False,2213,2.4853140115737915,55,0.0,97.51468300819396
Hunan,E. coli,Ceftriaxone,other,E. coli | Ceftriaxone,False,48793,45.943066477775574,22417,0.3648064332082867,53.69212627410889
Hunan,E. coli,Cefuroxime,other,E. coli | Cefuroxime,False,39579,47.06536233425141,18628,2.9409535229206085,49.99368488788605
Hunan,E. coli,Chloramphenicol,other,E. coli | Chloramphenicol,False,6863,25.38248598575592,1742,2.331341989338398,72.28617072105408
Hunan,E. coli,Ciprofloxacin,fluoroquinolones,E. coli | Ciprofloxacin,True,23388,44.45441961288452,10397,2.001026086509228,53.5445511341095
Hunan,E. coli,Ertapenem,other,E. coli | Ertapenem,False,33492,1.4869222417473793,498,0.1881046220660209,98.32497239112854
Hunan,E. coli,Gentamicin,other,E. coli | Gentamicin,False,32897,28.771620988845825,9465,1.8846703693270683,69.34370994567871
Hunan,E. coli,Imipenem,other,E. coli | Imipenem,False,48964,1.354056037962437,663,0.2900089835748076,98.35593700408936
Hunan,E. coli,Levofloxacin,fluoroquinolones,E. coli | Levofloxacin,True,59667,40.412622690200806,24113,3.452494740486145,56.13487958908081
Hunan,E. coli,Meropenem,other,E. coli | Meropenem,False,30045,1.5743052586913109,473,0.3394907573238015,98.0862021446228
Hunan,E. coli,Nitrofurantoin,other,E. coli | Nitrofurantoin,False,16342,3.567494824528694,583,3.4328725188970566,92.99963116645812
Hunan,E. coli,Piperacillin/Tazobactam,other,E. coli | Piperacillin/Tazobactam,False,59235,7.299738377332687,4324,2.0697223022580147,90.63053727149963
Hunan,E. coli,Polymyxin B,other,E. coli | Polymyxin B,False,6537,0.7036867085844278,46,0.0,99.29631352424622
Hunan,E. coli,Ticarcillin/Clavulanic acid,other,E. coli | Ticarcillin/Clavulanic acid,False,10664,11.402850598096848,1216,16.11027717590332,72.48687148094177
Hunan,E. coli,Tigecycline,other,E. coli | Tigecycline,False,35910,0.2729044761508703,98,0.3285992657765746,99.39849376678468
Hunan,E. coli,Tobramycin,other,E. coli | Tobramycin,False,18012,28.73084545135498,5175,1.8321119248867035,69.4370448589325
Hunan,E. coli,Trimethoprim/Sulfamethoxazole,sulfonamides,E. coli | Trimethoprim/Sulfamethoxazole,True,59228,46.27372324466705,27407,0.03545620420482,53.690820932388306
Hunan,K. pneumoniae,Amikacin,other,K. pneumoniae | Amikacin,False,32951,9.41094383597374,3101,0.4612910095602274,90.12776613235474
Hunan,K. pneumoniae,Amoxicillin/Clavulanic acid,other,K. pneumoniae | Amoxicillin/Clavulanic acid,False,13964,16.25608652830124,2270,7.397593557834625,76.34631991386414
Hunan,K. pneumoniae,Ampicillin,other,K. pneumoniae | Ampicillin,False,19414,91.2125289440155,17708,7.200989127159119,1.5864839777350426
Hunan,K. pneumoniae,Ampicillin/Sulbactam,other,K. pneumoniae | Ampicillin/Sulbactam,False,25134,29.426273703575134,7396,6.942787021398544,63.63093852996826
Hunan,K. pneumoniae,Aztreonam,other,K. pneumoniae | Aztreonam,False,28505,25.360462069511417,7229,1.024381723254919,73.61515760421753
Hunan,K. pneumoniae,Cefazolin,other,K. pneumoniae | Cefazolin,False,17863,30.655544996261597,5476,8.386049419641495,60.95840334892273
Hunan,K. pneumoniae,Cefepime,other,K. pneumoniae | Cefepime,False,43377,20.916615426540375,9073,2.173963189125061,76.90942287445068
Hunan,K. pneumoniae,Cefoperazone/Sulbactam,other,K. pneumoniae | Cefoperazone/Sulbactam,False,36619,15.814194083213806,5791,2.823670767247677,81.36213421821594
Hunan,K. pneumoniae,Cefotaxime,other,K. pneumoniae | Cefotaxime,False,2900,23.96551668643951,695,1.8620690330863,74.17241334915161
Hunan,K. pneumoniae,Cefotetan,other,K. pneumoniae | Cefotetan,False,6338,10.83938181400299,687,0.8835595101118088,88.27705979347229
Hunan,K. pneumoniae,Cefoxitin,other,K. pneumoniae | Cefoxitin,False,27644,18.097959458827972,5003,2.127043902873993,79.7749936580658
Hunan,K. pneumoniae,Ceftazidime,other,K. pneumoniae | Ceftazidime,False,44961,21.147216856479645,9508,2.64228992164135,76.21049284934998
Hunan,K. pneumoniae,Ceftazidime/Avibactam,other,K. pneumoniae | Ceftazidime/Avibactam,False,2427,7.457766681909561,181,0.0,92.54223108291626
Hunan,K. pneumoniae,Ceftriaxone,other,K. pneumoniae | Ceftriaxone,False,32388,26.985302567481995,8740,0.5217981990426779,72.49289751052856
Hunan,K. pneumoniae,Cefuroxime,other,K. pneumoniae | Cefuroxime,False,30152,29.948261380195618,9030,2.1093128249049187,67.94242262840271
Hunan,K. pneumoniae,Chloramphenicol,other,K. pneumoniae | Chloramphenicol,False,6475,24.13899600505829,1563,4.247104376554489,71.6139018535614
Hunan,K. pneumoniae,Ciprofloxacin,fluoroquinolones,K. pneumoniae | Ciprofloxacin,True,19534,21.53680771589279,4207,2.3395106196403503,76.1236846446991
Hunan,K. pneumoniae,Ertapenem,other,K. pneumoniae | Ertapenem,False,20133,9.51174721121788,1915,0.3228530287742615,90.16540050506592
Hunan,K. pneumoniae,Gentamicin,other,K. pneumoniae | Gentamicin,False,25330,17.181208729743958,4352,1.3738649897277355,81.44492506980896
Hunan,K. pneumoniae,Imipenem,other,K. pneumoniae | Imipenem,False,34989,11.395009607076643,3987,0.825973879545927,87.77901530265808
Hunan,K. pneumoniae,Levofloxacin,fluoroquinolones,K. pneumoniae | Levofloxacin,True,44462,17.727497220039368,7882,2.608969435095787,79.66353297233582
Hunan,K. pneumoniae,Meropenem,other,K. pneumoniae | Meropenem,False,27828,13.863734900951384,3858,0.7690096274018288,85.36725640296936
Hunan,K. pneumoniae,Nitrofurantoin,other,K. pneumoniae | Nitrofurantoin,False,12370,27.38075852394104,3387,23.21746200323105,49.40177798271179
Hunan,K. pneumoniae,Piperacillin/Tazobactam,other,K. pneumoniae | Piperacillin/Tazobactam,False,44381,18.42680424451828,8178,3.9791803807020183,77.59401798248291
Hunan,K. pneumoniae,Polymyxin B,other,K. pneumoniae | Polymyxin B,False,8486,2.4864481762051582,211,0.0,97.51355051994324
Hunan,K. pneumoniae,Ticarcillin/Clavulanic acid,other,K. pneumoniae | Ticarcillin/Clavulanic acid,False,10648,23.12171310186386,2462,5.982344225049019,70.89594006538391
Hunan,K. pneumoniae,Tigecycline,other,K. pneumoniae | Tigecycline,False,29211,5.070007964968681,1481,4.655780270695686,90.27421474456789
Hunan,K. pneumoniae,Tobramycin,other,K. pneumoniae | Tobramycin,False,15578,22.005392611026764,3428,2.1183719858527184,75.87623596191406
Hunan,K. pneumoniae,Trimethoprim/Sulfamethoxazole,sulfonamides,K. pneumoniae | Trimethoprim/Sulfamethoxazole,False,44059,25.250232219696045,11125,0.167956599034369,74.58180785179138
Hunan,P. aeruginosa,Amikacin,other,P. aeruginosa | Amikacin,False,19940,2.678034082055092,534,1.1484453454613686,96.1735188961029
Hunan,P. aeruginosa,Aztreonam,other,P. aeruginosa | Aztreonam,False,14721,16.731199622154236,2463,11.779090762138368,71.4897096157074
Hunan,P. aeruginosa,Cefepime,other,P. aeruginosa | Cefepime,False,22675,6.218302249908447,1410,9.062844514846802,84.71885323524475
Hunan,P. aeruginosa,Cefoperazone/Sulbactam,other,P. aeruginosa | Cefoperazone/Sulbactam,False,20182,11.282330751419067,2277,8.636409044265747,80.08126020431519
Hunan,P. aeruginosa,Ceftazidime,other,P. aeruginosa | Ceftazidime,False,22932,12.484737485647202,2863,3.929007425904274,83.58625769615173
Hunan,P. aeruginosa,Ceftazidime/Avibactam,other,P. aeruginosa | Ceftazidime/Avibactam,False,550,5.454545468091965,30,0.0,94.54545378684998
Hunan,P. aeruginosa,Ciprofloxacin,fluoroquinolones,P. aeruginosa | Ciprofloxacin,True,22866,7.3777660727500916,1687,3.67794968187809,88.94428610801697
Hunan,P. aeruginosa,Gentamicin,other,P. aeruginosa | Gentamicin,False,9079,5.815618485212326,528,1.6301354393363,92.55424737930298
Hunan,P. aeruginosa,Imipenem,other,P. aeruginosa | Imipenem,False,17992,14.450867474079132,2600,1.4450866729021072,84.10404920578003
Hunan,P. aeruginosa,Levofloxacin,fluoroquinolones,P. aeruginosa | Levofloxacin,False,23545,8.8298998773098,2079,6.646846234798431,84.52325463294983
Hunan,P. aeruginosa,Meropenem,other,P. aeruginosa | Meropenem,False,21806,11.66192814707756,2543,4.342841356992722,83.9952290058136
Hunan,P. aeruginosa,Piperacillin,other,P. aeruginosa | Piperacillin,False,9313,18.68356019258499,1740,5.4117899388074875,75.90464949607849
Hunan,P. aeruginosa,Piperacillin/Tazobactam,other,P. aeruginosa | Piperacillin/Tazobactam,False,21997,15.138427913188934,3330,5.205255374312401,79.65631484985352
Hunan,P. aeruginosa,Polymyxin B,other,P. aeruginosa | Polymyxin B,False,5965,1.709974929690361,102,0.0,98.29002618789671
Hunan,P. aeruginosa,Tobramycin,other,P. aeruginosa | Tobramycin,False,15377,5.560252442955971,855,1.580282300710678,92.85946488380432
Hunan,S. aureus,Cefoxitin,other,S. aureus | Cefoxitin,False,5932,22.97707349061966,1363,0.0,77.02292799949646
Hunan,S. aureus,Chloramphenicol,other,S. aureus | Chloramphenicol,False,2897,5.315843969583511,154,1.656886376440525,93.02726984024048
Hunan,S. aureus,Ciprofloxacin,fluoroquinolones,S. aureus | Ciprofloxacin,False,13437,11.066458374261856,1487,2.961970679461956,85.97157001495361
Hunan,S. aureus,Clindamycin,other,S. aureus | Clindamycin,False,26686,21.10469937324524,5632,0.7232256699353456,78.1720757484436
Hunan,S. aureus,Erythromycin,macrolides,S. aureus | Erythromycin,True,27231,44.35018897056579,12077,1.7626969143748283,53.8871169090271
Hunan,S. aureus,Gentamicin,other,S. aureus | Gentamicin,False,27086,6.06217235326767,1642,1.2109576724469662,92.726868391037
Hunan,S. aureus,Levofloxacin,fluoroquinolones,S. aureus | Levofloxacin,False,26678,12.19356805086136,3253,0.9858310222625732,86.82060241699219
Hunan,S. aureus,Linezolid,other,S. aureus | Linezolid,False,26879,0.0,0,0.0,100.0
Hunan,S. aureus,Nitrofurantoin,other,S. aureus | Nitrofurantoin,False,12774,1.276029460132122,163,0.3287928644567728,98.395174741745
Hunan,S. aureus,Oxacillin,other,S. aureus | Oxacillin,False,26336,22.771111130714417,5997,0.0,77.22888588905334
Hunan,S. aureus,Penicillin G,other,S. aureus | Penicillin G,False,25418,91.43520593643188,23241,0.0,8.564796298742294
Hunan,S. aureus,Rifampicin,other,S. aureus | Rifampicin,False,27097,1.4097501523792744,382,1.287965476512909,97.30228185653688
Hunan,S. aureus,Teicoplanin,other,S. aureus | Teicoplanin,False,12538,0.0,0,0.0,100.0
Hunan,S. aureus,Tetracycline,other,S. aureus | Tetracycline,False,20845,22.125209867954258,4612,0.964260008186102,76.9105315208435
Hunan,S. aureus,Trimethoprim/Sulfamethoxazole,sulfonamides,S. aureus | Trimethoprim/Sulfamethoxazole,False,26503,4.550428315997124,1206,0.0,95.44957280158997
Hunan,S. aureus,Vancomycin,other,S. aureus | Vancomycin,False,27060,0.0,0,0.0,100.0
Inner Mongolia,A. baumannii,Amikacin,other,A. baumannii | Amikacin,False,2151,43.51464509963989,936,1.3947001658380032,55.09065389633179
Inner Mongolia,A. baumannii,Ampicillin/Sulbactam,other,A. baumannii | Ampicillin/Sulbactam,False,1354,44.83013153076172,607,6.646972149610519,48.5228955745697
Inner Mongolia,A. baumannii,Aztreonam,other,A. baumannii | Aztreonam,False,162,63.58024477958679,103,30.86419701576233,5.55555559694767
Inner Mongolia,A. baumannii,Cefepime,other,A. baumannii | Cefepime,False,4440,39.43693637847901,1751,8.243243396282196,52.31981873512268
Inner Mongolia,A. baumannii,Cefoperazone/Sulbactam,other,A. baumannii | Cefoperazone/Sulbactam,False,2534,28.68981957435608,727,9.589581936597824,61.72059774398804
Inner Mongolia,A. baumannii,Cefotaxime,other,A. baumannii | Cefotaxime,False,525,47.42857217788696,249,15.42857140302658,37.142857909202576
Inner Mongolia,A. baumannii,Ceftazidime,other,A. baumannii | Ceftazidime,False,5295,49.97166991233826,2646,1.907459832727909,48.12086820602417
Inner Mongolia,A. baumannii,Ceftriaxone,other,A. baumannii | Ceftriaxone,False,988,45.951417088508606,454,23.88664036989212,30.161944031715393
Inner Mongolia,A. baumannii,Ciprofloxacin,fluoroquinolones,A. baumannii | Ciprofloxacin,False,4823,52.56064534187317,2535,0.2902757609263062,47.14907705783844
Inner Mongolia,A. baumannii,Gentamicin,other,A. baumannii | Gentamicin,False,1576,38.89593780040741,613,2.0939085632562637,59.01015400886536
Inner Mongolia,A. baumannii,Imipenem,other,A. baumannii | Imipenem,False,5221,49.99042451381683,2610,0.2681478625163436,49.74142909049988
Inner Mongolia,A. baumannii,Levofloxacin,fluoroquinolones,A. baumannii | Levofloxacin,True,5334,37.3828262090683,1994,13.5545551776886,49.0626186132431
Inner Mongolia,A. baumannii,Meropenem,other,A. baumannii | Meropenem,False,4341,53.65123152732849,2329,0.4607233218848706,45.88804543018341
Inner Mongolia,A. baumannii,Minocycline,other,A. baumannii | Minocycline,False,3216,15.360696613788605,494,14.303483068943024,70.33582329750061
Inner Mongolia,A. baumannii,Piperacillin/Tazobactam,other,A. baumannii | Piperacillin/Tazobactam,False,4185,51.63679718971253,2161,2.031063288450241,46.332138776779175
Inner Mongolia,A. baumannii,Polymyxin B,other,A. baumannii | Polymyxin B,False,305,1.3114754110574722,4,0.0,98.68852496147156
Inner Mongolia,A. baumannii,Tigecycline,other,A. baumannii | Tigecycline,False,3860,2.720207162201405,105,13.34196925163269,83.93782377243042
Inner Mongolia,A. baumannii,Tobramycin,other,A. baumannii | Tobramycin,False,4415,38.79954814910889,1713,1.6987541690468788,59.50170159339905
Inner Mongolia,E. coli,Amikacin,other,E. coli | Amikacin,False,21075,4.170818626880646,879,3.307235985994339,92.5219476222992
Inner Mongolia,E. coli,Amoxicillin/Clavulanic acid,other,E. coli | Amoxicillin/Clavulanic acid,False,12623,9.387625753879547,1185,21.57173454761505,69.04063820838928
Inner Mongolia,E. coli,Ampicillin,other,E. coli | Ampicillin,False,10040,82.78884291648865,8312,2.2111553698778152,15.000000596046448
Inner Mongolia,E. coli,Ampicillin/Sulbactam,other,E. coli | Ampicillin/Sulbactam,False,9545,37.57988512516022,3587,22.200104594230652,40.22001028060913
Inner Mongolia,E. coli,Aztreonam,other,E. coli | Aztreonam,False,10189,31.93640112876892,3254,3.680439665913582,64.38316106796265
Inner Mongolia,E. coli,Cefazolin,other,E. coli | Cefazolin,False,2223,72.64957427978516,1615,12.19073310494423,15.159694850444794
Inner Mongolia,E. coli,Cefepime,other,E. coli | Cefepime,False,19718,23.323866724967957,4599,8.160056918859482,68.5160756111145
Inner Mongolia,E. coli,Cefoperazone/Sulbactam,other,E. coli | Cefoperazone/Sulbactam,False,14319,3.366157039999962,482,4.141350835561752,92.4924910068512
Inner Mongolia,E. coli,Cefotaxime,other,E. coli | Cefotaxime,False,3484,50.631457567214966,1764,0.3731343196704984,48.99540841579437
Inner Mongolia,E. coli,Cefotetan,other,E. coli | Cefotetan,False,5750,1.4956521801650524,86,0.34782609436661,98.1565237045288
Inner Mongolia,E. coli,Cefoxitin,other,E. coli | Cefoxitin,False,13457,11.33982315659523,1526,7.170989364385605,81.48918747901917
Inner Mongolia,E. coli,Ceftazidime,other,E. coli | Ceftazidime,False,22500,20.47555595636368,4607,9.359999746084211,70.16444206237793
Inner Mongolia,E. coli,Ceftazidime/Avibactam,other,E. coli | Ceftazidime/Avibactam,False,167,8.982036262750626,15,0.0,91.0179615020752
Inner Mongolia,E. coli,Ceftriaxone,other,E. coli | Ceftriaxone,False,20365,49.70783293247223,10123,0.2160569652915001,50.076109170913696
Inner Mongolia,E. coli,Cefuroxime,other,E. coli | Cefuroxime,False,18063,51.05464458465576,9222,3.853180631995201,45.092177391052246
Inner Mongolia,E. coli,Chloramphenicol,other,E. coli | Chloramphenicol,False,1306,24.27258789539337,317,3.445635363459587,72.28177785873413
Inner Mongolia,E. coli,Ciprofloxacin,fluoroquinolones,E. coli | Ciprofloxacin,True,9042,65.8150851726532,5951,1.780579425394535,32.40433633327484
Inner Mongolia,E. coli,Ertapenem,other,E. coli | Ertapenem,False,18803,0.6222411524504423,117,0.1808222034014761,99.1969347000122
Inner Mongolia,E. coli,Gentamicin,other,E. coli | Gentamicin,False,11093,38.10511231422424,4227,5.363743007183075,56.53114318847656
Inner Mongolia,E. coli,Imipenem,other,E. coli | Imipenem,False,22124,0.6056771147996187,134,0.18079912988469,99.2135226726532
Inner Mongolia,E. coli,Levofloxacin,fluoroquinolones,E. coli | Levofloxacin,True,22078,62.80007362365723,13865,3.931515663862229,33.268412947654724
Inner Mongolia,E. coli,Meropenem,other,E. coli | Meropenem,False,9003,0.7108741439878941,64,0.099966675043106,99.18915629386902
Inner Mongolia,E. coli,Nitrofurantoin,other,E. coli | Nitrofurantoin,False,1163,3.6973346024751663,43,3.9552882313728337,92.34737753868104
Inner Mongolia,E. coli,Piperacillin/Tazobactam,other,E. coli | Piperacillin/Tazobactam,False,22213,7.045423984527588,1565,1.719713769853115,91.23486280441284
Inner Mongolia,E. coli,Polymyxin B,other,E. coli | Polymyxin B,False,92,1.0869565419852734,1,0.0,98.9130437374115
Inner Mongolia,E. coli,Ticarcillin/Clavulanic acid,other,E. coli | Ticarcillin/Clavulanic acid,False,550,9.272727370262146,51,14.727272093296053,75.99999904632568
Inner Mongolia,E. coli,Tigecycline,other,E. coli | Tigecycline,False,13593,0.0220701826037839,3,0.2280585700646042,99.74986910820007
Inner Mongolia,E. coli,Tobramycin,other,E. coli | Tobramycin,False,7566,35.92387139797211,2718,3.9783239364624023,60.09780764579773
Inner Mongolia,E. coli,Trimethoprim/Sulfamethoxazole,sulfonamides,E. coli | Trimethoprim/Sulfamethoxazole,True,21932,56.17362856864929,12320,0.0,43.82637143135071
Inner Mongolia,K. pneumoniae,Amikacin,other,K. pneumoniae | Amikacin,False,14694,4.151354357600212,610,0.8574928157031536,94.99115347862244
Inner Mongolia,K. pneumoniae,Amoxicillin/Clavulanic acid,other,K. pneumoniae | Amoxicillin/Clavulanic acid,False,9101,8.350730687379837,760,10.636194050312042,81.0130774974823
Inner Mongolia,K. pneumoniae,Ampicillin,other,K. pneumoniae | Ampicillin,False,1430,87.48251795768738,1251,7.2727270424366,5.244755372405052
Inner Mongolia,K. pneumoniae,Ampicillin/Sulbactam,other,K. pneumoniae | Ampicillin/Sulbactam,False,7012,25.256702303886417,1771,6.146605685353279,68.59669089317322
Inner Mongolia,K. pneumoniae,Aztreonam,other,K. pneumoniae | Aztreonam,False,7357,17.656654119491577,1299,1.1689547449350357,81.17439150810242
Inner Mongolia,K. pneumoniae,Cefazolin,other,K. pneumoniae | Cefazolin,False,1359,25.165563821792603,342,14.495952427387238,60.33848524093628
Inner Mongolia,K. pneumoniae,Cefepime,other,K. pneumoniae | Cefepime,False,14252,12.749087810516356,1817,1.4664608053863049,85.78445315361023
Inner Mongolia,K. pneumoniae,Cefoperazone/Sulbactam,other,K. pneumoniae | Cefoperazone/Sulbactam,False,9923,6.086868792772293,604,2.700796164572239,91.21233224868774
Inner Mongolia,K. pneumoniae,Cefotaxime,other,K. pneumoniae | Cefotaxime,False,2756,21.952104568481445,605,0.5442670546472073,77.50362753868103
Inner Mongolia,K. pneumoniae,Cefotetan,other,K. pneumoniae | Cefotetan,False,4251,5.457539483904839,232,0.3999059088528156,94.14255619049072
Inner Mongolia,K. pneumoniae,Cefoxitin,other,K. pneumoniae | Cefoxitin,False,9519,9.496796131134031,904,1.722870022058487,88.7803316116333
Inner Mongolia,K. pneumoniae,Ceftazidime,other,K. pneumoniae | Ceftazidime,False,15954,14.278550446033478,2278,2.062178775668144,83.65926742553711
Inner Mongolia,K. pneumoniae,Ceftazidime/Avibactam,other,K. pneumoniae | Ceftazidime/Avibactam,False,180,15.000000596046448,27,0.0,85.00000238418579
Inner Mongolia,K. pneumoniae,Ceftriaxone,other,K. pneumoniae | Ceftriaxone,False,14190,21.571528911590576,3061,0.1479915459640324,78.2804787158966
Inner Mongolia,K. pneumoniae,Cefuroxime,other,K. pneumoniae | Cefuroxime,False,13212,23.478655517101288,3102,3.1562216579914093,73.36512207984924
Inner Mongolia,K. pneumoniae,Chloramphenicol,other,K. pneumoniae | Chloramphenicol,False,1459,19.465386867523193,284,3.564085066318512,76.97052955627441
Inner Mongolia,K. pneumoniae,Ciprofloxacin,fluoroquinolones,K. pneumoniae | Ciprofloxacin,True,7119,16.870346665382385,1201,2.5143980979919434,80.61525225639343
Inner Mongolia,K. pneumoniae,Ertapenem,other,K. pneumoniae | Ertapenem,False,12192,3.4366797655820847,419,0.3772965865209698,96.18602395057678
Inner Mongolia,K. pneumoniae,Gentamicin,other,K. pneumoniae | Gentamicin,False,8043,13.204027712345123,1062,5.669526383280754,81.12644553184509
Inner Mongolia,K. pneumoniae,Imipenem,other,K. pneumoniae | Imipenem,False,15647,4.186106100678444,655,0.4793250933289528,95.33457159996031
Inner Mongolia,K. pneumoniae,Levofloxacin,fluoroquinolones,K. pneumoniae | Levofloxacin,True,15796,15.05444347858429,2378,2.3613573983311653,82.58419632911682
Inner Mongolia,K. pneumoniae,Meropenem,other,K. pneumoniae | Meropenem,False,6728,4.3549347668886185,293,0.178359099663794,95.46670913696288
Inner Mongolia,K. pneumoniae,Nitrofurantoin,other,K. pneumoniae | Nitrofurantoin,False,552,21.195651590824127,117,38.224637508392334,40.57970941066742
Inner Mongolia,K. pneumoniae,Piperacillin/Tazobactam,other,K. pneumoniae | Piperacillin/Tazobactam,False,15784,10.34592017531395,1633,4.751647263765335,84.90243554115295
Inner Mongolia,K. pneumoniae,Polymyxin B,other,K. pneumoniae | Polymyxin B,False,236,5.508474633097649,13,0.0,94.4915235042572
Inner Mongolia,K. pneumoniae,Ticarcillin/Clavulanic acid,other,K. pneumoniae | Ticarcillin/Clavulanic acid,False,538,16.171003878116608,87,4.832713678479195,78.99628281593323
Inner Mongolia,K. pneumoniae,Tigecycline,other,K. pneumoniae | Tigecycline,False,8656,0.7855822332203388,68,3.1423289328813553,96.07208967208862
Inner Mongolia,K. pneumoniae,Tobramycin,other,K. pneumoniae | Tobramycin,False,5495,14.886260032653809,818,2.0746132358908653,83.03912878036499
Inner Mongolia,K. pneumoniae,Trimethoprim/Sulfamethoxazole,sulfonamides,K. pneumoniae | Trimethoprim/Sulfamethoxazole,False,15505,19.67107355594635,3050,0.0064495325204916,80.32247424125671
Inner Mongolia,P. aeruginosa,Amikacin,other,P. aeruginosa | Amikacin,False,4720,2.1610168740153313,102,1.144067756831646,96.69491648674013
Inner Mongolia,P. aeruginosa,Aztreonam,other,P. aeruginosa | Aztreonam,False,2037,15.905743837356567,324,16.298478841781616,67.79577732086182
Inner Mongolia,P. aeruginosa,Cefepime,other,P. aeruginosa | Cefepime,False,6188,5.413703992962837,335,7.304460555315018,87.28183507919312
Inner Mongolia,P. aeruginosa,Cefoperazone/Sulbactam,other,P. aeruginosa | Cefoperazone/Sulbactam,False,3780,9.656084328889849,365,9.285714477300644,81.05819821357727
Inner Mongolia,P. aeruginosa,Ceftazidime,other,P. aeruginosa | Ceftazidime,False,6982,9.939845651388168,694,3.695216402411461,86.36493682861328
Inner Mongolia,P. aeruginosa,Ceftazidime/Avibactam,other,P. aeruginosa | Ceftazidime/Avibactam,False,12,41.66666567325592,5,0.0,58.33333134651184
Inner Mongolia,P. aeruginosa,Ciprofloxacin,fluoroquinolones,P. aeruginosa | Ciprofloxacin,True,6824,7.121922820806503,486,4.366940259933472,88.5111391544342
Inner Mongolia,P. aeruginosa,Gentamicin,other,P. aeruginosa | Gentamicin,False,2238,4.37890961766243,98,3.842716664075851,91.77837371826172
Inner Mongolia,P. aeruginosa,Imipenem,other,P. aeruginosa | Imipenem,False,6858,12.598425149917604,864,1.7206182703375816,85.68095564842224
Inner Mongolia,P. aeruginosa,Levofloxacin,fluoroquinolones,P. aeruginosa | Levofloxacin,False,6984,8.304696530103683,580,7.631729543209076,84.06357169151306
Inner Mongolia,P. aeruginosa,Meropenem,other,P. aeruginosa | Meropenem,False,6384,9.2261902987957,589,3.0858395621180534,87.68796920776367
Inner Mongolia,P. aeruginosa,Piperacillin,other,P. aeruginosa | Piperacillin,False,1491,13.547953963279724,202,8.249496668577194,78.20255160331726
Inner Mongolia,P. aeruginosa,Piperacillin/Tazobactam,other,P. aeruginosa | Piperacillin/Tazobactam,False,6417,7.9008884727954865,507,6.264609843492508,85.83450317382812
Inner Mongolia,P. aeruginosa,Polymyxin B,other,P. aeruginosa | Polymyxin B,False,514,1.9455252215266228,10,0.0,98.05447459220886
Inner Mongolia,P. aeruginosa,Tobramycin,other,P. aeruginosa | Tobramycin,False,5669,5.150820314884186,292,2.8929265215992928,91.95625185966492
Inner Mongolia,S. aureus,Cefoxitin,other,S. aureus | Cefoxitin,False,763,18.34862381219864,140,0.0,81.65137767791748
Inner Mongolia,S. aureus,Chloramphenicol,other,S. aureus | Chloramphenicol,False,373,6.166219711303711,23,22.52010703086853,71.31367325782776
Inner Mongolia,S. aureus,Ciprofloxacin,fluoroquinolones,S. aureus | Ciprofloxacin,False,4296,17.178770899772644,738,5.935754254460335,76.88547372817993
Inner Mongolia,S. aureus,Clindamycin,other,S. aureus | Clindamycin,False,6820,30.01466393470764,2047,0.5425219889730215,69.44281458854675
Inner Mongolia,S. aureus,Erythromycin,macrolides,S. aureus | Erythromycin,True,7128,68.47643256187439,4881,1.304713822901249,30.218854546546936
Inner Mongolia,S. aureus,Gentamicin,other,S. aureus | Gentamicin,False,7097,8.989714086055756,638,4.86120879650116,86.1490786075592
Inner Mongolia,S. aureus,Levofloxacin,fluoroquinolones,S. aureus | Levofloxacin,False,6895,16.649746894836426,1148,1.5808556228876114,81.76940083503723
Inner Mongolia,S. aureus,Linezolid,other,S. aureus | Linezolid,False,7168,0.0,0,0.0,100.0
Inner Mongolia,S. aureus,Nitrofurantoin,other,S. aureus | Nitrofurantoin,False,1357,0.5895357578992844,8,0.2947678789496422,99.11569356918336
Inner Mongolia,S. aureus,Oxacillin,other,S. aureus | Oxacillin,False,7056,18.083900213241577,1276,0.0,81.91609978675842
Inner Mongolia,S. aureus,Penicillin G,other,S. aureus | Penicillin G,False,6443,88.82508277893066,5723,0.0,11.174918711185455
Inner Mongolia,S. aureus,Rifampicin,other,S. aureus | Rifampicin,False,6727,2.5865914300084114,174,0.1932510756887495,97.22015857696532
Inner Mongolia,S. aureus,Teicoplanin,other,S. aureus | Teicoplanin,False,2547,0.0,0,0.0,100.0
Inner Mongolia,S. aureus,Tetracycline,other,S. aureus | Tetracycline,False,4474,13.656683266162872,611,0.2458649920299649,86.09744906425476
Inner Mongolia,S. aureus,Trimethoprim/Sulfamethoxazole,sulfonamides,S. aureus | Trimethoprim/Sulfamethoxazole,False,6903,25.09053945541382,1732,0.0,74.90946054458618
Inner Mongolia,S. aureus,Vancomycin,other,S. aureus | Vancomycin,False,6954,0.0,0,0.0,100.0
Jiangsu,A. baumannii,Amikacin,other,A. baumannii | Amikacin,False,10176,48.47680926322937,4933,1.1104559525847435,50.41273832321167
Jiangsu,A. baumannii,Ampicillin/Sulbactam,other,A. baumannii | Ampicillin/Sulbactam,False,8026,60.939449071884155,4891,3.924744576215744,35.13580858707428
Jiangsu,A. baumannii,Aztreonam,other,A. baumannii | Aztreonam,False,12313,76.24462246894836,9388,21.091529726982117,2.6638511568307877
Jiangsu,A. baumannii,Cefepime,other,A. baumannii | Cefepime,False,27835,51.18016600608826,14246,9.613795578479769,39.20603692531586
Jiangsu,A. baumannii,Cefoperazone/Sulbactam,other,A. baumannii | Cefoperazone/Sulbactam,False,22366,46.190646290779114,10331,9.286417067050934,44.52293515205383
Jiangsu,A. baumannii,Cefotaxime,other,A. baumannii | Cefotaxime,False,9888,67.56674647331238,6681,7.605177909135819,24.828074872493744
Jiangsu,A. baumannii,Ceftazidime,other,A. baumannii | Ceftazidime,False,27873,59.90384817123413,16697,1.1982922442257404,38.89785706996918
Jiangsu,A. baumannii,Ceftriaxone,other,A. baumannii | Ceftriaxone,False,4569,59.55350995063782,2721,18.450427055358887,21.996060013771057
Jiangsu,A. baumannii,Ciprofloxacin,fluoroquinolones,A. baumannii | Ciprofloxacin,False,27648,60.648149251937866,16768,0.444878451526165,38.90697360038757
Jiangsu,A. baumannii,Gentamicin,other,A. baumannii | Gentamicin,False,6078,50.88844895362854,3093,2.270483784377575,46.84106707572937
Jiangsu,A. baumannii,Imipenem,other,A. baumannii | Imipenem,False,27786,59.49398875236511,16531,0.1547541934996843,40.3512567281723
Jiangsu,A. baumannii,Levofloxacin,fluoroquinolones,A. baumannii | Levofloxacin,True,28038,51.76545977592468,14514,8.727440983057022,39.50709700584411
Jiangsu,A. baumannii,Meropenem,other,A. baumannii | Meropenem,False,25564,60.32702326774597,15422,0.219058059155941,39.45392072200775
Jiangsu,A. baumannii,Minocycline,other,A. baumannii | Minocycline,False,24433,11.046535521745682,2699,16.215774416923523,72.7376937866211
Jiangsu,A. baumannii,Piperacillin/Tazobactam,other,A. baumannii | Piperacillin/Tazobactam,False,26007,61.38731837272644,15965,1.2573538348078728,37.35532760620117
Jiangsu,A. baumannii,Polymyxin B,other,A. baumannii | Polymyxin B,False,5144,1.3608086854219437,70,0.0,98.63919019699097
Jiangsu,A. baumannii,Tigecycline,other,A. baumannii | Tigecycline,False,20042,5.498453229665756,1102,19.149784743785855,75.35176277160645
Jiangsu,A. baumannii,Tobramycin,other,A. baumannii | Tobramycin,False,25095,48.39211106300354,12144,0.8846383541822433,50.72324872016907
Jiangsu,E. coli,Amikacin,other,E. coli | Amikacin,False,73797,4.668211564421654,3445,4.94329035282135,90.3885006904602
Jiangsu,E. coli,Amoxicillin/Clavulanic acid,other,E. coli | Amoxicillin/Clavulanic acid,False,48712,11.711693555116652,5705,16.334784030914307,71.9535231590271
Jiangsu,E. coli,Ampicillin,other,E. coli | Ampicillin,False,21411,82.49498009681702,17663,1.5973098576068878,15.907710790634155
Jiangsu,E. coli,Ampicillin/Sulbactam,other,E. coli | Ampicillin/Sulbactam,False,23856,37.21076548099518,8877,23.386150598526,39.40308392047882
Jiangsu,E. coli,Aztreonam,other,E. coli | Aztreonam,False,74212,31.296825408935547,23226,1.1345873586833477,67.56858825683594
Jiangsu,E. coli,Cefazolin,other,E. coli | Cefazolin,False,7083,63.29239010810852,4483,10.504023730754852,26.203584671020508
Jiangsu,E. coli,Cefepime,other,E. coli | Cefepime,False,78967,29.494598507881165,23291,8.000810444355011,62.504589557647705
Jiangsu,E. coli,Cefoperazone/Sulbactam,other,E. coli | Cefoperazone/Sulbactam,False,55407,4.869420826435089,2698,4.9289800226688385,90.201598405838
Jiangsu,E. coli,Cefotaxime,other,E. coli | Cefotaxime,False,46939,51.06627941131592,23970,0.962951872497797,47.97077178955078
Jiangsu,E. coli,Cefotetan,other,E. coli | Cefotetan,False,59055,2.572178468108177,1519,1.0651088319718838,96.36270999908449
Jiangsu,E. coli,Cefoxitin,other,E. coli | Cefoxitin,False,8553,9.446977823972702,808,3.0047936365008354,87.54822611808777
Jiangsu,E. coli,Ceftazidime,other,E. coli | Ceftazidime,False,79424,23.652799427509308,18786,10.287822037935255,66.05937480926514
Jiangsu,E. coli,Ceftazidime/Avibactam,other,E. coli | Ceftazidime/Avibactam,False,3216,12.779851257801056,411,0.0,87.22015023231506
Jiangsu,E. coli,Ceftriaxone,other,E. coli | Ceftriaxone,False,22253,50.68080425262451,11278,0.3864647354930639,48.93272817134857
Jiangsu,E. coli,Cefuroxime,other,E. coli | Cefuroxime,False,57473,53.291112184524536,30628,3.639969974756241,43.06891858577728
Jiangsu,E. coli,Chloramphenicol,other,E. coli | Chloramphenicol,False,6835,23.482076823711395,1605,3.0431602150201797,73.47476482391357
Jiangsu,E. coli,Ciprofloxacin,fluoroquinolones,E. coli | Ciprofloxacin,True,77989,56.42590522766113,44006,1.6361281275749209,41.93796515464783
Jiangsu,E. coli,Ertapenem,other,E. coli | Ertapenem,False,13180,1.616084948182106,213,0.2276176121085882,98.15629720687866
Jiangsu,E. coli,Gentamicin,other,E. coli | Gentamicin,False,23911,33.02245736122131,7896,2.099452167749405,64.8780882358551
Jiangsu,E. coli,Imipenem,other,E. coli | Imipenem,False,78997,1.763358153402805,1393,0.2607693895697593,97.97587394714355
Jiangsu,E. coli,Levofloxacin,fluoroquinolones,E. coli | Levofloxacin,True,79335,54.644232988357544,43352,3.4385833889245987,41.917186975479126
Jiangsu,E. coli,Meropenem,other,E. coli | Meropenem,False,68082,1.9329631701111791,1316,0.1395376166328787,97.92749881744383
Jiangsu,E. coli,Nitrofurantoin,other,E. coli | Nitrofurantoin,False,3529,1.4168319292366505,50,4.448852315545082,94.13431286811829
Jiangsu,E. coli,Piperacillin/Tazobactam,other,E. coli | Piperacillin/Tazobactam,False,78543,9.346472471952438,7341,2.2178933024406433,88.43563199043274
Jiangsu,E. coli,Polymyxin B,other,E. coli | Polymyxin B,False,10780,1.0760667733848095,116,0.0,98.92393350601196
Jiangsu,E. coli,Ticarcillin/Clavulanic acid,other,E. coli | Ticarcillin/Clavulanic acid,False,43142,13.189004361629486,5690,12.085670232772827,74.72532391548157
Jiangsu,E. coli,Tigecycline,other,E. coli | Tigecycline,False,49977,0.1140524633228778,57,0.2241030801087618,99.66184496879578
Jiangsu,E. coli,Tobramycin,other,E. coli | Tobramycin,False,70567,33.66020917892456,23753,1.4851134270429611,64.85467553138733
Jiangsu,E. coli,Trimethoprim/Sulfamethoxazole,sulfonamides,E. coli | Trimethoprim/Sulfamethoxazole,True,76586,48.29733967781067,36989,0.0065286083554383,51.696133613586426
Jiangsu,K. pneumoniae,Amikacin,other,K. pneumoniae | Amikacin,False,57673,7.259896397590637,4187,3.505973517894745,89.23413157463074
Jiangsu,K. pneumoniae,Amoxicillin/Clavulanic acid,other,K. pneumoniae | Amoxicillin/Clavulanic acid,False,38168,18.48669052124023,7056,7.600607722997665,73.91270399093628
Jiangsu,K. pneumoniae,Ampicillin,other,K. pneumoniae | Ampicillin,False,3739,86.06579303741455,3218,12.16902881860733,1.765177771449089
Jiangsu,K. pneumoniae,Ampicillin/Sulbactam,other,K. pneumoniae | Ampicillin/Sulbactam,False,17907,32.42865800857544,5807,6.092589348554611,61.47875189781189
Jiangsu,K. pneumoniae,Aztreonam,other,K. pneumoniae | Aztreonam,False,58713,23.36279898881912,13717,0.4223936703056097,76.21480822563171
Jiangsu,K. pneumoniae,Cefazolin,other,K. pneumoniae | Cefazolin,False,7809,37.02138662338257,2891,8.976821601390839,54.001790285110474
Jiangsu,K. pneumoniae,Cefepime,other,K. pneumoniae | Cefepime,False,62859,20.945289731025696,13166,1.7244944348931313,77.33021378517151
Jiangsu,K. pneumoniae,Cefoperazone/Sulbactam,other,K. pneumoniae | Cefoperazone/Sulbactam,False,45974,13.533736765384674,6222,2.2251706570386887,84.24109220504761
Jiangsu,K. pneumoniae,Cefotaxime,other,K. pneumoniae | Cefotaxime,False,36574,27.77656316757202,10159,0.883141066879034,71.34029865264893
Jiangsu,K. pneumoniae,Cefotetan,other,K. pneumoniae | Cefotetan,False,42220,11.127427965402603,4698,1.04926573112607,87.82330751419067
Jiangsu,K. pneumoniae,Cefoxitin,other,K. pneumoniae | Cefoxitin,False,7255,21.54376357793808,1563,2.0124051719903946,76.44383311271667
Jiangsu,K. pneumoniae,Ceftazidime,other,K. pneumoniae | Ceftazidime,False,62920,21.749840676784515,13685,2.566751465201378,75.6834089756012
Jiangsu,K. pneumoniae,Ceftazidime/Avibactam,other,K. pneumoniae | Ceftazidime/Avibactam,False,4121,10.604222118854524,437,0.0,89.3957793712616
Jiangsu,K. pneumoniae,Ceftriaxone,other,K. pneumoniae | Ceftriaxone,False,15675,30.156299471855164,4727,0.4082934465259313,69.43540573120117
Jiangsu,K. pneumoniae,Cefuroxime,other,K. pneumoniae | Cefuroxime,False,43348,31.08794093132019,13476,2.1569622680544853,66.75509810447693
Jiangsu,K. pneumoniae,Chloramphenicol,other,K. pneumoniae | Chloramphenicol,False,7154,20.310315489768985,1453,4.193458333611488,75.49622654914856
Jiangsu,K. pneumoniae,Ciprofloxacin,fluoroquinolones,K. pneumoniae | Ciprofloxacin,True,60870,21.19763493537903,12903,1.885986514389515,76.91637873649597
Jiangsu,K. pneumoniae,Ertapenem,other,K. pneumoniae | Ertapenem,False,9891,8.664442598819733,857,0.4650692455470562,90.87048768997192
Jiangsu,K. pneumoniae,Gentamicin,other,K. pneumoniae | Gentamicin,False,17960,19.755011796951297,3548,1.0133630596101284,79.23162579536438
Jiangsu,K. pneumoniae,Imipenem,other,K. pneumoniae | Imipenem,False,62064,11.093387752771378,6885,0.7121680770069361,88.19444179534912
Jiangsu,K. pneumoniae,Levofloxacin,fluoroquinolones,K. pneumoniae | Levofloxacin,True,63143,19.492264091968536,12308,2.7825728058815,77.7251660823822
Jiangsu,K. pneumoniae,Meropenem,other,K. pneumoniae | Meropenem,False,54772,11.076827347278597,6067,0.2884685527533293,88.63470554351807
Jiangsu,K. pneumoniae,Nitrofurantoin,other,K. pneumoniae | Nitrofurantoin,False,2253,35.37505567073822,797,47.71415889263153,16.91078543663025
Jiangsu,K. pneumoniae,Piperacillin/Tazobactam,other,K. pneumoniae | Piperacillin/Tazobactam,False,62368,18.83818656206131,11749,4.451000690460205,76.7108142375946
Jiangsu,K. pneumoniae,Polymyxin B,other,K. pneumoniae | Polymyxin B,False,8995,3.2240133732557297,290,0.0,96.77598476409912
Jiangsu,K. pneumoniae,Ticarcillin/Clavulanic acid,other,K. pneumoniae | Ticarcillin/Clavulanic acid,False,36516,19.73381489515305,7206,6.309562921524048,73.95662069320679
Jiangsu,K. pneumoniae,Tigecycline,other,K. pneumoniae | Tigecycline,False,39901,2.781885117292404,1110,3.305681422352791,93.9124345779419
Jiangsu,K. pneumoniae,Tobramycin,other,K. pneumoniae | Tobramycin,False,55680,18.658405542373657,10389,1.4762930572032928,79.86530065536499
Jiangsu,K. pneumoniae,Trimethoprim/Sulfamethoxazole,sulfonamides,K. pneumoniae | Trimethoprim/Sulfamethoxazole,False,58219,20.72691023349762,12067,0.0103059137472882,79.26278114318848
Jiangsu,P. aeruginosa,Amikacin,other,P. aeruginosa | Amikacin,False,22983,3.9681505411863327,912,1.548970956355333,94.48288083076476
Jiangsu,P. aeruginosa,Aztreonam,other,P. aeruginosa | Aztreonam,False,10663,18.08121502399445,1928,14.367438852787018,67.55134463310242
Jiangsu,P. aeruginosa,Cefepime,other,P. aeruginosa | Cefepime,False,34990,6.490425765514374,2271,9.948556870222092,83.56101512908936
Jiangsu,P. aeruginosa,Cefoperazone/Sulbactam,other,P. aeruginosa | Cefoperazone/Sulbactam,False,25464,13.371819257736206,3405,10.230128467082976,76.3980507850647
Jiangsu,P. aeruginosa,Ceftazidime,other,P. aeruginosa | Ceftazidime,False,34760,13.141542673110962,4568,5.149597302079201,81.70886039733887
Jiangsu,P. aeruginosa,Ceftazidime/Avibactam,other,P. aeruginosa | Ceftazidime/Avibactam,False,1786,54.98320460319519,982,0.0,45.01679837703705
Jiangsu,P. aeruginosa,Ciprofloxacin,fluoroquinolones,P. aeruginosa | Ciprofloxacin,True,34305,12.872758507728577,4416,5.229558423161507,81.89768195152283
Jiangsu,P. aeruginosa,Gentamicin,other,P. aeruginosa | Gentamicin,False,8343,7.910823076963425,660,3.619800880551338,88.46937417984009
Jiangsu,P. aeruginosa,Imipenem,other,P. aeruginosa | Imipenem,False,34469,22.20546007156372,7654,2.393455058336258,75.40108561515808
Jiangsu,P. aeruginosa,Levofloxacin,fluoroquinolones,P. aeruginosa | Levofloxacin,False,35133,15.244926512241364,5356,9.076936542987823,75.67813992500305
Jiangsu,P. aeruginosa,Meropenem,other,P. aeruginosa | Meropenem,False,30513,17.658047378063202,5388,5.51895909011364,76.82299613952637
Jiangsu,P. aeruginosa,Piperacillin,other,P. aeruginosa | Piperacillin,False,14852,22.468353807926174,3337,6.914893537759781,70.61675190925598
Jiangsu,P. aeruginosa,Piperacillin/Tazobactam,other,P. aeruginosa | Piperacillin/Tazobactam,False,28313,16.201038658618927,4587,5.142514035105705,78.65644693374634
Jiangsu,P. aeruginosa,Polymyxin B,other,P. aeruginosa | Polymyxin B,False,4980,1.7269076779484749,86,0.0,98.27309250831604
Jiangsu,P. aeruginosa,Tobramycin,other,P. aeruginosa | Tobramycin,False,29941,8.169399946928024,2446,3.032630868256092,88.79796862602234
Jiangsu,S. aureus,Cefoxitin,other,S. aureus | Cefoxitin,False,5042,37.048789858818054,1868,0.0,62.95120716094971
Jiangsu,S. aureus,Chloramphenicol,other,S. aureus | Chloramphenicol,False,2264,3.401060029864311,77,1.7667844891548157,94.83215808868408
Jiangsu,S. aureus,Ciprofloxacin,fluoroquinolones,S. aureus | Ciprofloxacin,False,11529,28.831642866134644,3324,3.6256395280361176,67.54271984100342
Jiangsu,S. aureus,Clindamycin,other,S. aureus | Clindamycin,False,31720,23.480454087257385,7448,0.646279938519001,75.87326765060425
Jiangsu,S. aureus,Erythromycin,macrolides,S. aureus | Erythromycin,True,34011,54.71171140670776,18608,1.249595731496811,44.038692116737366
Jiangsu,S. aureus,Gentamicin,other,S. aureus | Gentamicin,False,34512,10.196453332901,3519,1.8602225929498672,87.94332146644592
Jiangsu,S. aureus,Levofloxacin,fluoroquinolones,S. aureus | Levofloxacin,False,34965,25.419706106185913,8888,1.169741153717041,73.41055274009705
Jiangsu,S. aureus,Linezolid,other,S. aureus | Linezolid,False,34516,0.0,0,0.0,100.0
Jiangsu,S. aureus,Nitrofurantoin,other,S. aureus | Nitrofurantoin,False,920,0.3260869532823562,3,0.108695647213608,99.5652198791504
Jiangsu,S. aureus,Oxacillin,other,S. aureus | Oxacillin,False,34949,38.82228434085846,13568,0.0,61.17771863937378
Jiangsu,S. aureus,Penicillin G,other,S. aureus | Penicillin G,False,33051,91.2710666656494,30166,0.0,8.728934079408646
Jiangsu,S. aureus,Rifampicin,other,S. aureus | Rifampicin,False,33894,0.7818493060767651,265,0.2773352200165391,98.94081354141235
Jiangsu,S. aureus,Teicoplanin,other,S. aureus | Teicoplanin,False,22586,0.0,0,0.0,100.0
Jiangsu,S. aureus,Tetracycline,other,S. aureus | Tetracycline,False,10952,20.69941610097885,2267,0.8217677474021912,78.4788191318512
Jiangsu,S. aureus,Trimethoprim/Sulfamethoxazole,sulfonamides,S. aureus | Trimethoprim/Sulfamethoxazole,False,33327,6.277192384004593,2092,0.0,93.72280836105348
Jiangsu,S. aureus,Vancomycin,other,S. aureus | Vancomycin,False,34613,0.0,0,0.0,100.0
Jiangxi,A. baumannii,Amikacin,other,A. baumannii | Amikacin,False,8691,44.17213201522827,3839,1.1621217243373394,54.66574430465698
Jiangxi,A. baumannii,Ampicillin/Sulbactam,other,A. baumannii | Ampicillin/Sulbactam,False,8585,51.71811580657959,4440,3.482818976044655,44.799068570137024
Jiangxi,A. baumannii,Aztreonam,other,A. baumannii | Aztreonam,False,1822,61.80021762847901,1126,27.881449460983276,10.3183314204216
Jiangxi,A. baumannii,Cefepime,other,A. baumannii | Cefepime,False,11631,50.56315064430237,5881,6.259135156869888,43.1777149438858
Jiangxi,A. baumannii,Cefoperazone/Sulbactam,other,A. baumannii | Cefoperazone/Sulbactam,False,9625,41.96363687515259,4039,10.992208123207092,47.04415500164032
Jiangxi,A. baumannii,Cefotaxime,other,A. baumannii | Cefotaxime,False,717,50.62761306762695,363,18.270571529865265,31.101813912391663
Jiangxi,A. baumannii,Ceftazidime,other,A. baumannii | Ceftazidime,False,11784,55.32925724983215,6520,1.3153428211808205,43.35539638996124
Jiangxi,A. baumannii,Ceftriaxone,other,A. baumannii | Ceftriaxone,False,5703,48.93915355205536,2791,11.344905942678452,39.71593976020813
Jiangxi,A. baumannii,Ciprofloxacin,fluoroquinolones,A. baumannii | Ciprofloxacin,False,11028,56.61951303482056,6244,0.7435618434101343,42.63692498207092
Jiangxi,A. baumannii,Gentamicin,other,A. baumannii | Gentamicin,False,7452,43.746644258499146,3260,2.334943599998951,53.91840934753418
Jiangxi,A. baumannii,Imipenem,other,A. baumannii | Imipenem,False,9972,56.789010763168335,5663,0.5816285498440266,42.629361152648926
Jiangxi,A. baumannii,Levofloxacin,fluoroquinolones,A. baumannii | Levofloxacin,True,11344,49.56805408000946,5623,5.4566290229558945,44.975316524505615
Jiangxi,A. baumannii,Meropenem,other,A. baumannii | Meropenem,False,10916,55.58812618255615,6068,0.6504213903099298,43.76145005226135
Jiangxi,A. baumannii,Minocycline,other,A. baumannii | Minocycline,False,10166,10.977768898010254,1116,15.768247842788696,73.25398325920105
Jiangxi,A. baumannii,Piperacillin/Tazobactam,other,A. baumannii | Piperacillin/Tazobactam,False,10713,55.98804950714111,5998,1.4841780997812748,42.52777099609375
Jiangxi,A. baumannii,Polymyxin B,other,A. baumannii | Polymyxin B,False,4900,2.183673530817032,107,0.0,97.8163242340088
Jiangxi,A. baumannii,Tigecycline,other,A. baumannii | Tigecycline,False,6984,1.4461626298725605,101,10.710194706916807,87.84364461898804
Jiangxi,A. baumannii,Tobramycin,other,A. baumannii | Tobramycin,False,6705,52.18493938446045,3499,0.8650260977447033,46.95003628730774
Jiangxi,E. coli,Amikacin,other,E. coli | Amikacin,False,22799,4.535286501049995,1034,1.3158472254872322,94.14886832237244
Jiangxi,E. coli,Amoxicillin/Clavulanic acid,other,E. coli | Amoxicillin/Clavulanic acid,False,13829,14.093571901321411,1949,15.771205723285677,70.13522386550903
Jiangxi,E. coli,Ampicillin,other,E. coli | Ampicillin,False,28427,82.75935053825378,23526,0.7950188592076302,16.44563227891922
Jiangxi,E. coli,Ampicillin/Sulbactam,other,E. coli | Ampicillin/Sulbactam,False,28858,30.32434582710266,8751,25.576964020729065,44.098690152168274
Jiangxi,E. coli,Aztreonam,other,E. coli | Aztreonam,False,15890,27.43234634399414,4359,5.437381938099861,67.13027358055115
Jiangxi,E. coli,Cefazolin,other,E. coli | Cefazolin,False,10845,58.755189180374146,6372,7.856155186891556,33.3886593580246
Jiangxi,E. coli,Cefepime,other,E. coli | Cefepime,False,31909,26.26531720161438,8381,9.780939668416975,63.95374536514282
Jiangxi,E. coli,Cefoperazone/Sulbactam,other,E. coli | Cefoperazone/Sulbactam,False,26394,4.7624461352825165,1257,5.20193986594677,90.0356113910675
Jiangxi,E. coli,Cefotaxime,other,E. coli | Cefotaxime,False,3137,43.799808621406555,1374,1.9445329904556272,54.25565838813782
Jiangxi,E. coli,Cefotetan,other,E. coli | Cefotetan,False,1744,1.6055045649409294,28,0.6307339295744896,97.76375889778136
Jiangxi,E. coli,Cefoxitin,other,E. coli | Cefoxitin,False,23291,11.82001605629921,2753,3.619423881173134,84.56056118011475
Jiangxi,E. coli,Ceftazidime,other,E. coli | Ceftazidime,False,35997,22.23240882158279,8003,7.750646024942398,70.01694440841675
Jiangxi,E. coli,Ceftazidime/Avibactam,other,E. coli | Ceftazidime/Avibactam,False,1311,4.42410372197628,58,0.0,95.57589888572691
Jiangxi,E. coli,Ceftriaxone,other,E. coli | Ceftriaxone,False,30414,46.715328097343445,14208,0.5458012688905001,52.738869190216064
Jiangxi,E. coli,Cefuroxime,other,E. coli | Cefuroxime,False,25408,48.47685694694519,12317,2.766845002770424,48.756298422813416
Jiangxi,E. coli,Chloramphenicol,other,E. coli | Chloramphenicol,False,11319,27.122536301612858,3070,4.1611447930336,68.71631741523743
Jiangxi,E. coli,Ciprofloxacin,fluoroquinolones,E. coli | Ciprofloxacin,True,28274,44.73014175891876,12647,2.0513545721769333,53.218501806259155
Jiangxi,E. coli,Ertapenem,other,E. coli | Ertapenem,False,13537,2.326955832540989,315,0.4875526297837496,97.18549251556396
Jiangxi,E. coli,Gentamicin,other,E. coli | Gentamicin,False,25958,28.865858912467957,7493,3.293782100081444,67.84035563468933
Jiangxi,E. coli,Imipenem,other,E. coli | Imipenem,False,33271,1.6681194305419922,555,0.6522196345031261,97.67966270446776
Jiangxi,E. coli,Levofloxacin,fluoroquinolones,E. coli | Levofloxacin,True,34227,42.416805028915405,14518,3.678382560610771,53.90481352806091
Jiangxi,E. coli,Meropenem,other,E. coli | Meropenem,False,27618,1.5460931695997715,427,0.1774205244146287,98.27648401260376
Jiangxi,E. coli,Nitrofurantoin,other,E. coli | Nitrofurantoin,False,6203,2.144123800098896,133,4.094792902469635,93.76108050346376
Jiangxi,E. coli,Piperacillin/Tazobactam,other,E. coli | Piperacillin/Tazobactam,False,34449,7.721559703350067,2660,3.718540444970131,88.55990171432495
Jiangxi,E. coli,Polymyxin B,other,E. coli | Polymyxin B,False,11370,1.35444151237607,154,0.0,98.64555597305298
Jiangxi,E. coli,Ticarcillin/Clavulanic acid,other,E. coli | Ticarcillin/Clavulanic acid,False,19088,11.551760137081146,2205,24.266554415225983,64.18168544769287
Jiangxi,E. coli,Tigecycline,other,E. coli | Tigecycline,False,13445,0.2082558581605553,28,0.6842692382633686,99.10747408866882
Jiangxi,E. coli,Tobramycin,other,E. coli | Tobramycin,False,8056,26.501986384391785,2135,5.734856054186821,67.76315569877625
Jiangxi,E. coli,Trimethoprim/Sulfamethoxazole,sulfonamides,E. coli | Trimethoprim/Sulfamethoxazole,True,33935,47.18432426452637,16012,0.0324149121297523,52.783262729644775
Jiangxi,K. pneumoniae,Amikacin,other,K. pneumoniae | Amikacin,False,19160,9.37369540333748,1796,0.767223397269845,89.85908031463623
Jiangxi,K. pneumoniae,Amoxicillin/Clavulanic acid,other,K. pneumoniae | Amoxicillin/Clavulanic acid,False,13770,18.51125657558441,2549,7.683369517326355,73.80537390708923
Jiangxi,K. pneumoniae,Ampicillin,other,K. pneumoniae | Ampicillin,False,17126,93.38432550430298,15993,4.840593412518501,1.7750788480043411
Jiangxi,K. pneumoniae,Ampicillin/Sulbactam,other,K. pneumoniae | Ampicillin/Sulbactam,False,24090,26.69572532176971,6431,7.090079039335251,66.21419787406921
Jiangxi,K. pneumoniae,Aztreonam,other,K. pneumoniae | Aztreonam,False,14666,26.244375109672543,3849,1.868266798555851,71.88735604286194
Jiangxi,K. pneumoniae,Cefazolin,other,K. pneumoniae | Cefazolin,False,21394,33.336448669433594,7132,4.622791334986687,62.04075813293457
Jiangxi,K. pneumoniae,Cefepime,other,K. pneumoniae | Cefepime,False,29455,20.61789184808731,6073,3.1064335256814957,76.27567648887634
Jiangxi,K. pneumoniae,Cefoperazone/Sulbactam,other,K. pneumoniae | Cefoperazone/Sulbactam,False,25489,14.519989490509031,3701,3.240613639354706,82.23939538002014
Jiangxi,K. pneumoniae,Cefotaxime,other,K. pneumoniae | Cefotaxime,False,2229,21.98295146226883,490,1.9739793613553047,76.04306936264038
Jiangxi,K. pneumoniae,Cefotetan,other,K. pneumoniae | Cefotetan,False,629,10.651828348636627,67,1.589825190603733,87.75834441184998
Jiangxi,K. pneumoniae,Cefoxitin,other,K. pneumoniae | Cefoxitin,False,21157,14.954861998558044,3164,1.928439736366272,83.11669826507568
Jiangxi,K. pneumoniae,Ceftazidime,other,K. pneumoniae | Ceftazidime,False,32566,21.16931825876236,6894,2.7390530332922935,76.09162926673889
Jiangxi,K. pneumoniae,Ceftazidime/Avibactam,other,K. pneumoniae | Ceftazidime/Avibactam,False,3280,7.804878056049347,256,0.0,92.19512343406676
Jiangxi,K. pneumoniae,Ceftriaxone,other,K. pneumoniae | Ceftriaxone,False,27328,26.979655027389526,7373,0.7464871276170015,72.27385640144348
Jiangxi,K. pneumoniae,Cefuroxime,other,K. pneumoniae | Cefuroxime,False,23065,25.970083475112915,5990,2.3021895438432693,71.72772884368896
Jiangxi,K. pneumoniae,Chloramphenicol,other,K. pneumoniae | Chloramphenicol,False,12421,22.47806191444397,2792,4.782223701477051,72.73971438407898
Jiangxi,K. pneumoniae,Ciprofloxacin,fluoroquinolones,K. pneumoniae | Ciprofloxacin,True,23708,21.60452157258987,5122,2.2608403116464615,76.13463997840881
Jiangxi,K. pneumoniae,Ertapenem,other,K. pneumoniae | Ertapenem,False,11244,12.575596570968628,1414,0.7381714880466461,86.68622970581055
Jiangxi,K. pneumoniae,Gentamicin,other,K. pneumoniae | Gentamicin,False,20539,13.437849283218384,2760,2.1568723022937775,84.4052791595459
Jiangxi,K. pneumoniae,Imipenem,other,K. pneumoniae | Imipenem,False,28458,11.592522263526917,3299,0.8574038743972778,87.5500738620758
Jiangxi,K. pneumoniae,Levofloxacin,fluoroquinolones,K. pneumoniae | Levofloxacin,True,31074,18.46238076686859,5737,2.474737726151943,79.06288504600525
Jiangxi,K. pneumoniae,Meropenem,other,K. pneumoniae | Meropenem,False,26102,11.742395162582396,3065,0.2796720480546355,87.97793388366699
Jiangxi,K. pneumoniae,Nitrofurantoin,other,K. pneumoniae | Nitrofurantoin,False,4418,18.03983747959137,797,18.175645172595974,63.78451585769653
Jiangxi,K. pneumoniae,Piperacillin/Tazobactam,other,K. pneumoniae | Piperacillin/Tazobactam,False,29933,17.93004423379898,5367,5.505629256367683,76.5643298625946
Jiangxi,K. pneumoniae,Polymyxin B,other,K. pneumoniae | Polymyxin B,False,9054,3.876739740371704,351,0.0,96.1232602596283
Jiangxi,K. pneumoniae,Ticarcillin/Clavulanic acid,other,K. pneumoniae | Ticarcillin/Clavulanic acid,False,17690,21.181458234786987,3747,6.913510710000992,71.90502882003784
Jiangxi,K. pneumoniae,Tigecycline,other,K. pneumoniae | Tigecycline,False,16207,2.6470044627785683,429,4.010612517595291,93.34238171577454
Jiangxi,K. pneumoniae,Tobramycin,other,K. pneumoniae | Tobramycin,False,6528,19.24019604921341,1256,4.181985184550285,76.57781839370728
Jiangxi,K. pneumoniae,Trimethoprim/Sulfamethoxazole,sulfonamides,K. pneumoniae | Trimethoprim/Sulfamethoxazole,False,31030,26.084434986114506,8094,0.0547856907360255,73.86078238487244
Jiangxi,P. aeruginosa,Amikacin,other,P. aeruginosa | Amikacin,False,15754,3.52926254272461,556,1.4409039169549942,95.0298309326172
Jiangxi,P. aeruginosa,Aztreonam,other,P. aeruginosa | Aztreonam,False,15354,15.403153002262115,2365,12.055490165948868,72.54135608673096
Jiangxi,P. aeruginosa,Cefepime,other,P. aeruginosa | Cefepime,False,17006,8.044219762086868,1368,7.773727178573608,84.18205380439758
Jiangxi,P. aeruginosa,Cefoperazone/Sulbactam,other,P. aeruginosa | Cefoperazone/Sulbactam,False,14584,10.42923778295517,1521,8.118485659360886,81.45227432250977
Jiangxi,P. aeruginosa,Ceftazidime,other,P. aeruginosa | Ceftazidime,False,17303,12.477605044841766,2159,4.109114035964012,83.41327905654907
Jiangxi,P. aeruginosa,Ceftazidime/Avibactam,other,P. aeruginosa | Ceftazidime/Avibactam,False,1711,5.3185272961854935,91,0.0,94.68147158622742
Jiangxi,P. aeruginosa,Ciprofloxacin,fluoroquinolones,P. aeruginosa | Ciprofloxacin,True,16688,10.294822603464128,1718,4.49424721300602,85.21093130111694
Jiangxi,P. aeruginosa,Gentamicin,other,P. aeruginosa | Gentamicin,False,11454,5.858215317130089,671,2.558058314025402,91.5837287902832
Jiangxi,P. aeruginosa,Imipenem,other,P. aeruginosa | Imipenem,False,15693,14.375835657119753,2256,3.0395718291401863,82.58458971977234
Jiangxi,P. aeruginosa,Levofloxacin,fluoroquinolones,P. aeruginosa | Levofloxacin,False,16486,10.9244205057621,1801,6.884629279375076,82.1909487247467
Jiangxi,P. aeruginosa,Meropenem,other,P. aeruginosa | Meropenem,False,16236,11.616161465644836,1886,3.5415127873420715,84.84232425689697
Jiangxi,P. aeruginosa,Piperacillin,other,P. aeruginosa | Piperacillin,False,10004,20.25189995765686,2026,4.588164761662483,75.1599371433258
Jiangxi,P. aeruginosa,Piperacillin/Tazobactam,other,P. aeruginosa | Piperacillin/Tazobactam,False,17023,15.808025002479551,2691,4.869882017374039,79.32209372520447
Jiangxi,P. aeruginosa,Polymyxin B,other,P. aeruginosa | Polymyxin B,False,7231,1.4797399751842022,107,0.0,98.52026104927064
Jiangxi,P. aeruginosa,Tobramycin,other,P. aeruginosa | Tobramycin,False,9583,8.202024549245834,786,1.7217990010976791,90.07617831230164
Jiangxi,S. aureus,Cefoxitin,other,S. aureus | Cefoxitin,False,10693,21.08856290578842,2255,0.0,78.91143560409546
Jiangxi,S. aureus,Chloramphenicol,other,S. aureus | Chloramphenicol,False,8049,3.466269001364708,279,1.950552873313427,94.58317756652832
Jiangxi,S. aureus,Ciprofloxacin,fluoroquinolones,S. aureus | Ciprofloxacin,False,5419,13.581842184066772,736,4.576490074396133,81.84166550636292
Jiangxi,S. aureus,Clindamycin,other,S. aureus | Clindamycin,False,16572,22.127684950828552,3667,1.158580742776394,76.7137348651886
Jiangxi,S. aureus,Erythromycin,macrolides,S. aureus | Erythromycin,True,17027,41.698479652404785,7100,3.077465109527111,55.22405505180359
Jiangxi,S. aureus,Gentamicin,other,S. aureus | Gentamicin,False,17227,6.170546263456345,1063,1.195797324180603,92.63365864753725
Jiangxi,S. aureus,Levofloxacin,fluoroquinolones,S. aureus | Levofloxacin,False,16036,12.353454530239103,1981,0.8480917662382126,86.79845333099365
Jiangxi,S. aureus,Linezolid,other,S. aureus | Linezolid,False,17166,0.0,0,0.0,100.0
Jiangxi,S. aureus,Nitrofurantoin,other,S. aureus | Nitrofurantoin,False,3702,0.4592112265527248,17,0.486223679035902,99.05456304550172
Jiangxi,S. aureus,Oxacillin,other,S. aureus | Oxacillin,False,17122,21.4694544672966,3676,0.0,78.53054404258728
Jiangxi,S. aureus,Penicillin G,other,S. aureus | Penicillin G,False,15917,91.75723791122437,14605,0.0,8.242759108543396
Jiangxi,S. aureus,Rifampicin,other,S. aureus | Rifampicin,False,17025,1.5271659009158611,260,1.5800293534994123,96.8928039073944
Jiangxi,S. aureus,Teicoplanin,other,S. aureus | Teicoplanin,False,11886,0.0,0,0.0,100.0
Jiangxi,S. aureus,Tetracycline,other,S. aureus | Tetracycline,False,11814,17.14068055152893,2025,2.124597877264023,80.73472380638123
Jiangxi,S. aureus,Trimethoprim/Sulfamethoxazole,sulfonamides,S. aureus | Trimethoprim/Sulfamethoxazole,False,16640,4.176682606339455,695,0.0120192307804245,95.81129550933838
Jiangxi,S. aureus,Vancomycin,other,S. aureus | Vancomycin,False,17266,0.0,0,0.0,100.0
Jilin,A. baumannii,Amikacin,other,A. baumannii | Amikacin,False,3681,26.70469880104065,983,1.0594947263598442,72.23580479621887
Jilin,A. baumannii,Ampicillin/Sulbactam,other,A. baumannii | Ampicillin/Sulbactam,False,2715,27.69797444343567,752,6.777163594961166,65.52486419677734
Jilin,A. baumannii,Aztreonam,other,A. baumannii | Aztreonam,False,1057,62.63008713722229,662,24.881741404533383,12.488174438476562
Jilin,A. baumannii,Cefepime,other,A. baumannii | Cefepime,False,5692,31.939563155174255,1818,7.361208647489548,60.6992244720459
Jilin,A. baumannii,Cefoperazone/Sulbactam,other,A. baumannii | Cefoperazone/Sulbactam,False,4351,19.765570759773254,860,9.07837301492691,71.15605473518372
Jilin,A. baumannii,Cefotaxime,other,A. baumannii | Cefotaxime,False,1162,25.645437836647034,298,30.895009636878967,43.459552526474
Jilin,A. baumannii,Ceftazidime,other,A. baumannii | Ceftazidime,False,5643,44.09002363681793,2488,2.4455077946186066,53.46446633338928
Jilin,A. baumannii,Ceftriaxone,other,A. baumannii | Ceftriaxone,False,2076,37.42774426937103,777,26.926782727241516,35.64547300338745
Jilin,A. baumannii,Ciprofloxacin,fluoroquinolones,A. baumannii | Ciprofloxacin,False,5304,46.71945571899414,2478,0.5090497899800539,52.77149081230163
Jilin,A. baumannii,Gentamicin,other,A. baumannii | Gentamicin,False,2577,32.16919004917145,829,4.384943842887878,63.445866107940674
Jilin,A. baumannii,Imipenem,other,A. baumannii | Imipenem,False,5571,42.46993362903595,2366,0.2692514797672629,57.26081728935242
Jilin,A. baumannii,Levofloxacin,fluoroquinolones,A. baumannii | Levofloxacin,True,5713,40.871694684028625,2335,3.623315319418907,55.50498962402344
Jilin,A. baumannii,Meropenem,other,A. baumannii | Meropenem,False,5108,44.00939643383026,2248,0.5090054590255022,55.4815948009491
Jilin,A. baumannii,Minocycline,other,A. baumannii | Minocycline,False,4847,7.1178048849105835,345,18.19682270288467,74.68537092208862
Jilin,A. baumannii,Piperacillin/Tazobactam,other,A. baumannii | Piperacillin/Tazobactam,False,5416,43.62998604774475,2363,2.326440252363682,54.04357314109802
Jilin,A. baumannii,Polymyxin B,other,A. baumannii | Polymyxin B,False,1223,2.125919796526432,26,0.0,97.87408113479614
Jilin,A. baumannii,Tigecycline,other,A. baumannii | Tigecycline,False,2208,2.9438406229019165,65,21.105071902275085,75.951087474823
Jilin,A. baumannii,Tobramycin,other,A. baumannii | Tobramycin,False,4096,37.98828125,1556,1.123046875,60.888671875
Jilin,E. coli,Amikacin,other,E. coli | Amikacin,False,11263,4.741188138723373,534,3.515937179327011,91.7428731918335
Jilin,E. coli,Amoxicillin/Clavulanic acid,other,E. coli | Amoxicillin/Clavulanic acid,False,7710,9.44228246808052,728,16.05706810951233,74.50065016746521
Jilin,E. coli,Ampicillin,other,E. coli | Ampicillin,False,12932,85.81039309501648,11097,1.5697494149208069,12.619857490062714
Jilin,E. coli,Ampicillin/Sulbactam,other,E. coli | Ampicillin/Sulbactam,False,14200,33.084505796432495,4698,26.380282640457153,40.53521156311035
Jilin,E. coli,Aztreonam,other,E. coli | Aztreonam,False,13988,35.36602854728699,4947,4.653989151120186,59.97998118400574
Jilin,E. coli,Cefazolin,other,E. coli | Cefazolin,False,4260,68.02816987037659,2898,8.09859186410904,23.873239755630493
Jilin,E. coli,Cefepime,other,E. coli | Cefepime,False,16991,31.546112895011905,5360,10.629156976938248,57.82473087310791
Jilin,E. coli,Cefoperazone/Sulbactam,other,E. coli | Cefoperazone/Sulbactam,False,12558,5.287466198205948,664,4.594680666923523,90.1178538799286
Jilin,E. coli,Cefotaxime,other,E. coli | Cefotaxime,False,3259,53.390610218048096,1740,1.0739490389823914,45.535439252853394
Jilin,E. coli,Cefotetan,other,E. coli | Cefotetan,False,5134,2.045188844203949,105,0.4090378060936928,97.5457727909088
Jilin,E. coli,Cefoxitin,other,E. coli | Cefoxitin,False,7657,13.73906284570694,1052,6.673631817102432,79.58730459213257
Jilin,E. coli,Ceftazidime,other,E. coli | Ceftazidime,False,16828,24.792012572288513,4172,9.906108677387238,65.30187726020813
Jilin,E. coli,Ceftazidime/Avibactam,other,E. coli | Ceftazidime/Avibactam,False,325,2.461538463830948,8,0.0,97.53845930099487
Jilin,E. coli,Ceftriaxone,other,E. coli | Ceftriaxone,False,14039,55.68772554397583,7818,0.4487499129027128,43.86352300643921
Jilin,E. coli,Cefuroxime,other,E. coli | Cefuroxime,False,14759,56.968629360198975,8408,4.390541464090347,38.64082992076874
Jilin,E. coli,Chloramphenicol,other,E. coli | Chloramphenicol,False,4038,31.698861718177795,1280,4.482417181134224,63.81872296333313
Jilin,E. coli,Ciprofloxacin,fluoroquinolones,E. coli | Ciprofloxacin,True,13011,70.57105302810669,9182,2.036738209426403,27.39220559597015
Jilin,E. coli,Ertapenem,other,E. coli | Ertapenem,False,5597,1.4650705270469189,82,0.3930677194148302,98.14186096191406
Jilin,E. coli,Gentamicin,other,E. coli | Gentamicin,False,12547,38.92563879489899,4884,2.6380809023976326,58.436280488967896
Jilin,E. coli,Imipenem,other,E. coli | Imipenem,False,16852,1.1927368119359016,201,0.3797768848016858,98.42748641967772
Jilin,E. coli,Levofloxacin,fluoroquinolones,E. coli | Levofloxacin,True,16349,66.34044647216797,10846,3.6148998886346817,30.04465103149414
Jilin,E. coli,Meropenem,other,E. coli | Meropenem,False,14853,1.2320742942392826,183,0.1144549925811588,98.65347146987916
Jilin,E. coli,Nitrofurantoin,other,E. coli | Nitrofurantoin,False,1783,3.4772854298353195,62,4.767246171832085,91.75546765327454
Jilin,E. coli,Piperacillin/Tazobactam,other,E. coli | Piperacillin/Tazobactam,False,15653,9.697821736335754,1518,3.3923208713531494,86.90986037254333
Jilin,E. coli,Polymyxin B,other,E. coli | Polymyxin B,False,1936,1.1880164965987206,23,0.0,98.81198406219482
Jilin,E. coli,Ticarcillin/Clavulanic acid,other,E. coli | Ticarcillin/Clavulanic acid,False,5612,11.368495970964432,638,14.041340351104736,74.59016442298889
Jilin,E. coli,Tigecycline,other,E. coli | Tigecycline,False,6215,0.2091713482514024,13,0.4183426965028048,99.37248826026917
Jilin,E. coli,Tobramycin,other,E. coli | Tobramycin,False,9094,41.697824001312256,3792,1.9793270155787468,56.32284879684448
Jilin,E. coli,Trimethoprim/Sulfamethoxazole,sulfonamides,E. coli | Trimethoprim/Sulfamethoxazole,True,15688,61.9709312915802,9722,0.0318714941386133,37.99719512462616
Jilin,K. pneumoniae,Amikacin,other,K. pneumoniae | Amikacin,False,11690,4.328485950827599,506,1.6595380380749702,94.0119743347168
Jilin,K. pneumoniae,Amoxicillin/Clavulanic acid,other,K. pneumoniae | Amoxicillin/Clavulanic acid,False,8421,9.678185731172562,815,6.840042769908905,83.48177075386047
Jilin,K. pneumoniae,Ampicillin,other,K. pneumoniae | Ampicillin,False,7093,94.5298194885254,6705,4.060341045260429,1.409840676933527
Jilin,K. pneumoniae,Ampicillin/Sulbactam,other,K. pneumoniae | Ampicillin/Sulbactam,False,17032,25.475576519966125,4339,9.364724904298782,65.15970230102539
Jilin,K. pneumoniae,Aztreonam,other,K. pneumoniae | Aztreonam,False,16933,17.740507423877716,3004,1.2283706106245518,81.03111982345581
Jilin,K. pneumoniae,Cefazolin,other,K. pneumoniae | Cefazolin,False,10778,32.22304582595825,3473,12.414176762104034,55.36277890205383
Jilin,K. pneumoniae,Cefepime,other,K. pneumoniae | Cefepime,False,20208,14.75653201341629,2982,3.0532462522387505,82.19022154808044
Jilin,K. pneumoniae,Cefoperazone/Sulbactam,other,K. pneumoniae | Cefoperazone/Sulbactam,False,14102,8.729258179664612,1231,2.0989930257201195,89.17174935340881
Jilin,K. pneumoniae,Cefotaxime,other,K. pneumoniae | Cefotaxime,False,4418,18.899954855442047,835,1.6523314639925957,79.44771647453308
Jilin,K. pneumoniae,Cefotetan,other,K. pneumoniae | Cefotetan,False,5618,5.037380009889603,283,0.4271982703357935,94.53542232513428
Jilin,K. pneumoniae,Cefoxitin,other,K. pneumoniae | Cefoxitin,False,10554,12.061777710914612,1273,2.6245974004268646,85.31362414360046
Jilin,K. pneumoniae,Ceftazidime,other,K. pneumoniae | Ceftazidime,False,18920,14.867864549160004,2813,2.73255817592144,82.39957690238953
Jilin,K. pneumoniae,Ceftazidime/Avibactam,other,K. pneumoniae | Ceftazidime/Avibactam,False,306,3.2679740339517593,10,0.0,96.73202633857728
Jilin,K. pneumoniae,Ceftriaxone,other,K. pneumoniae | Ceftriaxone,False,17182,21.93574607372284,3769,0.5761843640357256,77.48807072639465
Jilin,K. pneumoniae,Cefuroxime,other,K. pneumoniae | Cefuroxime,False,17924,24.882838129997253,4460,4.686453938484192,70.43070793151855
Jilin,K. pneumoniae,Chloramphenicol,other,K. pneumoniae | Chloramphenicol,False,6608,25.21186470985413,1666,1.9824454560875893,72.80569076538086
Jilin,K. pneumoniae,Ciprofloxacin,fluoroquinolones,K. pneumoniae | Ciprofloxacin,True,15812,18.321527540683743,2897,2.8396155685186386,78.83885502815247
Jilin,K. pneumoniae,Ertapenem,other,K. pneumoniae | Ertapenem,False,7234,4.00884710252285,290,0.3317666472867131,95.65938711166382
Jilin,K. pneumoniae,Gentamicin,other,K. pneumoniae | Gentamicin,False,15453,14.502038061618803,2241,3.772730380296707,81.72523379325867
Jilin,K. pneumoniae,Imipenem,other,K. pneumoniae | Imipenem,False,19693,3.5444065928459167,698,0.9140303358435632,95.54156064987184
Jilin,K. pneumoniae,Levofloxacin,fluoroquinolones,K. pneumoniae | Levofloxacin,True,19270,14.71717655658722,2836,3.191489353775978,82.0913314819336
Jilin,K. pneumoniae,Meropenem,other,K. pneumoniae | Meropenem,False,17613,3.707488626241684,653,0.2157497219741344,96.076762676239
Jilin,K. pneumoniae,Nitrofurantoin,other,K. pneumoniae | Nitrofurantoin,False,1746,21.019473671913147,367,31.443297863006592,47.53722846508026
Jilin,K. pneumoniae,Piperacillin/Tazobactam,other,K. pneumoniae | Piperacillin/Tazobactam,False,18597,11.13082766532898,2070,9.80265662074089,79.06651496887207
Jilin,K. pneumoniae,Polymyxin B,other,K. pneumoniae | Polymyxin B,False,2296,1.69860627502203,39,0.0,98.3013927936554
Jilin,K. pneumoniae,Ticarcillin/Clavulanic acid,other,K. pneumoniae | Ticarcillin/Clavulanic acid,False,5748,14.944328367710114,859,7.68963098526001,77.366042137146
Jilin,K. pneumoniae,Tigecycline,other,K. pneumoniae | Tigecycline,False,9553,0.9107086807489396,87,3.2764576375484467,95.81283330917358
Jilin,K. pneumoniae,Tobramycin,other,K. pneumoniae | Tobramycin,False,10814,18.42981278896332,1993,1.5627888962626455,80.00739812850952
Jilin,K. pneumoniae,Trimethoprim/Sulfamethoxazole,sulfonamides,K. pneumoniae | Trimethoprim/Sulfamethoxazole,False,17465,25.010019540786743,4368,0.2862868597730994,74.70369338989258
Jilin,P. aeruginosa,Amikacin,other,P. aeruginosa | Amikacin,False,4814,1.4125467278063295,68,1.0178646072745323,97.56959080696106
Jilin,P. aeruginosa,Aztreonam,other,P. aeruginosa | Aztreonam,False,4391,21.24800682067871,933,16.62491410970688,62.12707757949829
Jilin,P. aeruginosa,Cefepime,other,P. aeruginosa | Cefepime,False,7662,6.708431243896484,514,8.692247420549393,84.59932208061218
Jilin,P. aeruginosa,Cefoperazone/Sulbactam,other,P. aeruginosa | Cefoperazone/Sulbactam,False,5102,10.682085156440737,545,10.094080865383148,79.22383546829224
Jilin,P. aeruginosa,Ceftazidime,other,P. aeruginosa | Ceftazidime,False,7379,9.757419675588608,720,3.740344196557998,86.5022361278534
Jilin,P. aeruginosa,Ceftazidime/Avibactam,other,P. aeruginosa | Ceftazidime/Avibactam,False,54,3.703703731298446,2,0.0,96.29629850387572
Jilin,P. aeruginosa,Ciprofloxacin,fluoroquinolones,P. aeruginosa | Ciprofloxacin,True,7508,10.202451050281525,766,4.821523651480675,84.97602343559265
Jilin,P. aeruginosa,Gentamicin,other,P. aeruginosa | Gentamicin,False,2031,6.499261409044266,132,4.234367236495018,89.26637172698975
Jilin,P. aeruginosa,Imipenem,other,P. aeruginosa | Imipenem,False,7523,14.116708934307098,1062,2.3527847602963448,83.53050351142883
Jilin,P. aeruginosa,Levofloxacin,fluoroquinolones,P. aeruginosa | Levofloxacin,False,7508,11.214704066514969,842,8.644112944602966,80.14118075370789
Jilin,P. aeruginosa,Meropenem,other,P. aeruginosa | Meropenem,False,7430,11.58815622329712,861,2.759084850549698,85.652756690979
Jilin,P. aeruginosa,Piperacillin,other,P. aeruginosa | Piperacillin,False,1851,16.693678498268127,309,6.64505660533905,76.66126489639282
Jilin,P. aeruginosa,Piperacillin/Tazobactam,other,P. aeruginosa | Piperacillin/Tazobactam,False,7153,11.044316738843918,790,5.731860920786858,83.22381973266602
Jilin,P. aeruginosa,Polymyxin B,other,P. aeruginosa | Polymyxin B,False,937,3.6286018788814545,34,0.0,96.37140035629272
Jilin,P. aeruginosa,Tobramycin,other,P. aeruginosa | Tobramycin,False,3922,5.9153493493795395,232,1.9632840529084208,92.1213686466217
Jilin,S. aureus,Cefoxitin,other,S. aureus | Cefoxitin,False,718,22.42339849472046,161,0.0,77.57660150527954
Jilin,S. aureus,Chloramphenicol,other,S. aureus | Chloramphenicol,False,1470,9.795918315649033,144,3.945578262209892,86.25850081443787
Jilin,S. aureus,Ciprofloxacin,fluoroquinolones,S. aureus | Ciprofloxacin,False,2905,29.913941025733948,869,4.888124018907547,65.19793272018433
Jilin,S. aureus,Clindamycin,other,S. aureus | Clindamycin,False,5939,37.009596824646,2198,0.5724869668483734,62.41791844367981
Jilin,S. aureus,Erythromycin,macrolides,S. aureus | Erythromycin,True,6377,74.84710812568665,4773,1.0192880406975746,24.13360476493835
Jilin,S. aureus,Gentamicin,other,S. aureus | Gentamicin,False,6382,15.073645114898682,962,3.838922083377838,81.0874342918396
Jilin,S. aureus,Levofloxacin,fluoroquinolones,S. aureus | Levofloxacin,False,5590,30.357781052589417,1697,1.610017940402031,68.0321991443634
Jilin,S. aureus,Linezolid,other,S. aureus | Linezolid,False,6419,0.0,0,0.0,100.0
Jilin,S. aureus,Nitrofurantoin,other,S. aureus | Nitrofurantoin,False,1003,1.0967099107801914,11,0.3988035954535007,98.50448369979858
Jilin,S. aureus,Oxacillin,other,S. aureus | Oxacillin,False,6393,19.161583483219147,1225,0.0,80.83841800689697
Jilin,S. aureus,Penicillin G,other,S. aureus | Penicillin G,False,5560,87.85971403121948,4885,0.0,12.140287458896635
Jilin,S. aureus,Rifampicin,other,S. aureus | Rifampicin,False,6430,1.9751166924834251,127,0.3265940817072987,97.69828915596008
Jilin,S. aureus,Teicoplanin,other,S. aureus | Teicoplanin,False,4771,0.0,0,0.0,100.0
Jilin,S. aureus,Tetracycline,other,S. aureus | Tetracycline,False,3084,14.656290411949158,452,2.302205003798008,83.04150700569153
Jilin,S. aureus,Trimethoprim/Sulfamethoxazole,sulfonamides,S. aureus | Trimethoprim/Sulfamethoxazole,False,5891,33.61059129238129,1980,0.0,66.38940572738647
Jilin,S. aureus,Vancomycin,other,S. aureus | Vancomycin,False,6423,0.0,0,0.0,100.0
Liaoning,A. baumannii,Amikacin,other,A. baumannii | Amikacin,False,5130,43.41130554676056,2227,2.4756334722042084,54.11306023597717
Liaoning,A. baumannii,Ampicillin/Sulbactam,other,A. baumannii | Ampicillin/Sulbactam,False,3392,53.71462106704712,1822,10.406839847564695,35.878539085388184
Liaoning,A. baumannii,Aztreonam,other,A. baumannii | Aztreonam,False,329,65.65349698066711,216,17.02127605676651,17.325228452682495
Liaoning,A. baumannii,Cefepime,other,A. baumannii | Cefepime,False,8163,54.78377938270569,4472,11.013107746839523,34.20311212539673
Liaoning,A. baumannii,Cefoperazone/Sulbactam,other,A. baumannii | Cefoperazone/Sulbactam,False,6268,34.731972217559814,2177,20.485003292560577,44.78302597999573
Liaoning,A. baumannii,Cefotaxime,other,A. baumannii | Cefotaxime,False,649,58.859783411026,382,15.408320724964142,25.731894373893734
Liaoning,A. baumannii,Ceftazidime,other,A. baumannii | Ceftazidime,False,8166,63.48273158073425,5184,2.289982885122299,34.22728478908539
Liaoning,A. baumannii,Ceftriaxone,other,A. baumannii | Ceftriaxone,False,1480,55.81080913543701,826,14.7972971200943,29.39189076423645
Liaoning,A. baumannii,Ciprofloxacin,fluoroquinolones,A. baumannii | Ciprofloxacin,False,8024,66.0144567489624,5297,0.7477567065507174,33.23778808116913
Liaoning,A. baumannii,Gentamicin,other,A. baumannii | Gentamicin,False,3163,61.90325617790222,1958,3.730635344982147,34.36610698699951
Liaoning,A. baumannii,Imipenem,other,A. baumannii | Imipenem,False,7743,65.27186036109924,5054,0.3874467220157385,34.340694546699524
Liaoning,A. baumannii,Levofloxacin,fluoroquinolones,A. baumannii | Levofloxacin,True,8169,55.46578764915466,4531,10.417431592941284,34.11678373813629
Liaoning,A. baumannii,Meropenem,other,A. baumannii | Meropenem,False,7778,65.26099443435669,5076,0.5014142487198114,34.23759341239929
Liaoning,A. baumannii,Minocycline,other,A. baumannii | Minocycline,False,6679,13.205569982528688,882,23.626291751861572,63.16813826560974
Liaoning,A. baumannii,Piperacillin/Tazobactam,other,A. baumannii | Piperacillin/Tazobactam,False,7579,66.59190058708191,5047,1.8604038283228872,31.547698378562927
Liaoning,A. baumannii,Polymyxin B,other,A. baumannii | Polymyxin B,False,1453,1.5829319134354591,23,0.0,98.417067527771
Liaoning,A. baumannii,Tigecycline,other,A. baumannii | Tigecycline,False,6189,3.764743730425834,233,20.29407024383545,75.9411871433258
Liaoning,A. baumannii,Tobramycin,other,A. baumannii | Tobramycin,False,7132,59.772855043411255,4263,0.9955131448805332,39.23163115978241
Liaoning,E. coli,Amikacin,other,E. coli | Amikacin,False,13602,5.308042839169502,722,3.4259669482707977,91.26598834991456
Liaoning,E. coli,Amoxicillin/Clavulanic acid,other,E. coli | Amoxicillin/Clavulanic acid,False,10804,11.486486345529556,1241,18.89115124940872,69.62236166000366
Liaoning,E. coli,Ampicillin,other,E. coli | Ampicillin,False,16517,84.38578248023987,13938,1.658896915614605,13.955318927764893
Liaoning,E. coli,Ampicillin/Sulbactam,other,E. coli | Ampicillin/Sulbactam,False,16414,36.462774872779846,5985,24.320702254772183,39.21652138233185
Liaoning,E. coli,Aztreonam,other,E. coli | Aztreonam,False,16456,36.71001493930817,6041,5.335440114140511,57.95454382896423
Liaoning,E. coli,Cefazolin,other,E. coli | Cefazolin,False,5438,68.59139204025269,3730,7.5395368039608,23.869068920612335
Liaoning,E. coli,Cefepime,other,E. coli | Cefepime,False,20806,32.94242024421692,6854,8.209170401096344,58.848410844802856
Liaoning,E. coli,Cefoperazone/Sulbactam,other,E. coli | Cefoperazone/Sulbactam,False,16180,5.9641532599925995,965,8.077874034643173,85.95797419548035
Liaoning,E. coli,Cefotaxime,other,E. coli | Cefotaxime,False,4664,57.69725441932678,2691,1.7795883119106293,40.52315652370453
Liaoning,E. coli,Cefotetan,other,E. coli | Cefotetan,False,7259,3.375120460987091,245,0.9505441412329674,95.67433595657349
Liaoning,E. coli,Cefoxitin,other,E. coli | Cefoxitin,False,11270,13.708962500095367,1545,7.950310409069061,78.34072709083557
Liaoning,E. coli,Ceftazidime,other,E. coli | Ceftazidime,False,21050,28.057006001472473,5906,7.5486935675144196,64.39430117607117
Liaoning,E. coli,Ceftazidime/Avibactam,other,E. coli | Ceftazidime/Avibactam,False,675,4.888888821005821,33,0.0,95.1111137866974
Liaoning,E. coli,Ceftriaxone,other,E. coli | Ceftriaxone,False,16684,56.874847412109375,9489,0.2817070344462991,42.843443155288696
Liaoning,E. coli,Cefuroxime,other,E. coli | Cefuroxime,False,17513,58.44230055809021,10235,3.637297824025154,37.920400500297546
Liaoning,E. coli,Chloramphenicol,other,E. coli | Chloramphenicol,False,3530,30.198299884796143,1066,3.4560907632112503,66.34560823440552
Liaoning,E. coli,Ciprofloxacin,fluoroquinolones,E. coli | Ciprofloxacin,True,12807,69.17310953140259,8859,2.389318309724331,28.437572717666622
Liaoning,E. coli,Ertapenem,other,E. coli | Ertapenem,False,8043,2.660698816180229,214,0.5719258915632963,96.76737785339355
Liaoning,E. coli,Gentamicin,other,E. coli | Gentamicin,False,16387,38.52443993091583,6313,3.3258069306612015,58.149755001068115
Liaoning,E. coli,Imipenem,other,E. coli | Imipenem,False,19808,1.6357026994228363,324,0.4997980780899524,97.86449670791626
Liaoning,E. coli,Levofloxacin,fluoroquinolones,E. coli | Levofloxacin,True,20226,64.76317644119263,13099,3.49055677652359,31.746268272399902
Liaoning,E. coli,Meropenem,other,E. coli | Meropenem,False,16805,1.7435286194086077,293,0.3689378267154097,97.88753390312196
Liaoning,E. coli,Nitrofurantoin,other,E. coli | Nitrofurantoin,False,4470,3.10961976647377,139,5.928411707282066,90.9619688987732
Liaoning,E. coli,Piperacillin/Tazobactam,other,E. coli | Piperacillin/Tazobactam,False,19494,7.82804936170578,1526,2.800861746072769,89.37109112739563
Liaoning,E. coli,Polymyxin B,other,E. coli | Polymyxin B,False,680,0.7352941203862429,5,0.0,99.26470518112184
Liaoning,E. coli,Ticarcillin/Clavulanic acid,other,E. coli | Ticarcillin/Clavulanic acid,False,961,11.446409672498705,110,20.603537559509277,67.95005202293396
Liaoning,E. coli,Tigecycline,other,E. coli | Tigecycline,False,7897,0.3419019980356097,27,0.3672280581668019,99.29087162017822
Liaoning,E. coli,Tobramycin,other,E. coli | Tobramycin,False,8419,36.89274191856384,3106,2.19741053879261,60.909849405288696
Liaoning,E. coli,Trimethoprim/Sulfamethoxazole,sulfonamides,E. coli | Trimethoprim/Sulfamethoxazole,True,17972,59.6038281917572,10712,0.0,40.3961718082428
Liaoning,K. pneumoniae,Amikacin,other,K. pneumoniae | Amikacin,False,12569,7.343464344739914,923,2.760760672390461,89.89577293395996
Liaoning,K. pneumoniae,Amoxicillin/Clavulanic acid,other,K. pneumoniae | Amoxicillin/Clavulanic acid,False,8743,18.78073960542679,1642,9.184490144252775,72.03477025032043
Liaoning,K. pneumoniae,Ampicillin,other,K. pneumoniae | Ampicillin,False,5237,84.20851826667786,4410,13.11819702386856,2.673286199569702
Liaoning,K. pneumoniae,Ampicillin/Sulbactam,other,K. pneumoniae | Ampicillin/Sulbactam,False,14221,30.6096613407135,4353,7.52408429980278,61.86625361442566
Liaoning,K. pneumoniae,Aztreonam,other,K. pneumoniae | Aztreonam,False,14382,26.2689471244812,3778,1.738283969461918,71.99276685714722
Liaoning,K. pneumoniae,Cefazolin,other,K. pneumoniae | Cefazolin,False,9188,36.340880393981934,3339,9.305615723133087,54.3535053730011
Liaoning,K. pneumoniae,Cefepime,other,K. pneumoniae | Cefepime,False,18220,23.183314502239227,4224,2.843029610812664,73.9736557006836
Liaoning,K. pneumoniae,Cefoperazone/Sulbactam,other,K. pneumoniae | Cefoperazone/Sulbactam,False,15006,16.733306646347046,2511,4.6714648604393005,78.59522700309753
Liaoning,K. pneumoniae,Cefotaxime,other,K. pneumoniae | Cefotaxime,False,3627,28.480836749076843,1033,2.260821685194969,69.25833821296692
Liaoning,K. pneumoniae,Cefotetan,other,K. pneumoniae | Cefotetan,False,6255,10.24780198931694,641,0.8473221212625504,88.90487551689148
Liaoning,K. pneumoniae,Cefoxitin,other,K. pneumoniae | Cefoxitin,False,8873,18.7422513961792,1663,3.730418160557747,77.5273323059082
Liaoning,K. pneumoniae,Ceftazidime,other,K. pneumoniae | Ceftazidime,False,18347,23.442524671554565,4301,2.3273559287190437,74.23011660575867
Liaoning,K. pneumoniae,Ceftazidime/Avibactam,other,K. pneumoniae | Ceftazidime/Avibactam,False,882,7.709750533103943,68,0.0,92.29024648666382
Liaoning,K. pneumoniae,Ceftriaxone,other,K. pneumoniae | Ceftriaxone,False,13672,32.679930329322815,4468,0.2633118769153952,67.05675721168518
Liaoning,K. pneumoniae,Cefuroxime,other,K. pneumoniae | Cefuroxime,False,14743,35.34558713436127,5211,2.923421375453472,61.730992794036865
Liaoning,K. pneumoniae,Chloramphenicol,other,K. pneumoniae | Chloramphenicol,False,4511,23.897139728069305,1078,4.101086407899857,72.00177311897278
Liaoning,K. pneumoniae,Ciprofloxacin,fluoroquinolones,K. pneumoniae | Ciprofloxacin,True,12079,24.44738745689392,2953,4.271876811981201,71.28073573112488
Liaoning,K. pneumoniae,Ertapenem,other,K. pneumoniae | Ertapenem,False,6454,12.33343631029129,796,0.7902076467871666,86.87635660171509
Liaoning,K. pneumoniae,Gentamicin,other,K. pneumoniae | Gentamicin,False,13909,20.102092623710632,2796,3.9111368358135223,75.98677277565002
Liaoning,K. pneumoniae,Imipenem,other,K. pneumoniae | Imipenem,False,16941,12.90360689163208,2186,1.174665056169033,85.92172861099243
Liaoning,K. pneumoniae,Levofloxacin,fluoroquinolones,K. pneumoniae | Levofloxacin,True,17794,20.74294686317444,3691,3.501180186867714,75.75587034225464
Liaoning,K. pneumoniae,Meropenem,other,K. pneumoniae | Meropenem,False,15559,12.892860174179075,2006,0.4948904272168875,86.61224842071533
Liaoning,K. pneumoniae,Nitrofurantoin,other,K. pneumoniae | Nitrofurantoin,False,3256,25.921374559402462,844,43.36609244346619,30.71253001689911
Liaoning,K. pneumoniae,Piperacillin/Tazobactam,other,K. pneumoniae | Piperacillin/Tazobactam,False,16654,19.02846097946167,3169,3.9570074528455734,77.01452970504761
Liaoning,K. pneumoniae,Polymyxin B,other,K. pneumoniae | Polymyxin B,False,677,2.0679468289017677,14,0.0,97.93205261230467
Liaoning,K. pneumoniae,Ticarcillin/Clavulanic acid,other,K. pneumoniae | Ticarcillin/Clavulanic acid,False,1652,26.331719756126404,435,5.387409031391144,68.28086972236633
Liaoning,K. pneumoniae,Tigecycline,other,K. pneumoniae | Tigecycline,False,6643,2.0773746073246,138,4.50097844004631,93.42164397239684
Liaoning,K. pneumoniae,Tobramycin,other,K. pneumoniae | Tobramycin,False,8174,22.094446420669556,1806,2.091998979449272,75.81355571746826
Liaoning,K. pneumoniae,Trimethoprim/Sulfamethoxazole,sulfonamides,K. pneumoniae | Trimethoprim/Sulfamethoxazole,False,15903,29.082563519477844,4625,0.0,70.9174394607544
Liaoning,P. aeruginosa,Amikacin,other,P. aeruginosa | Amikacin,False,6993,4.075504094362259,285,1.5587016008794308,94.365793466568
Liaoning,P. aeruginosa,Aztreonam,other,P. aeruginosa | Aztreonam,False,5872,22.71798402070999,1334,18.290190398693085,58.99182558059693
Liaoning,P. aeruginosa,Cefepime,other,P. aeruginosa | Cefepime,False,8153,9.947258979082108,811,12.38807812333107,77.6646614074707
Liaoning,P. aeruginosa,Cefoperazone/Sulbactam,other,P. aeruginosa | Cefoperazone/Sulbactam,False,6264,14.671136438846588,919,12.531928718090056,72.79693484306335
Liaoning,P. aeruginosa,Ceftazidime,other,P. aeruginosa | Ceftazidime,False,8223,16.271433234214783,1338,5.47245517373085,78.25611233711243
Liaoning,P. aeruginosa,Ceftazidime/Avibactam,other,P. aeruginosa | Ceftazidime/Avibactam,False,314,5.41401281952858,17,0.0,94.58598494529724
Liaoning,P. aeruginosa,Ciprofloxacin,fluoroquinolones,P. aeruginosa | Ciprofloxacin,True,8148,15.74619561433792,1283,5.64555712044239,78.60824465751648
Liaoning,P. aeruginosa,Gentamicin,other,P. aeruginosa | Gentamicin,False,3324,10.228639841079712,340,4.632972180843353,85.13838648796082
Liaoning,P. aeruginosa,Imipenem,other,P. aeruginosa | Imipenem,False,7628,23.21709543466568,1771,3.4478239715099335,73.33508133888245
Liaoning,P. aeruginosa,Levofloxacin,fluoroquinolones,P. aeruginosa | Levofloxacin,False,8210,16.650426387786865,1367,9.15956124663353,74.19001460075378
Liaoning,P. aeruginosa,Meropenem,other,P. aeruginosa | Meropenem,False,7973,20.193152129650116,1610,4.791170358657837,75.01567602157593
Liaoning,P. aeruginosa,Piperacillin,other,P. aeruginosa | Piperacillin,False,3163,24.723364412784576,782,8.883970975875854,66.39266610145569
Liaoning,P. aeruginosa,Piperacillin/Tazobactam,other,P. aeruginosa | Piperacillin/Tazobactam,False,7318,19.28122490644455,1411,5.206340551376343,75.51243305206299
Liaoning,P. aeruginosa,Polymyxin B,other,P. aeruginosa | Polymyxin B,False,1095,3.4703195095062256,38,0.0,96.52968049049376
Liaoning,P. aeruginosa,Tobramycin,other,P. aeruginosa | Tobramycin,False,6041,11.024665087461472,666,2.92997844517231,86.04535460472107
Liaoning,S. aureus,Cefoxitin,other,S. aureus | Cefoxitin,False,1519,11.19157373905182,170,0.0,88.80842924118042
Liaoning,S. aureus,Chloramphenicol,other,S. aureus | Chloramphenicol,False,1594,8.030112832784653,128,1.756587252020836,90.21329879760742
Liaoning,S. aureus,Ciprofloxacin,fluoroquinolones,S. aureus | Ciprofloxacin,False,5139,26.07511281967163,1340,7.686319947242737,66.23857021331787
Liaoning,S. aureus,Clindamycin,other,S. aureus | Clindamycin,False,7532,35.70100963115692,2689,1.0223048739135263,63.276684284210205
Liaoning,S. aureus,Erythromycin,macrolides,S. aureus | Erythromycin,True,7844,73.02396893501282,5728,2.524222247302532,24.451810121536255
Liaoning,S. aureus,Gentamicin,other,S. aureus | Gentamicin,False,7954,9.17777195572853,730,3.4950967878103256,87.32712864875793
Liaoning,S. aureus,Levofloxacin,fluoroquinolones,S. aureus | Levofloxacin,False,6480,25.37037134170532,1644,1.4660493470728395,73.16358089447021
Liaoning,S. aureus,Linezolid,other,S. aureus | Linezolid,False,7981,0.0,0,0.0,100.0
Liaoning,S. aureus,Nitrofurantoin,other,S. aureus | Nitrofurantoin,False,1282,0.7020280696451664,9,0.3900155890733003,98.90795350074768
Liaoning,S. aureus,Oxacillin,other,S. aureus | Oxacillin,False,7988,14.88482654094696,1189,0.0,85.1151704788208
Liaoning,S. aureus,Penicillin G,other,S. aureus | Penicillin G,False,7530,86.85259222984314,6540,0.0,13.1474107503891
Liaoning,S. aureus,Rifampicin,other,S. aureus | Rifampicin,False,7940,1.586901769042015,126,0.3778337500989437,98.03526401519775
Liaoning,S. aureus,Teicoplanin,other,S. aureus | Teicoplanin,False,3371,0.0,0,0.0,100.0
Liaoning,S. aureus,Tetracycline,other,S. aureus | Tetracycline,False,5550,11.747747659683228,652,3.0450450256466866,85.20720601081848
Liaoning,S. aureus,Trimethoprim/Sulfamethoxazole,sulfonamides,S. aureus | Trimethoprim/Sulfamethoxazole,False,7077,19.14653033018112,1355,0.028260561521165,80.82520961761475
Liaoning,S. aureus,Vancomycin,other,S. aureus | Vancomycin,False,7885,0.0,0,0.0,100.0
Ningxia,A. baumannii,Amikacin,other,A. baumannii | Amikacin,False,2130,30.234742164611816,644,0.5633802618831396,69.20188069343567
Ningxia,A. baumannii,Ampicillin/Sulbactam,other,A. baumannii | Ampicillin/Sulbactam,False,1043,16.586768627166748,173,1.4381591230630877,81.9750726222992
Ningxia,A. baumannii,Aztreonam,other,A. baumannii | Aztreonam,False,156,62.17948794364929,97,26.28205120563507,11.538461595773695
Ningxia,A. baumannii,Cefepime,other,A. baumannii | Cefepime,False,2426,29.760923981666565,722,6.512778252363205,63.72630000114441
Ningxia,A. baumannii,Cefoperazone/Sulbactam,other,A. baumannii | Cefoperazone/Sulbactam,False,1786,28.051510453224186,501,6.326987594366074,65.62150120735168
Ningxia,A. baumannii,Cefotaxime,other,A. baumannii | Cefotaxime,False,350,11.142857372760773,39,25.428572297096252,63.428568840026855
Ningxia,A. baumannii,Ceftazidime,other,A. baumannii | Ceftazidime,False,2292,36.692845821380615,841,2.7923211455345154,60.51483154296875
Ningxia,A. baumannii,Ceftriaxone,other,A. baumannii | Ceftriaxone,False,778,19.40874010324478,151,40.74550271034241,39.84575867652893
Ningxia,A. baumannii,Ciprofloxacin,fluoroquinolones,A. baumannii | Ciprofloxacin,False,2317,37.33275830745697,865,0.3452740609645843,62.321966886520386
Ningxia,A. baumannii,Gentamicin,other,A. baumannii | Gentamicin,False,1052,18.06083619594574,190,1.80608369410038,80.13308048248291
Ningxia,A. baumannii,Imipenem,other,A. baumannii | Imipenem,False,2319,34.15265083312988,792,0.0862440734636038,65.76110124588013
Ningxia,A. baumannii,Levofloxacin,fluoroquinolones,A. baumannii | Levofloxacin,True,2432,30.05756437778473,731,5.180921033024788,64.7615134716034
Ningxia,A. baumannii,Meropenem,other,A. baumannii | Meropenem,False,2124,35.82862615585327,761,0.2354048890992999,63.9359712600708
Ningxia,A. baumannii,Minocycline,other,A. baumannii | Minocycline,False,1725,18.550725281238556,320,17.33333319425583,64.11594152450562
Ningxia,A. baumannii,Piperacillin/Tazobactam,other,A. baumannii | Piperacillin/Tazobactam,False,2050,39.17073309421539,803,2.19512190669775,58.63414406776428
Ningxia,A. baumannii,Polymyxin B,other,A. baumannii | Polymyxin B,False,105,4.76190485060215,5,0.0,95.23809552192688
Ningxia,A. baumannii,Tigecycline,other,A. baumannii | Tigecycline,False,1470,3.333333507180214,49,3.401360660791397,93.26530694961548
Ningxia,A. baumannii,Tobramycin,other,A. baumannii | Tobramycin,False,1780,40.8426970243454,727,0.4494382068514824,58.707863092422485
Ningxia,E. coli,Amikacin,other,E. coli | Amikacin,False,11543,3.4653037786483765,400,3.491293266415596,93.04340481758118
Ningxia,E. coli,Amoxicillin/Clavulanic acid,other,E. coli | Amoxicillin/Clavulanic acid,False,2992,8.422459661960602,252,11.93181797862053,79.64572310447693
Ningxia,E. coli,Ampicillin,other,E. coli | Ampicillin,False,11739,82.80091881752014,9720,1.269273366779089,15.929806232452393
Ningxia,E. coli,Ampicillin/Sulbactam,other,E. coli | Ampicillin/Sulbactam,False,12767,30.939140915870667,3950,26.29435360431671,42.76650846004486
Ningxia,E. coli,Aztreonam,other,E. coli | Aztreonam,False,13207,28.69690358638763,3790,2.4532444775104523,68.84984970092773
Ningxia,E. coli,Cefazolin,other,E. coli | Cefazolin,False,5438,58.75321626663208,3195,11.805810779333116,29.440972208976746
Ningxia,E. coli,Cefepime,other,E. coli | Cefepime,False,13741,21.206608414649963,2914,8.05618241429329,70.73720693588257
Ningxia,E. coli,Cefoperazone/Sulbactam,other,E. coli | Cefoperazone/Sulbactam,False,9335,3.2779861241579056,306,3.4600965678691864,93.26191544532776
Ningxia,E. coli,Cefotaxime,other,E. coli | Cefotaxime,False,3336,43.285372853279114,1444,0.9892086498439312,55.72541952133179
Ningxia,E. coli,Cefotetan,other,E. coli | Cefotetan,False,8429,1.5185668133199215,128,0.8067386224865913,97.6746916770935
Ningxia,E. coli,Cefoxitin,other,E. coli | Cefoxitin,False,3090,8.673138916492462,268,3.5922329872846603,87.73462772369385
Ningxia,E. coli,Ceftazidime,other,E. coli | Ceftazidime,False,13547,19.17029619216919,2597,7.226692140102387,73.6030101776123
Ningxia,E. coli,Ceftazidime/Avibactam,other,E. coli | Ceftazidime/Avibactam,False,23,100.0,23,0.0,0.0
Ningxia,E. coli,Ceftriaxone,other,E. coli | Ceftriaxone,False,12613,46.00015878677368,5802,0.5311979912221432,53.46864461898804
Ningxia,E. coli,Cefuroxime,other,E. coli | Cefuroxime,False,9917,47.524452209472656,4713,3.0956942588090897,49.379852414131165
Ningxia,E. coli,Chloramphenicol,other,E. coli | Chloramphenicol,False,1267,20.994475483894348,266,2.5256510823965073,76.47987604141235
Ningxia,E. coli,Ciprofloxacin,fluoroquinolones,E. coli | Ciprofloxacin,True,12377,53.857964277267456,6666,2.666235715150833,43.47580075263977
Ningxia,E. coli,Ertapenem,other,E. coli | Ertapenem,False,4419,0.3168137511238456,14,0.090518215438351,99.59266781806946
Ningxia,E. coli,Gentamicin,other,E. coli | Gentamicin,False,13419,35.09948551654816,4710,3.9347194135189056,60.96579432487488
Ningxia,E. coli,Imipenem,other,E. coli | Imipenem,False,12550,0.7011952344328165,88,0.2151394495740533,99.08366799354552
Ningxia,E. coli,Levofloxacin,fluoroquinolones,E. coli | Levofloxacin,True,13010,50.491929054260254,6569,3.712528944015503,45.79554200172424
Ningxia,E. coli,Meropenem,other,E. coli | Meropenem,False,12028,0.6235450506210327,75,0.0415696704294532,99.33488368988036
Ningxia,E. coli,Nitrofurantoin,other,E. coli | Nitrofurantoin,False,5409,1.2386762537062168,67,4.677389562129974,94.08393502235413
Ningxia,E. coli,Piperacillin/Tazobactam,other,E. coli | Piperacillin/Tazobactam,False,13440,4.791666567325592,644,2.45535708963871,92.7529752254486
Ningxia,E. coli,Polymyxin B,other,E. coli | Polymyxin B,False,360,2.222222276031971,8,0.0,97.77777791023254
Ningxia,E. coli,Ticarcillin/Clavulanic acid,other,E. coli | Ticarcillin/Clavulanic acid,False,5344,10.011227428913116,535,13.922156393527985,76.06661915779114
Ningxia,E. coli,Tigecycline,other,E. coli | Tigecycline,False,4214,0.2373042283579707,10,0.2610346535220742,99.5016634464264
Ningxia,E. coli,Tobramycin,other,E. coli | Tobramycin,False,9160,33.86462926864624,3102,3.034934587776661,63.10043931007385
Ningxia,E. coli,Trimethoprim/Sulfamethoxazole,sulfonamides,E. coli | Trimethoprim/Sulfamethoxazole,True,13257,50.531792640686035,6699,0.3243569517508149,49.143847823143005
Ningxia,K. pneumoniae,Amikacin,other,K. pneumoniae | Amikacin,False,9271,1.0570596903562546,98,1.5208715572953224,97.42206931114195
Ningxia,K. pneumoniae,Amoxicillin/Clavulanic acid,other,K. pneumoniae | Amoxicillin/Clavulanic acid,False,2916,4.595335945487022,134,2.194787375628948,93.20987462997437
Ningxia,K. pneumoniae,Ampicillin,other,K. pneumoniae | Ampicillin,False,4738,78.91515493392944,3739,15.998311340808868,5.086534470319748
Ningxia,K. pneumoniae,Ampicillin/Sulbactam,other,K. pneumoniae | Ampicillin/Sulbactam,False,11757,11.508037894964218,1353,4.9757592380046844,83.51620435714722
Ningxia,K. pneumoniae,Aztreonam,other,K. pneumoniae | Aztreonam,False,11561,6.798719614744186,786,0.6314332596957684,92.5698459148407
Ningxia,K. pneumoniae,Cefazolin,other,K. pneumoniae | Cefazolin,False,7186,16.128583252429962,1159,11.925967037677763,71.94544672966003
Ningxia,K. pneumoniae,Cefepime,other,K. pneumoniae | Cefepime,False,12077,5.075763911008835,613,1.4738759957253933,93.45036149024963
Ningxia,K. pneumoniae,Cefoperazone/Sulbactam,other,K. pneumoniae | Cefoperazone/Sulbactam,False,8112,1.6888560727238655,137,1.0355029255151749,97.27563858032228
Ningxia,K. pneumoniae,Cefotaxime,other,K. pneumoniae | Cefotaxime,False,3419,6.873355060815811,235,0.9651944972574712,92.16145277023315
Ningxia,K. pneumoniae,Cefotetan,other,K. pneumoniae | Cefotetan,False,6522,1.1499539948999882,75,0.3833180060610175,98.46673011779784
Ningxia,K. pneumoniae,Cefoxitin,other,K. pneumoniae | Cefoxitin,False,3128,5.274936184287071,165,1.630434766411781,93.09462904930116
Ningxia,K. pneumoniae,Ceftazidime,other,K. pneumoniae | Ceftazidime,False,11756,5.631167069077492,662,1.531133055686951,92.83769726753236
Ningxia,K. pneumoniae,Ceftazidime/Avibactam,other,K. pneumoniae | Ceftazidime/Avibactam,False,27,77.77777910232544,21,0.0,22.22222238779068
Ningxia,K. pneumoniae,Ceftriaxone,other,K. pneumoniae | Ceftriaxone,False,10711,9.971057623624802,1068,0.205396325327456,89.82354402542114
Ningxia,K. pneumoniae,Cefuroxime,other,K. pneumoniae | Cefuroxime,False,9180,12.930282950401306,1187,2.01525054872036,85.05446910858154
Ningxia,K. pneumoniae,Chloramphenicol,other,K. pneumoniae | Chloramphenicol,False,1992,9.538152813911438,190,1.606425642967224,88.85542154312134
Ningxia,K. pneumoniae,Ciprofloxacin,fluoroquinolones,K. pneumoniae | Ciprofloxacin,True,10448,5.31202144920826,555,1.7132464796304705,92.97473430633544
Ningxia,K. pneumoniae,Ertapenem,other,K. pneumoniae | Ertapenem,False,3931,0.1526329200714826,6,0.0254388200119137,99.82193112373352
Ningxia,K. pneumoniae,Gentamicin,other,K. pneumoniae | Gentamicin,False,11925,4.9392033368349075,589,2.4737944826483727,92.58700013160706
Ningxia,K. pneumoniae,Imipenem,other,K. pneumoniae | Imipenem,False,10712,0.7561613339930773,81,0.9335325099527836,98.31030368804932
Ningxia,K. pneumoniae,Levofloxacin,fluoroquinolones,K. pneumoniae | Levofloxacin,True,12011,4.187827929854393,503,1.515277661383152,94.29689645767212
Ningxia,K. pneumoniae,Meropenem,other,K. pneumoniae | Meropenem,False,10815,0.7674525957554579,83,0.1017105882056057,99.13083910942078
Ningxia,K. pneumoniae,Nitrofurantoin,other,K. pneumoniae | Nitrofurantoin,False,4503,12.169664353132248,548,43.5709536075592,44.25938129425049
Ningxia,K. pneumoniae,Piperacillin/Tazobactam,other,K. pneumoniae | Piperacillin/Tazobactam,False,11811,2.853272296488285,337,3.0310727655887604,94.1156566143036
Ningxia,K. pneumoniae,Polymyxin B,other,K. pneumoniae | Polymyxin B,False,619,1.1308562010526657,7,0.0,98.86914491653442
Ningxia,K. pneumoniae,Ticarcillin/Clavulanic acid,other,K. pneumoniae | Ticarcillin/Clavulanic acid,False,3784,6.791754812002182,257,5.496828630566597,87.71141767501831
Ningxia,K. pneumoniae,Tigecycline,other,K. pneumoniae | Tigecycline,False,4155,1.275571621954441,53,0.7220216561108828,98.00240397453308
Ningxia,K. pneumoniae,Tobramycin,other,K. pneumoniae | Tobramycin,False,7185,6.847599148750305,492,1.2108559720218182,91.94154739379884
Ningxia,K. pneumoniae,Trimethoprim/Sulfamethoxazole,sulfonamides,K. pneumoniae | Trimethoprim/Sulfamethoxazole,False,11539,13.242048025131226,1528,1.854580081999302,84.90337133407593
Ningxia,P. aeruginosa,Amikacin,other,P. aeruginosa | Amikacin,False,2518,0.7942811585962772,20,0.7942811585962772,98.41143488883972
Ningxia,P. aeruginosa,Aztreonam,other,P. aeruginosa | Aztreonam,False,2538,9.810874611139296,249,13.238771259784698,76.95035338401794
Ningxia,P. aeruginosa,Cefepime,other,P. aeruginosa | Cefepime,False,3106,3.5737283527851105,111,6.342563033103943,90.08370637893675
Ningxia,P. aeruginosa,Cefoperazone/Sulbactam,other,P. aeruginosa | Cefoperazone/Sulbactam,False,2457,5.128205195069313,126,6.4713068306446075,88.40048909187317
Ningxia,P. aeruginosa,Ceftazidime,other,P. aeruginosa | Ceftazidime,False,3006,7.751164585351944,233,2.3286759853363037,89.92015719413757
Ningxia,P. aeruginosa,Ceftazidime/Avibactam,other,P. aeruginosa | Ceftazidime/Avibactam,False,19,15.789473056793211,3,0.0,84.21052694320679
Ningxia,P. aeruginosa,Ciprofloxacin,fluoroquinolones,P. aeruginosa | Ciprofloxacin,True,3096,4.9418605864048,153,3.456072509288788,91.6020691394806
Ningxia,P. aeruginosa,Gentamicin,other,P. aeruginosa | Gentamicin,False,1192,3.0201341956853867,36,2.348993346095085,94.6308732032776
Ningxia,P. aeruginosa,Imipenem,other,P. aeruginosa | Imipenem,False,2889,5.642090737819672,163,1.2807199731469154,93.07718873023988
Ningxia,P. aeruginosa,Levofloxacin,fluoroquinolones,P. aeruginosa | Levofloxacin,False,3106,5.92401809990406,184,4.861558228731155,89.214426279068
Ningxia,P. aeruginosa,Meropenem,other,P. aeruginosa | Meropenem,False,2945,4.346349835395813,128,1.799660362303257,93.85399222373962
Ningxia,P. aeruginosa,Piperacillin,other,P. aeruginosa | Piperacillin,False,1409,7.665010541677475,108,4.045422375202179,88.28956484794617
Ningxia,P. aeruginosa,Piperacillin/Tazobactam,other,P. aeruginosa | Piperacillin/Tazobactam,False,3002,7.495003193616867,225,3.5309795290231705,88.97401690483093
Ningxia,P. aeruginosa,Polymyxin B,other,P. aeruginosa | Polymyxin B,False,162,5.55555559694767,9,0.0,94.44444179534912
Ningxia,P. aeruginosa,Tobramycin,other,P. aeruginosa | Tobramycin,False,1866,2.840300090610981,53,2.7331190183758736,94.42657828330994
Ningxia,S. aureus,Cefoxitin,other,S. aureus | Cefoxitin,False,1473,21.995927393436432,324,0.0,78.00407409667969
Ningxia,S. aureus,Chloramphenicol,other,S. aureus | Chloramphenicol,False,73,10.958904027938845,8,10.958904027938845,78.08219194412231
Ningxia,S. aureus,Ciprofloxacin,fluoroquinolones,S. aureus | Ciprofloxacin,False,4018,10.652066022157667,428,3.036336414515972,86.31159663200378
Ningxia,S. aureus,Clindamycin,other,S. aureus | Clindamycin,False,5286,36.87098026275635,1949,0.9080590680241584,62.22096085548401
Ningxia,S. aureus,Erythromycin,macrolides,S. aureus | Erythromycin,True,5397,56.9205105304718,3072,1.1673151515424252,41.91217422485352
Ningxia,S. aureus,Gentamicin,other,S. aureus | Gentamicin,False,5417,6.461140513420105,350,2.6582978665828705,90.88056087493896
Ningxia,S. aureus,Levofloxacin,fluoroquinolones,S. aureus | Levofloxacin,False,5209,9.1956228017807,479,1.6893837600946426,89.11499381065369
Ningxia,S. aureus,Linezolid,other,S. aureus | Linezolid,False,5410,0.0,0,0.0,100.0
Ningxia,S. aureus,Nitrofurantoin,other,S. aureus | Nitrofurantoin,False,2495,0.120240484829992,3,0.0400801596697419,99.83968138694765
Ningxia,S. aureus,Oxacillin,other,S. aureus | Oxacillin,False,4695,26.602768898010257,1249,0.0,73.39723110198975
Ningxia,S. aureus,Penicillin G,other,S. aureus | Penicillin G,False,4613,91.54562950134276,4223,0.0,8.454368263483047
Ningxia,S. aureus,Rifampicin,other,S. aureus | Rifampicin,False,5405,1.387604046612978,75,0.1665124902501702,98.4458863735199
Ningxia,S. aureus,Teicoplanin,other,S. aureus | Teicoplanin,False,1841,0.0,0,0.0,100.0
Ningxia,S. aureus,Tetracycline,other,S. aureus | Tetracycline,False,4091,13.321925699710846,545,1.368858478963375,85.30921339988708
Ningxia,S. aureus,Trimethoprim/Sulfamethoxazole,sulfonamides,S. aureus | Trimethoprim/Sulfamethoxazole,False,5311,14.7994726896286,786,0.2636038465425372,84.93692278862
Ningxia,S. aureus,Vancomycin,other,S. aureus | Vancomycin,False,5402,0.0,0,0.0,100.0
Qinghai,A. baumannii,Amikacin,other,A. baumannii | Amikacin,False,799,12.51564472913742,100,1.6270337626338005,85.85731983184814
Qinghai,A. baumannii,Ampicillin/Sulbactam,other,A. baumannii | Ampicillin/Sulbactam,False,549,21.675774455070496,119,1.2750455178320408,77.04917788505554
Qinghai,A. baumannii,Aztreonam,other,A. baumannii | Aztreonam,False,20,55.000001192092896,11,30.000001192092896,15.000000596046448
Qinghai,A. baumannii,Cefepime,other,A. baumannii | Cefepime,False,2044,21.135029196739197,432,7.876712083816528,70.98825573921204
Qinghai,A. baumannii,Cefoperazone/Sulbactam,other,A. baumannii | Cefoperazone/Sulbactam,False,1421,23.08233678340912,328,2.3926811292767525,74.52498078346252
Qinghai,A. baumannii,Cefotaxime,other,A. baumannii | Cefotaxime,False,164,15.853658318519592,26,15.243902802467346,68.90243887901306
Qinghai,A. baumannii,Ceftazidime,other,A. baumannii | Ceftazidime,False,2063,26.22394561767578,541,2.084343135356903,71.6917097568512
Qinghai,A. baumannii,Ceftriaxone,other,A. baumannii | Ceftriaxone,False,419,21.479713916778564,90,27.6849627494812,50.835323333740234
Qinghai,A. baumannii,Ciprofloxacin,fluoroquinolones,A. baumannii | Ciprofloxacin,False,1955,28.08184027671814,549,0.7161125540733337,71.20204567909241
Qinghai,A. baumannii,Gentamicin,other,A. baumannii | Gentamicin,False,721,14.008322358131409,101,2.63522882014513,83.35645198822021
Qinghai,A. baumannii,Imipenem,other,A. baumannii | Imipenem,False,1935,27.39018201828003,530,0.5167958792299032,72.09302186965942
Qinghai,A. baumannii,Levofloxacin,fluoroquinolones,A. baumannii | Levofloxacin,True,1984,23.63911271095276,469,4.73790317773819,71.62298560142517
Qinghai,A. baumannii,Meropenem,other,A. baumannii | Meropenem,False,1510,22.980132699012756,347,0.794702023267746,76.22516751289368
Qinghai,A. baumannii,Minocycline,other,A. baumannii | Minocycline,False,717,21.757322549819943,156,13.807530701160433,64.43514823913574
Qinghai,A. baumannii,Piperacillin/Tazobactam,other,A. baumannii | Piperacillin/Tazobactam,False,1528,30.104711651802063,460,2.421465888619423,67.47382283210754
Qinghai,A. baumannii,Polymyxin B,other,A. baumannii | Polymyxin B,False,532,5.451127886772156,29,0.0,94.54887509346008
Qinghai,A. baumannii,Tigecycline,other,A. baumannii | Tigecycline,False,1371,0.8752735331654549,12,3.4281548112630844,95.69657444953918
Qinghai,A. baumannii,Tobramycin,other,A. baumannii | Tobramycin,False,1626,24.661746621131897,401,0.7380073890089989,74.60024356842041
Qinghai,E. coli,Amikacin,other,E. coli | Amikacin,False,6026,2.92067714035511,176,2.057749778032303,95.0215756893158
Qinghai,E. coli,Amoxicillin/Clavulanic acid,other,E. coli | Amoxicillin/Clavulanic acid,False,4237,7.387302070856094,313,18.29124391078949,74.32145476341248
Qinghai,E. coli,Ampicillin,other,E. coli | Ampicillin,False,5241,85.07918119430542,4459,0.9921770542860032,13.928639888763428
Qinghai,E. coli,Ampicillin/Sulbactam,other,E. coli | Ampicillin/Sulbactam,False,6187,35.91401278972626,2222,26.87894105911255,37.207046151161194
Qinghai,E. coli,Aztreonam,other,E. coli | Aztreonam,False,5891,29.451707005500793,1735,2.817857824265957,67.73043870925903
Qinghai,E. coli,Cefazolin,other,E. coli | Cefazolin,False,2144,59.981346130371094,1286,15.205223858356476,24.81343299150467
Qinghai,E. coli,Cefepime,other,E. coli | Cefepime,False,8709,25.1004695892334,2186,7.69319087266922,67.2063410282135
Qinghai,E. coli,Cefoperazone/Sulbactam,other,E. coli | Cefoperazone/Sulbactam,False,3950,3.34177203476429,132,3.848101198673248,92.81012415885924
Qinghai,E. coli,Cefotaxime,other,E. coli | Cefotaxime,False,841,32.22354352474213,271,0.9512485004961492,66.82521104812622
Qinghai,E. coli,Cefotetan,other,E. coli | Cefotetan,False,3486,1.1187607422471046,39,0.3442340763285756,98.53700399398804
Qinghai,E. coli,Cefoxitin,other,E. coli | Cefoxitin,False,4324,8.048103749752045,348,5.018501356244087,86.93339228630066
Qinghai,E. coli,Ceftazidime,other,E. coli | Ceftazidime,False,8874,20.54315954446793,1823,7.6741039752960205,71.78273797035217
Qinghai,E. coli,Ceftazidime/Avibactam,other,E. coli | Ceftazidime/Avibactam,False,0,0.0,0,0.0,0.0
Qinghai,E. coli,Ceftriaxone,other,E. coli | Ceftriaxone,False,7310,49.83583986759186,3643,0.2735978225246072,49.890559911727905
Qinghai,E. coli,Cefuroxime,other,E. coli | Cefuroxime,False,3961,53.14314365386963,2105,2.6508457958698273,44.206008315086365
Qinghai,E. coli,Chloramphenicol,other,E. coli | Chloramphenicol,False,1106,18.35443079471588,203,2.350813709199429,79.294753074646
Qinghai,E. coli,Ciprofloxacin,fluoroquinolones,E. coli | Ciprofloxacin,True,4968,51.73107981681824,2570,1.9323671236634257,46.33655250072479
Qinghai,E. coli,Ertapenem,other,E. coli | Ertapenem,False,6633,0.4975124262273312,33,0.0753806729335337,99.42710399627686
Qinghai,E. coli,Gentamicin,other,E. coli | Gentamicin,False,5850,37.09401786327362,2170,1.299145258963108,61.60683631896973
Qinghai,E. coli,Imipenem,other,E. coli | Imipenem,False,7734,0.4784070421010256,37,0.1680889632552862,99.3535041809082
Qinghai,E. coli,Levofloxacin,fluoroquinolones,E. coli | Levofloxacin,True,7596,51.61927342414856,3921,4.146919399499893,44.23380792140961
Qinghai,E. coli,Meropenem,other,E. coli | Meropenem,False,2433,0.2055075950920581,5,0.0822030415292829,99.7122883796692
Qinghai,E. coli,Nitrofurantoin,other,E. coli | Nitrofurantoin,False,331,1.2084592133760452,4,3.323262929916382,95.46827673912048
Qinghai,E. coli,Piperacillin/Tazobactam,other,E. coli | Piperacillin/Tazobactam,False,7600,4.934210702776909,375,1.3421053066849709,93.72368454933168
Qinghai,E. coli,Polymyxin B,other,E. coli | Polymyxin B,False,291,0.3436426166445017,1,0.0,99.65635538101196
Qinghai,E. coli,Ticarcillin/Clavulanic acid,other,E. coli | Ticarcillin/Clavulanic acid,False,127,3.1496062874794006,4,11.811023950576782,85.03937125205994
Qinghai,E. coli,Tigecycline,other,E. coli | Tigecycline,False,4045,0.1730531570501625,7,0.2224969211965799,99.60445165634157
Qinghai,E. coli,Tobramycin,other,E. coli | Tobramycin,False,3548,37.31679916381836,1324,1.493799313902855,61.18940114974976
Qinghai,E. coli,Trimethoprim/Sulfamethoxazole,sulfonamides,E. coli | Trimethoprim/Sulfamethoxazole,True,8597,52.878910303115845,4546,0.0,47.121089696884155
Qinghai,K. pneumoniae,Amikacin,other,K. pneumoniae | Amikacin,False,3382,1.0644588619470596,36,0.2661147154867649,98.66942763328552
Qinghai,K. pneumoniae,Amoxicillin/Clavulanic acid,other,K. pneumoniae | Amoxicillin/Clavulanic acid,False,2915,6.1749570071697235,180,5.9348199516534805,87.89022564888
Qinghai,K. pneumoniae,Ampicillin,other,K. pneumoniae | Ampicillin,False,777,81.98198080062866,637,13.127413392066956,4.890605062246323
Qinghai,K. pneumoniae,Ampicillin/Sulbactam,other,K. pneumoniae | Ampicillin/Sulbactam,False,3185,10.486656427383425,334,5.368916690349579,84.14442539215088
Qinghai,K. pneumoniae,Aztreonam,other,K. pneumoniae | Aztreonam,False,2962,7.32613131403923,217,0.6076974794268608,92.0661687850952
Qinghai,K. pneumoniae,Cefazolin,other,K. pneumoniae | Cefazolin,False,1422,8.720112591981888,124,32.20815658569336,59.07173156738281
Qinghai,K. pneumoniae,Cefepime,other,K. pneumoniae | Cefepime,False,4578,5.5701181292533875,255,1.0484928265213966,93.38138699531557
Qinghai,K. pneumoniae,Cefoperazone/Sulbactam,other,K. pneumoniae | Cefoperazone/Sulbactam,False,3021,2.085402235388756,63,0.5958292167633772,97.31876850128174
Qinghai,K. pneumoniae,Cefotaxime,other,K. pneumoniae | Cefotaxime,False,664,3.6144576966762543,24,0.4518072120845318,95.933735370636
Qinghai,K. pneumoniae,Cefotetan,other,K. pneumoniae | Cefotetan,False,1470,2.1088436245918274,31,0.4761904943734407,97.41496443748474
Qinghai,K. pneumoniae,Cefoxitin,other,K. pneumoniae | Cefoxitin,False,2844,5.83684965968132,166,1.4767932705581188,92.68635511398315
Qinghai,K. pneumoniae,Ceftazidime,other,K. pneumoniae | Ceftazidime,False,4836,5.851943790912628,283,1.323407795280218,92.82464981079102
Qinghai,K. pneumoniae,Ceftazidime/Avibactam,other,K. pneumoniae | Ceftazidime/Avibactam,False,0,0.0,0,0.0,0.0
Qinghai,K. pneumoniae,Ceftriaxone,other,K. pneumoniae | Ceftriaxone,False,3767,11.8662066757679,447,0.265463232062757,87.868332862854
Qinghai,K. pneumoniae,Cefuroxime,other,K. pneumoniae | Cefuroxime,False,2976,11.323924362659454,337,2.016128972172737,86.6599440574646
Qinghai,K. pneumoniae,Chloramphenicol,other,K. pneumoniae | Chloramphenicol,False,629,10.651828348636627,67,0.953895039856434,88.39427828788757
Qinghai,K. pneumoniae,Ciprofloxacin,fluoroquinolones,K. pneumoniae | Ciprofloxacin,True,2123,7.253886014223099,154,1.1304757557809353,91.61564111709596
Qinghai,K. pneumoniae,Ertapenem,other,K. pneumoniae | Ertapenem,False,3434,1.0483400896191597,36,0.1456027966924011,98.80605936050416
Qinghai,K. pneumoniae,Gentamicin,other,K. pneumoniae | Gentamicin,False,2886,6.029105931520462,174,0.2772002713754773,93.69369149208067
Qinghai,K. pneumoniae,Imipenem,other,K. pneumoniae | Imipenem,False,4347,0.9891879744827748,43,0.5291005130857229,98.48170876502992
Qinghai,K. pneumoniae,Levofloxacin,fluoroquinolones,K. pneumoniae | Levofloxacin,True,4343,6.1017729341983795,265,1.6117891296744349,92.28643774986269
Qinghai,K. pneumoniae,Meropenem,other,K. pneumoniae | Meropenem,False,1862,0.3759398590773344,7,0.0537056941539049,99.57035183906557
Qinghai,K. pneumoniae,Nitrofurantoin,other,K. pneumoniae | Nitrofurantoin,False,422,11.848340928554537,50,47.1563994884491,40.99526107311249
Qinghai,K. pneumoniae,Piperacillin/Tazobactam,other,K. pneumoniae | Piperacillin/Tazobactam,False,4062,3.914327919483185,159,2.2648941725492477,93.82078051567078
Qinghai,K. pneumoniae,Polymyxin B,other,K. pneumoniae | Polymyxin B,False,220,1.3636363670229912,3,0.0,98.6363649368286
Qinghai,K. pneumoniae,Ticarcillin/Clavulanic acid,other,K. pneumoniae | Ticarcillin/Clavulanic acid,False,120,3.333333507180214,4,2.500000037252903,94.16666626930235
Qinghai,K. pneumoniae,Tigecycline,other,K. pneumoniae | Tigecycline,False,2749,1.2731902301311493,35,1.6733357682824137,97.05347418785097
Qinghai,K. pneumoniae,Tobramycin,other,K. pneumoniae | Tobramycin,False,1523,8.601444214582443,131,1.050558127462864,90.34799933433531
Qinghai,K. pneumoniae,Trimethoprim/Sulfamethoxazole,sulfonamides,K. pneumoniae | Trimethoprim/Sulfamethoxazole,False,4500,11.28888875246048,508,0.0,88.71111273765564
Qinghai,P. aeruginosa,Amikacin,other,P. aeruginosa | Amikacin,False,1113,1.1680143885314465,13,0.8984725922346115,97.93351292610168
Qinghai,P. aeruginosa,Aztreonam,other,P. aeruginosa | Aztreonam,False,458,10.6986902654171,49,15.502183139324188,73.79912734031677
Qinghai,P. aeruginosa,Cefepime,other,P. aeruginosa | Cefepime,False,1244,3.778135031461716,47,5.305466055870056,90.9164011478424
Qinghai,P. aeruginosa,Cefoperazone/Sulbactam,other,P. aeruginosa | Cefoperazone/Sulbactam,False,859,6.635622680187225,57,6.868451833724976,86.49592399597168
Qinghai,P. aeruginosa,Ceftazidime,other,P. aeruginosa | Ceftazidime,False,1221,7.698607444763184,94,2.8665028512477875,89.43489193916321
Qinghai,P. aeruginosa,Ceftazidime/Avibactam,other,P. aeruginosa | Ceftazidime/Avibactam,False,0,0.0,0,0.0,0.0
Qinghai,P. aeruginosa,Ciprofloxacin,fluoroquinolones,P. aeruginosa | Ciprofloxacin,True,1241,4.915390908718109,61,2.578565664589405,92.50604510307312
Qinghai,P. aeruginosa,Gentamicin,other,P. aeruginosa | Gentamicin,False,462,4.545454680919647,21,3.6796536296606064,91.77489280700684
Qinghai,P. aeruginosa,Imipenem,other,P. aeruginosa | Imipenem,False,1131,8.664898574352264,98,1.149425283074379,90.1856780052185
Qinghai,P. aeruginosa,Levofloxacin,fluoroquinolones,P. aeruginosa | Levofloxacin,False,1212,6.353135406970978,77,4.702970385551453,88.94389271736145
Qinghai,P. aeruginosa,Meropenem,other,P. aeruginosa | Meropenem,False,775,4.903225973248482,38,3.0967742204666138,92.00000166893004
Qinghai,P. aeruginosa,Piperacillin,other,P. aeruginosa | Piperacillin,False,94,19.148936867713928,18,4.2553190141916275,76.59574747085571
Qinghai,P. aeruginosa,Piperacillin/Tazobactam,other,P. aeruginosa | Piperacillin/Tazobactam,False,1144,7.779720425605774,89,4.545454680919647,87.6748263835907
Qinghai,P. aeruginosa,Polymyxin B,other,P. aeruginosa | Polymyxin B,False,279,2.5089606642723083,7,0.0,97.49103784561156
Qinghai,P. aeruginosa,Tobramycin,other,P. aeruginosa | Tobramycin,False,942,4.458598792552948,42,2.229299396276474,93.31210255622864
Qinghai,S. aureus,Cefoxitin,other,S. aureus | Cefoxitin,False,988,32.591092586517334,322,0.0,67.40890741348267
Qinghai,S. aureus,Chloramphenicol,other,S. aureus | Chloramphenicol,False,139,5.035971105098724,7,0.0,94.96402740478516
Qinghai,S. aureus,Ciprofloxacin,fluoroquinolones,S. aureus | Ciprofloxacin,False,1355,6.789667904376984,92,1.8450183793902395,91.36531352996826
Qinghai,S. aureus,Clindamycin,other,S. aureus | Clindamycin,False,3584,39.62053656578064,1420,0.6417410913854837,59.73772406578064
Qinghai,S. aureus,Erythromycin,macrolides,S. aureus | Erythromycin,True,3737,61.814290285110474,2310,1.230933889746666,36.95477545261383
Qinghai,S. aureus,Gentamicin,other,S. aureus | Gentamicin,False,3745,6.675567477941513,250,3.604806587100029,89.71962332725525
Qinghai,S. aureus,Levofloxacin,fluoroquinolones,S. aureus | Levofloxacin,False,3130,7.603833824396133,238,0.8306709118187428,91.5654957294464
Qinghai,S. aureus,Linezolid,other,S. aureus | Linezolid,False,3739,0.0,0,0.0,100.0
Qinghai,S. aureus,Nitrofurantoin,other,S. aureus | Nitrofurantoin,False,343,0.2915452001616359,1,0.8746355772018433,98.83381724357604
Qinghai,S. aureus,Oxacillin,other,S. aureus | Oxacillin,False,3735,30.49531579017639,1139,0.0,69.50468420982361
Qinghai,S. aureus,Penicillin G,other,S. aureus | Penicillin G,False,3443,93.81353259086607,3230,0.0,6.186465173959732
Qinghai,S. aureus,Rifampicin,other,S. aureus | Rifampicin,False,3744,0.8814102970063686,33,0.454059848561883,98.664528131485
Qinghai,S. aureus,Teicoplanin,other,S. aureus | Teicoplanin,False,2381,0.0,0,0.0,100.0
Qinghai,S. aureus,Tetracycline,other,S. aureus | Tetracycline,False,1509,20.675943791866302,312,2.1868787705898285,77.13717818260193
Qinghai,S. aureus,Trimethoprim/Sulfamethoxazole,sulfonamides,S. aureus | Trimethoprim/Sulfamethoxazole,False,3642,14.936847984790802,544,0.0,85.06315350532532
Qinghai,S. aureus,Vancomycin,other,S. aureus | Vancomycin,False,3719,0.0,0,0.0,100.0
Shaanxi,A. baumannii,Amikacin,other,A. baumannii | Amikacin,False,6643,42.119523882865906,2798,1.39996986836195,56.48050308227539
Shaanxi,A. baumannii,Ampicillin/Sulbactam,other,A. baumannii | Ampicillin/Sulbactam,False,5540,53.700363636016846,2975,5.559566617012024,40.74007272720337
Shaanxi,A. baumannii,Aztreonam,other,A. baumannii | Aztreonam,False,18,50.0,9,27.77777910232544,22.22222238779068
Shaanxi,A. baumannii,Cefepime,other,A. baumannii | Cefepime,False,8182,50.81887245178223,4158,5.988755822181702,43.19237470626831
Shaanxi,A. baumannii,Cefoperazone/Sulbactam,other,A. baumannii | Cefoperazone/Sulbactam,False,6795,44.547462463378906,3027,10.654893517494202,44.79764401912689
Shaanxi,A. baumannii,Cefotaxime,other,A. baumannii | Cefotaxime,False,896,58.37053656578064,523,9.04017835855484,32.58928656578064
Shaanxi,A. baumannii,Ceftazidime,other,A. baumannii | Ceftazidime,False,8215,55.11868596076965,4528,1.497261133044958,43.38405430316925
Shaanxi,A. baumannii,Ceftriaxone,other,A. baumannii | Ceftriaxone,False,2342,66.26814603805542,1552,11.443211138248444,22.288642823696136
Shaanxi,A. baumannii,Ciprofloxacin,fluoroquinolones,A. baumannii | Ciprofloxacin,False,7611,57.07528591156006,4344,0.4467218648642301,42.47799217700958
Shaanxi,A. baumannii,Gentamicin,other,A. baumannii | Gentamicin,False,4036,53.59266400337219,2163,3.8899902254343033,42.517343163490295
Shaanxi,A. baumannii,Imipenem,other,A. baumannii | Imipenem,False,7688,55.5020809173584,4267,0.2471383893862366,44.2507803440094
Shaanxi,A. baumannii,Levofloxacin,fluoroquinolones,A. baumannii | Levofloxacin,True,7979,48.37698936462402,3860,7.131219655275345,44.49179172515869
Shaanxi,A. baumannii,Meropenem,other,A. baumannii | Meropenem,False,7821,55.926352739334106,4374,0.4347270354628563,43.63892078399658
Shaanxi,A. baumannii,Minocycline,other,A. baumannii | Minocycline,False,6822,8.956317603588104,611,15.787158906459808,75.25652050971985
Shaanxi,A. baumannii,Piperacillin/Tazobactam,other,A. baumannii | Piperacillin/Tazobactam,False,7659,56.32588863372803,4314,2.0498760044574738,41.62423312664032
Shaanxi,A. baumannii,Polymyxin B,other,A. baumannii | Polymyxin B,False,1904,0.9453781880438328,18,0.0,99.05462265014648
Shaanxi,A. baumannii,Tigecycline,other,A. baumannii | Tigecycline,False,5238,1.3554791919887066,71,7.02558234333992,91.61893725395204
Shaanxi,A. baumannii,Tobramycin,other,A. baumannii | Tobramycin,False,6092,49.786606431007385,3033,1.4116874895989897,48.80170822143555
Shaanxi,E. coli,Amikacin,other,E. coli | Amikacin,False,24544,4.1843220591545105,1027,3.8828227669000626,91.93285703659058
Shaanxi,E. coli,Amoxicillin/Clavulanic acid,other,E. coli | Amoxicillin/Clavulanic acid,False,18176,12.764084339141846,2320,18.38688403367996,68.84903311729431
Shaanxi,E. coli,Ampicillin,other,E. coli | Ampicillin,False,25266,85.04709601402283,21488,1.1398717761039734,13.81302922964096
Shaanxi,E. coli,Ampicillin/Sulbactam,other,E. coli | Ampicillin/Sulbactam,False,29396,34.960538148880005,10277,24.282215535640717,40.75724482536316
Shaanxi,E. coli,Aztreonam,other,E. coli | Aztreonam,False,28115,31.246665120124817,8785,5.0755824893713,63.67775201797485
Shaanxi,E. coli,Cefazolin,other,E. coli | Cefazolin,False,10104,68.01266670227051,6872,10.263261944055555,21.724069118499756
Shaanxi,E. coli,Cefepime,other,E. coli | Cefepime,False,35215,27.19295620918274,9576,8.933693170547485,63.873350620269775
Shaanxi,E. coli,Cefoperazone/Sulbactam,other,E. coli | Cefoperazone/Sulbactam,False,26868,4.834747686982155,1299,7.399136573076248,87.76611685752869
Shaanxi,E. coli,Cefotaxime,other,E. coli | Cefotaxime,False,6427,53.41528058052063,3433,1.5403765253722668,45.044344663619995
Shaanxi,E. coli,Cefotetan,other,E. coli | Cefotetan,False,9888,2.103559859097004,208,0.8394013158977032,97.05703854560852
Shaanxi,E. coli,Cefoxitin,other,E. coli | Cefoxitin,False,19008,8.990950882434845,1709,4.308712109923363,86.70033812522888
Shaanxi,E. coli,Ceftazidime,other,E. coli | Ceftazidime,False,35527,21.879133582115173,7773,7.552002370357513,70.56886553764343
Shaanxi,E. coli,Ceftazidime/Avibactam,other,E. coli | Ceftazidime/Avibactam,False,575,7.304348051548004,42,0.0,92.69565343856812
Shaanxi,E. coli,Ceftriaxone,other,E. coli | Ceftriaxone,False,28796,51.0626494884491,14704,0.3472704440355301,48.59008193016052
Shaanxi,E. coli,Cefuroxime,other,E. coli | Cefuroxime,False,32010,52.89909243583679,16933,3.0146829783916473,44.0862238407135
Shaanxi,E. coli,Chloramphenicol,other,E. coli | Chloramphenicol,False,6319,17.281214892864227,1092,3.2283589243888855,79.49042320251465
Shaanxi,E. coli,Ciprofloxacin,fluoroquinolones,E. coli | Ciprofloxacin,True,23184,56.36646151542664,13068,2.143719792366028,41.489821672439575
Shaanxi,E. coli,Ertapenem,other,E. coli | Ertapenem,False,13370,0.8601346053183079,115,0.0972326088231056,99.04263019561768
Shaanxi,E. coli,Gentamicin,other,E. coli | Gentamicin,False,28433,34.291139245033264,9750,3.232159838080406,62.4767005443573
Shaanxi,E. coli,Imipenem,other,E. coli | Imipenem,False,34313,0.7781307213008404,267,0.174860842525959,99.04701113700868
Shaanxi,E. coli,Levofloxacin,fluoroquinolones,E. coli | Levofloxacin,True,34006,53.01123261451721,18027,3.067105822265148,43.921661376953125
Shaanxi,E. coli,Meropenem,other,E. coli | Meropenem,False,28505,0.7753025740385056,221,0.0771794409956783,99.14751648902892
Shaanxi,E. coli,Nitrofurantoin,other,E. coli | Nitrofurantoin,False,1715,1.807580143213272,31,6.413993984460831,91.77842736244202
Shaanxi,E. coli,Piperacillin/Tazobactam,other,E. coli | Piperacillin/Tazobactam,False,33697,5.837314948439598,1967,2.0506275817751884,92.1120584011078
Shaanxi,E. coli,Polymyxin B,other,E. coli | Polymyxin B,False,3955,0.935524608939886,37,0.0,99.06447529792786
Shaanxi,E. coli,Ticarcillin/Clavulanic acid,other,E. coli | Ticarcillin/Clavulanic acid,False,2365,15.221987664699554,360,26.680761575698853,58.097249269485474
Shaanxi,E. coli,Tigecycline,other,E. coli | Tigecycline,False,11167,0.1164144370704889,13,0.1970090437680483,99.68657493591309
Shaanxi,E. coli,Tobramycin,other,E. coli | Tobramycin,False,15620,34.64788794517517,5412,3.1754162162542343,62.17669844627381
Shaanxi,E. coli,Trimethoprim/Sulfamethoxazole,sulfonamides,E. coli | Trimethoprim/Sulfamethoxazole,True,33062,50.86504220962525,16817,0.0665416475385427,49.06841814517975
Shaanxi,K. pneumoniae,Amikacin,other,K. pneumoniae | Amikacin,False,17256,8.773759752511978,1514,2.8627723455429077,88.36346864700317
Shaanxi,K. pneumoniae,Amoxicillin/Clavulanic acid,other,K. pneumoniae | Amoxicillin/Clavulanic acid,False,12192,17.08497405052185,2083,7.324475049972534,75.59055089950562
Shaanxi,K. pneumoniae,Ampicillin,other,K. pneumoniae | Ampicillin,False,726,92.83746480941772,674,5.509641766548157,1.652892492711544
Shaanxi,K. pneumoniae,Ampicillin/Sulbactam,other,K. pneumoniae | Ampicillin/Sulbactam,False,20288,26.25197172164917,5326,6.319006532430649,67.42902398109436
Shaanxi,K. pneumoniae,Aztreonam,other,K. pneumoniae | Aztreonam,False,19530,23.40501844882965,4571,1.0087045840919018,75.58627724647522
Shaanxi,K. pneumoniae,Cefazolin,other,K. pneumoniae | Cefazolin,False,11765,28.36379110813141,3337,8.720781654119492,62.91542649269104
Shaanxi,K. pneumoniae,Cefepime,other,K. pneumoniae | Cefepime,False,24998,18.56948584318161,4642,2.3681893944740295,79.06232476234436
Shaanxi,K. pneumoniae,Cefoperazone/Sulbactam,other,K. pneumoniae | Cefoperazone/Sulbactam,False,19023,14.41413015127182,2742,3.8584869354963303,81.72738552093506
Shaanxi,K. pneumoniae,Cefotaxime,other,K. pneumoniae | Cefotaxime,False,5371,26.12176537513733,1403,1.6942841932177544,72.18394875526428
Shaanxi,K. pneumoniae,Cefotetan,other,K. pneumoniae | Cefotetan,False,5989,11.053597927093506,662,0.5176156293600798,88.42878341674805
Shaanxi,K. pneumoniae,Cefoxitin,other,K. pneumoniae | Cefoxitin,False,12565,18.320731818675995,2302,1.9339434802532196,79.7453224658966
Shaanxi,K. pneumoniae,Ceftazidime,other,K. pneumoniae | Ceftazidime,False,25296,19.2243829369545,4863,2.3719165474176407,78.40369939804077
Shaanxi,K. pneumoniae,Ceftazidime/Avibactam,other,K. pneumoniae | Ceftazidime/Avibactam,False,1396,9.885387122631071,138,0.0,90.1146113872528
Shaanxi,K. pneumoniae,Ceftriaxone,other,K. pneumoniae | Ceftriaxone,False,19693,25.51160454750061,5024,0.2843650057911873,74.20403361320496
Shaanxi,K. pneumoniae,Cefuroxime,other,K. pneumoniae | Cefuroxime,False,22224,28.55471670627594,6346,2.12383009493351,69.32145357131958
Shaanxi,K. pneumoniae,Chloramphenicol,other,K. pneumoniae | Chloramphenicol,False,6331,20.94455808401108,1326,3.8540516048669815,75.20139217376709
Shaanxi,K. pneumoniae,Ciprofloxacin,fluoroquinolones,K. pneumoniae | Ciprofloxacin,True,15810,20.132827758789062,3183,2.808349207043648,77.0588219165802
Shaanxi,K. pneumoniae,Ertapenem,other,K. pneumoniae | Ertapenem,False,8375,11.474626511335371,961,0.2029850846156478,88.32238912582397
Shaanxi,K. pneumoniae,Gentamicin,other,K. pneumoniae | Gentamicin,False,19436,15.661658346652985,3044,3.1796667724847794,81.15867376327515
Shaanxi,K. pneumoniae,Imipenem,other,K. pneumoniae | Imipenem,False,24378,9.422430396080015,2297,0.3978997468948364,90.17966985702516
Shaanxi,K. pneumoniae,Levofloxacin,fluoroquinolones,K. pneumoniae | Levofloxacin,True,24230,16.644655168056488,4033,1.9397441297769549,81.41559958457947
Shaanxi,K. pneumoniae,Meropenem,other,K. pneumoniae | Meropenem,False,20274,10.506066679954529,2130,0.1331754960119724,89.36075568199158
Shaanxi,K. pneumoniae,Nitrofurantoin,other,K. pneumoniae | Nitrofurantoin,False,974,10.574948787689207,103,41.478440165519714,47.94661104679108
Shaanxi,K. pneumoniae,Piperacillin/Tazobactam,other,K. pneumoniae | Piperacillin/Tazobactam,False,23272,14.833275973796844,3452,3.330182284116745,81.83653950691223
Shaanxi,K. pneumoniae,Polymyxin B,other,K. pneumoniae | Polymyxin B,False,3264,3.063725493848324,100,0.0,96.9362735748291
Shaanxi,K. pneumoniae,Ticarcillin/Clavulanic acid,other,K. pneumoniae | Ticarcillin/Clavulanic acid,False,2283,26.10599994659424,596,6.52649998664856,67.3675000667572
Shaanxi,K. pneumoniae,Tigecycline,other,K. pneumoniae | Tigecycline,False,8675,1.106628216803074,96,1.7060518264770508,97.18732237815856
Shaanxi,K. pneumoniae,Tobramycin,other,K. pneumoniae | Tobramycin,False,11480,22.621950507164,2597,1.8989546224474907,75.47909617424011
Shaanxi,K. pneumoniae,Trimethoprim/Sulfamethoxazole,sulfonamides,K. pneumoniae | Trimethoprim/Sulfamethoxazole,False,22929,23.70360642671585,5435,0.1046709367074072,76.1917233467102
Shaanxi,P. aeruginosa,Amikacin,other,P. aeruginosa | Amikacin,False,8103,3.109959326684475,252,0.987288635224104,95.90275287628174
Shaanxi,P. aeruginosa,Aztreonam,other,P. aeruginosa | Aztreonam,False,9334,16.445253789424896,1535,13.702592253684998,69.85215544700623
Shaanxi,P. aeruginosa,Cefepime,other,P. aeruginosa | Cefepime,False,11775,6.955414265394211,819,8.942674845457077,84.10190939903259
Shaanxi,P. aeruginosa,Cefoperazone/Sulbactam,other,P. aeruginosa | Cefoperazone/Sulbactam,False,9471,13.229858875274658,1253,9.302079677581789,77.46806144714355
Shaanxi,P. aeruginosa,Ceftazidime,other,P. aeruginosa | Ceftazidime,False,11898,12.90973275899887,1536,4.488149285316467,82.60211944580078
Shaanxi,P. aeruginosa,Ceftazidime/Avibactam,other,P. aeruginosa | Ceftazidime/Avibactam,False,862,3.480278328061104,30,0.0,96.5197205543518
Shaanxi,P. aeruginosa,Ciprofloxacin,fluoroquinolones,P. aeruginosa | Ciprofloxacin,True,11319,9.444297105073929,1069,4.558706656098366,85.9969973564148
Shaanxi,P. aeruginosa,Gentamicin,other,P. aeruginosa | Gentamicin,False,3395,5.537555366754532,188,2.6215022429823875,91.84094071388245
Shaanxi,P. aeruginosa,Imipenem,other,P. aeruginosa | Imipenem,False,11481,17.681387066841125,2030,2.038149908185005,80.28046488761902
Shaanxi,P. aeruginosa,Levofloxacin,fluoroquinolones,P. aeruginosa | Levofloxacin,False,11433,11.020729690790176,1260,8.615411818027496,80.36385774612427
Shaanxi,P. aeruginosa,Meropenem,other,P. aeruginosa | Meropenem,False,11758,14.772920310497284,1737,3.367919847369194,81.85915946960449
Shaanxi,P. aeruginosa,Piperacillin,other,P. aeruginosa | Piperacillin,False,3531,19.767771661281586,698,6.853582710027695,73.37864637374878
Shaanxi,P. aeruginosa,Piperacillin/Tazobactam,other,P. aeruginosa | Piperacillin/Tazobactam,False,11516,14.40604329109192,1659,5.7311564683914185,79.86279726028442
Shaanxi,P. aeruginosa,Polymyxin B,other,P. aeruginosa | Polymyxin B,False,2424,1.7326733097434044,42,0.0,98.26732873916626
Shaanxi,P. aeruginosa,Tobramycin,other,P. aeruginosa | Tobramycin,False,7083,8.04743766784668,570,2.3436397314071655,89.6089255809784
Shaanxi,S. aureus,Cefoxitin,other,S. aureus | Cefoxitin,False,1613,33.16800892353058,535,0.0,66.83198809623718
Shaanxi,S. aureus,Chloramphenicol,other,S. aureus | Chloramphenicol,False,2200,5.772727355360985,127,3.8181819021701817,90.40908813476562
Shaanxi,S. aureus,Ciprofloxacin,fluoroquinolones,S. aureus | Ciprofloxacin,False,8114,12.86665052175522,1044,2.662065625190735,84.47128534317017
Shaanxi,S. aureus,Clindamycin,other,S. aureus | Clindamycin,False,14906,35.20729839801788,5248,0.5165704991668463,64.27612900733948
Shaanxi,S. aureus,Erythromycin,macrolides,S. aureus | Erythromycin,True,15795,65.13453722000122,10288,1.7283950001001358,33.13706815242767
Shaanxi,S. aureus,Gentamicin,other,S. aureus | Gentamicin,False,15848,8.007319271564484,1269,2.580767311155796,89.4119143486023
Shaanxi,S. aureus,Levofloxacin,fluoroquinolones,S. aureus | Levofloxacin,False,14818,12.876231968402864,1908,0.5871237721294165,86.53664588928223
Shaanxi,S. aureus,Linezolid,other,S. aureus | Linezolid,False,15881,0.0,0,0.0,100.0
Shaanxi,S. aureus,Nitrofurantoin,other,S. aureus | Nitrofurantoin,False,1073,0.0931966467760503,1,0.1863932935521006,99.72041249275208
Shaanxi,S. aureus,Oxacillin,other,S. aureus | Oxacillin,False,15610,35.592567920684814,5556,0.0,64.40743207931519
Shaanxi,S. aureus,Penicillin G,other,S. aureus | Penicillin G,False,14682,93.87004375457764,13782,0.0,6.129955127835274
Shaanxi,S. aureus,Rifampicin,other,S. aureus | Rifampicin,False,15015,1.1721611954271791,176,0.2530802506953478,98.57475757598876
Shaanxi,S. aureus,Teicoplanin,other,S. aureus | Teicoplanin,False,8261,0.0,0,0.0,100.0
Shaanxi,S. aureus,Tetracycline,other,S. aureus | Tetracycline,False,8857,14.50829803943634,1285,1.6371231526136398,83.85457992553711
Shaanxi,S. aureus,Trimethoprim/Sulfamethoxazole,sulfonamides,S. aureus | Trimethoprim/Sulfamethoxazole,False,15139,11.982297152280807,1814,0.0198163688764907,87.99788355827332
Shaanxi,S. aureus,Vancomycin,other,S. aureus | Vancomycin,False,15623,0.0,0,0.0,100.0
Shandong,A. baumannii,Amikacin,other,A. baumannii | Amikacin,False,26006,41.974928975105286,10916,1.3150811195373535,56.7099928855896
Shandong,A. baumannii,Ampicillin/Sulbactam,other,A. baumannii | Ampicillin/Sulbactam,False,25670,45.05259096622467,11565,5.407090112566948,49.54032003879547
Shandong,A. baumannii,Aztreonam,other,A. baumannii | Aztreonam,False,845,69.4674551486969,587,25.207099318504333,5.325443670153618
Shandong,A. baumannii,Cefepime,other,A. baumannii | Cefepime,False,29146,49.37898814678192,14392,6.295889616012573,44.325122237205505
Shandong,A. baumannii,Cefoperazone/Sulbactam,other,A. baumannii | Cefoperazone/Sulbactam,False,27348,36.1415833234787,9884,13.094192743301392,50.76422691345215
Shandong,A. baumannii,Cefotaxime,other,A. baumannii | Cefotaxime,False,6693,49.20065701007843,3293,29.03032898902893,21.76901251077652
Shandong,A. baumannii,Ceftazidime,other,A. baumannii | Ceftazidime,False,28901,53.96353006362915,15596,2.3009585216641426,43.7355101108551
Shandong,A. baumannii,Ceftriaxone,other,A. baumannii | Ceftriaxone,False,15657,50.19479990005493,7859,29.42453920841217,20.380660891532894
Shandong,A. baumannii,Ciprofloxacin,fluoroquinolones,A. baumannii | Ciprofloxacin,False,28354,54.57078218460083,15473,0.6983141880482435,44.73090171813965
Shandong,A. baumannii,Gentamicin,other,A. baumannii | Gentamicin,False,23494,48.9656925201416,11504,1.8387673422694208,49.19553995132446
Shandong,A. baumannii,Imipenem,other,A. baumannii | Imipenem,False,27485,54.53156232833862,14988,0.2001091605052352,45.26832699775696
Shandong,A. baumannii,Levofloxacin,fluoroquinolones,A. baumannii | Levofloxacin,True,29201,49.62843656539917,14492,4.879969730973244,45.491594076156616
Shandong,A. baumannii,Meropenem,other,A. baumannii | Meropenem,False,26165,56.46856427192688,14775,0.2522453665733337,43.27918887138367
Shandong,A. baumannii,Minocycline,other,A. baumannii | Minocycline,False,21957,11.763902008533478,2583,17.056064307689667,71.18003368377686
Shandong,A. baumannii,Piperacillin/Tazobactam,other,A. baumannii | Piperacillin/Tazobactam,False,27188,55.48403859138489,15085,2.019273117184639,42.49669015407562
Shandong,A. baumannii,Polymyxin B,other,A. baumannii | Polymyxin B,False,4702,0.3615482710301876,17,0.0,99.63845014572144
Shandong,A. baumannii,Tigecycline,other,A. baumannii | Tigecycline,False,20669,2.4335961788892746,503,15.037012100219728,82.52938985824585
Shandong,A. baumannii,Tobramycin,other,A. baumannii | Tobramycin,False,26236,45.63958048820496,11974,0.9871931746602058,53.37322950363159
Shandong,E. coli,Amikacin,other,E. coli | Amikacin,False,90350,4.543442279100418,4105,3.5384614020586014,91.9180989265442
Shandong,E. coli,Amoxicillin/Clavulanic acid,other,E. coli | Amoxicillin/Clavulanic acid,False,82038,15.113727748394012,12399,19.172821938991547,65.7134473323822
Shandong,E. coli,Ampicillin,other,E. coli | Ampicillin,False,103208,83.0691397190094,85734,2.189752645790577,14.7411048412323
Shandong,E. coli,Ampicillin/Sulbactam,other,E. coli | Ampicillin/Sulbactam,False,104397,35.75581610202789,37328,23.389561474323273,40.854620933532715
Shandong,E. coli,Aztreonam,other,E. coli | Aztreonam,False,106415,29.586994647979736,31485,2.7872011065483093,67.62580275535583
Shandong,E. coli,Cefazolin,other,E. coli | Cefazolin,False,54440,62.040776014328,33775,14.500367641448976,23.458853363990784
Shandong,E. coli,Cefepime,other,E. coli | Cefepime,False,108405,20.541487634181976,22268,8.13523381948471,71.32327556610107
Shandong,E. coli,Cefoperazone/Sulbactam,other,E. coli | Cefoperazone/Sulbactam,False,101005,4.909658059477806,4959,6.172961741685867,88.91738057136536
Shandong,E. coli,Cefotaxime,other,E. coli | Cefotaxime,False,61061,48.11418056488037,29379,1.0252042673528194,50.86061358451843
Shandong,E. coli,Cefotetan,other,E. coli | Cefotetan,False,61686,2.451123483479023,1512,0.8089356124401093,96.73994183540344
Shandong,E. coli,Cefoxitin,other,E. coli | Cefoxitin,False,42045,11.423474550247192,4803,5.460815876722336,83.11570882797241
Shandong,E. coli,Ceftazidime,other,E. coli | Ceftazidime,False,108018,20.27162164449692,21897,5.2796754986047745,74.44870471954346
Shandong,E. coli,Ceftazidime/Avibactam,other,E. coli | Ceftazidime/Avibactam,False,4513,9.306447952985764,420,0.0,90.69355130195618
Shandong,E. coli,Ceftriaxone,other,E. coli | Ceftriaxone,False,95993,48.213931918144226,46282,0.3833612892776728,51.402705907821655
Shandong,E. coli,Cefuroxime,other,E. coli | Cefuroxime,False,96229,49.81762170791626,47939,3.147699683904648,47.03467786312103
Shandong,E. coli,Chloramphenicol,other,E. coli | Chloramphenicol,False,9614,26.763054728507996,2573,4.878302291035652,68.35864186286926
Shandong,E. coli,Ciprofloxacin,fluoroquinolones,E. coli | Ciprofloxacin,True,97253,55.0091028213501,53498,2.963404729962349,42.0274943113327
Shandong,E. coli,Ertapenem,other,E. coli | Ertapenem,False,87989,1.5467842109501362,1361,0.2227551070973277,98.23046326637268
Shandong,E. coli,Gentamicin,other,E. coli | Gentamicin,False,95907,36.031779646873474,34557,3.0915366485714912,60.87668538093567
Shandong,E. coli,Imipenem,other,E. coli | Imipenem,False,108964,1.6546748578548431,1803,0.2340222476050257,98.11130166053772
Shandong,E. coli,Levofloxacin,fluoroquinolones,E. coli | Levofloxacin,True,108225,52.728110551834106,57065,3.259875252842903,44.0120130777359
Shandong,E. coli,Meropenem,other,E. coli | Meropenem,False,95068,1.7208734527230265,1636,0.0957209558691829,98.18340539932252
Shandong,E. coli,Nitrofurantoin,other,E. coli | Nitrofurantoin,False,16078,2.475432306528091,398,6.076626479625702,91.4479434490204
Shandong,E. coli,Piperacillin/Tazobactam,other,E. coli | Piperacillin/Tazobactam,False,107572,7.184955477714539,7729,2.364927716553211,90.450119972229
Shandong,E. coli,Polymyxin B,other,E. coli | Polymyxin B,False,4357,0.8492081426084042,37,0.0,99.15079474449158
Shandong,E. coli,Ticarcillin/Clavulanic acid,other,E. coli | Ticarcillin/Clavulanic acid,False,18969,11.750750988721848,2229,12.17249184846878,76.07675790786743
Shandong,E. coli,Tigecycline,other,E. coli | Tigecycline,False,45018,0.1199520193040371,54,0.8285574615001678,99.05149340629578
Shandong,E. coli,Tobramycin,other,E. coli | Tobramycin,False,78194,36.11786067485809,28242,2.0372407510876656,61.84489727020264
Shandong,E. coli,Trimethoprim/Sulfamethoxazole,sulfonamides,E. coli | Trimethoprim/Sulfamethoxazole,True,106001,52.22875475883484,55363,0.034905329812318,47.73634076118469
Shandong,K. pneumoniae,Amikacin,other,K. pneumoniae | Amikacin,False,69830,4.821709915995598,3367,1.755692437291145,93.42259764671326
Shandong,K. pneumoniae,Amoxicillin/Clavulanic acid,other,K. pneumoniae | Amoxicillin/Clavulanic acid,False,62083,15.11041671037674,9381,9.509849548339844,75.37973523139954
Shandong,K. pneumoniae,Ampicillin,other,K. pneumoniae | Ampicillin,False,11086,89.50027227401733,9922,9.173732995986938,1.3259967789053917
Shandong,K. pneumoniae,Ampicillin/Sulbactam,other,K. pneumoniae | Ampicillin/Sulbactam,False,80495,26.942047476768497,21687,6.723398715257645,66.33455753326416
Shandong,K. pneumoniae,Aztreonam,other,K. pneumoniae | Aztreonam,False,82168,19.990751147270203,16426,0.8823386393487453,79.12691235542297
Shandong,K. pneumoniae,Cefazolin,other,K. pneumoniae | Cefazolin,False,63752,29.55358326435089,18841,15.18069952726364,55.26571869850159
Shandong,K. pneumoniae,Cefepime,other,K. pneumoniae | Cefepime,False,85465,14.884455502033234,12721,2.4536360055208206,82.66190886497498
Shandong,K. pneumoniae,Cefoperazone/Sulbactam,other,K. pneumoniae | Cefoperazone/Sulbactam,False,79586,9.482823312282562,7547,4.592516273260117,85.92466115951538
Shandong,K. pneumoniae,Cefotaxime,other,K. pneumoniae | Cefotaxime,False,45253,23.76859039068222,10756,1.1203677393496037,75.11104345321655
Shandong,K. pneumoniae,Cefotetan,other,K. pneumoniae | Cefotetan,False,46430,3.913418203592301,1817,0.5449063144624233,95.5416738986969
Shandong,K. pneumoniae,Cefoxitin,other,K. pneumoniae | Cefoxitin,False,34637,14.037013053894045,4862,2.41937804967165,83.54361057281494
Shandong,K. pneumoniae,Ceftazidime,other,K. pneumoniae | Ceftazidime,False,84819,16.6354238986969,14110,2.58196871727705,80.78261017799377
Shandong,K. pneumoniae,Ceftazidime/Avibactam,other,K. pneumoniae | Ceftazidime/Avibactam,False,7260,3.415977954864502,248,0.0,96.5840220451355
Shandong,K. pneumoniae,Ceftriaxone,other,K. pneumoniae | Ceftriaxone,False,74902,25.15286505222321,18840,0.332434382289648,74.51469898223877
Shandong,K. pneumoniae,Cefuroxime,other,K. pneumoniae | Cefuroxime,False,75705,27.703586220741272,20973,2.6259824633598328,69.67043280601501
Shandong,K. pneumoniae,Chloramphenicol,other,K. pneumoniae | Chloramphenicol,False,11916,21.15642875432968,2521,4.271567612886429,74.57200288772583
Shandong,K. pneumoniae,Ciprofloxacin,fluoroquinolones,K. pneumoniae | Ciprofloxacin,True,73654,18.68058741092682,13759,3.622342273592949,77.69706845283508
Shandong,K. pneumoniae,Ertapenem,other,K. pneumoniae | Ertapenem,False,68783,4.7569893300533295,3272,0.3431080374866724,94.8999047279358
Shandong,K. pneumoniae,Gentamicin,other,K. pneumoniae | Gentamicin,False,73340,15.69402813911438,11510,3.7455685436725616,80.56040406227112
Shandong,K. pneumoniae,Imipenem,other,K. pneumoniae | Imipenem,False,85025,4.996177554130554,4248,0.5539547186344862,94.44986581802368
Shandong,K. pneumoniae,Levofloxacin,fluoroquinolones,K. pneumoniae | Levofloxacin,True,84837,16.270023584365845,13803,2.5177692994475365,81.21220469474792
Shandong,K. pneumoniae,Meropenem,other,K. pneumoniae | Meropenem,False,73287,4.882175475358963,3578,0.1910297898575663,94.92679238319396
Shandong,K. pneumoniae,Nitrofurantoin,other,K. pneumoniae | Nitrofurantoin,False,11186,23.878061771392822,2671,49.526193737983704,26.59574449062347
Shandong,K. pneumoniae,Piperacillin/Tazobactam,other,K. pneumoniae | Piperacillin/Tazobactam,False,84510,11.881434172391891,10041,3.979410603642464,84.13915634155273
Shandong,K. pneumoniae,Polymyxin B,other,K. pneumoniae | Polymyxin B,False,3982,1.2054244056344032,48,0.0,98.79457354545592
Shandong,K. pneumoniae,Ticarcillin/Clavulanic acid,other,K. pneumoniae | Ticarcillin/Clavulanic acid,False,13596,18.34363043308258,2494,7.8993819653987885,73.75698685646057
Shandong,K. pneumoniae,Tigecycline,other,K. pneumoniae | Tigecycline,False,39902,1.155330520123243,461,4.814295098185539,94.03037428855896
Shandong,K. pneumoniae,Tobramycin,other,K. pneumoniae | Tobramycin,False,61359,17.456281185150146,10711,1.7356866970658302,80.80803155899048
Shandong,K. pneumoniae,Trimethoprim/Sulfamethoxazole,sulfonamides,K. pneumoniae | Trimethoprim/Sulfamethoxazole,False,82366,24.535609781742096,20209,0.0388509826734662,75.42554140090942
Shandong,P. aeruginosa,Amikacin,other,P. aeruginosa | Amikacin,False,36743,1.6601800918579102,610,1.4560597017407415,96.88376188278198
Shandong,P. aeruginosa,Aztreonam,other,P. aeruginosa | Aztreonam,False,43176,16.435056924819946,7096,15.807393193244934,67.75755286216736
Shandong,P. aeruginosa,Cefepime,other,P. aeruginosa | Cefepime,False,48416,6.646563112735748,3218,7.906477153301239,85.44695973396301
Shandong,P. aeruginosa,Cefoperazone/Sulbactam,other,P. aeruginosa | Cefoperazone/Sulbactam,False,43812,9.764447808265686,4278,10.127362608909609,80.1081895828247
Shandong,P. aeruginosa,Ceftazidime,other,P. aeruginosa | Ceftazidime,False,47726,11.2035371363163,5347,4.747936129570007,84.04852747917175
Shandong,P. aeruginosa,Ceftazidime/Avibactam,other,P. aeruginosa | Ceftazidime/Avibactam,False,3636,3.9328932762146,143,0.0,96.0671067237854
Shandong,P. aeruginosa,Ciprofloxacin,fluoroquinolones,P. aeruginosa | Ciprofloxacin,True,48154,10.640860348939896,5124,5.457490682601929,83.90164971351624
Shandong,P. aeruginosa,Gentamicin,other,P. aeruginosa | Gentamicin,False,17761,5.93998096883297,1055,4.036934673786163,90.02308249473572
Shandong,P. aeruginosa,Imipenem,other,P. aeruginosa | Imipenem,False,48065,12.79725432395935,6151,2.660979889333248,84.54176783561707
Shandong,P. aeruginosa,Levofloxacin,fluoroquinolones,P. aeruginosa | Levofloxacin,False,47728,12.303050607442856,5872,8.44368115067482,79.25326824188232
Shandong,P. aeruginosa,Meropenem,other,P. aeruginosa | Meropenem,False,45194,10.131876170635223,4579,3.30132320523262,86.5667998790741
Shandong,P. aeruginosa,Piperacillin,other,P. aeruginosa | Piperacillin,False,34488,16.173741221427917,5578,8.933541923761368,74.89271759986877
Shandong,P. aeruginosa,Piperacillin/Tazobactam,other,P. aeruginosa | Piperacillin/Tazobactam,False,46988,13.833318650722504,6500,4.999148845672607,81.16753101348877
Shandong,P. aeruginosa,Polymyxin B,other,P. aeruginosa | Polymyxin B,False,5505,0.8356040343642235,46,0.0,99.16439652442932
Shandong,P. aeruginosa,Tobramycin,other,P. aeruginosa | Tobramycin,False,36401,4.505370557308197,1640,4.461415857076645,91.03321433067322
Shandong,S. aureus,Cefoxitin,other,S. aureus | Cefoxitin,False,7019,28.76478135585785,2019,0.0,71.23522162437439
Shandong,S. aureus,Chloramphenicol,other,S. aureus | Chloramphenicol,False,6112,4.45026196539402,272,7.689790427684784,87.8599464893341
Shandong,S. aureus,Ciprofloxacin,fluoroquinolones,S. aureus | Ciprofloxacin,False,35415,14.321614801883698,5072,5.41013702750206,80.26824593544006
Shandong,S. aureus,Clindamycin,other,S. aureus | Clindamycin,False,46217,30.149078369140625,13934,0.8503364399075508,69.00058388710022
Shandong,S. aureus,Erythromycin,macrolides,S. aureus | Erythromycin,True,46872,67.60326027870178,31687,0.9813961572945118,31.415343284606937
Shandong,S. aureus,Gentamicin,other,S. aureus | Gentamicin,False,46895,7.832391560077667,3673,3.659238666296005,88.50836753845215
Shandong,S. aureus,Levofloxacin,fluoroquinolones,S. aureus | Levofloxacin,False,43950,13.908986747264862,6113,1.2673492543399334,84.8236620426178
Shandong,S. aureus,Linezolid,other,S. aureus | Linezolid,False,46732,0.0,0,0.0,100.0
Shandong,S. aureus,Nitrofurantoin,other,S. aureus | Nitrofurantoin,False,6700,0.402985094115138,27,0.4776119254529476,99.11940097808838
Shandong,S. aureus,Oxacillin,other,S. aureus | Oxacillin,False,46194,25.005412101745605,11551,0.0,74.9945878982544
Shandong,S. aureus,Penicillin G,other,S. aureus | Penicillin G,False,46521,92.86344051361084,43201,0.0,7.136561721563339
Shandong,S. aureus,Rifampicin,other,S. aureus | Rifampicin,False,46256,0.8431338705122471,390,0.2205119235441088,98.93635511398315
Shandong,S. aureus,Teicoplanin,other,S. aureus | Teicoplanin,False,22934,0.0,0,0.0,100.0
Shandong,S. aureus,Tetracycline,other,S. aureus | Tetracycline,False,33547,11.351238191127775,3808,1.0045607574284077,87.6442015171051
Shandong,S. aureus,Trimethoprim/Sulfamethoxazole,sulfonamides,S. aureus | Trimethoprim/Sulfamethoxazole,False,45285,15.236833691596985,6900,0.0110411834612023,84.75212454795837
Shandong,S. aureus,Vancomycin,other,S. aureus | Vancomycin,False,46407,0.0,0,0.0,100.0
Shanghai,A. baumannii,Amikacin,other,A. baumannii | Amikacin,False,15070,41.50630533695221,6255,2.18314528465271,56.31055235862732
Shanghai,A. baumannii,Ampicillin/Sulbactam,other,A. baumannii | Ampicillin/Sulbactam,False,14655,50.583416223526,7413,5.3155917674303055,44.10099089145661
Shanghai,A. baumannii,Aztreonam,other,A. baumannii | Aztreonam,False,469,68.65671873092651,322,28.57142984867096,2.7718549594283104
Shanghai,A. baumannii,Cefepime,other,A. baumannii | Cefepime,False,15460,51.89521312713623,8023,7.587321847677231,40.51746428012848
Shanghai,A. baumannii,Cefoperazone/Sulbactam,other,A. baumannii | Cefoperazone/Sulbactam,False,15242,38.58417570590973,5881,12.590211629867554,48.82561266422272
Shanghai,A. baumannii,Cefotaxime,other,A. baumannii | Cefotaxime,False,1649,43.05639863014221,710,44.57246959209442,12.371134012937546
Shanghai,A. baumannii,Ceftazidime,other,A. baumannii | Ceftazidime,False,15472,58.45398306846619,9044,1.7256980761885643,39.820319414138794
Shanghai,A. baumannii,Ceftriaxone,other,A. baumannii | Ceftriaxone,False,7175,58.35540294647217,4187,27.149826288223267,14.494773745536804
Shanghai,A. baumannii,Ciprofloxacin,fluoroquinolones,A. baumannii | Ciprofloxacin,False,14336,59.45172905921936,8523,0.5859375,39.96233344078064
Shanghai,A. baumannii,Gentamicin,other,A. baumannii | Gentamicin,False,10977,47.02560007572174,5162,2.988065965473652,49.98633563518524
Shanghai,A. baumannii,Imipenem,other,A. baumannii | Imipenem,False,15473,57.70050883293152,8928,0.1292574219405651,42.17023253440857
Shanghai,A. baumannii,Levofloxacin,fluoroquinolones,A. baumannii | Levofloxacin,True,14823,50.61728358268738,7503,7.764960080385208,41.617757081985474
Shanghai,A. baumannii,Meropenem,other,A. baumannii | Meropenem,False,15394,57.76926279067993,8893,0.2793296007439494,41.95140898227692
Shanghai,A. baumannii,Minocycline,other,A. baumannii | Minocycline,False,14606,14.316034317016602,2091,18.554018437862396,67.12994575500488
Shanghai,A. baumannii,Piperacillin/Tazobactam,other,A. baumannii | Piperacillin/Tazobactam,False,15262,58.66858959197998,8954,1.729786396026611,39.60162401199341
Shanghai,A. baumannii,Polymyxin B,other,A. baumannii | Polymyxin B,False,3066,0.1304631470702588,4,0.0,99.86953735351562
Shanghai,A. baumannii,Tigecycline,other,A. baumannii | Tigecycline,False,13847,2.6359500363469124,365,9.677186608314514,87.68686652183533
Shanghai,A. baumannii,Tobramycin,other,A. baumannii | Tobramycin,False,13588,44.57609653472901,6057,0.9125699289143084,54.511332511901855
Shanghai,E. coli,Amikacin,other,E. coli | Amikacin,False,41917,4.780876636505127,2004,3.2397355884313583,91.97939038276672
Shanghai,E. coli,Amoxicillin/Clavulanic acid,other,E. coli | Amoxicillin/Clavulanic acid,False,26442,13.93994390964508,3686,16.621284186840057,69.43877339363098
Shanghai,E. coli,Ampicillin,other,E. coli | Ampicillin,False,44678,80.54075837135315,35984,2.424011752009392,17.03522950410843
Shanghai,E. coli,Ampicillin/Sulbactam,other,E. coli | Ampicillin/Sulbactam,False,45864,32.51788020133972,14914,20.155242085456848,47.32688069343567
Shanghai,E. coli,Aztreonam,other,E. coli | Aztreonam,False,46092,31.248372793197632,14403,2.8898723423480988,65.86175560951233
Shanghai,E. coli,Cefazolin,other,E. coli | Cefazolin,False,16890,63.12611103057861,10662,11.995263397693634,24.878627061843872
Shanghai,E. coli,Cefepime,other,E. coli | Cefepime,False,48179,27.790117263793945,13389,7.889329642057419,64.32055234909058
Shanghai,E. coli,Cefoperazone/Sulbactam,other,E. coli | Cefoperazone/Sulbactam,False,47865,5.551028996706009,2657,4.684007167816162,89.76496458053589
Shanghai,E. coli,Cefotaxime,other,E. coli | Cefotaxime,False,17148,51.05551481246948,8755,1.4928855001926422,47.451597452163696
Shanghai,E. coli,Cefotetan,other,E. coli | Cefotetan,False,10414,4.205876588821411,438,0.9026310406625272,94.89149451255798
Shanghai,E. coli,Cefoxitin,other,E. coli | Cefoxitin,False,40012,12.446266412734984,4980,4.621113836765289,82.93262124061584
Shanghai,E. coli,Ceftazidime,other,E. coli | Ceftazidime,False,48299,23.536719381809235,11368,8.753804117441177,67.70947575569153
Shanghai,E. coli,Ceftazidime/Avibactam,other,E. coli | Ceftazidime/Avibactam,False,10809,8.030345290899277,868,0.0,91.9696569442749
Shanghai,E. coli,Ceftriaxone,other,E. coli | Ceftriaxone,False,36245,50.65802335739136,18361,0.507656205445528,48.8343209028244
Shanghai,E. coli,Cefuroxime,other,E. coli | Cefuroxime,False,46823,52.76679992675781,24707,2.99639068543911,44.23680603504181
Shanghai,E. coli,Chloramphenicol,other,E. coli | Chloramphenicol,False,2151,29.84658181667328,642,3.672710433602333,66.48070812225342
Shanghai,E. coli,Ciprofloxacin,fluoroquinolones,E. coli | Ciprofloxacin,True,34628,58.10326933860779,20120,1.7413653433322906,40.15536606311798
Shanghai,E. coli,Ertapenem,other,E. coli | Ertapenem,False,23732,2.317545935511589,550,0.2696780720725655,97.41277694702148
Shanghai,E. coli,Gentamicin,other,E. coli | Gentamicin,False,37195,30.99072575569153,11527,4.707622155547142,64.3016517162323
Shanghai,E. coli,Imipenem,other,E. coli | Imipenem,False,48318,2.555983327329159,1235,0.2193799475207924,97.22463488578796
Shanghai,E. coli,Levofloxacin,fluoroquinolones,E. coli | Levofloxacin,True,47701,55.26718497276306,26363,2.895117551088333,41.837698221206665
Shanghai,E. coli,Meropenem,other,E. coli | Meropenem,False,47286,2.6223406195640564,1240,0.1459205639548599,97.2317397594452
Shanghai,E. coli,Nitrofurantoin,other,E. coli | Nitrofurantoin,False,14240,2.605337090790272,371,4.101123660802841,93.29354166984558
Shanghai,E. coli,Piperacillin/Tazobactam,other,E. coli | Piperacillin/Tazobactam,False,46369,9.018956869840622,4182,2.040156163275242,88.94088864326477
Shanghai,E. coli,Polymyxin B,other,E. coli | Polymyxin B,False,5228,0.2677888376638293,14,0.0,99.73220825195312
Shanghai,E. coli,Ticarcillin/Clavulanic acid,other,E. coli | Ticarcillin/Clavulanic acid,False,3158,10.76630800962448,340,12.982900440692902,76.25079154968262
Shanghai,E. coli,Tigecycline,other,E. coli | Tigecycline,False,35784,0.1285490696318447,46,0.3632908454164862,99.50816035270692
Shanghai,E. coli,Tobramycin,other,E. coli | Tobramycin,False,32629,31.698796153068542,10343,2.2863097488880157,66.01489186286926
Shanghai,E. coli,Trimethoprim/Sulfamethoxazole,sulfonamides,E. coli | Trimethoprim/Sulfamethoxazole,True,48296,44.372203946113586,21430,0.0062116945628076,55.62158226966858
Shanghai,K. pneumoniae,Amikacin,other,K. pneumoniae | Amikacin,False,30960,16.237080097198486,5027,1.288759708404541,82.47416019439697
Shanghai,K. pneumoniae,Amoxicillin/Clavulanic acid,other,K. pneumoniae | Amoxicillin/Clavulanic acid,False,20818,32.76971876621246,6822,7.575175166130066,59.65510606765747
Shanghai,K. pneumoniae,Ampicillin,other,K. pneumoniae | Ampicillin,False,28177,93.53373050689696,26355,5.156688019633293,1.3095787726342678
Shanghai,K. pneumoniae,Ampicillin/Sulbactam,other,K. pneumoniae | Ampicillin/Sulbactam,False,34194,41.78803265094757,14289,5.632567033171654,52.57939696311951
Shanghai,K. pneumoniae,Aztreonam,other,K. pneumoniae | Aztreonam,False,34366,37.21701800823212,12790,0.6721759680658579,62.11080551147461
Shanghai,K. pneumoniae,Cefazolin,other,K. pneumoniae | Cefazolin,False,26093,44.58667039871216,11634,9.22086387872696,46.19246423244476
Shanghai,K. pneumoniae,Cefepime,other,K. pneumoniae | Cefepime,False,36240,33.26710760593414,12056,2.149558439850807,64.58333134651184
Shanghai,K. pneumoniae,Cefoperazone/Sulbactam,other,K. pneumoniae | Cefoperazone/Sulbactam,False,36242,26.830747723579407,9724,2.737155742943287,70.43209671974182
Shanghai,K. pneumoniae,Cefotaxime,other,K. pneumoniae | Cefotaxime,False,11599,42.16742813587189,4891,1.4052935875952244,56.42727613449097
Shanghai,K. pneumoniae,Cefotetan,other,K. pneumoniae | Cefotetan,False,7369,22.28253483772278,1642,1.3434658758342266,76.37400031089783
Shanghai,K. pneumoniae,Cefoxitin,other,K. pneumoniae | Cefoxitin,False,29693,32.19277262687683,9559,2.374297007918358,65.43292999267578
Shanghai,K. pneumoniae,Ceftazidime,other,K. pneumoniae | Ceftazidime,False,36271,35.46634912490845,12864,2.5750599801540375,61.95858716964722
Shanghai,K. pneumoniae,Ceftazidime/Avibactam,other,K. pneumoniae | Ceftazidime/Avibactam,False,15391,6.263400614261627,964,0.0,93.73660087585448
Shanghai,K. pneumoniae,Ceftriaxone,other,K. pneumoniae | Ceftriaxone,False,27988,41.628554463386536,11651,0.4823495633900165,57.889097929000854
Shanghai,K. pneumoniae,Cefuroxime,other,K. pneumoniae | Cefuroxime,False,35370,44.55753564834595,15760,2.2618038579821587,53.18065881729126
Shanghai,K. pneumoniae,Chloramphenicol,other,K. pneumoniae | Chloramphenicol,False,2220,29.234233498573303,649,10.6756754219532,60.09008884429931
Shanghai,K. pneumoniae,Ciprofloxacin,fluoroquinolones,K. pneumoniae | Ciprofloxacin,True,25373,35.045126080513,8892,1.7853623256087303,63.169509172439575
Shanghai,K. pneumoniae,Ertapenem,other,K. pneumoniae | Ertapenem,False,17084,21.288925409317017,3637,0.6029033102095127,78.10817360877991
Shanghai,K. pneumoniae,Gentamicin,other,K. pneumoniae | Gentamicin,False,28566,28.757962584495544,8215,7.2008684277534485,64.04116749763489
Shanghai,K. pneumoniae,Imipenem,other,K. pneumoniae | Imipenem,False,36234,22.967378795146946,8322,0.4443340469151735,76.58828496932983
Shanghai,K. pneumoniae,Levofloxacin,fluoroquinolones,K. pneumoniae | Levofloxacin,True,35843,33.00226032733917,11829,2.192896790802479,64.8048460483551
Shanghai,K. pneumoniae,Meropenem,other,K. pneumoniae | Meropenem,False,35557,23.31749051809311,8291,0.368422525934875,76.3140857219696
Shanghai,K. pneumoniae,Nitrofurantoin,other,K. pneumoniae | Nitrofurantoin,False,7746,45.95920443534851,3560,30.157500505447388,23.8832950592041
Shanghai,K. pneumoniae,Piperacillin/Tazobactam,other,K. pneumoniae | Piperacillin/Tazobactam,False,34292,30.561062693595886,10480,3.9134491235017776,65.52548408508301
Shanghai,K. pneumoniae,Polymyxin B,other,K. pneumoniae | Polymyxin B,False,4174,0.8864399045705795,37,0.0,99.1135597229004
Shanghai,K. pneumoniae,Ticarcillin/Clavulanic acid,other,K. pneumoniae | Ticarcillin/Clavulanic acid,False,2862,28.022360801696777,802,5.835080519318581,66.14255905151367
Shanghai,K. pneumoniae,Tigecycline,other,K. pneumoniae | Tigecycline,False,27127,4.08080518245697,1107,3.878055140376091,92.04114079475404
Shanghai,K. pneumoniae,Tobramycin,other,K. pneumoniae | Tobramycin,False,24843,29.859519004821777,7418,1.7107434570789335,68.42973828315735
Shanghai,K. pneumoniae,Trimethoprim/Sulfamethoxazole,sulfonamides,K. pneumoniae | Trimethoprim/Sulfamethoxazole,False,36274,31.09113872051239,11278,0.0,68.90885829925537
Shanghai,P. aeruginosa,Amikacin,other,P. aeruginosa | Amikacin,False,17215,2.8579726815223694,492,1.5335462987422943,95.60847878456116
Shanghai,P. aeruginosa,Aztreonam,other,P. aeruginosa | Aztreonam,False,18049,18.70463788509369,3376,18.4774786233902,62.81788349151611
Shanghai,P. aeruginosa,Cefepime,other,P. aeruginosa | Cefepime,False,19892,7.535693049430847,1499,9.531469643115996,82.93283581733704
Shanghai,P. aeruginosa,Cefoperazone/Sulbactam,other,P. aeruginosa | Cefoperazone/Sulbactam,False,19532,14.75527286529541,2882,10.8693428337574,74.37538504600525
Shanghai,P. aeruginosa,Ceftazidime,other,P. aeruginosa | Ceftazidime,False,19894,13.67749124765396,2721,4.589323326945305,81.7331850528717
Shanghai,P. aeruginosa,Ceftazidime/Avibactam,other,P. aeruginosa | Ceftazidime/Avibactam,False,9715,6.803911179304123,661,0.0,93.19608807563782
Shanghai,P. aeruginosa,Ciprofloxacin,fluoroquinolones,P. aeruginosa | Ciprofloxacin,True,19713,16.050322353839874,3164,4.743063077330589,79.20661568641663
Shanghai,P. aeruginosa,Gentamicin,other,P. aeruginosa | Gentamicin,False,12977,8.969715982675552,1164,5.178392678499222,85.8518898487091
Shanghai,P. aeruginosa,Imipenem,other,P. aeruginosa | Imipenem,False,19954,21.835221350193024,4357,1.438308134675026,76.7264723777771
Shanghai,P. aeruginosa,Levofloxacin,fluoroquinolones,P. aeruginosa | Levofloxacin,False,19218,17.89468228816986,3439,8.752211183309555,73.35310578346252
Shanghai,P. aeruginosa,Meropenem,other,P. aeruginosa | Meropenem,False,19796,18.75126361846924,3712,4.233178496360779,77.01556086540222
Shanghai,P. aeruginosa,Piperacillin,other,P. aeruginosa | Piperacillin,False,17634,18.44731718301773,3253,8.721787482500076,72.83089756965637
Shanghai,P. aeruginosa,Piperacillin/Tazobactam,other,P. aeruginosa | Piperacillin/Tazobactam,False,19350,16.69250577688217,3230,6.20671845972538,77.1007776260376
Shanghai,P. aeruginosa,Polymyxin B,other,P. aeruginosa | Polymyxin B,False,3866,0.646663224324584,25,0.0,99.35333728790285
Shanghai,P. aeruginosa,Tobramycin,other,P. aeruginosa | Tobramycin,False,16770,8.354204148054123,1401,2.027430012822151,89.61836695671082
Shanghai,S. aureus,Cefoxitin,other,S. aureus | Cefoxitin,False,4644,38.84582221508026,1804,0.0,61.1541748046875
Shanghai,S. aureus,Chloramphenicol,other,S. aureus | Chloramphenicol,False,477,3.7735849618911743,18,3.3542975783348083,92.87211894989014
Shanghai,S. aureus,Ciprofloxacin,fluoroquinolones,S. aureus | Ciprofloxacin,False,7490,33.204272389411926,2487,2.8037382289767265,63.99198770523071
Shanghai,S. aureus,Clindamycin,other,S. aureus | Clindamycin,False,18865,25.735488533973697,4855,0.89053800329566,73.37397336959839
Shanghai,S. aureus,Erythromycin,macrolides,S. aureus | Erythromycin,True,18887,48.91724586486816,9239,0.9900989942252636,50.092655420303345
Shanghai,S. aureus,Gentamicin,other,S. aureus | Gentamicin,False,18960,13.375528156757357,2536,2.099156193435192,84.52531695365906
Shanghai,S. aureus,Levofloxacin,fluoroquinolones,S. aureus | Levofloxacin,False,18960,29.7046422958374,5632,0.8808016777038574,69.41455602645874
Shanghai,S. aureus,Linezolid,other,S. aureus | Linezolid,False,18930,0.0,0,0.0,100.0
Shanghai,S. aureus,Nitrofurantoin,other,S. aureus | Nitrofurantoin,False,4740,0.2320675179362297,11,0.7805907167494297,98.98734092712402
Shanghai,S. aureus,Oxacillin,other,S. aureus | Oxacillin,False,18864,42.748090624809265,8064,0.0,57.251906394958496
Shanghai,S. aureus,Penicillin G,other,S. aureus | Penicillin G,False,18956,87.83498406410217,16650,0.0,12.165013700723648
Shanghai,S. aureus,Rifampicin,other,S. aureus | Rifampicin,False,18960,0.8280591107904911,157,1.1497890576720238,98.02215099334715
Shanghai,S. aureus,Teicoplanin,other,S. aureus | Teicoplanin,False,10514,0.0,0,0.0,100.0
Shanghai,S. aureus,Tetracycline,other,S. aureus | Tetracycline,False,7273,28.708922863006592,2088,0.6187268067151308,70.67235112190247
Shanghai,S. aureus,Trimethoprim/Sulfamethoxazole,sulfonamides,S. aureus | Trimethoprim/Sulfamethoxazole,False,18962,4.719966277480125,895,0.0105474107840564,95.26948928833008
Shanghai,S. aureus,Vancomycin,other,S. aureus | Vancomycin,False,18930,0.0,0,0.0,100.0
Shanxi,A. baumannii,Amikacin,other,A. baumannii | Amikacin,False,6727,39.85431790351868,2681,1.4716812409460545,58.674001693725586
Shanxi,A. baumannii,Ampicillin/Sulbactam,other,A. baumannii | Ampicillin/Sulbactam,False,6339,44.67581510543823,2832,4.275122284889221,51.04905962944031
Shanxi,A. baumannii,Aztreonam,other,A. baumannii | Aztreonam,False,0,0.0,0,0.0,0.0
Shanxi,A. baumannii,Cefepime,other,A. baumannii | Cefepime,False,8457,46.7896431684494,3957,8.064325153827667,45.14603316783905
Shanxi,A. baumannii,Cefoperazone/Sulbactam,other,A. baumannii | Cefoperazone/Sulbactam,False,7230,37.64868676662445,2722,10.705394297838213,51.64592266082764
Shanxi,A. baumannii,Cefotaxime,other,A. baumannii | Cefotaxime,False,1940,57.57731795310974,1117,21.64948433637619,20.77319622039795
Shanxi,A. baumannii,Ceftazidime,other,A. baumannii | Ceftazidime,False,9107,52.75062918663025,4804,2.174151688814163,45.07521688938141
Shanxi,A. baumannii,Ceftriaxone,other,A. baumannii | Ceftriaxone,False,3987,51.04088187217712,2035,32.9821914434433,15.976925194263458
Shanxi,A. baumannii,Ciprofloxacin,fluoroquinolones,A. baumannii | Ciprofloxacin,False,8522,52.26472616195679,4454,0.6805913988500834,47.054681181907654
Shanxi,A. baumannii,Gentamicin,other,A. baumannii | Gentamicin,False,5013,43.52683126926422,2182,1.396369468420744,55.076801776885986
Shanxi,A. baumannii,Imipenem,other,A. baumannii | Imipenem,False,8555,53.74634861946106,4598,0.3974284045398235,45.85622549057007
Shanxi,A. baumannii,Levofloxacin,fluoroquinolones,A. baumannii | Levofloxacin,True,9171,44.56438720226288,4087,7.6872751116752625,47.74833619594574
Shanxi,A. baumannii,Meropenem,other,A. baumannii | Meropenem,False,8126,53.4088134765625,4340,0.356879155151546,46.234309673309326
Shanxi,A. baumannii,Minocycline,other,A. baumannii | Minocycline,False,7022,16.220450401306152,1139,13.486185669898989,70.29336094856262
Shanxi,A. baumannii,Piperacillin/Tazobactam,other,A. baumannii | Piperacillin/Tazobactam,False,8182,54.534345865249634,4462,1.931068114936352,43.53458881378174
Shanxi,A. baumannii,Polymyxin B,other,A. baumannii | Polymyxin B,False,1066,2.6266416534781456,28,0.0,97.37336039543152
Shanxi,A. baumannii,Tigecycline,other,A. baumannii | Tigecycline,False,4160,3.677884489297867,153,11.995192617177963,84.32692289352417
Shanxi,A. baumannii,Tobramycin,other,A. baumannii | Tobramycin,False,7771,44.47304010391235,3456,1.968858577311039,53.55809926986694
Shanxi,E. coli,Amikacin,other,E. coli | Amikacin,False,28144,5.411455407738686,1523,4.960204660892487,89.62833881378174
Shanxi,E. coli,Amoxicillin/Clavulanic acid,other,E. coli | Amoxicillin/Clavulanic acid,False,11970,19.548872113227844,2340,20.6516295671463,59.799498319625854
Shanxi,E. coli,Ampicillin,other,E. coli | Ampicillin,False,27019,85.9136164188385,23213,1.7654243856668472,12.320959568023682
Shanxi,E. coli,Ampicillin/Sulbactam,other,E. coli | Ampicillin/Sulbactam,False,22644,38.71665894985199,8767,24.001942574977875,37.281399965286255
Shanxi,E. coli,Aztreonam,other,E. coli | Aztreonam,False,27082,28.24385166168213,7649,2.7767520397901535,68.97939443588257
Shanxi,E. coli,Cefazolin,other,E. coli | Cefazolin,False,9229,66.99534058570862,6183,11.886444687843325,21.11821472644806
Shanxi,E. coli,Cefepime,other,E. coli | Cefepime,False,28851,23.25395941734314,6709,7.784825563430786,68.96121501922607
Shanxi,E. coli,Cefoperazone/Sulbactam,other,E. coli | Cefoperazone/Sulbactam,False,21985,4.107346013188362,903,8.47850814461708,87.41414546966553
Shanxi,E. coli,Cefotaxime,other,E. coli | Cefotaxime,False,7211,48.89751672744751,3526,2.676466479897499,48.42601716518402
Shanxi,E. coli,Cefotetan,other,E. coli | Cefotetan,False,13218,2.0048419013619423,265,0.7262823637574911,97.26887345314026
Shanxi,E. coli,Cefoxitin,other,E. coli | Cefoxitin,False,18715,11.269035190343857,2109,3.1525515019893646,85.57841181755066
Shanxi,E. coli,Ceftazidime,other,E. coli | Ceftazidime,False,30598,20.321589708328247,6218,4.712726175785065,74.96568560600281
Shanxi,E. coli,Ceftazidime/Avibactam,other,E. coli | Ceftazidime/Avibactam,False,46,28.260868787765503,13,0.0,71.7391312122345
Shanxi,E. coli,Ceftriaxone,other,E. coli | Ceftriaxone,False,25703,45.90514600276947,11799,0.3968408331274986,53.69800925254822
Shanxi,E. coli,Cefuroxime,other,E. coli | Cefuroxime,False,30068,49.1752028465271,14786,3.522016853094101,47.30277955532074
Shanxi,E. coli,Chloramphenicol,other,E. coli | Chloramphenicol,False,2341,22.76804745197296,533,5.4250318557024,71.80691957473755
Shanxi,E. coli,Ciprofloxacin,fluoroquinolones,E. coli | Ciprofloxacin,True,24048,55.99634051322937,13466,2.0666999742388725,41.93696081638336
Shanxi,E. coli,Ertapenem,other,E. coli | Ertapenem,False,4638,1.034928858280182,48,0.3234152682125568,98.64165782928468
Shanxi,E. coli,Gentamicin,other,E. coli | Gentamicin,False,28105,38.448673486709595,10806,3.26276458799839,58.288562297821045
Shanxi,E. coli,Imipenem,other,E. coli | Imipenem,False,29214,1.0405969806015491,304,0.3525706939399242,98.6068308353424
Shanxi,E. coli,Levofloxacin,fluoroquinolones,E. coli | Levofloxacin,True,30593,54.031968116760254,16530,2.95165553689003,43.016377091407776
Shanxi,E. coli,Meropenem,other,E. coli | Meropenem,False,28765,0.9421171620488168,271,0.1877281465567648,98.87015223503111
Shanxi,E. coli,Nitrofurantoin,other,E. coli | Nitrofurantoin,False,4114,3.0140982940793037,124,6.781721115112305,90.2041792869568
Shanxi,E. coli,Piperacillin/Tazobactam,other,E. coli | Piperacillin/Tazobactam,False,30467,5.697968229651451,1736,7.371910661458969,86.93011999130249
Shanxi,E. coli,Polymyxin B,other,E. coli | Polymyxin B,False,2261,1.7691286280751228,40,0.0,98.23086857795715
Shanxi,E. coli,Ticarcillin/Clavulanic acid,other,E. coli | Ticarcillin/Clavulanic acid,False,2488,14.509646594524384,361,28.898712992668152,56.591641902923584
Shanxi,E. coli,Tigecycline,other,E. coli | Tigecycline,False,2656,0.1129518030211329,3,0.1882530166767537,99.69879388809204
Shanxi,E. coli,Tobramycin,other,E. coli | Tobramycin,False,19289,34.28897261619568,6614,4.893980920314789,60.81704497337341
Shanxi,E. coli,Trimethoprim/Sulfamethoxazole,sulfonamides,E. coli | Trimethoprim/Sulfamethoxazole,True,25019,52.10040211677551,13035,0.255805579945445,47.643789649009705
Shanxi,K. pneumoniae,Amikacin,other,K. pneumoniae | Amikacin,False,25440,5.231918394565582,1331,3.474842756986618,91.29323959350586
Shanxi,K. pneumoniae,Amoxicillin/Clavulanic acid,other,K. pneumoniae | Amoxicillin/Clavulanic acid,False,10165,11.775700747966766,1197,6.945400685071945,81.27889633178711
Shanxi,K. pneumoniae,Ampicillin,other,K. pneumoniae | Ampicillin,False,6127,87.17153668403625,5341,11.490125954151154,1.338338479399681
Shanxi,K. pneumoniae,Ampicillin/Sulbactam,other,K. pneumoniae | Ampicillin/Sulbactam,False,21469,19.530485570430756,4193,5.43108657002449,75.0384271144867
Shanxi,K. pneumoniae,Aztreonam,other,K. pneumoniae | Aztreonam,False,24157,14.683113992214205,3547,0.931407045572996,84.38547849655151
Shanxi,K. pneumoniae,Cefazolin,other,K. pneumoniae | Cefazolin,False,13955,23.496954143047333,3279,13.794338703155518,62.70870566368103
Shanxi,K. pneumoniae,Cefepime,other,K. pneumoniae | Cefepime,False,25959,12.250086665153503,3180,2.557879686355591,85.19203066825867
Shanxi,K. pneumoniae,Cefoperazone/Sulbactam,other,K. pneumoniae | Cefoperazone/Sulbactam,False,19531,5.626951903104782,1099,3.732527792453766,90.64052104949953
Shanxi,K. pneumoniae,Cefotaxime,other,K. pneumoniae | Cefotaxime,False,7111,16.762761771678925,1192,4.907889291644096,78.32934856414795
Shanxi,K. pneumoniae,Cefotetan,other,K. pneumoniae | Cefotetan,False,12685,5.478912219405174,695,0.4651162773370743,94.05597448349
Shanxi,K. pneumoniae,Cefoxitin,other,K. pneumoniae | Cefoxitin,False,16413,9.870225191116331,1620,1.7059648409485817,88.42381238937378
Shanxi,K. pneumoniae,Ceftazidime,other,K. pneumoniae | Ceftazidime,False,27627,12.462446093559263,3443,2.2984761744737625,85.23907661437988
Shanxi,K. pneumoniae,Ceftazidime/Avibactam,other,K. pneumoniae | Ceftazidime/Avibactam,False,105,12.380952388048172,13,0.0,87.61904835700989
Shanxi,K. pneumoniae,Ceftriaxone,other,K. pneumoniae | Ceftriaxone,False,22655,18.680202960968018,4232,0.2207018202170729,81.09909296035767
Shanxi,K. pneumoniae,Cefuroxime,other,K. pneumoniae | Cefuroxime,False,27164,20.63024640083313,5604,2.50331312417984,76.86644196510315
Shanxi,K. pneumoniae,Chloramphenicol,other,K. pneumoniae | Chloramphenicol,False,4465,15.856662392616272,708,4.188130050897598,79.95520830154419
Shanxi,K. pneumoniae,Ciprofloxacin,fluoroquinolones,K. pneumoniae | Ciprofloxacin,True,22514,12.13022992014885,2731,2.163098566234112,85.70666909217834
Shanxi,K. pneumoniae,Ertapenem,other,K. pneumoniae | Ertapenem,False,3365,6.062407046556473,204,0.4754829220473766,93.46210956573486
Shanxi,K. pneumoniae,Gentamicin,other,K. pneumoniae | Gentamicin,False,25367,11.15228459239006,2829,3.9145346730947495,84.9331796169281
Shanxi,K. pneumoniae,Imipenem,other,K. pneumoniae | Imipenem,False,26137,4.920228198170662,1286,0.7154608611017466,94.36430931091309
Shanxi,K. pneumoniae,Levofloxacin,fluoroquinolones,K. pneumoniae | Levofloxacin,True,27816,11.23454123735428,3125,1.5746332705020905,87.19082474708557
Shanxi,K. pneumoniae,Meropenem,other,K. pneumoniae | Meropenem,False,25839,4.5899610966444016,1186,0.4218429327011109,94.98819708824158
Shanxi,K. pneumoniae,Nitrofurantoin,other,K. pneumoniae | Nitrofurantoin,False,1643,16.920268535614014,278,44.7352409362793,38.34449052810669
Shanxi,K. pneumoniae,Piperacillin/Tazobactam,other,K. pneumoniae | Piperacillin/Tazobactam,False,27785,8.400215953588486,2334,9.490732103586195,82.10905194282532
Shanxi,K. pneumoniae,Polymyxin B,other,K. pneumoniae | Polymyxin B,False,2743,3.7550128996372223,103,0.0,96.2449848651886
Shanxi,K. pneumoniae,Ticarcillin/Clavulanic acid,other,K. pneumoniae | Ticarcillin/Clavulanic acid,False,2977,11.420893669128418,340,5.105811357498169,83.47329497337341
Shanxi,K. pneumoniae,Tigecycline,other,K. pneumoniae | Tigecycline,False,2332,1.7152657732367516,40,0.9862778708338736,97.29845523834229
Shanxi,K. pneumoniae,Tobramycin,other,K. pneumoniae | Tobramycin,False,17685,11.778343468904495,2083,1.634153164923191,86.58750057220459
Shanxi,K. pneumoniae,Trimethoprim/Sulfamethoxazole,sulfonamides,K. pneumoniae | Trimethoprim/Sulfamethoxazole,False,24079,17.874497175216675,4304,0.7143153809010983,81.41118884086609
Shanxi,P. aeruginosa,Amikacin,other,P. aeruginosa | Amikacin,False,9601,2.749713510274887,264,0.9790646843612194,96.27122282981873
Shanxi,P. aeruginosa,Aztreonam,other,P. aeruginosa | Aztreonam,False,8956,15.966948866844175,1430,17.36266165971756,66.67038798332214
Shanxi,P. aeruginosa,Cefepime,other,P. aeruginosa | Cefepime,False,11200,6.678571552038193,748,4.982142895460129,88.3392870426178
Shanxi,P. aeruginosa,Cefoperazone/Sulbactam,other,P. aeruginosa | Cefoperazone/Sulbactam,False,8642,7.451979070901871,644,8.562832325696945,83.98519158363342
Shanxi,P. aeruginosa,Ceftazidime,other,P. aeruginosa | Ceftazidime,False,11684,9.705580025911331,1134,4.082506150007248,86.21191382408142
Shanxi,P. aeruginosa,Ceftazidime/Avibactam,other,P. aeruginosa | Ceftazidime/Avibactam,False,5,20.000000298023224,1,0.0,80.0000011920929
Shanxi,P. aeruginosa,Ciprofloxacin,fluoroquinolones,P. aeruginosa | Ciprofloxacin,True,11710,8.385995030403137,982,4.039282724261284,87.57472038269043
Shanxi,P. aeruginosa,Gentamicin,other,P. aeruginosa | Gentamicin,False,6735,6.340014934539795,427,2.776540443301201,90.8834457397461
Shanxi,P. aeruginosa,Imipenem,other,P. aeruginosa | Imipenem,False,11257,12.889757752418518,1451,1.7944389954209328,85.31580567359924
Shanxi,P. aeruginosa,Levofloxacin,fluoroquinolones,P. aeruginosa | Levofloxacin,False,11667,9.599725902080536,1120,5.691266059875488,84.70900654792786
Shanxi,P. aeruginosa,Meropenem,other,P. aeruginosa | Meropenem,False,11777,11.012991517782211,1297,2.74263396859169,86.2443745136261
Shanxi,P. aeruginosa,Piperacillin,other,P. aeruginosa | Piperacillin,False,9049,13.493204116821287,1221,8.586584031581879,77.92021036148071
Shanxi,P. aeruginosa,Piperacillin/Tazobactam,other,P. aeruginosa | Piperacillin/Tazobactam,False,11593,12.28327453136444,1424,4.899508506059647,82.81721472740173
Shanxi,P. aeruginosa,Polymyxin B,other,P. aeruginosa | Polymyxin B,False,1310,2.900763414800167,38,0.0,97.0992386341095
Shanxi,P. aeruginosa,Tobramycin,other,P. aeruginosa | Tobramycin,False,9635,7.109496742486954,685,3.4872859716415405,89.40321803092957
Shanxi,S. aureus,Cefoxitin,other,S. aureus | Cefoxitin,False,2133,19.45616453886032,415,0.0,80.54383397102356
Shanxi,S. aureus,Chloramphenicol,other,S. aureus | Chloramphenicol,False,1790,5.418994277715683,97,1.1173184029757977,93.4636890888214
Shanxi,S. aureus,Ciprofloxacin,fluoroquinolones,S. aureus | Ciprofloxacin,False,9551,10.061773657798769,961,4.324154555797577,85.61407327651978
Shanxi,S. aureus,Clindamycin,other,S. aureus | Clindamycin,False,11339,30.83164393901825,3496,1.4198782853782177,67.74848103523254
Shanxi,S. aureus,Erythromycin,macrolides,S. aureus | Erythromycin,True,11519,58.59883427619934,6750,2.4481290951371193,38.95303308963776
Shanxi,S. aureus,Gentamicin,other,S. aureus | Gentamicin,False,11500,8.56521725654602,985,3.0782608315348625,88.35652470588684
Shanxi,S. aureus,Levofloxacin,fluoroquinolones,S. aureus | Levofloxacin,False,11340,9.691358357667925,1099,0.6701940204948187,89.63844776153564
Shanxi,S. aureus,Linezolid,other,S. aureus | Linezolid,False,11471,0.0,0,0.0,100.0
Shanxi,S. aureus,Nitrofurantoin,other,S. aureus | Nitrofurantoin,False,948,0.3164557041600346,3,0.1054852269589901,99.578058719635
Shanxi,S. aureus,Oxacillin,other,S. aureus | Oxacillin,False,10988,16.17218852043152,1777,0.0,83.82781147956848
Shanxi,S. aureus,Penicillin G,other,S. aureus | Penicillin G,False,10311,93.03656220436096,9593,0.0,6.963437050580978
Shanxi,S. aureus,Rifampicin,other,S. aureus | Rifampicin,False,10724,0.8951883763074875,96,0.2331219613552093,98.87169003486632
Shanxi,S. aureus,Teicoplanin,other,S. aureus | Teicoplanin,False,2083,0.0,0,0.0,100.0
Shanxi,S. aureus,Tetracycline,other,S. aureus | Tetracycline,False,9881,9.907904267311096,979,0.6881894543766975,89.40390944480896
Shanxi,S. aureus,Trimethoprim/Sulfamethoxazole,sulfonamides,S. aureus | Trimethoprim/Sulfamethoxazole,False,11027,12.986306846141815,1432,0.3990205936133861,86.61467432975769
Shanxi,S. aureus,Vancomycin,other,S. aureus | Vancomycin,False,11127,0.0,0,0.0,100.0
Sichuan,A. baumannii,Amikacin,other,A. baumannii | Amikacin,False,15654,36.73821389675141,5751,1.2520761229097843,62.00971007347107
Sichuan,A. baumannii,Ampicillin/Sulbactam,other,A. baumannii | Ampicillin/Sulbactam,False,17588,43.887877464294434,7719,4.4007278978824615,51.711392402648926
Sichuan,A. baumannii,Aztreonam,other,A. baumannii | Aztreonam,False,13096,58.16279649734497,7617,33.63622426986694,8.200977742671967
Sichuan,A. baumannii,Cefepime,other,A. baumannii | Cefepime,False,19967,47.82390892505646,9549,1.4423799701035025,50.73370933532715
Sichuan,A. baumannii,Cefoperazone/Sulbactam,other,A. baumannii | Cefoperazone/Sulbactam,False,12761,35.052111744880676,4473,9.709270298480988,55.23861646652222
Sichuan,A. baumannii,Cefotaxime,other,A. baumannii | Cefotaxime,False,11069,51.06152296066284,5652,8.004336804151535,40.93413949012756
Sichuan,A. baumannii,Ceftazidime,other,A. baumannii | Ceftazidime,False,19951,48.17803502082825,9612,1.9898751750588417,49.83208775520325
Sichuan,A. baumannii,Ceftriaxone,other,A. baumannii | Ceftriaxone,False,15073,47.933390736579895,7225,26.524248719215393,25.542360544204712
Sichuan,A. baumannii,Ciprofloxacin,fluoroquinolones,A. baumannii | Ciprofloxacin,False,18967,48.4209418296814,9184,0.4270575009286404,51.152002811431885
Sichuan,A. baumannii,Gentamicin,other,A. baumannii | Gentamicin,False,16567,42.1500563621521,6983,1.6780346632003784,56.17190599441528
Sichuan,A. baumannii,Imipenem,other,A. baumannii | Imipenem,False,18671,48.83509278297424,9118,0.0856943952385336,51.07921361923218
Sichuan,A. baumannii,Levofloxacin,fluoroquinolones,A. baumannii | Levofloxacin,True,19632,41.07069969177246,8063,7.19233900308609,51.73696279525757
Sichuan,A. baumannii,Meropenem,other,A. baumannii | Meropenem,False,17370,48.42832386493683,8412,0.2245250390842557,51.347148418426514
Sichuan,A. baumannii,Minocycline,other,A. baumannii | Minocycline,False,10771,14.3626406788826,1547,21.32578194141388,64.3115758895874
Sichuan,A. baumannii,Piperacillin/Tazobactam,other,A. baumannii | Piperacillin/Tazobactam,False,17500,48.61714243888855,8508,1.6571428626775742,49.725714325904846
Sichuan,A. baumannii,Polymyxin B,other,A. baumannii | Polymyxin B,False,1368,0.7309941574931145,10,0.0,99.2690086364746
Sichuan,A. baumannii,Tigecycline,other,A. baumannii | Tigecycline,False,14181,1.7488189041614532,248,7.157464325428009,91.09371900558472
Sichuan,A. baumannii,Tobramycin,other,A. baumannii | Tobramycin,False,18115,43.23488771915436,7832,0.5354678258299828,56.2296450138092
Sichuan,E. coli,Amikacin,other,E. coli | Amikacin,False,73567,4.466676712036133,3286,2.0579880103468895,93.47533583641052
Sichuan,E. coli,Amoxicillin/Clavulanic acid,other,E. coli | Amoxicillin/Clavulanic acid,False,61799,14.422564208507538,8913,18.1799054145813,67.39752888679504
Sichuan,E. coli,Ampicillin,other,E. coli | Ampicillin,False,81565,84.20891165733337,68685,0.9795868769288064,14.811499416828156
Sichuan,E. coli,Ampicillin/Sulbactam,other,E. coli | Ampicillin/Sulbactam,False,82690,35.95114350318909,29728,28.0844122171402,35.964444279670715
Sichuan,E. coli,Aztreonam,other,E. coli | Aztreonam,False,79409,30.545654892921448,24256,2.262967638671398,67.1913743019104
Sichuan,E. coli,Cefazolin,other,E. coli | Cefazolin,False,37559,60.86423993110657,22860,13.11536580324173,26.020395755767822
Sichuan,E. coli,Cefepime,other,E. coli | Cefepime,False,83375,22.090554237365723,18418,7.904048264026642,70.00539898872375
Sichuan,E. coli,Cefoperazone/Sulbactam,other,E. coli | Cefoperazone/Sulbactam,False,62809,4.805043712258339,3018,8.39051753282547,86.8044376373291
Sichuan,E. coli,Cefotaxime,other,E. coli | Cefotaxime,False,46918,50.22379755973816,23564,0.7076175417751074,49.06858801841736
Sichuan,E. coli,Cefotetan,other,E. coli | Cefotetan,False,54734,1.91836878657341,1050,0.7600394543260336,97.32159376144408
Sichuan,E. coli,Cefoxitin,other,E. coli | Cefoxitin,False,28567,9.703504294157028,2772,3.5565514117479324,86.73994541168213
Sichuan,E. coli,Ceftazidime,other,E. coli | Ceftazidime,False,86765,21.176742017269135,18374,3.942834213376045,74.88042116165161
Sichuan,E. coli,Ceftazidime/Avibactam,other,E. coli | Ceftazidime/Avibactam,False,2285,10.15317291021347,232,0.0,89.84682559967041
Sichuan,E. coli,Ceftriaxone,other,E. coli | Ceftriaxone,False,79777,50.29268860816955,40122,0.3384434152394533,49.36886429786682
Sichuan,E. coli,Cefuroxime,other,E. coli | Cefuroxime,False,73566,51.55642628669739,37928,2.512029930949211,45.93154489994049
Sichuan,E. coli,Chloramphenicol,other,E. coli | Chloramphenicol,False,9372,24.935980141162872,2337,3.1476739794015884,71.91634774208069
Sichuan,E. coli,Ciprofloxacin,fluoroquinolones,E. coli | Ciprofloxacin,True,71411,47.97160029411316,34257,2.0739102736115456,49.95448887348175
Sichuan,E. coli,Ertapenem,other,E. coli | Ertapenem,False,76922,1.2740178033709526,980,0.117001635953784,98.6089825630188
Sichuan,E. coli,Gentamicin,other,E. coli | Gentamicin,False,77952,31.5822571516037,24619,2.2257287055253983,66.19201302528381
Sichuan,E. coli,Imipenem,other,E. coli | Imipenem,False,83840,1.2893606908619404,1081,0.1836832030676305,98.5269546508789
Sichuan,E. coli,Levofloxacin,fluoroquinolones,E. coli | Levofloxacin,True,83018,46.071937680244446,38248,3.022236190736294,50.90582966804504
Sichuan,E. coli,Meropenem,other,E. coli | Meropenem,False,64524,1.3607339933514595,878,0.0945384672377258,98.54472875595091
Sichuan,E. coli,Nitrofurantoin,other,E. coli | Nitrofurantoin,False,46182,1.6846390441060066,778,4.393486678600311,93.92187595367432
Sichuan,E. coli,Piperacillin/Tazobactam,other,E. coli | Piperacillin/Tazobactam,False,83811,6.803403049707413,5702,3.0711958184838295,90.12539982795715
Sichuan,E. coli,Polymyxin B,other,E. coli | Polymyxin B,False,5809,0.2926493296399712,17,0.0,99.7073531150818
Sichuan,E. coli,Ticarcillin/Clavulanic acid,other,E. coli | Ticarcillin/Clavulanic acid,False,29227,10.753755271434784,3143,12.402915209531784,76.84332728385925
Sichuan,E. coli,Tigecycline,other,E. coli | Tigecycline,False,52450,0.0705433718394488,37,0.133460434153676,99.79599714279176
Sichuan,E. coli,Tobramycin,other,E. coli | Tobramycin,False,66275,31.65597915649414,20980,2.602791413664818,65.74122905731201
Sichuan,E. coli,Trimethoprim/Sulfamethoxazole,sulfonamides,E. coli | Trimethoprim/Sulfamethoxazole,True,84071,50.08980631828308,42111,0.0035684122849488,49.90662634372711
Sichuan,K. pneumoniae,Amikacin,other,K. pneumoniae | Amikacin,False,43948,8.835441619157791,3883,0.5347228609025478,90.62983393669128
Sichuan,K. pneumoniae,Amoxicillin/Clavulanic acid,other,K. pneumoniae | Amoxicillin/Clavulanic acid,False,37972,17.992204427719116,6832,6.7233748733997345,75.28442144393921
Sichuan,K. pneumoniae,Ampicillin,other,K. pneumoniae | Ampicillin,False,38371,83.28685760498047,31958,14.0131875872612,2.699955739080906
Sichuan,K. pneumoniae,Ampicillin/Sulbactam,other,K. pneumoniae | Ampicillin/Sulbactam,False,50985,27.478671073913578,14010,5.837010964751244,66.68431758880615
Sichuan,K. pneumoniae,Aztreonam,other,K. pneumoniae | Aztreonam,False,48655,20.014387369155884,9738,0.7234611082822084,79.26214933395386
Sichuan,K. pneumoniae,Cefazolin,other,K. pneumoniae | Cefazolin,False,32444,26.488718390464783,8594,11.804956197738647,61.70632243156433
Sichuan,K. pneumoniae,Cefepime,other,K. pneumoniae | Cefepime,False,52501,15.919697284698486,8358,1.9904382526874544,82.08986520767212
Sichuan,K. pneumoniae,Cefoperazone/Sulbactam,other,K. pneumoniae | Cefoperazone/Sulbactam,False,35842,11.179621517658234,4007,4.681658372282982,84.13872122764587
Sichuan,K. pneumoniae,Cefotaxime,other,K. pneumoniae | Cefotaxime,False,29613,25.559720396995544,7569,0.7125249132514,73.72775673866272
Sichuan,K. pneumoniae,Cefotetan,other,K. pneumoniae | Cefotetan,False,31523,7.832376658916473,2469,0.6915585603564978,91.47606492042542
Sichuan,K. pneumoniae,Cefoxitin,other,K. pneumoniae | Cefoxitin,False,17648,15.38417935371399,2715,2.2042157128453255,82.4116051197052
Sichuan,K. pneumoniae,Ceftazidime,other,K. pneumoniae | Ceftazidime,False,53284,17.744538187980652,9455,1.75099465996027,80.50446510314941
Sichuan,K. pneumoniae,Ceftazidime/Avibactam,other,K. pneumoniae | Ceftazidime/Avibactam,False,2901,9.582902491092682,278,0.0,90.41709899902344
Sichuan,K. pneumoniae,Ceftriaxone,other,K. pneumoniae | Ceftriaxone,False,48607,24.381262063980103,11851,0.2221902133896947,75.39654970169067
Sichuan,K. pneumoniae,Cefuroxime,other,K. pneumoniae | Cefuroxime,False,44193,26.73952877521515,11817,1.9120674580335617,71.34840488433838
Sichuan,K. pneumoniae,Chloramphenicol,other,K. pneumoniae | Chloramphenicol,False,6662,19.003301858901978,1266,3.58751118183136,77.40918397903442
Sichuan,K. pneumoniae,Ciprofloxacin,fluoroquinolones,K. pneumoniae | Ciprofloxacin,True,43740,17.512574791908264,7660,2.0278921350836754,80.45953512191772
Sichuan,K. pneumoniae,Ertapenem,other,K. pneumoniae | Ertapenem,False,46498,8.314336091279984,3866,0.1333390711806714,91.55232310295104
Sichuan,K. pneumoniae,Gentamicin,other,K. pneumoniae | Gentamicin,False,48410,15.686841309070587,7594,1.3261722400784492,82.98698663711548
Sichuan,K. pneumoniae,Imipenem,other,K. pneumoniae | Imipenem,False,51267,9.023348242044449,4626,0.4973959643393755,90.4792547225952
Sichuan,K. pneumoniae,Levofloxacin,fluoroquinolones,K. pneumoniae | Levofloxacin,True,51202,15.901722013950348,8142,1.9803913310170176,82.11788535118103
Sichuan,K. pneumoniae,Meropenem,other,K. pneumoniae | Meropenem,False,40231,9.733787178993223,3916,0.1491387258283794,90.11707305908205
Sichuan,K. pneumoniae,Nitrofurantoin,other,K. pneumoniae | Nitrofurantoin,False,25909,23.50534498691559,6090,43.23980212211609,33.25485289096832
Sichuan,K. pneumoniae,Piperacillin/Tazobactam,other,K. pneumoniae | Piperacillin/Tazobactam,False,52085,15.559181571006777,8104,3.701641410589218,80.73917627334595
Sichuan,K. pneumoniae,Polymyxin B,other,K. pneumoniae | Polymyxin B,False,4081,0.95564816147089,39,0.0,99.04435276985168
Sichuan,K. pneumoniae,Ticarcillin/Clavulanic acid,other,K. pneumoniae | Ticarcillin/Clavulanic acid,False,18522,20.88327407836914,3868,6.376200914382935,72.74052500724792
Sichuan,K. pneumoniae,Tigecycline,other,K. pneumoniae | Tigecycline,False,30948,1.130929309874773,350,2.067985013127327,96.80108428001404
Sichuan,K. pneumoniae,Tobramycin,other,K. pneumoniae | Tobramycin,False,40830,16.987508535385132,6936,1.8099436536431313,81.20254874229431
Sichuan,K. pneumoniae,Trimethoprim/Sulfamethoxazole,sulfonamides,K. pneumoniae | Trimethoprim/Sulfamethoxazole,False,51429,22.084815800189972,11358,0.0058332847402198,77.90935039520264
Sichuan,P. aeruginosa,Amikacin,other,P. aeruginosa | Amikacin,False,29357,1.515822485089302,445,1.4374765567481518,97.04670310020448
Sichuan,P. aeruginosa,Aztreonam,other,P. aeruginosa | Aztreonam,False,26218,13.750095665454865,3605,13.540315628051758,72.7095901966095
Sichuan,P. aeruginosa,Cefepime,other,P. aeruginosa | Cefepime,False,32288,7.631318271160126,2464,5.658448860049248,86.7102324962616
Sichuan,P. aeruginosa,Cefoperazone/Sulbactam,other,P. aeruginosa | Cefoperazone/Sulbactam,False,21217,7.899326086044312,1676,9.049347043037416,83.05132389068604
Sichuan,P. aeruginosa,Ceftazidime,other,P. aeruginosa | Ceftazidime,False,32163,11.522556841373444,3706,4.502067714929581,83.97537469863892
Sichuan,P. aeruginosa,Ceftazidime/Avibactam,other,P. aeruginosa | Ceftazidime/Avibactam,False,605,8.264462649822235,50,0.0,91.73553586006165
Sichuan,P. aeruginosa,Ciprofloxacin,fluoroquinolones,P. aeruginosa | Ciprofloxacin,True,31729,7.381260395050049,2342,4.610923677682877,88.0078136920929
Sichuan,P. aeruginosa,Gentamicin,other,P. aeruginosa | Gentamicin,False,23387,3.5789113491773605,837,4.134775698184967,92.28631258010864
Sichuan,P. aeruginosa,Imipenem,other,P. aeruginosa | Imipenem,False,30557,9.614818543195724,2938,2.7358707040548325,87.64930963516235
Sichuan,P. aeruginosa,Levofloxacin,fluoroquinolones,P. aeruginosa | Levofloxacin,False,30709,9.137386083602903,2806,6.415057182312012,84.44755673408508
Sichuan,P. aeruginosa,Meropenem,other,P. aeruginosa | Meropenem,False,28348,7.697191834449768,2182,2.2505996748805046,90.05220532417297
Sichuan,P. aeruginosa,Piperacillin,other,P. aeruginosa | Piperacillin,False,18111,20.35779356956482,3687,4.99144159257412,74.65076446533203
Sichuan,P. aeruginosa,Piperacillin/Tazobactam,other,P. aeruginosa | Piperacillin/Tazobactam,False,31063,14.103595912456512,4381,3.995106741786003,81.9012999534607
Sichuan,P. aeruginosa,Polymyxin B,other,P. aeruginosa | Polymyxin B,False,2875,0.8695651777088642,25,0.0,99.1304337978363
Sichuan,P. aeruginosa,Tobramycin,other,P. aeruginosa | Tobramycin,False,23106,5.219423398375511,1206,2.7958106249570847,91.98476672172546
Sichuan,S. aureus,Cefoxitin,other,S. aureus | Cefoxitin,False,4995,31.0510516166687,1551,0.0,68.9489483833313
Sichuan,S. aureus,Chloramphenicol,other,S. aureus | Chloramphenicol,False,2346,4.433077573776245,104,1.4066495932638643,94.16027069091795
Sichuan,S. aureus,Ciprofloxacin,fluoroquinolones,S. aureus | Ciprofloxacin,False,32679,13.855993747711182,4528,5.281679332256317,80.86232542991638
Sichuan,S. aureus,Clindamycin,other,S. aureus | Clindamycin,False,39839,31.52940571308136,12561,0.491980230435729,67.97861456871033
Sichuan,S. aureus,Erythromycin,macrolides,S. aureus | Erythromycin,True,40409,55.990004539489746,22625,1.143309660255909,42.8666889667511
Sichuan,S. aureus,Gentamicin,other,S. aureus | Gentamicin,False,40297,8.616025745868683,3472,3.3178649842739105,88.06610703468323
Sichuan,S. aureus,Levofloxacin,fluoroquinolones,S. aureus | Levofloxacin,False,38814,13.94599825143814,5413,0.8244448341429234,85.22955775260925
Sichuan,S. aureus,Linezolid,other,S. aureus | Linezolid,False,40098,0.0,0,0.0,100.0
Sichuan,S. aureus,Nitrofurantoin,other,S. aureus | Nitrofurantoin,False,19880,0.1307847094722092,26,0.1559356111101806,99.71327781677246
Sichuan,S. aureus,Oxacillin,other,S. aureus | Oxacillin,False,39967,29.329195618629456,11722,0.0,70.6708014011383
Sichuan,S. aureus,Penicillin G,other,S. aureus | Penicillin G,False,39267,93.39394569396973,36673,0.0,6.606055796146393
Sichuan,S. aureus,Rifampicin,other,S. aureus | Rifampicin,False,40461,0.9638911113142968,390,0.6030498538166285,98.43305945396423
Sichuan,S. aureus,Teicoplanin,other,S. aureus | Teicoplanin,False,8716,0.0,0,0.0,100.0
Sichuan,S. aureus,Tetracycline,other,S. aureus | Tetracycline,False,35020,18.98629367351532,6649,0.5539691541343927,80.45973777770996
Sichuan,S. aureus,Trimethoprim/Sulfamethoxazole,sulfonamides,S. aureus | Trimethoprim/Sulfamethoxazole,False,39596,11.927972733974457,4723,0.0,88.07202577590942
Sichuan,S. aureus,Vancomycin,other,S. aureus | Vancomycin,False,40247,0.0,0,0.0,100.0
Tianjin,A. baumannii,Amikacin,other,A. baumannii | Amikacin,False,8925,7.652661204338074,683,1.09803918749094,91.24929904937744
Tianjin,A. baumannii,Ampicillin/Sulbactam,other,A. baumannii | Ampicillin/Sulbactam,False,4839,22.401322424411777,1084,4.587724804878235,73.01095128059387
Tianjin,A. baumannii,Aztreonam,other,A. baumannii | Aztreonam,False,8271,36.65820360183716,3032,56.365615129470825,6.976182013750076
Tianjin,A. baumannii,Cefepime,other,A. baumannii | Cefepime,False,11081,19.447703659534454,2155,10.134464502334597,70.41783332824707
Tianjin,A. baumannii,Cefoperazone/Sulbactam,other,A. baumannii | Cefoperazone/Sulbactam,False,6882,15.417030453681946,1061,7.730311155319214,76.85266137123108
Tianjin,A. baumannii,Cefotaxime,other,A. baumannii | Cefotaxime,False,4178,33.10196399688721,1383,17.257060110569,49.64097738265991
Tianjin,A. baumannii,Ceftazidime,other,A. baumannii | Ceftazidime,False,11096,28.154289722442627,3124,4.136625677347183,67.70908236503601
Tianjin,A. baumannii,Ceftriaxone,other,A. baumannii | Ceftriaxone,False,4880,27.45901644229889,1340,48.66803288459778,23.872950673103333
Tianjin,A. baumannii,Ciprofloxacin,fluoroquinolones,A. baumannii | Ciprofloxacin,False,10472,31.46485984325409,3295,0.5920549854636192,67.94308423995972
Tianjin,A. baumannii,Gentamicin,other,A. baumannii | Gentamicin,False,4880,25.122949481010437,1226,1.7418032512068748,73.135244846344
Tianjin,A. baumannii,Imipenem,other,A. baumannii | Imipenem,False,11098,30.311769247055057,3364,0.423499708995223,69.26473379135132
Tianjin,A. baumannii,Levofloxacin,fluoroquinolones,A. baumannii | Levofloxacin,True,10934,27.09895670413971,2963,4.243643581867218,68.65739822387695
Tianjin,A. baumannii,Meropenem,other,A. baumannii | Meropenem,False,10879,31.059840321540833,3379,0.882434006780386,68.0577278137207
Tianjin,A. baumannii,Minocycline,other,A. baumannii | Minocycline,False,6310,4.944532364606857,312,7.59112536907196,87.46434450149536
Tianjin,A. baumannii,Piperacillin/Tazobactam,other,A. baumannii | Piperacillin/Tazobactam,False,11056,31.78364634513855,3514,2.9124457389116287,65.30390977859497
Tianjin,A. baumannii,Polymyxin B,other,A. baumannii | Polymyxin B,False,174,2.8735632076859474,5,0.0,97.12643623352052
Tianjin,A. baumannii,Tigecycline,other,A. baumannii | Tigecycline,False,9895,2.6882262900471687,266,9.651339054107666,87.66043186187744
Tianjin,A. baumannii,Tobramycin,other,A. baumannii | Tobramycin,False,10462,23.16000759601593,2423,1.644045114517212,75.19594430923462
Tianjin,E. coli,Amikacin,other,E. coli | Amikacin,False,25456,2.7302011847496033,695,1.6538340598344805,95.61596512794496
Tianjin,E. coli,Amoxicillin/Clavulanic acid,other,E. coli | Amoxicillin/Clavulanic acid,False,19881,9.340576082468033,1857,13.399727642536163,77.25969552993774
Tianjin,E. coli,Ampicillin,other,E. coli | Ampicillin,False,16641,77.70566940307617,12931,1.5864431858062744,20.707890391349792
Tianjin,E. coli,Ampicillin/Sulbactam,other,E. coli | Ampicillin/Sulbactam,False,15992,28.939470648765564,4628,27.4074524641037,43.65307688713074
Tianjin,E. coli,Aztreonam,other,E. coli | Aztreonam,False,15403,25.313249230384827,3899,0.5063948687165976,74.1803526878357
Tianjin,E. coli,Cefazolin,other,E. coli | Cefazolin,False,1602,55.36829233169556,887,19.725343585014343,24.90636706352234
Tianjin,E. coli,Cefepime,other,E. coli | Cefepime,False,25751,18.04201751947403,4646,9.005475789308548,72.9525089263916
Tianjin,E. coli,Cefoperazone/Sulbactam,other,E. coli | Cefoperazone/Sulbactam,False,14826,4.39767986536026,652,3.622015193104744,91.9803023338318
Tianjin,E. coli,Cefotaxime,other,E. coli | Cefotaxime,False,12727,45.87883949279785,5839,0.8407322689890862,53.28042507171631
Tianjin,E. coli,Cefotetan,other,E. coli | Cefotetan,False,14033,2.123565971851349,298,0.6698496174067259,97.20658659934998
Tianjin,E. coli,Cefoxitin,other,E. coli | Cefoxitin,False,9006,10.881634801626204,980,6.462358683347702,82.65600800514221
Tianjin,E. coli,Ceftazidime,other,E. coli | Ceftazidime,False,25831,18.760403990745544,4846,6.182494014501572,75.05710124969482
Tianjin,E. coli,Ceftazidime/Avibactam,other,E. coli | Ceftazidime/Avibactam,False,1773,5.809362605214119,103,0.0,94.19063925743104
Tianjin,E. coli,Ceftriaxone,other,E. coli | Ceftriaxone,False,23622,47.316062450408936,11177,0.2286004601046443,52.45533585548401
Tianjin,E. coli,Cefuroxime,other,E. coli | Cefuroxime,False,23925,47.912225127220154,11463,4.614420235157013,47.473353147506714
Tianjin,E. coli,Chloramphenicol,other,E. coli | Chloramphenicol,False,674,17.655786871910095,119,6.231454014778137,76.11275911331177
Tianjin,E. coli,Ciprofloxacin,fluoroquinolones,E. coli | Ciprofloxacin,True,14747,51.78680419921875,7637,1.376551203429699,46.83664441108704
Tianjin,E. coli,Ertapenem,other,E. coli | Ertapenem,False,22601,1.6636431217193604,376,0.2698995638638735,98.06645512580872
Tianjin,E. coli,Gentamicin,other,E. coli | Gentamicin,False,17121,32.848548889160156,5624,1.3316978700459003,65.81975221633911
Tianjin,E. coli,Imipenem,other,E. coli | Imipenem,False,25843,1.5013736672699451,388,0.1431722310371697,98.35545420646667
Tianjin,E. coli,Levofloxacin,fluoroquinolones,E. coli | Levofloxacin,True,25547,51.75558924674988,13222,3.053196147084236,45.191216468811035
Tianjin,E. coli,Meropenem,other,E. coli | Meropenem,False,16846,1.60275436937809,270,0.1068502897396683,98.29039573669434
Tianjin,E. coli,Nitrofurantoin,other,E. coli | Nitrofurantoin,False,14171,1.291369739919901,183,4.749135673046112,93.95949244499208
Tianjin,E. coli,Piperacillin/Tazobactam,other,E. coli | Piperacillin/Tazobactam,False,25750,8.609708398580551,2217,1.572815515100956,89.81747627258301
Tianjin,E. coli,Polymyxin B,other,E. coli | Polymyxin B,False,27,7.407407462596893,2,0.0,92.592591047287
Tianjin,E. coli,Ticarcillin/Clavulanic acid,other,E. coli | Ticarcillin/Clavulanic acid,False,7831,9.93487387895584,778,8.926063030958176,81.13906383514404
Tianjin,E. coli,Tigecycline,other,E. coli | Tigecycline,False,21351,0.2107629552483559,45,0.4824129864573478,99.30682182312012
Tianjin,E. coli,Tobramycin,other,E. coli | Tobramycin,False,14217,30.906662344932556,4394,2.5462474673986435,66.54708981513977
Tianjin,E. coli,Trimethoprim/Sulfamethoxazole,sulfonamides,E. coli | Trimethoprim/Sulfamethoxazole,True,25213,50.592947006225586,12756,0.0,49.407052993774414
Tianjin,K. pneumoniae,Amikacin,other,K. pneumoniae | Amikacin,False,29100,5.120274797081947,1490,0.3642611671239137,94.51546669006348
Tianjin,K. pneumoniae,Amoxicillin/Clavulanic acid,other,K. pneumoniae | Amoxicillin/Clavulanic acid,False,23857,13.434211909770966,3205,8.848556131124496,77.7172327041626
Tianjin,K. pneumoniae,Ampicillin,other,K. pneumoniae | Ampicillin,False,14494,84.0485692024231,12182,14.7854283452034,1.1659997515380385
Tianjin,K. pneumoniae,Ampicillin/Sulbactam,other,K. pneumoniae | Ampicillin/Sulbactam,False,15120,26.091268658638,3945,5.945767089724541,67.96296238899231
Tianjin,K. pneumoniae,Aztreonam,other,K. pneumoniae | Aztreonam,False,16664,20.961353182792664,3493,0.5160825792700052,78.52256298065186
Tianjin,K. pneumoniae,Cefazolin,other,K. pneumoniae | Cefazolin,False,2992,26.80481374263763,802,30.64839541912079,42.54679083824158
Tianjin,K. pneumoniae,Cefepime,other,K. pneumoniae | Cefepime,False,29470,15.595521032810211,4596,2.375296875834465,82.0291817188263
Tianjin,K. pneumoniae,Cefoperazone/Sulbactam,other,K. pneumoniae | Cefoperazone/Sulbactam,False,17138,9.359318763017654,1604,2.7015987783670425,87.93908357620239
Tianjin,K. pneumoniae,Cefotaxime,other,K. pneumoniae | Cefotaxime,False,14008,26.299256086349487,3684,0.6139348726719618,73.08681011199951
Tianjin,K. pneumoniae,Cefotetan,other,K. pneumoniae | Cefotetan,False,15489,5.862224847078323,908,0.4454774316400289,93.69229674339294
Tianjin,K. pneumoniae,Cefoxitin,other,K. pneumoniae | Cefoxitin,False,12446,11.979752779006958,1491,1.5506990253925323,86.46954894065857
Tianjin,K. pneumoniae,Ceftazidime,other,K. pneumoniae | Ceftazidime,False,29519,17.124563455581665,5055,2.8320742771029472,80.04336357116699
Tianjin,K. pneumoniae,Ceftazidime/Avibactam,other,K. pneumoniae | Ceftazidime/Avibactam,False,2704,4.031065106391907,109,0.0,95.96893787384032
Tianjin,K. pneumoniae,Ceftriaxone,other,K. pneumoniae | Ceftriaxone,False,28253,26.329946517944336,7439,0.1769723603501916,73.49308133125305
Tianjin,K. pneumoniae,Cefuroxime,other,K. pneumoniae | Cefuroxime,False,28047,28.1135231256485,7885,2.5956429541110992,69.29083466529846
Tianjin,K. pneumoniae,Chloramphenicol,other,K. pneumoniae | Chloramphenicol,False,1186,18.296796083450317,217,3.6256324499845505,78.07757258415222
Tianjin,K. pneumoniae,Ciprofloxacin,fluoroquinolones,K. pneumoniae | Ciprofloxacin,True,14829,15.469688177108765,2294,2.002832293510437,82.52748250961304
Tianjin,K. pneumoniae,Ertapenem,other,K. pneumoniae | Ertapenem,False,25843,7.201176136732101,1861,0.3521262900903821,92.44669675827026
Tianjin,K. pneumoniae,Gentamicin,other,K. pneumoniae | Gentamicin,False,16105,13.759702444076538,2216,0.558832660317421,85.68146824836731
Tianjin,K. pneumoniae,Imipenem,other,K. pneumoniae | Imipenem,False,28600,6.667832285165787,1907,0.3636363660916686,92.96852946281432
Tianjin,K. pneumoniae,Levofloxacin,fluoroquinolones,K. pneumoniae | Levofloxacin,True,28919,14.049586653709412,4063,2.7421418577432632,83.20826888084412
Tianjin,K. pneumoniae,Meropenem,other,K. pneumoniae | Meropenem,False,16341,6.596903502941132,1078,0.128511106595397,93.274587392807
Tianjin,K. pneumoniae,Nitrofurantoin,other,K. pneumoniae | Nitrofurantoin,False,12365,20.727860927581787,2563,53.724223375320435,25.547918677330017
Tianjin,K. pneumoniae,Piperacillin/Tazobactam,other,K. pneumoniae | Piperacillin/Tazobactam,False,29450,15.53480476140976,4575,4.92359921336174,79.54159379005432
Tianjin,K. pneumoniae,Polymyxin B,other,K. pneumoniae | Polymyxin B,False,54,3.703703731298446,2,0.0,96.29629850387572
Tianjin,K. pneumoniae,Ticarcillin/Clavulanic acid,other,K. pneumoniae | Ticarcillin/Clavulanic acid,False,10592,19.84516680240631,2102,6.353852152824402,73.80098104476929
Tianjin,K. pneumoniae,Tigecycline,other,K. pneumoniae | Tigecycline,False,26287,5.375280603766441,1413,3.785140812397003,90.8395767211914
Tianjin,K. pneumoniae,Tobramycin,other,K. pneumoniae | Tobramycin,False,14826,15.870767831802368,2353,1.8211251124739647,82.30810761451721
Tianjin,K. pneumoniae,Trimethoprim/Sulfamethoxazole,sulfonamides,K. pneumoniae | Trimethoprim/Sulfamethoxazole,False,28963,19.66647058725357,5696,0.0,80.33353090286255
Tianjin,P. aeruginosa,Amikacin,other,P. aeruginosa | Amikacin,False,10522,1.9482988864183424,205,0.9598935954272748,97.091805934906
Tianjin,P. aeruginosa,Aztreonam,other,P. aeruginosa | Aztreonam,False,7514,17.460739612579346,1312,16.901783645153046,65.63747525215149
Tianjin,P. aeruginosa,Cefepime,other,P. aeruginosa | Cefepime,False,11236,4.975080117583275,559,7.0042721927165985,88.02064657211304
Tianjin,P. aeruginosa,Cefoperazone/Sulbactam,other,P. aeruginosa | Cefoperazone/Sulbactam,False,6905,9.384503960609436,648,10.19551083445549,80.41998744010925
Tianjin,P. aeruginosa,Ceftazidime,other,P. aeruginosa | Ceftazidime,False,11299,10.390300303697586,1174,4.77033369243145,84.83936786651611
Tianjin,P. aeruginosa,Ceftazidime/Avibactam,other,P. aeruginosa | Ceftazidime/Avibactam,False,1246,71.66934013366699,893,0.0,28.33065688610077
Tianjin,P. aeruginosa,Ciprofloxacin,fluoroquinolones,P. aeruginosa | Ciprofloxacin,True,11243,7.3467932641506195,826,3.522191569209099,89.13101553916931
Tianjin,P. aeruginosa,Gentamicin,other,P. aeruginosa | Gentamicin,False,5046,3.4879110753536224,176,4.141894727945328,92.37019419670104
Tianjin,P. aeruginosa,Imipenem,other,P. aeruginosa | Imipenem,False,10934,15.520395338535309,1697,0.3841229248791933,84.0954840183258
Tianjin,P. aeruginosa,Levofloxacin,fluoroquinolones,P. aeruginosa | Levofloxacin,False,11128,9.849029779434204,1096,8.55499655008316,81.59597516059875
Tianjin,P. aeruginosa,Meropenem,other,P. aeruginosa | Meropenem,False,10885,12.503445148468018,1361,5.741846561431885,81.7547082901001
Tianjin,P. aeruginosa,Piperacillin,other,P. aeruginosa | Piperacillin,False,5584,19.537965953350067,1091,6.267908215522766,74.19412732124329
Tianjin,P. aeruginosa,Piperacillin/Tazobactam,other,P. aeruginosa | Piperacillin/Tazobactam,False,11163,18.09549331665039,2020,7.84735307097435,74.05715584754944
Tianjin,P. aeruginosa,Polymyxin B,other,P. aeruginosa | Polymyxin B,False,175,1.7142856493592262,3,0.0,98.28571677207948
Tianjin,P. aeruginosa,Tobramycin,other,P. aeruginosa | Tobramycin,False,10914,5.094374343752861,556,1.6675829887390137,93.2380437850952
Tianjin,S. aureus,Cefoxitin,other,S. aureus | Cefoxitin,False,341,21.40762507915497,73,0.0,78.59237790107727
Tianjin,S. aureus,Chloramphenicol,other,S. aureus | Chloramphenicol,False,245,8.571428805589676,21,3.6734692752361298,87.7551019191742
Tianjin,S. aureus,Ciprofloxacin,fluoroquinolones,S. aureus | Ciprofloxacin,False,6885,14.277414977550508,983,5.882352963089943,79.84023094177246
Tianjin,S. aureus,Clindamycin,other,S. aureus | Clindamycin,False,9133,23.978976905345917,2190,0.1423409557901322,75.87867975234985
Tianjin,S. aureus,Erythromycin,macrolides,S. aureus | Erythromycin,True,9316,58.01846385002136,5405,0.9982825256884098,40.983253717422485
Tianjin,S. aureus,Gentamicin,other,S. aureus | Gentamicin,False,9326,9.457430988550186,882,4.192579910159111,86.34998798370361
Tianjin,S. aureus,Levofloxacin,fluoroquinolones,S. aureus | Levofloxacin,False,9216,14.68098908662796,1353,1.595052145421505,83.72395634651184
Tianjin,S. aureus,Linezolid,other,S. aureus | Linezolid,False,9309,0.0,0,0.0,100.0
Tianjin,S. aureus,Nitrofurantoin,other,S. aureus | Nitrofurantoin,False,5800,0.1034482731483876,6,0.2241379348561167,99.67241287231444
Tianjin,S. aureus,Oxacillin,other,S. aureus | Oxacillin,False,9223,19.017672538757324,1754,0.0,80.98232746124268
Tianjin,S. aureus,Penicillin G,other,S. aureus | Penicillin G,False,8950,82.86033272743225,7416,0.0,17.13966429233551
Tianjin,S. aureus,Rifampicin,other,S. aureus | Rifampicin,False,9297,0.6453694775700569,60,0.2258793218061328,99.12875294685364
Tianjin,S. aureus,Teicoplanin,other,S. aureus | Teicoplanin,False,2587,0.0,0,0.0,100.0
Tianjin,S. aureus,Tetracycline,other,S. aureus | Tetracycline,False,6729,9.080100804567335,611,0.2526378259062767,90.66725969314577
Tianjin,S. aureus,Trimethoprim/Sulfamethoxazole,sulfonamides,S. aureus | Trimethoprim/Sulfamethoxazole,False,9167,18.195702135562897,1668,0.0,81.80429935455322
Tianjin,S. aureus,Vancomycin,other,S. aureus | Vancomycin,False,9256,0.0,0,0.0,100.0
Tibet,A. baumannii,Amikacin,other,A. baumannii | Amikacin,False,214,42.52336323261261,91,0.9345794096589088,56.54205679893494
Tibet,A. baumannii,Ampicillin/Sulbactam,other,A. baumannii | Ampicillin/Sulbactam,False,214,43.45794320106506,93,2.8037382289767265,53.738319873809814
Tibet,A. baumannii,Aztreonam,other,A. baumannii | Aztreonam,False,73,57.53424763679504,42,23.2876718044281,19.178082048892975
Tibet,A. baumannii,Cefepime,other,A. baumannii | Cefepime,False,303,48.18481802940369,146,3.9603959769010544,47.85478413105011
Tibet,A. baumannii,Cefoperazone/Sulbactam,other,A. baumannii | Cefoperazone/Sulbactam,False,215,65.58139324188232,141,2.3255813866853714,32.093024253845215
Tibet,A. baumannii,Cefotaxime,other,A. baumannii | Cefotaxime,False,213,46.47887349128723,99,28.169015049934387,25.35211145877838
Tibet,A. baumannii,Ceftazidime,other,A. baumannii | Ceftazidime,False,302,50.66224932670593,153,0.3311258275061846,49.00662302970886
Tibet,A. baumannii,Ceftriaxone,other,A. baumannii | Ceftriaxone,False,167,61.676645278930664,103,22.15568870306015,16.167664527893066
Tibet,A. baumannii,Ciprofloxacin,fluoroquinolones,A. baumannii | Ciprofloxacin,False,275,51.636362075805664,142,0.0,48.3636349439621
Tibet,A. baumannii,Gentamicin,other,A. baumannii | Gentamicin,False,224,33.48214328289032,75,3.125,63.39285969734192
Tibet,A. baumannii,Imipenem,other,A. baumannii | Imipenem,False,302,49.668875336647034,150,0.0,50.331127643585205
Tibet,A. baumannii,Levofloxacin,fluoroquinolones,A. baumannii | Levofloxacin,True,302,28.145694732666016,85,22.516556084156036,49.33774769306183
Tibet,A. baumannii,Meropenem,other,A. baumannii | Meropenem,False,277,50.90252757072449,141,0.7220216561108828,48.37545156478882
Tibet,A. baumannii,Minocycline,other,A. baumannii | Minocycline,False,201,0.0,0,1.4925372786819937,98.50746393203735
Tibet,A. baumannii,Piperacillin/Tazobactam,other,A. baumannii | Piperacillin/Tazobactam,False,287,54.35540080070496,156,1.0452961549162865,44.5993036031723
Tibet,A. baumannii,Polymyxin B,other,A. baumannii | Polymyxin B,False,0,0.0,0,0.0,0.0
Tibet,A. baumannii,Tigecycline,other,A. baumannii | Tigecycline,False,211,1.421800907701254,3,4.739336669445038,93.83886456489564
Tibet,A. baumannii,Tobramycin,other,A. baumannii | Tobramycin,False,189,69.84127163887024,132,0.5291005130857229,29.629629850387573
Tibet,E. coli,Amikacin,other,E. coli | Amikacin,False,1178,1.9524617120623589,23,1.103565376251936,96.94397449493408
Tibet,E. coli,Amoxicillin/Clavulanic acid,other,E. coli | Amoxicillin/Clavulanic acid,False,1650,5.7575758546590805,95,14.96969759464264,79.27272915840149
Tibet,E. coli,Ampicillin,other,E. coli | Ampicillin,False,762,82.67716765403748,630,1.1811023578047752,16.141732037067413
Tibet,E. coli,Ampicillin/Sulbactam,other,E. coli | Ampicillin/Sulbactam,False,763,29.488858580589294,225,33.15858542919159,37.35255599021912
Tibet,E. coli,Aztreonam,other,E. coli | Aztreonam,False,762,28.21522355079651,215,7.086614519357681,64.69816565513611
Tibet,E. coli,Cefazolin,other,E. coli | Cefazolin,False,154,78.57142686843872,121,12.337662279605864,9.090909361839294
Tibet,E. coli,Cefepime,other,E. coli | Cefepime,False,1726,27.114716172218323,468,10.081112384796144,62.80417442321777
Tibet,E. coli,Cefoperazone/Sulbactam,other,E. coli | Cefoperazone/Sulbactam,False,1090,4.128440469503403,45,3.3027522265911102,92.5688087940216
Tibet,E. coli,Cefotaxime,other,E. coli | Cefotaxime,False,563,43.51687431335449,245,0.8880994282662868,55.59502840042114
Tibet,E. coli,Cefotetan,other,E. coli | Cefotetan,False,0,0.0,0,0.0,0.0
Tibet,E. coli,Cefoxitin,other,E. coli | Cefoxitin,False,1078,6.122449040412903,66,4.081632569432259,89.79591727256775
Tibet,E. coli,Ceftazidime,other,E. coli | Ceftazidime,False,1766,15.288788080215454,270,9.343148022890093,75.36806464195251
Tibet,E. coli,Ceftazidime/Avibactam,other,E. coli | Ceftazidime/Avibactam,False,0,0.0,0,0.0,0.0
Tibet,E. coli,Ceftriaxone,other,E. coli | Ceftriaxone,False,1194,52.68006920814514,629,0.0,47.3199337720871
Tibet,E. coli,Cefuroxime,other,E. coli | Cefuroxime,False,283,55.12367486953735,156,1.7667844891548157,43.10953915119171
Tibet,E. coli,Chloramphenicol,other,E. coli | Chloramphenicol,False,559,9.838998317718506,55,1.4311269856989384,88.72987627983093
Tibet,E. coli,Ciprofloxacin,fluoroquinolones,E. coli | Ciprofloxacin,True,1155,33.93939435482025,392,2.857142873108387,63.203465938568115
Tibet,E. coli,Ertapenem,other,E. coli | Ertapenem,False,1189,0.1682085799984634,2,0.0,99.83178973197936
Tibet,E. coli,Gentamicin,other,E. coli | Gentamicin,False,1361,25.936812162399292,353,8.155767619609833,65.90741872787476
Tibet,E. coli,Imipenem,other,E. coli | Imipenem,False,1768,0.0565610884223133,1,0.2262443536892533,99.7171938419342
Tibet,E. coli,Levofloxacin,fluoroquinolones,E. coli | Levofloxacin,True,1750,35.19999980926514,616,2.1714285016059875,62.628573179244995
Tibet,E. coli,Meropenem,other,E. coli | Meropenem,False,1160,0.0862068962305784,1,0.2586206886917352,99.6551752090454
Tibet,E. coli,Nitrofurantoin,other,E. coli | Nitrofurantoin,False,0,0.0,0,0.0,0.0
Tibet,E. coli,Piperacillin/Tazobactam,other,E. coli | Piperacillin/Tazobactam,False,1752,5.536529794335365,97,1.0273972526192665,93.43607425689696
Tibet,E. coli,Polymyxin B,other,E. coli | Polymyxin B,False,0,0.0,0,0.0,0.0
Tibet,E. coli,Ticarcillin/Clavulanic acid,other,E. coli | Ticarcillin/Clavulanic acid,False,2,0.0,0,0.0,100.0
Tibet,E. coli,Tigecycline,other,E. coli | Tigecycline,False,807,0.0,0,0.0,100.0
Tibet,E. coli,Tobramycin,other,E. coli | Tobramycin,False,0,0.0,0,0.0,0.0
Tibet,E. coli,Trimethoprim/Sulfamethoxazole,sulfonamides,E. coli | Trimethoprim/Sulfamethoxazole,True,1759,45.59408724308014,802,0.0,54.40590977668762
Tibet,K. pneumoniae,Amikacin,other,K. pneumoniae | Amikacin,False,439,1.82232353836298,8,0.4555808845907449,97.72209525108336
Tibet,K. pneumoniae,Amoxicillin/Clavulanic acid,other,K. pneumoniae | Amoxicillin/Clavulanic acid,False,600,9.333333373069763,56,8.166666328907013,82.4999988079071
Tibet,K. pneumoniae,Ampicillin,other,K. pneumoniae | Ampicillin,False,242,86.77685856819153,210,9.504131972789764,3.7190083414316177
Tibet,K. pneumoniae,Ampicillin/Sulbactam,other,K. pneumoniae | Ampicillin/Sulbactam,False,242,27.68594920635223,67,11.983471363782884,60.330575704574585
Tibet,K. pneumoniae,Aztreonam,other,K. pneumoniae | Aztreonam,False,242,30.57851195335388,74,7.4380166828632355,61.98347210884094
Tibet,K. pneumoniae,Cefazolin,other,K. pneumoniae | Cefazolin,False,37,51.35135054588318,19,10.810811072587969,37.837839126586914
Tibet,K. pneumoniae,Cefepime,other,K. pneumoniae | Cefepime,False,641,22.93291687965393,147,5.148205906152725,71.91887497901917
Tibet,K. pneumoniae,Cefoperazone/Sulbactam,other,K. pneumoniae | Cefoperazone/Sulbactam,False,403,5.95533512532711,24,1.4888337813317776,92.555832862854
Tibet,K. pneumoniae,Cefotaxime,other,K. pneumoniae | Cefotaxime,False,200,45.500001311302185,91,0.4999999888241291,54.00000214576721
Tibet,K. pneumoniae,Cefotetan,other,K. pneumoniae | Cefotetan,False,0,0.0,0,0.0,0.0
Tibet,K. pneumoniae,Cefoxitin,other,K. pneumoniae | Cefoxitin,False,399,10.526315867900848,42,2.255639061331749,87.21804618835449
Tibet,K. pneumoniae,Ceftazidime,other,K. pneumoniae | Ceftazidime,False,654,18.04281324148178,118,7.339449226856232,74.61773753166199
Tibet,K. pneumoniae,Ceftazidime/Avibactam,other,K. pneumoniae | Ceftazidime/Avibactam,False,0,0.0,0,0.0,0.0
Tibet,K. pneumoniae,Ceftriaxone,other,K. pneumoniae | Ceftriaxone,False,450,40.44444561004639,182,0.0,59.55555438995361
Tibet,K. pneumoniae,Cefuroxime,other,K. pneumoniae | Cefuroxime,False,77,51.948052644729614,40,2.5974025949835777,45.45454680919647
Tibet,K. pneumoniae,Chloramphenicol,other,K. pneumoniae | Chloramphenicol,False,200,5.000000074505806,10,4.500000178813934,90.49999713897704
Tibet,K. pneumoniae,Ciprofloxacin,fluoroquinolones,K. pneumoniae | Ciprofloxacin,True,482,8.298755437135696,40,2.074688859283924,89.62655663490295
Tibet,K. pneumoniae,Ertapenem,other,K. pneumoniae | Ertapenem,False,449,4.008908569812775,18,0.0,95.99109292030334
Tibet,K. pneumoniae,Gentamicin,other,K. pneumoniae | Gentamicin,False,521,9.021113067865372,47,4.798464477062225,86.18042469024658
Tibet,K. pneumoniae,Imipenem,other,K. pneumoniae | Imipenem,False,653,3.0627870932221413,20,1.0719754733145237,95.86523771286012
Tibet,K. pneumoniae,Levofloxacin,fluoroquinolones,K. pneumoniae | Levofloxacin,True,652,8.89570564031601,58,1.6871165484189987,89.41717743873596
Tibet,K. pneumoniae,Meropenem,other,K. pneumoniae | Meropenem,False,482,2.282157726585865,11,0.2074688905850052,97.51037359237672
Tibet,K. pneumoniae,Nitrofurantoin,other,K. pneumoniae | Nitrofurantoin,False,0,0.0,0,0.0,0.0
Tibet,K. pneumoniae,Piperacillin/Tazobactam,other,K. pneumoniae | Piperacillin/Tazobactam,False,646,9.133126586675644,59,3.405572846531868,87.46129870414734
Tibet,K. pneumoniae,Polymyxin B,other,K. pneumoniae | Polymyxin B,False,0,0.0,0,0.0,0.0
Tibet,K. pneumoniae,Ticarcillin/Clavulanic acid,other,K. pneumoniae | Ticarcillin/Clavulanic acid,False,1,0.0,0,0.0,100.0
Tibet,K. pneumoniae,Tigecycline,other,K. pneumoniae | Tigecycline,False,365,0.0,0,0.2739726100116968,99.72602725028992
Tibet,K. pneumoniae,Tobramycin,other,K. pneumoniae | Tobramycin,False,0,0.0,0,0.0,0.0
Tibet,K. pneumoniae,Trimethoprim/Sulfamethoxazole,sulfonamides,K. pneumoniae | Trimethoprim/Sulfamethoxazole,False,653,14.395099878311155,94,0.0,85.60490012168884
Tibet,P. aeruginosa,Amikacin,other,P. aeruginosa | Amikacin,False,157,2.547770738601685,4,1.2738853693008425,96.17834687232973
Tibet,P. aeruginosa,Aztreonam,other,P. aeruginosa | Aztreonam,False,45,33.33333432674408,15,4.444444552063942,62.22222447395325
Tibet,P. aeruginosa,Cefepime,other,P. aeruginosa | Cefepime,False,188,3.723404183983803,7,14.361701905727386,81.91489577293396
Tibet,P. aeruginosa,Cefoperazone/Sulbactam,other,P. aeruginosa | Cefoperazone/Sulbactam,False,140,10.000000149011612,14,9.285714477300644,80.71428537368774
Tibet,P. aeruginosa,Ceftazidime,other,P. aeruginosa | Ceftazidime,False,184,11.95652186870575,22,3.260869532823562,84.78260636329651
Tibet,P. aeruginosa,Ceftazidime/Avibactam,other,P. aeruginosa | Ceftazidime/Avibactam,False,0,0.0,0,0.0,0.0
Tibet,P. aeruginosa,Ciprofloxacin,fluoroquinolones,P. aeruginosa | Ciprofloxacin,True,183,3.82513664662838,7,1.092896144837141,95.08196711540222
Tibet,P. aeruginosa,Gentamicin,other,P. aeruginosa | Gentamicin,False,122,0.8196720853447914,1,0.8196720853447914,98.36065769195557
Tibet,P. aeruginosa,Imipenem,other,P. aeruginosa | Imipenem,False,182,10.989011079072952,20,0.0,89.01098966598511
Tibet,P. aeruginosa,Levofloxacin,fluoroquinolones,P. aeruginosa | Levofloxacin,False,188,5.8510638773441315,11,6.914893537759781,87.2340440750122
Tibet,P. aeruginosa,Meropenem,other,P. aeruginosa | Meropenem,False,179,9.497206658124924,17,2.2346368059515953,88.26815485954285
Tibet,P. aeruginosa,Piperacillin,other,P. aeruginosa | Piperacillin,False,44,13.636364042758942,6,2.2727273404598236,84.09090638160706
Tibet,P. aeruginosa,Piperacillin/Tazobactam,other,P. aeruginosa | Piperacillin/Tazobactam,False,168,4.76190485060215,8,4.16666679084301,91.07142686843872
Tibet,P. aeruginosa,Polymyxin B,other,P. aeruginosa | Polymyxin B,False,0,0.0,0,0.0,0.0
Tibet,P. aeruginosa,Tobramycin,other,P. aeruginosa | Tobramycin,False,136,5.147058889269829,7,2.2058824077248573,92.64705777168274
Tibet,S. aureus,Cefoxitin,other,S. aureus | Cefoxitin,False,380,46.84210419654846,178,0.0,53.15789580345154
Tibet,S. aureus,Chloramphenicol,other,S. aureus | Chloramphenicol,False,0,0.0,0,0.0,0.0
Tibet,S. aureus,Ciprofloxacin,fluoroquinolones,S. aureus | Ciprofloxacin,False,412,12.378640472888948,51,1.4563106931746006,86.16504669189453
Tibet,S. aureus,Clindamycin,other,S. aureus | Clindamycin,False,847,34.47461724281311,292,0.4722550045698881,65.05312919616699
Tibet,S. aureus,Erythromycin,macrolides,S. aureus | Erythromycin,True,842,51.42517685890198,433,1.425178162753582,47.149643301963806
Tibet,S. aureus,Gentamicin,other,S. aureus | Gentamicin,False,718,6.545960903167725,47,2.2284122183918953,91.22562408447266
Tibet,S. aureus,Levofloxacin,fluoroquinolones,S. aureus | Levofloxacin,False,603,12.271973490715029,74,0.4975124262273312,87.2305154800415
Tibet,S. aureus,Linezolid,other,S. aureus | Linezolid,False,850,0.0,0,0.0,100.0
Tibet,S. aureus,Nitrofurantoin,other,S. aureus | Nitrofurantoin,False,407,0.0,0,0.0,100.0
Tibet,S. aureus,Oxacillin,other,S. aureus | Oxacillin,False,849,46.289753913879395,393,0.0,53.710246086120605
Tibet,S. aureus,Penicillin G,other,S. aureus | Penicillin G,False,849,95.52414417266846,811,0.0,4.475853964686394
Tibet,S. aureus,Rifampicin,other,S. aureus | Rifampicin,False,851,1.0575792752206326,9,0.2350176218897104,98.70740175247192
Tibet,S. aureus,Teicoplanin,other,S. aureus | Teicoplanin,False,673,0.0,0,0.0,100.0
Tibet,S. aureus,Tetracycline,other,S. aureus | Tetracycline,False,411,19.70802992582321,81,3.406326100230217,76.88564658164978
Tibet,S. aureus,Trimethoprim/Sulfamethoxazole,sulfonamides,S. aureus | Trimethoprim/Sulfamethoxazole,False,848,11.674528568983078,99,0.0,88.32547068595886
Tibet,S. aureus,Vancomycin,other,S. aureus | Vancomycin,False,848,0.0,0,0.0,100.0
Xinjiang,A. baumannii,Amikacin,other,A. baumannii | Amikacin,False,7838,38.2240355014801,2996,1.5692777931690216,60.206687450408936
Xinjiang,A. baumannii,Ampicillin/Sulbactam,other,A. baumannii | Ampicillin/Sulbactam,False,10163,43.89452040195465,4461,3.6701761186122894,52.435302734375
Xinjiang,A. baumannii,Aztreonam,other,A. baumannii | Aztreonam,False,44,61.36363744735718,27,9.090909361839294,29.545453190803528
Xinjiang,A. baumannii,Cefepime,other,A. baumannii | Cefepime,False,11962,45.86189687252045,5486,3.444240242242813,50.6938636302948
Xinjiang,A. baumannii,Cefoperazone/Sulbactam,other,A. baumannii | Cefoperazone/Sulbactam,False,9615,40.1976078748703,3865,9.0483620762825,50.75402855873108
Xinjiang,A. baumannii,Cefotaxime,other,A. baumannii | Cefotaxime,False,1099,59.59963798522949,655,13.466787338256836,26.933574676513672
Xinjiang,A. baumannii,Ceftazidime,other,A. baumannii | Ceftazidime,False,11611,47.87701368331909,5559,1.6880543902516365,50.434935092926025
Xinjiang,A. baumannii,Ceftriaxone,other,A. baumannii | Ceftriaxone,False,7529,43.3258056640625,3262,27.493691444396973,29.180502891540527
Xinjiang,A. baumannii,Ciprofloxacin,fluoroquinolones,A. baumannii | Ciprofloxacin,False,9863,47.60214984416962,4695,0.6286120042204857,51.76923871040344
Xinjiang,A. baumannii,Gentamicin,other,A. baumannii | Gentamicin,False,8013,36.24110817909241,2904,3.7938348948955536,59.96505618095398
Xinjiang,A. baumannii,Imipenem,other,A. baumannii | Imipenem,False,11105,47.71724343299866,5299,0.1800990547053516,52.10265517234802
Xinjiang,A. baumannii,Levofloxacin,fluoroquinolones,A. baumannii | Levofloxacin,True,11899,34.918901324272156,4155,13.093537092208862,51.98756456375122
Xinjiang,A. baumannii,Meropenem,other,A. baumannii | Meropenem,False,8336,50.40786862373352,4202,0.2039347309619188,49.38819706439972
Xinjiang,A. baumannii,Minocycline,other,A. baumannii | Minocycline,False,9025,10.648199170827866,961,18.736842274665833,70.61495780944824
Xinjiang,A. baumannii,Piperacillin/Tazobactam,other,A. baumannii | Piperacillin/Tazobactam,False,8651,51.09235644340515,4420,1.780140958726406,47.12750017642975
Xinjiang,A. baumannii,Polymyxin B,other,A. baumannii | Polymyxin B,False,911,0.8781558834016323,8,0.0,99.12184476852416
Xinjiang,A. baumannii,Tigecycline,other,A. baumannii | Tigecycline,False,7770,1.1840411461889744,92,4.195624217391014,94.6203351020813
Xinjiang,A. baumannii,Tobramycin,other,A. baumannii | Tobramycin,False,9597,37.0324045419693,3554,0.5835156887769699,62.38408088684082
Xinjiang,E. coli,Amikacin,other,E. coli | Amikacin,False,33040,2.215496450662613,732,1.8371671438217163,95.94733715057372
Xinjiang,E. coli,Amoxicillin/Clavulanic acid,other,E. coli | Amoxicillin/Clavulanic acid,False,17300,13.763006031513214,2381,17.387282848358154,68.84971261024475
Xinjiang,E. coli,Ampicillin,other,E. coli | Ampicillin,False,34235,76.18227005004883,26081,1.6941726207733154,22.123557329177856
Xinjiang,E. coli,Ampicillin/Sulbactam,other,E. coli | Ampicillin/Sulbactam,False,34003,30.270859599113464,10293,21.46575301885605,48.263388872146606
Xinjiang,E. coli,Aztreonam,other,E. coli | Aztreonam,False,31754,26.70529782772064,8480,1.9965987652540207,71.29810452461243
Xinjiang,E. coli,Cefazolin,other,E. coli | Cefazolin,False,9875,55.4430365562439,5475,6.956961750984192,37.59999871253967
Xinjiang,E. coli,Cefepime,other,E. coli | Cefepime,False,36492,15.858270227909088,5787,6.563082337379456,77.57864594459534
Xinjiang,E. coli,Cefoperazone/Sulbactam,other,E. coli | Cefoperazone/Sulbactam,False,26773,2.6519253849983215,710,4.459716752171516,92.88835525512695
Xinjiang,E. coli,Cefotaxime,other,E. coli | Cefotaxime,False,9848,41.389113664627075,4076,0.8326563984155655,57.77822732925415
Xinjiang,E. coli,Cefotetan,other,E. coli | Cefotetan,False,19032,1.1191677302122116,213,0.4308532923460006,98.44998121261597
Xinjiang,E. coli,Cefoxitin,other,E. coli | Cefoxitin,False,15501,7.3221080005168915,1135,3.8255594670772552,88.85233402252197
Xinjiang,E. coli,Ceftazidime,other,E. coli | Ceftazidime,False,36458,16.79466813802719,6123,4.27066758275032,78.93466353416443
Xinjiang,E. coli,Ceftazidime/Avibactam,other,E. coli | Ceftazidime/Avibactam,False,1204,4.318936914205551,52,0.0,95.68106532096864
Xinjiang,E. coli,Ceftriaxone,other,E. coli | Ceftriaxone,False,34043,41.259583830833435,14046,0.3671826794743538,58.373236656188965
Xinjiang,E. coli,Cefuroxime,other,E. coli | Cefuroxime,False,32378,45.09543478488922,14601,2.70245224237442,52.20211148262024
Xinjiang,E. coli,Chloramphenicol,other,E. coli | Chloramphenicol,False,2729,19.824111461639404,541,3.444484993815422,76.73140168190002
Xinjiang,E. coli,Ciprofloxacin,fluoroquinolones,E. coli | Ciprofloxacin,True,26797,47.27394878864288,12668,2.459230460226536,50.26682019233704
Xinjiang,E. coli,Ertapenem,other,E. coli | Ertapenem,False,18088,0.7850508205592632,142,0.1050420221872627,99.10990595817566
Xinjiang,E. coli,Gentamicin,other,E. coli | Gentamicin,False,33507,28.39406728744507,9514,5.557047948241234,66.04888439178467
Xinjiang,E. coli,Imipenem,other,E. coli | Imipenem,False,34248,0.5781359504908323,198,0.1897921087220311,99.2320716381073
Xinjiang,E. coli,Levofloxacin,fluoroquinolones,E. coli | Levofloxacin,True,36886,43.30911338329315,15975,4.150626435875893,52.540260553359985
Xinjiang,E. coli,Meropenem,other,E. coli | Meropenem,False,28611,0.5522351711988449,158,0.1467966823838651,99.30096864700316
Xinjiang,E. coli,Nitrofurantoin,other,E. coli | Nitrofurantoin,False,9583,2.379213273525238,228,4.946259036660194,92.67452955245972
Xinjiang,E. coli,Piperacillin/Tazobactam,other,E. coli | Piperacillin/Tazobactam,False,35370,3.2287247478961945,1142,1.3712185434997082,95.40005922317503
Xinjiang,E. coli,Polymyxin B,other,E. coli | Polymyxin B,False,986,0.9127789177000524,9,0.0,99.08722043037416
Xinjiang,E. coli,Ticarcillin/Clavulanic acid,other,E. coli | Ticarcillin/Clavulanic acid,False,1762,8.796821534633636,155,18.67196410894394,72.53121733665466
Xinjiang,E. coli,Tigecycline,other,E. coli | Tigecycline,False,11552,0.1644736854359507,19,0.7444598246365786,99.09106492996216
Xinjiang,E. coli,Tobramycin,other,E. coli | Tobramycin,False,22020,29.445958137512207,6484,2.3887375369668007,68.16530227661133
Xinjiang,E. coli,Trimethoprim/Sulfamethoxazole,sulfonamides,E. coli | Trimethoprim/Sulfamethoxazole,True,34405,44.42668259143829,15285,0.0,55.573320388793945
Xinjiang,K. pneumoniae,Amikacin,other,K. pneumoniae | Amikacin,False,25380,2.525610662996769,641,0.7801418658345938,96.69424891471864
Xinjiang,K. pneumoniae,Amoxicillin/Clavulanic acid,other,K. pneumoniae | Amoxicillin/Clavulanic acid,False,12262,17.745882272720337,2176,7.17664361000061,75.07747411727905
Xinjiang,K. pneumoniae,Ampicillin,other,K. pneumoniae | Ampicillin,False,2948,90.43419361114502,2666,6.309362500905991,3.2564450055360794
Xinjiang,K. pneumoniae,Ampicillin/Sulbactam,other,K. pneumoniae | Ampicillin/Sulbactam,False,24968,20.894744992256165,5217,5.066484957933426,74.03876781463623
Xinjiang,K. pneumoniae,Aztreonam,other,K. pneumoniae | Aztreonam,False,24224,17.34643280506134,4202,0.6811426486819983,81.97242617607117
Xinjiang,K. pneumoniae,Cefazolin,other,K. pneumoniae | Cefazolin,False,15046,24.91692155599594,3749,7.257743179798126,67.82533526420593
Xinjiang,K. pneumoniae,Cefepime,other,K. pneumoniae | Cefepime,False,27954,14.26987200975418,3989,1.4416541904211044,84.28847193717957
Xinjiang,K. pneumoniae,Cefoperazone/Sulbactam,other,K. pneumoniae | Cefoperazone/Sulbactam,False,20965,10.951586067676544,2296,2.6424994692206383,86.40591502189636
Xinjiang,K. pneumoniae,Cefotaxime,other,K. pneumoniae | Cefotaxime,False,6295,27.323272824287415,1720,0.3971405792981386,72.2795844078064
Xinjiang,K. pneumoniae,Cefotetan,other,K. pneumoniae | Cefotetan,False,13690,5.982469022274017,819,0.3214024938642978,93.696129322052
Xinjiang,K. pneumoniae,Cefoxitin,other,K. pneumoniae | Cefoxitin,False,11648,12.94642835855484,1508,1.9316621124744415,85.1219117641449
Xinjiang,K. pneumoniae,Ceftazidime,other,K. pneumoniae | Ceftazidime,False,27910,15.865281224250792,4428,1.4976711012423038,82.63704776763916
Xinjiang,K. pneumoniae,Ceftazidime/Avibactam,other,K. pneumoniae | Ceftazidime/Avibactam,False,1570,8.853503316640854,139,0.0,91.14649891853333
Xinjiang,K. pneumoniae,Ceftriaxone,other,K. pneumoniae | Ceftriaxone,False,25919,19.518500566482544,5059,0.2237740671262145,80.2577257156372
Xinjiang,K. pneumoniae,Cefuroxime,other,K. pneumoniae | Cefuroxime,False,23811,23.43454658985138,5580,1.7344923689961431,74.83096122741699
Xinjiang,K. pneumoniae,Chloramphenicol,other,K. pneumoniae | Chloramphenicol,False,2979,15.609264373779297,465,3.826787695288658,80.56395053863525
Xinjiang,K. pneumoniae,Ciprofloxacin,fluoroquinolones,K. pneumoniae | Ciprofloxacin,True,19317,16.146399080753326,3119,2.3657917976379395,81.48781061172485
Xinjiang,K. pneumoniae,Ertapenem,other,K. pneumoniae | Ertapenem,False,11518,10.513978451490402,1211,0.2604618901386857,89.22556042671204
Xinjiang,K. pneumoniae,Gentamicin,other,K. pneumoniae | Gentamicin,False,23765,8.386282622814178,1993,4.87271212041378,86.74100637435913
Xinjiang,K. pneumoniae,Imipenem,other,K. pneumoniae | Imipenem,False,26200,7.591602951288223,1989,0.5190839525312185,91.88931584358215
Xinjiang,K. pneumoniae,Levofloxacin,fluoroquinolones,K. pneumoniae | Levofloxacin,True,28234,13.968972861766815,3944,1.7992490902543068,84.23177599906921
Xinjiang,K. pneumoniae,Meropenem,other,K. pneumoniae | Meropenem,False,23267,7.757768779993057,1805,0.1762152416631579,92.0660138130188
Xinjiang,K. pneumoniae,Nitrofurantoin,other,K. pneumoniae | Nitrofurantoin,False,3776,14.512711763381958,548,40.33368527889252,45.153602957725525
Xinjiang,K. pneumoniae,Piperacillin/Tazobactam,other,K. pneumoniae | Piperacillin/Tazobactam,False,27632,11.946294456720352,3301,2.3885350674390793,85.66517233848572
Xinjiang,K. pneumoniae,Polymyxin B,other,K. pneumoniae | Polymyxin B,False,827,2.5392986834049225,21,0.0,97.4606990814209
Xinjiang,K. pneumoniae,Ticarcillin/Clavulanic acid,other,K. pneumoniae | Ticarcillin/Clavulanic acid,False,2301,21.121251583099365,486,5.736636370420456,73.14211130142212
Xinjiang,K. pneumoniae,Tigecycline,other,K. pneumoniae | Tigecycline,False,8611,1.776797138154507,153,4.192312061786652,94.0308928489685
Xinjiang,K. pneumoniae,Tobramycin,other,K. pneumoniae | Tobramycin,False,16608,10.404624044895172,1728,1.1500481516122818,88.4453296661377
Xinjiang,K. pneumoniae,Trimethoprim/Sulfamethoxazole,sulfonamides,K. pneumoniae | Trimethoprim/Sulfamethoxazole,False,27758,16.506953537464142,4582,0.0,83.49304795265198
Xinjiang,P. aeruginosa,Amikacin,other,P. aeruginosa | Amikacin,False,8837,1.2447663582861423,110,1.1316057294607162,97.62362837791444
Xinjiang,P. aeruginosa,Aztreonam,other,P. aeruginosa | Aztreonam,False,7302,11.051766574382782,807,11.544781923294067,77.40345001220703
Xinjiang,P. aeruginosa,Cefepime,other,P. aeruginosa | Cefepime,False,9553,5.757353827357292,550,4.626818746328354,89.61582779884338
Xinjiang,P. aeruginosa,Cefoperazone/Sulbactam,other,P. aeruginosa | Cefoperazone/Sulbactam,False,6811,7.238291203975677,493,6.489502638578415,86.27220392227173
Xinjiang,P. aeruginosa,Ceftazidime,other,P. aeruginosa | Ceftazidime,False,9556,9.753035008907318,932,3.8614481687545776,86.38551831245422
Xinjiang,P. aeruginosa,Ceftazidime/Avibactam,other,P. aeruginosa | Ceftazidime/Avibactam,False,502,6.57370537519455,33,0.0,93.42629313468932
Xinjiang,P. aeruginosa,Ciprofloxacin,fluoroquinolones,P. aeruginosa | Ciprofloxacin,True,9607,7.567398995161056,727,3.372540697455406,89.06006217002869
Xinjiang,P. aeruginosa,Gentamicin,other,P. aeruginosa | Gentamicin,False,7281,4.134047403931618,301,2.897953614592552,92.96799898147584
Xinjiang,P. aeruginosa,Imipenem,other,P. aeruginosa | Imipenem,False,8876,10.060837864875792,893,2.534925565123558,87.40423321723938
Xinjiang,P. aeruginosa,Levofloxacin,fluoroquinolones,P. aeruginosa | Levofloxacin,False,9720,6.934156268835068,674,4.886831343173981,88.17901015281677
Xinjiang,P. aeruginosa,Meropenem,other,P. aeruginosa | Meropenem,False,9540,9.140460938215256,872,1.5513626858592031,89.3081784248352
Xinjiang,P. aeruginosa,Piperacillin,other,P. aeruginosa | Piperacillin,False,7091,11.704978346824646,830,6.374277174472809,81.92074298858643
Xinjiang,P. aeruginosa,Piperacillin/Tazobactam,other,P. aeruginosa | Piperacillin/Tazobactam,False,9650,13.284973800182344,1282,3.409326449036598,83.30569863319397
Xinjiang,P. aeruginosa,Polymyxin B,other,P. aeruginosa | Polymyxin B,False,404,3.217821940779686,13,0.0,96.78217768669128
Xinjiang,P. aeruginosa,Tobramycin,other,P. aeruginosa | Tobramycin,False,8481,5.447470769286156,462,1.627166569232941,92.925363779068
Xinjiang,S. aureus,Cefoxitin,other,S. aureus | Cefoxitin,False,2110,8.720379322767258,184,0.0,91.27961993217468
Xinjiang,S. aureus,Chloramphenicol,other,S. aureus | Chloramphenicol,False,1467,3.476482629776001,51,1.0906612500548365,95.43285369873048
Xinjiang,S. aureus,Ciprofloxacin,fluoroquinolones,S. aureus | Ciprofloxacin,False,14210,6.488388776779175,922,2.427867613732815,91.08374118804932
Xinjiang,S. aureus,Clindamycin,other,S. aureus | Clindamycin,False,17388,28.33563387393951,4927,0.4485852085053921,71.21577858924866
Xinjiang,S. aureus,Erythromycin,macrolides,S. aureus | Erythromycin,True,18814,50.93016028404236,9582,1.0842989198863506,47.98554182052612
Xinjiang,S. aureus,Gentamicin,other,S. aureus | Gentamicin,False,18844,4.03842069208622,761,1.692846603691578,94.26873326301576
Xinjiang,S. aureus,Levofloxacin,fluoroquinolones,S. aureus | Levofloxacin,False,18696,6.455926597118378,1207,0.6792896892875433,92.86478161811829
Xinjiang,S. aureus,Linezolid,other,S. aureus | Linezolid,False,18830,0.0,0,0.0,100.0
Xinjiang,S. aureus,Nitrofurantoin,other,S. aureus | Nitrofurantoin,False,2396,0.2086811466142535,5,0.1252086833119392,99.6661126613617
Xinjiang,S. aureus,Oxacillin,other,S. aureus | Oxacillin,False,18560,22.332973778247833,4145,0.0,77.66702771186829
Xinjiang,S. aureus,Penicillin G,other,S. aureus | Penicillin G,False,16950,92.8967535495758,15746,0.0,7.103244960308075
Xinjiang,S. aureus,Rifampicin,other,S. aureus | Rifampicin,False,17962,1.191404089331627,214,0.4119808319956064,98.39661717414856
Xinjiang,S. aureus,Teicoplanin,other,S. aureus | Teicoplanin,False,3853,0.0,0,0.0,100.0
Xinjiang,S. aureus,Tetracycline,other,S. aureus | Tetracycline,False,16165,13.003402948379517,2102,0.4206619225442409,86.57593727111816
Xinjiang,S. aureus,Trimethoprim/Sulfamethoxazole,sulfonamides,S. aureus | Trimethoprim/Sulfamethoxazole,False,18257,8.046229183673859,1469,0.0,91.95377230644226
Xinjiang,S. aureus,Vancomycin,other,S. aureus | Vancomycin,False,18794,0.0,0,0.0,100.0
Yunnan,A. baumannii,Amikacin,other,A. baumannii | Amikacin,False,6418,39.17108178138733,2514,2.337176725268364,58.4917426109314
Yunnan,A. baumannii,Ampicillin/Sulbactam,other,A. baumannii | Ampicillin/Sulbactam,False,6697,44.66179013252258,2991,4.106316342949867,51.23189687728882
Yunnan,A. baumannii,Aztreonam,other,A. baumannii | Aztreonam,False,5271,59.17283296585083,3119,36.65338754653931,4.173780977725983
Yunnan,A. baumannii,Cefepime,other,A. baumannii | Cefepime,False,8688,40.22790193557739,3495,8.252762258052826,51.51933431625366
Yunnan,A. baumannii,Cefoperazone/Sulbactam,other,A. baumannii | Cefoperazone/Sulbactam,False,8633,33.32560956478119,2877,8.97718071937561,57.69720673561096
Yunnan,A. baumannii,Cefotaxime,other,A. baumannii | Cefotaxime,False,3171,52.34941840171814,1660,33.774834871292114,13.875749707221985
Yunnan,A. baumannii,Ceftazidime,other,A. baumannii | Ceftazidime,False,8718,46.478548645973206,4052,1.4567561447620392,52.064692974090576
Yunnan,A. baumannii,Ceftriaxone,other,A. baumannii | Ceftriaxone,False,3080,47.04545438289642,1449,27.727273106575012,25.227272510528564
Yunnan,A. baumannii,Ciprofloxacin,fluoroquinolones,A. baumannii | Ciprofloxacin,False,7696,49.87006187438965,3838,0.4028066527098418,49.72712993621826
Yunnan,A. baumannii,Gentamicin,other,A. baumannii | Gentamicin,False,4471,42.56318509578705,1903,3.802281245589256,53.634536266326904
Yunnan,A. baumannii,Imipenem,other,A. baumannii | Imipenem,False,8722,47.07635939121246,4106,0.1490483875386417,52.77459025382995
Yunnan,A. baumannii,Levofloxacin,fluoroquinolones,A. baumannii | Levofloxacin,True,8727,40.197089314460754,3508,6.187693402171135,53.6152184009552
Yunnan,A. baumannii,Meropenem,other,A. baumannii | Meropenem,False,8027,50.218015909194946,4031,0.2740749856457114,49.50791001319885
Yunnan,A. baumannii,Minocycline,other,A. baumannii | Minocycline,False,7138,15.620622038841248,1115,17.44185984134674,66.93751811981201
Yunnan,A. baumannii,Piperacillin/Tazobactam,other,A. baumannii | Piperacillin/Tazobactam,False,8587,48.736461997032166,4185,1.4323977753520012,49.83114004135132
Yunnan,A. baumannii,Polymyxin B,other,A. baumannii | Polymyxin B,False,1442,0.901525653898716,13,0.0,99.09847378730774
Yunnan,A. baumannii,Tigecycline,other,A. baumannii | Tigecycline,False,8398,3.119790367782116,262,11.979042738676071,84.90116596221924
Yunnan,A. baumannii,Tobramycin,other,A. baumannii | Tobramycin,False,7062,37.425658106803894,2643,0.6230529397726059,61.95129156112671
Yunnan,E. coli,Amikacin,other,E. coli | Amikacin,False,52880,3.1183812767267227,1649,2.378971315920353,94.50264573097228
Yunnan,E. coli,Amoxicillin/Clavulanic acid,other,E. coli | Amoxicillin/Clavulanic acid,False,55059,9.240996092557909,5088,18.340325355529785,72.41867780685425
Yunnan,E. coli,Ampicillin,other,E. coli | Ampicillin,False,48675,86.57832741737366,42142,2.6379045099020004,10.783769935369492
Yunnan,E. coli,Ampicillin/Sulbactam,other,E. coli | Ampicillin/Sulbactam,False,48470,33.64968001842499,16310,22.809985280036926,43.540334701538086
Yunnan,E. coli,Aztreonam,other,E. coli | Aztreonam,False,51281,30.36407232284546,15571,7.499853521585464,62.1360719203949
Yunnan,E. coli,Cefazolin,other,E. coli | Cefazolin,False,26455,63.47004175186157,16791,17.603477835655212,18.926478922367096
Yunnan,E. coli,Cefepime,other,E. coli | Cefepime,False,57781,27.109256386756897,15664,8.712206780910492,64.17853832244873
Yunnan,E. coli,Cefoperazone/Sulbactam,other,E. coli | Cefoperazone/Sulbactam,False,56669,3.7569042295217514,2129,3.472798317670822,92.77029633522034
Yunnan,E. coli,Cefotaxime,other,E. coli | Cefotaxime,False,27867,46.13341987133026,12856,0.7858757860958576,53.08070182800293
Yunnan,E. coli,Cefotetan,other,E. coli | Cefotetan,False,4429,1.03860916569829,46,0.361255370080471,98.60013723373412
Yunnan,E. coli,Cefoxitin,other,E. coli | Cefoxitin,False,53101,8.50454792380333,4516,5.218357592821121,86.27709746360779
Yunnan,E. coli,Ceftazidime,other,E. coli | Ceftazidime,False,57894,18.14868599176407,10507,10.393132269382477,71.4581847190857
Yunnan,E. coli,Ceftazidime/Avibactam,other,E. coli | Ceftazidime/Avibactam,False,3732,2.518756687641144,94,0.0,97.48124480247498
Yunnan,E. coli,Ceftriaxone,other,E. coli | Ceftriaxone,False,54629,47.11416959762573,25738,0.1006791251711547,52.785152196884155
Yunnan,E. coli,Cefuroxime,other,E. coli | Cefuroxime,False,56093,48.40354323387146,27151,2.6776960119605064,48.91875982284546
Yunnan,E. coli,Chloramphenicol,other,E. coli | Chloramphenicol,False,4013,25.64166486263275,1029,3.563418984413147,70.7949161529541
Yunnan,E. coli,Ciprofloxacin,fluoroquinolones,E. coli | Ciprofloxacin,True,36278,45.06312310695648,16348,5.099509283900261,49.83736574649811
Yunnan,E. coli,Ertapenem,other,E. coli | Ertapenem,False,52807,1.1418940499424934,603,0.149601383600384,98.70850443840028
Yunnan,E. coli,Gentamicin,other,E. coli | Gentamicin,False,51231,34.02432203292847,17431,18.933849036693573,47.04183042049408
Yunnan,E. coli,Imipenem,other,E. coli | Imipenem,False,58010,1.0584382340312004,614,0.1482503022998571,98.7933099269867
Yunnan,E. coli,Levofloxacin,fluoroquinolones,E. coli | Levofloxacin,True,58034,43.96560490131378,25515,2.689802460372448,53.34458947181702
Yunnan,E. coli,Meropenem,other,E. coli | Meropenem,False,41453,1.1458760127425194,475,0.1085566822439432,98.7455666065216
Yunnan,E. coli,Nitrofurantoin,other,E. coli | Nitrofurantoin,False,1978,0.8594539947807789,17,3.5389281809329987,95.60161828994752
Yunnan,E. coli,Piperacillin/Tazobactam,other,E. coli | Piperacillin/Tazobactam,False,55968,9.090909361839294,5088,1.6473699361085892,89.26172256469727
Yunnan,E. coli,Polymyxin B,other,E. coli | Polymyxin B,False,2849,0.5265005398541689,15,0.0,99.47350025177002
Yunnan,E. coli,Ticarcillin/Clavulanic acid,other,E. coli | Ticarcillin/Clavulanic acid,False,7010,8.858773112297058,621,15.192581713199615,75.9486436843872
Yunnan,E. coli,Tigecycline,other,E. coli | Tigecycline,False,53978,0.101893360260874,55,0.1685871975496411,99.72952008247375
Yunnan,E. coli,Tobramycin,other,E. coli | Tobramycin,False,10375,26.207229495048523,2719,19.248193502426147,54.54457998275757
Yunnan,E. coli,Trimethoprim/Sulfamethoxazole,sulfonamides,E. coli | Trimethoprim/Sulfamethoxazole,True,53202,53.76865267753601,28606,0.00375925701519,46.22758626937866
Yunnan,K. pneumoniae,Amikacin,other,K. pneumoniae | Amikacin,False,31488,9.857723861932756,3104,0.4636686760932207,89.6786093711853
Yunnan,K. pneumoniae,Amoxicillin/Clavulanic acid,other,K. pneumoniae | Amoxicillin/Clavulanic acid,False,28815,15.183064341545103,4375,7.693909108638763,77.12302803993225
Yunnan,K. pneumoniae,Ampicillin,other,K. pneumoniae | Ampicillin,False,16778,96.94242477416992,16265,2.1695077419281006,0.8880676701664925
Yunnan,K. pneumoniae,Ampicillin/Sulbactam,other,K. pneumoniae | Ampicillin/Sulbactam,False,28464,26.2015163898468,7458,7.152894884347916,66.6455864906311
Yunnan,K. pneumoniae,Aztreonam,other,K. pneumoniae | Aztreonam,False,29559,21.969619393348697,6494,1.3396934606134892,76.69068574905396
Yunnan,K. pneumoniae,Cefazolin,other,K. pneumoniae | Cefazolin,False,22679,27.421844005584717,6219,19.965606927871704,52.61254906654358
Yunnan,K. pneumoniae,Cefepime,other,K. pneumoniae | Cefepime,False,33877,19.110311567783356,6474,1.2456828728318214,79.6440064907074
Yunnan,K. pneumoniae,Cefoperazone/Sulbactam,other,K. pneumoniae | Cefoperazone/Sulbactam,False,33294,12.993332743644714,4326,1.669970527291298,85.33669710159302
Yunnan,K. pneumoniae,Cefotaxime,other,K. pneumoniae | Cefotaxime,False,14310,20.46121656894684,2928,0.8036337792873383,78.73514890670776
Yunnan,K. pneumoniae,Cefotetan,other,K. pneumoniae | Cefotetan,False,3113,4.111789166927338,128,0.3212335286661982,95.56697607040404
Yunnan,K. pneumoniae,Cefoxitin,other,K. pneumoniae | Cefoxitin,False,27502,12.94814944267273,3561,1.254454255104065,85.79739928245544
Yunnan,K. pneumoniae,Ceftazidime,other,K. pneumoniae | Ceftazidime,False,33881,19.013606011867523,6442,2.08966676145792,78.89672517776489
Yunnan,K. pneumoniae,Ceftazidime/Avibactam,other,K. pneumoniae | Ceftazidime/Avibactam,False,4155,3.634175658226013,151,0.0,96.36582136154176
Yunnan,K. pneumoniae,Ceftriaxone,other,K. pneumoniae | Ceftriaxone,False,30090,22.41608500480652,6745,0.1362578943371772,77.44765877723694
Yunnan,K. pneumoniae,Cefuroxime,other,K. pneumoniae | Cefuroxime,False,30663,24.664905667304993,7563,1.924143172800541,73.41095209121704
Yunnan,K. pneumoniae,Chloramphenicol,other,K. pneumoniae | Chloramphenicol,False,2817,25.34611225128174,714,3.0528930947184563,71.60099148750305
Yunnan,K. pneumoniae,Ciprofloxacin,fluoroquinolones,K. pneumoniae | Ciprofloxacin,True,21779,20.933008193969727,4559,5.597134679555893,73.46985340118408
Yunnan,K. pneumoniae,Ertapenem,other,K. pneumoniae | Ertapenem,False,26252,8.845040202140808,2322,0.236172485165298,90.91878533363342
Yunnan,K. pneumoniae,Gentamicin,other,K. pneumoniae | Gentamicin,False,25817,17.98814684152603,4644,23.627841472625732,58.384013175964355
Yunnan,K. pneumoniae,Imipenem,other,K. pneumoniae | Imipenem,False,33920,10.59846729040146,3595,0.6839622743427753,88.71756792068481
Yunnan,K. pneumoniae,Levofloxacin,fluoroquinolones,K. pneumoniae | Levofloxacin,True,33942,17.22644567489624,5847,2.2008132189512253,80.57274222373962
Yunnan,K. pneumoniae,Meropenem,other,K. pneumoniae | Meropenem,False,25252,12.355457246303558,3120,0.2930460963398218,87.35149502754211
Yunnan,K. pneumoniae,Nitrofurantoin,other,K. pneumoniae | Nitrofurantoin,False,1327,20.346646010875705,270,42.57724285125733,37.07611262798309
Yunnan,K. pneumoniae,Piperacillin/Tazobactam,other,K. pneumoniae | Piperacillin/Tazobactam,False,32634,17.3653244972229,5667,3.4779679030179977,79.15670871734619
Yunnan,K. pneumoniae,Polymyxin B,other,K. pneumoniae | Polymyxin B,False,1842,1.0857763700187206,20,0.0,98.91422390937804
Yunnan,K. pneumoniae,Ticarcillin/Clavulanic acid,other,K. pneumoniae | Ticarcillin/Clavulanic acid,False,5578,15.63284397125244,872,5.5396199226379395,78.82753610610962
Yunnan,K. pneumoniae,Tigecycline,other,K. pneumoniae | Tigecycline,False,29971,2.6659103110432625,799,2.298888936638832,95.03520131111144
Yunnan,K. pneumoniae,Tobramycin,other,K. pneumoniae | Tobramycin,False,6570,20.182648301124573,1326,12.617960572242737,67.19939112663269
Yunnan,K. pneumoniae,Trimethoprim/Sulfamethoxazole,sulfonamides,K. pneumoniae | Trimethoprim/Sulfamethoxazole,False,31215,21.681883931159973,6768,0.0032035881304182,78.31491231918335
Yunnan,P. aeruginosa,Amikacin,other,P. aeruginosa | Amikacin,False,10319,2.2579707205295563,233,1.356720644980669,96.38530611991882
Yunnan,P. aeruginosa,Aztreonam,other,P. aeruginosa | Aztreonam,False,9253,18.426455557346344,1705,20.912136137485504,60.66140532493591
Yunnan,P. aeruginosa,Cefepime,other,P. aeruginosa | Cefepime,False,11285,6.770049035549164,764,9.942401200532911,83.28754901885986
Yunnan,P. aeruginosa,Cefoperazone/Sulbactam,other,P. aeruginosa | Cefoperazone/Sulbactam,False,10833,12.748084962368011,1381,10.292624682188034,76.95928812026978
Yunnan,P. aeruginosa,Ceftazidime,other,P. aeruginosa | Ceftazidime,False,11240,13.58540952205658,1527,3.9946619421243663,82.41992592811584
Yunnan,P. aeruginosa,Ceftazidime/Avibactam,other,P. aeruginosa | Ceftazidime/Avibactam,False,1770,8.700565248727798,154,0.0,91.29943251609802
Yunnan,P. aeruginosa,Ciprofloxacin,fluoroquinolones,P. aeruginosa | Ciprofloxacin,True,11073,9.130316972732544,1011,3.9645984768867497,86.90508604049683
Yunnan,P. aeruginosa,Gentamicin,other,P. aeruginosa | Gentamicin,False,4309,9.027616679668428,389,5.128800123929977,85.84358096122742
Yunnan,P. aeruginosa,Imipenem,other,P. aeruginosa | Imipenem,False,11302,16.811184585094452,1900,0.7166873198002577,82.47212767601013
Yunnan,P. aeruginosa,Levofloxacin,fluoroquinolones,P. aeruginosa | Levofloxacin,False,11297,11.52518391609192,1302,8.081791549921036,80.39302229881287
Yunnan,P. aeruginosa,Meropenem,other,P. aeruginosa | Meropenem,False,10963,14.019885659217834,1537,3.530055657029152,82.45006203651428
Yunnan,P. aeruginosa,Piperacillin,other,P. aeruginosa | Piperacillin,False,6911,20.040515065193176,1385,10.389234870672226,69.57024931907654
Yunnan,P. aeruginosa,Piperacillin/Tazobactam,other,P. aeruginosa | Piperacillin/Tazobactam,False,10797,15.476521849632263,1671,6.288783997297287,78.23469638824463
Yunnan,P. aeruginosa,Polymyxin B,other,P. aeruginosa | Polymyxin B,False,1593,2.6993094012141228,43,0.0,97.30069041252136
Yunnan,P. aeruginosa,Tobramycin,other,P. aeruginosa | Tobramycin,False,9825,6.239185854792595,613,2.3511450737714767,91.40967130661012
Yunnan,S. aureus,Cefoxitin,other,S. aureus | Cefoxitin,False,4041,24.474139511585236,989,0.0,75.52586197853088
Yunnan,S. aureus,Chloramphenicol,other,S. aureus | Chloramphenicol,False,964,11.618257313966753,112,4.875518754124641,83.50622653961182
Yunnan,S. aureus,Ciprofloxacin,fluoroquinolones,S. aureus | Ciprofloxacin,False,13902,14.595022797584534,2029,5.258236080408096,80.14674186706543
Yunnan,S. aureus,Clindamycin,other,S. aureus | Clindamycin,False,21177,31.84114694595337,6743,0.2927704481408,67.86608099937439
Yunnan,S. aureus,Erythromycin,macrolides,S. aureus | Erythromycin,True,21209,55.665045976638794,11806,1.8388420343399048,42.49610900878906
Yunnan,S. aureus,Gentamicin,other,S. aureus | Gentamicin,False,21209,8.548257499933243,1813,5.818284675478935,85.63345670700073
Yunnan,S. aureus,Levofloxacin,fluoroquinolones,S. aureus | Levofloxacin,False,20134,13.206516206264496,2659,0.78970892354846,86.00377440452576
Yunnan,S. aureus,Linezolid,other,S. aureus | Linezolid,False,21182,0.0,0,0.0,100.0
Yunnan,S. aureus,Nitrofurantoin,other,S. aureus | Nitrofurantoin,False,7256,0.1102535868994891,8,0.4961411468684674,99.39360618591309
Yunnan,S. aureus,Oxacillin,other,S. aureus | Oxacillin,False,21045,22.11451679468155,4654,0.0,77.88548469543457
Yunnan,S. aureus,Penicillin G,other,S. aureus | Penicillin G,False,21203,93.73673796653748,19875,0.0,6.2632642686367035
Yunnan,S. aureus,Rifampicin,other,S. aureus | Rifampicin,False,20775,1.391095109283924,289,0.693140784278512,97.91576266288756
Yunnan,S. aureus,Teicoplanin,other,S. aureus | Teicoplanin,False,12496,0.0,0,0.0,100.0
Yunnan,S. aureus,Tetracycline,other,S. aureus | Tetracycline,False,11117,33.31834077835083,3704,1.529189571738243,65.15246629714966
Yunnan,S. aureus,Trimethoprim/Sulfamethoxazole,sulfonamides,S. aureus | Trimethoprim/Sulfamethoxazole,False,19795,15.72619378566742,3113,0.0,84.27380919456482
Yunnan,S. aureus,Vancomycin,other,S. aureus | Vancomycin,False,21092,0.0,0,0.0,100.0
Zhejiang,A. baumannii,Amikacin,other,A. baumannii | Amikacin,False,11310,27.99292802810669,3166,1.1759504675865171,70.83112001419067
Zhejiang,A. baumannii,Ampicillin/Sulbactam,other,A. baumannii | Ampicillin/Sulbactam,False,8692,48.72296452522278,4235,3.1293142586946487,48.14772307872772
Zhejiang,A. baumannii,Aztreonam,other,A. baumannii | Aztreonam,False,784,66.58163070678711,522,30.35714328289032,3.0612245202064514
Zhejiang,A. baumannii,Cefepime,other,A. baumannii | Cefepime,False,30918,37.415099143981934,11568,7.170580327510834,55.41431903839111
Zhejiang,A. baumannii,Cefoperazone/Sulbactam,other,A. baumannii | Cefoperazone/Sulbactam,False,26864,30.955925583839417,8316,9.43642035126686,59.60765480995178
Zhejiang,A. baumannii,Cefotaxime,other,A. baumannii | Cefotaxime,False,98,33.673468232154846,33,15.306122601032255,51.02040767669678
Zhejiang,A. baumannii,Ceftazidime,other,A. baumannii | Ceftazidime,False,30821,42.31854975223541,13043,2.183576114475727,55.497872829437256
Zhejiang,A. baumannii,Ceftriaxone,other,A. baumannii | Ceftriaxone,False,7680,50.01302361488342,3841,25.468748807907104,24.518229067325592
Zhejiang,A. baumannii,Ciprofloxacin,fluoroquinolones,A. baumannii | Ciprofloxacin,False,30067,42.907506227493286,12901,1.2339109554886818,55.85858225822449
Zhejiang,A. baumannii,Gentamicin,other,A. baumannii | Gentamicin,False,7719,43.72327923774719,3375,4.210389778017998,52.0663321018219
Zhejiang,A. baumannii,Imipenem,other,A. baumannii | Imipenem,False,32217,41.80091321468353,13467,0.2141726436093449,57.984912395477295
Zhejiang,A. baumannii,Levofloxacin,fluoroquinolones,A. baumannii | Levofloxacin,True,32228,32.630011439323425,10516,9.259029477834702,58.11095833778381
Zhejiang,A. baumannii,Meropenem,other,A. baumannii | Meropenem,False,26106,42.997777462005615,11225,0.2413238398730754,56.76089525222778
Zhejiang,A. baumannii,Minocycline,other,A. baumannii | Minocycline,False,23964,9.142880886793137,2191,13.111333549022676,77.74578332901001
Zhejiang,A. baumannii,Piperacillin/Tazobactam,other,A. baumannii | Piperacillin/Tazobactam,False,27563,42.636868357658386,11752,2.430794946849346,54.93233799934387
Zhejiang,A. baumannii,Polymyxin B,other,A. baumannii | Polymyxin B,False,3956,2.022244781255722,80,0.0,97.97775745391846
Zhejiang,A. baumannii,Tigecycline,other,A. baumannii | Tigecycline,False,25574,2.260107919573784,578,10.92124804854393,86.81864142417908
Zhejiang,A. baumannii,Tobramycin,other,A. baumannii | Tobramycin,False,29487,32.895851135253906,9700,1.4514870941638949,65.65266251564026
Zhejiang,E. coli,Amikacin,other,E. coli | Amikacin,False,107447,2.867460250854492,3081,3.428667038679123,93.70387196540833
Zhejiang,E. coli,Amoxicillin/Clavulanic acid,other,E. coli | Amoxicillin/Clavulanic acid,False,75643,9.16542187333107,6933,16.486653685569763,74.34792518615723
Zhejiang,E. coli,Ampicillin,other,E. coli | Ampicillin,False,56090,80.53306937217712,45171,2.2535210475325584,17.213407158851624
Zhejiang,E. coli,Ampicillin/Sulbactam,other,E. coli | Ampicillin/Sulbactam,False,52171,34.88144874572754,18198,22.3016619682312,42.81688928604126
Zhejiang,E. coli,Aztreonam,other,E. coli | Aztreonam,False,57562,27.876028418540955,16046,3.2069768756628036,68.91699433326721
Zhejiang,E. coli,Cefazolin,other,E. coli | Cefazolin,False,14260,55.603086948394775,7929,17.258064448833466,27.13885009288788
Zhejiang,E. coli,Cefepime,other,E. coli | Cefepime,False,114135,22.164103388786316,25297,7.90642648935318,69.92946863174438
Zhejiang,E. coli,Cefoperazone/Sulbactam,other,E. coli | Cefoperazone/Sulbactam,False,86083,3.926442936062813,3380,3.814922645688057,92.25863218307497
Zhejiang,E. coli,Cefotaxime,other,E. coli | Cefotaxime,False,2554,41.581833362579346,1062,1.1746279895305634,57.24353790283203
Zhejiang,E. coli,Cefotetan,other,E. coli | Cefotetan,False,30339,1.592010259628296,483,0.8405023254454136,97.56748676300047
Zhejiang,E. coli,Cefoxitin,other,E. coli | Cefoxitin,False,72517,9.57016944885254,6940,6.165450811386108,84.26437973976135
Zhejiang,E. coli,Ceftazidime,other,E. coli | Ceftazidime,False,114854,18.285824358463287,21002,9.130722284317017,72.58345484733582
Zhejiang,E. coli,Ceftazidime/Avibactam,other,E. coli | Ceftazidime/Avibactam,False,3180,6.761006265878677,215,0.0,93.23899149894714
Zhejiang,E. coli,Ceftriaxone,other,E. coli | Ceftriaxone,False,108735,46.89658284187317,50993,0.1820940873585641,52.92132496833801
Zhejiang,E. coli,Cefuroxime,other,E. coli | Cefuroxime,False,65623,47.92984127998352,31453,3.2061930745840073,48.86396527290344
Zhejiang,E. coli,Chloramphenicol,other,E. coli | Chloramphenicol,False,4740,25.168776512145996,1193,2.5527426972985268,72.27848172187805
Zhejiang,E. coli,Ciprofloxacin,fluoroquinolones,E. coli | Ciprofloxacin,True,49314,47.94784486293793,23645,2.6909194886684418,49.36123490333557
Zhejiang,E. coli,Ertapenem,other,E. coli | Ertapenem,False,106480,1.3448534533381462,1432,0.2037941478192806,98.4513521194458
Zhejiang,E. coli,Gentamicin,other,E. coli | Gentamicin,False,52399,29.32116985321045,15364,4.30542565882206,66.37340188026428
Zhejiang,E. coli,Imipenem,other,E. coli | Imipenem,False,114393,1.2920371256768703,1478,0.2185448305681348,98.48941564559937
Zhejiang,E. coli,Levofloxacin,fluoroquinolones,E. coli | Levofloxacin,True,113542,45.13043761253357,51242,3.7387046962976456,51.130861043930054
Zhejiang,E. coli,Meropenem,other,E. coli | Meropenem,False,32420,1.492905616760254,484,0.243676733225584,98.263418674469
Zhejiang,E. coli,Nitrofurantoin,other,E. coli | Nitrofurantoin,False,18232,1.3602457009255886,248,4.9034662544727325,93.73628497123718
Zhejiang,E. coli,Piperacillin/Tazobactam,other,E. coli | Piperacillin/Tazobactam,False,114247,6.218106299638748,7104,1.0766146704554558,92.70527958869934
Zhejiang,E. coli,Polymyxin B,other,E. coli | Polymyxin B,False,2748,0.8369723334908485,23,0.0,99.16302561759947
Zhejiang,E. coli,Ticarcillin/Clavulanic acid,other,E. coli | Ticarcillin/Clavulanic acid,False,2657,11.027474701404572,293,13.549116253852844,75.42340755462646
Zhejiang,E. coli,Tigecycline,other,E. coli | Tigecycline,False,75242,0.0837298342958092,63,0.2099890960380435,99.70628023147584
Zhejiang,E. coli,Tobramycin,other,E. coli | Tobramycin,False,41869,29.23881709575653,12242,2.9210155829787254,67.84017086029053
Zhejiang,E. coli,Trimethoprim/Sulfamethoxazole,sulfonamides,E. coli | Trimethoprim/Sulfamethoxazole,True,112818,46.2151437997818,52139,0.0044319167500361,53.78042459487915
Zhejiang,K. pneumoniae,Amikacin,other,K. pneumoniae | Amikacin,False,79065,4.807436838746071,3801,1.4747359789907932,93.71782541275024
Zhejiang,K. pneumoniae,Amoxicillin/Clavulanic acid,other,K. pneumoniae | Amoxicillin/Clavulanic acid,False,58106,12.8936767578125,7492,8.752968907356262,78.353351354599
Zhejiang,K. pneumoniae,Ampicillin,other,K. pneumoniae | Ampicillin,False,12548,86.3006055355072,10829,12.296780198812485,1.4026139862835407
Zhejiang,K. pneumoniae,Ampicillin/Sulbactam,other,K. pneumoniae | Ampicillin/Sulbactam,False,33031,26.375222206115723,8712,5.830886214971542,67.79388785362244
Zhejiang,K. pneumoniae,Aztreonam,other,K. pneumoniae | Aztreonam,False,40773,21.026168763637543,8573,0.8436955511569977,78.13013792037964
Zhejiang,K. pneumoniae,Cefazolin,other,K. pneumoniae | Cefazolin,False,16857,23.740878701210026,4002,17.523877322673798,58.7352454662323
Zhejiang,K. pneumoniae,Cefepime,other,K. pneumoniae | Cefepime,False,85149,16.299663484096527,13879,1.5255610458552835,82.17477798461914
Zhejiang,K. pneumoniae,Cefoperazone/Sulbactam,other,K. pneumoniae | Cefoperazone/Sulbactam,False,68658,11.27181127667427,7739,2.8270557522773743,85.90113520622253
Zhejiang,K. pneumoniae,Cefotaxime,other,K. pneumoniae | Cefotaxime,False,1980,15.505050122737885,307,3.6363635212183,80.85858821868896
Zhejiang,K. pneumoniae,Cefotetan,other,K. pneumoniae | Cefotetan,False,17727,9.093473106622696,1612,0.8405257947742939,90.06600379943848
Zhejiang,K. pneumoniae,Cefoxitin,other,K. pneumoniae | Cefoxitin,False,56541,11.985992640256882,6777,1.740330085158348,86.27367615699768
Zhejiang,K. pneumoniae,Ceftazidime,other,K. pneumoniae | Ceftazidime,False,85218,16.913093626499176,14413,2.466615103185177,80.62028884887695
Zhejiang,K. pneumoniae,Ceftazidime/Avibactam,other,K. pneumoniae | Ceftazidime/Avibactam,False,5816,4.917468875646591,286,0.0,95.0825333595276
Zhejiang,K. pneumoniae,Ceftriaxone,other,K. pneumoniae | Ceftriaxone,False,76054,23.13224822282791,17593,0.1354300882667303,76.73231959342957
Zhejiang,K. pneumoniae,Cefuroxime,other,K. pneumoniae | Cefuroxime,False,49897,24.5766282081604,12263,2.218570187687874,73.20480346679688
Zhejiang,K. pneumoniae,Chloramphenicol,other,K. pneumoniae | Chloramphenicol,False,4487,21.083128452301025,946,4.056162387132645,74.86070990562439
Zhejiang,K. pneumoniae,Ciprofloxacin,fluoroquinolones,K. pneumoniae | Ciprofloxacin,True,33907,18.279410898685455,6198,3.1173504889011383,78.60323786735535
Zhejiang,K. pneumoniae,Ertapenem,other,K. pneumoniae | Ertapenem,False,72956,8.118592202663422,5923,0.3741981461644172,91.50720834732056
Zhejiang,K. pneumoniae,Gentamicin,other,K. pneumoniae | Gentamicin,False,31776,12.97520101070404,4123,3.7292297929525375,83.29557180404663
Zhejiang,K. pneumoniae,Imipenem,other,K. pneumoniae | Imipenem,False,84582,8.708708733320236,7366,0.7944952696561813,90.4967963695526
Zhejiang,K. pneumoniae,Levofloxacin,fluoroquinolones,K. pneumoniae | Levofloxacin,True,85064,13.562729954719543,11537,2.9754066839814186,83.4618628025055
Zhejiang,K. pneumoniae,Meropenem,other,K. pneumoniae | Meropenem,False,26190,11.74875870347023,3077,0.7025582250207663,87.54868507385254
Zhejiang,K. pneumoniae,Nitrofurantoin,other,K. pneumoniae | Nitrofurantoin,False,7820,36.12532019615173,2825,47.92838990688324,15.946291387081146
Zhejiang,K. pneumoniae,Piperacillin/Tazobactam,other,K. pneumoniae | Piperacillin/Tazobactam,False,85017,14.878201484680176,12649,2.80179250985384,82.32000470161438
Zhejiang,K. pneumoniae,Polymyxin B,other,K. pneumoniae | Polymyxin B,False,1303,2.6093630120158195,34,0.0,97.3906397819519
Zhejiang,K. pneumoniae,Ticarcillin/Clavulanic acid,other,K. pneumoniae | Ticarcillin/Clavulanic acid,False,5307,29.903900623321533,1587,6.331260502338409,63.76484036445618
Zhejiang,K. pneumoniae,Tigecycline,other,K. pneumoniae | Tigecycline,False,58522,1.915518939495087,1121,1.9206453114748,96.1638331413269
Zhejiang,K. pneumoniae,Tobramycin,other,K. pneumoniae | Tobramycin,False,27247,16.732117533683777,4559,2.572760358452797,80.69512248039246
Zhejiang,K. pneumoniae,Trimethoprim/Sulfamethoxazole,sulfonamides,K. pneumoniae | Trimethoprim/Sulfamethoxazole,False,83932,18.70800107717514,15702,0.0047657627874286,81.28723502159119
Zhejiang,P. aeruginosa,Amikacin,other,P. aeruginosa | Amikacin,False,36274,1.9876495003700256,721,1.2240172363817692,96.78833484649658
Zhejiang,P. aeruginosa,Aztreonam,other,P. aeruginosa | Aztreonam,False,14005,17.458049952983856,2445,14.901821315288544,67.64012575149536
Zhejiang,P. aeruginosa,Cefepime,other,P. aeruginosa | Cefepime,False,40273,8.494524657726288,3421,9.515059739351273,81.99041485786438
Zhejiang,P. aeruginosa,Cefoperazone/Sulbactam,other,P. aeruginosa | Cefoperazone/Sulbactam,False,34241,15.1251420378685,5179,10.242107510566711,74.63275194168091
Zhejiang,P. aeruginosa,Ceftazidime,other,P. aeruginosa | Ceftazidime,False,41632,15.12538492679596,6297,4.51335497200489,80.36125898361206
Zhejiang,P. aeruginosa,Ceftazidime/Avibactam,other,P. aeruginosa | Ceftazidime/Avibactam,False,3634,5.14584481716156,187,0.0,94.85415816307068
Zhejiang,P. aeruginosa,Ciprofloxacin,fluoroquinolones,P. aeruginosa | Ciprofloxacin,True,40312,11.336574703454971,4570,4.842230677604675,83.82119536399841
Zhejiang,P. aeruginosa,Gentamicin,other,P. aeruginosa | Gentamicin,False,11648,4.953639954328537,577,2.6871565729379654,92.35920310020448
Zhejiang,P. aeruginosa,Imipenem,other,P. aeruginosa | Imipenem,False,41660,19.66874748468399,8194,2.304368652403354,78.02688479423523
Zhejiang,P. aeruginosa,Levofloxacin,fluoroquinolones,P. aeruginosa | Levofloxacin,False,41676,12.707553803920746,5296,7.747864723205566,79.54457998275757
Zhejiang,P. aeruginosa,Meropenem,other,P. aeruginosa | Meropenem,False,36016,16.18725061416626,5830,4.1176144033670425,79.69513535499573
Zhejiang,P. aeruginosa,Piperacillin,other,P. aeruginosa | Piperacillin,False,3505,13.266761600971222,465,5.592011287808418,81.14122748374939
Zhejiang,P. aeruginosa,Piperacillin/Tazobactam,other,P. aeruginosa | Piperacillin/Tazobactam,False,36795,18.55686902999878,6828,4.753363132476807,76.68976783752441
Zhejiang,P. aeruginosa,Polymyxin B,other,P. aeruginosa | Polymyxin B,False,5337,3.709949553012848,198,0.0,96.29005193710329
Zhejiang,P. aeruginosa,Tobramycin,other,P. aeruginosa | Tobramycin,False,36579,4.885316640138626,1787,2.0831624045968056,93.03151965141296
Zhejiang,S. aureus,Cefoxitin,other,S. aureus | Cefoxitin,False,678,40.11799395084381,272,0.0,59.88200306892395
Zhejiang,S. aureus,Chloramphenicol,other,S. aureus | Chloramphenicol,False,2029,3.0556924641132355,62,3.844258189201355,93.10004711151124
Zhejiang,S. aureus,Ciprofloxacin,fluoroquinolones,S. aureus | Ciprofloxacin,False,38391,17.13682860136032,6579,4.316115751862526,78.54705452919006
Zhejiang,S. aureus,Clindamycin,other,S. aureus | Clindamycin,False,50842,18.15231442451477,9229,0.4346800036728382,81.41300678253174
Zhejiang,S. aureus,Erythromycin,macrolides,S. aureus | Erythromycin,True,53945,48.291778564453125,26051,1.6831958666443825,50.02502799034119
Zhejiang,S. aureus,Gentamicin,other,S. aureus | Gentamicin,False,54009,4.7714270651340485,2577,2.427373267710209,92.80120134353638
Zhejiang,S. aureus,Levofloxacin,fluoroquinolones,S. aureus | Levofloxacin,False,53556,16.60318225622177,8892,0.7338113151490688,82.66300559043884
Zhejiang,S. aureus,Linezolid,other,S. aureus | Linezolid,False,54209,0.0,0,0.0,100.0
Zhejiang,S. aureus,Nitrofurantoin,other,S. aureus | Nitrofurantoin,False,18462,0.0812479702290147,15,0.2437439048662781,99.67500567436218
Zhejiang,S. aureus,Oxacillin,other,S. aureus | Oxacillin,False,53620,28.71876060962677,15399,0.0,71.28123641014099
Zhejiang,S. aureus,Penicillin G,other,S. aureus | Penicillin G,False,51913,88.47302198410034,45929,0.0,11.526978015899658
Zhejiang,S. aureus,Rifampicin,other,S. aureus | Rifampicin,False,54033,0.6051857024431229,327,0.7587955333292484,98.63601922988892
Zhejiang,S. aureus,Teicoplanin,other,S. aureus | Teicoplanin,False,18021,0.0,0,0.0,100.0
Zhejiang,S. aureus,Tetracycline,other,S. aureus | Tetracycline,False,36223,14.603981375694277,5290,0.665323156863451,84.73069667816162
Zhejiang,S. aureus,Trimethoprim/Sulfamethoxazole,sulfonamides,S. aureus | Trimethoprim/Sulfamethoxazole,False,53243,8.588922768831253,4573,0.0,91.4110779762268
Zhejiang,S. aureus,Vancomycin,other,S. aureus | Vancomycin,False,53939,0.0,0,0.0,100.0
