sample_type,province,location,antibiotic,group_of_antibiotic,mean_concentration,max_concentration,concentration_unit,sample_year,season,full_reference_name,place_in_article_data_extracted_from,reference_number,source_dataset
municipal sludge,Beijing,Beijing,Ofloxacin,fluoroquinolones,2982.61,11138.52,µg/kg (dw),2016,NA,"Meng, F., Sun, S., Geng, J., Ma, L., Jiang, J., Li, B., Yabo, S. D., Lu, L., Fu, D., Shen, J., & Qi, H. (2023). Occurrence, distribution, and risk assessment of quinolone antibiotics in municipal sewage sludges throughout China. Journal of Hazardous Materials, 453, 131322. https://doi.org/10.1016/j.jhazmat.2023.131322",Additional curated article workbook (Sheet1),N5,Additional_data_on_antibiotics_in_water_and_sediment_in_china__01_Sheet1.csv
municipal sludge,Hebei,Hebei,Tetracyclines (total),tetracyclines,NA,4063,µg/g (dw),Pre-2020,NA,A dataset of distribution of antibiotic occurrence in solid environmental matrices in China,Additional curated article workbook (Sheet1),N4,Additional_data_on_antibiotics_in_water_and_sediment_in_china__01_Sheet1.csv
municipal wastewater effluent,Heilongjiang,Heilongjiang,Norfloxacin,fluoroquinolones,1003.68,NA,ng/L,2024,summer,Comprehensive assessment of 45 antibiotics in ten urban wastewater treatment plants in Northeastern China,Additional curated article workbook (Sheet1),N18,Additional_data_on_antibiotics_in_water_and_sediment_in_china__01_Sheet1.csv
municipal wastewater effluent,Heilongjiang,Heilongjiang,Norfloxacin,fluoroquinolones,702.02,NA,ng/L,2024,winter,Comprehensive assessment of 45 antibiotics in ten urban wastewater treatment plants in Northeastern China,Additional curated article workbook (Sheet1),N18,Additional_data_on_antibiotics_in_water_and_sediment_in_china__01_Sheet1.csv
municipal wastewater effluent,Heilongjiang,Heilongjiang,Ofloxacin,fluoroquinolones,141.84,NA,ng/L,2024,summer,Comprehensive assessment of 45 antibiotics in ten urban wastewater treatment plants in Northeastern China,Additional curated article workbook (Sheet1),N18,Additional_data_on_antibiotics_in_water_and_sediment_in_china__01_Sheet1.csv
municipal wastewater effluent,Heilongjiang,Heilongjiang,Ofloxacin,fluoroquinolones,102.16,NA,ng/L,2024,winter,Comprehensive assessment of 45 antibiotics in ten urban wastewater treatment plants in Northeastern China,Additional curated article workbook (Sheet1),N18,Additional_data_on_antibiotics_in_water_and_sediment_in_china__01_Sheet1.csv
municipal wastewater influent,Hainan,Hainan,Norfloxacin,fluoroquinolones,NA,412.8,ng/L,2024,NA,"Li, G., Dong, M., Liu, H., Lu, L., Hou, P., & Pan, X. (2025). Occurrence, Distribution, and Ecological Risk Assessment of Antibiotics in Aqueous, Sediment, and Solid Waste of a Typical Island Province in China. Water, 17(19), 2846. https://doi.org/10.3390/w17192846",Additional curated article workbook (Sheet1),N39,Additional_data_on_antibiotics_in_water_and_sediment_in_china__01_Sheet1.csv
municipal wastewater influent,Hainan,Hainan,Ofloxacin,fluoroquinolones,NA,356.2,ng/L,2024,NA,"Li, G., Dong, M., Liu, H., Lu, L., Hou, P., & Pan, X. (2025). Occurrence, Distribution, and Ecological Risk Assessment of Antibiotics in Aqueous, Sediment, and Solid Waste of a Typical Island Province in China. Water, 17(19), 2846. https://doi.org/10.3390/w17192846",Additional curated article workbook (Sheet1),N39,Additional_data_on_antibiotics_in_water_and_sediment_in_china__01_Sheet1.csv
municipal wastewater influent,Heilongjiang,Heilongjiang,Ciprofloxacin,fluoroquinolones,NA,3962.18,ng/L,2024,NA,Comprehensive assessment of 45 antibiotics in ten urban wastewater treatment plants in Northeastern China,Additional curated article workbook (Sheet1),N18,Additional_data_on_antibiotics_in_water_and_sediment_in_china__01_Sheet1.csv
municipal wastewater influent,Heilongjiang,Heilongjiang,Norfloxacin,fluoroquinolones,NA,32381.56,ng/L,2024,NA,Comprehensive assessment of 45 antibiotics in ten urban wastewater treatment plants in Northeastern China,Additional curated article workbook (Sheet1),N18,Additional_data_on_antibiotics_in_water_and_sediment_in_china__01_Sheet1.csv
municipal wastewater influent,Heilongjiang,Heilongjiang,Ofloxacin,fluoroquinolones,NA,11173.27,ng/L,2024,NA,Comprehensive assessment of 45 antibiotics in ten urban wastewater treatment plants in Northeastern China,Additional curated article workbook (Sheet1),N18,Additional_data_on_antibiotics_in_water_and_sediment_in_china__01_Sheet1.csv
sediment,Fujian,Fujian,Doxycycline,tetracyclines,NA,1200,µg/kg (dw),2014,NA,Persistence and risk of antibiotic residues and antibiotic resistance genes in major mariculture sites in Southeast China,Additional curated article workbook (Sheet1),N1,Additional_data_on_antibiotics_in_water_and_sediment_in_china__01_Sheet1.csv
sediment,Fujian,Fujian,Doxycycline,tetracyclines,NA,40.57,ng/g (dw),2014,NA,Persistence and risk of antibiotic residues and antibiotic resistance genes in major mariculture sites in Southeast China,Additional curated article workbook (Sheet1),N6,Additional_data_on_antibiotics_in_water_and_sediment_in_china__01_Sheet1.csv
sediment,Guangdong,Guangdong,Roxithromycin,macrolides,NA,13.5,ng/g (dw),2013,NA,Antibiotics in the Coastal Waters and Sediments of China: A Brief Review and Perspective,Additional curated article workbook (Sheet1),N42,Additional_data_on_antibiotics_in_water_and_sediment_in_china__01_Sheet1.csv
sediment,Guangdong,Guangdong,Oxytetracycline,tetracyclines,NA,270,ng/g (dw),2014,NA,Persistence and risk of antibiotic residues and antibiotic resistance genes in major mariculture sites in Southeast China,Additional curated article workbook (Sheet1),N1,Additional_data_on_antibiotics_in_water_and_sediment_in_china__01_Sheet1.csv
sediment,Guangdong,Guangdong,Oxytetracycline,tetracyclines,NA,39.5,ng/g (dw),2014,NA,Persistence and risk of antibiotic residues and antibiotic resistance genes in major mariculture sites in Southeast China,Additional curated article workbook (Sheet1),N6,Additional_data_on_antibiotics_in_water_and_sediment_in_china__01_Sheet1.csv
sediment,Guangdong,"Pearl River, site Z1",Ciprofloxacin,fluoroquinolones,242.9,NA,ng/g (dw),2015,autumn,"Tang, J., Fang, J., Tam, N. F., Yang, Y., Dai, Y., Zhang, J., & Shi, Y. (2021). Impact of Phytoplankton Blooms on Concentrations of Antibiotics in Sediment and Snails in a Subtropical River, China. Environmental Science & Technology, 55(3), 1811-1821. https://doi.org/10.1021/acs.est.0c08248","Supporting Information Table S4 (surface sediments, late blooming season)",PDF-TANG-2021,"2021 Jinpeng Tang Supporting Information  Impact of Phytoplankton Blooms on Concentrations of Antibiotics in Sediment and Snails in a Subtropical River, China .pdf"
sediment,Guangdong,"Pearl River, site Z2",Ciprofloxacin,fluoroquinolones,349.2,NA,ng/g (dw),2015,autumn,"Tang, J., Fang, J., Tam, N. F., Yang, Y., Dai, Y., Zhang, J., & Shi, Y. (2021). Impact of Phytoplankton Blooms on Concentrations of Antibiotics in Sediment and Snails in a Subtropical River, China. Environmental Science & Technology, 55(3), 1811-1821. https://doi.org/10.1021/acs.est.0c08248","Supporting Information Table S4 (surface sediments, late blooming season)",PDF-TANG-2021,"2021 Jinpeng Tang Supporting Information  Impact of Phytoplankton Blooms on Concentrations of Antibiotics in Sediment and Snails in a Subtropical River, China .pdf"
sediment,Guangdong,"Pearl River, site Z3",Ciprofloxacin,fluoroquinolones,88.6,NA,ng/g (dw),2015,autumn,"Tang, J., Fang, J., Tam, N. F., Yang, Y., Dai, Y., Zhang, J., & Shi, Y. (2021). Impact of Phytoplankton Blooms on Concentrations of Antibiotics in Sediment and Snails in a Subtropical River, China. Environmental Science & Technology, 55(3), 1811-1821. https://doi.org/10.1021/acs.est.0c08248","Supporting Information Table S4 (surface sediments, late blooming season)",PDF-TANG-2021,"2021 Jinpeng Tang Supporting Information  Impact of Phytoplankton Blooms on Concentrations of Antibiotics in Sediment and Snails in a Subtropical River, China .pdf"
sediment,Guangdong,"Pearl River, site Z4",Ciprofloxacin,fluoroquinolones,53.8,NA,ng/g (dw),2015,autumn,"Tang, J., Fang, J., Tam, N. F., Yang, Y., Dai, Y., Zhang, J., & Shi, Y. (2021). Impact of Phytoplankton Blooms on Concentrations of Antibiotics in Sediment and Snails in a Subtropical River, China. Environmental Science & Technology, 55(3), 1811-1821. https://doi.org/10.1021/acs.est.0c08248","Supporting Information Table S4 (surface sediments, late blooming season)",PDF-TANG-2021,"2021 Jinpeng Tang Supporting Information  Impact of Phytoplankton Blooms on Concentrations of Antibiotics in Sediment and Snails in a Subtropical River, China .pdf"
sediment,Guangdong,"Pearl River, site Z5",Ciprofloxacin,fluoroquinolones,41.5,NA,ng/g (dw),2015,autumn,"Tang, J., Fang, J., Tam, N. F., Yang, Y., Dai, Y., Zhang, J., & Shi, Y. (2021). Impact of Phytoplankton Blooms on Concentrations of Antibiotics in Sediment and Snails in a Subtropical River, China. Environmental Science & Technology, 55(3), 1811-1821. https://doi.org/10.1021/acs.est.0c08248","Supporting Information Table S4 (surface sediments, late blooming season)",PDF-TANG-2021,"2021 Jinpeng Tang Supporting Information  Impact of Phytoplankton Blooms on Concentrations of Antibiotics in Sediment and Snails in a Subtropical River, China .pdf"
sediment,Guangdong,"Pearl River, site Z6",Ciprofloxacin,fluoroquinolones,17.8,NA,ng/g (dw),2015,autumn,"Tang, J., Fang, J., Tam, N. F., Yang, Y., Dai, Y., Zhang, J., & Shi, Y. (2021). Impact of Phytoplankton Blooms on Concentrations of Antibiotics in Sediment and Snails in a Subtropical River, China. Environmental Science & Technology, 55(3), 1811-1821. https://doi.org/10.1021/acs.est.0c08248","Supporting Information Table S4 (surface sediments, late blooming season)",PDF-TANG-2021,"2021 Jinpeng Tang Supporting Information  Impact of Phytoplankton Blooms on Concentrations of Antibiotics in Sediment and Snails in a Subtropical River, China .pdf"
sediment,Guangdong,"Pearl River, site Z7",Ciprofloxacin,fluoroquinolones,18.8,NA,ng/g (dw),2015,autumn,"Tang, J., Fang, J., Tam, N. F., Yang, Y., Dai, Y., Zhang, J., & Shi, Y. (2021). Impact of Phytoplankton Blooms on Concentrations of Antibiotics in Sediment and Snails in a Subtropical River, China. Environmental Science & Technology, 55(3), 1811-1821. https://doi.org/10.1021/acs.est.0c08248","Supporting Information Table S4 (surface sediments, late blooming season)",PDF-TANG-2021,"2021 Jinpeng Tang Supporting Information  Impact of Phytoplankton Blooms on Concentrations of Antibiotics in Sediment and Snails in a Subtropical River, China .pdf"
sediment,Guangdong,"Pearl River, site Z8",Ciprofloxacin,fluoroquinolones,24.1,NA,ng/g (dw),2015,autumn,"Tang, J., Fang, J., Tam, N. F., Yang, Y., Dai, Y., Zhang, J., & Shi, Y. (2021). Impact of Phytoplankton Blooms on Concentrations of Antibiotics in Sediment and Snails in a Subtropical River, China. Environmental Science & Technology, 55(3), 1811-1821. https://doi.org/10.1021/acs.est.0c08248","Supporting Information Table S4 (surface sediments, late blooming season)",PDF-TANG-2021,"2021 Jinpeng Tang Supporting Information  Impact of Phytoplankton Blooms on Concentrations of Antibiotics in Sediment and Snails in a Subtropical River, China .pdf"
sediment,Guangdong,"Pearl River, site Z9",Ciprofloxacin,fluoroquinolones,4.4,NA,ng/g (dw),2015,autumn,"Tang, J., Fang, J., Tam, N. F., Yang, Y., Dai, Y., Zhang, J., & Shi, Y. (2021). Impact of Phytoplankton Blooms on Concentrations of Antibiotics in Sediment and Snails in a Subtropical River, China. Environmental Science & Technology, 55(3), 1811-1821. https://doi.org/10.1021/acs.est.0c08248","Supporting Information Table S4 (surface sediments, late blooming season)",PDF-TANG-2021,"2021 Jinpeng Tang Supporting Information  Impact of Phytoplankton Blooms on Concentrations of Antibiotics in Sediment and Snails in a Subtropical River, China .pdf"
sediment,Guangdong,"Pearl River, site Z10",Ciprofloxacin,fluoroquinolones,14,NA,ng/g (dw),2015,autumn,"Tang, J., Fang, J., Tam, N. F., Yang, Y., Dai, Y., Zhang, J., & Shi, Y. (2021). Impact of Phytoplankton Blooms on Concentrations of Antibiotics in Sediment and Snails in a Subtropical River, China. Environmental Science & Technology, 55(3), 1811-1821. https://doi.org/10.1021/acs.est.0c08248","Supporting Information Table S4 (surface sediments, late blooming season)",PDF-TANG-2021,"2021 Jinpeng Tang Supporting Information  Impact of Phytoplankton Blooms on Concentrations of Antibiotics in Sediment and Snails in a Subtropical River, China .pdf"
sediment,Guangdong,"Pearl River, site Z11",Ciprofloxacin,fluoroquinolones,10.3,NA,ng/g (dw),2015,autumn,"Tang, J., Fang, J., Tam, N. F., Yang, Y., Dai, Y., Zhang, J., & Shi, Y. (2021). Impact of Phytoplankton Blooms on Concentrations of Antibiotics in Sediment and Snails in a Subtropical River, China. Environmental Science & Technology, 55(3), 1811-1821. https://doi.org/10.1021/acs.est.0c08248","Supporting Information Table S4 (surface sediments, late blooming season)",PDF-TANG-2021,"2021 Jinpeng Tang Supporting Information  Impact of Phytoplankton Blooms on Concentrations of Antibiotics in Sediment and Snails in a Subtropical River, China .pdf"
sediment,Guangdong,"Pearl River, site Z1",Erythromycin,macrolides,92.5,NA,ng/g (dw),2015,autumn,"Tang, J., Fang, J., Tam, N. F., Yang, Y., Dai, Y., Zhang, J., & Shi, Y. (2021). Impact of Phytoplankton Blooms on Concentrations of Antibiotics in Sediment and Snails in a Subtropical River, China. Environmental Science & Technology, 55(3), 1811-1821. https://doi.org/10.1021/acs.est.0c08248","Supporting Information Table S4 (surface sediments, late blooming season)",PDF-TANG-2021,"2021 Jinpeng Tang Supporting Information  Impact of Phytoplankton Blooms on Concentrations of Antibiotics in Sediment and Snails in a Subtropical River, China .pdf"
sediment,Guangdong,"Pearl River, site Z2",Erythromycin,macrolides,78.1,NA,ng/g (dw),2015,autumn,"Tang, J., Fang, J., Tam, N. F., Yang, Y., Dai, Y., Zhang, J., & Shi, Y. (2021). Impact of Phytoplankton Blooms on Concentrations of Antibiotics in Sediment and Snails in a Subtropical River, China. Environmental Science & Technology, 55(3), 1811-1821. https://doi.org/10.1021/acs.est.0c08248","Supporting Information Table S4 (surface sediments, late blooming season)",PDF-TANG-2021,"2021 Jinpeng Tang Supporting Information  Impact of Phytoplankton Blooms on Concentrations of Antibiotics in Sediment and Snails in a Subtropical River, China .pdf"
sediment,Guangdong,"Pearl River, site Z3",Erythromycin,macrolides,137.3,NA,ng/g (dw),2015,autumn,"Tang, J., Fang, J., Tam, N. F., Yang, Y., Dai, Y., Zhang, J., & Shi, Y. (2021). Impact of Phytoplankton Blooms on Concentrations of Antibiotics in Sediment and Snails in a Subtropical River, China. Environmental Science & Technology, 55(3), 1811-1821. https://doi.org/10.1021/acs.est.0c08248","Supporting Information Table S4 (surface sediments, late blooming season)",PDF-TANG-2021,"2021 Jinpeng Tang Supporting Information  Impact of Phytoplankton Blooms on Concentrations of Antibiotics in Sediment and Snails in a Subtropical River, China .pdf"
sediment,Guangdong,"Pearl River, site Z4",Erythromycin,macrolides,38.5,NA,ng/g (dw),2015,autumn,"Tang, J., Fang, J., Tam, N. F., Yang, Y., Dai, Y., Zhang, J., & Shi, Y. (2021). Impact of Phytoplankton Blooms on Concentrations of Antibiotics in Sediment and Snails in a Subtropical River, China. Environmental Science & Technology, 55(3), 1811-1821. https://doi.org/10.1021/acs.est.0c08248","Supporting Information Table S4 (surface sediments, late blooming season)",PDF-TANG-2021,"2021 Jinpeng Tang Supporting Information  Impact of Phytoplankton Blooms on Concentrations of Antibiotics in Sediment and Snails in a Subtropical River, China .pdf"
sediment,Guangdong,"Pearl River, site Z5",Erythromycin,macrolides,111.7,NA,ng/g (dw),2015,autumn,"Tang, J., Fang, J., Tam, N. F., Yang, Y., Dai, Y., Zhang, J., & Shi, Y. (2021). Impact of Phytoplankton Blooms on Concentrations of Antibiotics in Sediment and Snails in a Subtropical River, China. Environmental Science & Technology, 55(3), 1811-1821. https://doi.org/10.1021/acs.est.0c08248","Supporting Information Table S4 (surface sediments, late blooming season)",PDF-TANG-2021,"2021 Jinpeng Tang Supporting Information  Impact of Phytoplankton Blooms on Concentrations of Antibiotics in Sediment and Snails in a Subtropical River, China .pdf"
sediment,Guangdong,"Pearl River, site Z6",Erythromycin,macrolides,13.2,NA,ng/g (dw),2015,autumn,"Tang, J., Fang, J., Tam, N. F., Yang, Y., Dai, Y., Zhang, J., & Shi, Y. (2021). Impact of Phytoplankton Blooms on Concentrations of Antibiotics in Sediment and Snails in a Subtropical River, China. Environmental Science & Technology, 55(3), 1811-1821. https://doi.org/10.1021/acs.est.0c08248","Supporting Information Table S4 (surface sediments, late blooming season)",PDF-TANG-2021,"2021 Jinpeng Tang Supporting Information  Impact of Phytoplankton Blooms on Concentrations of Antibiotics in Sediment and Snails in a Subtropical River, China .pdf"
sediment,Guangdong,"Pearl River, site Z7",Erythromycin,macrolides,7.3,NA,ng/g (dw),2015,autumn,"Tang, J., Fang, J., Tam, N. F., Yang, Y., Dai, Y., Zhang, J., & Shi, Y. (2021). Impact of Phytoplankton Blooms on Concentrations of Antibiotics in Sediment and Snails in a Subtropical River, China. Environmental Science & Technology, 55(3), 1811-1821. https://doi.org/10.1021/acs.est.0c08248","Supporting Information Table S4 (surface sediments, late blooming season)",PDF-TANG-2021,"2021 Jinpeng Tang Supporting Information  Impact of Phytoplankton Blooms on Concentrations of Antibiotics in Sediment and Snails in a Subtropical River, China .pdf"
sediment,Guangdong,"Pearl River, site Z8",Erythromycin,macrolides,17.2,NA,ng/g (dw),2015,autumn,"Tang, J., Fang, J., Tam, N. F., Yang, Y., Dai, Y., Zhang, J., & Shi, Y. (2021). Impact of Phytoplankton Blooms on Concentrations of Antibiotics in Sediment and Snails in a Subtropical River, China. Environmental Science & Technology, 55(3), 1811-1821. https://doi.org/10.1021/acs.est.0c08248","Supporting Information Table S4 (surface sediments, late blooming season)",PDF-TANG-2021,"2021 Jinpeng Tang Supporting Information  Impact of Phytoplankton Blooms on Concentrations of Antibiotics in Sediment and Snails in a Subtropical River, China .pdf"
sediment,Guangdong,"Pearl River, site Z9",Erythromycin,macrolides,83.9,NA,ng/g (dw),2015,autumn,"Tang, J., Fang, J., Tam, N. F., Yang, Y., Dai, Y., Zhang, J., & Shi, Y. (2021). Impact of Phytoplankton Blooms on Concentrations of Antibiotics in Sediment and Snails in a Subtropical River, China. Environmental Science & Technology, 55(3), 1811-1821. https://doi.org/10.1021/acs.est.0c08248","Supporting Information Table S4 (surface sediments, late blooming season)",PDF-TANG-2021,"2021 Jinpeng Tang Supporting Information  Impact of Phytoplankton Blooms on Concentrations of Antibiotics in Sediment and Snails in a Subtropical River, China .pdf"
sediment,Guangdong,"Pearl River, site Z10",Erythromycin,macrolides,85.5,NA,ng/g (dw),2015,autumn,"Tang, J., Fang, J., Tam, N. F., Yang, Y., Dai, Y., Zhang, J., & Shi, Y. (2021). Impact of Phytoplankton Blooms on Concentrations of Antibiotics in Sediment and Snails in a Subtropical River, China. Environmental Science & Technology, 55(3), 1811-1821. https://doi.org/10.1021/acs.est.0c08248","Supporting Information Table S4 (surface sediments, late blooming season)",PDF-TANG-2021,"2021 Jinpeng Tang Supporting Information  Impact of Phytoplankton Blooms on Concentrations of Antibiotics in Sediment and Snails in a Subtropical River, China .pdf"
sediment,Guangdong,"Pearl River, site Z11",Erythromycin,macrolides,86.4,NA,ng/g (dw),2015,autumn,"Tang, J., Fang, J., Tam, N. F., Yang, Y., Dai, Y., Zhang, J., & Shi, Y. (2021). Impact of Phytoplankton Blooms on Concentrations of Antibiotics in Sediment and Snails in a Subtropical River, China. Environmental Science & Technology, 55(3), 1811-1821. https://doi.org/10.1021/acs.est.0c08248","Supporting Information Table S4 (surface sediments, late blooming season)",PDF-TANG-2021,"2021 Jinpeng Tang Supporting Information  Impact of Phytoplankton Blooms on Concentrations of Antibiotics in Sediment and Snails in a Subtropical River, China .pdf"
sediment,Guangdong,"Pearl River, site Z1",Lomefloxacin,fluoroquinolones,74.6,NA,ng/g (dw),2015,autumn,"Tang, J., Fang, J., Tam, N. F., Yang, Y., Dai, Y., Zhang, J., & Shi, Y. (2021). Impact of Phytoplankton Blooms on Concentrations of Antibiotics in Sediment and Snails in a Subtropical River, China. Environmental Science & Technology, 55(3), 1811-1821. https://doi.org/10.1021/acs.est.0c08248","Supporting Information Table S4 (surface sediments, late blooming season)",PDF-TANG-2021,"2021 Jinpeng Tang Supporting Information  Impact of Phytoplankton Blooms on Concentrations of Antibiotics in Sediment and Snails in a Subtropical River, China .pdf"
sediment,Guangdong,"Pearl River, site Z2",Lomefloxacin,fluoroquinolones,71.1,NA,ng/g (dw),2015,autumn,"Tang, J., Fang, J., Tam, N. F., Yang, Y., Dai, Y., Zhang, J., & Shi, Y. (2021). Impact of Phytoplankton Blooms on Concentrations of Antibiotics in Sediment and Snails in a Subtropical River, China. Environmental Science & Technology, 55(3), 1811-1821. https://doi.org/10.1021/acs.est.0c08248","Supporting Information Table S4 (surface sediments, late blooming season)",PDF-TANG-2021,"2021 Jinpeng Tang Supporting Information  Impact of Phytoplankton Blooms on Concentrations of Antibiotics in Sediment and Snails in a Subtropical River, China .pdf"
sediment,Guangdong,"Pearl River, site Z3",Lomefloxacin,fluoroquinolones,32.1,NA,ng/g (dw),2015,autumn,"Tang, J., Fang, J., Tam, N. F., Yang, Y., Dai, Y., Zhang, J., & Shi, Y. (2021). Impact of Phytoplankton Blooms on Concentrations of Antibiotics in Sediment and Snails in a Subtropical River, China. Environmental Science & Technology, 55(3), 1811-1821. https://doi.org/10.1021/acs.est.0c08248","Supporting Information Table S4 (surface sediments, late blooming season)",PDF-TANG-2021,"2021 Jinpeng Tang Supporting Information  Impact of Phytoplankton Blooms on Concentrations of Antibiotics in Sediment and Snails in a Subtropical River, China .pdf"
sediment,Guangdong,"Pearl River, site Z4",Lomefloxacin,fluoroquinolones,29.4,NA,ng/g (dw),2015,autumn,"Tang, J., Fang, J., Tam, N. F., Yang, Y., Dai, Y., Zhang, J., & Shi, Y. (2021). Impact of Phytoplankton Blooms on Concentrations of Antibiotics in Sediment and Snails in a Subtropical River, China. Environmental Science & Technology, 55(3), 1811-1821. https://doi.org/10.1021/acs.est.0c08248","Supporting Information Table S4 (surface sediments, late blooming season)",PDF-TANG-2021,"2021 Jinpeng Tang Supporting Information  Impact of Phytoplankton Blooms on Concentrations of Antibiotics in Sediment and Snails in a Subtropical River, China .pdf"
sediment,Guangdong,"Pearl River, site Z5",Lomefloxacin,fluoroquinolones,24.3,NA,ng/g (dw),2015,autumn,"Tang, J., Fang, J., Tam, N. F., Yang, Y., Dai, Y., Zhang, J., & Shi, Y. (2021). Impact of Phytoplankton Blooms on Concentrations of Antibiotics in Sediment and Snails in a Subtropical River, China. Environmental Science & Technology, 55(3), 1811-1821. https://doi.org/10.1021/acs.est.0c08248","Supporting Information Table S4 (surface sediments, late blooming season)",PDF-TANG-2021,"2021 Jinpeng Tang Supporting Information  Impact of Phytoplankton Blooms on Concentrations of Antibiotics in Sediment and Snails in a Subtropical River, China .pdf"
sediment,Guangdong,"Pearl River, site Z6",Lomefloxacin,fluoroquinolones,29.4,NA,ng/g (dw),2015,autumn,"Tang, J., Fang, J., Tam, N. F., Yang, Y., Dai, Y., Zhang, J., & Shi, Y. (2021). Impact of Phytoplankton Blooms on Concentrations of Antibiotics in Sediment and Snails in a Subtropical River, China. Environmental Science & Technology, 55(3), 1811-1821. https://doi.org/10.1021/acs.est.0c08248","Supporting Information Table S4 (surface sediments, late blooming season)",PDF-TANG-2021,"2021 Jinpeng Tang Supporting Information  Impact of Phytoplankton Blooms on Concentrations of Antibiotics in Sediment and Snails in a Subtropical River, China .pdf"
sediment,Guangdong,"Pearl River, site Z7",Lomefloxacin,fluoroquinolones,13.1,NA,ng/g (dw),2015,autumn,"Tang, J., Fang, J., Tam, N. F., Yang, Y., Dai, Y., Zhang, J., & Shi, Y. (2021). Impact of Phytoplankton Blooms on Concentrations of Antibiotics in Sediment and Snails in a Subtropical River, China. Environmental Science & Technology, 55(3), 1811-1821. https://doi.org/10.1021/acs.est.0c08248","Supporting Information Table S4 (surface sediments, late blooming season)",PDF-TANG-2021,"2021 Jinpeng Tang Supporting Information  Impact of Phytoplankton Blooms on Concentrations of Antibiotics in Sediment and Snails in a Subtropical River, China .pdf"
sediment,Guangdong,"Pearl River, site Z8",Lomefloxacin,fluoroquinolones,14.4,NA,ng/g (dw),2015,autumn,"Tang, J., Fang, J., Tam, N. F., Yang, Y., Dai, Y., Zhang, J., & Shi, Y. (2021). Impact of Phytoplankton Blooms on Concentrations of Antibiotics in Sediment and Snails in a Subtropical River, China. Environmental Science & Technology, 55(3), 1811-1821. https://doi.org/10.1021/acs.est.0c08248","Supporting Information Table S4 (surface sediments, late blooming season)",PDF-TANG-2021,"2021 Jinpeng Tang Supporting Information  Impact of Phytoplankton Blooms on Concentrations of Antibiotics in Sediment and Snails in a Subtropical River, China .pdf"
sediment,Guangdong,"Pearl River, site Z9",Lomefloxacin,fluoroquinolones,23.1,NA,ng/g (dw),2015,autumn,"Tang, J., Fang, J., Tam, N. F., Yang, Y., Dai, Y., Zhang, J., & Shi, Y. (2021). Impact of Phytoplankton Blooms on Concentrations of Antibiotics in Sediment and Snails in a Subtropical River, China. Environmental Science & Technology, 55(3), 1811-1821. https://doi.org/10.1021/acs.est.0c08248","Supporting Information Table S4 (surface sediments, late blooming season)",PDF-TANG-2021,"2021 Jinpeng Tang Supporting Information  Impact of Phytoplankton Blooms on Concentrations of Antibiotics in Sediment and Snails in a Subtropical River, China .pdf"
sediment,Guangdong,"Pearl River, site Z10",Lomefloxacin,fluoroquinolones,36,NA,ng/g (dw),2015,autumn,"Tang, J., Fang, J., Tam, N. F., Yang, Y., Dai, Y., Zhang, J., & Shi, Y. (2021). Impact of Phytoplankton Blooms on Concentrations of Antibiotics in Sediment and Snails in a Subtropical River, China. Environmental Science & Technology, 55(3), 1811-1821. https://doi.org/10.1021/acs.est.0c08248","Supporting Information Table S4 (surface sediments, late blooming season)",PDF-TANG-2021,"2021 Jinpeng Tang Supporting Information  Impact of Phytoplankton Blooms on Concentrations of Antibiotics in Sediment and Snails in a Subtropical River, China .pdf"
sediment,Guangdong,"Pearl River, site Z11",Lomefloxacin,fluoroquinolones,23,NA,ng/g (dw),2015,autumn,"Tang, J., Fang, J., Tam, N. F., Yang, Y., Dai, Y., Zhang, J., & Shi, Y. (2021). Impact of Phytoplankton Blooms on Concentrations of Antibiotics in Sediment and Snails in a Subtropical River, China. Environmental Science & Technology, 55(3), 1811-1821. https://doi.org/10.1021/acs.est.0c08248","Supporting Information Table S4 (surface sediments, late blooming season)",PDF-TANG-2021,"2021 Jinpeng Tang Supporting Information  Impact of Phytoplankton Blooms on Concentrations of Antibiotics in Sediment and Snails in a Subtropical River, China .pdf"
sediment,Guangdong,"Pearl River, site Z1",Norfloxacin,fluoroquinolones,146.9,NA,ng/g (dw),2015,autumn,"Tang, J., Fang, J., Tam, N. F., Yang, Y., Dai, Y., Zhang, J., & Shi, Y. (2021). Impact of Phytoplankton Blooms on Concentrations of Antibiotics in Sediment and Snails in a Subtropical River, China. Environmental Science & Technology, 55(3), 1811-1821. https://doi.org/10.1021/acs.est.0c08248","Supporting Information Table S4 (surface sediments, late blooming season)",PDF-TANG-2021,"2021 Jinpeng Tang Supporting Information  Impact of Phytoplankton Blooms on Concentrations of Antibiotics in Sediment and Snails in a Subtropical River, China .pdf"
sediment,Guangdong,"Pearl River, site Z2",Norfloxacin,fluoroquinolones,151.2,NA,ng/g (dw),2015,autumn,"Tang, J., Fang, J., Tam, N. F., Yang, Y., Dai, Y., Zhang, J., & Shi, Y. (2021). Impact of Phytoplankton Blooms on Concentrations of Antibiotics in Sediment and Snails in a Subtropical River, China. Environmental Science & Technology, 55(3), 1811-1821. https://doi.org/10.1021/acs.est.0c08248","Supporting Information Table S4 (surface sediments, late blooming season)",PDF-TANG-2021,"2021 Jinpeng Tang Supporting Information  Impact of Phytoplankton Blooms on Concentrations of Antibiotics in Sediment and Snails in a Subtropical River, China .pdf"
sediment,Guangdong,"Pearl River, site Z3",Norfloxacin,fluoroquinolones,93.4,NA,ng/g (dw),2015,autumn,"Tang, J., Fang, J., Tam, N. F., Yang, Y., Dai, Y., Zhang, J., & Shi, Y. (2021). Impact of Phytoplankton Blooms on Concentrations of Antibiotics in Sediment and Snails in a Subtropical River, China. Environmental Science & Technology, 55(3), 1811-1821. https://doi.org/10.1021/acs.est.0c08248","Supporting Information Table S4 (surface sediments, late blooming season)",PDF-TANG-2021,"2021 Jinpeng Tang Supporting Information  Impact of Phytoplankton Blooms on Concentrations of Antibiotics in Sediment and Snails in a Subtropical River, China .pdf"
sediment,Guangdong,"Pearl River, site Z4",Norfloxacin,fluoroquinolones,54.4,NA,ng/g (dw),2015,autumn,"Tang, J., Fang, J., Tam, N. F., Yang, Y., Dai, Y., Zhang, J., & Shi, Y. (2021). Impact of Phytoplankton Blooms on Concentrations of Antibiotics in Sediment and Snails in a Subtropical River, China. Environmental Science & Technology, 55(3), 1811-1821. https://doi.org/10.1021/acs.est.0c08248","Supporting Information Table S4 (surface sediments, late blooming season)",PDF-TANG-2021,"2021 Jinpeng Tang Supporting Information  Impact of Phytoplankton Blooms on Concentrations of Antibiotics in Sediment and Snails in a Subtropical River, China .pdf"
sediment,Guangdong,"Pearl River, site Z5",Norfloxacin,fluoroquinolones,39.2,NA,ng/g (dw),2015,autumn,"Tang, J., Fang, J., Tam, N. F., Yang, Y., Dai, Y., Zhang, J., & Shi, Y. (2021). Impact of Phytoplankton Blooms on Concentrations of Antibiotics in Sediment and Snails in a Subtropical River, China. Environmental Science & Technology, 55(3), 1811-1821. https://doi.org/10.1021/acs.est.0c08248","Supporting Information Table S4 (surface sediments, late blooming season)",PDF-TANG-2021,"2021 Jinpeng Tang Supporting Information  Impact of Phytoplankton Blooms on Concentrations of Antibiotics in Sediment and Snails in a Subtropical River, China .pdf"
sediment,Guangdong,"Pearl River, site Z6",Norfloxacin,fluoroquinolones,15.3,NA,ng/g (dw),2015,autumn,"Tang, J., Fang, J., Tam, N. F., Yang, Y., Dai, Y., Zhang, J., & Shi, Y. (2021). Impact of Phytoplankton Blooms on Concentrations of Antibiotics in Sediment and Snails in a Subtropical River, China. Environmental Science & Technology, 55(3), 1811-1821. https://doi.org/10.1021/acs.est.0c08248","Supporting Information Table S4 (surface sediments, late blooming season)",PDF-TANG-2021,"2021 Jinpeng Tang Supporting Information  Impact of Phytoplankton Blooms on Concentrations of Antibiotics in Sediment and Snails in a Subtropical River, China .pdf"
sediment,Guangdong,"Pearl River, site Z7",Norfloxacin,fluoroquinolones,30.8,NA,ng/g (dw),2015,autumn,"Tang, J., Fang, J., Tam, N. F., Yang, Y., Dai, Y., Zhang, J., & Shi, Y. (2021). Impact of Phytoplankton Blooms on Concentrations of Antibiotics in Sediment and Snails in a Subtropical River, China. Environmental Science & Technology, 55(3), 1811-1821. https://doi.org/10.1021/acs.est.0c08248","Supporting Information Table S4 (surface sediments, late blooming season)",PDF-TANG-2021,"2021 Jinpeng Tang Supporting Information  Impact of Phytoplankton Blooms on Concentrations of Antibiotics in Sediment and Snails in a Subtropical River, China .pdf"
sediment,Guangdong,"Pearl River, site Z8",Norfloxacin,fluoroquinolones,24.3,NA,ng/g (dw),2015,autumn,"Tang, J., Fang, J., Tam, N. F., Yang, Y., Dai, Y., Zhang, J., & Shi, Y. (2021). Impact of Phytoplankton Blooms on Concentrations of Antibiotics in Sediment and Snails in a Subtropical River, China. Environmental Science & Technology, 55(3), 1811-1821. https://doi.org/10.1021/acs.est.0c08248","Supporting Information Table S4 (surface sediments, late blooming season)",PDF-TANG-2021,"2021 Jinpeng Tang Supporting Information  Impact of Phytoplankton Blooms on Concentrations of Antibiotics in Sediment and Snails in a Subtropical River, China .pdf"
sediment,Guangdong,"Pearl River, site Z9",Norfloxacin,fluoroquinolones,3.1,NA,ng/g (dw),2015,autumn,"Tang, J., Fang, J., Tam, N. F., Yang, Y., Dai, Y., Zhang, J., & Shi, Y. (2021). Impact of Phytoplankton Blooms on Concentrations of Antibiotics in Sediment and Snails in a Subtropical River, China. Environmental Science & Technology, 55(3), 1811-1821. https://doi.org/10.1021/acs.est.0c08248","Supporting Information Table S4 (surface sediments, late blooming season)",PDF-TANG-2021,"2021 Jinpeng Tang Supporting Information  Impact of Phytoplankton Blooms on Concentrations of Antibiotics in Sediment and Snails in a Subtropical River, China .pdf"
sediment,Guangdong,"Pearl River, site Z10",Norfloxacin,fluoroquinolones,7.9,NA,ng/g (dw),2015,autumn,"Tang, J., Fang, J., Tam, N. F., Yang, Y., Dai, Y., Zhang, J., & Shi, Y. (2021). Impact of Phytoplankton Blooms on Concentrations of Antibiotics in Sediment and Snails in a Subtropical River, China. Environmental Science & Technology, 55(3), 1811-1821. https://doi.org/10.1021/acs.est.0c08248","Supporting Information Table S4 (surface sediments, late blooming season)",PDF-TANG-2021,"2021 Jinpeng Tang Supporting Information  Impact of Phytoplankton Blooms on Concentrations of Antibiotics in Sediment and Snails in a Subtropical River, China .pdf"
sediment,Guangdong,"Pearl River, site Z11",Norfloxacin,fluoroquinolones,3.8,NA,ng/g (dw),2015,autumn,"Tang, J., Fang, J., Tam, N. F., Yang, Y., Dai, Y., Zhang, J., & Shi, Y. (2021). Impact of Phytoplankton Blooms on Concentrations of Antibiotics in Sediment and Snails in a Subtropical River, China. Environmental Science & Technology, 55(3), 1811-1821. https://doi.org/10.1021/acs.est.0c08248","Supporting Information Table S4 (surface sediments, late blooming season)",PDF-TANG-2021,"2021 Jinpeng Tang Supporting Information  Impact of Phytoplankton Blooms on Concentrations of Antibiotics in Sediment and Snails in a Subtropical River, China .pdf"
sediment,Guangdong,"Pearl River, site Z1",Ofloxacin,fluoroquinolones,108.1,NA,ng/g (dw),2015,autumn,"Tang, J., Fang, J., Tam, N. F., Yang, Y., Dai, Y., Zhang, J., & Shi, Y. (2021). Impact of Phytoplankton Blooms on Concentrations of Antibiotics in Sediment and Snails in a Subtropical River, China. Environmental Science & Technology, 55(3), 1811-1821. https://doi.org/10.1021/acs.est.0c08248","Supporting Information Table S4 (surface sediments, late blooming season)",PDF-TANG-2021,"2021 Jinpeng Tang Supporting Information  Impact of Phytoplankton Blooms on Concentrations of Antibiotics in Sediment and Snails in a Subtropical River, China .pdf"
sediment,Guangdong,"Pearl River, site Z2",Ofloxacin,fluoroquinolones,73.4,NA,ng/g (dw),2015,autumn,"Tang, J., Fang, J., Tam, N. F., Yang, Y., Dai, Y., Zhang, J., & Shi, Y. (2021). Impact of Phytoplankton Blooms on Concentrations of Antibiotics in Sediment and Snails in a Subtropical River, China. Environmental Science & Technology, 55(3), 1811-1821. https://doi.org/10.1021/acs.est.0c08248","Supporting Information Table S4 (surface sediments, late blooming season)",PDF-TANG-2021,"2021 Jinpeng Tang Supporting Information  Impact of Phytoplankton Blooms on Concentrations of Antibiotics in Sediment and Snails in a Subtropical River, China .pdf"
sediment,Guangdong,"Pearl River, site Z3",Ofloxacin,fluoroquinolones,29.1,NA,ng/g (dw),2015,autumn,"Tang, J., Fang, J., Tam, N. F., Yang, Y., Dai, Y., Zhang, J., & Shi, Y. (2021). Impact of Phytoplankton Blooms on Concentrations of Antibiotics in Sediment and Snails in a Subtropical River, China. Environmental Science & Technology, 55(3), 1811-1821. https://doi.org/10.1021/acs.est.0c08248","Supporting Information Table S4 (surface sediments, late blooming season)",PDF-TANG-2021,"2021 Jinpeng Tang Supporting Information  Impact of Phytoplankton Blooms on Concentrations of Antibiotics in Sediment and Snails in a Subtropical River, China .pdf"
sediment,Guangdong,"Pearl River, site Z4",Ofloxacin,fluoroquinolones,38.8,NA,ng/g (dw),2015,autumn,"Tang, J., Fang, J., Tam, N. F., Yang, Y., Dai, Y., Zhang, J., & Shi, Y. (2021). Impact of Phytoplankton Blooms on Concentrations of Antibiotics in Sediment and Snails in a Subtropical River, China. Environmental Science & Technology, 55(3), 1811-1821. https://doi.org/10.1021/acs.est.0c08248","Supporting Information Table S4 (surface sediments, late blooming season)",PDF-TANG-2021,"2021 Jinpeng Tang Supporting Information  Impact of Phytoplankton Blooms on Concentrations of Antibiotics in Sediment and Snails in a Subtropical River, China .pdf"
sediment,Guangdong,"Pearl River, site Z5",Ofloxacin,fluoroquinolones,47,NA,ng/g (dw),2015,autumn,"Tang, J., Fang, J., Tam, N. F., Yang, Y., Dai, Y., Zhang, J., & Shi, Y. (2021). Impact of Phytoplankton Blooms on Concentrations of Antibiotics in Sediment and Snails in a Subtropical River, China. Environmental Science & Technology, 55(3), 1811-1821. https://doi.org/10.1021/acs.est.0c08248","Supporting Information Table S4 (surface sediments, late blooming season)",PDF-TANG-2021,"2021 Jinpeng Tang Supporting Information  Impact of Phytoplankton Blooms on Concentrations of Antibiotics in Sediment and Snails in a Subtropical River, China .pdf"
sediment,Guangdong,"Pearl River, site Z6",Ofloxacin,fluoroquinolones,89.7,NA,ng/g (dw),2015,autumn,"Tang, J., Fang, J., Tam, N. F., Yang, Y., Dai, Y., Zhang, J., & Shi, Y. (2021). Impact of Phytoplankton Blooms on Concentrations of Antibiotics in Sediment and Snails in a Subtropical River, China. Environmental Science & Technology, 55(3), 1811-1821. https://doi.org/10.1021/acs.est.0c08248","Supporting Information Table S4 (surface sediments, late blooming season)",PDF-TANG-2021,"2021 Jinpeng Tang Supporting Information  Impact of Phytoplankton Blooms on Concentrations of Antibiotics in Sediment and Snails in a Subtropical River, China .pdf"
sediment,Guangdong,"Pearl River, site Z7",Ofloxacin,fluoroquinolones,76.8,NA,ng/g (dw),2015,autumn,"Tang, J., Fang, J., Tam, N. F., Yang, Y., Dai, Y., Zhang, J., & Shi, Y. (2021). Impact of Phytoplankton Blooms on Concentrations of Antibiotics in Sediment and Snails in a Subtropical River, China. Environmental Science & Technology, 55(3), 1811-1821. https://doi.org/10.1021/acs.est.0c08248","Supporting Information Table S4 (surface sediments, late blooming season)",PDF-TANG-2021,"2021 Jinpeng Tang Supporting Information  Impact of Phytoplankton Blooms on Concentrations of Antibiotics in Sediment and Snails in a Subtropical River, China .pdf"
sediment,Guangdong,"Pearl River, site Z8",Ofloxacin,fluoroquinolones,117.6,NA,ng/g (dw),2015,autumn,"Tang, J., Fang, J., Tam, N. F., Yang, Y., Dai, Y., Zhang, J., & Shi, Y. (2021). Impact of Phytoplankton Blooms on Concentrations of Antibiotics in Sediment and Snails in a Subtropical River, China. Environmental Science & Technology, 55(3), 1811-1821. https://doi.org/10.1021/acs.est.0c08248","Supporting Information Table S4 (surface sediments, late blooming season)",PDF-TANG-2021,"2021 Jinpeng Tang Supporting Information  Impact of Phytoplankton Blooms on Concentrations of Antibiotics in Sediment and Snails in a Subtropical River, China .pdf"
sediment,Guangdong,"Pearl River, site Z9",Ofloxacin,fluoroquinolones,9,NA,ng/g (dw),2015,autumn,"Tang, J., Fang, J., Tam, N. F., Yang, Y., Dai, Y., Zhang, J., & Shi, Y. (2021). Impact of Phytoplankton Blooms on Concentrations of Antibiotics in Sediment and Snails in a Subtropical River, China. Environmental Science & Technology, 55(3), 1811-1821. https://doi.org/10.1021/acs.est.0c08248","Supporting Information Table S4 (surface sediments, late blooming season)",PDF-TANG-2021,"2021 Jinpeng Tang Supporting Information  Impact of Phytoplankton Blooms on Concentrations of Antibiotics in Sediment and Snails in a Subtropical River, China .pdf"
sediment,Guangdong,"Pearl River, site Z10",Ofloxacin,fluoroquinolones,11,NA,ng/g (dw),2015,autumn,"Tang, J., Fang, J., Tam, N. F., Yang, Y., Dai, Y., Zhang, J., & Shi, Y. (2021). Impact of Phytoplankton Blooms on Concentrations of Antibiotics in Sediment and Snails in a Subtropical River, China. Environmental Science & Technology, 55(3), 1811-1821. https://doi.org/10.1021/acs.est.0c08248","Supporting Information Table S4 (surface sediments, late blooming season)",PDF-TANG-2021,"2021 Jinpeng Tang Supporting Information  Impact of Phytoplankton Blooms on Concentrations of Antibiotics in Sediment and Snails in a Subtropical River, China .pdf"
sediment,Guangdong,"Pearl River, site Z11",Ofloxacin,fluoroquinolones,36.8,NA,ng/g (dw),2015,autumn,"Tang, J., Fang, J., Tam, N. F., Yang, Y., Dai, Y., Zhang, J., & Shi, Y. (2021). Impact of Phytoplankton Blooms on Concentrations of Antibiotics in Sediment and Snails in a Subtropical River, China. Environmental Science & Technology, 55(3), 1811-1821. https://doi.org/10.1021/acs.est.0c08248","Supporting Information Table S4 (surface sediments, late blooming season)",PDF-TANG-2021,"2021 Jinpeng Tang Supporting Information  Impact of Phytoplankton Blooms on Concentrations of Antibiotics in Sediment and Snails in a Subtropical River, China .pdf"
sediment,Guangdong,"Pearl River, site Z1",Oxytetracycline,tetracyclines,24.5,NA,ng/g (dw),2015,autumn,"Tang, J., Fang, J., Tam, N. F., Yang, Y., Dai, Y., Zhang, J., & Shi, Y. (2021). Impact of Phytoplankton Blooms on Concentrations of Antibiotics in Sediment and Snails in a Subtropical River, China. Environmental Science & Technology, 55(3), 1811-1821. https://doi.org/10.1021/acs.est.0c08248","Supporting Information Table S4 (surface sediments, late blooming season)",PDF-TANG-2021,"2021 Jinpeng Tang Supporting Information  Impact of Phytoplankton Blooms on Concentrations of Antibiotics in Sediment and Snails in a Subtropical River, China .pdf"
sediment,Guangdong,"Pearl River, site Z2",Oxytetracycline,tetracyclines,21.9,NA,ng/g (dw),2015,autumn,"Tang, J., Fang, J., Tam, N. F., Yang, Y., Dai, Y., Zhang, J., & Shi, Y. (2021). Impact of Phytoplankton Blooms on Concentrations of Antibiotics in Sediment and Snails in a Subtropical River, China. Environmental Science & Technology, 55(3), 1811-1821. https://doi.org/10.1021/acs.est.0c08248","Supporting Information Table S4 (surface sediments, late blooming season)",PDF-TANG-2021,"2021 Jinpeng Tang Supporting Information  Impact of Phytoplankton Blooms on Concentrations of Antibiotics in Sediment and Snails in a Subtropical River, China .pdf"
sediment,Guangdong,"Pearl River, site Z3",Oxytetracycline,tetracyclines,32.4,NA,ng/g (dw),2015,autumn,"Tang, J., Fang, J., Tam, N. F., Yang, Y., Dai, Y., Zhang, J., & Shi, Y. (2021). Impact of Phytoplankton Blooms on Concentrations of Antibiotics in Sediment and Snails in a Subtropical River, China. Environmental Science & Technology, 55(3), 1811-1821. https://doi.org/10.1021/acs.est.0c08248","Supporting Information Table S4 (surface sediments, late blooming season)",PDF-TANG-2021,"2021 Jinpeng Tang Supporting Information  Impact of Phytoplankton Blooms on Concentrations of Antibiotics in Sediment and Snails in a Subtropical River, China .pdf"
sediment,Guangdong,"Pearl River, site Z4",Oxytetracycline,tetracyclines,26.1,NA,ng/g (dw),2015,autumn,"Tang, J., Fang, J., Tam, N. F., Yang, Y., Dai, Y., Zhang, J., & Shi, Y. (2021). Impact of Phytoplankton Blooms on Concentrations of Antibiotics in Sediment and Snails in a Subtropical River, China. Environmental Science & Technology, 55(3), 1811-1821. https://doi.org/10.1021/acs.est.0c08248","Supporting Information Table S4 (surface sediments, late blooming season)",PDF-TANG-2021,"2021 Jinpeng Tang Supporting Information  Impact of Phytoplankton Blooms on Concentrations of Antibiotics in Sediment and Snails in a Subtropical River, China .pdf"
sediment,Guangdong,"Pearl River, site Z5",Oxytetracycline,tetracyclines,93.4,NA,ng/g (dw),2015,autumn,"Tang, J., Fang, J., Tam, N. F., Yang, Y., Dai, Y., Zhang, J., & Shi, Y. (2021). Impact of Phytoplankton Blooms on Concentrations of Antibiotics in Sediment and Snails in a Subtropical River, China. Environmental Science & Technology, 55(3), 1811-1821. https://doi.org/10.1021/acs.est.0c08248","Supporting Information Table S4 (surface sediments, late blooming season)",PDF-TANG-2021,"2021 Jinpeng Tang Supporting Information  Impact of Phytoplankton Blooms on Concentrations of Antibiotics in Sediment and Snails in a Subtropical River, China .pdf"
sediment,Guangdong,"Pearl River, site Z6",Oxytetracycline,tetracyclines,80.6,NA,ng/g (dw),2015,autumn,"Tang, J., Fang, J., Tam, N. F., Yang, Y., Dai, Y., Zhang, J., & Shi, Y. (2021). Impact of Phytoplankton Blooms on Concentrations of Antibiotics in Sediment and Snails in a Subtropical River, China. Environmental Science & Technology, 55(3), 1811-1821. https://doi.org/10.1021/acs.est.0c08248","Supporting Information Table S4 (surface sediments, late blooming season)",PDF-TANG-2021,"2021 Jinpeng Tang Supporting Information  Impact of Phytoplankton Blooms on Concentrations of Antibiotics in Sediment and Snails in a Subtropical River, China .pdf"
sediment,Guangdong,"Pearl River, site Z7",Oxytetracycline,tetracyclines,260.9,NA,ng/g (dw),2015,autumn,"Tang, J., Fang, J., Tam, N. F., Yang, Y., Dai, Y., Zhang, J., & Shi, Y. (2021). Impact of Phytoplankton Blooms on Concentrations of Antibiotics in Sediment and Snails in a Subtropical River, China. Environmental Science & Technology, 55(3), 1811-1821. https://doi.org/10.1021/acs.est.0c08248","Supporting Information Table S4 (surface sediments, late blooming season)",PDF-TANG-2021,"2021 Jinpeng Tang Supporting Information  Impact of Phytoplankton Blooms on Concentrations of Antibiotics in Sediment and Snails in a Subtropical River, China .pdf"
sediment,Guangdong,"Pearl River, site Z8",Oxytetracycline,tetracyclines,173.8,NA,ng/g (dw),2015,autumn,"Tang, J., Fang, J., Tam, N. F., Yang, Y., Dai, Y., Zhang, J., & Shi, Y. (2021). Impact of Phytoplankton Blooms on Concentrations of Antibiotics in Sediment and Snails in a Subtropical River, China. Environmental Science & Technology, 55(3), 1811-1821. https://doi.org/10.1021/acs.est.0c08248","Supporting Information Table S4 (surface sediments, late blooming season)",PDF-TANG-2021,"2021 Jinpeng Tang Supporting Information  Impact of Phytoplankton Blooms on Concentrations of Antibiotics in Sediment and Snails in a Subtropical River, China .pdf"
sediment,Guangdong,"Pearl River, site Z9",Oxytetracycline,tetracyclines,10.7,NA,ng/g (dw),2015,autumn,"Tang, J., Fang, J., Tam, N. F., Yang, Y., Dai, Y., Zhang, J., & Shi, Y. (2021). Impact of Phytoplankton Blooms on Concentrations of Antibiotics in Sediment and Snails in a Subtropical River, China. Environmental Science & Technology, 55(3), 1811-1821. https://doi.org/10.1021/acs.est.0c08248","Supporting Information Table S4 (surface sediments, late blooming season)",PDF-TANG-2021,"2021 Jinpeng Tang Supporting Information  Impact of Phytoplankton Blooms on Concentrations of Antibiotics in Sediment and Snails in a Subtropical River, China .pdf"
sediment,Guangdong,"Pearl River, site Z10",Oxytetracycline,tetracyclines,11.6,NA,ng/g (dw),2015,autumn,"Tang, J., Fang, J., Tam, N. F., Yang, Y., Dai, Y., Zhang, J., & Shi, Y. (2021). Impact of Phytoplankton Blooms on Concentrations of Antibiotics in Sediment and Snails in a Subtropical River, China. Environmental Science & Technology, 55(3), 1811-1821. https://doi.org/10.1021/acs.est.0c08248","Supporting Information Table S4 (surface sediments, late blooming season)",PDF-TANG-2021,"2021 Jinpeng Tang Supporting Information  Impact of Phytoplankton Blooms on Concentrations of Antibiotics in Sediment and Snails in a Subtropical River, China .pdf"
sediment,Guangdong,"Pearl River, site Z11",Oxytetracycline,tetracyclines,13.8,NA,ng/g (dw),2015,autumn,"Tang, J., Fang, J., Tam, N. F., Yang, Y., Dai, Y., Zhang, J., & Shi, Y. (2021). Impact of Phytoplankton Blooms on Concentrations of Antibiotics in Sediment and Snails in a Subtropical River, China. Environmental Science & Technology, 55(3), 1811-1821. https://doi.org/10.1021/acs.est.0c08248","Supporting Information Table S4 (surface sediments, late blooming season)",PDF-TANG-2021,"2021 Jinpeng Tang Supporting Information  Impact of Phytoplankton Blooms on Concentrations of Antibiotics in Sediment and Snails in a Subtropical River, China .pdf"
sediment,Guangdong,"Pearl River, site Z1",Roxithromycin,macrolides,190.6,NA,ng/g (dw),2015,autumn,"Tang, J., Fang, J., Tam, N. F., Yang, Y., Dai, Y., Zhang, J., & Shi, Y. (2021). Impact of Phytoplankton Blooms on Concentrations of Antibiotics in Sediment and Snails in a Subtropical River, China. Environmental Science & Technology, 55(3), 1811-1821. https://doi.org/10.1021/acs.est.0c08248","Supporting Information Table S4 (surface sediments, late blooming season)",PDF-TANG-2021,"2021 Jinpeng Tang Supporting Information  Impact of Phytoplankton Blooms on Concentrations of Antibiotics in Sediment and Snails in a Subtropical River, China .pdf"
sediment,Guangdong,"Pearl River, site Z2",Roxithromycin,macrolides,242.4,NA,ng/g (dw),2015,autumn,"Tang, J., Fang, J., Tam, N. F., Yang, Y., Dai, Y., Zhang, J., & Shi, Y. (2021). Impact of Phytoplankton Blooms on Concentrations of Antibiotics in Sediment and Snails in a Subtropical River, China. Environmental Science & Technology, 55(3), 1811-1821. https://doi.org/10.1021/acs.est.0c08248","Supporting Information Table S4 (surface sediments, late blooming season)",PDF-TANG-2021,"2021 Jinpeng Tang Supporting Information  Impact of Phytoplankton Blooms on Concentrations of Antibiotics in Sediment and Snails in a Subtropical River, China .pdf"
sediment,Guangdong,"Pearl River, site Z3",Roxithromycin,macrolides,257,NA,ng/g (dw),2015,autumn,"Tang, J., Fang, J., Tam, N. F., Yang, Y., Dai, Y., Zhang, J., & Shi, Y. (2021). Impact of Phytoplankton Blooms on Concentrations of Antibiotics in Sediment and Snails in a Subtropical River, China. Environmental Science & Technology, 55(3), 1811-1821. https://doi.org/10.1021/acs.est.0c08248","Supporting Information Table S4 (surface sediments, late blooming season)",PDF-TANG-2021,"2021 Jinpeng Tang Supporting Information  Impact of Phytoplankton Blooms on Concentrations of Antibiotics in Sediment and Snails in a Subtropical River, China .pdf"
sediment,Guangdong,"Pearl River, site Z4",Roxithromycin,macrolides,139,NA,ng/g (dw),2015,autumn,"Tang, J., Fang, J., Tam, N. F., Yang, Y., Dai, Y., Zhang, J., & Shi, Y. (2021). Impact of Phytoplankton Blooms on Concentrations of Antibiotics in Sediment and Snails in a Subtropical River, China. Environmental Science & Technology, 55(3), 1811-1821. https://doi.org/10.1021/acs.est.0c08248","Supporting Information Table S4 (surface sediments, late blooming season)",PDF-TANG-2021,"2021 Jinpeng Tang Supporting Information  Impact of Phytoplankton Blooms on Concentrations of Antibiotics in Sediment and Snails in a Subtropical River, China .pdf"
sediment,Guangdong,"Pearl River, site Z5",Roxithromycin,macrolides,225.9,NA,ng/g (dw),2015,autumn,"Tang, J., Fang, J., Tam, N. F., Yang, Y., Dai, Y., Zhang, J., & Shi, Y. (2021). Impact of Phytoplankton Blooms on Concentrations of Antibiotics in Sediment and Snails in a Subtropical River, China. Environmental Science & Technology, 55(3), 1811-1821. https://doi.org/10.1021/acs.est.0c08248","Supporting Information Table S4 (surface sediments, late blooming season)",PDF-TANG-2021,"2021 Jinpeng Tang Supporting Information  Impact of Phytoplankton Blooms on Concentrations of Antibiotics in Sediment and Snails in a Subtropical River, China .pdf"
sediment,Guangdong,"Pearl River, site Z6",Roxithromycin,macrolides,38.3,NA,ng/g (dw),2015,autumn,"Tang, J., Fang, J., Tam, N. F., Yang, Y., Dai, Y., Zhang, J., & Shi, Y. (2021). Impact of Phytoplankton Blooms on Concentrations of Antibiotics in Sediment and Snails in a Subtropical River, China. Environmental Science & Technology, 55(3), 1811-1821. https://doi.org/10.1021/acs.est.0c08248","Supporting Information Table S4 (surface sediments, late blooming season)",PDF-TANG-2021,"2021 Jinpeng Tang Supporting Information  Impact of Phytoplankton Blooms on Concentrations of Antibiotics in Sediment and Snails in a Subtropical River, China .pdf"
sediment,Guangdong,"Pearl River, site Z7",Roxithromycin,macrolides,17.9,NA,ng/g (dw),2015,autumn,"Tang, J., Fang, J., Tam, N. F., Yang, Y., Dai, Y., Zhang, J., & Shi, Y. (2021). Impact of Phytoplankton Blooms on Concentrations of Antibiotics in Sediment and Snails in a Subtropical River, China. Environmental Science & Technology, 55(3), 1811-1821. https://doi.org/10.1021/acs.est.0c08248","Supporting Information Table S4 (surface sediments, late blooming season)",PDF-TANG-2021,"2021 Jinpeng Tang Supporting Information  Impact of Phytoplankton Blooms on Concentrations of Antibiotics in Sediment and Snails in a Subtropical River, China .pdf"
sediment,Guangdong,"Pearl River, site Z8",Roxithromycin,macrolides,42,NA,ng/g (dw),2015,autumn,"Tang, J., Fang, J., Tam, N. F., Yang, Y., Dai, Y., Zhang, J., & Shi, Y. (2021). Impact of Phytoplankton Blooms on Concentrations of Antibiotics in Sediment and Snails in a Subtropical River, China. Environmental Science & Technology, 55(3), 1811-1821. https://doi.org/10.1021/acs.est.0c08248","Supporting Information Table S4 (surface sediments, late blooming season)",PDF-TANG-2021,"2021 Jinpeng Tang Supporting Information  Impact of Phytoplankton Blooms on Concentrations of Antibiotics in Sediment and Snails in a Subtropical River, China .pdf"
sediment,Guangdong,"Pearl River, site Z9",Roxithromycin,macrolides,115.2,NA,ng/g (dw),2015,autumn,"Tang, J., Fang, J., Tam, N. F., Yang, Y., Dai, Y., Zhang, J., & Shi, Y. (2021). Impact of Phytoplankton Blooms on Concentrations of Antibiotics in Sediment and Snails in a Subtropical River, China. Environmental Science & Technology, 55(3), 1811-1821. https://doi.org/10.1021/acs.est.0c08248","Supporting Information Table S4 (surface sediments, late blooming season)",PDF-TANG-2021,"2021 Jinpeng Tang Supporting Information  Impact of Phytoplankton Blooms on Concentrations of Antibiotics in Sediment and Snails in a Subtropical River, China .pdf"
sediment,Guangdong,"Pearl River, site Z10",Roxithromycin,macrolides,115.3,NA,ng/g (dw),2015,autumn,"Tang, J., Fang, J., Tam, N. F., Yang, Y., Dai, Y., Zhang, J., & Shi, Y. (2021). Impact of Phytoplankton Blooms on Concentrations of Antibiotics in Sediment and Snails in a Subtropical River, China. Environmental Science & Technology, 55(3), 1811-1821. https://doi.org/10.1021/acs.est.0c08248","Supporting Information Table S4 (surface sediments, late blooming season)",PDF-TANG-2021,"2021 Jinpeng Tang Supporting Information  Impact of Phytoplankton Blooms on Concentrations of Antibiotics in Sediment and Snails in a Subtropical River, China .pdf"
sediment,Guangdong,"Pearl River, site Z11",Roxithromycin,macrolides,131.8,NA,ng/g (dw),2015,autumn,"Tang, J., Fang, J., Tam, N. F., Yang, Y., Dai, Y., Zhang, J., & Shi, Y. (2021). Impact of Phytoplankton Blooms on Concentrations of Antibiotics in Sediment and Snails in a Subtropical River, China. Environmental Science & Technology, 55(3), 1811-1821. https://doi.org/10.1021/acs.est.0c08248","Supporting Information Table S4 (surface sediments, late blooming season)",PDF-TANG-2021,"2021 Jinpeng Tang Supporting Information  Impact of Phytoplankton Blooms on Concentrations of Antibiotics in Sediment and Snails in a Subtropical River, China .pdf"
sediment,Guangdong,"Pearl River, site Z1",Sulfacetamide,sulfonamides,112,NA,ng/g (dw),2015,autumn,"Tang, J., Fang, J., Tam, N. F., Yang, Y., Dai, Y., Zhang, J., & Shi, Y. (2021). Impact of Phytoplankton Blooms on Concentrations of Antibiotics in Sediment and Snails in a Subtropical River, China. Environmental Science & Technology, 55(3), 1811-1821. https://doi.org/10.1021/acs.est.0c08248","Supporting Information Table S3 (surface sediments, late blooming season)",PDF-TANG-2021,"2021 Jinpeng Tang Supporting Information  Impact of Phytoplankton Blooms on Concentrations of Antibiotics in Sediment and Snails in a Subtropical River, China .pdf"
sediment,Guangdong,"Pearl River, site Z2",Sulfacetamide,sulfonamides,82.5,NA,ng/g (dw),2015,autumn,"Tang, J., Fang, J., Tam, N. F., Yang, Y., Dai, Y., Zhang, J., & Shi, Y. (2021). Impact of Phytoplankton Blooms on Concentrations of Antibiotics in Sediment and Snails in a Subtropical River, China. Environmental Science & Technology, 55(3), 1811-1821. https://doi.org/10.1021/acs.est.0c08248","Supporting Information Table S3 (surface sediments, late blooming season)",PDF-TANG-2021,"2021 Jinpeng Tang Supporting Information  Impact of Phytoplankton Blooms on Concentrations of Antibiotics in Sediment and Snails in a Subtropical River, China .pdf"
sediment,Guangdong,"Pearl River, site Z3",Sulfacetamide,sulfonamides,66.9,NA,ng/g (dw),2015,autumn,"Tang, J., Fang, J., Tam, N. F., Yang, Y., Dai, Y., Zhang, J., & Shi, Y. (2021). Impact of Phytoplankton Blooms on Concentrations of Antibiotics in Sediment and Snails in a Subtropical River, China. Environmental Science & Technology, 55(3), 1811-1821. https://doi.org/10.1021/acs.est.0c08248","Supporting Information Table S3 (surface sediments, late blooming season)",PDF-TANG-2021,"2021 Jinpeng Tang Supporting Information  Impact of Phytoplankton Blooms on Concentrations of Antibiotics in Sediment and Snails in a Subtropical River, China .pdf"
sediment,Guangdong,"Pearl River, site Z4",Sulfacetamide,sulfonamides,41.9,NA,ng/g (dw),2015,autumn,"Tang, J., Fang, J., Tam, N. F., Yang, Y., Dai, Y., Zhang, J., & Shi, Y. (2021). Impact of Phytoplankton Blooms on Concentrations of Antibiotics in Sediment and Snails in a Subtropical River, China. Environmental Science & Technology, 55(3), 1811-1821. https://doi.org/10.1021/acs.est.0c08248","Supporting Information Table S3 (surface sediments, late blooming season)",PDF-TANG-2021,"2021 Jinpeng Tang Supporting Information  Impact of Phytoplankton Blooms on Concentrations of Antibiotics in Sediment and Snails in a Subtropical River, China .pdf"
sediment,Guangdong,"Pearl River, site Z5",Sulfacetamide,sulfonamides,36.2,NA,ng/g (dw),2015,autumn,"Tang, J., Fang, J., Tam, N. F., Yang, Y., Dai, Y., Zhang, J., & Shi, Y. (2021). Impact of Phytoplankton Blooms on Concentrations of Antibiotics in Sediment and Snails in a Subtropical River, China. Environmental Science & Technology, 55(3), 1811-1821. https://doi.org/10.1021/acs.est.0c08248","Supporting Information Table S3 (surface sediments, late blooming season)",PDF-TANG-2021,"2021 Jinpeng Tang Supporting Information  Impact of Phytoplankton Blooms on Concentrations of Antibiotics in Sediment and Snails in a Subtropical River, China .pdf"
sediment,Guangdong,"Pearl River, site Z6",Sulfacetamide,sulfonamides,14.8,NA,ng/g (dw),2015,autumn,"Tang, J., Fang, J., Tam, N. F., Yang, Y., Dai, Y., Zhang, J., & Shi, Y. (2021). Impact of Phytoplankton Blooms on Concentrations of Antibiotics in Sediment and Snails in a Subtropical River, China. Environmental Science & Technology, 55(3), 1811-1821. https://doi.org/10.1021/acs.est.0c08248","Supporting Information Table S3 (surface sediments, late blooming season)",PDF-TANG-2021,"2021 Jinpeng Tang Supporting Information  Impact of Phytoplankton Blooms on Concentrations of Antibiotics in Sediment and Snails in a Subtropical River, China .pdf"
sediment,Guangdong,"Pearl River, site Z7",Sulfacetamide,sulfonamides,11.7,NA,ng/g (dw),2015,autumn,"Tang, J., Fang, J., Tam, N. F., Yang, Y., Dai, Y., Zhang, J., & Shi, Y. (2021). Impact of Phytoplankton Blooms on Concentrations of Antibiotics in Sediment and Snails in a Subtropical River, China. Environmental Science & Technology, 55(3), 1811-1821. https://doi.org/10.1021/acs.est.0c08248","Supporting Information Table S3 (surface sediments, late blooming season)",PDF-TANG-2021,"2021 Jinpeng Tang Supporting Information  Impact of Phytoplankton Blooms on Concentrations of Antibiotics in Sediment and Snails in a Subtropical River, China .pdf"
sediment,Guangdong,"Pearl River, site Z8",Sulfacetamide,sulfonamides,18.6,NA,ng/g (dw),2015,autumn,"Tang, J., Fang, J., Tam, N. F., Yang, Y., Dai, Y., Zhang, J., & Shi, Y. (2021). Impact of Phytoplankton Blooms on Concentrations of Antibiotics in Sediment and Snails in a Subtropical River, China. Environmental Science & Technology, 55(3), 1811-1821. https://doi.org/10.1021/acs.est.0c08248","Supporting Information Table S3 (surface sediments, late blooming season)",PDF-TANG-2021,"2021 Jinpeng Tang Supporting Information  Impact of Phytoplankton Blooms on Concentrations of Antibiotics in Sediment and Snails in a Subtropical River, China .pdf"
sediment,Guangdong,"Pearl River, site Z9",Sulfacetamide,sulfonamides,15.4,NA,ng/g (dw),2015,autumn,"Tang, J., Fang, J., Tam, N. F., Yang, Y., Dai, Y., Zhang, J., & Shi, Y. (2021). Impact of Phytoplankton Blooms on Concentrations of Antibiotics in Sediment and Snails in a Subtropical River, China. Environmental Science & Technology, 55(3), 1811-1821. https://doi.org/10.1021/acs.est.0c08248","Supporting Information Table S3 (surface sediments, late blooming season)",PDF-TANG-2021,"2021 Jinpeng Tang Supporting Information  Impact of Phytoplankton Blooms on Concentrations of Antibiotics in Sediment and Snails in a Subtropical River, China .pdf"
sediment,Guangdong,"Pearl River, site Z10",Sulfacetamide,sulfonamides,27.4,NA,ng/g (dw),2015,autumn,"Tang, J., Fang, J., Tam, N. F., Yang, Y., Dai, Y., Zhang, J., & Shi, Y. (2021). Impact of Phytoplankton Blooms on Concentrations of Antibiotics in Sediment and Snails in a Subtropical River, China. Environmental Science & Technology, 55(3), 1811-1821. https://doi.org/10.1021/acs.est.0c08248","Supporting Information Table S3 (surface sediments, late blooming season)",PDF-TANG-2021,"2021 Jinpeng Tang Supporting Information  Impact of Phytoplankton Blooms on Concentrations of Antibiotics in Sediment and Snails in a Subtropical River, China .pdf"
sediment,Guangdong,"Pearl River, site Z11",Sulfacetamide,sulfonamides,20,NA,ng/g (dw),2015,autumn,"Tang, J., Fang, J., Tam, N. F., Yang, Y., Dai, Y., Zhang, J., & Shi, Y. (2021). Impact of Phytoplankton Blooms on Concentrations of Antibiotics in Sediment and Snails in a Subtropical River, China. Environmental Science & Technology, 55(3), 1811-1821. https://doi.org/10.1021/acs.est.0c08248","Supporting Information Table S3 (surface sediments, late blooming season)",PDF-TANG-2021,"2021 Jinpeng Tang Supporting Information  Impact of Phytoplankton Blooms on Concentrations of Antibiotics in Sediment and Snails in a Subtropical River, China .pdf"
sediment,Guangdong,"Pearl River, site Z1",Sulfadiazine,sulfonamides,12.6,NA,ng/g (dw),2015,autumn,"Tang, J., Fang, J., Tam, N. F., Yang, Y., Dai, Y., Zhang, J., & Shi, Y. (2021). Impact of Phytoplankton Blooms on Concentrations of Antibiotics in Sediment and Snails in a Subtropical River, China. Environmental Science & Technology, 55(3), 1811-1821. https://doi.org/10.1021/acs.est.0c08248","Supporting Information Table S3 (surface sediments, late blooming season)",PDF-TANG-2021,"2021 Jinpeng Tang Supporting Information  Impact of Phytoplankton Blooms on Concentrations of Antibiotics in Sediment and Snails in a Subtropical River, China .pdf"
sediment,Guangdong,"Pearl River, site Z2",Sulfadiazine,sulfonamides,62.2,NA,ng/g (dw),2015,autumn,"Tang, J., Fang, J., Tam, N. F., Yang, Y., Dai, Y., Zhang, J., & Shi, Y. (2021). Impact of Phytoplankton Blooms on Concentrations of Antibiotics in Sediment and Snails in a Subtropical River, China. Environmental Science & Technology, 55(3), 1811-1821. https://doi.org/10.1021/acs.est.0c08248","Supporting Information Table S3 (surface sediments, late blooming season)",PDF-TANG-2021,"2021 Jinpeng Tang Supporting Information  Impact of Phytoplankton Blooms on Concentrations of Antibiotics in Sediment and Snails in a Subtropical River, China .pdf"
sediment,Guangdong,"Pearl River, site Z3",Sulfadiazine,sulfonamides,35.4,NA,ng/g (dw),2015,autumn,"Tang, J., Fang, J., Tam, N. F., Yang, Y., Dai, Y., Zhang, J., & Shi, Y. (2021). Impact of Phytoplankton Blooms on Concentrations of Antibiotics in Sediment and Snails in a Subtropical River, China. Environmental Science & Technology, 55(3), 1811-1821. https://doi.org/10.1021/acs.est.0c08248","Supporting Information Table S3 (surface sediments, late blooming season)",PDF-TANG-2021,"2021 Jinpeng Tang Supporting Information  Impact of Phytoplankton Blooms on Concentrations of Antibiotics in Sediment and Snails in a Subtropical River, China .pdf"
sediment,Guangdong,"Pearl River, site Z4",Sulfadiazine,sulfonamides,38.1,NA,ng/g (dw),2015,autumn,"Tang, J., Fang, J., Tam, N. F., Yang, Y., Dai, Y., Zhang, J., & Shi, Y. (2021). Impact of Phytoplankton Blooms on Concentrations of Antibiotics in Sediment and Snails in a Subtropical River, China. Environmental Science & Technology, 55(3), 1811-1821. https://doi.org/10.1021/acs.est.0c08248","Supporting Information Table S3 (surface sediments, late blooming season)",PDF-TANG-2021,"2021 Jinpeng Tang Supporting Information  Impact of Phytoplankton Blooms on Concentrations of Antibiotics in Sediment and Snails in a Subtropical River, China .pdf"
sediment,Guangdong,"Pearl River, site Z5",Sulfadiazine,sulfonamides,34.9,NA,ng/g (dw),2015,autumn,"Tang, J., Fang, J., Tam, N. F., Yang, Y., Dai, Y., Zhang, J., & Shi, Y. (2021). Impact of Phytoplankton Blooms on Concentrations of Antibiotics in Sediment and Snails in a Subtropical River, China. Environmental Science & Technology, 55(3), 1811-1821. https://doi.org/10.1021/acs.est.0c08248","Supporting Information Table S3 (surface sediments, late blooming season)",PDF-TANG-2021,"2021 Jinpeng Tang Supporting Information  Impact of Phytoplankton Blooms on Concentrations of Antibiotics in Sediment and Snails in a Subtropical River, China .pdf"
sediment,Guangdong,"Pearl River, site Z6",Sulfadiazine,sulfonamides,15.5,NA,ng/g (dw),2015,autumn,"Tang, J., Fang, J., Tam, N. F., Yang, Y., Dai, Y., Zhang, J., & Shi, Y. (2021). Impact of Phytoplankton Blooms on Concentrations of Antibiotics in Sediment and Snails in a Subtropical River, China. Environmental Science & Technology, 55(3), 1811-1821. https://doi.org/10.1021/acs.est.0c08248","Supporting Information Table S3 (surface sediments, late blooming season)",PDF-TANG-2021,"2021 Jinpeng Tang Supporting Information  Impact of Phytoplankton Blooms on Concentrations of Antibiotics in Sediment and Snails in a Subtropical River, China .pdf"
sediment,Guangdong,"Pearl River, site Z7",Sulfadiazine,sulfonamides,5.8,NA,ng/g (dw),2015,autumn,"Tang, J., Fang, J., Tam, N. F., Yang, Y., Dai, Y., Zhang, J., & Shi, Y. (2021). Impact of Phytoplankton Blooms on Concentrations of Antibiotics in Sediment and Snails in a Subtropical River, China. Environmental Science & Technology, 55(3), 1811-1821. https://doi.org/10.1021/acs.est.0c08248","Supporting Information Table S3 (surface sediments, late blooming season)",PDF-TANG-2021,"2021 Jinpeng Tang Supporting Information  Impact of Phytoplankton Blooms on Concentrations of Antibiotics in Sediment and Snails in a Subtropical River, China .pdf"
sediment,Guangdong,"Pearl River, site Z8",Sulfadiazine,sulfonamides,16.2,NA,ng/g (dw),2015,autumn,"Tang, J., Fang, J., Tam, N. F., Yang, Y., Dai, Y., Zhang, J., & Shi, Y. (2021). Impact of Phytoplankton Blooms on Concentrations of Antibiotics in Sediment and Snails in a Subtropical River, China. Environmental Science & Technology, 55(3), 1811-1821. https://doi.org/10.1021/acs.est.0c08248","Supporting Information Table S3 (surface sediments, late blooming season)",PDF-TANG-2021,"2021 Jinpeng Tang Supporting Information  Impact of Phytoplankton Blooms on Concentrations of Antibiotics in Sediment and Snails in a Subtropical River, China .pdf"
sediment,Guangdong,"Pearl River, site Z9",Sulfadiazine,sulfonamides,21.1,NA,ng/g (dw),2015,autumn,"Tang, J., Fang, J., Tam, N. F., Yang, Y., Dai, Y., Zhang, J., & Shi, Y. (2021). Impact of Phytoplankton Blooms on Concentrations of Antibiotics in Sediment and Snails in a Subtropical River, China. Environmental Science & Technology, 55(3), 1811-1821. https://doi.org/10.1021/acs.est.0c08248","Supporting Information Table S3 (surface sediments, late blooming season)",PDF-TANG-2021,"2021 Jinpeng Tang Supporting Information  Impact of Phytoplankton Blooms on Concentrations of Antibiotics in Sediment and Snails in a Subtropical River, China .pdf"
sediment,Guangdong,"Pearl River, site Z10",Sulfadiazine,sulfonamides,16.2,NA,ng/g (dw),2015,autumn,"Tang, J., Fang, J., Tam, N. F., Yang, Y., Dai, Y., Zhang, J., & Shi, Y. (2021). Impact of Phytoplankton Blooms on Concentrations of Antibiotics in Sediment and Snails in a Subtropical River, China. Environmental Science & Technology, 55(3), 1811-1821. https://doi.org/10.1021/acs.est.0c08248","Supporting Information Table S3 (surface sediments, late blooming season)",PDF-TANG-2021,"2021 Jinpeng Tang Supporting Information  Impact of Phytoplankton Blooms on Concentrations of Antibiotics in Sediment and Snails in a Subtropical River, China .pdf"
sediment,Guangdong,"Pearl River, site Z11",Sulfadiazine,sulfonamides,14.2,NA,ng/g (dw),2015,autumn,"Tang, J., Fang, J., Tam, N. F., Yang, Y., Dai, Y., Zhang, J., & Shi, Y. (2021). Impact of Phytoplankton Blooms on Concentrations of Antibiotics in Sediment and Snails in a Subtropical River, China. Environmental Science & Technology, 55(3), 1811-1821. https://doi.org/10.1021/acs.est.0c08248","Supporting Information Table S3 (surface sediments, late blooming season)",PDF-TANG-2021,"2021 Jinpeng Tang Supporting Information  Impact of Phytoplankton Blooms on Concentrations of Antibiotics in Sediment and Snails in a Subtropical River, China .pdf"
sediment,Guangdong,"Pearl River, site Z1",Sulfamethazine,sulfonamides,793.3,NA,ng/g (dw),2015,autumn,"Tang, J., Fang, J., Tam, N. F., Yang, Y., Dai, Y., Zhang, J., & Shi, Y. (2021). Impact of Phytoplankton Blooms on Concentrations of Antibiotics in Sediment and Snails in a Subtropical River, China. Environmental Science & Technology, 55(3), 1811-1821. https://doi.org/10.1021/acs.est.0c08248","Supporting Information Table S3 (surface sediments, late blooming season)",PDF-TANG-2021,"2021 Jinpeng Tang Supporting Information  Impact of Phytoplankton Blooms on Concentrations of Antibiotics in Sediment and Snails in a Subtropical River, China .pdf"
sediment,Guangdong,"Pearl River, site Z2",Sulfamethazine,sulfonamides,295.1,NA,ng/g (dw),2015,autumn,"Tang, J., Fang, J., Tam, N. F., Yang, Y., Dai, Y., Zhang, J., & Shi, Y. (2021). Impact of Phytoplankton Blooms on Concentrations of Antibiotics in Sediment and Snails in a Subtropical River, China. Environmental Science & Technology, 55(3), 1811-1821. https://doi.org/10.1021/acs.est.0c08248","Supporting Information Table S3 (surface sediments, late blooming season)",PDF-TANG-2021,"2021 Jinpeng Tang Supporting Information  Impact of Phytoplankton Blooms on Concentrations of Antibiotics in Sediment and Snails in a Subtropical River, China .pdf"
sediment,Guangdong,"Pearl River, site Z3",Sulfamethazine,sulfonamides,302.3,NA,ng/g (dw),2015,autumn,"Tang, J., Fang, J., Tam, N. F., Yang, Y., Dai, Y., Zhang, J., & Shi, Y. (2021). Impact of Phytoplankton Blooms on Concentrations of Antibiotics in Sediment and Snails in a Subtropical River, China. Environmental Science & Technology, 55(3), 1811-1821. https://doi.org/10.1021/acs.est.0c08248","Supporting Information Table S3 (surface sediments, late blooming season)",PDF-TANG-2021,"2021 Jinpeng Tang Supporting Information  Impact of Phytoplankton Blooms on Concentrations of Antibiotics in Sediment and Snails in a Subtropical River, China .pdf"
sediment,Guangdong,"Pearl River, site Z4",Sulfamethazine,sulfonamides,216.4,NA,ng/g (dw),2015,autumn,"Tang, J., Fang, J., Tam, N. F., Yang, Y., Dai, Y., Zhang, J., & Shi, Y. (2021). Impact of Phytoplankton Blooms on Concentrations of Antibiotics in Sediment and Snails in a Subtropical River, China. Environmental Science & Technology, 55(3), 1811-1821. https://doi.org/10.1021/acs.est.0c08248","Supporting Information Table S3 (surface sediments, late blooming season)",PDF-TANG-2021,"2021 Jinpeng Tang Supporting Information  Impact of Phytoplankton Blooms on Concentrations of Antibiotics in Sediment and Snails in a Subtropical River, China .pdf"
sediment,Guangdong,"Pearl River, site Z5",Sulfamethazine,sulfonamides,48.3,NA,ng/g (dw),2015,autumn,"Tang, J., Fang, J., Tam, N. F., Yang, Y., Dai, Y., Zhang, J., & Shi, Y. (2021). Impact of Phytoplankton Blooms on Concentrations of Antibiotics in Sediment and Snails in a Subtropical River, China. Environmental Science & Technology, 55(3), 1811-1821. https://doi.org/10.1021/acs.est.0c08248","Supporting Information Table S3 (surface sediments, late blooming season)",PDF-TANG-2021,"2021 Jinpeng Tang Supporting Information  Impact of Phytoplankton Blooms on Concentrations of Antibiotics in Sediment and Snails in a Subtropical River, China .pdf"
sediment,Guangdong,"Pearl River, site Z6",Sulfamethazine,sulfonamides,38.2,NA,ng/g (dw),2015,autumn,"Tang, J., Fang, J., Tam, N. F., Yang, Y., Dai, Y., Zhang, J., & Shi, Y. (2021). Impact of Phytoplankton Blooms on Concentrations of Antibiotics in Sediment and Snails in a Subtropical River, China. Environmental Science & Technology, 55(3), 1811-1821. https://doi.org/10.1021/acs.est.0c08248","Supporting Information Table S3 (surface sediments, late blooming season)",PDF-TANG-2021,"2021 Jinpeng Tang Supporting Information  Impact of Phytoplankton Blooms on Concentrations of Antibiotics in Sediment and Snails in a Subtropical River, China .pdf"
sediment,Guangdong,"Pearl River, site Z7",Sulfamethazine,sulfonamides,78.4,NA,ng/g (dw),2015,autumn,"Tang, J., Fang, J., Tam, N. F., Yang, Y., Dai, Y., Zhang, J., & Shi, Y. (2021). Impact of Phytoplankton Blooms on Concentrations of Antibiotics in Sediment and Snails in a Subtropical River, China. Environmental Science & Technology, 55(3), 1811-1821. https://doi.org/10.1021/acs.est.0c08248","Supporting Information Table S3 (surface sediments, late blooming season)",PDF-TANG-2021,"2021 Jinpeng Tang Supporting Information  Impact of Phytoplankton Blooms on Concentrations of Antibiotics in Sediment and Snails in a Subtropical River, China .pdf"
sediment,Guangdong,"Pearl River, site Z8",Sulfamethazine,sulfonamides,46.4,NA,ng/g (dw),2015,autumn,"Tang, J., Fang, J., Tam, N. F., Yang, Y., Dai, Y., Zhang, J., & Shi, Y. (2021). Impact of Phytoplankton Blooms on Concentrations of Antibiotics in Sediment and Snails in a Subtropical River, China. Environmental Science & Technology, 55(3), 1811-1821. https://doi.org/10.1021/acs.est.0c08248","Supporting Information Table S3 (surface sediments, late blooming season)",PDF-TANG-2021,"2021 Jinpeng Tang Supporting Information  Impact of Phytoplankton Blooms on Concentrations of Antibiotics in Sediment and Snails in a Subtropical River, China .pdf"
sediment,Guangdong,"Pearl River, site Z9",Sulfamethazine,sulfonamides,43,NA,ng/g (dw),2015,autumn,"Tang, J., Fang, J., Tam, N. F., Yang, Y., Dai, Y., Zhang, J., & Shi, Y. (2021). Impact of Phytoplankton Blooms on Concentrations of Antibiotics in Sediment and Snails in a Subtropical River, China. Environmental Science & Technology, 55(3), 1811-1821. https://doi.org/10.1021/acs.est.0c08248","Supporting Information Table S3 (surface sediments, late blooming season)",PDF-TANG-2021,"2021 Jinpeng Tang Supporting Information  Impact of Phytoplankton Blooms on Concentrations of Antibiotics in Sediment and Snails in a Subtropical River, China .pdf"
sediment,Guangdong,"Pearl River, site Z10",Sulfamethazine,sulfonamides,77.8,NA,ng/g (dw),2015,autumn,"Tang, J., Fang, J., Tam, N. F., Yang, Y., Dai, Y., Zhang, J., & Shi, Y. (2021). Impact of Phytoplankton Blooms on Concentrations of Antibiotics in Sediment and Snails in a Subtropical River, China. Environmental Science & Technology, 55(3), 1811-1821. https://doi.org/10.1021/acs.est.0c08248","Supporting Information Table S3 (surface sediments, late blooming season)",PDF-TANG-2021,"2021 Jinpeng Tang Supporting Information  Impact of Phytoplankton Blooms on Concentrations of Antibiotics in Sediment and Snails in a Subtropical River, China .pdf"
sediment,Guangdong,"Pearl River, site Z11",Sulfamethazine,sulfonamides,52.1,NA,ng/g (dw),2015,autumn,"Tang, J., Fang, J., Tam, N. F., Yang, Y., Dai, Y., Zhang, J., & Shi, Y. (2021). Impact of Phytoplankton Blooms on Concentrations of Antibiotics in Sediment and Snails in a Subtropical River, China. Environmental Science & Technology, 55(3), 1811-1821. https://doi.org/10.1021/acs.est.0c08248","Supporting Information Table S3 (surface sediments, late blooming season)",PDF-TANG-2021,"2021 Jinpeng Tang Supporting Information  Impact of Phytoplankton Blooms on Concentrations of Antibiotics in Sediment and Snails in a Subtropical River, China .pdf"
sediment,Guangdong,"Pearl River, site Z1",Sulfamethoxazole,sulfonamides,165.6,NA,ng/g (dw),2015,autumn,"Tang, J., Fang, J., Tam, N. F., Yang, Y., Dai, Y., Zhang, J., & Shi, Y. (2021). Impact of Phytoplankton Blooms on Concentrations of Antibiotics in Sediment and Snails in a Subtropical River, China. Environmental Science & Technology, 55(3), 1811-1821. https://doi.org/10.1021/acs.est.0c08248","Supporting Information Table S3 (surface sediments, late blooming season)",PDF-TANG-2021,"2021 Jinpeng Tang Supporting Information  Impact of Phytoplankton Blooms on Concentrations of Antibiotics in Sediment and Snails in a Subtropical River, China .pdf"
sediment,Guangdong,"Pearl River, site Z2",Sulfamethoxazole,sulfonamides,76.8,NA,ng/g (dw),2015,autumn,"Tang, J., Fang, J., Tam, N. F., Yang, Y., Dai, Y., Zhang, J., & Shi, Y. (2021). Impact of Phytoplankton Blooms on Concentrations of Antibiotics in Sediment and Snails in a Subtropical River, China. Environmental Science & Technology, 55(3), 1811-1821. https://doi.org/10.1021/acs.est.0c08248","Supporting Information Table S3 (surface sediments, late blooming season)",PDF-TANG-2021,"2021 Jinpeng Tang Supporting Information  Impact of Phytoplankton Blooms on Concentrations of Antibiotics in Sediment and Snails in a Subtropical River, China .pdf"
sediment,Guangdong,"Pearl River, site Z3",Sulfamethoxazole,sulfonamides,153.6,NA,ng/g (dw),2015,autumn,"Tang, J., Fang, J., Tam, N. F., Yang, Y., Dai, Y., Zhang, J., & Shi, Y. (2021). Impact of Phytoplankton Blooms on Concentrations of Antibiotics in Sediment and Snails in a Subtropical River, China. Environmental Science & Technology, 55(3), 1811-1821. https://doi.org/10.1021/acs.est.0c08248","Supporting Information Table S3 (surface sediments, late blooming season)",PDF-TANG-2021,"2021 Jinpeng Tang Supporting Information  Impact of Phytoplankton Blooms on Concentrations of Antibiotics in Sediment and Snails in a Subtropical River, China .pdf"
sediment,Guangdong,"Pearl River, site Z4",Sulfamethoxazole,sulfonamides,191,NA,ng/g (dw),2015,autumn,"Tang, J., Fang, J., Tam, N. F., Yang, Y., Dai, Y., Zhang, J., & Shi, Y. (2021). Impact of Phytoplankton Blooms on Concentrations of Antibiotics in Sediment and Snails in a Subtropical River, China. Environmental Science & Technology, 55(3), 1811-1821. https://doi.org/10.1021/acs.est.0c08248","Supporting Information Table S3 (surface sediments, late blooming season)",PDF-TANG-2021,"2021 Jinpeng Tang Supporting Information  Impact of Phytoplankton Blooms on Concentrations of Antibiotics in Sediment and Snails in a Subtropical River, China .pdf"
sediment,Guangdong,"Pearl River, site Z5",Sulfamethoxazole,sulfonamides,32.9,NA,ng/g (dw),2015,autumn,"Tang, J., Fang, J., Tam, N. F., Yang, Y., Dai, Y., Zhang, J., & Shi, Y. (2021). Impact of Phytoplankton Blooms on Concentrations of Antibiotics in Sediment and Snails in a Subtropical River, China. Environmental Science & Technology, 55(3), 1811-1821. https://doi.org/10.1021/acs.est.0c08248","Supporting Information Table S3 (surface sediments, late blooming season)",PDF-TANG-2021,"2021 Jinpeng Tang Supporting Information  Impact of Phytoplankton Blooms on Concentrations of Antibiotics in Sediment and Snails in a Subtropical River, China .pdf"
sediment,Guangdong,"Pearl River, site Z6",Sulfamethoxazole,sulfonamides,26.4,NA,ng/g (dw),2015,autumn,"Tang, J., Fang, J., Tam, N. F., Yang, Y., Dai, Y., Zhang, J., & Shi, Y. (2021). Impact of Phytoplankton Blooms on Concentrations of Antibiotics in Sediment and Snails in a Subtropical River, China. Environmental Science & Technology, 55(3), 1811-1821. https://doi.org/10.1021/acs.est.0c08248","Supporting Information Table S3 (surface sediments, late blooming season)",PDF-TANG-2021,"2021 Jinpeng Tang Supporting Information  Impact of Phytoplankton Blooms on Concentrations of Antibiotics in Sediment and Snails in a Subtropical River, China .pdf"
sediment,Guangdong,"Pearl River, site Z7",Sulfamethoxazole,sulfonamides,6.3,NA,ng/g (dw),2015,autumn,"Tang, J., Fang, J., Tam, N. F., Yang, Y., Dai, Y., Zhang, J., & Shi, Y. (2021). Impact of Phytoplankton Blooms on Concentrations of Antibiotics in Sediment and Snails in a Subtropical River, China. Environmental Science & Technology, 55(3), 1811-1821. https://doi.org/10.1021/acs.est.0c08248","Supporting Information Table S3 (surface sediments, late blooming season)",PDF-TANG-2021,"2021 Jinpeng Tang Supporting Information  Impact of Phytoplankton Blooms on Concentrations of Antibiotics in Sediment and Snails in a Subtropical River, China .pdf"
sediment,Guangdong,"Pearl River, site Z8",Sulfamethoxazole,sulfonamides,26.2,NA,ng/g (dw),2015,autumn,"Tang, J., Fang, J., Tam, N. F., Yang, Y., Dai, Y., Zhang, J., & Shi, Y. (2021). Impact of Phytoplankton Blooms on Concentrations of Antibiotics in Sediment and Snails in a Subtropical River, China. Environmental Science & Technology, 55(3), 1811-1821. https://doi.org/10.1021/acs.est.0c08248","Supporting Information Table S3 (surface sediments, late blooming season)",PDF-TANG-2021,"2021 Jinpeng Tang Supporting Information  Impact of Phytoplankton Blooms on Concentrations of Antibiotics in Sediment and Snails in a Subtropical River, China .pdf"
sediment,Guangdong,"Pearl River, site Z9",Sulfamethoxazole,sulfonamides,32.6,NA,ng/g (dw),2015,autumn,"Tang, J., Fang, J., Tam, N. F., Yang, Y., Dai, Y., Zhang, J., & Shi, Y. (2021). Impact of Phytoplankton Blooms on Concentrations of Antibiotics in Sediment and Snails in a Subtropical River, China. Environmental Science & Technology, 55(3), 1811-1821. https://doi.org/10.1021/acs.est.0c08248","Supporting Information Table S3 (surface sediments, late blooming season)",PDF-TANG-2021,"2021 Jinpeng Tang Supporting Information  Impact of Phytoplankton Blooms on Concentrations of Antibiotics in Sediment and Snails in a Subtropical River, China .pdf"
sediment,Guangdong,"Pearl River, site Z10",Sulfamethoxazole,sulfonamides,27.1,NA,ng/g (dw),2015,autumn,"Tang, J., Fang, J., Tam, N. F., Yang, Y., Dai, Y., Zhang, J., & Shi, Y. (2021). Impact of Phytoplankton Blooms on Concentrations of Antibiotics in Sediment and Snails in a Subtropical River, China. Environmental Science & Technology, 55(3), 1811-1821. https://doi.org/10.1021/acs.est.0c08248","Supporting Information Table S3 (surface sediments, late blooming season)",PDF-TANG-2021,"2021 Jinpeng Tang Supporting Information  Impact of Phytoplankton Blooms on Concentrations of Antibiotics in Sediment and Snails in a Subtropical River, China .pdf"
sediment,Guangdong,"Pearl River, site Z11",Sulfamethoxazole,sulfonamides,23.9,NA,ng/g (dw),2015,autumn,"Tang, J., Fang, J., Tam, N. F., Yang, Y., Dai, Y., Zhang, J., & Shi, Y. (2021). Impact of Phytoplankton Blooms on Concentrations of Antibiotics in Sediment and Snails in a Subtropical River, China. Environmental Science & Technology, 55(3), 1811-1821. https://doi.org/10.1021/acs.est.0c08248","Supporting Information Table S3 (surface sediments, late blooming season)",PDF-TANG-2021,"2021 Jinpeng Tang Supporting Information  Impact of Phytoplankton Blooms on Concentrations of Antibiotics in Sediment and Snails in a Subtropical River, China .pdf"
sediment,Guangdong,"Pearl River, site Z1",Sulfapyridine,sulfonamides,76.9,NA,ng/g (dw),2015,autumn,"Tang, J., Fang, J., Tam, N. F., Yang, Y., Dai, Y., Zhang, J., & Shi, Y. (2021). Impact of Phytoplankton Blooms on Concentrations of Antibiotics in Sediment and Snails in a Subtropical River, China. Environmental Science & Technology, 55(3), 1811-1821. https://doi.org/10.1021/acs.est.0c08248","Supporting Information Table S3 (surface sediments, late blooming season)",PDF-TANG-2021,"2021 Jinpeng Tang Supporting Information  Impact of Phytoplankton Blooms on Concentrations of Antibiotics in Sediment and Snails in a Subtropical River, China .pdf"
sediment,Guangdong,"Pearl River, site Z2",Sulfapyridine,sulfonamides,160.4,NA,ng/g (dw),2015,autumn,"Tang, J., Fang, J., Tam, N. F., Yang, Y., Dai, Y., Zhang, J., & Shi, Y. (2021). Impact of Phytoplankton Blooms on Concentrations of Antibiotics in Sediment and Snails in a Subtropical River, China. Environmental Science & Technology, 55(3), 1811-1821. https://doi.org/10.1021/acs.est.0c08248","Supporting Information Table S3 (surface sediments, late blooming season)",PDF-TANG-2021,"2021 Jinpeng Tang Supporting Information  Impact of Phytoplankton Blooms on Concentrations of Antibiotics in Sediment and Snails in a Subtropical River, China .pdf"
sediment,Guangdong,"Pearl River, site Z3",Sulfapyridine,sulfonamides,112.4,NA,ng/g (dw),2015,autumn,"Tang, J., Fang, J., Tam, N. F., Yang, Y., Dai, Y., Zhang, J., & Shi, Y. (2021). Impact of Phytoplankton Blooms on Concentrations of Antibiotics in Sediment and Snails in a Subtropical River, China. Environmental Science & Technology, 55(3), 1811-1821. https://doi.org/10.1021/acs.est.0c08248","Supporting Information Table S3 (surface sediments, late blooming season)",PDF-TANG-2021,"2021 Jinpeng Tang Supporting Information  Impact of Phytoplankton Blooms on Concentrations of Antibiotics in Sediment and Snails in a Subtropical River, China .pdf"
sediment,Guangdong,"Pearl River, site Z4",Sulfapyridine,sulfonamides,95.5,NA,ng/g (dw),2015,autumn,"Tang, J., Fang, J., Tam, N. F., Yang, Y., Dai, Y., Zhang, J., & Shi, Y. (2021). Impact of Phytoplankton Blooms on Concentrations of Antibiotics in Sediment and Snails in a Subtropical River, China. Environmental Science & Technology, 55(3), 1811-1821. https://doi.org/10.1021/acs.est.0c08248","Supporting Information Table S3 (surface sediments, late blooming season)",PDF-TANG-2021,"2021 Jinpeng Tang Supporting Information  Impact of Phytoplankton Blooms on Concentrations of Antibiotics in Sediment and Snails in a Subtropical River, China .pdf"
sediment,Guangdong,"Pearl River, site Z5",Sulfapyridine,sulfonamides,36,NA,ng/g (dw),2015,autumn,"Tang, J., Fang, J., Tam, N. F., Yang, Y., Dai, Y., Zhang, J., & Shi, Y. (2021). Impact of Phytoplankton Blooms on Concentrations of Antibiotics in Sediment and Snails in a Subtropical River, China. Environmental Science & Technology, 55(3), 1811-1821. https://doi.org/10.1021/acs.est.0c08248","Supporting Information Table S3 (surface sediments, late blooming season)",PDF-TANG-2021,"2021 Jinpeng Tang Supporting Information  Impact of Phytoplankton Blooms on Concentrations of Antibiotics in Sediment and Snails in a Subtropical River, China .pdf"
sediment,Guangdong,"Pearl River, site Z6",Sulfapyridine,sulfonamides,25.8,NA,ng/g (dw),2015,autumn,"Tang, J., Fang, J., Tam, N. F., Yang, Y., Dai, Y., Zhang, J., & Shi, Y. (2021). Impact of Phytoplankton Blooms on Concentrations of Antibiotics in Sediment and Snails in a Subtropical River, China. Environmental Science & Technology, 55(3), 1811-1821. https://doi.org/10.1021/acs.est.0c08248","Supporting Information Table S3 (surface sediments, late blooming season)",PDF-TANG-2021,"2021 Jinpeng Tang Supporting Information  Impact of Phytoplankton Blooms on Concentrations of Antibiotics in Sediment and Snails in a Subtropical River, China .pdf"
sediment,Guangdong,"Pearl River, site Z7",Sulfapyridine,sulfonamides,10.8,NA,ng/g (dw),2015,autumn,"Tang, J., Fang, J., Tam, N. F., Yang, Y., Dai, Y., Zhang, J., & Shi, Y. (2021). Impact of Phytoplankton Blooms on Concentrations of Antibiotics in Sediment and Snails in a Subtropical River, China. Environmental Science & Technology, 55(3), 1811-1821. https://doi.org/10.1021/acs.est.0c08248","Supporting Information Table S3 (surface sediments, late blooming season)",PDF-TANG-2021,"2021 Jinpeng Tang Supporting Information  Impact of Phytoplankton Blooms on Concentrations of Antibiotics in Sediment and Snails in a Subtropical River, China .pdf"
sediment,Guangdong,"Pearl River, site Z8",Sulfapyridine,sulfonamides,18.4,NA,ng/g (dw),2015,autumn,"Tang, J., Fang, J., Tam, N. F., Yang, Y., Dai, Y., Zhang, J., & Shi, Y. (2021). Impact of Phytoplankton Blooms on Concentrations of Antibiotics in Sediment and Snails in a Subtropical River, China. Environmental Science & Technology, 55(3), 1811-1821. https://doi.org/10.1021/acs.est.0c08248","Supporting Information Table S3 (surface sediments, late blooming season)",PDF-TANG-2021,"2021 Jinpeng Tang Supporting Information  Impact of Phytoplankton Blooms on Concentrations of Antibiotics in Sediment and Snails in a Subtropical River, China .pdf"
sediment,Guangdong,"Pearl River, site Z9",Sulfapyridine,sulfonamides,22.5,NA,ng/g (dw),2015,autumn,"Tang, J., Fang, J., Tam, N. F., Yang, Y., Dai, Y., Zhang, J., & Shi, Y. (2021). Impact of Phytoplankton Blooms on Concentrations of Antibiotics in Sediment and Snails in a Subtropical River, China. Environmental Science & Technology, 55(3), 1811-1821. https://doi.org/10.1021/acs.est.0c08248","Supporting Information Table S3 (surface sediments, late blooming season)",PDF-TANG-2021,"2021 Jinpeng Tang Supporting Information  Impact of Phytoplankton Blooms on Concentrations of Antibiotics in Sediment and Snails in a Subtropical River, China .pdf"
sediment,Guangdong,"Pearl River, site Z10",Sulfapyridine,sulfonamides,23.5,NA,ng/g (dw),2015,autumn,"Tang, J., Fang, J., Tam, N. F., Yang, Y., Dai, Y., Zhang, J., & Shi, Y. (2021). Impact of Phytoplankton Blooms on Concentrations of Antibiotics in Sediment and Snails in a Subtropical River, China. Environmental Science & Technology, 55(3), 1811-1821. https://doi.org/10.1021/acs.est.0c08248","Supporting Information Table S3 (surface sediments, late blooming season)",PDF-TANG-2021,"2021 Jinpeng Tang Supporting Information  Impact of Phytoplankton Blooms on Concentrations of Antibiotics in Sediment and Snails in a Subtropical River, China .pdf"
sediment,Guangdong,"Pearl River, site Z11",Sulfapyridine,sulfonamides,25.5,NA,ng/g (dw),2015,autumn,"Tang, J., Fang, J., Tam, N. F., Yang, Y., Dai, Y., Zhang, J., & Shi, Y. (2021). Impact of Phytoplankton Blooms on Concentrations of Antibiotics in Sediment and Snails in a Subtropical River, China. Environmental Science & Technology, 55(3), 1811-1821. https://doi.org/10.1021/acs.est.0c08248","Supporting Information Table S3 (surface sediments, late blooming season)",PDF-TANG-2021,"2021 Jinpeng Tang Supporting Information  Impact of Phytoplankton Blooms on Concentrations of Antibiotics in Sediment and Snails in a Subtropical River, China .pdf"
sediment,Guangdong,"Pearl River, site Z1",Tetracycline,tetracyclines,6.8,NA,ng/g (dw),2015,autumn,"Tang, J., Fang, J., Tam, N. F., Yang, Y., Dai, Y., Zhang, J., & Shi, Y. (2021). Impact of Phytoplankton Blooms on Concentrations of Antibiotics in Sediment and Snails in a Subtropical River, China. Environmental Science & Technology, 55(3), 1811-1821. https://doi.org/10.1021/acs.est.0c08248","Supporting Information Table S4 (surface sediments, late blooming season)",PDF-TANG-2021,"2021 Jinpeng Tang Supporting Information  Impact of Phytoplankton Blooms on Concentrations of Antibiotics in Sediment and Snails in a Subtropical River, China .pdf"
sediment,Guangdong,"Pearl River, site Z2",Tetracycline,tetracyclines,12,NA,ng/g (dw),2015,autumn,"Tang, J., Fang, J., Tam, N. F., Yang, Y., Dai, Y., Zhang, J., & Shi, Y. (2021). Impact of Phytoplankton Blooms on Concentrations of Antibiotics in Sediment and Snails in a Subtropical River, China. Environmental Science & Technology, 55(3), 1811-1821. https://doi.org/10.1021/acs.est.0c08248","Supporting Information Table S4 (surface sediments, late blooming season)",PDF-TANG-2021,"2021 Jinpeng Tang Supporting Information  Impact of Phytoplankton Blooms on Concentrations of Antibiotics in Sediment and Snails in a Subtropical River, China .pdf"
sediment,Guangdong,"Pearl River, site Z3",Tetracycline,tetracyclines,17.1,NA,ng/g (dw),2015,autumn,"Tang, J., Fang, J., Tam, N. F., Yang, Y., Dai, Y., Zhang, J., & Shi, Y. (2021). Impact of Phytoplankton Blooms on Concentrations of Antibiotics in Sediment and Snails in a Subtropical River, China. Environmental Science & Technology, 55(3), 1811-1821. https://doi.org/10.1021/acs.est.0c08248","Supporting Information Table S4 (surface sediments, late blooming season)",PDF-TANG-2021,"2021 Jinpeng Tang Supporting Information  Impact of Phytoplankton Blooms on Concentrations of Antibiotics in Sediment and Snails in a Subtropical River, China .pdf"
sediment,Guangdong,"Pearl River, site Z4",Tetracycline,tetracyclines,14.4,NA,ng/g (dw),2015,autumn,"Tang, J., Fang, J., Tam, N. F., Yang, Y., Dai, Y., Zhang, J., & Shi, Y. (2021). Impact of Phytoplankton Blooms on Concentrations of Antibiotics in Sediment and Snails in a Subtropical River, China. Environmental Science & Technology, 55(3), 1811-1821. https://doi.org/10.1021/acs.est.0c08248","Supporting Information Table S4 (surface sediments, late blooming season)",PDF-TANG-2021,"2021 Jinpeng Tang Supporting Information  Impact of Phytoplankton Blooms on Concentrations of Antibiotics in Sediment and Snails in a Subtropical River, China .pdf"
sediment,Guangdong,"Pearl River, site Z5",Tetracycline,tetracyclines,62.6,NA,ng/g (dw),2015,autumn,"Tang, J., Fang, J., Tam, N. F., Yang, Y., Dai, Y., Zhang, J., & Shi, Y. (2021). Impact of Phytoplankton Blooms on Concentrations of Antibiotics in Sediment and Snails in a Subtropical River, China. Environmental Science & Technology, 55(3), 1811-1821. https://doi.org/10.1021/acs.est.0c08248","Supporting Information Table S4 (surface sediments, late blooming season)",PDF-TANG-2021,"2021 Jinpeng Tang Supporting Information  Impact of Phytoplankton Blooms on Concentrations of Antibiotics in Sediment and Snails in a Subtropical River, China .pdf"
sediment,Guangdong,"Pearl River, site Z6",Tetracycline,tetracyclines,19.9,NA,ng/g (dw),2015,autumn,"Tang, J., Fang, J., Tam, N. F., Yang, Y., Dai, Y., Zhang, J., & Shi, Y. (2021). Impact of Phytoplankton Blooms on Concentrations of Antibiotics in Sediment and Snails in a Subtropical River, China. Environmental Science & Technology, 55(3), 1811-1821. https://doi.org/10.1021/acs.est.0c08248","Supporting Information Table S4 (surface sediments, late blooming season)",PDF-TANG-2021,"2021 Jinpeng Tang Supporting Information  Impact of Phytoplankton Blooms on Concentrations of Antibiotics in Sediment and Snails in a Subtropical River, China .pdf"
sediment,Guangdong,"Pearl River, site Z7",Tetracycline,tetracyclines,100.5,NA,ng/g (dw),2015,autumn,"Tang, J., Fang, J., Tam, N. F., Yang, Y., Dai, Y., Zhang, J., & Shi, Y. (2021). Impact of Phytoplankton Blooms on Concentrations of Antibiotics in Sediment and Snails in a Subtropical River, China. Environmental Science & Technology, 55(3), 1811-1821. https://doi.org/10.1021/acs.est.0c08248","Supporting Information Table S4 (surface sediments, late blooming season)",PDF-TANG-2021,"2021 Jinpeng Tang Supporting Information  Impact of Phytoplankton Blooms on Concentrations of Antibiotics in Sediment and Snails in a Subtropical River, China .pdf"
sediment,Guangdong,"Pearl River, site Z8",Tetracycline,tetracyclines,66.9,NA,ng/g (dw),2015,autumn,"Tang, J., Fang, J., Tam, N. F., Yang, Y., Dai, Y., Zhang, J., & Shi, Y. (2021). Impact of Phytoplankton Blooms on Concentrations of Antibiotics in Sediment and Snails in a Subtropical River, China. Environmental Science & Technology, 55(3), 1811-1821. https://doi.org/10.1021/acs.est.0c08248","Supporting Information Table S4 (surface sediments, late blooming season)",PDF-TANG-2021,"2021 Jinpeng Tang Supporting Information  Impact of Phytoplankton Blooms on Concentrations of Antibiotics in Sediment and Snails in a Subtropical River, China .pdf"
sediment,Guangdong,"Pearl River, site Z9",Tetracycline,tetracyclines,10.9,NA,ng/g (dw),2015,autumn,"Tang, J., Fang, J., Tam, N. F., Yang, Y., Dai, Y., Zhang, J., & Shi, Y. (2021). Impact of Phytoplankton Blooms on Concentrations of Antibiotics in Sediment and Snails in a Subtropical River, China. Environmental Science & Technology, 55(3), 1811-1821. https://doi.org/10.1021/acs.est.0c08248","Supporting Information Table S4 (surface sediments, late blooming season)",PDF-TANG-2021,"2021 Jinpeng Tang Supporting Information  Impact of Phytoplankton Blooms on Concentrations of Antibiotics in Sediment and Snails in a Subtropical River, China .pdf"
sediment,Guangdong,"Pearl River, site Z10",Tetracycline,tetracyclines,3.3,NA,ng/g (dw),2015,autumn,"Tang, J., Fang, J., Tam, N. F., Yang, Y., Dai, Y., Zhang, J., & Shi, Y. (2021). Impact of Phytoplankton Blooms on Concentrations of Antibiotics in Sediment and Snails in a Subtropical River, China. Environmental Science & Technology, 55(3), 1811-1821. https://doi.org/10.1021/acs.est.0c08248","Supporting Information Table S4 (surface sediments, late blooming season)",PDF-TANG-2021,"2021 Jinpeng Tang Supporting Information  Impact of Phytoplankton Blooms on Concentrations of Antibiotics in Sediment and Snails in a Subtropical River, China .pdf"
sediment,Guangdong,"Pearl River, site Z11",Tetracycline,tetracyclines,14.9,NA,ng/g (dw),2015,autumn,"Tang, J., Fang, J., Tam, N. F., Yang, Y., Dai, Y., Zhang, J., & Shi, Y. (2021). Impact of Phytoplankton Blooms on Concentrations of Antibiotics in Sediment and Snails in a Subtropical River, China. Environmental Science & Technology, 55(3), 1811-1821. https://doi.org/10.1021/acs.est.0c08248","Supporting Information Table S4 (surface sediments, late blooming season)",PDF-TANG-2021,"2021 Jinpeng Tang Supporting Information  Impact of Phytoplankton Blooms on Concentrations of Antibiotics in Sediment and Snails in a Subtropical River, China .pdf"
sediment,Guangdong,"Pearl River, site Z1",Trimethoprim,sulfonamides,506.3,NA,ng/g (dw),2015,autumn,"Tang, J., Fang, J., Tam, N. F., Yang, Y., Dai, Y., Zhang, J., & Shi, Y. (2021). Impact of Phytoplankton Blooms on Concentrations of Antibiotics in Sediment and Snails in a Subtropical River, China. Environmental Science & Technology, 55(3), 1811-1821. https://doi.org/10.1021/acs.est.0c08248","Supporting Information Table S3 (surface sediments, late blooming season)",PDF-TANG-2021,"2021 Jinpeng Tang Supporting Information  Impact of Phytoplankton Blooms on Concentrations of Antibiotics in Sediment and Snails in a Subtropical River, China .pdf"
sediment,Guangdong,"Pearl River, site Z2",Trimethoprim,sulfonamides,121,NA,ng/g (dw),2015,autumn,"Tang, J., Fang, J., Tam, N. F., Yang, Y., Dai, Y., Zhang, J., & Shi, Y. (2021). Impact of Phytoplankton Blooms on Concentrations of Antibiotics in Sediment and Snails in a Subtropical River, China. Environmental Science & Technology, 55(3), 1811-1821. https://doi.org/10.1021/acs.est.0c08248","Supporting Information Table S3 (surface sediments, late blooming season)",PDF-TANG-2021,"2021 Jinpeng Tang Supporting Information  Impact of Phytoplankton Blooms on Concentrations of Antibiotics in Sediment and Snails in a Subtropical River, China .pdf"
sediment,Guangdong,"Pearl River, site Z3",Trimethoprim,sulfonamides,117.3,NA,ng/g (dw),2015,autumn,"Tang, J., Fang, J., Tam, N. F., Yang, Y., Dai, Y., Zhang, J., & Shi, Y. (2021). Impact of Phytoplankton Blooms on Concentrations of Antibiotics in Sediment and Snails in a Subtropical River, China. Environmental Science & Technology, 55(3), 1811-1821. https://doi.org/10.1021/acs.est.0c08248","Supporting Information Table S3 (surface sediments, late blooming season)",PDF-TANG-2021,"2021 Jinpeng Tang Supporting Information  Impact of Phytoplankton Blooms on Concentrations of Antibiotics in Sediment and Snails in a Subtropical River, China .pdf"
sediment,Guangdong,"Pearl River, site Z4",Trimethoprim,sulfonamides,70.9,NA,ng/g (dw),2015,autumn,"Tang, J., Fang, J., Tam, N. F., Yang, Y., Dai, Y., Zhang, J., & Shi, Y. (2021). Impact of Phytoplankton Blooms on Concentrations of Antibiotics in Sediment and Snails in a Subtropical River, China. Environmental Science & Technology, 55(3), 1811-1821. https://doi.org/10.1021/acs.est.0c08248","Supporting Information Table S3 (surface sediments, late blooming season)",PDF-TANG-2021,"2021 Jinpeng Tang Supporting Information  Impact of Phytoplankton Blooms on Concentrations of Antibiotics in Sediment and Snails in a Subtropical River, China .pdf"
sediment,Guangdong,"Pearl River, site Z5",Trimethoprim,sulfonamides,39.3,NA,ng/g (dw),2015,autumn,"Tang, J., Fang, J., Tam, N. F., Yang, Y., Dai, Y., Zhang, J., & Shi, Y. (2021). Impact of Phytoplankton Blooms on Concentrations of Antibiotics in Sediment and Snails in a Subtropical River, China. Environmental Science & Technology, 55(3), 1811-1821. https://doi.org/10.1021/acs.est.0c08248","Supporting Information Table S3 (surface sediments, late blooming season)",PDF-TANG-2021,"2021 Jinpeng Tang Supporting Information  Impact of Phytoplankton Blooms on Concentrations of Antibiotics in Sediment and Snails in a Subtropical River, China .pdf"
sediment,Guangdong,"Pearl River, site Z6",Trimethoprim,sulfonamides,24.7,NA,ng/g (dw),2015,autumn,"Tang, J., Fang, J., Tam, N. F., Yang, Y., Dai, Y., Zhang, J., & Shi, Y. (2021). Impact of Phytoplankton Blooms on Concentrations of Antibiotics in Sediment and Snails in a Subtropical River, China. Environmental Science & Technology, 55(3), 1811-1821. https://doi.org/10.1021/acs.est.0c08248","Supporting Information Table S3 (surface sediments, late blooming season)",PDF-TANG-2021,"2021 Jinpeng Tang Supporting Information  Impact of Phytoplankton Blooms on Concentrations of Antibiotics in Sediment and Snails in a Subtropical River, China .pdf"
sediment,Guangdong,"Pearl River, site Z7",Trimethoprim,sulfonamides,46,NA,ng/g (dw),2015,autumn,"Tang, J., Fang, J., Tam, N. F., Yang, Y., Dai, Y., Zhang, J., & Shi, Y. (2021). Impact of Phytoplankton Blooms on Concentrations of Antibiotics in Sediment and Snails in a Subtropical River, China. Environmental Science & Technology, 55(3), 1811-1821. https://doi.org/10.1021/acs.est.0c08248","Supporting Information Table S3 (surface sediments, late blooming season)",PDF-TANG-2021,"2021 Jinpeng Tang Supporting Information  Impact of Phytoplankton Blooms on Concentrations of Antibiotics in Sediment and Snails in a Subtropical River, China .pdf"
sediment,Guangdong,"Pearl River, site Z8",Trimethoprim,sulfonamides,43.2,NA,ng/g (dw),2015,autumn,"Tang, J., Fang, J., Tam, N. F., Yang, Y., Dai, Y., Zhang, J., & Shi, Y. (2021). Impact of Phytoplankton Blooms on Concentrations of Antibiotics in Sediment and Snails in a Subtropical River, China. Environmental Science & Technology, 55(3), 1811-1821. https://doi.org/10.1021/acs.est.0c08248","Supporting Information Table S3 (surface sediments, late blooming season)",PDF-TANG-2021,"2021 Jinpeng Tang Supporting Information  Impact of Phytoplankton Blooms on Concentrations of Antibiotics in Sediment and Snails in a Subtropical River, China .pdf"
sediment,Guangdong,"Pearl River, site Z9",Trimethoprim,sulfonamides,38.2,NA,ng/g (dw),2015,autumn,"Tang, J., Fang, J., Tam, N. F., Yang, Y., Dai, Y., Zhang, J., & Shi, Y. (2021). Impact of Phytoplankton Blooms on Concentrations of Antibiotics in Sediment and Snails in a Subtropical River, China. Environmental Science & Technology, 55(3), 1811-1821. https://doi.org/10.1021/acs.est.0c08248","Supporting Information Table S3 (surface sediments, late blooming season)",PDF-TANG-2021,"2021 Jinpeng Tang Supporting Information  Impact of Phytoplankton Blooms on Concentrations of Antibiotics in Sediment and Snails in a Subtropical River, China .pdf"
sediment,Guangdong,"Pearl River, site Z10",Trimethoprim,sulfonamides,31.8,NA,ng/g (dw),2015,autumn,"Tang, J., Fang, J., Tam, N. F., Yang, Y., Dai, Y., Zhang, J., & Shi, Y. (2021). Impact of Phytoplankton Blooms on Concentrations of Antibiotics in Sediment and Snails in a Subtropical River, China. Environmental Science & Technology, 55(3), 1811-1821. https://doi.org/10.1021/acs.est.0c08248","Supporting Information Table S3 (surface sediments, late blooming season)",PDF-TANG-2021,"2021 Jinpeng Tang Supporting Information  Impact of Phytoplankton Blooms on Concentrations of Antibiotics in Sediment and Snails in a Subtropical River, China .pdf"
sediment,Guangdong,"Pearl River, site Z11",Trimethoprim,sulfonamides,10.4,NA,ng/g (dw),2015,autumn,"Tang, J., Fang, J., Tam, N. F., Yang, Y., Dai, Y., Zhang, J., & Shi, Y. (2021). Impact of Phytoplankton Blooms on Concentrations of Antibiotics in Sediment and Snails in a Subtropical River, China. Environmental Science & Technology, 55(3), 1811-1821. https://doi.org/10.1021/acs.est.0c08248","Supporting Information Table S3 (surface sediments, late blooming season)",PDF-TANG-2021,"2021 Jinpeng Tang Supporting Information  Impact of Phytoplankton Blooms on Concentrations of Antibiotics in Sediment and Snails in a Subtropical River, China .pdf"
sediment,Guangdong,"Pearl River, site Z1",Ciprofloxacin,fluoroquinolones,380.8,NA,ng/g (dw),2016,autumn,"Tang, J., Fang, J., Tam, N. F., Yang, Y., Dai, Y., Zhang, J., & Shi, Y. (2021). Impact of Phytoplankton Blooms on Concentrations of Antibiotics in Sediment and Snails in a Subtropical River, China. Environmental Science & Technology, 55(3), 1811-1821. https://doi.org/10.1021/acs.est.0c08248","Supporting Information Table S4 (surface sediments, late blooming season)",PDF-TANG-2021,"2021 Jinpeng Tang Supporting Information  Impact of Phytoplankton Blooms on Concentrations of Antibiotics in Sediment and Snails in a Subtropical River, China .pdf"
sediment,Guangdong,"Pearl River, site Z2",Ciprofloxacin,fluoroquinolones,210.3,NA,ng/g (dw),2016,autumn,"Tang, J., Fang, J., Tam, N. F., Yang, Y., Dai, Y., Zhang, J., & Shi, Y. (2021). Impact of Phytoplankton Blooms on Concentrations of Antibiotics in Sediment and Snails in a Subtropical River, China. Environmental Science & Technology, 55(3), 1811-1821. https://doi.org/10.1021/acs.est.0c08248","Supporting Information Table S4 (surface sediments, late blooming season)",PDF-TANG-2021,"2021 Jinpeng Tang Supporting Information  Impact of Phytoplankton Blooms on Concentrations of Antibiotics in Sediment and Snails in a Subtropical River, China .pdf"
sediment,Guangdong,"Pearl River, site Z3",Ciprofloxacin,fluoroquinolones,100.6,NA,ng/g (dw),2016,autumn,"Tang, J., Fang, J., Tam, N. F., Yang, Y., Dai, Y., Zhang, J., & Shi, Y. (2021). Impact of Phytoplankton Blooms on Concentrations of Antibiotics in Sediment and Snails in a Subtropical River, China. Environmental Science & Technology, 55(3), 1811-1821. https://doi.org/10.1021/acs.est.0c08248","Supporting Information Table S4 (surface sediments, late blooming season)",PDF-TANG-2021,"2021 Jinpeng Tang Supporting Information  Impact of Phytoplankton Blooms on Concentrations of Antibiotics in Sediment and Snails in a Subtropical River, China .pdf"
sediment,Guangdong,"Pearl River, site Z4",Ciprofloxacin,fluoroquinolones,57,NA,ng/g (dw),2016,autumn,"Tang, J., Fang, J., Tam, N. F., Yang, Y., Dai, Y., Zhang, J., & Shi, Y. (2021). Impact of Phytoplankton Blooms on Concentrations of Antibiotics in Sediment and Snails in a Subtropical River, China. Environmental Science & Technology, 55(3), 1811-1821. https://doi.org/10.1021/acs.est.0c08248","Supporting Information Table S4 (surface sediments, late blooming season)",PDF-TANG-2021,"2021 Jinpeng Tang Supporting Information  Impact of Phytoplankton Blooms on Concentrations of Antibiotics in Sediment and Snails in a Subtropical River, China .pdf"
sediment,Guangdong,"Pearl River, site Z5",Ciprofloxacin,fluoroquinolones,21.2,NA,ng/g (dw),2016,autumn,"Tang, J., Fang, J., Tam, N. F., Yang, Y., Dai, Y., Zhang, J., & Shi, Y. (2021). Impact of Phytoplankton Blooms on Concentrations of Antibiotics in Sediment and Snails in a Subtropical River, China. Environmental Science & Technology, 55(3), 1811-1821. https://doi.org/10.1021/acs.est.0c08248","Supporting Information Table S4 (surface sediments, late blooming season)",PDF-TANG-2021,"2021 Jinpeng Tang Supporting Information  Impact of Phytoplankton Blooms on Concentrations of Antibiotics in Sediment and Snails in a Subtropical River, China .pdf"
sediment,Guangdong,"Pearl River, site Z6",Ciprofloxacin,fluoroquinolones,20.2,NA,ng/g (dw),2016,autumn,"Tang, J., Fang, J., Tam, N. F., Yang, Y., Dai, Y., Zhang, J., & Shi, Y. (2021). Impact of Phytoplankton Blooms on Concentrations of Antibiotics in Sediment and Snails in a Subtropical River, China. Environmental Science & Technology, 55(3), 1811-1821. https://doi.org/10.1021/acs.est.0c08248","Supporting Information Table S4 (surface sediments, late blooming season)",PDF-TANG-2021,"2021 Jinpeng Tang Supporting Information  Impact of Phytoplankton Blooms on Concentrations of Antibiotics in Sediment and Snails in a Subtropical River, China .pdf"
sediment,Guangdong,"Pearl River, site Z7",Ciprofloxacin,fluoroquinolones,24.3,NA,ng/g (dw),2016,autumn,"Tang, J., Fang, J., Tam, N. F., Yang, Y., Dai, Y., Zhang, J., & Shi, Y. (2021). Impact of Phytoplankton Blooms on Concentrations of Antibiotics in Sediment and Snails in a Subtropical River, China. Environmental Science & Technology, 55(3), 1811-1821. https://doi.org/10.1021/acs.est.0c08248","Supporting Information Table S4 (surface sediments, late blooming season)",PDF-TANG-2021,"2021 Jinpeng Tang Supporting Information  Impact of Phytoplankton Blooms on Concentrations of Antibiotics in Sediment and Snails in a Subtropical River, China .pdf"
sediment,Guangdong,"Pearl River, site Z8",Ciprofloxacin,fluoroquinolones,23.6,NA,ng/g (dw),2016,autumn,"Tang, J., Fang, J., Tam, N. F., Yang, Y., Dai, Y., Zhang, J., & Shi, Y. (2021). Impact of Phytoplankton Blooms on Concentrations of Antibiotics in Sediment and Snails in a Subtropical River, China. Environmental Science & Technology, 55(3), 1811-1821. https://doi.org/10.1021/acs.est.0c08248","Supporting Information Table S4 (surface sediments, late blooming season)",PDF-TANG-2021,"2021 Jinpeng Tang Supporting Information  Impact of Phytoplankton Blooms on Concentrations of Antibiotics in Sediment and Snails in a Subtropical River, China .pdf"
sediment,Guangdong,"Pearl River, site Z9",Ciprofloxacin,fluoroquinolones,7.4,NA,ng/g (dw),2016,autumn,"Tang, J., Fang, J., Tam, N. F., Yang, Y., Dai, Y., Zhang, J., & Shi, Y. (2021). Impact of Phytoplankton Blooms on Concentrations of Antibiotics in Sediment and Snails in a Subtropical River, China. Environmental Science & Technology, 55(3), 1811-1821. https://doi.org/10.1021/acs.est.0c08248","Supporting Information Table S4 (surface sediments, late blooming season)",PDF-TANG-2021,"2021 Jinpeng Tang Supporting Information  Impact of Phytoplankton Blooms on Concentrations of Antibiotics in Sediment and Snails in a Subtropical River, China .pdf"
sediment,Guangdong,"Pearl River, site Z10",Ciprofloxacin,fluoroquinolones,7.6,NA,ng/g (dw),2016,autumn,"Tang, J., Fang, J., Tam, N. F., Yang, Y., Dai, Y., Zhang, J., & Shi, Y. (2021). Impact of Phytoplankton Blooms on Concentrations of Antibiotics in Sediment and Snails in a Subtropical River, China. Environmental Science & Technology, 55(3), 1811-1821. https://doi.org/10.1021/acs.est.0c08248","Supporting Information Table S4 (surface sediments, late blooming season)",PDF-TANG-2021,"2021 Jinpeng Tang Supporting Information  Impact of Phytoplankton Blooms on Concentrations of Antibiotics in Sediment and Snails in a Subtropical River, China .pdf"
sediment,Guangdong,"Pearl River, site Z11",Ciprofloxacin,fluoroquinolones,7.3,NA,ng/g (dw),2016,autumn,"Tang, J., Fang, J., Tam, N. F., Yang, Y., Dai, Y., Zhang, J., & Shi, Y. (2021). Impact of Phytoplankton Blooms on Concentrations of Antibiotics in Sediment and Snails in a Subtropical River, China. Environmental Science & Technology, 55(3), 1811-1821. https://doi.org/10.1021/acs.est.0c08248","Supporting Information Table S4 (surface sediments, late blooming season)",PDF-TANG-2021,"2021 Jinpeng Tang Supporting Information  Impact of Phytoplankton Blooms on Concentrations of Antibiotics in Sediment and Snails in a Subtropical River, China .pdf"
sediment,Guangdong,"Pearl River, site Z1",Erythromycin,macrolides,350.4,NA,ng/g (dw),2016,autumn,"Tang, J., Fang, J., Tam, N. F., Yang, Y., Dai, Y., Zhang, J., & Shi, Y. (2021). Impact of Phytoplankton Blooms on Concentrations of Antibiotics in Sediment and Snails in a Subtropical River, China. Environmental Science & Technology, 55(3), 1811-1821. https://doi.org/10.1021/acs.est.0c08248","Supporting Information Table S4 (surface sediments, late blooming season)",PDF-TANG-2021,"2021 Jinpeng Tang Supporting Information  Impact of Phytoplankton Blooms on Concentrations of Antibiotics in Sediment and Snails in a Subtropical River, China .pdf"
sediment,Guangdong,"Pearl River, site Z2",Erythromycin,macrolides,128.6,NA,ng/g (dw),2016,autumn,"Tang, J., Fang, J., Tam, N. F., Yang, Y., Dai, Y., Zhang, J., & Shi, Y. (2021). Impact of Phytoplankton Blooms on Concentrations of Antibiotics in Sediment and Snails in a Subtropical River, China. Environmental Science & Technology, 55(3), 1811-1821. https://doi.org/10.1021/acs.est.0c08248","Supporting Information Table S4 (surface sediments, late blooming season)",PDF-TANG-2021,"2021 Jinpeng Tang Supporting Information  Impact of Phytoplankton Blooms on Concentrations of Antibiotics in Sediment and Snails in a Subtropical River, China .pdf"
sediment,Guangdong,"Pearl River, site Z3",Erythromycin,macrolides,112.6,NA,ng/g (dw),2016,autumn,"Tang, J., Fang, J., Tam, N. F., Yang, Y., Dai, Y., Zhang, J., & Shi, Y. (2021). Impact of Phytoplankton Blooms on Concentrations of Antibiotics in Sediment and Snails in a Subtropical River, China. Environmental Science & Technology, 55(3), 1811-1821. https://doi.org/10.1021/acs.est.0c08248","Supporting Information Table S4 (surface sediments, late blooming season)",PDF-TANG-2021,"2021 Jinpeng Tang Supporting Information  Impact of Phytoplankton Blooms on Concentrations of Antibiotics in Sediment and Snails in a Subtropical River, China .pdf"
sediment,Guangdong,"Pearl River, site Z4",Erythromycin,macrolides,81.4,NA,ng/g (dw),2016,autumn,"Tang, J., Fang, J., Tam, N. F., Yang, Y., Dai, Y., Zhang, J., & Shi, Y. (2021). Impact of Phytoplankton Blooms on Concentrations of Antibiotics in Sediment and Snails in a Subtropical River, China. Environmental Science & Technology, 55(3), 1811-1821. https://doi.org/10.1021/acs.est.0c08248","Supporting Information Table S4 (surface sediments, late blooming season)",PDF-TANG-2021,"2021 Jinpeng Tang Supporting Information  Impact of Phytoplankton Blooms on Concentrations of Antibiotics in Sediment and Snails in a Subtropical River, China .pdf"
sediment,Guangdong,"Pearl River, site Z5",Erythromycin,macrolides,26.2,NA,ng/g (dw),2016,autumn,"Tang, J., Fang, J., Tam, N. F., Yang, Y., Dai, Y., Zhang, J., & Shi, Y. (2021). Impact of Phytoplankton Blooms on Concentrations of Antibiotics in Sediment and Snails in a Subtropical River, China. Environmental Science & Technology, 55(3), 1811-1821. https://doi.org/10.1021/acs.est.0c08248","Supporting Information Table S4 (surface sediments, late blooming season)",PDF-TANG-2021,"2021 Jinpeng Tang Supporting Information  Impact of Phytoplankton Blooms on Concentrations of Antibiotics in Sediment and Snails in a Subtropical River, China .pdf"
sediment,Guangdong,"Pearl River, site Z6",Erythromycin,macrolides,33.9,NA,ng/g (dw),2016,autumn,"Tang, J., Fang, J., Tam, N. F., Yang, Y., Dai, Y., Zhang, J., & Shi, Y. (2021). Impact of Phytoplankton Blooms on Concentrations of Antibiotics in Sediment and Snails in a Subtropical River, China. Environmental Science & Technology, 55(3), 1811-1821. https://doi.org/10.1021/acs.est.0c08248","Supporting Information Table S4 (surface sediments, late blooming season)",PDF-TANG-2021,"2021 Jinpeng Tang Supporting Information  Impact of Phytoplankton Blooms on Concentrations of Antibiotics in Sediment and Snails in a Subtropical River, China .pdf"
sediment,Guangdong,"Pearl River, site Z7",Erythromycin,macrolides,101.8,NA,ng/g (dw),2016,autumn,"Tang, J., Fang, J., Tam, N. F., Yang, Y., Dai, Y., Zhang, J., & Shi, Y. (2021). Impact of Phytoplankton Blooms on Concentrations of Antibiotics in Sediment and Snails in a Subtropical River, China. Environmental Science & Technology, 55(3), 1811-1821. https://doi.org/10.1021/acs.est.0c08248","Supporting Information Table S4 (surface sediments, late blooming season)",PDF-TANG-2021,"2021 Jinpeng Tang Supporting Information  Impact of Phytoplankton Blooms on Concentrations of Antibiotics in Sediment and Snails in a Subtropical River, China .pdf"
sediment,Guangdong,"Pearl River, site Z8",Erythromycin,macrolides,66.1,NA,ng/g (dw),2016,autumn,"Tang, J., Fang, J., Tam, N. F., Yang, Y., Dai, Y., Zhang, J., & Shi, Y. (2021). Impact of Phytoplankton Blooms on Concentrations of Antibiotics in Sediment and Snails in a Subtropical River, China. Environmental Science & Technology, 55(3), 1811-1821. https://doi.org/10.1021/acs.est.0c08248","Supporting Information Table S4 (surface sediments, late blooming season)",PDF-TANG-2021,"2021 Jinpeng Tang Supporting Information  Impact of Phytoplankton Blooms on Concentrations of Antibiotics in Sediment and Snails in a Subtropical River, China .pdf"
sediment,Guangdong,"Pearl River, site Z9",Erythromycin,macrolides,95,NA,ng/g (dw),2016,autumn,"Tang, J., Fang, J., Tam, N. F., Yang, Y., Dai, Y., Zhang, J., & Shi, Y. (2021). Impact of Phytoplankton Blooms on Concentrations of Antibiotics in Sediment and Snails in a Subtropical River, China. Environmental Science & Technology, 55(3), 1811-1821. https://doi.org/10.1021/acs.est.0c08248","Supporting Information Table S4 (surface sediments, late blooming season)",PDF-TANG-2021,"2021 Jinpeng Tang Supporting Information  Impact of Phytoplankton Blooms on Concentrations of Antibiotics in Sediment and Snails in a Subtropical River, China .pdf"
sediment,Guangdong,"Pearl River, site Z10",Erythromycin,macrolides,53.4,NA,ng/g (dw),2016,autumn,"Tang, J., Fang, J., Tam, N. F., Yang, Y., Dai, Y., Zhang, J., & Shi, Y. (2021). Impact of Phytoplankton Blooms on Concentrations of Antibiotics in Sediment and Snails in a Subtropical River, China. Environmental Science & Technology, 55(3), 1811-1821. https://doi.org/10.1021/acs.est.0c08248","Supporting Information Table S4 (surface sediments, late blooming season)",PDF-TANG-2021,"2021 Jinpeng Tang Supporting Information  Impact of Phytoplankton Blooms on Concentrations of Antibiotics in Sediment and Snails in a Subtropical River, China .pdf"
sediment,Guangdong,"Pearl River, site Z11",Erythromycin,macrolides,206.9,NA,ng/g (dw),2016,autumn,"Tang, J., Fang, J., Tam, N. F., Yang, Y., Dai, Y., Zhang, J., & Shi, Y. (2021). Impact of Phytoplankton Blooms on Concentrations of Antibiotics in Sediment and Snails in a Subtropical River, China. Environmental Science & Technology, 55(3), 1811-1821. https://doi.org/10.1021/acs.est.0c08248","Supporting Information Table S4 (surface sediments, late blooming season)",PDF-TANG-2021,"2021 Jinpeng Tang Supporting Information  Impact of Phytoplankton Blooms on Concentrations of Antibiotics in Sediment and Snails in a Subtropical River, China .pdf"
sediment,Guangdong,"Pearl River, site Z1",Lomefloxacin,fluoroquinolones,50.1,NA,ng/g (dw),2016,autumn,"Tang, J., Fang, J., Tam, N. F., Yang, Y., Dai, Y., Zhang, J., & Shi, Y. (2021). Impact of Phytoplankton Blooms on Concentrations of Antibiotics in Sediment and Snails in a Subtropical River, China. Environmental Science & Technology, 55(3), 1811-1821. https://doi.org/10.1021/acs.est.0c08248","Supporting Information Table S4 (surface sediments, late blooming season)",PDF-TANG-2021,"2021 Jinpeng Tang Supporting Information  Impact of Phytoplankton Blooms on Concentrations of Antibiotics in Sediment and Snails in a Subtropical River, China .pdf"
sediment,Guangdong,"Pearl River, site Z2",Lomefloxacin,fluoroquinolones,79.3,NA,ng/g (dw),2016,autumn,"Tang, J., Fang, J., Tam, N. F., Yang, Y., Dai, Y., Zhang, J., & Shi, Y. (2021). Impact of Phytoplankton Blooms on Concentrations of Antibiotics in Sediment and Snails in a Subtropical River, China. Environmental Science & Technology, 55(3), 1811-1821. https://doi.org/10.1021/acs.est.0c08248","Supporting Information Table S4 (surface sediments, late blooming season)",PDF-TANG-2021,"2021 Jinpeng Tang Supporting Information  Impact of Phytoplankton Blooms on Concentrations of Antibiotics in Sediment and Snails in a Subtropical River, China .pdf"
sediment,Guangdong,"Pearl River, site Z3",Lomefloxacin,fluoroquinolones,59.7,NA,ng/g (dw),2016,autumn,"Tang, J., Fang, J., Tam, N. F., Yang, Y., Dai, Y., Zhang, J., & Shi, Y. (2021). Impact of Phytoplankton Blooms on Concentrations of Antibiotics in Sediment and Snails in a Subtropical River, China. Environmental Science & Technology, 55(3), 1811-1821. https://doi.org/10.1021/acs.est.0c08248","Supporting Information Table S4 (surface sediments, late blooming season)",PDF-TANG-2021,"2021 Jinpeng Tang Supporting Information  Impact of Phytoplankton Blooms on Concentrations of Antibiotics in Sediment and Snails in a Subtropical River, China .pdf"
sediment,Guangdong,"Pearl River, site Z4",Lomefloxacin,fluoroquinolones,38.8,NA,ng/g (dw),2016,autumn,"Tang, J., Fang, J., Tam, N. F., Yang, Y., Dai, Y., Zhang, J., & Shi, Y. (2021). Impact of Phytoplankton Blooms on Concentrations of Antibiotics in Sediment and Snails in a Subtropical River, China. Environmental Science & Technology, 55(3), 1811-1821. https://doi.org/10.1021/acs.est.0c08248","Supporting Information Table S4 (surface sediments, late blooming season)",PDF-TANG-2021,"2021 Jinpeng Tang Supporting Information  Impact of Phytoplankton Blooms on Concentrations of Antibiotics in Sediment and Snails in a Subtropical River, China .pdf"
sediment,Guangdong,"Pearl River, site Z5",Lomefloxacin,fluoroquinolones,7.4,NA,ng/g (dw),2016,autumn,"Tang, J., Fang, J., Tam, N. F., Yang, Y., Dai, Y., Zhang, J., & Shi, Y. (2021). Impact of Phytoplankton Blooms on Concentrations of Antibiotics in Sediment and Snails in a Subtropical River, China. Environmental Science & Technology, 55(3), 1811-1821. https://doi.org/10.1021/acs.est.0c08248","Supporting Information Table S4 (surface sediments, late blooming season)",PDF-TANG-2021,"2021 Jinpeng Tang Supporting Information  Impact of Phytoplankton Blooms on Concentrations of Antibiotics in Sediment and Snails in a Subtropical River, China .pdf"
sediment,Guangdong,"Pearl River, site Z6",Lomefloxacin,fluoroquinolones,16.5,NA,ng/g (dw),2016,autumn,"Tang, J., Fang, J., Tam, N. F., Yang, Y., Dai, Y., Zhang, J., & Shi, Y. (2021). Impact of Phytoplankton Blooms on Concentrations of Antibiotics in Sediment and Snails in a Subtropical River, China. Environmental Science & Technology, 55(3), 1811-1821. https://doi.org/10.1021/acs.est.0c08248","Supporting Information Table S4 (surface sediments, late blooming season)",PDF-TANG-2021,"2021 Jinpeng Tang Supporting Information  Impact of Phytoplankton Blooms on Concentrations of Antibiotics in Sediment and Snails in a Subtropical River, China .pdf"
sediment,Guangdong,"Pearl River, site Z7",Lomefloxacin,fluoroquinolones,91.4,NA,ng/g (dw),2016,autumn,"Tang, J., Fang, J., Tam, N. F., Yang, Y., Dai, Y., Zhang, J., & Shi, Y. (2021). Impact of Phytoplankton Blooms on Concentrations of Antibiotics in Sediment and Snails in a Subtropical River, China. Environmental Science & Technology, 55(3), 1811-1821. https://doi.org/10.1021/acs.est.0c08248","Supporting Information Table S4 (surface sediments, late blooming season)",PDF-TANG-2021,"2021 Jinpeng Tang Supporting Information  Impact of Phytoplankton Blooms on Concentrations of Antibiotics in Sediment and Snails in a Subtropical River, China .pdf"
sediment,Guangdong,"Pearl River, site Z8",Lomefloxacin,fluoroquinolones,8.7,NA,ng/g (dw),2016,autumn,"Tang, J., Fang, J., Tam, N. F., Yang, Y., Dai, Y., Zhang, J., & Shi, Y. (2021). Impact of Phytoplankton Blooms on Concentrations of Antibiotics in Sediment and Snails in a Subtropical River, China. Environmental Science & Technology, 55(3), 1811-1821. https://doi.org/10.1021/acs.est.0c08248","Supporting Information Table S4 (surface sediments, late blooming season)",PDF-TANG-2021,"2021 Jinpeng Tang Supporting Information  Impact of Phytoplankton Blooms on Concentrations of Antibiotics in Sediment and Snails in a Subtropical River, China .pdf"
sediment,Guangdong,"Pearl River, site Z9",Lomefloxacin,fluoroquinolones,23.5,NA,ng/g (dw),2016,autumn,"Tang, J., Fang, J., Tam, N. F., Yang, Y., Dai, Y., Zhang, J., & Shi, Y. (2021). Impact of Phytoplankton Blooms on Concentrations of Antibiotics in Sediment and Snails in a Subtropical River, China. Environmental Science & Technology, 55(3), 1811-1821. https://doi.org/10.1021/acs.est.0c08248","Supporting Information Table S4 (surface sediments, late blooming season)",PDF-TANG-2021,"2021 Jinpeng Tang Supporting Information  Impact of Phytoplankton Blooms on Concentrations of Antibiotics in Sediment and Snails in a Subtropical River, China .pdf"
sediment,Guangdong,"Pearl River, site Z10",Lomefloxacin,fluoroquinolones,27.9,NA,ng/g (dw),2016,autumn,"Tang, J., Fang, J., Tam, N. F., Yang, Y., Dai, Y., Zhang, J., & Shi, Y. (2021). Impact of Phytoplankton Blooms on Concentrations of Antibiotics in Sediment and Snails in a Subtropical River, China. Environmental Science & Technology, 55(3), 1811-1821. https://doi.org/10.1021/acs.est.0c08248","Supporting Information Table S4 (surface sediments, late blooming season)",PDF-TANG-2021,"2021 Jinpeng Tang Supporting Information  Impact of Phytoplankton Blooms on Concentrations of Antibiotics in Sediment and Snails in a Subtropical River, China .pdf"
sediment,Guangdong,"Pearl River, site Z11",Lomefloxacin,fluoroquinolones,19.8,NA,ng/g (dw),2016,autumn,"Tang, J., Fang, J., Tam, N. F., Yang, Y., Dai, Y., Zhang, J., & Shi, Y. (2021). Impact of Phytoplankton Blooms on Concentrations of Antibiotics in Sediment and Snails in a Subtropical River, China. Environmental Science & Technology, 55(3), 1811-1821. https://doi.org/10.1021/acs.est.0c08248","Supporting Information Table S4 (surface sediments, late blooming season)",PDF-TANG-2021,"2021 Jinpeng Tang Supporting Information  Impact of Phytoplankton Blooms on Concentrations of Antibiotics in Sediment and Snails in a Subtropical River, China .pdf"
sediment,Guangdong,"Pearl River, site Z1",Norfloxacin,fluoroquinolones,171.1,NA,ng/g (dw),2016,autumn,"Tang, J., Fang, J., Tam, N. F., Yang, Y., Dai, Y., Zhang, J., & Shi, Y. (2021). Impact of Phytoplankton Blooms on Concentrations of Antibiotics in Sediment and Snails in a Subtropical River, China. Environmental Science & Technology, 55(3), 1811-1821. https://doi.org/10.1021/acs.est.0c08248","Supporting Information Table S4 (surface sediments, late blooming season)",PDF-TANG-2021,"2021 Jinpeng Tang Supporting Information  Impact of Phytoplankton Blooms on Concentrations of Antibiotics in Sediment and Snails in a Subtropical River, China .pdf"
sediment,Guangdong,"Pearl River, site Z2",Norfloxacin,fluoroquinolones,156.2,NA,ng/g (dw),2016,autumn,"Tang, J., Fang, J., Tam, N. F., Yang, Y., Dai, Y., Zhang, J., & Shi, Y. (2021). Impact of Phytoplankton Blooms on Concentrations of Antibiotics in Sediment and Snails in a Subtropical River, China. Environmental Science & Technology, 55(3), 1811-1821. https://doi.org/10.1021/acs.est.0c08248","Supporting Information Table S4 (surface sediments, late blooming season)",PDF-TANG-2021,"2021 Jinpeng Tang Supporting Information  Impact of Phytoplankton Blooms on Concentrations of Antibiotics in Sediment and Snails in a Subtropical River, China .pdf"
sediment,Guangdong,"Pearl River, site Z3",Norfloxacin,fluoroquinolones,71.9,NA,ng/g (dw),2016,autumn,"Tang, J., Fang, J., Tam, N. F., Yang, Y., Dai, Y., Zhang, J., & Shi, Y. (2021). Impact of Phytoplankton Blooms on Concentrations of Antibiotics in Sediment and Snails in a Subtropical River, China. Environmental Science & Technology, 55(3), 1811-1821. https://doi.org/10.1021/acs.est.0c08248","Supporting Information Table S4 (surface sediments, late blooming season)",PDF-TANG-2021,"2021 Jinpeng Tang Supporting Information  Impact of Phytoplankton Blooms on Concentrations of Antibiotics in Sediment and Snails in a Subtropical River, China .pdf"
sediment,Guangdong,"Pearl River, site Z4",Norfloxacin,fluoroquinolones,61.8,NA,ng/g (dw),2016,autumn,"Tang, J., Fang, J., Tam, N. F., Yang, Y., Dai, Y., Zhang, J., & Shi, Y. (2021). Impact of Phytoplankton Blooms on Concentrations of Antibiotics in Sediment and Snails in a Subtropical River, China. Environmental Science & Technology, 55(3), 1811-1821. https://doi.org/10.1021/acs.est.0c08248","Supporting Information Table S4 (surface sediments, late blooming season)",PDF-TANG-2021,"2021 Jinpeng Tang Supporting Information  Impact of Phytoplankton Blooms on Concentrations of Antibiotics in Sediment and Snails in a Subtropical River, China .pdf"
sediment,Guangdong,"Pearl River, site Z5",Norfloxacin,fluoroquinolones,16.4,NA,ng/g (dw),2016,autumn,"Tang, J., Fang, J., Tam, N. F., Yang, Y., Dai, Y., Zhang, J., & Shi, Y. (2021). Impact of Phytoplankton Blooms on Concentrations of Antibiotics in Sediment and Snails in a Subtropical River, China. Environmental Science & Technology, 55(3), 1811-1821. https://doi.org/10.1021/acs.est.0c08248","Supporting Information Table S4 (surface sediments, late blooming season)",PDF-TANG-2021,"2021 Jinpeng Tang Supporting Information  Impact of Phytoplankton Blooms on Concentrations of Antibiotics in Sediment and Snails in a Subtropical River, China .pdf"
sediment,Guangdong,"Pearl River, site Z6",Norfloxacin,fluoroquinolones,29.5,NA,ng/g (dw),2016,autumn,"Tang, J., Fang, J., Tam, N. F., Yang, Y., Dai, Y., Zhang, J., & Shi, Y. (2021). Impact of Phytoplankton Blooms on Concentrations of Antibiotics in Sediment and Snails in a Subtropical River, China. Environmental Science & Technology, 55(3), 1811-1821. https://doi.org/10.1021/acs.est.0c08248","Supporting Information Table S4 (surface sediments, late blooming season)",PDF-TANG-2021,"2021 Jinpeng Tang Supporting Information  Impact of Phytoplankton Blooms on Concentrations of Antibiotics in Sediment and Snails in a Subtropical River, China .pdf"
sediment,Guangdong,"Pearl River, site Z7",Norfloxacin,fluoroquinolones,27.3,NA,ng/g (dw),2016,autumn,"Tang, J., Fang, J., Tam, N. F., Yang, Y., Dai, Y., Zhang, J., & Shi, Y. (2021). Impact of Phytoplankton Blooms on Concentrations of Antibiotics in Sediment and Snails in a Subtropical River, China. Environmental Science & Technology, 55(3), 1811-1821. https://doi.org/10.1021/acs.est.0c08248","Supporting Information Table S4 (surface sediments, late blooming season)",PDF-TANG-2021,"2021 Jinpeng Tang Supporting Information  Impact of Phytoplankton Blooms on Concentrations of Antibiotics in Sediment and Snails in a Subtropical River, China .pdf"
sediment,Guangdong,"Pearl River, site Z8",Norfloxacin,fluoroquinolones,20.9,NA,ng/g (dw),2016,autumn,"Tang, J., Fang, J., Tam, N. F., Yang, Y., Dai, Y., Zhang, J., & Shi, Y. (2021). Impact of Phytoplankton Blooms on Concentrations of Antibiotics in Sediment and Snails in a Subtropical River, China. Environmental Science & Technology, 55(3), 1811-1821. https://doi.org/10.1021/acs.est.0c08248","Supporting Information Table S4 (surface sediments, late blooming season)",PDF-TANG-2021,"2021 Jinpeng Tang Supporting Information  Impact of Phytoplankton Blooms on Concentrations of Antibiotics in Sediment and Snails in a Subtropical River, China .pdf"
sediment,Guangdong,"Pearl River, site Z9",Norfloxacin,fluoroquinolones,16.5,NA,ng/g (dw),2016,autumn,"Tang, J., Fang, J., Tam, N. F., Yang, Y., Dai, Y., Zhang, J., & Shi, Y. (2021). Impact of Phytoplankton Blooms on Concentrations of Antibiotics in Sediment and Snails in a Subtropical River, China. Environmental Science & Technology, 55(3), 1811-1821. https://doi.org/10.1021/acs.est.0c08248","Supporting Information Table S4 (surface sediments, late blooming season)",PDF-TANG-2021,"2021 Jinpeng Tang Supporting Information  Impact of Phytoplankton Blooms on Concentrations of Antibiotics in Sediment and Snails in a Subtropical River, China .pdf"
sediment,Guangdong,"Pearl River, site Z10",Norfloxacin,fluoroquinolones,6.7,NA,ng/g (dw),2016,autumn,"Tang, J., Fang, J., Tam, N. F., Yang, Y., Dai, Y., Zhang, J., & Shi, Y. (2021). Impact of Phytoplankton Blooms on Concentrations of Antibiotics in Sediment and Snails in a Subtropical River, China. Environmental Science & Technology, 55(3), 1811-1821. https://doi.org/10.1021/acs.est.0c08248","Supporting Information Table S4 (surface sediments, late blooming season)",PDF-TANG-2021,"2021 Jinpeng Tang Supporting Information  Impact of Phytoplankton Blooms on Concentrations of Antibiotics in Sediment and Snails in a Subtropical River, China .pdf"
sediment,Guangdong,"Pearl River, site Z11",Norfloxacin,fluoroquinolones,26.7,NA,ng/g (dw),2016,autumn,"Tang, J., Fang, J., Tam, N. F., Yang, Y., Dai, Y., Zhang, J., & Shi, Y. (2021). Impact of Phytoplankton Blooms on Concentrations of Antibiotics in Sediment and Snails in a Subtropical River, China. Environmental Science & Technology, 55(3), 1811-1821. https://doi.org/10.1021/acs.est.0c08248","Supporting Information Table S4 (surface sediments, late blooming season)",PDF-TANG-2021,"2021 Jinpeng Tang Supporting Information  Impact of Phytoplankton Blooms on Concentrations of Antibiotics in Sediment and Snails in a Subtropical River, China .pdf"
sediment,Guangdong,"Pearl River, site Z1",Ofloxacin,fluoroquinolones,72.6,NA,ng/g (dw),2016,autumn,"Tang, J., Fang, J., Tam, N. F., Yang, Y., Dai, Y., Zhang, J., & Shi, Y. (2021). Impact of Phytoplankton Blooms on Concentrations of Antibiotics in Sediment and Snails in a Subtropical River, China. Environmental Science & Technology, 55(3), 1811-1821. https://doi.org/10.1021/acs.est.0c08248","Supporting Information Table S4 (surface sediments, late blooming season)",PDF-TANG-2021,"2021 Jinpeng Tang Supporting Information  Impact of Phytoplankton Blooms on Concentrations of Antibiotics in Sediment and Snails in a Subtropical River, China .pdf"
sediment,Guangdong,"Pearl River, site Z2",Ofloxacin,fluoroquinolones,95.5,NA,ng/g (dw),2016,autumn,"Tang, J., Fang, J., Tam, N. F., Yang, Y., Dai, Y., Zhang, J., & Shi, Y. (2021). Impact of Phytoplankton Blooms on Concentrations of Antibiotics in Sediment and Snails in a Subtropical River, China. Environmental Science & Technology, 55(3), 1811-1821. https://doi.org/10.1021/acs.est.0c08248","Supporting Information Table S4 (surface sediments, late blooming season)",PDF-TANG-2021,"2021 Jinpeng Tang Supporting Information  Impact of Phytoplankton Blooms on Concentrations of Antibiotics in Sediment and Snails in a Subtropical River, China .pdf"
sediment,Guangdong,"Pearl River, site Z3",Ofloxacin,fluoroquinolones,70.2,NA,ng/g (dw),2016,autumn,"Tang, J., Fang, J., Tam, N. F., Yang, Y., Dai, Y., Zhang, J., & Shi, Y. (2021). Impact of Phytoplankton Blooms on Concentrations of Antibiotics in Sediment and Snails in a Subtropical River, China. Environmental Science & Technology, 55(3), 1811-1821. https://doi.org/10.1021/acs.est.0c08248","Supporting Information Table S4 (surface sediments, late blooming season)",PDF-TANG-2021,"2021 Jinpeng Tang Supporting Information  Impact of Phytoplankton Blooms on Concentrations of Antibiotics in Sediment and Snails in a Subtropical River, China .pdf"
sediment,Guangdong,"Pearl River, site Z4",Ofloxacin,fluoroquinolones,27.4,NA,ng/g (dw),2016,autumn,"Tang, J., Fang, J., Tam, N. F., Yang, Y., Dai, Y., Zhang, J., & Shi, Y. (2021). Impact of Phytoplankton Blooms on Concentrations of Antibiotics in Sediment and Snails in a Subtropical River, China. Environmental Science & Technology, 55(3), 1811-1821. https://doi.org/10.1021/acs.est.0c08248","Supporting Information Table S4 (surface sediments, late blooming season)",PDF-TANG-2021,"2021 Jinpeng Tang Supporting Information  Impact of Phytoplankton Blooms on Concentrations of Antibiotics in Sediment and Snails in a Subtropical River, China .pdf"
sediment,Guangdong,"Pearl River, site Z5",Ofloxacin,fluoroquinolones,62.7,NA,ng/g (dw),2016,autumn,"Tang, J., Fang, J., Tam, N. F., Yang, Y., Dai, Y., Zhang, J., & Shi, Y. (2021). Impact of Phytoplankton Blooms on Concentrations of Antibiotics in Sediment and Snails in a Subtropical River, China. Environmental Science & Technology, 55(3), 1811-1821. https://doi.org/10.1021/acs.est.0c08248","Supporting Information Table S4 (surface sediments, late blooming season)",PDF-TANG-2021,"2021 Jinpeng Tang Supporting Information  Impact of Phytoplankton Blooms on Concentrations of Antibiotics in Sediment and Snails in a Subtropical River, China .pdf"
sediment,Guangdong,"Pearl River, site Z6",Ofloxacin,fluoroquinolones,91.9,NA,ng/g (dw),2016,autumn,"Tang, J., Fang, J., Tam, N. F., Yang, Y., Dai, Y., Zhang, J., & Shi, Y. (2021). Impact of Phytoplankton Blooms on Concentrations of Antibiotics in Sediment and Snails in a Subtropical River, China. Environmental Science & Technology, 55(3), 1811-1821. https://doi.org/10.1021/acs.est.0c08248","Supporting Information Table S4 (surface sediments, late blooming season)",PDF-TANG-2021,"2021 Jinpeng Tang Supporting Information  Impact of Phytoplankton Blooms on Concentrations of Antibiotics in Sediment and Snails in a Subtropical River, China .pdf"
sediment,Guangdong,"Pearl River, site Z7",Ofloxacin,fluoroquinolones,82.9,NA,ng/g (dw),2016,autumn,"Tang, J., Fang, J., Tam, N. F., Yang, Y., Dai, Y., Zhang, J., & Shi, Y. (2021). Impact of Phytoplankton Blooms on Concentrations of Antibiotics in Sediment and Snails in a Subtropical River, China. Environmental Science & Technology, 55(3), 1811-1821. https://doi.org/10.1021/acs.est.0c08248","Supporting Information Table S4 (surface sediments, late blooming season)",PDF-TANG-2021,"2021 Jinpeng Tang Supporting Information  Impact of Phytoplankton Blooms on Concentrations of Antibiotics in Sediment and Snails in a Subtropical River, China .pdf"
sediment,Guangdong,"Pearl River, site Z8",Ofloxacin,fluoroquinolones,109.8,NA,ng/g (dw),2016,autumn,"Tang, J., Fang, J., Tam, N. F., Yang, Y., Dai, Y., Zhang, J., & Shi, Y. (2021). Impact of Phytoplankton Blooms on Concentrations of Antibiotics in Sediment and Snails in a Subtropical River, China. Environmental Science & Technology, 55(3), 1811-1821. https://doi.org/10.1021/acs.est.0c08248","Supporting Information Table S4 (surface sediments, late blooming season)",PDF-TANG-2021,"2021 Jinpeng Tang Supporting Information  Impact of Phytoplankton Blooms on Concentrations of Antibiotics in Sediment and Snails in a Subtropical River, China .pdf"
sediment,Guangdong,"Pearl River, site Z9",Ofloxacin,fluoroquinolones,9.2,NA,ng/g (dw),2016,autumn,"Tang, J., Fang, J., Tam, N. F., Yang, Y., Dai, Y., Zhang, J., & Shi, Y. (2021). Impact of Phytoplankton Blooms on Concentrations of Antibiotics in Sediment and Snails in a Subtropical River, China. Environmental Science & Technology, 55(3), 1811-1821. https://doi.org/10.1021/acs.est.0c08248","Supporting Information Table S4 (surface sediments, late blooming season)",PDF-TANG-2021,"2021 Jinpeng Tang Supporting Information  Impact of Phytoplankton Blooms on Concentrations of Antibiotics in Sediment and Snails in a Subtropical River, China .pdf"
sediment,Guangdong,"Pearl River, site Z10",Ofloxacin,fluoroquinolones,9.6,NA,ng/g (dw),2016,autumn,"Tang, J., Fang, J., Tam, N. F., Yang, Y., Dai, Y., Zhang, J., & Shi, Y. (2021). Impact of Phytoplankton Blooms on Concentrations of Antibiotics in Sediment and Snails in a Subtropical River, China. Environmental Science & Technology, 55(3), 1811-1821. https://doi.org/10.1021/acs.est.0c08248","Supporting Information Table S4 (surface sediments, late blooming season)",PDF-TANG-2021,"2021 Jinpeng Tang Supporting Information  Impact of Phytoplankton Blooms on Concentrations of Antibiotics in Sediment and Snails in a Subtropical River, China .pdf"
sediment,Guangdong,"Pearl River, site Z11",Ofloxacin,fluoroquinolones,37.1,NA,ng/g (dw),2016,autumn,"Tang, J., Fang, J., Tam, N. F., Yang, Y., Dai, Y., Zhang, J., & Shi, Y. (2021). Impact of Phytoplankton Blooms on Concentrations of Antibiotics in Sediment and Snails in a Subtropical River, China. Environmental Science & Technology, 55(3), 1811-1821. https://doi.org/10.1021/acs.est.0c08248","Supporting Information Table S4 (surface sediments, late blooming season)",PDF-TANG-2021,"2021 Jinpeng Tang Supporting Information  Impact of Phytoplankton Blooms on Concentrations of Antibiotics in Sediment and Snails in a Subtropical River, China .pdf"
sediment,Guangdong,"Pearl River, site Z1",Oxytetracycline,tetracyclines,45.7,NA,ng/g (dw),2016,autumn,"Tang, J., Fang, J., Tam, N. F., Yang, Y., Dai, Y., Zhang, J., & Shi, Y. (2021). Impact of Phytoplankton Blooms on Concentrations of Antibiotics in Sediment and Snails in a Subtropical River, China. Environmental Science & Technology, 55(3), 1811-1821. https://doi.org/10.1021/acs.est.0c08248","Supporting Information Table S4 (surface sediments, late blooming season)",PDF-TANG-2021,"2021 Jinpeng Tang Supporting Information  Impact of Phytoplankton Blooms on Concentrations of Antibiotics in Sediment and Snails in a Subtropical River, China .pdf"
sediment,Guangdong,"Pearl River, site Z2",Oxytetracycline,tetracyclines,75.3,NA,ng/g (dw),2016,autumn,"Tang, J., Fang, J., Tam, N. F., Yang, Y., Dai, Y., Zhang, J., & Shi, Y. (2021). Impact of Phytoplankton Blooms on Concentrations of Antibiotics in Sediment and Snails in a Subtropical River, China. Environmental Science & Technology, 55(3), 1811-1821. https://doi.org/10.1021/acs.est.0c08248","Supporting Information Table S4 (surface sediments, late blooming season)",PDF-TANG-2021,"2021 Jinpeng Tang Supporting Information  Impact of Phytoplankton Blooms on Concentrations of Antibiotics in Sediment and Snails in a Subtropical River, China .pdf"
sediment,Guangdong,"Pearl River, site Z3",Oxytetracycline,tetracyclines,53.3,NA,ng/g (dw),2016,autumn,"Tang, J., Fang, J., Tam, N. F., Yang, Y., Dai, Y., Zhang, J., & Shi, Y. (2021). Impact of Phytoplankton Blooms on Concentrations of Antibiotics in Sediment and Snails in a Subtropical River, China. Environmental Science & Technology, 55(3), 1811-1821. https://doi.org/10.1021/acs.est.0c08248","Supporting Information Table S4 (surface sediments, late blooming season)",PDF-TANG-2021,"2021 Jinpeng Tang Supporting Information  Impact of Phytoplankton Blooms on Concentrations of Antibiotics in Sediment and Snails in a Subtropical River, China .pdf"
sediment,Guangdong,"Pearl River, site Z4",Oxytetracycline,tetracyclines,28.9,NA,ng/g (dw),2016,autumn,"Tang, J., Fang, J., Tam, N. F., Yang, Y., Dai, Y., Zhang, J., & Shi, Y. (2021). Impact of Phytoplankton Blooms on Concentrations of Antibiotics in Sediment and Snails in a Subtropical River, China. Environmental Science & Technology, 55(3), 1811-1821. https://doi.org/10.1021/acs.est.0c08248","Supporting Information Table S4 (surface sediments, late blooming season)",PDF-TANG-2021,"2021 Jinpeng Tang Supporting Information  Impact of Phytoplankton Blooms on Concentrations of Antibiotics in Sediment and Snails in a Subtropical River, China .pdf"
sediment,Guangdong,"Pearl River, site Z5",Oxytetracycline,tetracyclines,131.4,NA,ng/g (dw),2016,autumn,"Tang, J., Fang, J., Tam, N. F., Yang, Y., Dai, Y., Zhang, J., & Shi, Y. (2021). Impact of Phytoplankton Blooms on Concentrations of Antibiotics in Sediment and Snails in a Subtropical River, China. Environmental Science & Technology, 55(3), 1811-1821. https://doi.org/10.1021/acs.est.0c08248","Supporting Information Table S4 (surface sediments, late blooming season)",PDF-TANG-2021,"2021 Jinpeng Tang Supporting Information  Impact of Phytoplankton Blooms on Concentrations of Antibiotics in Sediment and Snails in a Subtropical River, China .pdf"
sediment,Guangdong,"Pearl River, site Z6",Oxytetracycline,tetracyclines,150.4,NA,ng/g (dw),2016,autumn,"Tang, J., Fang, J., Tam, N. F., Yang, Y., Dai, Y., Zhang, J., & Shi, Y. (2021). Impact of Phytoplankton Blooms on Concentrations of Antibiotics in Sediment and Snails in a Subtropical River, China. Environmental Science & Technology, 55(3), 1811-1821. https://doi.org/10.1021/acs.est.0c08248","Supporting Information Table S4 (surface sediments, late blooming season)",PDF-TANG-2021,"2021 Jinpeng Tang Supporting Information  Impact of Phytoplankton Blooms on Concentrations of Antibiotics in Sediment and Snails in a Subtropical River, China .pdf"
sediment,Guangdong,"Pearl River, site Z7",Oxytetracycline,tetracyclines,52.4,NA,ng/g (dw),2016,autumn,"Tang, J., Fang, J., Tam, N. F., Yang, Y., Dai, Y., Zhang, J., & Shi, Y. (2021). Impact of Phytoplankton Blooms on Concentrations of Antibiotics in Sediment and Snails in a Subtropical River, China. Environmental Science & Technology, 55(3), 1811-1821. https://doi.org/10.1021/acs.est.0c08248","Supporting Information Table S4 (surface sediments, late blooming season)",PDF-TANG-2021,"2021 Jinpeng Tang Supporting Information  Impact of Phytoplankton Blooms on Concentrations of Antibiotics in Sediment and Snails in a Subtropical River, China .pdf"
sediment,Guangdong,"Pearl River, site Z8",Oxytetracycline,tetracyclines,250.3,NA,ng/g (dw),2016,autumn,"Tang, J., Fang, J., Tam, N. F., Yang, Y., Dai, Y., Zhang, J., & Shi, Y. (2021). Impact of Phytoplankton Blooms on Concentrations of Antibiotics in Sediment and Snails in a Subtropical River, China. Environmental Science & Technology, 55(3), 1811-1821. https://doi.org/10.1021/acs.est.0c08248","Supporting Information Table S4 (surface sediments, late blooming season)",PDF-TANG-2021,"2021 Jinpeng Tang Supporting Information  Impact of Phytoplankton Blooms on Concentrations of Antibiotics in Sediment and Snails in a Subtropical River, China .pdf"
sediment,Guangdong,"Pearl River, site Z9",Oxytetracycline,tetracyclines,19.1,NA,ng/g (dw),2016,autumn,"Tang, J., Fang, J., Tam, N. F., Yang, Y., Dai, Y., Zhang, J., & Shi, Y. (2021). Impact of Phytoplankton Blooms on Concentrations of Antibiotics in Sediment and Snails in a Subtropical River, China. Environmental Science & Technology, 55(3), 1811-1821. https://doi.org/10.1021/acs.est.0c08248","Supporting Information Table S4 (surface sediments, late blooming season)",PDF-TANG-2021,"2021 Jinpeng Tang Supporting Information  Impact of Phytoplankton Blooms on Concentrations of Antibiotics in Sediment and Snails in a Subtropical River, China .pdf"
sediment,Guangdong,"Pearl River, site Z10",Oxytetracycline,tetracyclines,23,NA,ng/g (dw),2016,autumn,"Tang, J., Fang, J., Tam, N. F., Yang, Y., Dai, Y., Zhang, J., & Shi, Y. (2021). Impact of Phytoplankton Blooms on Concentrations of Antibiotics in Sediment and Snails in a Subtropical River, China. Environmental Science & Technology, 55(3), 1811-1821. https://doi.org/10.1021/acs.est.0c08248","Supporting Information Table S4 (surface sediments, late blooming season)",PDF-TANG-2021,"2021 Jinpeng Tang Supporting Information  Impact of Phytoplankton Blooms on Concentrations of Antibiotics in Sediment and Snails in a Subtropical River, China .pdf"
sediment,Guangdong,"Pearl River, site Z11",Oxytetracycline,tetracyclines,18.9,NA,ng/g (dw),2016,autumn,"Tang, J., Fang, J., Tam, N. F., Yang, Y., Dai, Y., Zhang, J., & Shi, Y. (2021). Impact of Phytoplankton Blooms on Concentrations of Antibiotics in Sediment and Snails in a Subtropical River, China. Environmental Science & Technology, 55(3), 1811-1821. https://doi.org/10.1021/acs.est.0c08248","Supporting Information Table S4 (surface sediments, late blooming season)",PDF-TANG-2021,"2021 Jinpeng Tang Supporting Information  Impact of Phytoplankton Blooms on Concentrations of Antibiotics in Sediment and Snails in a Subtropical River, China .pdf"
sediment,Guangdong,"Pearl River, site Z1",Roxithromycin,macrolides,568.6,NA,ng/g (dw),2016,autumn,"Tang, J., Fang, J., Tam, N. F., Yang, Y., Dai, Y., Zhang, J., & Shi, Y. (2021). Impact of Phytoplankton Blooms on Concentrations of Antibiotics in Sediment and Snails in a Subtropical River, China. Environmental Science & Technology, 55(3), 1811-1821. https://doi.org/10.1021/acs.est.0c08248","Supporting Information Table S4 (surface sediments, late blooming season)",PDF-TANG-2021,"2021 Jinpeng Tang Supporting Information  Impact of Phytoplankton Blooms on Concentrations of Antibiotics in Sediment and Snails in a Subtropical River, China .pdf"
sediment,Guangdong,"Pearl River, site Z2",Roxithromycin,macrolides,219,NA,ng/g (dw),2016,autumn,"Tang, J., Fang, J., Tam, N. F., Yang, Y., Dai, Y., Zhang, J., & Shi, Y. (2021). Impact of Phytoplankton Blooms on Concentrations of Antibiotics in Sediment and Snails in a Subtropical River, China. Environmental Science & Technology, 55(3), 1811-1821. https://doi.org/10.1021/acs.est.0c08248","Supporting Information Table S4 (surface sediments, late blooming season)",PDF-TANG-2021,"2021 Jinpeng Tang Supporting Information  Impact of Phytoplankton Blooms on Concentrations of Antibiotics in Sediment and Snails in a Subtropical River, China .pdf"
sediment,Guangdong,"Pearl River, site Z3",Roxithromycin,macrolides,149.6,NA,ng/g (dw),2016,autumn,"Tang, J., Fang, J., Tam, N. F., Yang, Y., Dai, Y., Zhang, J., & Shi, Y. (2021). Impact of Phytoplankton Blooms on Concentrations of Antibiotics in Sediment and Snails in a Subtropical River, China. Environmental Science & Technology, 55(3), 1811-1821. https://doi.org/10.1021/acs.est.0c08248","Supporting Information Table S4 (surface sediments, late blooming season)",PDF-TANG-2021,"2021 Jinpeng Tang Supporting Information  Impact of Phytoplankton Blooms on Concentrations of Antibiotics in Sediment and Snails in a Subtropical River, China .pdf"
sediment,Guangdong,"Pearl River, site Z4",Roxithromycin,macrolides,119.9,NA,ng/g (dw),2016,autumn,"Tang, J., Fang, J., Tam, N. F., Yang, Y., Dai, Y., Zhang, J., & Shi, Y. (2021). Impact of Phytoplankton Blooms on Concentrations of Antibiotics in Sediment and Snails in a Subtropical River, China. Environmental Science & Technology, 55(3), 1811-1821. https://doi.org/10.1021/acs.est.0c08248","Supporting Information Table S4 (surface sediments, late blooming season)",PDF-TANG-2021,"2021 Jinpeng Tang Supporting Information  Impact of Phytoplankton Blooms on Concentrations of Antibiotics in Sediment and Snails in a Subtropical River, China .pdf"
sediment,Guangdong,"Pearl River, site Z5",Roxithromycin,macrolides,24.5,NA,ng/g (dw),2016,autumn,"Tang, J., Fang, J., Tam, N. F., Yang, Y., Dai, Y., Zhang, J., & Shi, Y. (2021). Impact of Phytoplankton Blooms on Concentrations of Antibiotics in Sediment and Snails in a Subtropical River, China. Environmental Science & Technology, 55(3), 1811-1821. https://doi.org/10.1021/acs.est.0c08248","Supporting Information Table S4 (surface sediments, late blooming season)",PDF-TANG-2021,"2021 Jinpeng Tang Supporting Information  Impact of Phytoplankton Blooms on Concentrations of Antibiotics in Sediment and Snails in a Subtropical River, China .pdf"
sediment,Guangdong,"Pearl River, site Z6",Roxithromycin,macrolides,46.3,NA,ng/g (dw),2016,autumn,"Tang, J., Fang, J., Tam, N. F., Yang, Y., Dai, Y., Zhang, J., & Shi, Y. (2021). Impact of Phytoplankton Blooms on Concentrations of Antibiotics in Sediment and Snails in a Subtropical River, China. Environmental Science & Technology, 55(3), 1811-1821. https://doi.org/10.1021/acs.est.0c08248","Supporting Information Table S4 (surface sediments, late blooming season)",PDF-TANG-2021,"2021 Jinpeng Tang Supporting Information  Impact of Phytoplankton Blooms on Concentrations of Antibiotics in Sediment and Snails in a Subtropical River, China .pdf"
sediment,Guangdong,"Pearl River, site Z7",Roxithromycin,macrolides,149.2,NA,ng/g (dw),2016,autumn,"Tang, J., Fang, J., Tam, N. F., Yang, Y., Dai, Y., Zhang, J., & Shi, Y. (2021). Impact of Phytoplankton Blooms on Concentrations of Antibiotics in Sediment and Snails in a Subtropical River, China. Environmental Science & Technology, 55(3), 1811-1821. https://doi.org/10.1021/acs.est.0c08248","Supporting Information Table S4 (surface sediments, late blooming season)",PDF-TANG-2021,"2021 Jinpeng Tang Supporting Information  Impact of Phytoplankton Blooms on Concentrations of Antibiotics in Sediment and Snails in a Subtropical River, China .pdf"
sediment,Guangdong,"Pearl River, site Z8",Roxithromycin,macrolides,84.8,NA,ng/g (dw),2016,autumn,"Tang, J., Fang, J., Tam, N. F., Yang, Y., Dai, Y., Zhang, J., & Shi, Y. (2021). Impact of Phytoplankton Blooms on Concentrations of Antibiotics in Sediment and Snails in a Subtropical River, China. Environmental Science & Technology, 55(3), 1811-1821. https://doi.org/10.1021/acs.est.0c08248","Supporting Information Table S4 (surface sediments, late blooming season)",PDF-TANG-2021,"2021 Jinpeng Tang Supporting Information  Impact of Phytoplankton Blooms on Concentrations of Antibiotics in Sediment and Snails in a Subtropical River, China .pdf"
sediment,Guangdong,"Pearl River, site Z9",Roxithromycin,macrolides,131.2,NA,ng/g (dw),2016,autumn,"Tang, J., Fang, J., Tam, N. F., Yang, Y., Dai, Y., Zhang, J., & Shi, Y. (2021). Impact of Phytoplankton Blooms on Concentrations of Antibiotics in Sediment and Snails in a Subtropical River, China. Environmental Science & Technology, 55(3), 1811-1821. https://doi.org/10.1021/acs.est.0c08248","Supporting Information Table S4 (surface sediments, late blooming season)",PDF-TANG-2021,"2021 Jinpeng Tang Supporting Information  Impact of Phytoplankton Blooms on Concentrations of Antibiotics in Sediment and Snails in a Subtropical River, China .pdf"
sediment,Guangdong,"Pearl River, site Z10",Roxithromycin,macrolides,136.3,NA,ng/g (dw),2016,autumn,"Tang, J., Fang, J., Tam, N. F., Yang, Y., Dai, Y., Zhang, J., & Shi, Y. (2021). Impact of Phytoplankton Blooms on Concentrations of Antibiotics in Sediment and Snails in a Subtropical River, China. Environmental Science & Technology, 55(3), 1811-1821. https://doi.org/10.1021/acs.est.0c08248","Supporting Information Table S4 (surface sediments, late blooming season)",PDF-TANG-2021,"2021 Jinpeng Tang Supporting Information  Impact of Phytoplankton Blooms on Concentrations of Antibiotics in Sediment and Snails in a Subtropical River, China .pdf"
sediment,Guangdong,"Pearl River, site Z11",Roxithromycin,macrolides,153.3,NA,ng/g (dw),2016,autumn,"Tang, J., Fang, J., Tam, N. F., Yang, Y., Dai, Y., Zhang, J., & Shi, Y. (2021). Impact of Phytoplankton Blooms on Concentrations of Antibiotics in Sediment and Snails in a Subtropical River, China. Environmental Science & Technology, 55(3), 1811-1821. https://doi.org/10.1021/acs.est.0c08248","Supporting Information Table S4 (surface sediments, late blooming season)",PDF-TANG-2021,"2021 Jinpeng Tang Supporting Information  Impact of Phytoplankton Blooms on Concentrations of Antibiotics in Sediment and Snails in a Subtropical River, China .pdf"
sediment,Guangdong,"Pearl River, site Z1",Sulfacetamide,sulfonamides,22.1,NA,ng/g (dw),2016,autumn,"Tang, J., Fang, J., Tam, N. F., Yang, Y., Dai, Y., Zhang, J., & Shi, Y. (2021). Impact of Phytoplankton Blooms on Concentrations of Antibiotics in Sediment and Snails in a Subtropical River, China. Environmental Science & Technology, 55(3), 1811-1821. https://doi.org/10.1021/acs.est.0c08248","Supporting Information Table S3 (surface sediments, late blooming season)",PDF-TANG-2021,"2021 Jinpeng Tang Supporting Information  Impact of Phytoplankton Blooms on Concentrations of Antibiotics in Sediment and Snails in a Subtropical River, China .pdf"
sediment,Guangdong,"Pearl River, site Z2",Sulfacetamide,sulfonamides,71.2,NA,ng/g (dw),2016,autumn,"Tang, J., Fang, J., Tam, N. F., Yang, Y., Dai, Y., Zhang, J., & Shi, Y. (2021). Impact of Phytoplankton Blooms on Concentrations of Antibiotics in Sediment and Snails in a Subtropical River, China. Environmental Science & Technology, 55(3), 1811-1821. https://doi.org/10.1021/acs.est.0c08248","Supporting Information Table S3 (surface sediments, late blooming season)",PDF-TANG-2021,"2021 Jinpeng Tang Supporting Information  Impact of Phytoplankton Blooms on Concentrations of Antibiotics in Sediment and Snails in a Subtropical River, China .pdf"
sediment,Guangdong,"Pearl River, site Z3",Sulfacetamide,sulfonamides,103.6,NA,ng/g (dw),2016,autumn,"Tang, J., Fang, J., Tam, N. F., Yang, Y., Dai, Y., Zhang, J., & Shi, Y. (2021). Impact of Phytoplankton Blooms on Concentrations of Antibiotics in Sediment and Snails in a Subtropical River, China. Environmental Science & Technology, 55(3), 1811-1821. https://doi.org/10.1021/acs.est.0c08248","Supporting Information Table S3 (surface sediments, late blooming season)",PDF-TANG-2021,"2021 Jinpeng Tang Supporting Information  Impact of Phytoplankton Blooms on Concentrations of Antibiotics in Sediment and Snails in a Subtropical River, China .pdf"
sediment,Guangdong,"Pearl River, site Z4",Sulfacetamide,sulfonamides,48.5,NA,ng/g (dw),2016,autumn,"Tang, J., Fang, J., Tam, N. F., Yang, Y., Dai, Y., Zhang, J., & Shi, Y. (2021). Impact of Phytoplankton Blooms on Concentrations of Antibiotics in Sediment and Snails in a Subtropical River, China. Environmental Science & Technology, 55(3), 1811-1821. https://doi.org/10.1021/acs.est.0c08248","Supporting Information Table S3 (surface sediments, late blooming season)",PDF-TANG-2021,"2021 Jinpeng Tang Supporting Information  Impact of Phytoplankton Blooms on Concentrations of Antibiotics in Sediment and Snails in a Subtropical River, China .pdf"
sediment,Guangdong,"Pearl River, site Z5",Sulfacetamide,sulfonamides,16.1,NA,ng/g (dw),2016,autumn,"Tang, J., Fang, J., Tam, N. F., Yang, Y., Dai, Y., Zhang, J., & Shi, Y. (2021). Impact of Phytoplankton Blooms on Concentrations of Antibiotics in Sediment and Snails in a Subtropical River, China. Environmental Science & Technology, 55(3), 1811-1821. https://doi.org/10.1021/acs.est.0c08248","Supporting Information Table S3 (surface sediments, late blooming season)",PDF-TANG-2021,"2021 Jinpeng Tang Supporting Information  Impact of Phytoplankton Blooms on Concentrations of Antibiotics in Sediment and Snails in a Subtropical River, China .pdf"
sediment,Guangdong,"Pearl River, site Z6",Sulfacetamide,sulfonamides,17.7,NA,ng/g (dw),2016,autumn,"Tang, J., Fang, J., Tam, N. F., Yang, Y., Dai, Y., Zhang, J., & Shi, Y. (2021). Impact of Phytoplankton Blooms on Concentrations of Antibiotics in Sediment and Snails in a Subtropical River, China. Environmental Science & Technology, 55(3), 1811-1821. https://doi.org/10.1021/acs.est.0c08248","Supporting Information Table S3 (surface sediments, late blooming season)",PDF-TANG-2021,"2021 Jinpeng Tang Supporting Information  Impact of Phytoplankton Blooms on Concentrations of Antibiotics in Sediment and Snails in a Subtropical River, China .pdf"
sediment,Guangdong,"Pearl River, site Z7",Sulfacetamide,sulfonamides,36.6,NA,ng/g (dw),2016,autumn,"Tang, J., Fang, J., Tam, N. F., Yang, Y., Dai, Y., Zhang, J., & Shi, Y. (2021). Impact of Phytoplankton Blooms on Concentrations of Antibiotics in Sediment and Snails in a Subtropical River, China. Environmental Science & Technology, 55(3), 1811-1821. https://doi.org/10.1021/acs.est.0c08248","Supporting Information Table S3 (surface sediments, late blooming season)",PDF-TANG-2021,"2021 Jinpeng Tang Supporting Information  Impact of Phytoplankton Blooms on Concentrations of Antibiotics in Sediment and Snails in a Subtropical River, China .pdf"
sediment,Guangdong,"Pearl River, site Z8",Sulfacetamide,sulfonamides,13.3,NA,ng/g (dw),2016,autumn,"Tang, J., Fang, J., Tam, N. F., Yang, Y., Dai, Y., Zhang, J., & Shi, Y. (2021). Impact of Phytoplankton Blooms on Concentrations of Antibiotics in Sediment and Snails in a Subtropical River, China. Environmental Science & Technology, 55(3), 1811-1821. https://doi.org/10.1021/acs.est.0c08248","Supporting Information Table S3 (surface sediments, late blooming season)",PDF-TANG-2021,"2021 Jinpeng Tang Supporting Information  Impact of Phytoplankton Blooms on Concentrations of Antibiotics in Sediment and Snails in a Subtropical River, China .pdf"
sediment,Guangdong,"Pearl River, site Z9",Sulfacetamide,sulfonamides,26.9,NA,ng/g (dw),2016,autumn,"Tang, J., Fang, J., Tam, N. F., Yang, Y., Dai, Y., Zhang, J., & Shi, Y. (2021). Impact of Phytoplankton Blooms on Concentrations of Antibiotics in Sediment and Snails in a Subtropical River, China. Environmental Science & Technology, 55(3), 1811-1821. https://doi.org/10.1021/acs.est.0c08248","Supporting Information Table S3 (surface sediments, late blooming season)",PDF-TANG-2021,"2021 Jinpeng Tang Supporting Information  Impact of Phytoplankton Blooms on Concentrations of Antibiotics in Sediment and Snails in a Subtropical River, China .pdf"
sediment,Guangdong,"Pearl River, site Z10",Sulfacetamide,sulfonamides,18.6,NA,ng/g (dw),2016,autumn,"Tang, J., Fang, J., Tam, N. F., Yang, Y., Dai, Y., Zhang, J., & Shi, Y. (2021). Impact of Phytoplankton Blooms on Concentrations of Antibiotics in Sediment and Snails in a Subtropical River, China. Environmental Science & Technology, 55(3), 1811-1821. https://doi.org/10.1021/acs.est.0c08248","Supporting Information Table S3 (surface sediments, late blooming season)",PDF-TANG-2021,"2021 Jinpeng Tang Supporting Information  Impact of Phytoplankton Blooms on Concentrations of Antibiotics in Sediment and Snails in a Subtropical River, China .pdf"
sediment,Guangdong,"Pearl River, site Z11",Sulfacetamide,sulfonamides,20.9,NA,ng/g (dw),2016,autumn,"Tang, J., Fang, J., Tam, N. F., Yang, Y., Dai, Y., Zhang, J., & Shi, Y. (2021). Impact of Phytoplankton Blooms on Concentrations of Antibiotics in Sediment and Snails in a Subtropical River, China. Environmental Science & Technology, 55(3), 1811-1821. https://doi.org/10.1021/acs.est.0c08248","Supporting Information Table S3 (surface sediments, late blooming season)",PDF-TANG-2021,"2021 Jinpeng Tang Supporting Information  Impact of Phytoplankton Blooms on Concentrations of Antibiotics in Sediment and Snails in a Subtropical River, China .pdf"
sediment,Guangdong,"Pearl River, site Z1",Sulfadiazine,sulfonamides,28.8,NA,ng/g (dw),2016,autumn,"Tang, J., Fang, J., Tam, N. F., Yang, Y., Dai, Y., Zhang, J., & Shi, Y. (2021). Impact of Phytoplankton Blooms on Concentrations of Antibiotics in Sediment and Snails in a Subtropical River, China. Environmental Science & Technology, 55(3), 1811-1821. https://doi.org/10.1021/acs.est.0c08248","Supporting Information Table S3 (surface sediments, late blooming season)",PDF-TANG-2021,"2021 Jinpeng Tang Supporting Information  Impact of Phytoplankton Blooms on Concentrations of Antibiotics in Sediment and Snails in a Subtropical River, China .pdf"
sediment,Guangdong,"Pearl River, site Z2",Sulfadiazine,sulfonamides,70.5,NA,ng/g (dw),2016,autumn,"Tang, J., Fang, J., Tam, N. F., Yang, Y., Dai, Y., Zhang, J., & Shi, Y. (2021). Impact of Phytoplankton Blooms on Concentrations of Antibiotics in Sediment and Snails in a Subtropical River, China. Environmental Science & Technology, 55(3), 1811-1821. https://doi.org/10.1021/acs.est.0c08248","Supporting Information Table S3 (surface sediments, late blooming season)",PDF-TANG-2021,"2021 Jinpeng Tang Supporting Information  Impact of Phytoplankton Blooms on Concentrations of Antibiotics in Sediment and Snails in a Subtropical River, China .pdf"
sediment,Guangdong,"Pearl River, site Z3",Sulfadiazine,sulfonamides,71.8,NA,ng/g (dw),2016,autumn,"Tang, J., Fang, J., Tam, N. F., Yang, Y., Dai, Y., Zhang, J., & Shi, Y. (2021). Impact of Phytoplankton Blooms on Concentrations of Antibiotics in Sediment and Snails in a Subtropical River, China. Environmental Science & Technology, 55(3), 1811-1821. https://doi.org/10.1021/acs.est.0c08248","Supporting Information Table S3 (surface sediments, late blooming season)",PDF-TANG-2021,"2021 Jinpeng Tang Supporting Information  Impact of Phytoplankton Blooms on Concentrations of Antibiotics in Sediment and Snails in a Subtropical River, China .pdf"
sediment,Guangdong,"Pearl River, site Z4",Sulfadiazine,sulfonamides,16.8,NA,ng/g (dw),2016,autumn,"Tang, J., Fang, J., Tam, N. F., Yang, Y., Dai, Y., Zhang, J., & Shi, Y. (2021). Impact of Phytoplankton Blooms on Concentrations of Antibiotics in Sediment and Snails in a Subtropical River, China. Environmental Science & Technology, 55(3), 1811-1821. https://doi.org/10.1021/acs.est.0c08248","Supporting Information Table S3 (surface sediments, late blooming season)",PDF-TANG-2021,"2021 Jinpeng Tang Supporting Information  Impact of Phytoplankton Blooms on Concentrations of Antibiotics in Sediment and Snails in a Subtropical River, China .pdf"
sediment,Guangdong,"Pearl River, site Z5",Sulfadiazine,sulfonamides,13.1,NA,ng/g (dw),2016,autumn,"Tang, J., Fang, J., Tam, N. F., Yang, Y., Dai, Y., Zhang, J., & Shi, Y. (2021). Impact of Phytoplankton Blooms on Concentrations of Antibiotics in Sediment and Snails in a Subtropical River, China. Environmental Science & Technology, 55(3), 1811-1821. https://doi.org/10.1021/acs.est.0c08248","Supporting Information Table S3 (surface sediments, late blooming season)",PDF-TANG-2021,"2021 Jinpeng Tang Supporting Information  Impact of Phytoplankton Blooms on Concentrations of Antibiotics in Sediment and Snails in a Subtropical River, China .pdf"
sediment,Guangdong,"Pearl River, site Z6",Sulfadiazine,sulfonamides,12.5,NA,ng/g (dw),2016,autumn,"Tang, J., Fang, J., Tam, N. F., Yang, Y., Dai, Y., Zhang, J., & Shi, Y. (2021). Impact of Phytoplankton Blooms on Concentrations of Antibiotics in Sediment and Snails in a Subtropical River, China. Environmental Science & Technology, 55(3), 1811-1821. https://doi.org/10.1021/acs.est.0c08248","Supporting Information Table S3 (surface sediments, late blooming season)",PDF-TANG-2021,"2021 Jinpeng Tang Supporting Information  Impact of Phytoplankton Blooms on Concentrations of Antibiotics in Sediment and Snails in a Subtropical River, China .pdf"
sediment,Guangdong,"Pearl River, site Z7",Sulfadiazine,sulfonamides,24.5,NA,ng/g (dw),2016,autumn,"Tang, J., Fang, J., Tam, N. F., Yang, Y., Dai, Y., Zhang, J., & Shi, Y. (2021). Impact of Phytoplankton Blooms on Concentrations of Antibiotics in Sediment and Snails in a Subtropical River, China. Environmental Science & Technology, 55(3), 1811-1821. https://doi.org/10.1021/acs.est.0c08248","Supporting Information Table S3 (surface sediments, late blooming season)",PDF-TANG-2021,"2021 Jinpeng Tang Supporting Information  Impact of Phytoplankton Blooms on Concentrations of Antibiotics in Sediment and Snails in a Subtropical River, China .pdf"
sediment,Guangdong,"Pearl River, site Z8",Sulfadiazine,sulfonamides,12.1,NA,ng/g (dw),2016,autumn,"Tang, J., Fang, J., Tam, N. F., Yang, Y., Dai, Y., Zhang, J., & Shi, Y. (2021). Impact of Phytoplankton Blooms on Concentrations of Antibiotics in Sediment and Snails in a Subtropical River, China. Environmental Science & Technology, 55(3), 1811-1821. https://doi.org/10.1021/acs.est.0c08248","Supporting Information Table S3 (surface sediments, late blooming season)",PDF-TANG-2021,"2021 Jinpeng Tang Supporting Information  Impact of Phytoplankton Blooms on Concentrations of Antibiotics in Sediment and Snails in a Subtropical River, China .pdf"
sediment,Guangdong,"Pearl River, site Z9",Sulfadiazine,sulfonamides,19.7,NA,ng/g (dw),2016,autumn,"Tang, J., Fang, J., Tam, N. F., Yang, Y., Dai, Y., Zhang, J., & Shi, Y. (2021). Impact of Phytoplankton Blooms on Concentrations of Antibiotics in Sediment and Snails in a Subtropical River, China. Environmental Science & Technology, 55(3), 1811-1821. https://doi.org/10.1021/acs.est.0c08248","Supporting Information Table S3 (surface sediments, late blooming season)",PDF-TANG-2021,"2021 Jinpeng Tang Supporting Information  Impact of Phytoplankton Blooms on Concentrations of Antibiotics in Sediment and Snails in a Subtropical River, China .pdf"
sediment,Guangdong,"Pearl River, site Z10",Sulfadiazine,sulfonamides,15.6,NA,ng/g (dw),2016,autumn,"Tang, J., Fang, J., Tam, N. F., Yang, Y., Dai, Y., Zhang, J., & Shi, Y. (2021). Impact of Phytoplankton Blooms on Concentrations of Antibiotics in Sediment and Snails in a Subtropical River, China. Environmental Science & Technology, 55(3), 1811-1821. https://doi.org/10.1021/acs.est.0c08248","Supporting Information Table S3 (surface sediments, late blooming season)",PDF-TANG-2021,"2021 Jinpeng Tang Supporting Information  Impact of Phytoplankton Blooms on Concentrations of Antibiotics in Sediment and Snails in a Subtropical River, China .pdf"
sediment,Guangdong,"Pearl River, site Z11",Sulfadiazine,sulfonamides,17.7,NA,ng/g (dw),2016,autumn,"Tang, J., Fang, J., Tam, N. F., Yang, Y., Dai, Y., Zhang, J., & Shi, Y. (2021). Impact of Phytoplankton Blooms on Concentrations of Antibiotics in Sediment and Snails in a Subtropical River, China. Environmental Science & Technology, 55(3), 1811-1821. https://doi.org/10.1021/acs.est.0c08248","Supporting Information Table S3 (surface sediments, late blooming season)",PDF-TANG-2021,"2021 Jinpeng Tang Supporting Information  Impact of Phytoplankton Blooms on Concentrations of Antibiotics in Sediment and Snails in a Subtropical River, China .pdf"
sediment,Guangdong,"Pearl River, site Z1",Sulfamethazine,sulfonamides,812.6,NA,ng/g (dw),2016,autumn,"Tang, J., Fang, J., Tam, N. F., Yang, Y., Dai, Y., Zhang, J., & Shi, Y. (2021). Impact of Phytoplankton Blooms on Concentrations of Antibiotics in Sediment and Snails in a Subtropical River, China. Environmental Science & Technology, 55(3), 1811-1821. https://doi.org/10.1021/acs.est.0c08248","Supporting Information Table S3 (surface sediments, late blooming season)",PDF-TANG-2021,"2021 Jinpeng Tang Supporting Information  Impact of Phytoplankton Blooms on Concentrations of Antibiotics in Sediment and Snails in a Subtropical River, China .pdf"
sediment,Guangdong,"Pearl River, site Z2",Sulfamethazine,sulfonamides,285.4,NA,ng/g (dw),2016,autumn,"Tang, J., Fang, J., Tam, N. F., Yang, Y., Dai, Y., Zhang, J., & Shi, Y. (2021). Impact of Phytoplankton Blooms on Concentrations of Antibiotics in Sediment and Snails in a Subtropical River, China. Environmental Science & Technology, 55(3), 1811-1821. https://doi.org/10.1021/acs.est.0c08248","Supporting Information Table S3 (surface sediments, late blooming season)",PDF-TANG-2021,"2021 Jinpeng Tang Supporting Information  Impact of Phytoplankton Blooms on Concentrations of Antibiotics in Sediment and Snails in a Subtropical River, China .pdf"
sediment,Guangdong,"Pearl River, site Z3",Sulfamethazine,sulfonamides,263.2,NA,ng/g (dw),2016,autumn,"Tang, J., Fang, J., Tam, N. F., Yang, Y., Dai, Y., Zhang, J., & Shi, Y. (2021). Impact of Phytoplankton Blooms on Concentrations of Antibiotics in Sediment and Snails in a Subtropical River, China. Environmental Science & Technology, 55(3), 1811-1821. https://doi.org/10.1021/acs.est.0c08248","Supporting Information Table S3 (surface sediments, late blooming season)",PDF-TANG-2021,"2021 Jinpeng Tang Supporting Information  Impact of Phytoplankton Blooms on Concentrations of Antibiotics in Sediment and Snails in a Subtropical River, China .pdf"
sediment,Guangdong,"Pearl River, site Z4",Sulfamethazine,sulfonamides,197,NA,ng/g (dw),2016,autumn,"Tang, J., Fang, J., Tam, N. F., Yang, Y., Dai, Y., Zhang, J., & Shi, Y. (2021). Impact of Phytoplankton Blooms on Concentrations of Antibiotics in Sediment and Snails in a Subtropical River, China. Environmental Science & Technology, 55(3), 1811-1821. https://doi.org/10.1021/acs.est.0c08248","Supporting Information Table S3 (surface sediments, late blooming season)",PDF-TANG-2021,"2021 Jinpeng Tang Supporting Information  Impact of Phytoplankton Blooms on Concentrations of Antibiotics in Sediment and Snails in a Subtropical River, China .pdf"
sediment,Guangdong,"Pearl River, site Z5",Sulfamethazine,sulfonamides,81.5,NA,ng/g (dw),2016,autumn,"Tang, J., Fang, J., Tam, N. F., Yang, Y., Dai, Y., Zhang, J., & Shi, Y. (2021). Impact of Phytoplankton Blooms on Concentrations of Antibiotics in Sediment and Snails in a Subtropical River, China. Environmental Science & Technology, 55(3), 1811-1821. https://doi.org/10.1021/acs.est.0c08248","Supporting Information Table S3 (surface sediments, late blooming season)",PDF-TANG-2021,"2021 Jinpeng Tang Supporting Information  Impact of Phytoplankton Blooms on Concentrations of Antibiotics in Sediment and Snails in a Subtropical River, China .pdf"
sediment,Guangdong,"Pearl River, site Z6",Sulfamethazine,sulfonamides,77,NA,ng/g (dw),2016,autumn,"Tang, J., Fang, J., Tam, N. F., Yang, Y., Dai, Y., Zhang, J., & Shi, Y. (2021). Impact of Phytoplankton Blooms on Concentrations of Antibiotics in Sediment and Snails in a Subtropical River, China. Environmental Science & Technology, 55(3), 1811-1821. https://doi.org/10.1021/acs.est.0c08248","Supporting Information Table S3 (surface sediments, late blooming season)",PDF-TANG-2021,"2021 Jinpeng Tang Supporting Information  Impact of Phytoplankton Blooms on Concentrations of Antibiotics in Sediment and Snails in a Subtropical River, China .pdf"
sediment,Guangdong,"Pearl River, site Z7",Sulfamethazine,sulfonamides,64.2,NA,ng/g (dw),2016,autumn,"Tang, J., Fang, J., Tam, N. F., Yang, Y., Dai, Y., Zhang, J., & Shi, Y. (2021). Impact of Phytoplankton Blooms on Concentrations of Antibiotics in Sediment and Snails in a Subtropical River, China. Environmental Science & Technology, 55(3), 1811-1821. https://doi.org/10.1021/acs.est.0c08248","Supporting Information Table S3 (surface sediments, late blooming season)",PDF-TANG-2021,"2021 Jinpeng Tang Supporting Information  Impact of Phytoplankton Blooms on Concentrations of Antibiotics in Sediment and Snails in a Subtropical River, China .pdf"
sediment,Guangdong,"Pearl River, site Z8",Sulfamethazine,sulfonamides,84.3,NA,ng/g (dw),2016,autumn,"Tang, J., Fang, J., Tam, N. F., Yang, Y., Dai, Y., Zhang, J., & Shi, Y. (2021). Impact of Phytoplankton Blooms on Concentrations of Antibiotics in Sediment and Snails in a Subtropical River, China. Environmental Science & Technology, 55(3), 1811-1821. https://doi.org/10.1021/acs.est.0c08248","Supporting Information Table S3 (surface sediments, late blooming season)",PDF-TANG-2021,"2021 Jinpeng Tang Supporting Information  Impact of Phytoplankton Blooms on Concentrations of Antibiotics in Sediment and Snails in a Subtropical River, China .pdf"
sediment,Guangdong,"Pearl River, site Z9",Sulfamethazine,sulfonamides,39.3,NA,ng/g (dw),2016,autumn,"Tang, J., Fang, J., Tam, N. F., Yang, Y., Dai, Y., Zhang, J., & Shi, Y. (2021). Impact of Phytoplankton Blooms on Concentrations of Antibiotics in Sediment and Snails in a Subtropical River, China. Environmental Science & Technology, 55(3), 1811-1821. https://doi.org/10.1021/acs.est.0c08248","Supporting Information Table S3 (surface sediments, late blooming season)",PDF-TANG-2021,"2021 Jinpeng Tang Supporting Information  Impact of Phytoplankton Blooms on Concentrations of Antibiotics in Sediment and Snails in a Subtropical River, China .pdf"
sediment,Guangdong,"Pearl River, site Z10",Sulfamethazine,sulfonamides,53.6,NA,ng/g (dw),2016,autumn,"Tang, J., Fang, J., Tam, N. F., Yang, Y., Dai, Y., Zhang, J., & Shi, Y. (2021). Impact of Phytoplankton Blooms on Concentrations of Antibiotics in Sediment and Snails in a Subtropical River, China. Environmental Science & Technology, 55(3), 1811-1821. https://doi.org/10.1021/acs.est.0c08248","Supporting Information Table S3 (surface sediments, late blooming season)",PDF-TANG-2021,"2021 Jinpeng Tang Supporting Information  Impact of Phytoplankton Blooms on Concentrations of Antibiotics in Sediment and Snails in a Subtropical River, China .pdf"
sediment,Guangdong,"Pearl River, site Z11",Sulfamethazine,sulfonamides,47.6,NA,ng/g (dw),2016,autumn,"Tang, J., Fang, J., Tam, N. F., Yang, Y., Dai, Y., Zhang, J., & Shi, Y. (2021). Impact of Phytoplankton Blooms on Concentrations of Antibiotics in Sediment and Snails in a Subtropical River, China. Environmental Science & Technology, 55(3), 1811-1821. https://doi.org/10.1021/acs.est.0c08248","Supporting Information Table S3 (surface sediments, late blooming season)",PDF-TANG-2021,"2021 Jinpeng Tang Supporting Information  Impact of Phytoplankton Blooms on Concentrations of Antibiotics in Sediment and Snails in a Subtropical River, China .pdf"
sediment,Guangdong,"Pearl River, site Z1",Sulfamethoxazole,sulfonamides,66.7,NA,ng/g (dw),2016,autumn,"Tang, J., Fang, J., Tam, N. F., Yang, Y., Dai, Y., Zhang, J., & Shi, Y. (2021). Impact of Phytoplankton Blooms on Concentrations of Antibiotics in Sediment and Snails in a Subtropical River, China. Environmental Science & Technology, 55(3), 1811-1821. https://doi.org/10.1021/acs.est.0c08248","Supporting Information Table S3 (surface sediments, late blooming season)",PDF-TANG-2021,"2021 Jinpeng Tang Supporting Information  Impact of Phytoplankton Blooms on Concentrations of Antibiotics in Sediment and Snails in a Subtropical River, China .pdf"
sediment,Guangdong,"Pearl River, site Z2",Sulfamethoxazole,sulfonamides,194.5,NA,ng/g (dw),2016,autumn,"Tang, J., Fang, J., Tam, N. F., Yang, Y., Dai, Y., Zhang, J., & Shi, Y. (2021). Impact of Phytoplankton Blooms on Concentrations of Antibiotics in Sediment and Snails in a Subtropical River, China. Environmental Science & Technology, 55(3), 1811-1821. https://doi.org/10.1021/acs.est.0c08248","Supporting Information Table S3 (surface sediments, late blooming season)",PDF-TANG-2021,"2021 Jinpeng Tang Supporting Information  Impact of Phytoplankton Blooms on Concentrations of Antibiotics in Sediment and Snails in a Subtropical River, China .pdf"
sediment,Guangdong,"Pearl River, site Z3",Sulfamethoxazole,sulfonamides,120.2,NA,ng/g (dw),2016,autumn,"Tang, J., Fang, J., Tam, N. F., Yang, Y., Dai, Y., Zhang, J., & Shi, Y. (2021). Impact of Phytoplankton Blooms on Concentrations of Antibiotics in Sediment and Snails in a Subtropical River, China. Environmental Science & Technology, 55(3), 1811-1821. https://doi.org/10.1021/acs.est.0c08248","Supporting Information Table S3 (surface sediments, late blooming season)",PDF-TANG-2021,"2021 Jinpeng Tang Supporting Information  Impact of Phytoplankton Blooms on Concentrations of Antibiotics in Sediment and Snails in a Subtropical River, China .pdf"
sediment,Guangdong,"Pearl River, site Z4",Sulfamethoxazole,sulfonamides,85.6,NA,ng/g (dw),2016,autumn,"Tang, J., Fang, J., Tam, N. F., Yang, Y., Dai, Y., Zhang, J., & Shi, Y. (2021). Impact of Phytoplankton Blooms on Concentrations of Antibiotics in Sediment and Snails in a Subtropical River, China. Environmental Science & Technology, 55(3), 1811-1821. https://doi.org/10.1021/acs.est.0c08248","Supporting Information Table S3 (surface sediments, late blooming season)",PDF-TANG-2021,"2021 Jinpeng Tang Supporting Information  Impact of Phytoplankton Blooms on Concentrations of Antibiotics in Sediment and Snails in a Subtropical River, China .pdf"
sediment,Guangdong,"Pearl River, site Z5",Sulfamethoxazole,sulfonamides,52.5,NA,ng/g (dw),2016,autumn,"Tang, J., Fang, J., Tam, N. F., Yang, Y., Dai, Y., Zhang, J., & Shi, Y. (2021). Impact of Phytoplankton Blooms on Concentrations of Antibiotics in Sediment and Snails in a Subtropical River, China. Environmental Science & Technology, 55(3), 1811-1821. https://doi.org/10.1021/acs.est.0c08248","Supporting Information Table S3 (surface sediments, late blooming season)",PDF-TANG-2021,"2021 Jinpeng Tang Supporting Information  Impact of Phytoplankton Blooms on Concentrations of Antibiotics in Sediment and Snails in a Subtropical River, China .pdf"
sediment,Guangdong,"Pearl River, site Z6",Sulfamethoxazole,sulfonamides,18.3,NA,ng/g (dw),2016,autumn,"Tang, J., Fang, J., Tam, N. F., Yang, Y., Dai, Y., Zhang, J., & Shi, Y. (2021). Impact of Phytoplankton Blooms on Concentrations of Antibiotics in Sediment and Snails in a Subtropical River, China. Environmental Science & Technology, 55(3), 1811-1821. https://doi.org/10.1021/acs.est.0c08248","Supporting Information Table S3 (surface sediments, late blooming season)",PDF-TANG-2021,"2021 Jinpeng Tang Supporting Information  Impact of Phytoplankton Blooms on Concentrations of Antibiotics in Sediment and Snails in a Subtropical River, China .pdf"
sediment,Guangdong,"Pearl River, site Z7",Sulfamethoxazole,sulfonamides,56.6,NA,ng/g (dw),2016,autumn,"Tang, J., Fang, J., Tam, N. F., Yang, Y., Dai, Y., Zhang, J., & Shi, Y. (2021). Impact of Phytoplankton Blooms on Concentrations of Antibiotics in Sediment and Snails in a Subtropical River, China. Environmental Science & Technology, 55(3), 1811-1821. https://doi.org/10.1021/acs.est.0c08248","Supporting Information Table S3 (surface sediments, late blooming season)",PDF-TANG-2021,"2021 Jinpeng Tang Supporting Information  Impact of Phytoplankton Blooms on Concentrations of Antibiotics in Sediment and Snails in a Subtropical River, China .pdf"
sediment,Guangdong,"Pearl River, site Z8",Sulfamethoxazole,sulfonamides,37.2,NA,ng/g (dw),2016,autumn,"Tang, J., Fang, J., Tam, N. F., Yang, Y., Dai, Y., Zhang, J., & Shi, Y. (2021). Impact of Phytoplankton Blooms on Concentrations of Antibiotics in Sediment and Snails in a Subtropical River, China. Environmental Science & Technology, 55(3), 1811-1821. https://doi.org/10.1021/acs.est.0c08248","Supporting Information Table S3 (surface sediments, late blooming season)",PDF-TANG-2021,"2021 Jinpeng Tang Supporting Information  Impact of Phytoplankton Blooms on Concentrations of Antibiotics in Sediment and Snails in a Subtropical River, China .pdf"
sediment,Guangdong,"Pearl River, site Z9",Sulfamethoxazole,sulfonamides,24.4,NA,ng/g (dw),2016,autumn,"Tang, J., Fang, J., Tam, N. F., Yang, Y., Dai, Y., Zhang, J., & Shi, Y. (2021). Impact of Phytoplankton Blooms on Concentrations of Antibiotics in Sediment and Snails in a Subtropical River, China. Environmental Science & Technology, 55(3), 1811-1821. https://doi.org/10.1021/acs.est.0c08248","Supporting Information Table S3 (surface sediments, late blooming season)",PDF-TANG-2021,"2021 Jinpeng Tang Supporting Information  Impact of Phytoplankton Blooms on Concentrations of Antibiotics in Sediment and Snails in a Subtropical River, China .pdf"
sediment,Guangdong,"Pearl River, site Z10",Sulfamethoxazole,sulfonamides,31.7,NA,ng/g (dw),2016,autumn,"Tang, J., Fang, J., Tam, N. F., Yang, Y., Dai, Y., Zhang, J., & Shi, Y. (2021). Impact of Phytoplankton Blooms on Concentrations of Antibiotics in Sediment and Snails in a Subtropical River, China. Environmental Science & Technology, 55(3), 1811-1821. https://doi.org/10.1021/acs.est.0c08248","Supporting Information Table S3 (surface sediments, late blooming season)",PDF-TANG-2021,"2021 Jinpeng Tang Supporting Information  Impact of Phytoplankton Blooms on Concentrations of Antibiotics in Sediment and Snails in a Subtropical River, China .pdf"
sediment,Guangdong,"Pearl River, site Z11",Sulfamethoxazole,sulfonamides,18.1,NA,ng/g (dw),2016,autumn,"Tang, J., Fang, J., Tam, N. F., Yang, Y., Dai, Y., Zhang, J., & Shi, Y. (2021). Impact of Phytoplankton Blooms on Concentrations of Antibiotics in Sediment and Snails in a Subtropical River, China. Environmental Science & Technology, 55(3), 1811-1821. https://doi.org/10.1021/acs.est.0c08248","Supporting Information Table S3 (surface sediments, late blooming season)",PDF-TANG-2021,"2021 Jinpeng Tang Supporting Information  Impact of Phytoplankton Blooms on Concentrations of Antibiotics in Sediment and Snails in a Subtropical River, China .pdf"
sediment,Guangdong,"Pearl River, site Z1",Sulfapyridine,sulfonamides,40.6,NA,ng/g (dw),2016,autumn,"Tang, J., Fang, J., Tam, N. F., Yang, Y., Dai, Y., Zhang, J., & Shi, Y. (2021). Impact of Phytoplankton Blooms on Concentrations of Antibiotics in Sediment and Snails in a Subtropical River, China. Environmental Science & Technology, 55(3), 1811-1821. https://doi.org/10.1021/acs.est.0c08248","Supporting Information Table S3 (surface sediments, late blooming season)",PDF-TANG-2021,"2021 Jinpeng Tang Supporting Information  Impact of Phytoplankton Blooms on Concentrations of Antibiotics in Sediment and Snails in a Subtropical River, China .pdf"
sediment,Guangdong,"Pearl River, site Z2",Sulfapyridine,sulfonamides,234.7,NA,ng/g (dw),2016,autumn,"Tang, J., Fang, J., Tam, N. F., Yang, Y., Dai, Y., Zhang, J., & Shi, Y. (2021). Impact of Phytoplankton Blooms on Concentrations of Antibiotics in Sediment and Snails in a Subtropical River, China. Environmental Science & Technology, 55(3), 1811-1821. https://doi.org/10.1021/acs.est.0c08248","Supporting Information Table S3 (surface sediments, late blooming season)",PDF-TANG-2021,"2021 Jinpeng Tang Supporting Information  Impact of Phytoplankton Blooms on Concentrations of Antibiotics in Sediment and Snails in a Subtropical River, China .pdf"
sediment,Guangdong,"Pearl River, site Z3",Sulfapyridine,sulfonamides,129.3,NA,ng/g (dw),2016,autumn,"Tang, J., Fang, J., Tam, N. F., Yang, Y., Dai, Y., Zhang, J., & Shi, Y. (2021). Impact of Phytoplankton Blooms on Concentrations of Antibiotics in Sediment and Snails in a Subtropical River, China. Environmental Science & Technology, 55(3), 1811-1821. https://doi.org/10.1021/acs.est.0c08248","Supporting Information Table S3 (surface sediments, late blooming season)",PDF-TANG-2021,"2021 Jinpeng Tang Supporting Information  Impact of Phytoplankton Blooms on Concentrations of Antibiotics in Sediment and Snails in a Subtropical River, China .pdf"
sediment,Guangdong,"Pearl River, site Z4",Sulfapyridine,sulfonamides,164.2,NA,ng/g (dw),2016,autumn,"Tang, J., Fang, J., Tam, N. F., Yang, Y., Dai, Y., Zhang, J., & Shi, Y. (2021). Impact of Phytoplankton Blooms on Concentrations of Antibiotics in Sediment and Snails in a Subtropical River, China. Environmental Science & Technology, 55(3), 1811-1821. https://doi.org/10.1021/acs.est.0c08248","Supporting Information Table S3 (surface sediments, late blooming season)",PDF-TANG-2021,"2021 Jinpeng Tang Supporting Information  Impact of Phytoplankton Blooms on Concentrations of Antibiotics in Sediment and Snails in a Subtropical River, China .pdf"
sediment,Guangdong,"Pearl River, site Z5",Sulfapyridine,sulfonamides,16,NA,ng/g (dw),2016,autumn,"Tang, J., Fang, J., Tam, N. F., Yang, Y., Dai, Y., Zhang, J., & Shi, Y. (2021). Impact of Phytoplankton Blooms on Concentrations of Antibiotics in Sediment and Snails in a Subtropical River, China. Environmental Science & Technology, 55(3), 1811-1821. https://doi.org/10.1021/acs.est.0c08248","Supporting Information Table S3 (surface sediments, late blooming season)",PDF-TANG-2021,"2021 Jinpeng Tang Supporting Information  Impact of Phytoplankton Blooms on Concentrations of Antibiotics in Sediment and Snails in a Subtropical River, China .pdf"
sediment,Guangdong,"Pearl River, site Z6",Sulfapyridine,sulfonamides,23.8,NA,ng/g (dw),2016,autumn,"Tang, J., Fang, J., Tam, N. F., Yang, Y., Dai, Y., Zhang, J., & Shi, Y. (2021). Impact of Phytoplankton Blooms on Concentrations of Antibiotics in Sediment and Snails in a Subtropical River, China. Environmental Science & Technology, 55(3), 1811-1821. https://doi.org/10.1021/acs.est.0c08248","Supporting Information Table S3 (surface sediments, late blooming season)",PDF-TANG-2021,"2021 Jinpeng Tang Supporting Information  Impact of Phytoplankton Blooms on Concentrations of Antibiotics in Sediment and Snails in a Subtropical River, China .pdf"
sediment,Guangdong,"Pearl River, site Z7",Sulfapyridine,sulfonamides,28.9,NA,ng/g (dw),2016,autumn,"Tang, J., Fang, J., Tam, N. F., Yang, Y., Dai, Y., Zhang, J., & Shi, Y. (2021). Impact of Phytoplankton Blooms on Concentrations of Antibiotics in Sediment and Snails in a Subtropical River, China. Environmental Science & Technology, 55(3), 1811-1821. https://doi.org/10.1021/acs.est.0c08248","Supporting Information Table S3 (surface sediments, late blooming season)",PDF-TANG-2021,"2021 Jinpeng Tang Supporting Information  Impact of Phytoplankton Blooms on Concentrations of Antibiotics in Sediment and Snails in a Subtropical River, China .pdf"
sediment,Guangdong,"Pearl River, site Z8",Sulfapyridine,sulfonamides,17.3,NA,ng/g (dw),2016,autumn,"Tang, J., Fang, J., Tam, N. F., Yang, Y., Dai, Y., Zhang, J., & Shi, Y. (2021). Impact of Phytoplankton Blooms on Concentrations of Antibiotics in Sediment and Snails in a Subtropical River, China. Environmental Science & Technology, 55(3), 1811-1821. https://doi.org/10.1021/acs.est.0c08248","Supporting Information Table S3 (surface sediments, late blooming season)",PDF-TANG-2021,"2021 Jinpeng Tang Supporting Information  Impact of Phytoplankton Blooms on Concentrations of Antibiotics in Sediment and Snails in a Subtropical River, China .pdf"
sediment,Guangdong,"Pearl River, site Z9",Sulfapyridine,sulfonamides,21.6,NA,ng/g (dw),2016,autumn,"Tang, J., Fang, J., Tam, N. F., Yang, Y., Dai, Y., Zhang, J., & Shi, Y. (2021). Impact of Phytoplankton Blooms on Concentrations of Antibiotics in Sediment and Snails in a Subtropical River, China. Environmental Science & Technology, 55(3), 1811-1821. https://doi.org/10.1021/acs.est.0c08248","Supporting Information Table S3 (surface sediments, late blooming season)",PDF-TANG-2021,"2021 Jinpeng Tang Supporting Information  Impact of Phytoplankton Blooms on Concentrations of Antibiotics in Sediment and Snails in a Subtropical River, China .pdf"
sediment,Guangdong,"Pearl River, site Z10",Sulfapyridine,sulfonamides,24.3,NA,ng/g (dw),2016,autumn,"Tang, J., Fang, J., Tam, N. F., Yang, Y., Dai, Y., Zhang, J., & Shi, Y. (2021). Impact of Phytoplankton Blooms on Concentrations of Antibiotics in Sediment and Snails in a Subtropical River, China. Environmental Science & Technology, 55(3), 1811-1821. https://doi.org/10.1021/acs.est.0c08248","Supporting Information Table S3 (surface sediments, late blooming season)",PDF-TANG-2021,"2021 Jinpeng Tang Supporting Information  Impact of Phytoplankton Blooms on Concentrations of Antibiotics in Sediment and Snails in a Subtropical River, China .pdf"
sediment,Guangdong,"Pearl River, site Z11",Sulfapyridine,sulfonamides,25.9,NA,ng/g (dw),2016,autumn,"Tang, J., Fang, J., Tam, N. F., Yang, Y., Dai, Y., Zhang, J., & Shi, Y. (2021). Impact of Phytoplankton Blooms on Concentrations of Antibiotics in Sediment and Snails in a Subtropical River, China. Environmental Science & Technology, 55(3), 1811-1821. https://doi.org/10.1021/acs.est.0c08248","Supporting Information Table S3 (surface sediments, late blooming season)",PDF-TANG-2021,"2021 Jinpeng Tang Supporting Information  Impact of Phytoplankton Blooms on Concentrations of Antibiotics in Sediment and Snails in a Subtropical River, China .pdf"
sediment,Guangdong,"Pearl River, site Z1",Tetracycline,tetracyclines,13.3,NA,ng/g (dw),2016,autumn,"Tang, J., Fang, J., Tam, N. F., Yang, Y., Dai, Y., Zhang, J., & Shi, Y. (2021). Impact of Phytoplankton Blooms on Concentrations of Antibiotics in Sediment and Snails in a Subtropical River, China. Environmental Science & Technology, 55(3), 1811-1821. https://doi.org/10.1021/acs.est.0c08248","Supporting Information Table S4 (surface sediments, late blooming season)",PDF-TANG-2021,"2021 Jinpeng Tang Supporting Information  Impact of Phytoplankton Blooms on Concentrations of Antibiotics in Sediment and Snails in a Subtropical River, China .pdf"
sediment,Guangdong,"Pearl River, site Z2",Tetracycline,tetracyclines,65.8,NA,ng/g (dw),2016,autumn,"Tang, J., Fang, J., Tam, N. F., Yang, Y., Dai, Y., Zhang, J., & Shi, Y. (2021). Impact of Phytoplankton Blooms on Concentrations of Antibiotics in Sediment and Snails in a Subtropical River, China. Environmental Science & Technology, 55(3), 1811-1821. https://doi.org/10.1021/acs.est.0c08248","Supporting Information Table S4 (surface sediments, late blooming season)",PDF-TANG-2021,"2021 Jinpeng Tang Supporting Information  Impact of Phytoplankton Blooms on Concentrations of Antibiotics in Sediment and Snails in a Subtropical River, China .pdf"
sediment,Guangdong,"Pearl River, site Z3",Tetracycline,tetracyclines,52.6,NA,ng/g (dw),2016,autumn,"Tang, J., Fang, J., Tam, N. F., Yang, Y., Dai, Y., Zhang, J., & Shi, Y. (2021). Impact of Phytoplankton Blooms on Concentrations of Antibiotics in Sediment and Snails in a Subtropical River, China. Environmental Science & Technology, 55(3), 1811-1821. https://doi.org/10.1021/acs.est.0c08248","Supporting Information Table S4 (surface sediments, late blooming season)",PDF-TANG-2021,"2021 Jinpeng Tang Supporting Information  Impact of Phytoplankton Blooms on Concentrations of Antibiotics in Sediment and Snails in a Subtropical River, China .pdf"
sediment,Guangdong,"Pearl River, site Z4",Tetracycline,tetracyclines,14.6,NA,ng/g (dw),2016,autumn,"Tang, J., Fang, J., Tam, N. F., Yang, Y., Dai, Y., Zhang, J., & Shi, Y. (2021). Impact of Phytoplankton Blooms on Concentrations of Antibiotics in Sediment and Snails in a Subtropical River, China. Environmental Science & Technology, 55(3), 1811-1821. https://doi.org/10.1021/acs.est.0c08248","Supporting Information Table S4 (surface sediments, late blooming season)",PDF-TANG-2021,"2021 Jinpeng Tang Supporting Information  Impact of Phytoplankton Blooms on Concentrations of Antibiotics in Sediment and Snails in a Subtropical River, China .pdf"
sediment,Guangdong,"Pearl River, site Z5",Tetracycline,tetracyclines,84.5,NA,ng/g (dw),2016,autumn,"Tang, J., Fang, J., Tam, N. F., Yang, Y., Dai, Y., Zhang, J., & Shi, Y. (2021). Impact of Phytoplankton Blooms on Concentrations of Antibiotics in Sediment and Snails in a Subtropical River, China. Environmental Science & Technology, 55(3), 1811-1821. https://doi.org/10.1021/acs.est.0c08248","Supporting Information Table S4 (surface sediments, late blooming season)",PDF-TANG-2021,"2021 Jinpeng Tang Supporting Information  Impact of Phytoplankton Blooms on Concentrations of Antibiotics in Sediment and Snails in a Subtropical River, China .pdf"
sediment,Guangdong,"Pearl River, site Z6",Tetracycline,tetracyclines,19.4,NA,ng/g (dw),2016,autumn,"Tang, J., Fang, J., Tam, N. F., Yang, Y., Dai, Y., Zhang, J., & Shi, Y. (2021). Impact of Phytoplankton Blooms on Concentrations of Antibiotics in Sediment and Snails in a Subtropical River, China. Environmental Science & Technology, 55(3), 1811-1821. https://doi.org/10.1021/acs.est.0c08248","Supporting Information Table S4 (surface sediments, late blooming season)",PDF-TANG-2021,"2021 Jinpeng Tang Supporting Information  Impact of Phytoplankton Blooms on Concentrations of Antibiotics in Sediment and Snails in a Subtropical River, China .pdf"
sediment,Guangdong,"Pearl River, site Z7",Tetracycline,tetracyclines,23.8,NA,ng/g (dw),2016,autumn,"Tang, J., Fang, J., Tam, N. F., Yang, Y., Dai, Y., Zhang, J., & Shi, Y. (2021). Impact of Phytoplankton Blooms on Concentrations of Antibiotics in Sediment and Snails in a Subtropical River, China. Environmental Science & Technology, 55(3), 1811-1821. https://doi.org/10.1021/acs.est.0c08248","Supporting Information Table S4 (surface sediments, late blooming season)",PDF-TANG-2021,"2021 Jinpeng Tang Supporting Information  Impact of Phytoplankton Blooms on Concentrations of Antibiotics in Sediment and Snails in a Subtropical River, China .pdf"
sediment,Guangdong,"Pearl River, site Z8",Tetracycline,tetracyclines,14.5,NA,ng/g (dw),2016,autumn,"Tang, J., Fang, J., Tam, N. F., Yang, Y., Dai, Y., Zhang, J., & Shi, Y. (2021). Impact of Phytoplankton Blooms on Concentrations of Antibiotics in Sediment and Snails in a Subtropical River, China. Environmental Science & Technology, 55(3), 1811-1821. https://doi.org/10.1021/acs.est.0c08248","Supporting Information Table S4 (surface sediments, late blooming season)",PDF-TANG-2021,"2021 Jinpeng Tang Supporting Information  Impact of Phytoplankton Blooms on Concentrations of Antibiotics in Sediment and Snails in a Subtropical River, China .pdf"
sediment,Guangdong,"Pearl River, site Z9",Tetracycline,tetracyclines,4.3,NA,ng/g (dw),2016,autumn,"Tang, J., Fang, J., Tam, N. F., Yang, Y., Dai, Y., Zhang, J., & Shi, Y. (2021). Impact of Phytoplankton Blooms on Concentrations of Antibiotics in Sediment and Snails in a Subtropical River, China. Environmental Science & Technology, 55(3), 1811-1821. https://doi.org/10.1021/acs.est.0c08248","Supporting Information Table S4 (surface sediments, late blooming season)",PDF-TANG-2021,"2021 Jinpeng Tang Supporting Information  Impact of Phytoplankton Blooms on Concentrations of Antibiotics in Sediment and Snails in a Subtropical River, China .pdf"
sediment,Guangdong,"Pearl River, site Z10",Tetracycline,tetracyclines,11.7,NA,ng/g (dw),2016,autumn,"Tang, J., Fang, J., Tam, N. F., Yang, Y., Dai, Y., Zhang, J., & Shi, Y. (2021). Impact of Phytoplankton Blooms on Concentrations of Antibiotics in Sediment and Snails in a Subtropical River, China. Environmental Science & Technology, 55(3), 1811-1821. https://doi.org/10.1021/acs.est.0c08248","Supporting Information Table S4 (surface sediments, late blooming season)",PDF-TANG-2021,"2021 Jinpeng Tang Supporting Information  Impact of Phytoplankton Blooms on Concentrations of Antibiotics in Sediment and Snails in a Subtropical River, China .pdf"
sediment,Guangdong,"Pearl River, site Z11",Tetracycline,tetracyclines,3.4,NA,ng/g (dw),2016,autumn,"Tang, J., Fang, J., Tam, N. F., Yang, Y., Dai, Y., Zhang, J., & Shi, Y. (2021). Impact of Phytoplankton Blooms on Concentrations of Antibiotics in Sediment and Snails in a Subtropical River, China. Environmental Science & Technology, 55(3), 1811-1821. https://doi.org/10.1021/acs.est.0c08248","Supporting Information Table S4 (surface sediments, late blooming season)",PDF-TANG-2021,"2021 Jinpeng Tang Supporting Information  Impact of Phytoplankton Blooms on Concentrations of Antibiotics in Sediment and Snails in a Subtropical River, China .pdf"
sediment,Guangdong,"Pearl River, site Z1",Trimethoprim,sulfonamides,132.3,NA,ng/g (dw),2016,autumn,"Tang, J., Fang, J., Tam, N. F., Yang, Y., Dai, Y., Zhang, J., & Shi, Y. (2021). Impact of Phytoplankton Blooms on Concentrations of Antibiotics in Sediment and Snails in a Subtropical River, China. Environmental Science & Technology, 55(3), 1811-1821. https://doi.org/10.1021/acs.est.0c08248","Supporting Information Table S3 (surface sediments, late blooming season)",PDF-TANG-2021,"2021 Jinpeng Tang Supporting Information  Impact of Phytoplankton Blooms on Concentrations of Antibiotics in Sediment and Snails in a Subtropical River, China .pdf"
sediment,Guangdong,"Pearl River, site Z2",Trimethoprim,sulfonamides,69.4,NA,ng/g (dw),2016,autumn,"Tang, J., Fang, J., Tam, N. F., Yang, Y., Dai, Y., Zhang, J., & Shi, Y. (2021). Impact of Phytoplankton Blooms on Concentrations of Antibiotics in Sediment and Snails in a Subtropical River, China. Environmental Science & Technology, 55(3), 1811-1821. https://doi.org/10.1021/acs.est.0c08248","Supporting Information Table S3 (surface sediments, late blooming season)",PDF-TANG-2021,"2021 Jinpeng Tang Supporting Information  Impact of Phytoplankton Blooms on Concentrations of Antibiotics in Sediment and Snails in a Subtropical River, China .pdf"
sediment,Guangdong,"Pearl River, site Z3",Trimethoprim,sulfonamides,107.8,NA,ng/g (dw),2016,autumn,"Tang, J., Fang, J., Tam, N. F., Yang, Y., Dai, Y., Zhang, J., & Shi, Y. (2021). Impact of Phytoplankton Blooms on Concentrations of Antibiotics in Sediment and Snails in a Subtropical River, China. Environmental Science & Technology, 55(3), 1811-1821. https://doi.org/10.1021/acs.est.0c08248","Supporting Information Table S3 (surface sediments, late blooming season)",PDF-TANG-2021,"2021 Jinpeng Tang Supporting Information  Impact of Phytoplankton Blooms on Concentrations of Antibiotics in Sediment and Snails in a Subtropical River, China .pdf"
sediment,Guangdong,"Pearl River, site Z4",Trimethoprim,sulfonamides,203.6,NA,ng/g (dw),2016,autumn,"Tang, J., Fang, J., Tam, N. F., Yang, Y., Dai, Y., Zhang, J., & Shi, Y. (2021). Impact of Phytoplankton Blooms on Concentrations of Antibiotics in Sediment and Snails in a Subtropical River, China. Environmental Science & Technology, 55(3), 1811-1821. https://doi.org/10.1021/acs.est.0c08248","Supporting Information Table S3 (surface sediments, late blooming season)",PDF-TANG-2021,"2021 Jinpeng Tang Supporting Information  Impact of Phytoplankton Blooms on Concentrations of Antibiotics in Sediment and Snails in a Subtropical River, China .pdf"
sediment,Guangdong,"Pearl River, site Z5",Trimethoprim,sulfonamides,68.8,NA,ng/g (dw),2016,autumn,"Tang, J., Fang, J., Tam, N. F., Yang, Y., Dai, Y., Zhang, J., & Shi, Y. (2021). Impact of Phytoplankton Blooms on Concentrations of Antibiotics in Sediment and Snails in a Subtropical River, China. Environmental Science & Technology, 55(3), 1811-1821. https://doi.org/10.1021/acs.est.0c08248","Supporting Information Table S3 (surface sediments, late blooming season)",PDF-TANG-2021,"2021 Jinpeng Tang Supporting Information  Impact of Phytoplankton Blooms on Concentrations of Antibiotics in Sediment and Snails in a Subtropical River, China .pdf"
sediment,Guangdong,"Pearl River, site Z6",Trimethoprim,sulfonamides,21.3,NA,ng/g (dw),2016,autumn,"Tang, J., Fang, J., Tam, N. F., Yang, Y., Dai, Y., Zhang, J., & Shi, Y. (2021). Impact of Phytoplankton Blooms on Concentrations of Antibiotics in Sediment and Snails in a Subtropical River, China. Environmental Science & Technology, 55(3), 1811-1821. https://doi.org/10.1021/acs.est.0c08248","Supporting Information Table S3 (surface sediments, late blooming season)",PDF-TANG-2021,"2021 Jinpeng Tang Supporting Information  Impact of Phytoplankton Blooms on Concentrations of Antibiotics in Sediment and Snails in a Subtropical River, China .pdf"
sediment,Guangdong,"Pearl River, site Z7",Trimethoprim,sulfonamides,68.8,NA,ng/g (dw),2016,autumn,"Tang, J., Fang, J., Tam, N. F., Yang, Y., Dai, Y., Zhang, J., & Shi, Y. (2021). Impact of Phytoplankton Blooms on Concentrations of Antibiotics in Sediment and Snails in a Subtropical River, China. Environmental Science & Technology, 55(3), 1811-1821. https://doi.org/10.1021/acs.est.0c08248","Supporting Information Table S3 (surface sediments, late blooming season)",PDF-TANG-2021,"2021 Jinpeng Tang Supporting Information  Impact of Phytoplankton Blooms on Concentrations of Antibiotics in Sediment and Snails in a Subtropical River, China .pdf"
sediment,Guangdong,"Pearl River, site Z8",Trimethoprim,sulfonamides,59.7,NA,ng/g (dw),2016,autumn,"Tang, J., Fang, J., Tam, N. F., Yang, Y., Dai, Y., Zhang, J., & Shi, Y. (2021). Impact of Phytoplankton Blooms on Concentrations of Antibiotics in Sediment and Snails in a Subtropical River, China. Environmental Science & Technology, 55(3), 1811-1821. https://doi.org/10.1021/acs.est.0c08248","Supporting Information Table S3 (surface sediments, late blooming season)",PDF-TANG-2021,"2021 Jinpeng Tang Supporting Information  Impact of Phytoplankton Blooms on Concentrations of Antibiotics in Sediment and Snails in a Subtropical River, China .pdf"
sediment,Guangdong,"Pearl River, site Z9",Trimethoprim,sulfonamides,24.1,NA,ng/g (dw),2016,autumn,"Tang, J., Fang, J., Tam, N. F., Yang, Y., Dai, Y., Zhang, J., & Shi, Y. (2021). Impact of Phytoplankton Blooms on Concentrations of Antibiotics in Sediment and Snails in a Subtropical River, China. Environmental Science & Technology, 55(3), 1811-1821. https://doi.org/10.1021/acs.est.0c08248","Supporting Information Table S3 (surface sediments, late blooming season)",PDF-TANG-2021,"2021 Jinpeng Tang Supporting Information  Impact of Phytoplankton Blooms on Concentrations of Antibiotics in Sediment and Snails in a Subtropical River, China .pdf"
sediment,Guangdong,"Pearl River, site Z10",Trimethoprim,sulfonamides,32.1,NA,ng/g (dw),2016,autumn,"Tang, J., Fang, J., Tam, N. F., Yang, Y., Dai, Y., Zhang, J., & Shi, Y. (2021). Impact of Phytoplankton Blooms on Concentrations of Antibiotics in Sediment and Snails in a Subtropical River, China. Environmental Science & Technology, 55(3), 1811-1821. https://doi.org/10.1021/acs.est.0c08248","Supporting Information Table S3 (surface sediments, late blooming season)",PDF-TANG-2021,"2021 Jinpeng Tang Supporting Information  Impact of Phytoplankton Blooms on Concentrations of Antibiotics in Sediment and Snails in a Subtropical River, China .pdf"
sediment,Guangdong,"Pearl River, site Z11",Trimethoprim,sulfonamides,46.8,NA,ng/g (dw),2016,autumn,"Tang, J., Fang, J., Tam, N. F., Yang, Y., Dai, Y., Zhang, J., & Shi, Y. (2021). Impact of Phytoplankton Blooms on Concentrations of Antibiotics in Sediment and Snails in a Subtropical River, China. Environmental Science & Technology, 55(3), 1811-1821. https://doi.org/10.1021/acs.est.0c08248","Supporting Information Table S3 (surface sediments, late blooming season)",PDF-TANG-2021,"2021 Jinpeng Tang Supporting Information  Impact of Phytoplankton Blooms on Concentrations of Antibiotics in Sediment and Snails in a Subtropical River, China .pdf"
sediment,Guangdong,"Pearl River, site Z1",Ciprofloxacin,fluoroquinolones,69.5,NA,ng/g (dw),2017,autumn,"Tang, J., Fang, J., Tam, N. F., Yang, Y., Dai, Y., Zhang, J., & Shi, Y. (2021). Impact of Phytoplankton Blooms on Concentrations of Antibiotics in Sediment and Snails in a Subtropical River, China. Environmental Science & Technology, 55(3), 1811-1821. https://doi.org/10.1021/acs.est.0c08248","Supporting Information Table S4 (surface sediments, late blooming season)",PDF-TANG-2021,"2021 Jinpeng Tang Supporting Information  Impact of Phytoplankton Blooms on Concentrations of Antibiotics in Sediment and Snails in a Subtropical River, China .pdf"
sediment,Guangdong,"Pearl River, site Z2",Ciprofloxacin,fluoroquinolones,162.4,NA,ng/g (dw),2017,autumn,"Tang, J., Fang, J., Tam, N. F., Yang, Y., Dai, Y., Zhang, J., & Shi, Y. (2021). Impact of Phytoplankton Blooms on Concentrations of Antibiotics in Sediment and Snails in a Subtropical River, China. Environmental Science & Technology, 55(3), 1811-1821. https://doi.org/10.1021/acs.est.0c08248","Supporting Information Table S4 (surface sediments, late blooming season)",PDF-TANG-2021,"2021 Jinpeng Tang Supporting Information  Impact of Phytoplankton Blooms on Concentrations of Antibiotics in Sediment and Snails in a Subtropical River, China .pdf"
sediment,Guangdong,"Pearl River, site Z3",Ciprofloxacin,fluoroquinolones,41.6,NA,ng/g (dw),2017,autumn,"Tang, J., Fang, J., Tam, N. F., Yang, Y., Dai, Y., Zhang, J., & Shi, Y. (2021). Impact of Phytoplankton Blooms on Concentrations of Antibiotics in Sediment and Snails in a Subtropical River, China. Environmental Science & Technology, 55(3), 1811-1821. https://doi.org/10.1021/acs.est.0c08248","Supporting Information Table S4 (surface sediments, late blooming season)",PDF-TANG-2021,"2021 Jinpeng Tang Supporting Information  Impact of Phytoplankton Blooms on Concentrations of Antibiotics in Sediment and Snails in a Subtropical River, China .pdf"
sediment,Guangdong,"Pearl River, site Z4",Ciprofloxacin,fluoroquinolones,57.1,NA,ng/g (dw),2017,autumn,"Tang, J., Fang, J., Tam, N. F., Yang, Y., Dai, Y., Zhang, J., & Shi, Y. (2021). Impact of Phytoplankton Blooms on Concentrations of Antibiotics in Sediment and Snails in a Subtropical River, China. Environmental Science & Technology, 55(3), 1811-1821. https://doi.org/10.1021/acs.est.0c08248","Supporting Information Table S4 (surface sediments, late blooming season)",PDF-TANG-2021,"2021 Jinpeng Tang Supporting Information  Impact of Phytoplankton Blooms on Concentrations of Antibiotics in Sediment and Snails in a Subtropical River, China .pdf"
sediment,Guangdong,"Pearl River, site Z5",Ciprofloxacin,fluoroquinolones,58.9,NA,ng/g (dw),2017,autumn,"Tang, J., Fang, J., Tam, N. F., Yang, Y., Dai, Y., Zhang, J., & Shi, Y. (2021). Impact of Phytoplankton Blooms on Concentrations of Antibiotics in Sediment and Snails in a Subtropical River, China. Environmental Science & Technology, 55(3), 1811-1821. https://doi.org/10.1021/acs.est.0c08248","Supporting Information Table S4 (surface sediments, late blooming season)",PDF-TANG-2021,"2021 Jinpeng Tang Supporting Information  Impact of Phytoplankton Blooms on Concentrations of Antibiotics in Sediment and Snails in a Subtropical River, China .pdf"
sediment,Guangdong,"Pearl River, site Z6",Ciprofloxacin,fluoroquinolones,26,NA,ng/g (dw),2017,autumn,"Tang, J., Fang, J., Tam, N. F., Yang, Y., Dai, Y., Zhang, J., & Shi, Y. (2021). Impact of Phytoplankton Blooms on Concentrations of Antibiotics in Sediment and Snails in a Subtropical River, China. Environmental Science & Technology, 55(3), 1811-1821. https://doi.org/10.1021/acs.est.0c08248","Supporting Information Table S4 (surface sediments, late blooming season)",PDF-TANG-2021,"2021 Jinpeng Tang Supporting Information  Impact of Phytoplankton Blooms on Concentrations of Antibiotics in Sediment and Snails in a Subtropical River, China .pdf"
sediment,Guangdong,"Pearl River, site Z7",Ciprofloxacin,fluoroquinolones,41.6,NA,ng/g (dw),2017,autumn,"Tang, J., Fang, J., Tam, N. F., Yang, Y., Dai, Y., Zhang, J., & Shi, Y. (2021). Impact of Phytoplankton Blooms on Concentrations of Antibiotics in Sediment and Snails in a Subtropical River, China. Environmental Science & Technology, 55(3), 1811-1821. https://doi.org/10.1021/acs.est.0c08248","Supporting Information Table S4 (surface sediments, late blooming season)",PDF-TANG-2021,"2021 Jinpeng Tang Supporting Information  Impact of Phytoplankton Blooms on Concentrations of Antibiotics in Sediment and Snails in a Subtropical River, China .pdf"
sediment,Guangdong,"Pearl River, site Z8",Ciprofloxacin,fluoroquinolones,20.4,NA,ng/g (dw),2017,autumn,"Tang, J., Fang, J., Tam, N. F., Yang, Y., Dai, Y., Zhang, J., & Shi, Y. (2021). Impact of Phytoplankton Blooms on Concentrations of Antibiotics in Sediment and Snails in a Subtropical River, China. Environmental Science & Technology, 55(3), 1811-1821. https://doi.org/10.1021/acs.est.0c08248","Supporting Information Table S4 (surface sediments, late blooming season)",PDF-TANG-2021,"2021 Jinpeng Tang Supporting Information  Impact of Phytoplankton Blooms on Concentrations of Antibiotics in Sediment and Snails in a Subtropical River, China .pdf"
sediment,Guangdong,"Pearl River, site Z9",Ciprofloxacin,fluoroquinolones,14.3,NA,ng/g (dw),2017,autumn,"Tang, J., Fang, J., Tam, N. F., Yang, Y., Dai, Y., Zhang, J., & Shi, Y. (2021). Impact of Phytoplankton Blooms on Concentrations of Antibiotics in Sediment and Snails in a Subtropical River, China. Environmental Science & Technology, 55(3), 1811-1821. https://doi.org/10.1021/acs.est.0c08248","Supporting Information Table S4 (surface sediments, late blooming season)",PDF-TANG-2021,"2021 Jinpeng Tang Supporting Information  Impact of Phytoplankton Blooms on Concentrations of Antibiotics in Sediment and Snails in a Subtropical River, China .pdf"
sediment,Guangdong,"Pearl River, site Z10",Ciprofloxacin,fluoroquinolones,2.3,NA,ng/g (dw),2017,autumn,"Tang, J., Fang, J., Tam, N. F., Yang, Y., Dai, Y., Zhang, J., & Shi, Y. (2021). Impact of Phytoplankton Blooms on Concentrations of Antibiotics in Sediment and Snails in a Subtropical River, China. Environmental Science & Technology, 55(3), 1811-1821. https://doi.org/10.1021/acs.est.0c08248","Supporting Information Table S4 (surface sediments, late blooming season)",PDF-TANG-2021,"2021 Jinpeng Tang Supporting Information  Impact of Phytoplankton Blooms on Concentrations of Antibiotics in Sediment and Snails in a Subtropical River, China .pdf"
sediment,Guangdong,"Pearl River, site Z11",Ciprofloxacin,fluoroquinolones,14.2,NA,ng/g (dw),2017,autumn,"Tang, J., Fang, J., Tam, N. F., Yang, Y., Dai, Y., Zhang, J., & Shi, Y. (2021). Impact of Phytoplankton Blooms on Concentrations of Antibiotics in Sediment and Snails in a Subtropical River, China. Environmental Science & Technology, 55(3), 1811-1821. https://doi.org/10.1021/acs.est.0c08248","Supporting Information Table S4 (surface sediments, late blooming season)",PDF-TANG-2021,"2021 Jinpeng Tang Supporting Information  Impact of Phytoplankton Blooms on Concentrations of Antibiotics in Sediment and Snails in a Subtropical River, China .pdf"
sediment,Guangdong,"Pearl River, site Z1",Erythromycin,macrolides,167.9,NA,ng/g (dw),2017,autumn,"Tang, J., Fang, J., Tam, N. F., Yang, Y., Dai, Y., Zhang, J., & Shi, Y. (2021). Impact of Phytoplankton Blooms on Concentrations of Antibiotics in Sediment and Snails in a Subtropical River, China. Environmental Science & Technology, 55(3), 1811-1821. https://doi.org/10.1021/acs.est.0c08248","Supporting Information Table S4 (surface sediments, late blooming season)",PDF-TANG-2021,"2021 Jinpeng Tang Supporting Information  Impact of Phytoplankton Blooms on Concentrations of Antibiotics in Sediment and Snails in a Subtropical River, China .pdf"
sediment,Guangdong,"Pearl River, site Z2",Erythromycin,macrolides,156,NA,ng/g (dw),2017,autumn,"Tang, J., Fang, J., Tam, N. F., Yang, Y., Dai, Y., Zhang, J., & Shi, Y. (2021). Impact of Phytoplankton Blooms on Concentrations of Antibiotics in Sediment and Snails in a Subtropical River, China. Environmental Science & Technology, 55(3), 1811-1821. https://doi.org/10.1021/acs.est.0c08248","Supporting Information Table S4 (surface sediments, late blooming season)",PDF-TANG-2021,"2021 Jinpeng Tang Supporting Information  Impact of Phytoplankton Blooms on Concentrations of Antibiotics in Sediment and Snails in a Subtropical River, China .pdf"
sediment,Guangdong,"Pearl River, site Z3",Erythromycin,macrolides,351.6,NA,ng/g (dw),2017,autumn,"Tang, J., Fang, J., Tam, N. F., Yang, Y., Dai, Y., Zhang, J., & Shi, Y. (2021). Impact of Phytoplankton Blooms on Concentrations of Antibiotics in Sediment and Snails in a Subtropical River, China. Environmental Science & Technology, 55(3), 1811-1821. https://doi.org/10.1021/acs.est.0c08248","Supporting Information Table S4 (surface sediments, late blooming season)",PDF-TANG-2021,"2021 Jinpeng Tang Supporting Information  Impact of Phytoplankton Blooms on Concentrations of Antibiotics in Sediment and Snails in a Subtropical River, China .pdf"
sediment,Guangdong,"Pearl River, site Z4",Erythromycin,macrolides,353,NA,ng/g (dw),2017,autumn,"Tang, J., Fang, J., Tam, N. F., Yang, Y., Dai, Y., Zhang, J., & Shi, Y. (2021). Impact of Phytoplankton Blooms on Concentrations of Antibiotics in Sediment and Snails in a Subtropical River, China. Environmental Science & Technology, 55(3), 1811-1821. https://doi.org/10.1021/acs.est.0c08248","Supporting Information Table S4 (surface sediments, late blooming season)",PDF-TANG-2021,"2021 Jinpeng Tang Supporting Information  Impact of Phytoplankton Blooms on Concentrations of Antibiotics in Sediment and Snails in a Subtropical River, China .pdf"
sediment,Guangdong,"Pearl River, site Z5",Erythromycin,macrolides,49.6,NA,ng/g (dw),2017,autumn,"Tang, J., Fang, J., Tam, N. F., Yang, Y., Dai, Y., Zhang, J., & Shi, Y. (2021). Impact of Phytoplankton Blooms on Concentrations of Antibiotics in Sediment and Snails in a Subtropical River, China. Environmental Science & Technology, 55(3), 1811-1821. https://doi.org/10.1021/acs.est.0c08248","Supporting Information Table S4 (surface sediments, late blooming season)",PDF-TANG-2021,"2021 Jinpeng Tang Supporting Information  Impact of Phytoplankton Blooms on Concentrations of Antibiotics in Sediment and Snails in a Subtropical River, China .pdf"
sediment,Guangdong,"Pearl River, site Z6",Erythromycin,macrolides,57.1,NA,ng/g (dw),2017,autumn,"Tang, J., Fang, J., Tam, N. F., Yang, Y., Dai, Y., Zhang, J., & Shi, Y. (2021). Impact of Phytoplankton Blooms on Concentrations of Antibiotics in Sediment and Snails in a Subtropical River, China. Environmental Science & Technology, 55(3), 1811-1821. https://doi.org/10.1021/acs.est.0c08248","Supporting Information Table S4 (surface sediments, late blooming season)",PDF-TANG-2021,"2021 Jinpeng Tang Supporting Information  Impact of Phytoplankton Blooms on Concentrations of Antibiotics in Sediment and Snails in a Subtropical River, China .pdf"
sediment,Guangdong,"Pearl River, site Z7",Erythromycin,macrolides,78.3,NA,ng/g (dw),2017,autumn,"Tang, J., Fang, J., Tam, N. F., Yang, Y., Dai, Y., Zhang, J., & Shi, Y. (2021). Impact of Phytoplankton Blooms on Concentrations of Antibiotics in Sediment and Snails in a Subtropical River, China. Environmental Science & Technology, 55(3), 1811-1821. https://doi.org/10.1021/acs.est.0c08248","Supporting Information Table S4 (surface sediments, late blooming season)",PDF-TANG-2021,"2021 Jinpeng Tang Supporting Information  Impact of Phytoplankton Blooms on Concentrations of Antibiotics in Sediment and Snails in a Subtropical River, China .pdf"
sediment,Guangdong,"Pearl River, site Z8",Erythromycin,macrolides,35.7,NA,ng/g (dw),2017,autumn,"Tang, J., Fang, J., Tam, N. F., Yang, Y., Dai, Y., Zhang, J., & Shi, Y. (2021). Impact of Phytoplankton Blooms on Concentrations of Antibiotics in Sediment and Snails in a Subtropical River, China. Environmental Science & Technology, 55(3), 1811-1821. https://doi.org/10.1021/acs.est.0c08248","Supporting Information Table S4 (surface sediments, late blooming season)",PDF-TANG-2021,"2021 Jinpeng Tang Supporting Information  Impact of Phytoplankton Blooms on Concentrations of Antibiotics in Sediment and Snails in a Subtropical River, China .pdf"
sediment,Guangdong,"Pearl River, site Z9",Erythromycin,macrolides,53.2,NA,ng/g (dw),2017,autumn,"Tang, J., Fang, J., Tam, N. F., Yang, Y., Dai, Y., Zhang, J., & Shi, Y. (2021). Impact of Phytoplankton Blooms on Concentrations of Antibiotics in Sediment and Snails in a Subtropical River, China. Environmental Science & Technology, 55(3), 1811-1821. https://doi.org/10.1021/acs.est.0c08248","Supporting Information Table S4 (surface sediments, late blooming season)",PDF-TANG-2021,"2021 Jinpeng Tang Supporting Information  Impact of Phytoplankton Blooms on Concentrations of Antibiotics in Sediment and Snails in a Subtropical River, China .pdf"
sediment,Guangdong,"Pearl River, site Z10",Erythromycin,macrolides,49.9,NA,ng/g (dw),2017,autumn,"Tang, J., Fang, J., Tam, N. F., Yang, Y., Dai, Y., Zhang, J., & Shi, Y. (2021). Impact of Phytoplankton Blooms on Concentrations of Antibiotics in Sediment and Snails in a Subtropical River, China. Environmental Science & Technology, 55(3), 1811-1821. https://doi.org/10.1021/acs.est.0c08248","Supporting Information Table S4 (surface sediments, late blooming season)",PDF-TANG-2021,"2021 Jinpeng Tang Supporting Information  Impact of Phytoplankton Blooms on Concentrations of Antibiotics in Sediment and Snails in a Subtropical River, China .pdf"
sediment,Guangdong,"Pearl River, site Z11",Erythromycin,macrolides,33.9,NA,ng/g (dw),2017,autumn,"Tang, J., Fang, J., Tam, N. F., Yang, Y., Dai, Y., Zhang, J., & Shi, Y. (2021). Impact of Phytoplankton Blooms on Concentrations of Antibiotics in Sediment and Snails in a Subtropical River, China. Environmental Science & Technology, 55(3), 1811-1821. https://doi.org/10.1021/acs.est.0c08248","Supporting Information Table S4 (surface sediments, late blooming season)",PDF-TANG-2021,"2021 Jinpeng Tang Supporting Information  Impact of Phytoplankton Blooms on Concentrations of Antibiotics in Sediment and Snails in a Subtropical River, China .pdf"
sediment,Guangdong,"Pearl River, site Z1",Lomefloxacin,fluoroquinolones,56.5,NA,ng/g (dw),2017,autumn,"Tang, J., Fang, J., Tam, N. F., Yang, Y., Dai, Y., Zhang, J., & Shi, Y. (2021). Impact of Phytoplankton Blooms on Concentrations of Antibiotics in Sediment and Snails in a Subtropical River, China. Environmental Science & Technology, 55(3), 1811-1821. https://doi.org/10.1021/acs.est.0c08248","Supporting Information Table S4 (surface sediments, late blooming season)",PDF-TANG-2021,"2021 Jinpeng Tang Supporting Information  Impact of Phytoplankton Blooms on Concentrations of Antibiotics in Sediment and Snails in a Subtropical River, China .pdf"
sediment,Guangdong,"Pearl River, site Z2",Lomefloxacin,fluoroquinolones,62.8,NA,ng/g (dw),2017,autumn,"Tang, J., Fang, J., Tam, N. F., Yang, Y., Dai, Y., Zhang, J., & Shi, Y. (2021). Impact of Phytoplankton Blooms on Concentrations of Antibiotics in Sediment and Snails in a Subtropical River, China. Environmental Science & Technology, 55(3), 1811-1821. https://doi.org/10.1021/acs.est.0c08248","Supporting Information Table S4 (surface sediments, late blooming season)",PDF-TANG-2021,"2021 Jinpeng Tang Supporting Information  Impact of Phytoplankton Blooms on Concentrations of Antibiotics in Sediment and Snails in a Subtropical River, China .pdf"
sediment,Guangdong,"Pearl River, site Z3",Lomefloxacin,fluoroquinolones,26.6,NA,ng/g (dw),2017,autumn,"Tang, J., Fang, J., Tam, N. F., Yang, Y., Dai, Y., Zhang, J., & Shi, Y. (2021). Impact of Phytoplankton Blooms on Concentrations of Antibiotics in Sediment and Snails in a Subtropical River, China. Environmental Science & Technology, 55(3), 1811-1821. https://doi.org/10.1021/acs.est.0c08248","Supporting Information Table S4 (surface sediments, late blooming season)",PDF-TANG-2021,"2021 Jinpeng Tang Supporting Information  Impact of Phytoplankton Blooms on Concentrations of Antibiotics in Sediment and Snails in a Subtropical River, China .pdf"
sediment,Guangdong,"Pearl River, site Z4",Lomefloxacin,fluoroquinolones,39.2,NA,ng/g (dw),2017,autumn,"Tang, J., Fang, J., Tam, N. F., Yang, Y., Dai, Y., Zhang, J., & Shi, Y. (2021). Impact of Phytoplankton Blooms on Concentrations of Antibiotics in Sediment and Snails in a Subtropical River, China. Environmental Science & Technology, 55(3), 1811-1821. https://doi.org/10.1021/acs.est.0c08248","Supporting Information Table S4 (surface sediments, late blooming season)",PDF-TANG-2021,"2021 Jinpeng Tang Supporting Information  Impact of Phytoplankton Blooms on Concentrations of Antibiotics in Sediment and Snails in a Subtropical River, China .pdf"
sediment,Guangdong,"Pearl River, site Z5",Lomefloxacin,fluoroquinolones,27.8,NA,ng/g (dw),2017,autumn,"Tang, J., Fang, J., Tam, N. F., Yang, Y., Dai, Y., Zhang, J., & Shi, Y. (2021). Impact of Phytoplankton Blooms on Concentrations of Antibiotics in Sediment and Snails in a Subtropical River, China. Environmental Science & Technology, 55(3), 1811-1821. https://doi.org/10.1021/acs.est.0c08248","Supporting Information Table S4 (surface sediments, late blooming season)",PDF-TANG-2021,"2021 Jinpeng Tang Supporting Information  Impact of Phytoplankton Blooms on Concentrations of Antibiotics in Sediment and Snails in a Subtropical River, China .pdf"
sediment,Guangdong,"Pearl River, site Z6",Lomefloxacin,fluoroquinolones,27.9,NA,ng/g (dw),2017,autumn,"Tang, J., Fang, J., Tam, N. F., Yang, Y., Dai, Y., Zhang, J., & Shi, Y. (2021). Impact of Phytoplankton Blooms on Concentrations of Antibiotics in Sediment and Snails in a Subtropical River, China. Environmental Science & Technology, 55(3), 1811-1821. https://doi.org/10.1021/acs.est.0c08248","Supporting Information Table S4 (surface sediments, late blooming season)",PDF-TANG-2021,"2021 Jinpeng Tang Supporting Information  Impact of Phytoplankton Blooms on Concentrations of Antibiotics in Sediment and Snails in a Subtropical River, China .pdf"
sediment,Guangdong,"Pearl River, site Z7",Lomefloxacin,fluoroquinolones,91.1,NA,ng/g (dw),2017,autumn,"Tang, J., Fang, J., Tam, N. F., Yang, Y., Dai, Y., Zhang, J., & Shi, Y. (2021). Impact of Phytoplankton Blooms on Concentrations of Antibiotics in Sediment and Snails in a Subtropical River, China. Environmental Science & Technology, 55(3), 1811-1821. https://doi.org/10.1021/acs.est.0c08248","Supporting Information Table S4 (surface sediments, late blooming season)",PDF-TANG-2021,"2021 Jinpeng Tang Supporting Information  Impact of Phytoplankton Blooms on Concentrations of Antibiotics in Sediment and Snails in a Subtropical River, China .pdf"
sediment,Guangdong,"Pearl River, site Z8",Lomefloxacin,fluoroquinolones,59.5,NA,ng/g (dw),2017,autumn,"Tang, J., Fang, J., Tam, N. F., Yang, Y., Dai, Y., Zhang, J., & Shi, Y. (2021). Impact of Phytoplankton Blooms on Concentrations of Antibiotics in Sediment and Snails in a Subtropical River, China. Environmental Science & Technology, 55(3), 1811-1821. https://doi.org/10.1021/acs.est.0c08248","Supporting Information Table S4 (surface sediments, late blooming season)",PDF-TANG-2021,"2021 Jinpeng Tang Supporting Information  Impact of Phytoplankton Blooms on Concentrations of Antibiotics in Sediment and Snails in a Subtropical River, China .pdf"
sediment,Guangdong,"Pearl River, site Z9",Lomefloxacin,fluoroquinolones,21.6,NA,ng/g (dw),2017,autumn,"Tang, J., Fang, J., Tam, N. F., Yang, Y., Dai, Y., Zhang, J., & Shi, Y. (2021). Impact of Phytoplankton Blooms on Concentrations of Antibiotics in Sediment and Snails in a Subtropical River, China. Environmental Science & Technology, 55(3), 1811-1821. https://doi.org/10.1021/acs.est.0c08248","Supporting Information Table S4 (surface sediments, late blooming season)",PDF-TANG-2021,"2021 Jinpeng Tang Supporting Information  Impact of Phytoplankton Blooms on Concentrations of Antibiotics in Sediment and Snails in a Subtropical River, China .pdf"
sediment,Guangdong,"Pearl River, site Z10",Lomefloxacin,fluoroquinolones,17.5,NA,ng/g (dw),2017,autumn,"Tang, J., Fang, J., Tam, N. F., Yang, Y., Dai, Y., Zhang, J., & Shi, Y. (2021). Impact of Phytoplankton Blooms on Concentrations of Antibiotics in Sediment and Snails in a Subtropical River, China. Environmental Science & Technology, 55(3), 1811-1821. https://doi.org/10.1021/acs.est.0c08248","Supporting Information Table S4 (surface sediments, late blooming season)",PDF-TANG-2021,"2021 Jinpeng Tang Supporting Information  Impact of Phytoplankton Blooms on Concentrations of Antibiotics in Sediment and Snails in a Subtropical River, China .pdf"
sediment,Guangdong,"Pearl River, site Z11",Lomefloxacin,fluoroquinolones,22.9,NA,ng/g (dw),2017,autumn,"Tang, J., Fang, J., Tam, N. F., Yang, Y., Dai, Y., Zhang, J., & Shi, Y. (2021). Impact of Phytoplankton Blooms on Concentrations of Antibiotics in Sediment and Snails in a Subtropical River, China. Environmental Science & Technology, 55(3), 1811-1821. https://doi.org/10.1021/acs.est.0c08248","Supporting Information Table S4 (surface sediments, late blooming season)",PDF-TANG-2021,"2021 Jinpeng Tang Supporting Information  Impact of Phytoplankton Blooms on Concentrations of Antibiotics in Sediment and Snails in a Subtropical River, China .pdf"
sediment,Guangdong,"Pearl River, site Z1",Norfloxacin,fluoroquinolones,253.5,NA,ng/g (dw),2017,autumn,"Tang, J., Fang, J., Tam, N. F., Yang, Y., Dai, Y., Zhang, J., & Shi, Y. (2021). Impact of Phytoplankton Blooms on Concentrations of Antibiotics in Sediment and Snails in a Subtropical River, China. Environmental Science & Technology, 55(3), 1811-1821. https://doi.org/10.1021/acs.est.0c08248","Supporting Information Table S4 (surface sediments, late blooming season)",PDF-TANG-2021,"2021 Jinpeng Tang Supporting Information  Impact of Phytoplankton Blooms on Concentrations of Antibiotics in Sediment and Snails in a Subtropical River, China .pdf"
sediment,Guangdong,"Pearl River, site Z2",Norfloxacin,fluoroquinolones,178.8,NA,ng/g (dw),2017,autumn,"Tang, J., Fang, J., Tam, N. F., Yang, Y., Dai, Y., Zhang, J., & Shi, Y. (2021). Impact of Phytoplankton Blooms on Concentrations of Antibiotics in Sediment and Snails in a Subtropical River, China. Environmental Science & Technology, 55(3), 1811-1821. https://doi.org/10.1021/acs.est.0c08248","Supporting Information Table S4 (surface sediments, late blooming season)",PDF-TANG-2021,"2021 Jinpeng Tang Supporting Information  Impact of Phytoplankton Blooms on Concentrations of Antibiotics in Sediment and Snails in a Subtropical River, China .pdf"
sediment,Guangdong,"Pearl River, site Z3",Norfloxacin,fluoroquinolones,143.4,NA,ng/g (dw),2017,autumn,"Tang, J., Fang, J., Tam, N. F., Yang, Y., Dai, Y., Zhang, J., & Shi, Y. (2021). Impact of Phytoplankton Blooms on Concentrations of Antibiotics in Sediment and Snails in a Subtropical River, China. Environmental Science & Technology, 55(3), 1811-1821. https://doi.org/10.1021/acs.est.0c08248","Supporting Information Table S4 (surface sediments, late blooming season)",PDF-TANG-2021,"2021 Jinpeng Tang Supporting Information  Impact of Phytoplankton Blooms on Concentrations of Antibiotics in Sediment and Snails in a Subtropical River, China .pdf"
sediment,Guangdong,"Pearl River, site Z4",Norfloxacin,fluoroquinolones,30.3,NA,ng/g (dw),2017,autumn,"Tang, J., Fang, J., Tam, N. F., Yang, Y., Dai, Y., Zhang, J., & Shi, Y. (2021). Impact of Phytoplankton Blooms on Concentrations of Antibiotics in Sediment and Snails in a Subtropical River, China. Environmental Science & Technology, 55(3), 1811-1821. https://doi.org/10.1021/acs.est.0c08248","Supporting Information Table S4 (surface sediments, late blooming season)",PDF-TANG-2021,"2021 Jinpeng Tang Supporting Information  Impact of Phytoplankton Blooms on Concentrations of Antibiotics in Sediment and Snails in a Subtropical River, China .pdf"
sediment,Guangdong,"Pearl River, site Z5",Norfloxacin,fluoroquinolones,14.4,NA,ng/g (dw),2017,autumn,"Tang, J., Fang, J., Tam, N. F., Yang, Y., Dai, Y., Zhang, J., & Shi, Y. (2021). Impact of Phytoplankton Blooms on Concentrations of Antibiotics in Sediment and Snails in a Subtropical River, China. Environmental Science & Technology, 55(3), 1811-1821. https://doi.org/10.1021/acs.est.0c08248","Supporting Information Table S4 (surface sediments, late blooming season)",PDF-TANG-2021,"2021 Jinpeng Tang Supporting Information  Impact of Phytoplankton Blooms on Concentrations of Antibiotics in Sediment and Snails in a Subtropical River, China .pdf"
sediment,Guangdong,"Pearl River, site Z6",Norfloxacin,fluoroquinolones,13,NA,ng/g (dw),2017,autumn,"Tang, J., Fang, J., Tam, N. F., Yang, Y., Dai, Y., Zhang, J., & Shi, Y. (2021). Impact of Phytoplankton Blooms on Concentrations of Antibiotics in Sediment and Snails in a Subtropical River, China. Environmental Science & Technology, 55(3), 1811-1821. https://doi.org/10.1021/acs.est.0c08248","Supporting Information Table S4 (surface sediments, late blooming season)",PDF-TANG-2021,"2021 Jinpeng Tang Supporting Information  Impact of Phytoplankton Blooms on Concentrations of Antibiotics in Sediment and Snails in a Subtropical River, China .pdf"
sediment,Guangdong,"Pearl River, site Z7",Norfloxacin,fluoroquinolones,37.8,NA,ng/g (dw),2017,autumn,"Tang, J., Fang, J., Tam, N. F., Yang, Y., Dai, Y., Zhang, J., & Shi, Y. (2021). Impact of Phytoplankton Blooms on Concentrations of Antibiotics in Sediment and Snails in a Subtropical River, China. Environmental Science & Technology, 55(3), 1811-1821. https://doi.org/10.1021/acs.est.0c08248","Supporting Information Table S4 (surface sediments, late blooming season)",PDF-TANG-2021,"2021 Jinpeng Tang Supporting Information  Impact of Phytoplankton Blooms on Concentrations of Antibiotics in Sediment and Snails in a Subtropical River, China .pdf"
sediment,Guangdong,"Pearl River, site Z8",Norfloxacin,fluoroquinolones,33.6,NA,ng/g (dw),2017,autumn,"Tang, J., Fang, J., Tam, N. F., Yang, Y., Dai, Y., Zhang, J., & Shi, Y. (2021). Impact of Phytoplankton Blooms on Concentrations of Antibiotics in Sediment and Snails in a Subtropical River, China. Environmental Science & Technology, 55(3), 1811-1821. https://doi.org/10.1021/acs.est.0c08248","Supporting Information Table S4 (surface sediments, late blooming season)",PDF-TANG-2021,"2021 Jinpeng Tang Supporting Information  Impact of Phytoplankton Blooms on Concentrations of Antibiotics in Sediment and Snails in a Subtropical River, China .pdf"
sediment,Guangdong,"Pearl River, site Z9",Norfloxacin,fluoroquinolones,4.5,NA,ng/g (dw),2017,autumn,"Tang, J., Fang, J., Tam, N. F., Yang, Y., Dai, Y., Zhang, J., & Shi, Y. (2021). Impact of Phytoplankton Blooms on Concentrations of Antibiotics in Sediment and Snails in a Subtropical River, China. Environmental Science & Technology, 55(3), 1811-1821. https://doi.org/10.1021/acs.est.0c08248","Supporting Information Table S4 (surface sediments, late blooming season)",PDF-TANG-2021,"2021 Jinpeng Tang Supporting Information  Impact of Phytoplankton Blooms on Concentrations of Antibiotics in Sediment and Snails in a Subtropical River, China .pdf"
sediment,Guangdong,"Pearl River, site Z10",Norfloxacin,fluoroquinolones,3.6,NA,ng/g (dw),2017,autumn,"Tang, J., Fang, J., Tam, N. F., Yang, Y., Dai, Y., Zhang, J., & Shi, Y. (2021). Impact of Phytoplankton Blooms on Concentrations of Antibiotics in Sediment and Snails in a Subtropical River, China. Environmental Science & Technology, 55(3), 1811-1821. https://doi.org/10.1021/acs.est.0c08248","Supporting Information Table S4 (surface sediments, late blooming season)",PDF-TANG-2021,"2021 Jinpeng Tang Supporting Information  Impact of Phytoplankton Blooms on Concentrations of Antibiotics in Sediment and Snails in a Subtropical River, China .pdf"
sediment,Guangdong,"Pearl River, site Z11",Norfloxacin,fluoroquinolones,8.8,NA,ng/g (dw),2017,autumn,"Tang, J., Fang, J., Tam, N. F., Yang, Y., Dai, Y., Zhang, J., & Shi, Y. (2021). Impact of Phytoplankton Blooms on Concentrations of Antibiotics in Sediment and Snails in a Subtropical River, China. Environmental Science & Technology, 55(3), 1811-1821. https://doi.org/10.1021/acs.est.0c08248","Supporting Information Table S4 (surface sediments, late blooming season)",PDF-TANG-2021,"2021 Jinpeng Tang Supporting Information  Impact of Phytoplankton Blooms on Concentrations of Antibiotics in Sediment and Snails in a Subtropical River, China .pdf"
sediment,Guangdong,"Pearl River, site Z1",Ofloxacin,fluoroquinolones,48.3,NA,ng/g (dw),2017,autumn,"Tang, J., Fang, J., Tam, N. F., Yang, Y., Dai, Y., Zhang, J., & Shi, Y. (2021). Impact of Phytoplankton Blooms on Concentrations of Antibiotics in Sediment and Snails in a Subtropical River, China. Environmental Science & Technology, 55(3), 1811-1821. https://doi.org/10.1021/acs.est.0c08248","Supporting Information Table S4 (surface sediments, late blooming season)",PDF-TANG-2021,"2021 Jinpeng Tang Supporting Information  Impact of Phytoplankton Blooms on Concentrations of Antibiotics in Sediment and Snails in a Subtropical River, China .pdf"
sediment,Guangdong,"Pearl River, site Z2",Ofloxacin,fluoroquinolones,76.4,NA,ng/g (dw),2017,autumn,"Tang, J., Fang, J., Tam, N. F., Yang, Y., Dai, Y., Zhang, J., & Shi, Y. (2021). Impact of Phytoplankton Blooms on Concentrations of Antibiotics in Sediment and Snails in a Subtropical River, China. Environmental Science & Technology, 55(3), 1811-1821. https://doi.org/10.1021/acs.est.0c08248","Supporting Information Table S4 (surface sediments, late blooming season)",PDF-TANG-2021,"2021 Jinpeng Tang Supporting Information  Impact of Phytoplankton Blooms on Concentrations of Antibiotics in Sediment and Snails in a Subtropical River, China .pdf"
sediment,Guangdong,"Pearl River, site Z3",Ofloxacin,fluoroquinolones,41.1,NA,ng/g (dw),2017,autumn,"Tang, J., Fang, J., Tam, N. F., Yang, Y., Dai, Y., Zhang, J., & Shi, Y. (2021). Impact of Phytoplankton Blooms on Concentrations of Antibiotics in Sediment and Snails in a Subtropical River, China. Environmental Science & Technology, 55(3), 1811-1821. https://doi.org/10.1021/acs.est.0c08248","Supporting Information Table S4 (surface sediments, late blooming season)",PDF-TANG-2021,"2021 Jinpeng Tang Supporting Information  Impact of Phytoplankton Blooms on Concentrations of Antibiotics in Sediment and Snails in a Subtropical River, China .pdf"
sediment,Guangdong,"Pearl River, site Z4",Ofloxacin,fluoroquinolones,18.3,NA,ng/g (dw),2017,autumn,"Tang, J., Fang, J., Tam, N. F., Yang, Y., Dai, Y., Zhang, J., & Shi, Y. (2021). Impact of Phytoplankton Blooms on Concentrations of Antibiotics in Sediment and Snails in a Subtropical River, China. Environmental Science & Technology, 55(3), 1811-1821. https://doi.org/10.1021/acs.est.0c08248","Supporting Information Table S4 (surface sediments, late blooming season)",PDF-TANG-2021,"2021 Jinpeng Tang Supporting Information  Impact of Phytoplankton Blooms on Concentrations of Antibiotics in Sediment and Snails in a Subtropical River, China .pdf"
sediment,Guangdong,"Pearl River, site Z5",Ofloxacin,fluoroquinolones,73.9,NA,ng/g (dw),2017,autumn,"Tang, J., Fang, J., Tam, N. F., Yang, Y., Dai, Y., Zhang, J., & Shi, Y. (2021). Impact of Phytoplankton Blooms on Concentrations of Antibiotics in Sediment and Snails in a Subtropical River, China. Environmental Science & Technology, 55(3), 1811-1821. https://doi.org/10.1021/acs.est.0c08248","Supporting Information Table S4 (surface sediments, late blooming season)",PDF-TANG-2021,"2021 Jinpeng Tang Supporting Information  Impact of Phytoplankton Blooms on Concentrations of Antibiotics in Sediment and Snails in a Subtropical River, China .pdf"
sediment,Guangdong,"Pearl River, site Z6",Ofloxacin,fluoroquinolones,107.8,NA,ng/g (dw),2017,autumn,"Tang, J., Fang, J., Tam, N. F., Yang, Y., Dai, Y., Zhang, J., & Shi, Y. (2021). Impact of Phytoplankton Blooms on Concentrations of Antibiotics in Sediment and Snails in a Subtropical River, China. Environmental Science & Technology, 55(3), 1811-1821. https://doi.org/10.1021/acs.est.0c08248","Supporting Information Table S4 (surface sediments, late blooming season)",PDF-TANG-2021,"2021 Jinpeng Tang Supporting Information  Impact of Phytoplankton Blooms on Concentrations of Antibiotics in Sediment and Snails in a Subtropical River, China .pdf"
sediment,Guangdong,"Pearl River, site Z7",Ofloxacin,fluoroquinolones,101.9,NA,ng/g (dw),2017,autumn,"Tang, J., Fang, J., Tam, N. F., Yang, Y., Dai, Y., Zhang, J., & Shi, Y. (2021). Impact of Phytoplankton Blooms on Concentrations of Antibiotics in Sediment and Snails in a Subtropical River, China. Environmental Science & Technology, 55(3), 1811-1821. https://doi.org/10.1021/acs.est.0c08248","Supporting Information Table S4 (surface sediments, late blooming season)",PDF-TANG-2021,"2021 Jinpeng Tang Supporting Information  Impact of Phytoplankton Blooms on Concentrations of Antibiotics in Sediment and Snails in a Subtropical River, China .pdf"
sediment,Guangdong,"Pearl River, site Z8",Ofloxacin,fluoroquinolones,79.3,NA,ng/g (dw),2017,autumn,"Tang, J., Fang, J., Tam, N. F., Yang, Y., Dai, Y., Zhang, J., & Shi, Y. (2021). Impact of Phytoplankton Blooms on Concentrations of Antibiotics in Sediment and Snails in a Subtropical River, China. Environmental Science & Technology, 55(3), 1811-1821. https://doi.org/10.1021/acs.est.0c08248","Supporting Information Table S4 (surface sediments, late blooming season)",PDF-TANG-2021,"2021 Jinpeng Tang Supporting Information  Impact of Phytoplankton Blooms on Concentrations of Antibiotics in Sediment and Snails in a Subtropical River, China .pdf"
sediment,Guangdong,"Pearl River, site Z9",Ofloxacin,fluoroquinolones,12.7,NA,ng/g (dw),2017,autumn,"Tang, J., Fang, J., Tam, N. F., Yang, Y., Dai, Y., Zhang, J., & Shi, Y. (2021). Impact of Phytoplankton Blooms on Concentrations of Antibiotics in Sediment and Snails in a Subtropical River, China. Environmental Science & Technology, 55(3), 1811-1821. https://doi.org/10.1021/acs.est.0c08248","Supporting Information Table S4 (surface sediments, late blooming season)",PDF-TANG-2021,"2021 Jinpeng Tang Supporting Information  Impact of Phytoplankton Blooms on Concentrations of Antibiotics in Sediment and Snails in a Subtropical River, China .pdf"
sediment,Guangdong,"Pearl River, site Z10",Ofloxacin,fluoroquinolones,30.4,NA,ng/g (dw),2017,autumn,"Tang, J., Fang, J., Tam, N. F., Yang, Y., Dai, Y., Zhang, J., & Shi, Y. (2021). Impact of Phytoplankton Blooms on Concentrations of Antibiotics in Sediment and Snails in a Subtropical River, China. Environmental Science & Technology, 55(3), 1811-1821. https://doi.org/10.1021/acs.est.0c08248","Supporting Information Table S4 (surface sediments, late blooming season)",PDF-TANG-2021,"2021 Jinpeng Tang Supporting Information  Impact of Phytoplankton Blooms on Concentrations of Antibiotics in Sediment and Snails in a Subtropical River, China .pdf"
sediment,Guangdong,"Pearl River, site Z11",Ofloxacin,fluoroquinolones,34.9,NA,ng/g (dw),2017,autumn,"Tang, J., Fang, J., Tam, N. F., Yang, Y., Dai, Y., Zhang, J., & Shi, Y. (2021). Impact of Phytoplankton Blooms on Concentrations of Antibiotics in Sediment and Snails in a Subtropical River, China. Environmental Science & Technology, 55(3), 1811-1821. https://doi.org/10.1021/acs.est.0c08248","Supporting Information Table S4 (surface sediments, late blooming season)",PDF-TANG-2021,"2021 Jinpeng Tang Supporting Information  Impact of Phytoplankton Blooms on Concentrations of Antibiotics in Sediment and Snails in a Subtropical River, China .pdf"
sediment,Guangdong,"Pearl River, site Z1",Oxytetracycline,tetracyclines,17.7,NA,ng/g (dw),2017,autumn,"Tang, J., Fang, J., Tam, N. F., Yang, Y., Dai, Y., Zhang, J., & Shi, Y. (2021). Impact of Phytoplankton Blooms on Concentrations of Antibiotics in Sediment and Snails in a Subtropical River, China. Environmental Science & Technology, 55(3), 1811-1821. https://doi.org/10.1021/acs.est.0c08248","Supporting Information Table S4 (surface sediments, late blooming season)",PDF-TANG-2021,"2021 Jinpeng Tang Supporting Information  Impact of Phytoplankton Blooms on Concentrations of Antibiotics in Sediment and Snails in a Subtropical River, China .pdf"
sediment,Guangdong,"Pearl River, site Z2",Oxytetracycline,tetracyclines,119,NA,ng/g (dw),2017,autumn,"Tang, J., Fang, J., Tam, N. F., Yang, Y., Dai, Y., Zhang, J., & Shi, Y. (2021). Impact of Phytoplankton Blooms on Concentrations of Antibiotics in Sediment and Snails in a Subtropical River, China. Environmental Science & Technology, 55(3), 1811-1821. https://doi.org/10.1021/acs.est.0c08248","Supporting Information Table S4 (surface sediments, late blooming season)",PDF-TANG-2021,"2021 Jinpeng Tang Supporting Information  Impact of Phytoplankton Blooms on Concentrations of Antibiotics in Sediment and Snails in a Subtropical River, China .pdf"
sediment,Guangdong,"Pearl River, site Z3",Oxytetracycline,tetracyclines,27,NA,ng/g (dw),2017,autumn,"Tang, J., Fang, J., Tam, N. F., Yang, Y., Dai, Y., Zhang, J., & Shi, Y. (2021). Impact of Phytoplankton Blooms on Concentrations of Antibiotics in Sediment and Snails in a Subtropical River, China. Environmental Science & Technology, 55(3), 1811-1821. https://doi.org/10.1021/acs.est.0c08248","Supporting Information Table S4 (surface sediments, late blooming season)",PDF-TANG-2021,"2021 Jinpeng Tang Supporting Information  Impact of Phytoplankton Blooms on Concentrations of Antibiotics in Sediment and Snails in a Subtropical River, China .pdf"
sediment,Guangdong,"Pearl River, site Z4",Oxytetracycline,tetracyclines,19.4,NA,ng/g (dw),2017,autumn,"Tang, J., Fang, J., Tam, N. F., Yang, Y., Dai, Y., Zhang, J., & Shi, Y. (2021). Impact of Phytoplankton Blooms on Concentrations of Antibiotics in Sediment and Snails in a Subtropical River, China. Environmental Science & Technology, 55(3), 1811-1821. https://doi.org/10.1021/acs.est.0c08248","Supporting Information Table S4 (surface sediments, late blooming season)",PDF-TANG-2021,"2021 Jinpeng Tang Supporting Information  Impact of Phytoplankton Blooms on Concentrations of Antibiotics in Sediment and Snails in a Subtropical River, China .pdf"
sediment,Guangdong,"Pearl River, site Z5",Oxytetracycline,tetracyclines,88.6,NA,ng/g (dw),2017,autumn,"Tang, J., Fang, J., Tam, N. F., Yang, Y., Dai, Y., Zhang, J., & Shi, Y. (2021). Impact of Phytoplankton Blooms on Concentrations of Antibiotics in Sediment and Snails in a Subtropical River, China. Environmental Science & Technology, 55(3), 1811-1821. https://doi.org/10.1021/acs.est.0c08248","Supporting Information Table S4 (surface sediments, late blooming season)",PDF-TANG-2021,"2021 Jinpeng Tang Supporting Information  Impact of Phytoplankton Blooms on Concentrations of Antibiotics in Sediment and Snails in a Subtropical River, China .pdf"
sediment,Guangdong,"Pearl River, site Z6",Oxytetracycline,tetracyclines,227.1,NA,ng/g (dw),2017,autumn,"Tang, J., Fang, J., Tam, N. F., Yang, Y., Dai, Y., Zhang, J., & Shi, Y. (2021). Impact of Phytoplankton Blooms on Concentrations of Antibiotics in Sediment and Snails in a Subtropical River, China. Environmental Science & Technology, 55(3), 1811-1821. https://doi.org/10.1021/acs.est.0c08248","Supporting Information Table S4 (surface sediments, late blooming season)",PDF-TANG-2021,"2021 Jinpeng Tang Supporting Information  Impact of Phytoplankton Blooms on Concentrations of Antibiotics in Sediment and Snails in a Subtropical River, China .pdf"
sediment,Guangdong,"Pearl River, site Z7",Oxytetracycline,tetracyclines,51.8,NA,ng/g (dw),2017,autumn,"Tang, J., Fang, J., Tam, N. F., Yang, Y., Dai, Y., Zhang, J., & Shi, Y. (2021). Impact of Phytoplankton Blooms on Concentrations of Antibiotics in Sediment and Snails in a Subtropical River, China. Environmental Science & Technology, 55(3), 1811-1821. https://doi.org/10.1021/acs.est.0c08248","Supporting Information Table S4 (surface sediments, late blooming season)",PDF-TANG-2021,"2021 Jinpeng Tang Supporting Information  Impact of Phytoplankton Blooms on Concentrations of Antibiotics in Sediment and Snails in a Subtropical River, China .pdf"
sediment,Guangdong,"Pearl River, site Z8",Oxytetracycline,tetracyclines,93.1,NA,ng/g (dw),2017,autumn,"Tang, J., Fang, J., Tam, N. F., Yang, Y., Dai, Y., Zhang, J., & Shi, Y. (2021). Impact of Phytoplankton Blooms on Concentrations of Antibiotics in Sediment and Snails in a Subtropical River, China. Environmental Science & Technology, 55(3), 1811-1821. https://doi.org/10.1021/acs.est.0c08248","Supporting Information Table S4 (surface sediments, late blooming season)",PDF-TANG-2021,"2021 Jinpeng Tang Supporting Information  Impact of Phytoplankton Blooms on Concentrations of Antibiotics in Sediment and Snails in a Subtropical River, China .pdf"
sediment,Guangdong,"Pearl River, site Z9",Oxytetracycline,tetracyclines,20.4,NA,ng/g (dw),2017,autumn,"Tang, J., Fang, J., Tam, N. F., Yang, Y., Dai, Y., Zhang, J., & Shi, Y. (2021). Impact of Phytoplankton Blooms on Concentrations of Antibiotics in Sediment and Snails in a Subtropical River, China. Environmental Science & Technology, 55(3), 1811-1821. https://doi.org/10.1021/acs.est.0c08248","Supporting Information Table S4 (surface sediments, late blooming season)",PDF-TANG-2021,"2021 Jinpeng Tang Supporting Information  Impact of Phytoplankton Blooms on Concentrations of Antibiotics in Sediment and Snails in a Subtropical River, China .pdf"
sediment,Guangdong,"Pearl River, site Z10",Oxytetracycline,tetracyclines,17,NA,ng/g (dw),2017,autumn,"Tang, J., Fang, J., Tam, N. F., Yang, Y., Dai, Y., Zhang, J., & Shi, Y. (2021). Impact of Phytoplankton Blooms on Concentrations of Antibiotics in Sediment and Snails in a Subtropical River, China. Environmental Science & Technology, 55(3), 1811-1821. https://doi.org/10.1021/acs.est.0c08248","Supporting Information Table S4 (surface sediments, late blooming season)",PDF-TANG-2021,"2021 Jinpeng Tang Supporting Information  Impact of Phytoplankton Blooms on Concentrations of Antibiotics in Sediment and Snails in a Subtropical River, China .pdf"
sediment,Guangdong,"Pearl River, site Z11",Oxytetracycline,tetracyclines,18.3,NA,ng/g (dw),2017,autumn,"Tang, J., Fang, J., Tam, N. F., Yang, Y., Dai, Y., Zhang, J., & Shi, Y. (2021). Impact of Phytoplankton Blooms on Concentrations of Antibiotics in Sediment and Snails in a Subtropical River, China. Environmental Science & Technology, 55(3), 1811-1821. https://doi.org/10.1021/acs.est.0c08248","Supporting Information Table S4 (surface sediments, late blooming season)",PDF-TANG-2021,"2021 Jinpeng Tang Supporting Information  Impact of Phytoplankton Blooms on Concentrations of Antibiotics in Sediment and Snails in a Subtropical River, China .pdf"
sediment,Guangdong,"Pearl River, site Z1",Roxithromycin,macrolides,438.9,NA,ng/g (dw),2017,autumn,"Tang, J., Fang, J., Tam, N. F., Yang, Y., Dai, Y., Zhang, J., & Shi, Y. (2021). Impact of Phytoplankton Blooms on Concentrations of Antibiotics in Sediment and Snails in a Subtropical River, China. Environmental Science & Technology, 55(3), 1811-1821. https://doi.org/10.1021/acs.est.0c08248","Supporting Information Table S4 (surface sediments, late blooming season)",PDF-TANG-2021,"2021 Jinpeng Tang Supporting Information  Impact of Phytoplankton Blooms on Concentrations of Antibiotics in Sediment and Snails in a Subtropical River, China .pdf"
sediment,Guangdong,"Pearl River, site Z2",Roxithromycin,macrolides,156.3,NA,ng/g (dw),2017,autumn,"Tang, J., Fang, J., Tam, N. F., Yang, Y., Dai, Y., Zhang, J., & Shi, Y. (2021). Impact of Phytoplankton Blooms on Concentrations of Antibiotics in Sediment and Snails in a Subtropical River, China. Environmental Science & Technology, 55(3), 1811-1821. https://doi.org/10.1021/acs.est.0c08248","Supporting Information Table S4 (surface sediments, late blooming season)",PDF-TANG-2021,"2021 Jinpeng Tang Supporting Information  Impact of Phytoplankton Blooms on Concentrations of Antibiotics in Sediment and Snails in a Subtropical River, China .pdf"
sediment,Guangdong,"Pearl River, site Z3",Roxithromycin,macrolides,263.9,NA,ng/g (dw),2017,autumn,"Tang, J., Fang, J., Tam, N. F., Yang, Y., Dai, Y., Zhang, J., & Shi, Y. (2021). Impact of Phytoplankton Blooms on Concentrations of Antibiotics in Sediment and Snails in a Subtropical River, China. Environmental Science & Technology, 55(3), 1811-1821. https://doi.org/10.1021/acs.est.0c08248","Supporting Information Table S4 (surface sediments, late blooming season)",PDF-TANG-2021,"2021 Jinpeng Tang Supporting Information  Impact of Phytoplankton Blooms on Concentrations of Antibiotics in Sediment and Snails in a Subtropical River, China .pdf"
sediment,Guangdong,"Pearl River, site Z4",Roxithromycin,macrolides,265.2,NA,ng/g (dw),2017,autumn,"Tang, J., Fang, J., Tam, N. F., Yang, Y., Dai, Y., Zhang, J., & Shi, Y. (2021). Impact of Phytoplankton Blooms on Concentrations of Antibiotics in Sediment and Snails in a Subtropical River, China. Environmental Science & Technology, 55(3), 1811-1821. https://doi.org/10.1021/acs.est.0c08248","Supporting Information Table S4 (surface sediments, late blooming season)",PDF-TANG-2021,"2021 Jinpeng Tang Supporting Information  Impact of Phytoplankton Blooms on Concentrations of Antibiotics in Sediment and Snails in a Subtropical River, China .pdf"
sediment,Guangdong,"Pearl River, site Z5",Roxithromycin,macrolides,50.2,NA,ng/g (dw),2017,autumn,"Tang, J., Fang, J., Tam, N. F., Yang, Y., Dai, Y., Zhang, J., & Shi, Y. (2021). Impact of Phytoplankton Blooms on Concentrations of Antibiotics in Sediment and Snails in a Subtropical River, China. Environmental Science & Technology, 55(3), 1811-1821. https://doi.org/10.1021/acs.est.0c08248","Supporting Information Table S4 (surface sediments, late blooming season)",PDF-TANG-2021,"2021 Jinpeng Tang Supporting Information  Impact of Phytoplankton Blooms on Concentrations of Antibiotics in Sediment and Snails in a Subtropical River, China .pdf"
sediment,Guangdong,"Pearl River, site Z6",Roxithromycin,macrolides,60.9,NA,ng/g (dw),2017,autumn,"Tang, J., Fang, J., Tam, N. F., Yang, Y., Dai, Y., Zhang, J., & Shi, Y. (2021). Impact of Phytoplankton Blooms on Concentrations of Antibiotics in Sediment and Snails in a Subtropical River, China. Environmental Science & Technology, 55(3), 1811-1821. https://doi.org/10.1021/acs.est.0c08248","Supporting Information Table S4 (surface sediments, late blooming season)",PDF-TANG-2021,"2021 Jinpeng Tang Supporting Information  Impact of Phytoplankton Blooms on Concentrations of Antibiotics in Sediment and Snails in a Subtropical River, China .pdf"
sediment,Guangdong,"Pearl River, site Z7",Roxithromycin,macrolides,184.8,NA,ng/g (dw),2017,autumn,"Tang, J., Fang, J., Tam, N. F., Yang, Y., Dai, Y., Zhang, J., & Shi, Y. (2021). Impact of Phytoplankton Blooms on Concentrations of Antibiotics in Sediment and Snails in a Subtropical River, China. Environmental Science & Technology, 55(3), 1811-1821. https://doi.org/10.1021/acs.est.0c08248","Supporting Information Table S4 (surface sediments, late blooming season)",PDF-TANG-2021,"2021 Jinpeng Tang Supporting Information  Impact of Phytoplankton Blooms on Concentrations of Antibiotics in Sediment and Snails in a Subtropical River, China .pdf"
sediment,Guangdong,"Pearl River, site Z8",Roxithromycin,macrolides,51,NA,ng/g (dw),2017,autumn,"Tang, J., Fang, J., Tam, N. F., Yang, Y., Dai, Y., Zhang, J., & Shi, Y. (2021). Impact of Phytoplankton Blooms on Concentrations of Antibiotics in Sediment and Snails in a Subtropical River, China. Environmental Science & Technology, 55(3), 1811-1821. https://doi.org/10.1021/acs.est.0c08248","Supporting Information Table S4 (surface sediments, late blooming season)",PDF-TANG-2021,"2021 Jinpeng Tang Supporting Information  Impact of Phytoplankton Blooms on Concentrations of Antibiotics in Sediment and Snails in a Subtropical River, China .pdf"
sediment,Guangdong,"Pearl River, site Z9",Roxithromycin,macrolides,135.6,NA,ng/g (dw),2017,autumn,"Tang, J., Fang, J., Tam, N. F., Yang, Y., Dai, Y., Zhang, J., & Shi, Y. (2021). Impact of Phytoplankton Blooms on Concentrations of Antibiotics in Sediment and Snails in a Subtropical River, China. Environmental Science & Technology, 55(3), 1811-1821. https://doi.org/10.1021/acs.est.0c08248","Supporting Information Table S4 (surface sediments, late blooming season)",PDF-TANG-2021,"2021 Jinpeng Tang Supporting Information  Impact of Phytoplankton Blooms on Concentrations of Antibiotics in Sediment and Snails in a Subtropical River, China .pdf"
sediment,Guangdong,"Pearl River, site Z10",Roxithromycin,macrolides,58.6,NA,ng/g (dw),2017,autumn,"Tang, J., Fang, J., Tam, N. F., Yang, Y., Dai, Y., Zhang, J., & Shi, Y. (2021). Impact of Phytoplankton Blooms on Concentrations of Antibiotics in Sediment and Snails in a Subtropical River, China. Environmental Science & Technology, 55(3), 1811-1821. https://doi.org/10.1021/acs.est.0c08248","Supporting Information Table S4 (surface sediments, late blooming season)",PDF-TANG-2021,"2021 Jinpeng Tang Supporting Information  Impact of Phytoplankton Blooms on Concentrations of Antibiotics in Sediment and Snails in a Subtropical River, China .pdf"
sediment,Guangdong,"Pearl River, site Z11",Roxithromycin,macrolides,154.5,NA,ng/g (dw),2017,autumn,"Tang, J., Fang, J., Tam, N. F., Yang, Y., Dai, Y., Zhang, J., & Shi, Y. (2021). Impact of Phytoplankton Blooms on Concentrations of Antibiotics in Sediment and Snails in a Subtropical River, China. Environmental Science & Technology, 55(3), 1811-1821. https://doi.org/10.1021/acs.est.0c08248","Supporting Information Table S4 (surface sediments, late blooming season)",PDF-TANG-2021,"2021 Jinpeng Tang Supporting Information  Impact of Phytoplankton Blooms on Concentrations of Antibiotics in Sediment and Snails in a Subtropical River, China .pdf"
sediment,Guangdong,"Pearl River, site Z1",Sulfacetamide,sulfonamides,65.5,NA,ng/g (dw),2017,autumn,"Tang, J., Fang, J., Tam, N. F., Yang, Y., Dai, Y., Zhang, J., & Shi, Y. (2021). Impact of Phytoplankton Blooms on Concentrations of Antibiotics in Sediment and Snails in a Subtropical River, China. Environmental Science & Technology, 55(3), 1811-1821. https://doi.org/10.1021/acs.est.0c08248","Supporting Information Table S3 (surface sediments, late blooming season)",PDF-TANG-2021,"2021 Jinpeng Tang Supporting Information  Impact of Phytoplankton Blooms on Concentrations of Antibiotics in Sediment and Snails in a Subtropical River, China .pdf"
sediment,Guangdong,"Pearl River, site Z2",Sulfacetamide,sulfonamides,120.6,NA,ng/g (dw),2017,autumn,"Tang, J., Fang, J., Tam, N. F., Yang, Y., Dai, Y., Zhang, J., & Shi, Y. (2021). Impact of Phytoplankton Blooms on Concentrations of Antibiotics in Sediment and Snails in a Subtropical River, China. Environmental Science & Technology, 55(3), 1811-1821. https://doi.org/10.1021/acs.est.0c08248","Supporting Information Table S3 (surface sediments, late blooming season)",PDF-TANG-2021,"2021 Jinpeng Tang Supporting Information  Impact of Phytoplankton Blooms on Concentrations of Antibiotics in Sediment and Snails in a Subtropical River, China .pdf"
sediment,Guangdong,"Pearl River, site Z3",Sulfacetamide,sulfonamides,58.4,NA,ng/g (dw),2017,autumn,"Tang, J., Fang, J., Tam, N. F., Yang, Y., Dai, Y., Zhang, J., & Shi, Y. (2021). Impact of Phytoplankton Blooms on Concentrations of Antibiotics in Sediment and Snails in a Subtropical River, China. Environmental Science & Technology, 55(3), 1811-1821. https://doi.org/10.1021/acs.est.0c08248","Supporting Information Table S3 (surface sediments, late blooming season)",PDF-TANG-2021,"2021 Jinpeng Tang Supporting Information  Impact of Phytoplankton Blooms on Concentrations of Antibiotics in Sediment and Snails in a Subtropical River, China .pdf"
sediment,Guangdong,"Pearl River, site Z4",Sulfacetamide,sulfonamides,44,NA,ng/g (dw),2017,autumn,"Tang, J., Fang, J., Tam, N. F., Yang, Y., Dai, Y., Zhang, J., & Shi, Y. (2021). Impact of Phytoplankton Blooms on Concentrations of Antibiotics in Sediment and Snails in a Subtropical River, China. Environmental Science & Technology, 55(3), 1811-1821. https://doi.org/10.1021/acs.est.0c08248","Supporting Information Table S3 (surface sediments, late blooming season)",PDF-TANG-2021,"2021 Jinpeng Tang Supporting Information  Impact of Phytoplankton Blooms on Concentrations of Antibiotics in Sediment and Snails in a Subtropical River, China .pdf"
sediment,Guangdong,"Pearl River, site Z5",Sulfacetamide,sulfonamides,24.4,NA,ng/g (dw),2017,autumn,"Tang, J., Fang, J., Tam, N. F., Yang, Y., Dai, Y., Zhang, J., & Shi, Y. (2021). Impact of Phytoplankton Blooms on Concentrations of Antibiotics in Sediment and Snails in a Subtropical River, China. Environmental Science & Technology, 55(3), 1811-1821. https://doi.org/10.1021/acs.est.0c08248","Supporting Information Table S3 (surface sediments, late blooming season)",PDF-TANG-2021,"2021 Jinpeng Tang Supporting Information  Impact of Phytoplankton Blooms on Concentrations of Antibiotics in Sediment and Snails in a Subtropical River, China .pdf"
sediment,Guangdong,"Pearl River, site Z6",Sulfacetamide,sulfonamides,27.4,NA,ng/g (dw),2017,autumn,"Tang, J., Fang, J., Tam, N. F., Yang, Y., Dai, Y., Zhang, J., & Shi, Y. (2021). Impact of Phytoplankton Blooms on Concentrations of Antibiotics in Sediment and Snails in a Subtropical River, China. Environmental Science & Technology, 55(3), 1811-1821. https://doi.org/10.1021/acs.est.0c08248","Supporting Information Table S3 (surface sediments, late blooming season)",PDF-TANG-2021,"2021 Jinpeng Tang Supporting Information  Impact of Phytoplankton Blooms on Concentrations of Antibiotics in Sediment and Snails in a Subtropical River, China .pdf"
sediment,Guangdong,"Pearl River, site Z7",Sulfacetamide,sulfonamides,35.9,NA,ng/g (dw),2017,autumn,"Tang, J., Fang, J., Tam, N. F., Yang, Y., Dai, Y., Zhang, J., & Shi, Y. (2021). Impact of Phytoplankton Blooms on Concentrations of Antibiotics in Sediment and Snails in a Subtropical River, China. Environmental Science & Technology, 55(3), 1811-1821. https://doi.org/10.1021/acs.est.0c08248","Supporting Information Table S3 (surface sediments, late blooming season)",PDF-TANG-2021,"2021 Jinpeng Tang Supporting Information  Impact of Phytoplankton Blooms on Concentrations of Antibiotics in Sediment and Snails in a Subtropical River, China .pdf"
sediment,Guangdong,"Pearl River, site Z8",Sulfacetamide,sulfonamides,16.5,NA,ng/g (dw),2017,autumn,"Tang, J., Fang, J., Tam, N. F., Yang, Y., Dai, Y., Zhang, J., & Shi, Y. (2021). Impact of Phytoplankton Blooms on Concentrations of Antibiotics in Sediment and Snails in a Subtropical River, China. Environmental Science & Technology, 55(3), 1811-1821. https://doi.org/10.1021/acs.est.0c08248","Supporting Information Table S3 (surface sediments, late blooming season)",PDF-TANG-2021,"2021 Jinpeng Tang Supporting Information  Impact of Phytoplankton Blooms on Concentrations of Antibiotics in Sediment and Snails in a Subtropical River, China .pdf"
sediment,Guangdong,"Pearl River, site Z9",Sulfacetamide,sulfonamides,13.4,NA,ng/g (dw),2017,autumn,"Tang, J., Fang, J., Tam, N. F., Yang, Y., Dai, Y., Zhang, J., & Shi, Y. (2021). Impact of Phytoplankton Blooms on Concentrations of Antibiotics in Sediment and Snails in a Subtropical River, China. Environmental Science & Technology, 55(3), 1811-1821. https://doi.org/10.1021/acs.est.0c08248","Supporting Information Table S3 (surface sediments, late blooming season)",PDF-TANG-2021,"2021 Jinpeng Tang Supporting Information  Impact of Phytoplankton Blooms on Concentrations of Antibiotics in Sediment and Snails in a Subtropical River, China .pdf"
sediment,Guangdong,"Pearl River, site Z10",Sulfacetamide,sulfonamides,13,NA,ng/g (dw),2017,autumn,"Tang, J., Fang, J., Tam, N. F., Yang, Y., Dai, Y., Zhang, J., & Shi, Y. (2021). Impact of Phytoplankton Blooms on Concentrations of Antibiotics in Sediment and Snails in a Subtropical River, China. Environmental Science & Technology, 55(3), 1811-1821. https://doi.org/10.1021/acs.est.0c08248","Supporting Information Table S3 (surface sediments, late blooming season)",PDF-TANG-2021,"2021 Jinpeng Tang Supporting Information  Impact of Phytoplankton Blooms on Concentrations of Antibiotics in Sediment and Snails in a Subtropical River, China .pdf"
sediment,Guangdong,"Pearl River, site Z11",Sulfacetamide,sulfonamides,14.1,NA,ng/g (dw),2017,autumn,"Tang, J., Fang, J., Tam, N. F., Yang, Y., Dai, Y., Zhang, J., & Shi, Y. (2021). Impact of Phytoplankton Blooms on Concentrations of Antibiotics in Sediment and Snails in a Subtropical River, China. Environmental Science & Technology, 55(3), 1811-1821. https://doi.org/10.1021/acs.est.0c08248","Supporting Information Table S3 (surface sediments, late blooming season)",PDF-TANG-2021,"2021 Jinpeng Tang Supporting Information  Impact of Phytoplankton Blooms on Concentrations of Antibiotics in Sediment and Snails in a Subtropical River, China .pdf"
sediment,Guangdong,"Pearl River, site Z1",Sulfadiazine,sulfonamides,61.3,NA,ng/g (dw),2017,autumn,"Tang, J., Fang, J., Tam, N. F., Yang, Y., Dai, Y., Zhang, J., & Shi, Y. (2021). Impact of Phytoplankton Blooms on Concentrations of Antibiotics in Sediment and Snails in a Subtropical River, China. Environmental Science & Technology, 55(3), 1811-1821. https://doi.org/10.1021/acs.est.0c08248","Supporting Information Table S3 (surface sediments, late blooming season)",PDF-TANG-2021,"2021 Jinpeng Tang Supporting Information  Impact of Phytoplankton Blooms on Concentrations of Antibiotics in Sediment and Snails in a Subtropical River, China .pdf"
sediment,Guangdong,"Pearl River, site Z2",Sulfadiazine,sulfonamides,86.3,NA,ng/g (dw),2017,autumn,"Tang, J., Fang, J., Tam, N. F., Yang, Y., Dai, Y., Zhang, J., & Shi, Y. (2021). Impact of Phytoplankton Blooms on Concentrations of Antibiotics in Sediment and Snails in a Subtropical River, China. Environmental Science & Technology, 55(3), 1811-1821. https://doi.org/10.1021/acs.est.0c08248","Supporting Information Table S3 (surface sediments, late blooming season)",PDF-TANG-2021,"2021 Jinpeng Tang Supporting Information  Impact of Phytoplankton Blooms on Concentrations of Antibiotics in Sediment and Snails in a Subtropical River, China .pdf"
sediment,Guangdong,"Pearl River, site Z3",Sulfadiazine,sulfonamides,40.9,NA,ng/g (dw),2017,autumn,"Tang, J., Fang, J., Tam, N. F., Yang, Y., Dai, Y., Zhang, J., & Shi, Y. (2021). Impact of Phytoplankton Blooms on Concentrations of Antibiotics in Sediment and Snails in a Subtropical River, China. Environmental Science & Technology, 55(3), 1811-1821. https://doi.org/10.1021/acs.est.0c08248","Supporting Information Table S3 (surface sediments, late blooming season)",PDF-TANG-2021,"2021 Jinpeng Tang Supporting Information  Impact of Phytoplankton Blooms on Concentrations of Antibiotics in Sediment and Snails in a Subtropical River, China .pdf"
sediment,Guangdong,"Pearl River, site Z4",Sulfadiazine,sulfonamides,47.6,NA,ng/g (dw),2017,autumn,"Tang, J., Fang, J., Tam, N. F., Yang, Y., Dai, Y., Zhang, J., & Shi, Y. (2021). Impact of Phytoplankton Blooms on Concentrations of Antibiotics in Sediment and Snails in a Subtropical River, China. Environmental Science & Technology, 55(3), 1811-1821. https://doi.org/10.1021/acs.est.0c08248","Supporting Information Table S3 (surface sediments, late blooming season)",PDF-TANG-2021,"2021 Jinpeng Tang Supporting Information  Impact of Phytoplankton Blooms on Concentrations of Antibiotics in Sediment and Snails in a Subtropical River, China .pdf"
sediment,Guangdong,"Pearl River, site Z5",Sulfadiazine,sulfonamides,17.7,NA,ng/g (dw),2017,autumn,"Tang, J., Fang, J., Tam, N. F., Yang, Y., Dai, Y., Zhang, J., & Shi, Y. (2021). Impact of Phytoplankton Blooms on Concentrations of Antibiotics in Sediment and Snails in a Subtropical River, China. Environmental Science & Technology, 55(3), 1811-1821. https://doi.org/10.1021/acs.est.0c08248","Supporting Information Table S3 (surface sediments, late blooming season)",PDF-TANG-2021,"2021 Jinpeng Tang Supporting Information  Impact of Phytoplankton Blooms on Concentrations of Antibiotics in Sediment and Snails in a Subtropical River, China .pdf"
sediment,Guangdong,"Pearl River, site Z6",Sulfadiazine,sulfonamides,24.3,NA,ng/g (dw),2017,autumn,"Tang, J., Fang, J., Tam, N. F., Yang, Y., Dai, Y., Zhang, J., & Shi, Y. (2021). Impact of Phytoplankton Blooms on Concentrations of Antibiotics in Sediment and Snails in a Subtropical River, China. Environmental Science & Technology, 55(3), 1811-1821. https://doi.org/10.1021/acs.est.0c08248","Supporting Information Table S3 (surface sediments, late blooming season)",PDF-TANG-2021,"2021 Jinpeng Tang Supporting Information  Impact of Phytoplankton Blooms on Concentrations of Antibiotics in Sediment and Snails in a Subtropical River, China .pdf"
sediment,Guangdong,"Pearl River, site Z7",Sulfadiazine,sulfonamides,33.7,NA,ng/g (dw),2017,autumn,"Tang, J., Fang, J., Tam, N. F., Yang, Y., Dai, Y., Zhang, J., & Shi, Y. (2021). Impact of Phytoplankton Blooms on Concentrations of Antibiotics in Sediment and Snails in a Subtropical River, China. Environmental Science & Technology, 55(3), 1811-1821. https://doi.org/10.1021/acs.est.0c08248","Supporting Information Table S3 (surface sediments, late blooming season)",PDF-TANG-2021,"2021 Jinpeng Tang Supporting Information  Impact of Phytoplankton Blooms on Concentrations of Antibiotics in Sediment and Snails in a Subtropical River, China .pdf"
sediment,Guangdong,"Pearl River, site Z8",Sulfadiazine,sulfonamides,15.7,NA,ng/g (dw),2017,autumn,"Tang, J., Fang, J., Tam, N. F., Yang, Y., Dai, Y., Zhang, J., & Shi, Y. (2021). Impact of Phytoplankton Blooms on Concentrations of Antibiotics in Sediment and Snails in a Subtropical River, China. Environmental Science & Technology, 55(3), 1811-1821. https://doi.org/10.1021/acs.est.0c08248","Supporting Information Table S3 (surface sediments, late blooming season)",PDF-TANG-2021,"2021 Jinpeng Tang Supporting Information  Impact of Phytoplankton Blooms on Concentrations of Antibiotics in Sediment and Snails in a Subtropical River, China .pdf"
sediment,Guangdong,"Pearl River, site Z9",Sulfadiazine,sulfonamides,15.2,NA,ng/g (dw),2017,autumn,"Tang, J., Fang, J., Tam, N. F., Yang, Y., Dai, Y., Zhang, J., & Shi, Y. (2021). Impact of Phytoplankton Blooms on Concentrations of Antibiotics in Sediment and Snails in a Subtropical River, China. Environmental Science & Technology, 55(3), 1811-1821. https://doi.org/10.1021/acs.est.0c08248","Supporting Information Table S3 (surface sediments, late blooming season)",PDF-TANG-2021,"2021 Jinpeng Tang Supporting Information  Impact of Phytoplankton Blooms on Concentrations of Antibiotics in Sediment and Snails in a Subtropical River, China .pdf"
sediment,Guangdong,"Pearl River, site Z10",Sulfadiazine,sulfonamides,22.9,NA,ng/g (dw),2017,autumn,"Tang, J., Fang, J., Tam, N. F., Yang, Y., Dai, Y., Zhang, J., & Shi, Y. (2021). Impact of Phytoplankton Blooms on Concentrations of Antibiotics in Sediment and Snails in a Subtropical River, China. Environmental Science & Technology, 55(3), 1811-1821. https://doi.org/10.1021/acs.est.0c08248","Supporting Information Table S3 (surface sediments, late blooming season)",PDF-TANG-2021,"2021 Jinpeng Tang Supporting Information  Impact of Phytoplankton Blooms on Concentrations of Antibiotics in Sediment and Snails in a Subtropical River, China .pdf"
sediment,Guangdong,"Pearl River, site Z11",Sulfadiazine,sulfonamides,15,NA,ng/g (dw),2017,autumn,"Tang, J., Fang, J., Tam, N. F., Yang, Y., Dai, Y., Zhang, J., & Shi, Y. (2021). Impact of Phytoplankton Blooms on Concentrations of Antibiotics in Sediment and Snails in a Subtropical River, China. Environmental Science & Technology, 55(3), 1811-1821. https://doi.org/10.1021/acs.est.0c08248","Supporting Information Table S3 (surface sediments, late blooming season)",PDF-TANG-2021,"2021 Jinpeng Tang Supporting Information  Impact of Phytoplankton Blooms on Concentrations of Antibiotics in Sediment and Snails in a Subtropical River, China .pdf"
sediment,Guangdong,"Pearl River, site Z1",Sulfamethazine,sulfonamides,160.6,NA,ng/g (dw),2017,autumn,"Tang, J., Fang, J., Tam, N. F., Yang, Y., Dai, Y., Zhang, J., & Shi, Y. (2021). Impact of Phytoplankton Blooms on Concentrations of Antibiotics in Sediment and Snails in a Subtropical River, China. Environmental Science & Technology, 55(3), 1811-1821. https://doi.org/10.1021/acs.est.0c08248","Supporting Information Table S3 (surface sediments, late blooming season)",PDF-TANG-2021,"2021 Jinpeng Tang Supporting Information  Impact of Phytoplankton Blooms on Concentrations of Antibiotics in Sediment and Snails in a Subtropical River, China .pdf"
sediment,Guangdong,"Pearl River, site Z2",Sulfamethazine,sulfonamides,239.4,NA,ng/g (dw),2017,autumn,"Tang, J., Fang, J., Tam, N. F., Yang, Y., Dai, Y., Zhang, J., & Shi, Y. (2021). Impact of Phytoplankton Blooms on Concentrations of Antibiotics in Sediment and Snails in a Subtropical River, China. Environmental Science & Technology, 55(3), 1811-1821. https://doi.org/10.1021/acs.est.0c08248","Supporting Information Table S3 (surface sediments, late blooming season)",PDF-TANG-2021,"2021 Jinpeng Tang Supporting Information  Impact of Phytoplankton Blooms on Concentrations of Antibiotics in Sediment and Snails in a Subtropical River, China .pdf"
sediment,Guangdong,"Pearl River, site Z3",Sulfamethazine,sulfonamides,198.3,NA,ng/g (dw),2017,autumn,"Tang, J., Fang, J., Tam, N. F., Yang, Y., Dai, Y., Zhang, J., & Shi, Y. (2021). Impact of Phytoplankton Blooms on Concentrations of Antibiotics in Sediment and Snails in a Subtropical River, China. Environmental Science & Technology, 55(3), 1811-1821. https://doi.org/10.1021/acs.est.0c08248","Supporting Information Table S3 (surface sediments, late blooming season)",PDF-TANG-2021,"2021 Jinpeng Tang Supporting Information  Impact of Phytoplankton Blooms on Concentrations of Antibiotics in Sediment and Snails in a Subtropical River, China .pdf"
sediment,Guangdong,"Pearl River, site Z4",Sulfamethazine,sulfonamides,223.7,NA,ng/g (dw),2017,autumn,"Tang, J., Fang, J., Tam, N. F., Yang, Y., Dai, Y., Zhang, J., & Shi, Y. (2021). Impact of Phytoplankton Blooms on Concentrations of Antibiotics in Sediment and Snails in a Subtropical River, China. Environmental Science & Technology, 55(3), 1811-1821. https://doi.org/10.1021/acs.est.0c08248","Supporting Information Table S3 (surface sediments, late blooming season)",PDF-TANG-2021,"2021 Jinpeng Tang Supporting Information  Impact of Phytoplankton Blooms on Concentrations of Antibiotics in Sediment and Snails in a Subtropical River, China .pdf"
sediment,Guangdong,"Pearl River, site Z5",Sulfamethazine,sulfonamides,71.4,NA,ng/g (dw),2017,autumn,"Tang, J., Fang, J., Tam, N. F., Yang, Y., Dai, Y., Zhang, J., & Shi, Y. (2021). Impact of Phytoplankton Blooms on Concentrations of Antibiotics in Sediment and Snails in a Subtropical River, China. Environmental Science & Technology, 55(3), 1811-1821. https://doi.org/10.1021/acs.est.0c08248","Supporting Information Table S3 (surface sediments, late blooming season)",PDF-TANG-2021,"2021 Jinpeng Tang Supporting Information  Impact of Phytoplankton Blooms on Concentrations of Antibiotics in Sediment and Snails in a Subtropical River, China .pdf"
sediment,Guangdong,"Pearl River, site Z6",Sulfamethazine,sulfonamides,41,NA,ng/g (dw),2017,autumn,"Tang, J., Fang, J., Tam, N. F., Yang, Y., Dai, Y., Zhang, J., & Shi, Y. (2021). Impact of Phytoplankton Blooms on Concentrations of Antibiotics in Sediment and Snails in a Subtropical River, China. Environmental Science & Technology, 55(3), 1811-1821. https://doi.org/10.1021/acs.est.0c08248","Supporting Information Table S3 (surface sediments, late blooming season)",PDF-TANG-2021,"2021 Jinpeng Tang Supporting Information  Impact of Phytoplankton Blooms on Concentrations of Antibiotics in Sediment and Snails in a Subtropical River, China .pdf"
sediment,Guangdong,"Pearl River, site Z7",Sulfamethazine,sulfonamides,49.6,NA,ng/g (dw),2017,autumn,"Tang, J., Fang, J., Tam, N. F., Yang, Y., Dai, Y., Zhang, J., & Shi, Y. (2021). Impact of Phytoplankton Blooms on Concentrations of Antibiotics in Sediment and Snails in a Subtropical River, China. Environmental Science & Technology, 55(3), 1811-1821. https://doi.org/10.1021/acs.est.0c08248","Supporting Information Table S3 (surface sediments, late blooming season)",PDF-TANG-2021,"2021 Jinpeng Tang Supporting Information  Impact of Phytoplankton Blooms on Concentrations of Antibiotics in Sediment and Snails in a Subtropical River, China .pdf"
sediment,Guangdong,"Pearl River, site Z8",Sulfamethazine,sulfonamides,76.1,NA,ng/g (dw),2017,autumn,"Tang, J., Fang, J., Tam, N. F., Yang, Y., Dai, Y., Zhang, J., & Shi, Y. (2021). Impact of Phytoplankton Blooms on Concentrations of Antibiotics in Sediment and Snails in a Subtropical River, China. Environmental Science & Technology, 55(3), 1811-1821. https://doi.org/10.1021/acs.est.0c08248","Supporting Information Table S3 (surface sediments, late blooming season)",PDF-TANG-2021,"2021 Jinpeng Tang Supporting Information  Impact of Phytoplankton Blooms on Concentrations of Antibiotics in Sediment and Snails in a Subtropical River, China .pdf"
sediment,Guangdong,"Pearl River, site Z9",Sulfamethazine,sulfonamides,49.2,NA,ng/g (dw),2017,autumn,"Tang, J., Fang, J., Tam, N. F., Yang, Y., Dai, Y., Zhang, J., & Shi, Y. (2021). Impact of Phytoplankton Blooms on Concentrations of Antibiotics in Sediment and Snails in a Subtropical River, China. Environmental Science & Technology, 55(3), 1811-1821. https://doi.org/10.1021/acs.est.0c08248","Supporting Information Table S3 (surface sediments, late blooming season)",PDF-TANG-2021,"2021 Jinpeng Tang Supporting Information  Impact of Phytoplankton Blooms on Concentrations of Antibiotics in Sediment and Snails in a Subtropical River, China .pdf"
sediment,Guangdong,"Pearl River, site Z10",Sulfamethazine,sulfonamides,31.1,NA,ng/g (dw),2017,autumn,"Tang, J., Fang, J., Tam, N. F., Yang, Y., Dai, Y., Zhang, J., & Shi, Y. (2021). Impact of Phytoplankton Blooms on Concentrations of Antibiotics in Sediment and Snails in a Subtropical River, China. Environmental Science & Technology, 55(3), 1811-1821. https://doi.org/10.1021/acs.est.0c08248","Supporting Information Table S3 (surface sediments, late blooming season)",PDF-TANG-2021,"2021 Jinpeng Tang Supporting Information  Impact of Phytoplankton Blooms on Concentrations of Antibiotics in Sediment and Snails in a Subtropical River, China .pdf"
sediment,Guangdong,"Pearl River, site Z11",Sulfamethazine,sulfonamides,68.2,NA,ng/g (dw),2017,autumn,"Tang, J., Fang, J., Tam, N. F., Yang, Y., Dai, Y., Zhang, J., & Shi, Y. (2021). Impact of Phytoplankton Blooms on Concentrations of Antibiotics in Sediment and Snails in a Subtropical River, China. Environmental Science & Technology, 55(3), 1811-1821. https://doi.org/10.1021/acs.est.0c08248","Supporting Information Table S3 (surface sediments, late blooming season)",PDF-TANG-2021,"2021 Jinpeng Tang Supporting Information  Impact of Phytoplankton Blooms on Concentrations of Antibiotics in Sediment and Snails in a Subtropical River, China .pdf"
sediment,Guangdong,"Pearl River, site Z1",Sulfamethoxazole,sulfonamides,161.9,NA,ng/g (dw),2017,autumn,"Tang, J., Fang, J., Tam, N. F., Yang, Y., Dai, Y., Zhang, J., & Shi, Y. (2021). Impact of Phytoplankton Blooms on Concentrations of Antibiotics in Sediment and Snails in a Subtropical River, China. Environmental Science & Technology, 55(3), 1811-1821. https://doi.org/10.1021/acs.est.0c08248","Supporting Information Table S3 (surface sediments, late blooming season)",PDF-TANG-2021,"2021 Jinpeng Tang Supporting Information  Impact of Phytoplankton Blooms on Concentrations of Antibiotics in Sediment and Snails in a Subtropical River, China .pdf"
sediment,Guangdong,"Pearl River, site Z2",Sulfamethoxazole,sulfonamides,102.4,NA,ng/g (dw),2017,autumn,"Tang, J., Fang, J., Tam, N. F., Yang, Y., Dai, Y., Zhang, J., & Shi, Y. (2021). Impact of Phytoplankton Blooms on Concentrations of Antibiotics in Sediment and Snails in a Subtropical River, China. Environmental Science & Technology, 55(3), 1811-1821. https://doi.org/10.1021/acs.est.0c08248","Supporting Information Table S3 (surface sediments, late blooming season)",PDF-TANG-2021,"2021 Jinpeng Tang Supporting Information  Impact of Phytoplankton Blooms on Concentrations of Antibiotics in Sediment and Snails in a Subtropical River, China .pdf"
sediment,Guangdong,"Pearl River, site Z3",Sulfamethoxazole,sulfonamides,50.6,NA,ng/g (dw),2017,autumn,"Tang, J., Fang, J., Tam, N. F., Yang, Y., Dai, Y., Zhang, J., & Shi, Y. (2021). Impact of Phytoplankton Blooms on Concentrations of Antibiotics in Sediment and Snails in a Subtropical River, China. Environmental Science & Technology, 55(3), 1811-1821. https://doi.org/10.1021/acs.est.0c08248","Supporting Information Table S3 (surface sediments, late blooming season)",PDF-TANG-2021,"2021 Jinpeng Tang Supporting Information  Impact of Phytoplankton Blooms on Concentrations of Antibiotics in Sediment and Snails in a Subtropical River, China .pdf"
sediment,Guangdong,"Pearl River, site Z4",Sulfamethoxazole,sulfonamides,56.8,NA,ng/g (dw),2017,autumn,"Tang, J., Fang, J., Tam, N. F., Yang, Y., Dai, Y., Zhang, J., & Shi, Y. (2021). Impact of Phytoplankton Blooms on Concentrations of Antibiotics in Sediment and Snails in a Subtropical River, China. Environmental Science & Technology, 55(3), 1811-1821. https://doi.org/10.1021/acs.est.0c08248","Supporting Information Table S3 (surface sediments, late blooming season)",PDF-TANG-2021,"2021 Jinpeng Tang Supporting Information  Impact of Phytoplankton Blooms on Concentrations of Antibiotics in Sediment and Snails in a Subtropical River, China .pdf"
sediment,Guangdong,"Pearl River, site Z5",Sulfamethoxazole,sulfonamides,80,NA,ng/g (dw),2017,autumn,"Tang, J., Fang, J., Tam, N. F., Yang, Y., Dai, Y., Zhang, J., & Shi, Y. (2021). Impact of Phytoplankton Blooms on Concentrations of Antibiotics in Sediment and Snails in a Subtropical River, China. Environmental Science & Technology, 55(3), 1811-1821. https://doi.org/10.1021/acs.est.0c08248","Supporting Information Table S3 (surface sediments, late blooming season)",PDF-TANG-2021,"2021 Jinpeng Tang Supporting Information  Impact of Phytoplankton Blooms on Concentrations of Antibiotics in Sediment and Snails in a Subtropical River, China .pdf"
sediment,Guangdong,"Pearl River, site Z6",Sulfamethoxazole,sulfonamides,69.7,NA,ng/g (dw),2017,autumn,"Tang, J., Fang, J., Tam, N. F., Yang, Y., Dai, Y., Zhang, J., & Shi, Y. (2021). Impact of Phytoplankton Blooms on Concentrations of Antibiotics in Sediment and Snails in a Subtropical River, China. Environmental Science & Technology, 55(3), 1811-1821. https://doi.org/10.1021/acs.est.0c08248","Supporting Information Table S3 (surface sediments, late blooming season)",PDF-TANG-2021,"2021 Jinpeng Tang Supporting Information  Impact of Phytoplankton Blooms on Concentrations of Antibiotics in Sediment and Snails in a Subtropical River, China .pdf"
sediment,Guangdong,"Pearl River, site Z7",Sulfamethoxazole,sulfonamides,36.5,NA,ng/g (dw),2017,autumn,"Tang, J., Fang, J., Tam, N. F., Yang, Y., Dai, Y., Zhang, J., & Shi, Y. (2021). Impact of Phytoplankton Blooms on Concentrations of Antibiotics in Sediment and Snails in a Subtropical River, China. Environmental Science & Technology, 55(3), 1811-1821. https://doi.org/10.1021/acs.est.0c08248","Supporting Information Table S3 (surface sediments, late blooming season)",PDF-TANG-2021,"2021 Jinpeng Tang Supporting Information  Impact of Phytoplankton Blooms on Concentrations of Antibiotics in Sediment and Snails in a Subtropical River, China .pdf"
sediment,Guangdong,"Pearl River, site Z8",Sulfamethoxazole,sulfonamides,18.2,NA,ng/g (dw),2017,autumn,"Tang, J., Fang, J., Tam, N. F., Yang, Y., Dai, Y., Zhang, J., & Shi, Y. (2021). Impact of Phytoplankton Blooms on Concentrations of Antibiotics in Sediment and Snails in a Subtropical River, China. Environmental Science & Technology, 55(3), 1811-1821. https://doi.org/10.1021/acs.est.0c08248","Supporting Information Table S3 (surface sediments, late blooming season)",PDF-TANG-2021,"2021 Jinpeng Tang Supporting Information  Impact of Phytoplankton Blooms on Concentrations of Antibiotics in Sediment and Snails in a Subtropical River, China .pdf"
sediment,Guangdong,"Pearl River, site Z9",Sulfamethoxazole,sulfonamides,39,NA,ng/g (dw),2017,autumn,"Tang, J., Fang, J., Tam, N. F., Yang, Y., Dai, Y., Zhang, J., & Shi, Y. (2021). Impact of Phytoplankton Blooms on Concentrations of Antibiotics in Sediment and Snails in a Subtropical River, China. Environmental Science & Technology, 55(3), 1811-1821. https://doi.org/10.1021/acs.est.0c08248","Supporting Information Table S3 (surface sediments, late blooming season)",PDF-TANG-2021,"2021 Jinpeng Tang Supporting Information  Impact of Phytoplankton Blooms on Concentrations of Antibiotics in Sediment and Snails in a Subtropical River, China .pdf"
sediment,Guangdong,"Pearl River, site Z10",Sulfamethoxazole,sulfonamides,55.4,NA,ng/g (dw),2017,autumn,"Tang, J., Fang, J., Tam, N. F., Yang, Y., Dai, Y., Zhang, J., & Shi, Y. (2021). Impact of Phytoplankton Blooms on Concentrations of Antibiotics in Sediment and Snails in a Subtropical River, China. Environmental Science & Technology, 55(3), 1811-1821. https://doi.org/10.1021/acs.est.0c08248","Supporting Information Table S3 (surface sediments, late blooming season)",PDF-TANG-2021,"2021 Jinpeng Tang Supporting Information  Impact of Phytoplankton Blooms on Concentrations of Antibiotics in Sediment and Snails in a Subtropical River, China .pdf"
sediment,Guangdong,"Pearl River, site Z11",Sulfamethoxazole,sulfonamides,60,NA,ng/g (dw),2017,autumn,"Tang, J., Fang, J., Tam, N. F., Yang, Y., Dai, Y., Zhang, J., & Shi, Y. (2021). Impact of Phytoplankton Blooms on Concentrations of Antibiotics in Sediment and Snails in a Subtropical River, China. Environmental Science & Technology, 55(3), 1811-1821. https://doi.org/10.1021/acs.est.0c08248","Supporting Information Table S3 (surface sediments, late blooming season)",PDF-TANG-2021,"2021 Jinpeng Tang Supporting Information  Impact of Phytoplankton Blooms on Concentrations of Antibiotics in Sediment and Snails in a Subtropical River, China .pdf"
sediment,Guangdong,"Pearl River, site Z1",Sulfapyridine,sulfonamides,86.5,NA,ng/g (dw),2017,autumn,"Tang, J., Fang, J., Tam, N. F., Yang, Y., Dai, Y., Zhang, J., & Shi, Y. (2021). Impact of Phytoplankton Blooms on Concentrations of Antibiotics in Sediment and Snails in a Subtropical River, China. Environmental Science & Technology, 55(3), 1811-1821. https://doi.org/10.1021/acs.est.0c08248","Supporting Information Table S3 (surface sediments, late blooming season)",PDF-TANG-2021,"2021 Jinpeng Tang Supporting Information  Impact of Phytoplankton Blooms on Concentrations of Antibiotics in Sediment and Snails in a Subtropical River, China .pdf"
sediment,Guangdong,"Pearl River, site Z2",Sulfapyridine,sulfonamides,68.8,NA,ng/g (dw),2017,autumn,"Tang, J., Fang, J., Tam, N. F., Yang, Y., Dai, Y., Zhang, J., & Shi, Y. (2021). Impact of Phytoplankton Blooms on Concentrations of Antibiotics in Sediment and Snails in a Subtropical River, China. Environmental Science & Technology, 55(3), 1811-1821. https://doi.org/10.1021/acs.est.0c08248","Supporting Information Table S3 (surface sediments, late blooming season)",PDF-TANG-2021,"2021 Jinpeng Tang Supporting Information  Impact of Phytoplankton Blooms on Concentrations of Antibiotics in Sediment and Snails in a Subtropical River, China .pdf"
sediment,Guangdong,"Pearl River, site Z3",Sulfapyridine,sulfonamides,83.2,NA,ng/g (dw),2017,autumn,"Tang, J., Fang, J., Tam, N. F., Yang, Y., Dai, Y., Zhang, J., & Shi, Y. (2021). Impact of Phytoplankton Blooms on Concentrations of Antibiotics in Sediment and Snails in a Subtropical River, China. Environmental Science & Technology, 55(3), 1811-1821. https://doi.org/10.1021/acs.est.0c08248","Supporting Information Table S3 (surface sediments, late blooming season)",PDF-TANG-2021,"2021 Jinpeng Tang Supporting Information  Impact of Phytoplankton Blooms on Concentrations of Antibiotics in Sediment and Snails in a Subtropical River, China .pdf"
sediment,Guangdong,"Pearl River, site Z4",Sulfapyridine,sulfonamides,70.6,NA,ng/g (dw),2017,autumn,"Tang, J., Fang, J., Tam, N. F., Yang, Y., Dai, Y., Zhang, J., & Shi, Y. (2021). Impact of Phytoplankton Blooms on Concentrations of Antibiotics in Sediment and Snails in a Subtropical River, China. Environmental Science & Technology, 55(3), 1811-1821. https://doi.org/10.1021/acs.est.0c08248","Supporting Information Table S3 (surface sediments, late blooming season)",PDF-TANG-2021,"2021 Jinpeng Tang Supporting Information  Impact of Phytoplankton Blooms on Concentrations of Antibiotics in Sediment and Snails in a Subtropical River, China .pdf"
sediment,Guangdong,"Pearl River, site Z5",Sulfapyridine,sulfonamides,30.9,NA,ng/g (dw),2017,autumn,"Tang, J., Fang, J., Tam, N. F., Yang, Y., Dai, Y., Zhang, J., & Shi, Y. (2021). Impact of Phytoplankton Blooms on Concentrations of Antibiotics in Sediment and Snails in a Subtropical River, China. Environmental Science & Technology, 55(3), 1811-1821. https://doi.org/10.1021/acs.est.0c08248","Supporting Information Table S3 (surface sediments, late blooming season)",PDF-TANG-2021,"2021 Jinpeng Tang Supporting Information  Impact of Phytoplankton Blooms on Concentrations of Antibiotics in Sediment and Snails in a Subtropical River, China .pdf"
sediment,Guangdong,"Pearl River, site Z6",Sulfapyridine,sulfonamides,35.7,NA,ng/g (dw),2017,autumn,"Tang, J., Fang, J., Tam, N. F., Yang, Y., Dai, Y., Zhang, J., & Shi, Y. (2021). Impact of Phytoplankton Blooms on Concentrations of Antibiotics in Sediment and Snails in a Subtropical River, China. Environmental Science & Technology, 55(3), 1811-1821. https://doi.org/10.1021/acs.est.0c08248","Supporting Information Table S3 (surface sediments, late blooming season)",PDF-TANG-2021,"2021 Jinpeng Tang Supporting Information  Impact of Phytoplankton Blooms on Concentrations of Antibiotics in Sediment and Snails in a Subtropical River, China .pdf"
sediment,Guangdong,"Pearl River, site Z7",Sulfapyridine,sulfonamides,41.9,NA,ng/g (dw),2017,autumn,"Tang, J., Fang, J., Tam, N. F., Yang, Y., Dai, Y., Zhang, J., & Shi, Y. (2021). Impact of Phytoplankton Blooms on Concentrations of Antibiotics in Sediment and Snails in a Subtropical River, China. Environmental Science & Technology, 55(3), 1811-1821. https://doi.org/10.1021/acs.est.0c08248","Supporting Information Table S3 (surface sediments, late blooming season)",PDF-TANG-2021,"2021 Jinpeng Tang Supporting Information  Impact of Phytoplankton Blooms on Concentrations of Antibiotics in Sediment and Snails in a Subtropical River, China .pdf"
sediment,Guangdong,"Pearl River, site Z8",Sulfapyridine,sulfonamides,33.9,NA,ng/g (dw),2017,autumn,"Tang, J., Fang, J., Tam, N. F., Yang, Y., Dai, Y., Zhang, J., & Shi, Y. (2021). Impact of Phytoplankton Blooms on Concentrations of Antibiotics in Sediment and Snails in a Subtropical River, China. Environmental Science & Technology, 55(3), 1811-1821. https://doi.org/10.1021/acs.est.0c08248","Supporting Information Table S3 (surface sediments, late blooming season)",PDF-TANG-2021,"2021 Jinpeng Tang Supporting Information  Impact of Phytoplankton Blooms on Concentrations of Antibiotics in Sediment and Snails in a Subtropical River, China .pdf"
sediment,Guangdong,"Pearl River, site Z9",Sulfapyridine,sulfonamides,33.2,NA,ng/g (dw),2017,autumn,"Tang, J., Fang, J., Tam, N. F., Yang, Y., Dai, Y., Zhang, J., & Shi, Y. (2021). Impact of Phytoplankton Blooms on Concentrations of Antibiotics in Sediment and Snails in a Subtropical River, China. Environmental Science & Technology, 55(3), 1811-1821. https://doi.org/10.1021/acs.est.0c08248","Supporting Information Table S3 (surface sediments, late blooming season)",PDF-TANG-2021,"2021 Jinpeng Tang Supporting Information  Impact of Phytoplankton Blooms on Concentrations of Antibiotics in Sediment and Snails in a Subtropical River, China .pdf"
sediment,Guangdong,"Pearl River, site Z10",Sulfapyridine,sulfonamides,39.2,NA,ng/g (dw),2017,autumn,"Tang, J., Fang, J., Tam, N. F., Yang, Y., Dai, Y., Zhang, J., & Shi, Y. (2021). Impact of Phytoplankton Blooms on Concentrations of Antibiotics in Sediment and Snails in a Subtropical River, China. Environmental Science & Technology, 55(3), 1811-1821. https://doi.org/10.1021/acs.est.0c08248","Supporting Information Table S3 (surface sediments, late blooming season)",PDF-TANG-2021,"2021 Jinpeng Tang Supporting Information  Impact of Phytoplankton Blooms on Concentrations of Antibiotics in Sediment and Snails in a Subtropical River, China .pdf"
sediment,Guangdong,"Pearl River, site Z11",Sulfapyridine,sulfonamides,31.7,NA,ng/g (dw),2017,autumn,"Tang, J., Fang, J., Tam, N. F., Yang, Y., Dai, Y., Zhang, J., & Shi, Y. (2021). Impact of Phytoplankton Blooms on Concentrations of Antibiotics in Sediment and Snails in a Subtropical River, China. Environmental Science & Technology, 55(3), 1811-1821. https://doi.org/10.1021/acs.est.0c08248","Supporting Information Table S3 (surface sediments, late blooming season)",PDF-TANG-2021,"2021 Jinpeng Tang Supporting Information  Impact of Phytoplankton Blooms on Concentrations of Antibiotics in Sediment and Snails in a Subtropical River, China .pdf"
sediment,Guangdong,"Pearl River, site Z1",Tetracycline,tetracyclines,40.7,NA,ng/g (dw),2017,autumn,"Tang, J., Fang, J., Tam, N. F., Yang, Y., Dai, Y., Zhang, J., & Shi, Y. (2021). Impact of Phytoplankton Blooms on Concentrations of Antibiotics in Sediment and Snails in a Subtropical River, China. Environmental Science & Technology, 55(3), 1811-1821. https://doi.org/10.1021/acs.est.0c08248","Supporting Information Table S4 (surface sediments, late blooming season)",PDF-TANG-2021,"2021 Jinpeng Tang Supporting Information  Impact of Phytoplankton Blooms on Concentrations of Antibiotics in Sediment and Snails in a Subtropical River, China .pdf"
sediment,Guangdong,"Pearl River, site Z2",Tetracycline,tetracyclines,98.3,NA,ng/g (dw),2017,autumn,"Tang, J., Fang, J., Tam, N. F., Yang, Y., Dai, Y., Zhang, J., & Shi, Y. (2021). Impact of Phytoplankton Blooms on Concentrations of Antibiotics in Sediment and Snails in a Subtropical River, China. Environmental Science & Technology, 55(3), 1811-1821. https://doi.org/10.1021/acs.est.0c08248","Supporting Information Table S4 (surface sediments, late blooming season)",PDF-TANG-2021,"2021 Jinpeng Tang Supporting Information  Impact of Phytoplankton Blooms on Concentrations of Antibiotics in Sediment and Snails in a Subtropical River, China .pdf"
sediment,Guangdong,"Pearl River, site Z3",Tetracycline,tetracyclines,12.8,NA,ng/g (dw),2017,autumn,"Tang, J., Fang, J., Tam, N. F., Yang, Y., Dai, Y., Zhang, J., & Shi, Y. (2021). Impact of Phytoplankton Blooms on Concentrations of Antibiotics in Sediment and Snails in a Subtropical River, China. Environmental Science & Technology, 55(3), 1811-1821. https://doi.org/10.1021/acs.est.0c08248","Supporting Information Table S4 (surface sediments, late blooming season)",PDF-TANG-2021,"2021 Jinpeng Tang Supporting Information  Impact of Phytoplankton Blooms on Concentrations of Antibiotics in Sediment and Snails in a Subtropical River, China .pdf"
sediment,Guangdong,"Pearl River, site Z4",Tetracycline,tetracyclines,13.7,NA,ng/g (dw),2017,autumn,"Tang, J., Fang, J., Tam, N. F., Yang, Y., Dai, Y., Zhang, J., & Shi, Y. (2021). Impact of Phytoplankton Blooms on Concentrations of Antibiotics in Sediment and Snails in a Subtropical River, China. Environmental Science & Technology, 55(3), 1811-1821. https://doi.org/10.1021/acs.est.0c08248","Supporting Information Table S4 (surface sediments, late blooming season)",PDF-TANG-2021,"2021 Jinpeng Tang Supporting Information  Impact of Phytoplankton Blooms on Concentrations of Antibiotics in Sediment and Snails in a Subtropical River, China .pdf"
sediment,Guangdong,"Pearl River, site Z5",Tetracycline,tetracyclines,14.7,NA,ng/g (dw),2017,autumn,"Tang, J., Fang, J., Tam, N. F., Yang, Y., Dai, Y., Zhang, J., & Shi, Y. (2021). Impact of Phytoplankton Blooms on Concentrations of Antibiotics in Sediment and Snails in a Subtropical River, China. Environmental Science & Technology, 55(3), 1811-1821. https://doi.org/10.1021/acs.est.0c08248","Supporting Information Table S4 (surface sediments, late blooming season)",PDF-TANG-2021,"2021 Jinpeng Tang Supporting Information  Impact of Phytoplankton Blooms on Concentrations of Antibiotics in Sediment and Snails in a Subtropical River, China .pdf"
sediment,Guangdong,"Pearl River, site Z6",Tetracycline,tetracyclines,39.6,NA,ng/g (dw),2017,autumn,"Tang, J., Fang, J., Tam, N. F., Yang, Y., Dai, Y., Zhang, J., & Shi, Y. (2021). Impact of Phytoplankton Blooms on Concentrations of Antibiotics in Sediment and Snails in a Subtropical River, China. Environmental Science & Technology, 55(3), 1811-1821. https://doi.org/10.1021/acs.est.0c08248","Supporting Information Table S4 (surface sediments, late blooming season)",PDF-TANG-2021,"2021 Jinpeng Tang Supporting Information  Impact of Phytoplankton Blooms on Concentrations of Antibiotics in Sediment and Snails in a Subtropical River, China .pdf"
sediment,Guangdong,"Pearl River, site Z7",Tetracycline,tetracyclines,35.4,NA,ng/g (dw),2017,autumn,"Tang, J., Fang, J., Tam, N. F., Yang, Y., Dai, Y., Zhang, J., & Shi, Y. (2021). Impact of Phytoplankton Blooms on Concentrations of Antibiotics in Sediment and Snails in a Subtropical River, China. Environmental Science & Technology, 55(3), 1811-1821. https://doi.org/10.1021/acs.est.0c08248","Supporting Information Table S4 (surface sediments, late blooming season)",PDF-TANG-2021,"2021 Jinpeng Tang Supporting Information  Impact of Phytoplankton Blooms on Concentrations of Antibiotics in Sediment and Snails in a Subtropical River, China .pdf"
sediment,Guangdong,"Pearl River, site Z8",Tetracycline,tetracyclines,33,NA,ng/g (dw),2017,autumn,"Tang, J., Fang, J., Tam, N. F., Yang, Y., Dai, Y., Zhang, J., & Shi, Y. (2021). Impact of Phytoplankton Blooms on Concentrations of Antibiotics in Sediment and Snails in a Subtropical River, China. Environmental Science & Technology, 55(3), 1811-1821. https://doi.org/10.1021/acs.est.0c08248","Supporting Information Table S4 (surface sediments, late blooming season)",PDF-TANG-2021,"2021 Jinpeng Tang Supporting Information  Impact of Phytoplankton Blooms on Concentrations of Antibiotics in Sediment and Snails in a Subtropical River, China .pdf"
sediment,Guangdong,"Pearl River, site Z9",Tetracycline,tetracyclines,9.4,NA,ng/g (dw),2017,autumn,"Tang, J., Fang, J., Tam, N. F., Yang, Y., Dai, Y., Zhang, J., & Shi, Y. (2021). Impact of Phytoplankton Blooms on Concentrations of Antibiotics in Sediment and Snails in a Subtropical River, China. Environmental Science & Technology, 55(3), 1811-1821. https://doi.org/10.1021/acs.est.0c08248","Supporting Information Table S4 (surface sediments, late blooming season)",PDF-TANG-2021,"2021 Jinpeng Tang Supporting Information  Impact of Phytoplankton Blooms on Concentrations of Antibiotics in Sediment and Snails in a Subtropical River, China .pdf"
sediment,Guangdong,"Pearl River, site Z10",Tetracycline,tetracyclines,10.2,NA,ng/g (dw),2017,autumn,"Tang, J., Fang, J., Tam, N. F., Yang, Y., Dai, Y., Zhang, J., & Shi, Y. (2021). Impact of Phytoplankton Blooms on Concentrations of Antibiotics in Sediment and Snails in a Subtropical River, China. Environmental Science & Technology, 55(3), 1811-1821. https://doi.org/10.1021/acs.est.0c08248","Supporting Information Table S4 (surface sediments, late blooming season)",PDF-TANG-2021,"2021 Jinpeng Tang Supporting Information  Impact of Phytoplankton Blooms on Concentrations of Antibiotics in Sediment and Snails in a Subtropical River, China .pdf"
sediment,Guangdong,"Pearl River, site Z11",Tetracycline,tetracyclines,5.3,NA,ng/g (dw),2017,autumn,"Tang, J., Fang, J., Tam, N. F., Yang, Y., Dai, Y., Zhang, J., & Shi, Y. (2021). Impact of Phytoplankton Blooms on Concentrations of Antibiotics in Sediment and Snails in a Subtropical River, China. Environmental Science & Technology, 55(3), 1811-1821. https://doi.org/10.1021/acs.est.0c08248","Supporting Information Table S4 (surface sediments, late blooming season)",PDF-TANG-2021,"2021 Jinpeng Tang Supporting Information  Impact of Phytoplankton Blooms on Concentrations of Antibiotics in Sediment and Snails in a Subtropical River, China .pdf"
sediment,Guangdong,"Pearl River, site Z1",Trimethoprim,sulfonamides,33.5,NA,ng/g (dw),2017,autumn,"Tang, J., Fang, J., Tam, N. F., Yang, Y., Dai, Y., Zhang, J., & Shi, Y. (2021). Impact of Phytoplankton Blooms on Concentrations of Antibiotics in Sediment and Snails in a Subtropical River, China. Environmental Science & Technology, 55(3), 1811-1821. https://doi.org/10.1021/acs.est.0c08248","Supporting Information Table S3 (surface sediments, late blooming season)",PDF-TANG-2021,"2021 Jinpeng Tang Supporting Information  Impact of Phytoplankton Blooms on Concentrations of Antibiotics in Sediment and Snails in a Subtropical River, China .pdf"
sediment,Guangdong,"Pearl River, site Z2",Trimethoprim,sulfonamides,244.8,NA,ng/g (dw),2017,autumn,"Tang, J., Fang, J., Tam, N. F., Yang, Y., Dai, Y., Zhang, J., & Shi, Y. (2021). Impact of Phytoplankton Blooms on Concentrations of Antibiotics in Sediment and Snails in a Subtropical River, China. Environmental Science & Technology, 55(3), 1811-1821. https://doi.org/10.1021/acs.est.0c08248","Supporting Information Table S3 (surface sediments, late blooming season)",PDF-TANG-2021,"2021 Jinpeng Tang Supporting Information  Impact of Phytoplankton Blooms on Concentrations of Antibiotics in Sediment and Snails in a Subtropical River, China .pdf"
sediment,Guangdong,"Pearl River, site Z3",Trimethoprim,sulfonamides,240.4,NA,ng/g (dw),2017,autumn,"Tang, J., Fang, J., Tam, N. F., Yang, Y., Dai, Y., Zhang, J., & Shi, Y. (2021). Impact of Phytoplankton Blooms on Concentrations of Antibiotics in Sediment and Snails in a Subtropical River, China. Environmental Science & Technology, 55(3), 1811-1821. https://doi.org/10.1021/acs.est.0c08248","Supporting Information Table S3 (surface sediments, late blooming season)",PDF-TANG-2021,"2021 Jinpeng Tang Supporting Information  Impact of Phytoplankton Blooms on Concentrations of Antibiotics in Sediment and Snails in a Subtropical River, China .pdf"
sediment,Guangdong,"Pearl River, site Z4",Trimethoprim,sulfonamides,110.4,NA,ng/g (dw),2017,autumn,"Tang, J., Fang, J., Tam, N. F., Yang, Y., Dai, Y., Zhang, J., & Shi, Y. (2021). Impact of Phytoplankton Blooms on Concentrations of Antibiotics in Sediment and Snails in a Subtropical River, China. Environmental Science & Technology, 55(3), 1811-1821. https://doi.org/10.1021/acs.est.0c08248","Supporting Information Table S3 (surface sediments, late blooming season)",PDF-TANG-2021,"2021 Jinpeng Tang Supporting Information  Impact of Phytoplankton Blooms on Concentrations of Antibiotics in Sediment and Snails in a Subtropical River, China .pdf"
sediment,Guangdong,"Pearl River, site Z5",Trimethoprim,sulfonamides,33.1,NA,ng/g (dw),2017,autumn,"Tang, J., Fang, J., Tam, N. F., Yang, Y., Dai, Y., Zhang, J., & Shi, Y. (2021). Impact of Phytoplankton Blooms on Concentrations of Antibiotics in Sediment and Snails in a Subtropical River, China. Environmental Science & Technology, 55(3), 1811-1821. https://doi.org/10.1021/acs.est.0c08248","Supporting Information Table S3 (surface sediments, late blooming season)",PDF-TANG-2021,"2021 Jinpeng Tang Supporting Information  Impact of Phytoplankton Blooms on Concentrations of Antibiotics in Sediment and Snails in a Subtropical River, China .pdf"
sediment,Guangdong,"Pearl River, site Z6",Trimethoprim,sulfonamides,43.6,NA,ng/g (dw),2017,autumn,"Tang, J., Fang, J., Tam, N. F., Yang, Y., Dai, Y., Zhang, J., & Shi, Y. (2021). Impact of Phytoplankton Blooms on Concentrations of Antibiotics in Sediment and Snails in a Subtropical River, China. Environmental Science & Technology, 55(3), 1811-1821. https://doi.org/10.1021/acs.est.0c08248","Supporting Information Table S3 (surface sediments, late blooming season)",PDF-TANG-2021,"2021 Jinpeng Tang Supporting Information  Impact of Phytoplankton Blooms on Concentrations of Antibiotics in Sediment and Snails in a Subtropical River, China .pdf"
sediment,Guangdong,"Pearl River, site Z7",Trimethoprim,sulfonamides,41.4,NA,ng/g (dw),2017,autumn,"Tang, J., Fang, J., Tam, N. F., Yang, Y., Dai, Y., Zhang, J., & Shi, Y. (2021). Impact of Phytoplankton Blooms on Concentrations of Antibiotics in Sediment and Snails in a Subtropical River, China. Environmental Science & Technology, 55(3), 1811-1821. https://doi.org/10.1021/acs.est.0c08248","Supporting Information Table S3 (surface sediments, late blooming season)",PDF-TANG-2021,"2021 Jinpeng Tang Supporting Information  Impact of Phytoplankton Blooms on Concentrations of Antibiotics in Sediment and Snails in a Subtropical River, China .pdf"
sediment,Guangdong,"Pearl River, site Z8",Trimethoprim,sulfonamides,64.7,NA,ng/g (dw),2017,autumn,"Tang, J., Fang, J., Tam, N. F., Yang, Y., Dai, Y., Zhang, J., & Shi, Y. (2021). Impact of Phytoplankton Blooms on Concentrations of Antibiotics in Sediment and Snails in a Subtropical River, China. Environmental Science & Technology, 55(3), 1811-1821. https://doi.org/10.1021/acs.est.0c08248","Supporting Information Table S3 (surface sediments, late blooming season)",PDF-TANG-2021,"2021 Jinpeng Tang Supporting Information  Impact of Phytoplankton Blooms on Concentrations of Antibiotics in Sediment and Snails in a Subtropical River, China .pdf"
sediment,Guangdong,"Pearl River, site Z9",Trimethoprim,sulfonamides,4.3,NA,ng/g (dw),2017,autumn,"Tang, J., Fang, J., Tam, N. F., Yang, Y., Dai, Y., Zhang, J., & Shi, Y. (2021). Impact of Phytoplankton Blooms on Concentrations of Antibiotics in Sediment and Snails in a Subtropical River, China. Environmental Science & Technology, 55(3), 1811-1821. https://doi.org/10.1021/acs.est.0c08248","Supporting Information Table S3 (surface sediments, late blooming season)",PDF-TANG-2021,"2021 Jinpeng Tang Supporting Information  Impact of Phytoplankton Blooms on Concentrations of Antibiotics in Sediment and Snails in a Subtropical River, China .pdf"
sediment,Guangdong,"Pearl River, site Z10",Trimethoprim,sulfonamides,20.4,NA,ng/g (dw),2017,autumn,"Tang, J., Fang, J., Tam, N. F., Yang, Y., Dai, Y., Zhang, J., & Shi, Y. (2021). Impact of Phytoplankton Blooms on Concentrations of Antibiotics in Sediment and Snails in a Subtropical River, China. Environmental Science & Technology, 55(3), 1811-1821. https://doi.org/10.1021/acs.est.0c08248","Supporting Information Table S3 (surface sediments, late blooming season)",PDF-TANG-2021,"2021 Jinpeng Tang Supporting Information  Impact of Phytoplankton Blooms on Concentrations of Antibiotics in Sediment and Snails in a Subtropical River, China .pdf"
sediment,Guangdong,"Pearl River, site Z11",Trimethoprim,sulfonamides,13,NA,ng/g (dw),2017,autumn,"Tang, J., Fang, J., Tam, N. F., Yang, Y., Dai, Y., Zhang, J., & Shi, Y. (2021). Impact of Phytoplankton Blooms on Concentrations of Antibiotics in Sediment and Snails in a Subtropical River, China. Environmental Science & Technology, 55(3), 1811-1821. https://doi.org/10.1021/acs.est.0c08248","Supporting Information Table S3 (surface sediments, late blooming season)",PDF-TANG-2021,"2021 Jinpeng Tang Supporting Information  Impact of Phytoplankton Blooms on Concentrations of Antibiotics in Sediment and Snails in a Subtropical River, China .pdf"
sediment,Guangdong,"Pearl River, site Z1",Ciprofloxacin,fluoroquinolones,242.9,NA,ng/g (dw),2018,spring,"Tang, J., Fang, J., Tam, N. F., Yang, Y., Dai, Y., Zhang, J., & Shi, Y. (2021). Impact of Phytoplankton Blooms on Concentrations of Antibiotics in Sediment and Snails in a Subtropical River, China. Environmental Science & Technology, 55(3), 1811-1821. https://doi.org/10.1021/acs.est.0c08248","Supporting Information Table S5 (surface sediments, 2018 seasonal values)",PDF-TANG-2021,"2021 Jinpeng Tang Supporting Information  Impact of Phytoplankton Blooms on Concentrations of Antibiotics in Sediment and Snails in a Subtropical River, China .pdf"
sediment,Guangdong,"Pearl River, site Z1",Ciprofloxacin,fluoroquinolones,280.8,NA,ng/g (dw),2018,summer,"Tang, J., Fang, J., Tam, N. F., Yang, Y., Dai, Y., Zhang, J., & Shi, Y. (2021). Impact of Phytoplankton Blooms on Concentrations of Antibiotics in Sediment and Snails in a Subtropical River, China. Environmental Science & Technology, 55(3), 1811-1821. https://doi.org/10.1021/acs.est.0c08248","Supporting Information Table S5 (surface sediments, 2018 seasonal values)",PDF-TANG-2021,"2021 Jinpeng Tang Supporting Information  Impact of Phytoplankton Blooms on Concentrations of Antibiotics in Sediment and Snails in a Subtropical River, China .pdf"
sediment,Guangdong,"Pearl River, site Z1",Ciprofloxacin,fluoroquinolones,183.8,NA,ng/g (dw),2018,autumn,"Tang, J., Fang, J., Tam, N. F., Yang, Y., Dai, Y., Zhang, J., & Shi, Y. (2021). Impact of Phytoplankton Blooms on Concentrations of Antibiotics in Sediment and Snails in a Subtropical River, China. Environmental Science & Technology, 55(3), 1811-1821. https://doi.org/10.1021/acs.est.0c08248","Supporting Information Table S5 (surface sediments, 2018 seasonal values)",PDF-TANG-2021,"2021 Jinpeng Tang Supporting Information  Impact of Phytoplankton Blooms on Concentrations of Antibiotics in Sediment and Snails in a Subtropical River, China .pdf"
sediment,Guangdong,"Pearl River, site Z2",Ciprofloxacin,fluoroquinolones,7.3,NA,ng/g (dw),2018,spring,"Tang, J., Fang, J., Tam, N. F., Yang, Y., Dai, Y., Zhang, J., & Shi, Y. (2021). Impact of Phytoplankton Blooms on Concentrations of Antibiotics in Sediment and Snails in a Subtropical River, China. Environmental Science & Technology, 55(3), 1811-1821. https://doi.org/10.1021/acs.est.0c08248","Supporting Information Table S5 (surface sediments, 2018 seasonal values)",PDF-TANG-2021,"2021 Jinpeng Tang Supporting Information  Impact of Phytoplankton Blooms on Concentrations of Antibiotics in Sediment and Snails in a Subtropical River, China .pdf"
sediment,Guangdong,"Pearl River, site Z2",Ciprofloxacin,fluoroquinolones,57,NA,ng/g (dw),2018,summer,"Tang, J., Fang, J., Tam, N. F., Yang, Y., Dai, Y., Zhang, J., & Shi, Y. (2021). Impact of Phytoplankton Blooms on Concentrations of Antibiotics in Sediment and Snails in a Subtropical River, China. Environmental Science & Technology, 55(3), 1811-1821. https://doi.org/10.1021/acs.est.0c08248","Supporting Information Table S5 (surface sediments, 2018 seasonal values)",PDF-TANG-2021,"2021 Jinpeng Tang Supporting Information  Impact of Phytoplankton Blooms on Concentrations of Antibiotics in Sediment and Snails in a Subtropical River, China .pdf"
sediment,Guangdong,"Pearl River, site Z2",Ciprofloxacin,fluoroquinolones,124.3,NA,ng/g (dw),2018,autumn,"Tang, J., Fang, J., Tam, N. F., Yang, Y., Dai, Y., Zhang, J., & Shi, Y. (2021). Impact of Phytoplankton Blooms on Concentrations of Antibiotics in Sediment and Snails in a Subtropical River, China. Environmental Science & Technology, 55(3), 1811-1821. https://doi.org/10.1021/acs.est.0c08248","Supporting Information Table S5 (surface sediments, 2018 seasonal values)",PDF-TANG-2021,"2021 Jinpeng Tang Supporting Information  Impact of Phytoplankton Blooms on Concentrations of Antibiotics in Sediment and Snails in a Subtropical River, China .pdf"
sediment,Guangdong,"Pearl River, site Z3",Ciprofloxacin,fluoroquinolones,41.6,NA,ng/g (dw),2018,spring,"Tang, J., Fang, J., Tam, N. F., Yang, Y., Dai, Y., Zhang, J., & Shi, Y. (2021). Impact of Phytoplankton Blooms on Concentrations of Antibiotics in Sediment and Snails in a Subtropical River, China. Environmental Science & Technology, 55(3), 1811-1821. https://doi.org/10.1021/acs.est.0c08248","Supporting Information Table S5 (surface sediments, 2018 seasonal values)",PDF-TANG-2021,"2021 Jinpeng Tang Supporting Information  Impact of Phytoplankton Blooms on Concentrations of Antibiotics in Sediment and Snails in a Subtropical River, China .pdf"
sediment,Guangdong,"Pearl River, site Z3",Ciprofloxacin,fluoroquinolones,41.6,NA,ng/g (dw),2018,summer,"Tang, J., Fang, J., Tam, N. F., Yang, Y., Dai, Y., Zhang, J., & Shi, Y. (2021). Impact of Phytoplankton Blooms on Concentrations of Antibiotics in Sediment and Snails in a Subtropical River, China. Environmental Science & Technology, 55(3), 1811-1821. https://doi.org/10.1021/acs.est.0c08248","Supporting Information Table S5 (surface sediments, 2018 seasonal values)",PDF-TANG-2021,"2021 Jinpeng Tang Supporting Information  Impact of Phytoplankton Blooms on Concentrations of Antibiotics in Sediment and Snails in a Subtropical River, China .pdf"
sediment,Guangdong,"Pearl River, site Z3",Ciprofloxacin,fluoroquinolones,69.5,NA,ng/g (dw),2018,autumn,"Tang, J., Fang, J., Tam, N. F., Yang, Y., Dai, Y., Zhang, J., & Shi, Y. (2021). Impact of Phytoplankton Blooms on Concentrations of Antibiotics in Sediment and Snails in a Subtropical River, China. Environmental Science & Technology, 55(3), 1811-1821. https://doi.org/10.1021/acs.est.0c08248","Supporting Information Table S5 (surface sediments, 2018 seasonal values)",PDF-TANG-2021,"2021 Jinpeng Tang Supporting Information  Impact of Phytoplankton Blooms on Concentrations of Antibiotics in Sediment and Snails in a Subtropical River, China .pdf"
sediment,Guangdong,"Pearl River, site Z9",Ciprofloxacin,fluoroquinolones,23.6,NA,ng/g (dw),2018,spring,"Tang, J., Fang, J., Tam, N. F., Yang, Y., Dai, Y., Zhang, J., & Shi, Y. (2021). Impact of Phytoplankton Blooms on Concentrations of Antibiotics in Sediment and Snails in a Subtropical River, China. Environmental Science & Technology, 55(3), 1811-1821. https://doi.org/10.1021/acs.est.0c08248","Supporting Information Table S5 (surface sediments, 2018 seasonal values)",PDF-TANG-2021,"2021 Jinpeng Tang Supporting Information  Impact of Phytoplankton Blooms on Concentrations of Antibiotics in Sediment and Snails in a Subtropical River, China .pdf"
sediment,Guangdong,"Pearl River, site Z9",Ciprofloxacin,fluoroquinolones,21.2,NA,ng/g (dw),2018,summer,"Tang, J., Fang, J., Tam, N. F., Yang, Y., Dai, Y., Zhang, J., & Shi, Y. (2021). Impact of Phytoplankton Blooms on Concentrations of Antibiotics in Sediment and Snails in a Subtropical River, China. Environmental Science & Technology, 55(3), 1811-1821. https://doi.org/10.1021/acs.est.0c08248","Supporting Information Table S5 (surface sediments, 2018 seasonal values)",PDF-TANG-2021,"2021 Jinpeng Tang Supporting Information  Impact of Phytoplankton Blooms on Concentrations of Antibiotics in Sediment and Snails in a Subtropical River, China .pdf"
sediment,Guangdong,"Pearl River, site Z9",Ciprofloxacin,fluoroquinolones,57.1,NA,ng/g (dw),2018,autumn,"Tang, J., Fang, J., Tam, N. F., Yang, Y., Dai, Y., Zhang, J., & Shi, Y. (2021). Impact of Phytoplankton Blooms on Concentrations of Antibiotics in Sediment and Snails in a Subtropical River, China. Environmental Science & Technology, 55(3), 1811-1821. https://doi.org/10.1021/acs.est.0c08248","Supporting Information Table S5 (surface sediments, 2018 seasonal values)",PDF-TANG-2021,"2021 Jinpeng Tang Supporting Information  Impact of Phytoplankton Blooms on Concentrations of Antibiotics in Sediment and Snails in a Subtropical River, China .pdf"
sediment,Guangdong,"Pearl River, site Z10",Ciprofloxacin,fluoroquinolones,20.4,NA,ng/g (dw),2018,spring,"Tang, J., Fang, J., Tam, N. F., Yang, Y., Dai, Y., Zhang, J., & Shi, Y. (2021). Impact of Phytoplankton Blooms on Concentrations of Antibiotics in Sediment and Snails in a Subtropical River, China. Environmental Science & Technology, 55(3), 1811-1821. https://doi.org/10.1021/acs.est.0c08248","Supporting Information Table S5 (surface sediments, 2018 seasonal values)",PDF-TANG-2021,"2021 Jinpeng Tang Supporting Information  Impact of Phytoplankton Blooms on Concentrations of Antibiotics in Sediment and Snails in a Subtropical River, China .pdf"
sediment,Guangdong,"Pearl River, site Z10",Ciprofloxacin,fluoroquinolones,24.1,NA,ng/g (dw),2018,summer,"Tang, J., Fang, J., Tam, N. F., Yang, Y., Dai, Y., Zhang, J., & Shi, Y. (2021). Impact of Phytoplankton Blooms on Concentrations of Antibiotics in Sediment and Snails in a Subtropical River, China. Environmental Science & Technology, 55(3), 1811-1821. https://doi.org/10.1021/acs.est.0c08248","Supporting Information Table S5 (surface sediments, 2018 seasonal values)",PDF-TANG-2021,"2021 Jinpeng Tang Supporting Information  Impact of Phytoplankton Blooms on Concentrations of Antibiotics in Sediment and Snails in a Subtropical River, China .pdf"
sediment,Guangdong,"Pearl River, site Z10",Ciprofloxacin,fluoroquinolones,14.2,NA,ng/g (dw),2018,autumn,"Tang, J., Fang, J., Tam, N. F., Yang, Y., Dai, Y., Zhang, J., & Shi, Y. (2021). Impact of Phytoplankton Blooms on Concentrations of Antibiotics in Sediment and Snails in a Subtropical River, China. Environmental Science & Technology, 55(3), 1811-1821. https://doi.org/10.1021/acs.est.0c08248","Supporting Information Table S5 (surface sediments, 2018 seasonal values)",PDF-TANG-2021,"2021 Jinpeng Tang Supporting Information  Impact of Phytoplankton Blooms on Concentrations of Antibiotics in Sediment and Snails in a Subtropical River, China .pdf"
sediment,Guangdong,"Pearl River, site Z11",Ciprofloxacin,fluoroquinolones,4.4,NA,ng/g (dw),2018,spring,"Tang, J., Fang, J., Tam, N. F., Yang, Y., Dai, Y., Zhang, J., & Shi, Y. (2021). Impact of Phytoplankton Blooms on Concentrations of Antibiotics in Sediment and Snails in a Subtropical River, China. Environmental Science & Technology, 55(3), 1811-1821. https://doi.org/10.1021/acs.est.0c08248","Supporting Information Table S5 (surface sediments, 2018 seasonal values)",PDF-TANG-2021,"2021 Jinpeng Tang Supporting Information  Impact of Phytoplankton Blooms on Concentrations of Antibiotics in Sediment and Snails in a Subtropical River, China .pdf"
sediment,Guangdong,"Pearl River, site Z11",Ciprofloxacin,fluoroquinolones,10.3,NA,ng/g (dw),2018,summer,"Tang, J., Fang, J., Tam, N. F., Yang, Y., Dai, Y., Zhang, J., & Shi, Y. (2021). Impact of Phytoplankton Blooms on Concentrations of Antibiotics in Sediment and Snails in a Subtropical River, China. Environmental Science & Technology, 55(3), 1811-1821. https://doi.org/10.1021/acs.est.0c08248","Supporting Information Table S5 (surface sediments, 2018 seasonal values)",PDF-TANG-2021,"2021 Jinpeng Tang Supporting Information  Impact of Phytoplankton Blooms on Concentrations of Antibiotics in Sediment and Snails in a Subtropical River, China .pdf"
sediment,Guangdong,"Pearl River, site Z11",Ciprofloxacin,fluoroquinolones,41.5,NA,ng/g (dw),2018,autumn,"Tang, J., Fang, J., Tam, N. F., Yang, Y., Dai, Y., Zhang, J., & Shi, Y. (2021). Impact of Phytoplankton Blooms on Concentrations of Antibiotics in Sediment and Snails in a Subtropical River, China. Environmental Science & Technology, 55(3), 1811-1821. https://doi.org/10.1021/acs.est.0c08248","Supporting Information Table S5 (surface sediments, 2018 seasonal values)",PDF-TANG-2021,"2021 Jinpeng Tang Supporting Information  Impact of Phytoplankton Blooms on Concentrations of Antibiotics in Sediment and Snails in a Subtropical River, China .pdf"
sediment,Guangdong,"Pearl River, site Z1",Erythromycin,macrolides,92.5,NA,ng/g (dw),2018,spring,"Tang, J., Fang, J., Tam, N. F., Yang, Y., Dai, Y., Zhang, J., & Shi, Y. (2021). Impact of Phytoplankton Blooms on Concentrations of Antibiotics in Sediment and Snails in a Subtropical River, China. Environmental Science & Technology, 55(3), 1811-1821. https://doi.org/10.1021/acs.est.0c08248","Supporting Information Table S5 (surface sediments, 2018 seasonal values)",PDF-TANG-2021,"2021 Jinpeng Tang Supporting Information  Impact of Phytoplankton Blooms on Concentrations of Antibiotics in Sediment and Snails in a Subtropical River, China .pdf"
sediment,Guangdong,"Pearl River, site Z1",Erythromycin,macrolides,150.4,NA,ng/g (dw),2018,summer,"Tang, J., Fang, J., Tam, N. F., Yang, Y., Dai, Y., Zhang, J., & Shi, Y. (2021). Impact of Phytoplankton Blooms on Concentrations of Antibiotics in Sediment and Snails in a Subtropical River, China. Environmental Science & Technology, 55(3), 1811-1821. https://doi.org/10.1021/acs.est.0c08248","Supporting Information Table S5 (surface sediments, 2018 seasonal values)",PDF-TANG-2021,"2021 Jinpeng Tang Supporting Information  Impact of Phytoplankton Blooms on Concentrations of Antibiotics in Sediment and Snails in a Subtropical River, China .pdf"
sediment,Guangdong,"Pearl River, site Z1",Erythromycin,macrolides,208.5,NA,ng/g (dw),2018,autumn,"Tang, J., Fang, J., Tam, N. F., Yang, Y., Dai, Y., Zhang, J., & Shi, Y. (2021). Impact of Phytoplankton Blooms on Concentrations of Antibiotics in Sediment and Snails in a Subtropical River, China. Environmental Science & Technology, 55(3), 1811-1821. https://doi.org/10.1021/acs.est.0c08248","Supporting Information Table S5 (surface sediments, 2018 seasonal values)",PDF-TANG-2021,"2021 Jinpeng Tang Supporting Information  Impact of Phytoplankton Blooms on Concentrations of Antibiotics in Sediment and Snails in a Subtropical River, China .pdf"
sediment,Guangdong,"Pearl River, site Z2",Erythromycin,macrolides,156.9,NA,ng/g (dw),2018,spring,"Tang, J., Fang, J., Tam, N. F., Yang, Y., Dai, Y., Zhang, J., & Shi, Y. (2021). Impact of Phytoplankton Blooms on Concentrations of Antibiotics in Sediment and Snails in a Subtropical River, China. Environmental Science & Technology, 55(3), 1811-1821. https://doi.org/10.1021/acs.est.0c08248","Supporting Information Table S5 (surface sediments, 2018 seasonal values)",PDF-TANG-2021,"2021 Jinpeng Tang Supporting Information  Impact of Phytoplankton Blooms on Concentrations of Antibiotics in Sediment and Snails in a Subtropical River, China .pdf"
sediment,Guangdong,"Pearl River, site Z2",Erythromycin,macrolides,81.4,NA,ng/g (dw),2018,summer,"Tang, J., Fang, J., Tam, N. F., Yang, Y., Dai, Y., Zhang, J., & Shi, Y. (2021). Impact of Phytoplankton Blooms on Concentrations of Antibiotics in Sediment and Snails in a Subtropical River, China. Environmental Science & Technology, 55(3), 1811-1821. https://doi.org/10.1021/acs.est.0c08248","Supporting Information Table S5 (surface sediments, 2018 seasonal values)",PDF-TANG-2021,"2021 Jinpeng Tang Supporting Information  Impact of Phytoplankton Blooms on Concentrations of Antibiotics in Sediment and Snails in a Subtropical River, China .pdf"
sediment,Guangdong,"Pearl River, site Z2",Erythromycin,macrolides,201.8,NA,ng/g (dw),2018,autumn,"Tang, J., Fang, J., Tam, N. F., Yang, Y., Dai, Y., Zhang, J., & Shi, Y. (2021). Impact of Phytoplankton Blooms on Concentrations of Antibiotics in Sediment and Snails in a Subtropical River, China. Environmental Science & Technology, 55(3), 1811-1821. https://doi.org/10.1021/acs.est.0c08248","Supporting Information Table S5 (surface sediments, 2018 seasonal values)",PDF-TANG-2021,"2021 Jinpeng Tang Supporting Information  Impact of Phytoplankton Blooms on Concentrations of Antibiotics in Sediment and Snails in a Subtropical River, China .pdf"
sediment,Guangdong,"Pearl River, site Z3",Erythromycin,macrolides,78.3,NA,ng/g (dw),2018,spring,"Tang, J., Fang, J., Tam, N. F., Yang, Y., Dai, Y., Zhang, J., & Shi, Y. (2021). Impact of Phytoplankton Blooms on Concentrations of Antibiotics in Sediment and Snails in a Subtropical River, China. Environmental Science & Technology, 55(3), 1811-1821. https://doi.org/10.1021/acs.est.0c08248","Supporting Information Table S5 (surface sediments, 2018 seasonal values)",PDF-TANG-2021,"2021 Jinpeng Tang Supporting Information  Impact of Phytoplankton Blooms on Concentrations of Antibiotics in Sediment and Snails in a Subtropical River, China .pdf"
sediment,Guangdong,"Pearl River, site Z3",Erythromycin,macrolides,151.6,NA,ng/g (dw),2018,summer,"Tang, J., Fang, J., Tam, N. F., Yang, Y., Dai, Y., Zhang, J., & Shi, Y. (2021). Impact of Phytoplankton Blooms on Concentrations of Antibiotics in Sediment and Snails in a Subtropical River, China. Environmental Science & Technology, 55(3), 1811-1821. https://doi.org/10.1021/acs.est.0c08248","Supporting Information Table S5 (surface sediments, 2018 seasonal values)",PDF-TANG-2021,"2021 Jinpeng Tang Supporting Information  Impact of Phytoplankton Blooms on Concentrations of Antibiotics in Sediment and Snails in a Subtropical River, China .pdf"
sediment,Guangdong,"Pearl River, site Z3",Erythromycin,macrolides,167.9,NA,ng/g (dw),2018,autumn,"Tang, J., Fang, J., Tam, N. F., Yang, Y., Dai, Y., Zhang, J., & Shi, Y. (2021). Impact of Phytoplankton Blooms on Concentrations of Antibiotics in Sediment and Snails in a Subtropical River, China. Environmental Science & Technology, 55(3), 1811-1821. https://doi.org/10.1021/acs.est.0c08248","Supporting Information Table S5 (surface sediments, 2018 seasonal values)",PDF-TANG-2021,"2021 Jinpeng Tang Supporting Information  Impact of Phytoplankton Blooms on Concentrations of Antibiotics in Sediment and Snails in a Subtropical River, China .pdf"
sediment,Guangdong,"Pearl River, site Z9",Erythromycin,macrolides,66.1,NA,ng/g (dw),2018,spring,"Tang, J., Fang, J., Tam, N. F., Yang, Y., Dai, Y., Zhang, J., & Shi, Y. (2021). Impact of Phytoplankton Blooms on Concentrations of Antibiotics in Sediment and Snails in a Subtropical River, China. Environmental Science & Technology, 55(3), 1811-1821. https://doi.org/10.1021/acs.est.0c08248","Supporting Information Table S5 (surface sediments, 2018 seasonal values)",PDF-TANG-2021,"2021 Jinpeng Tang Supporting Information  Impact of Phytoplankton Blooms on Concentrations of Antibiotics in Sediment and Snails in a Subtropical River, China .pdf"
sediment,Guangdong,"Pearl River, site Z9",Erythromycin,macrolides,26.2,NA,ng/g (dw),2018,summer,"Tang, J., Fang, J., Tam, N. F., Yang, Y., Dai, Y., Zhang, J., & Shi, Y. (2021). Impact of Phytoplankton Blooms on Concentrations of Antibiotics in Sediment and Snails in a Subtropical River, China. Environmental Science & Technology, 55(3), 1811-1821. https://doi.org/10.1021/acs.est.0c08248","Supporting Information Table S5 (surface sediments, 2018 seasonal values)",PDF-TANG-2021,"2021 Jinpeng Tang Supporting Information  Impact of Phytoplankton Blooms on Concentrations of Antibiotics in Sediment and Snails in a Subtropical River, China .pdf"
sediment,Guangdong,"Pearl River, site Z9",Erythromycin,macrolides,153,NA,ng/g (dw),2018,autumn,"Tang, J., Fang, J., Tam, N. F., Yang, Y., Dai, Y., Zhang, J., & Shi, Y. (2021). Impact of Phytoplankton Blooms on Concentrations of Antibiotics in Sediment and Snails in a Subtropical River, China. Environmental Science & Technology, 55(3), 1811-1821. https://doi.org/10.1021/acs.est.0c08248","Supporting Information Table S5 (surface sediments, 2018 seasonal values)",PDF-TANG-2021,"2021 Jinpeng Tang Supporting Information  Impact of Phytoplankton Blooms on Concentrations of Antibiotics in Sediment and Snails in a Subtropical River, China .pdf"
sediment,Guangdong,"Pearl River, site Z10",Erythromycin,macrolides,35.7,NA,ng/g (dw),2018,spring,"Tang, J., Fang, J., Tam, N. F., Yang, Y., Dai, Y., Zhang, J., & Shi, Y. (2021). Impact of Phytoplankton Blooms on Concentrations of Antibiotics in Sediment and Snails in a Subtropical River, China. Environmental Science & Technology, 55(3), 1811-1821. https://doi.org/10.1021/acs.est.0c08248","Supporting Information Table S5 (surface sediments, 2018 seasonal values)",PDF-TANG-2021,"2021 Jinpeng Tang Supporting Information  Impact of Phytoplankton Blooms on Concentrations of Antibiotics in Sediment and Snails in a Subtropical River, China .pdf"
sediment,Guangdong,"Pearl River, site Z10",Erythromycin,macrolides,17.2,NA,ng/g (dw),2018,summer,"Tang, J., Fang, J., Tam, N. F., Yang, Y., Dai, Y., Zhang, J., & Shi, Y. (2021). Impact of Phytoplankton Blooms on Concentrations of Antibiotics in Sediment and Snails in a Subtropical River, China. Environmental Science & Technology, 55(3), 1811-1821. https://doi.org/10.1021/acs.est.0c08248","Supporting Information Table S5 (surface sediments, 2018 seasonal values)",PDF-TANG-2021,"2021 Jinpeng Tang Supporting Information  Impact of Phytoplankton Blooms on Concentrations of Antibiotics in Sediment and Snails in a Subtropical River, China .pdf"
sediment,Guangdong,"Pearl River, site Z10",Erythromycin,macrolides,33.9,NA,ng/g (dw),2018,autumn,"Tang, J., Fang, J., Tam, N. F., Yang, Y., Dai, Y., Zhang, J., & Shi, Y. (2021). Impact of Phytoplankton Blooms on Concentrations of Antibiotics in Sediment and Snails in a Subtropical River, China. Environmental Science & Technology, 55(3), 1811-1821. https://doi.org/10.1021/acs.est.0c08248","Supporting Information Table S5 (surface sediments, 2018 seasonal values)",PDF-TANG-2021,"2021 Jinpeng Tang Supporting Information  Impact of Phytoplankton Blooms on Concentrations of Antibiotics in Sediment and Snails in a Subtropical River, China .pdf"
sediment,Guangdong,"Pearl River, site Z11",Erythromycin,macrolides,83.9,NA,ng/g (dw),2018,spring,"Tang, J., Fang, J., Tam, N. F., Yang, Y., Dai, Y., Zhang, J., & Shi, Y. (2021). Impact of Phytoplankton Blooms on Concentrations of Antibiotics in Sediment and Snails in a Subtropical River, China. Environmental Science & Technology, 55(3), 1811-1821. https://doi.org/10.1021/acs.est.0c08248","Supporting Information Table S5 (surface sediments, 2018 seasonal values)",PDF-TANG-2021,"2021 Jinpeng Tang Supporting Information  Impact of Phytoplankton Blooms on Concentrations of Antibiotics in Sediment and Snails in a Subtropical River, China .pdf"
sediment,Guangdong,"Pearl River, site Z11",Erythromycin,macrolides,86.4,NA,ng/g (dw),2018,summer,"Tang, J., Fang, J., Tam, N. F., Yang, Y., Dai, Y., Zhang, J., & Shi, Y. (2021). Impact of Phytoplankton Blooms on Concentrations of Antibiotics in Sediment and Snails in a Subtropical River, China. Environmental Science & Technology, 55(3), 1811-1821. https://doi.org/10.1021/acs.est.0c08248","Supporting Information Table S5 (surface sediments, 2018 seasonal values)",PDF-TANG-2021,"2021 Jinpeng Tang Supporting Information  Impact of Phytoplankton Blooms on Concentrations of Antibiotics in Sediment and Snails in a Subtropical River, China .pdf"
sediment,Guangdong,"Pearl River, site Z11",Erythromycin,macrolides,111.7,NA,ng/g (dw),2018,autumn,"Tang, J., Fang, J., Tam, N. F., Yang, Y., Dai, Y., Zhang, J., & Shi, Y. (2021). Impact of Phytoplankton Blooms on Concentrations of Antibiotics in Sediment and Snails in a Subtropical River, China. Environmental Science & Technology, 55(3), 1811-1821. https://doi.org/10.1021/acs.est.0c08248","Supporting Information Table S5 (surface sediments, 2018 seasonal values)",PDF-TANG-2021,"2021 Jinpeng Tang Supporting Information  Impact of Phytoplankton Blooms on Concentrations of Antibiotics in Sediment and Snails in a Subtropical River, China .pdf"
sediment,Guangdong,"Pearl River, site Z1",Lomefloxacin,fluoroquinolones,74.6,NA,ng/g (dw),2018,spring,"Tang, J., Fang, J., Tam, N. F., Yang, Y., Dai, Y., Zhang, J., & Shi, Y. (2021). Impact of Phytoplankton Blooms on Concentrations of Antibiotics in Sediment and Snails in a Subtropical River, China. Environmental Science & Technology, 55(3), 1811-1821. https://doi.org/10.1021/acs.est.0c08248","Supporting Information Table S5 (surface sediments, 2018 seasonal values)",PDF-TANG-2021,"2021 Jinpeng Tang Supporting Information  Impact of Phytoplankton Blooms on Concentrations of Antibiotics in Sediment and Snails in a Subtropical River, China .pdf"
sediment,Guangdong,"Pearl River, site Z1",Lomefloxacin,fluoroquinolones,50.1,NA,ng/g (dw),2018,summer,"Tang, J., Fang, J., Tam, N. F., Yang, Y., Dai, Y., Zhang, J., & Shi, Y. (2021). Impact of Phytoplankton Blooms on Concentrations of Antibiotics in Sediment and Snails in a Subtropical River, China. Environmental Science & Technology, 55(3), 1811-1821. https://doi.org/10.1021/acs.est.0c08248","Supporting Information Table S5 (surface sediments, 2018 seasonal values)",PDF-TANG-2021,"2021 Jinpeng Tang Supporting Information  Impact of Phytoplankton Blooms on Concentrations of Antibiotics in Sediment and Snails in a Subtropical River, China .pdf"
sediment,Guangdong,"Pearl River, site Z1",Lomefloxacin,fluoroquinolones,69.4,NA,ng/g (dw),2018,autumn,"Tang, J., Fang, J., Tam, N. F., Yang, Y., Dai, Y., Zhang, J., & Shi, Y. (2021). Impact of Phytoplankton Blooms on Concentrations of Antibiotics in Sediment and Snails in a Subtropical River, China. Environmental Science & Technology, 55(3), 1811-1821. https://doi.org/10.1021/acs.est.0c08248","Supporting Information Table S5 (surface sediments, 2018 seasonal values)",PDF-TANG-2021,"2021 Jinpeng Tang Supporting Information  Impact of Phytoplankton Blooms on Concentrations of Antibiotics in Sediment and Snails in a Subtropical River, China .pdf"
sediment,Guangdong,"Pearl River, site Z2",Lomefloxacin,fluoroquinolones,19.8,NA,ng/g (dw),2018,spring,"Tang, J., Fang, J., Tam, N. F., Yang, Y., Dai, Y., Zhang, J., & Shi, Y. (2021). Impact of Phytoplankton Blooms on Concentrations of Antibiotics in Sediment and Snails in a Subtropical River, China. Environmental Science & Technology, 55(3), 1811-1821. https://doi.org/10.1021/acs.est.0c08248","Supporting Information Table S5 (surface sediments, 2018 seasonal values)",PDF-TANG-2021,"2021 Jinpeng Tang Supporting Information  Impact of Phytoplankton Blooms on Concentrations of Antibiotics in Sediment and Snails in a Subtropical River, China .pdf"
sediment,Guangdong,"Pearl River, site Z2",Lomefloxacin,fluoroquinolones,38.8,NA,ng/g (dw),2018,summer,"Tang, J., Fang, J., Tam, N. F., Yang, Y., Dai, Y., Zhang, J., & Shi, Y. (2021). Impact of Phytoplankton Blooms on Concentrations of Antibiotics in Sediment and Snails in a Subtropical River, China. Environmental Science & Technology, 55(3), 1811-1821. https://doi.org/10.1021/acs.est.0c08248","Supporting Information Table S5 (surface sediments, 2018 seasonal values)",PDF-TANG-2021,"2021 Jinpeng Tang Supporting Information  Impact of Phytoplankton Blooms on Concentrations of Antibiotics in Sediment and Snails in a Subtropical River, China .pdf"
sediment,Guangdong,"Pearl River, site Z2",Lomefloxacin,fluoroquinolones,91.4,NA,ng/g (dw),2018,autumn,"Tang, J., Fang, J., Tam, N. F., Yang, Y., Dai, Y., Zhang, J., & Shi, Y. (2021). Impact of Phytoplankton Blooms on Concentrations of Antibiotics in Sediment and Snails in a Subtropical River, China. Environmental Science & Technology, 55(3), 1811-1821. https://doi.org/10.1021/acs.est.0c08248","Supporting Information Table S5 (surface sediments, 2018 seasonal values)",PDF-TANG-2021,"2021 Jinpeng Tang Supporting Information  Impact of Phytoplankton Blooms on Concentrations of Antibiotics in Sediment and Snails in a Subtropical River, China .pdf"
sediment,Guangdong,"Pearl River, site Z3",Lomefloxacin,fluoroquinolones,71.1,NA,ng/g (dw),2018,spring,"Tang, J., Fang, J., Tam, N. F., Yang, Y., Dai, Y., Zhang, J., & Shi, Y. (2021). Impact of Phytoplankton Blooms on Concentrations of Antibiotics in Sediment and Snails in a Subtropical River, China. Environmental Science & Technology, 55(3), 1811-1821. https://doi.org/10.1021/acs.est.0c08248","Supporting Information Table S5 (surface sediments, 2018 seasonal values)",PDF-TANG-2021,"2021 Jinpeng Tang Supporting Information  Impact of Phytoplankton Blooms on Concentrations of Antibiotics in Sediment and Snails in a Subtropical River, China .pdf"
sediment,Guangdong,"Pearl River, site Z3",Lomefloxacin,fluoroquinolones,26.6,NA,ng/g (dw),2018,summer,"Tang, J., Fang, J., Tam, N. F., Yang, Y., Dai, Y., Zhang, J., & Shi, Y. (2021). Impact of Phytoplankton Blooms on Concentrations of Antibiotics in Sediment and Snails in a Subtropical River, China. Environmental Science & Technology, 55(3), 1811-1821. https://doi.org/10.1021/acs.est.0c08248","Supporting Information Table S5 (surface sediments, 2018 seasonal values)",PDF-TANG-2021,"2021 Jinpeng Tang Supporting Information  Impact of Phytoplankton Blooms on Concentrations of Antibiotics in Sediment and Snails in a Subtropical River, China .pdf"
sediment,Guangdong,"Pearl River, site Z3",Lomefloxacin,fluoroquinolones,56.5,NA,ng/g (dw),2018,autumn,"Tang, J., Fang, J., Tam, N. F., Yang, Y., Dai, Y., Zhang, J., & Shi, Y. (2021). Impact of Phytoplankton Blooms on Concentrations of Antibiotics in Sediment and Snails in a Subtropical River, China. Environmental Science & Technology, 55(3), 1811-1821. https://doi.org/10.1021/acs.est.0c08248","Supporting Information Table S5 (surface sediments, 2018 seasonal values)",PDF-TANG-2021,"2021 Jinpeng Tang Supporting Information  Impact of Phytoplankton Blooms on Concentrations of Antibiotics in Sediment and Snails in a Subtropical River, China .pdf"
sediment,Guangdong,"Pearl River, site Z9",Lomefloxacin,fluoroquinolones,8.7,NA,ng/g (dw),2018,spring,"Tang, J., Fang, J., Tam, N. F., Yang, Y., Dai, Y., Zhang, J., & Shi, Y. (2021). Impact of Phytoplankton Blooms on Concentrations of Antibiotics in Sediment and Snails in a Subtropical River, China. Environmental Science & Technology, 55(3), 1811-1821. https://doi.org/10.1021/acs.est.0c08248","Supporting Information Table S5 (surface sediments, 2018 seasonal values)",PDF-TANG-2021,"2021 Jinpeng Tang Supporting Information  Impact of Phytoplankton Blooms on Concentrations of Antibiotics in Sediment and Snails in a Subtropical River, China .pdf"
sediment,Guangdong,"Pearl River, site Z9",Lomefloxacin,fluoroquinolones,7.4,NA,ng/g (dw),2018,summer,"Tang, J., Fang, J., Tam, N. F., Yang, Y., Dai, Y., Zhang, J., & Shi, Y. (2021). Impact of Phytoplankton Blooms on Concentrations of Antibiotics in Sediment and Snails in a Subtropical River, China. Environmental Science & Technology, 55(3), 1811-1821. https://doi.org/10.1021/acs.est.0c08248","Supporting Information Table S5 (surface sediments, 2018 seasonal values)",PDF-TANG-2021,"2021 Jinpeng Tang Supporting Information  Impact of Phytoplankton Blooms on Concentrations of Antibiotics in Sediment and Snails in a Subtropical River, China .pdf"
sediment,Guangdong,"Pearl River, site Z9",Lomefloxacin,fluoroquinolones,39.2,NA,ng/g (dw),2018,autumn,"Tang, J., Fang, J., Tam, N. F., Yang, Y., Dai, Y., Zhang, J., & Shi, Y. (2021). Impact of Phytoplankton Blooms on Concentrations of Antibiotics in Sediment and Snails in a Subtropical River, China. Environmental Science & Technology, 55(3), 1811-1821. https://doi.org/10.1021/acs.est.0c08248","Supporting Information Table S5 (surface sediments, 2018 seasonal values)",PDF-TANG-2021,"2021 Jinpeng Tang Supporting Information  Impact of Phytoplankton Blooms on Concentrations of Antibiotics in Sediment and Snails in a Subtropical River, China .pdf"
sediment,Guangdong,"Pearl River, site Z10",Lomefloxacin,fluoroquinolones,59.5,NA,ng/g (dw),2018,spring,"Tang, J., Fang, J., Tam, N. F., Yang, Y., Dai, Y., Zhang, J., & Shi, Y. (2021). Impact of Phytoplankton Blooms on Concentrations of Antibiotics in Sediment and Snails in a Subtropical River, China. Environmental Science & Technology, 55(3), 1811-1821. https://doi.org/10.1021/acs.est.0c08248","Supporting Information Table S5 (surface sediments, 2018 seasonal values)",PDF-TANG-2021,"2021 Jinpeng Tang Supporting Information  Impact of Phytoplankton Blooms on Concentrations of Antibiotics in Sediment and Snails in a Subtropical River, China .pdf"
sediment,Guangdong,"Pearl River, site Z10",Lomefloxacin,fluoroquinolones,14.4,NA,ng/g (dw),2018,summer,"Tang, J., Fang, J., Tam, N. F., Yang, Y., Dai, Y., Zhang, J., & Shi, Y. (2021). Impact of Phytoplankton Blooms on Concentrations of Antibiotics in Sediment and Snails in a Subtropical River, China. Environmental Science & Technology, 55(3), 1811-1821. https://doi.org/10.1021/acs.est.0c08248","Supporting Information Table S5 (surface sediments, 2018 seasonal values)",PDF-TANG-2021,"2021 Jinpeng Tang Supporting Information  Impact of Phytoplankton Blooms on Concentrations of Antibiotics in Sediment and Snails in a Subtropical River, China .pdf"
sediment,Guangdong,"Pearl River, site Z10",Lomefloxacin,fluoroquinolones,22.9,NA,ng/g (dw),2018,autumn,"Tang, J., Fang, J., Tam, N. F., Yang, Y., Dai, Y., Zhang, J., & Shi, Y. (2021). Impact of Phytoplankton Blooms on Concentrations of Antibiotics in Sediment and Snails in a Subtropical River, China. Environmental Science & Technology, 55(3), 1811-1821. https://doi.org/10.1021/acs.est.0c08248","Supporting Information Table S5 (surface sediments, 2018 seasonal values)",PDF-TANG-2021,"2021 Jinpeng Tang Supporting Information  Impact of Phytoplankton Blooms on Concentrations of Antibiotics in Sediment and Snails in a Subtropical River, China .pdf"
sediment,Guangdong,"Pearl River, site Z11",Lomefloxacin,fluoroquinolones,23.1,NA,ng/g (dw),2018,spring,"Tang, J., Fang, J., Tam, N. F., Yang, Y., Dai, Y., Zhang, J., & Shi, Y. (2021). Impact of Phytoplankton Blooms on Concentrations of Antibiotics in Sediment and Snails in a Subtropical River, China. Environmental Science & Technology, 55(3), 1811-1821. https://doi.org/10.1021/acs.est.0c08248","Supporting Information Table S5 (surface sediments, 2018 seasonal values)",PDF-TANG-2021,"2021 Jinpeng Tang Supporting Information  Impact of Phytoplankton Blooms on Concentrations of Antibiotics in Sediment and Snails in a Subtropical River, China .pdf"
sediment,Guangdong,"Pearl River, site Z11",Lomefloxacin,fluoroquinolones,23,NA,ng/g (dw),2018,summer,"Tang, J., Fang, J., Tam, N. F., Yang, Y., Dai, Y., Zhang, J., & Shi, Y. (2021). Impact of Phytoplankton Blooms on Concentrations of Antibiotics in Sediment and Snails in a Subtropical River, China. Environmental Science & Technology, 55(3), 1811-1821. https://doi.org/10.1021/acs.est.0c08248","Supporting Information Table S5 (surface sediments, 2018 seasonal values)",PDF-TANG-2021,"2021 Jinpeng Tang Supporting Information  Impact of Phytoplankton Blooms on Concentrations of Antibiotics in Sediment and Snails in a Subtropical River, China .pdf"
sediment,Guangdong,"Pearl River, site Z11",Lomefloxacin,fluoroquinolones,24.3,NA,ng/g (dw),2018,autumn,"Tang, J., Fang, J., Tam, N. F., Yang, Y., Dai, Y., Zhang, J., & Shi, Y. (2021). Impact of Phytoplankton Blooms on Concentrations of Antibiotics in Sediment and Snails in a Subtropical River, China. Environmental Science & Technology, 55(3), 1811-1821. https://doi.org/10.1021/acs.est.0c08248","Supporting Information Table S5 (surface sediments, 2018 seasonal values)",PDF-TANG-2021,"2021 Jinpeng Tang Supporting Information  Impact of Phytoplankton Blooms on Concentrations of Antibiotics in Sediment and Snails in a Subtropical River, China .pdf"
sediment,Guangdong,"Pearl River, site Z1",Norfloxacin,fluoroquinolones,146.9,NA,ng/g (dw),2018,spring,"Tang, J., Fang, J., Tam, N. F., Yang, Y., Dai, Y., Zhang, J., & Shi, Y. (2021). Impact of Phytoplankton Blooms on Concentrations of Antibiotics in Sediment and Snails in a Subtropical River, China. Environmental Science & Technology, 55(3), 1811-1821. https://doi.org/10.1021/acs.est.0c08248","Supporting Information Table S5 (surface sediments, 2018 seasonal values)",PDF-TANG-2021,"2021 Jinpeng Tang Supporting Information  Impact of Phytoplankton Blooms on Concentrations of Antibiotics in Sediment and Snails in a Subtropical River, China .pdf"
sediment,Guangdong,"Pearl River, site Z1",Norfloxacin,fluoroquinolones,171.1,NA,ng/g (dw),2018,summer,"Tang, J., Fang, J., Tam, N. F., Yang, Y., Dai, Y., Zhang, J., & Shi, Y. (2021). Impact of Phytoplankton Blooms on Concentrations of Antibiotics in Sediment and Snails in a Subtropical River, China. Environmental Science & Technology, 55(3), 1811-1821. https://doi.org/10.1021/acs.est.0c08248","Supporting Information Table S5 (surface sediments, 2018 seasonal values)",PDF-TANG-2021,"2021 Jinpeng Tang Supporting Information  Impact of Phytoplankton Blooms on Concentrations of Antibiotics in Sediment and Snails in a Subtropical River, China .pdf"
sediment,Guangdong,"Pearl River, site Z1",Norfloxacin,fluoroquinolones,154.4,NA,ng/g (dw),2018,autumn,"Tang, J., Fang, J., Tam, N. F., Yang, Y., Dai, Y., Zhang, J., & Shi, Y. (2021). Impact of Phytoplankton Blooms on Concentrations of Antibiotics in Sediment and Snails in a Subtropical River, China. Environmental Science & Technology, 55(3), 1811-1821. https://doi.org/10.1021/acs.est.0c08248","Supporting Information Table S5 (surface sediments, 2018 seasonal values)",PDF-TANG-2021,"2021 Jinpeng Tang Supporting Information  Impact of Phytoplankton Blooms on Concentrations of Antibiotics in Sediment and Snails in a Subtropical River, China .pdf"
sediment,Guangdong,"Pearl River, site Z2",Norfloxacin,fluoroquinolones,26.7,NA,ng/g (dw),2018,spring,"Tang, J., Fang, J., Tam, N. F., Yang, Y., Dai, Y., Zhang, J., & Shi, Y. (2021). Impact of Phytoplankton Blooms on Concentrations of Antibiotics in Sediment and Snails in a Subtropical River, China. Environmental Science & Technology, 55(3), 1811-1821. https://doi.org/10.1021/acs.est.0c08248","Supporting Information Table S5 (surface sediments, 2018 seasonal values)",PDF-TANG-2021,"2021 Jinpeng Tang Supporting Information  Impact of Phytoplankton Blooms on Concentrations of Antibiotics in Sediment and Snails in a Subtropical River, China .pdf"
sediment,Guangdong,"Pearl River, site Z2",Norfloxacin,fluoroquinolones,61.8,NA,ng/g (dw),2018,summer,"Tang, J., Fang, J., Tam, N. F., Yang, Y., Dai, Y., Zhang, J., & Shi, Y. (2021). Impact of Phytoplankton Blooms on Concentrations of Antibiotics in Sediment and Snails in a Subtropical River, China. Environmental Science & Technology, 55(3), 1811-1821. https://doi.org/10.1021/acs.est.0c08248","Supporting Information Table S5 (surface sediments, 2018 seasonal values)",PDF-TANG-2021,"2021 Jinpeng Tang Supporting Information  Impact of Phytoplankton Blooms on Concentrations of Antibiotics in Sediment and Snails in a Subtropical River, China .pdf"
sediment,Guangdong,"Pearl River, site Z2",Norfloxacin,fluoroquinolones,127.3,NA,ng/g (dw),2018,autumn,"Tang, J., Fang, J., Tam, N. F., Yang, Y., Dai, Y., Zhang, J., & Shi, Y. (2021). Impact of Phytoplankton Blooms on Concentrations of Antibiotics in Sediment and Snails in a Subtropical River, China. Environmental Science & Technology, 55(3), 1811-1821. https://doi.org/10.1021/acs.est.0c08248","Supporting Information Table S5 (surface sediments, 2018 seasonal values)",PDF-TANG-2021,"2021 Jinpeng Tang Supporting Information  Impact of Phytoplankton Blooms on Concentrations of Antibiotics in Sediment and Snails in a Subtropical River, China .pdf"
sediment,Guangdong,"Pearl River, site Z3",Norfloxacin,fluoroquinolones,37.8,NA,ng/g (dw),2018,spring,"Tang, J., Fang, J., Tam, N. F., Yang, Y., Dai, Y., Zhang, J., & Shi, Y. (2021). Impact of Phytoplankton Blooms on Concentrations of Antibiotics in Sediment and Snails in a Subtropical River, China. Environmental Science & Technology, 55(3), 1811-1821. https://doi.org/10.1021/acs.est.0c08248","Supporting Information Table S5 (surface sediments, 2018 seasonal values)",PDF-TANG-2021,"2021 Jinpeng Tang Supporting Information  Impact of Phytoplankton Blooms on Concentrations of Antibiotics in Sediment and Snails in a Subtropical River, China .pdf"
sediment,Guangdong,"Pearl River, site Z3",Norfloxacin,fluoroquinolones,143.4,NA,ng/g (dw),2018,summer,"Tang, J., Fang, J., Tam, N. F., Yang, Y., Dai, Y., Zhang, J., & Shi, Y. (2021). Impact of Phytoplankton Blooms on Concentrations of Antibiotics in Sediment and Snails in a Subtropical River, China. Environmental Science & Technology, 55(3), 1811-1821. https://doi.org/10.1021/acs.est.0c08248","Supporting Information Table S5 (surface sediments, 2018 seasonal values)",PDF-TANG-2021,"2021 Jinpeng Tang Supporting Information  Impact of Phytoplankton Blooms on Concentrations of Antibiotics in Sediment and Snails in a Subtropical River, China .pdf"
sediment,Guangdong,"Pearl River, site Z3",Norfloxacin,fluoroquinolones,253.5,NA,ng/g (dw),2018,autumn,"Tang, J., Fang, J., Tam, N. F., Yang, Y., Dai, Y., Zhang, J., & Shi, Y. (2021). Impact of Phytoplankton Blooms on Concentrations of Antibiotics in Sediment and Snails in a Subtropical River, China. Environmental Science & Technology, 55(3), 1811-1821. https://doi.org/10.1021/acs.est.0c08248","Supporting Information Table S5 (surface sediments, 2018 seasonal values)",PDF-TANG-2021,"2021 Jinpeng Tang Supporting Information  Impact of Phytoplankton Blooms on Concentrations of Antibiotics in Sediment and Snails in a Subtropical River, China .pdf"
sediment,Guangdong,"Pearl River, site Z9",Norfloxacin,fluoroquinolones,20.9,NA,ng/g (dw),2018,spring,"Tang, J., Fang, J., Tam, N. F., Yang, Y., Dai, Y., Zhang, J., & Shi, Y. (2021). Impact of Phytoplankton Blooms on Concentrations of Antibiotics in Sediment and Snails in a Subtropical River, China. Environmental Science & Technology, 55(3), 1811-1821. https://doi.org/10.1021/acs.est.0c08248","Supporting Information Table S5 (surface sediments, 2018 seasonal values)",PDF-TANG-2021,"2021 Jinpeng Tang Supporting Information  Impact of Phytoplankton Blooms on Concentrations of Antibiotics in Sediment and Snails in a Subtropical River, China .pdf"
sediment,Guangdong,"Pearl River, site Z9",Norfloxacin,fluoroquinolones,16.4,NA,ng/g (dw),2018,summer,"Tang, J., Fang, J., Tam, N. F., Yang, Y., Dai, Y., Zhang, J., & Shi, Y. (2021). Impact of Phytoplankton Blooms on Concentrations of Antibiotics in Sediment and Snails in a Subtropical River, China. Environmental Science & Technology, 55(3), 1811-1821. https://doi.org/10.1021/acs.est.0c08248","Supporting Information Table S5 (surface sediments, 2018 seasonal values)",PDF-TANG-2021,"2021 Jinpeng Tang Supporting Information  Impact of Phytoplankton Blooms on Concentrations of Antibiotics in Sediment and Snails in a Subtropical River, China .pdf"
sediment,Guangdong,"Pearl River, site Z9",Norfloxacin,fluoroquinolones,30.3,NA,ng/g (dw),2018,autumn,"Tang, J., Fang, J., Tam, N. F., Yang, Y., Dai, Y., Zhang, J., & Shi, Y. (2021). Impact of Phytoplankton Blooms on Concentrations of Antibiotics in Sediment and Snails in a Subtropical River, China. Environmental Science & Technology, 55(3), 1811-1821. https://doi.org/10.1021/acs.est.0c08248","Supporting Information Table S5 (surface sediments, 2018 seasonal values)",PDF-TANG-2021,"2021 Jinpeng Tang Supporting Information  Impact of Phytoplankton Blooms on Concentrations of Antibiotics in Sediment and Snails in a Subtropical River, China .pdf"
sediment,Guangdong,"Pearl River, site Z10",Norfloxacin,fluoroquinolones,33.6,NA,ng/g (dw),2018,spring,"Tang, J., Fang, J., Tam, N. F., Yang, Y., Dai, Y., Zhang, J., & Shi, Y. (2021). Impact of Phytoplankton Blooms on Concentrations of Antibiotics in Sediment and Snails in a Subtropical River, China. Environmental Science & Technology, 55(3), 1811-1821. https://doi.org/10.1021/acs.est.0c08248","Supporting Information Table S5 (surface sediments, 2018 seasonal values)",PDF-TANG-2021,"2021 Jinpeng Tang Supporting Information  Impact of Phytoplankton Blooms on Concentrations of Antibiotics in Sediment and Snails in a Subtropical River, China .pdf"
sediment,Guangdong,"Pearl River, site Z10",Norfloxacin,fluoroquinolones,24.3,NA,ng/g (dw),2018,summer,"Tang, J., Fang, J., Tam, N. F., Yang, Y., Dai, Y., Zhang, J., & Shi, Y. (2021). Impact of Phytoplankton Blooms on Concentrations of Antibiotics in Sediment and Snails in a Subtropical River, China. Environmental Science & Technology, 55(3), 1811-1821. https://doi.org/10.1021/acs.est.0c08248","Supporting Information Table S5 (surface sediments, 2018 seasonal values)",PDF-TANG-2021,"2021 Jinpeng Tang Supporting Information  Impact of Phytoplankton Blooms on Concentrations of Antibiotics in Sediment and Snails in a Subtropical River, China .pdf"
sediment,Guangdong,"Pearl River, site Z10",Norfloxacin,fluoroquinolones,8.8,NA,ng/g (dw),2018,autumn,"Tang, J., Fang, J., Tam, N. F., Yang, Y., Dai, Y., Zhang, J., & Shi, Y. (2021). Impact of Phytoplankton Blooms on Concentrations of Antibiotics in Sediment and Snails in a Subtropical River, China. Environmental Science & Technology, 55(3), 1811-1821. https://doi.org/10.1021/acs.est.0c08248","Supporting Information Table S5 (surface sediments, 2018 seasonal values)",PDF-TANG-2021,"2021 Jinpeng Tang Supporting Information  Impact of Phytoplankton Blooms on Concentrations of Antibiotics in Sediment and Snails in a Subtropical River, China .pdf"
sediment,Guangdong,"Pearl River, site Z11",Norfloxacin,fluoroquinolones,3.1,NA,ng/g (dw),2018,spring,"Tang, J., Fang, J., Tam, N. F., Yang, Y., Dai, Y., Zhang, J., & Shi, Y. (2021). Impact of Phytoplankton Blooms on Concentrations of Antibiotics in Sediment and Snails in a Subtropical River, China. Environmental Science & Technology, 55(3), 1811-1821. https://doi.org/10.1021/acs.est.0c08248","Supporting Information Table S5 (surface sediments, 2018 seasonal values)",PDF-TANG-2021,"2021 Jinpeng Tang Supporting Information  Impact of Phytoplankton Blooms on Concentrations of Antibiotics in Sediment and Snails in a Subtropical River, China .pdf"
sediment,Guangdong,"Pearl River, site Z11",Norfloxacin,fluoroquinolones,3.8,NA,ng/g (dw),2018,summer,"Tang, J., Fang, J., Tam, N. F., Yang, Y., Dai, Y., Zhang, J., & Shi, Y. (2021). Impact of Phytoplankton Blooms on Concentrations of Antibiotics in Sediment and Snails in a Subtropical River, China. Environmental Science & Technology, 55(3), 1811-1821. https://doi.org/10.1021/acs.est.0c08248","Supporting Information Table S5 (surface sediments, 2018 seasonal values)",PDF-TANG-2021,"2021 Jinpeng Tang Supporting Information  Impact of Phytoplankton Blooms on Concentrations of Antibiotics in Sediment and Snails in a Subtropical River, China .pdf"
sediment,Guangdong,"Pearl River, site Z11",Norfloxacin,fluoroquinolones,39.2,NA,ng/g (dw),2018,autumn,"Tang, J., Fang, J., Tam, N. F., Yang, Y., Dai, Y., Zhang, J., & Shi, Y. (2021). Impact of Phytoplankton Blooms on Concentrations of Antibiotics in Sediment and Snails in a Subtropical River, China. Environmental Science & Technology, 55(3), 1811-1821. https://doi.org/10.1021/acs.est.0c08248","Supporting Information Table S5 (surface sediments, 2018 seasonal values)",PDF-TANG-2021,"2021 Jinpeng Tang Supporting Information  Impact of Phytoplankton Blooms on Concentrations of Antibiotics in Sediment and Snails in a Subtropical River, China .pdf"
sediment,Guangdong,"Pearl River, site Z1",Ofloxacin,fluoroquinolones,108.1,NA,ng/g (dw),2018,spring,"Tang, J., Fang, J., Tam, N. F., Yang, Y., Dai, Y., Zhang, J., & Shi, Y. (2021). Impact of Phytoplankton Blooms on Concentrations of Antibiotics in Sediment and Snails in a Subtropical River, China. Environmental Science & Technology, 55(3), 1811-1821. https://doi.org/10.1021/acs.est.0c08248","Supporting Information Table S5 (surface sediments, 2018 seasonal values)",PDF-TANG-2021,"2021 Jinpeng Tang Supporting Information  Impact of Phytoplankton Blooms on Concentrations of Antibiotics in Sediment and Snails in a Subtropical River, China .pdf"
sediment,Guangdong,"Pearl River, site Z1",Ofloxacin,fluoroquinolones,72.6,NA,ng/g (dw),2018,summer,"Tang, J., Fang, J., Tam, N. F., Yang, Y., Dai, Y., Zhang, J., & Shi, Y. (2021). Impact of Phytoplankton Blooms on Concentrations of Antibiotics in Sediment and Snails in a Subtropical River, China. Environmental Science & Technology, 55(3), 1811-1821. https://doi.org/10.1021/acs.est.0c08248","Supporting Information Table S5 (surface sediments, 2018 seasonal values)",PDF-TANG-2021,"2021 Jinpeng Tang Supporting Information  Impact of Phytoplankton Blooms on Concentrations of Antibiotics in Sediment and Snails in a Subtropical River, China .pdf"
sediment,Guangdong,"Pearl River, site Z1",Ofloxacin,fluoroquinolones,198.8,NA,ng/g (dw),2018,autumn,"Tang, J., Fang, J., Tam, N. F., Yang, Y., Dai, Y., Zhang, J., & Shi, Y. (2021). Impact of Phytoplankton Blooms on Concentrations of Antibiotics in Sediment and Snails in a Subtropical River, China. Environmental Science & Technology, 55(3), 1811-1821. https://doi.org/10.1021/acs.est.0c08248","Supporting Information Table S5 (surface sediments, 2018 seasonal values)",PDF-TANG-2021,"2021 Jinpeng Tang Supporting Information  Impact of Phytoplankton Blooms on Concentrations of Antibiotics in Sediment and Snails in a Subtropical River, China .pdf"
sediment,Guangdong,"Pearl River, site Z2",Ofloxacin,fluoroquinolones,37.1,NA,ng/g (dw),2018,spring,"Tang, J., Fang, J., Tam, N. F., Yang, Y., Dai, Y., Zhang, J., & Shi, Y. (2021). Impact of Phytoplankton Blooms on Concentrations of Antibiotics in Sediment and Snails in a Subtropical River, China. Environmental Science & Technology, 55(3), 1811-1821. https://doi.org/10.1021/acs.est.0c08248","Supporting Information Table S5 (surface sediments, 2018 seasonal values)",PDF-TANG-2021,"2021 Jinpeng Tang Supporting Information  Impact of Phytoplankton Blooms on Concentrations of Antibiotics in Sediment and Snails in a Subtropical River, China .pdf"
sediment,Guangdong,"Pearl River, site Z2",Ofloxacin,fluoroquinolones,87.4,NA,ng/g (dw),2018,summer,"Tang, J., Fang, J., Tam, N. F., Yang, Y., Dai, Y., Zhang, J., & Shi, Y. (2021). Impact of Phytoplankton Blooms on Concentrations of Antibiotics in Sediment and Snails in a Subtropical River, China. Environmental Science & Technology, 55(3), 1811-1821. https://doi.org/10.1021/acs.est.0c08248","Supporting Information Table S5 (surface sediments, 2018 seasonal values)",PDF-TANG-2021,"2021 Jinpeng Tang Supporting Information  Impact of Phytoplankton Blooms on Concentrations of Antibiotics in Sediment and Snails in a Subtropical River, China .pdf"
sediment,Guangdong,"Pearl River, site Z2",Ofloxacin,fluoroquinolones,142.9,NA,ng/g (dw),2018,autumn,"Tang, J., Fang, J., Tam, N. F., Yang, Y., Dai, Y., Zhang, J., & Shi, Y. (2021). Impact of Phytoplankton Blooms on Concentrations of Antibiotics in Sediment and Snails in a Subtropical River, China. Environmental Science & Technology, 55(3), 1811-1821. https://doi.org/10.1021/acs.est.0c08248","Supporting Information Table S5 (surface sediments, 2018 seasonal values)",PDF-TANG-2021,"2021 Jinpeng Tang Supporting Information  Impact of Phytoplankton Blooms on Concentrations of Antibiotics in Sediment and Snails in a Subtropical River, China .pdf"
sediment,Guangdong,"Pearl River, site Z3",Ofloxacin,fluoroquinolones,101.9,NA,ng/g (dw),2018,spring,"Tang, J., Fang, J., Tam, N. F., Yang, Y., Dai, Y., Zhang, J., & Shi, Y. (2021). Impact of Phytoplankton Blooms on Concentrations of Antibiotics in Sediment and Snails in a Subtropical River, China. Environmental Science & Technology, 55(3), 1811-1821. https://doi.org/10.1021/acs.est.0c08248","Supporting Information Table S5 (surface sediments, 2018 seasonal values)",PDF-TANG-2021,"2021 Jinpeng Tang Supporting Information  Impact of Phytoplankton Blooms on Concentrations of Antibiotics in Sediment and Snails in a Subtropical River, China .pdf"
sediment,Guangdong,"Pearl River, site Z3",Ofloxacin,fluoroquinolones,41.1,NA,ng/g (dw),2018,summer,"Tang, J., Fang, J., Tam, N. F., Yang, Y., Dai, Y., Zhang, J., & Shi, Y. (2021). Impact of Phytoplankton Blooms on Concentrations of Antibiotics in Sediment and Snails in a Subtropical River, China. Environmental Science & Technology, 55(3), 1811-1821. https://doi.org/10.1021/acs.est.0c08248","Supporting Information Table S5 (surface sediments, 2018 seasonal values)",PDF-TANG-2021,"2021 Jinpeng Tang Supporting Information  Impact of Phytoplankton Blooms on Concentrations of Antibiotics in Sediment and Snails in a Subtropical River, China .pdf"
sediment,Guangdong,"Pearl River, site Z3",Ofloxacin,fluoroquinolones,128.3,NA,ng/g (dw),2018,autumn,"Tang, J., Fang, J., Tam, N. F., Yang, Y., Dai, Y., Zhang, J., & Shi, Y. (2021). Impact of Phytoplankton Blooms on Concentrations of Antibiotics in Sediment and Snails in a Subtropical River, China. Environmental Science & Technology, 55(3), 1811-1821. https://doi.org/10.1021/acs.est.0c08248","Supporting Information Table S5 (surface sediments, 2018 seasonal values)",PDF-TANG-2021,"2021 Jinpeng Tang Supporting Information  Impact of Phytoplankton Blooms on Concentrations of Antibiotics in Sediment and Snails in a Subtropical River, China .pdf"
sediment,Guangdong,"Pearl River, site Z9",Ofloxacin,fluoroquinolones,109.8,NA,ng/g (dw),2018,spring,"Tang, J., Fang, J., Tam, N. F., Yang, Y., Dai, Y., Zhang, J., & Shi, Y. (2021). Impact of Phytoplankton Blooms on Concentrations of Antibiotics in Sediment and Snails in a Subtropical River, China. Environmental Science & Technology, 55(3), 1811-1821. https://doi.org/10.1021/acs.est.0c08248","Supporting Information Table S5 (surface sediments, 2018 seasonal values)",PDF-TANG-2021,"2021 Jinpeng Tang Supporting Information  Impact of Phytoplankton Blooms on Concentrations of Antibiotics in Sediment and Snails in a Subtropical River, China .pdf"
sediment,Guangdong,"Pearl River, site Z9",Ofloxacin,fluoroquinolones,62.7,NA,ng/g (dw),2018,summer,"Tang, J., Fang, J., Tam, N. F., Yang, Y., Dai, Y., Zhang, J., & Shi, Y. (2021). Impact of Phytoplankton Blooms on Concentrations of Antibiotics in Sediment and Snails in a Subtropical River, China. Environmental Science & Technology, 55(3), 1811-1821. https://doi.org/10.1021/acs.est.0c08248","Supporting Information Table S5 (surface sediments, 2018 seasonal values)",PDF-TANG-2021,"2021 Jinpeng Tang Supporting Information  Impact of Phytoplankton Blooms on Concentrations of Antibiotics in Sediment and Snails in a Subtropical River, China .pdf"
sediment,Guangdong,"Pearl River, site Z9",Ofloxacin,fluoroquinolones,18.3,NA,ng/g (dw),2018,autumn,"Tang, J., Fang, J., Tam, N. F., Yang, Y., Dai, Y., Zhang, J., & Shi, Y. (2021). Impact of Phytoplankton Blooms on Concentrations of Antibiotics in Sediment and Snails in a Subtropical River, China. Environmental Science & Technology, 55(3), 1811-1821. https://doi.org/10.1021/acs.est.0c08248","Supporting Information Table S5 (surface sediments, 2018 seasonal values)",PDF-TANG-2021,"2021 Jinpeng Tang Supporting Information  Impact of Phytoplankton Blooms on Concentrations of Antibiotics in Sediment and Snails in a Subtropical River, China .pdf"
sediment,Guangdong,"Pearl River, site Z10",Ofloxacin,fluoroquinolones,79.3,NA,ng/g (dw),2018,spring,"Tang, J., Fang, J., Tam, N. F., Yang, Y., Dai, Y., Zhang, J., & Shi, Y. (2021). Impact of Phytoplankton Blooms on Concentrations of Antibiotics in Sediment and Snails in a Subtropical River, China. Environmental Science & Technology, 55(3), 1811-1821. https://doi.org/10.1021/acs.est.0c08248","Supporting Information Table S5 (surface sediments, 2018 seasonal values)",PDF-TANG-2021,"2021 Jinpeng Tang Supporting Information  Impact of Phytoplankton Blooms on Concentrations of Antibiotics in Sediment and Snails in a Subtropical River, China .pdf"
sediment,Guangdong,"Pearl River, site Z10",Ofloxacin,fluoroquinolones,117.6,NA,ng/g (dw),2018,summer,"Tang, J., Fang, J., Tam, N. F., Yang, Y., Dai, Y., Zhang, J., & Shi, Y. (2021). Impact of Phytoplankton Blooms on Concentrations of Antibiotics in Sediment and Snails in a Subtropical River, China. Environmental Science & Technology, 55(3), 1811-1821. https://doi.org/10.1021/acs.est.0c08248","Supporting Information Table S5 (surface sediments, 2018 seasonal values)",PDF-TANG-2021,"2021 Jinpeng Tang Supporting Information  Impact of Phytoplankton Blooms on Concentrations of Antibiotics in Sediment and Snails in a Subtropical River, China .pdf"
sediment,Guangdong,"Pearl River, site Z10",Ofloxacin,fluoroquinolones,34.9,NA,ng/g (dw),2018,autumn,"Tang, J., Fang, J., Tam, N. F., Yang, Y., Dai, Y., Zhang, J., & Shi, Y. (2021). Impact of Phytoplankton Blooms on Concentrations of Antibiotics in Sediment and Snails in a Subtropical River, China. Environmental Science & Technology, 55(3), 1811-1821. https://doi.org/10.1021/acs.est.0c08248","Supporting Information Table S5 (surface sediments, 2018 seasonal values)",PDF-TANG-2021,"2021 Jinpeng Tang Supporting Information  Impact of Phytoplankton Blooms on Concentrations of Antibiotics in Sediment and Snails in a Subtropical River, China .pdf"
sediment,Guangdong,"Pearl River, site Z11",Ofloxacin,fluoroquinolones,9,NA,ng/g (dw),2018,spring,"Tang, J., Fang, J., Tam, N. F., Yang, Y., Dai, Y., Zhang, J., & Shi, Y. (2021). Impact of Phytoplankton Blooms on Concentrations of Antibiotics in Sediment and Snails in a Subtropical River, China. Environmental Science & Technology, 55(3), 1811-1821. https://doi.org/10.1021/acs.est.0c08248","Supporting Information Table S5 (surface sediments, 2018 seasonal values)",PDF-TANG-2021,"2021 Jinpeng Tang Supporting Information  Impact of Phytoplankton Blooms on Concentrations of Antibiotics in Sediment and Snails in a Subtropical River, China .pdf"
sediment,Guangdong,"Pearl River, site Z11",Ofloxacin,fluoroquinolones,36.8,NA,ng/g (dw),2018,summer,"Tang, J., Fang, J., Tam, N. F., Yang, Y., Dai, Y., Zhang, J., & Shi, Y. (2021). Impact of Phytoplankton Blooms on Concentrations of Antibiotics in Sediment and Snails in a Subtropical River, China. Environmental Science & Technology, 55(3), 1811-1821. https://doi.org/10.1021/acs.est.0c08248","Supporting Information Table S5 (surface sediments, 2018 seasonal values)",PDF-TANG-2021,"2021 Jinpeng Tang Supporting Information  Impact of Phytoplankton Blooms on Concentrations of Antibiotics in Sediment and Snails in a Subtropical River, China .pdf"
sediment,Guangdong,"Pearl River, site Z11",Ofloxacin,fluoroquinolones,47,NA,ng/g (dw),2018,autumn,"Tang, J., Fang, J., Tam, N. F., Yang, Y., Dai, Y., Zhang, J., & Shi, Y. (2021). Impact of Phytoplankton Blooms on Concentrations of Antibiotics in Sediment and Snails in a Subtropical River, China. Environmental Science & Technology, 55(3), 1811-1821. https://doi.org/10.1021/acs.est.0c08248","Supporting Information Table S5 (surface sediments, 2018 seasonal values)",PDF-TANG-2021,"2021 Jinpeng Tang Supporting Information  Impact of Phytoplankton Blooms on Concentrations of Antibiotics in Sediment and Snails in a Subtropical River, China .pdf"
sediment,Guangdong,"Pearl River, site Z1",Oxytetracycline,tetracyclines,64.5,NA,ng/g (dw),2018,spring,"Tang, J., Fang, J., Tam, N. F., Yang, Y., Dai, Y., Zhang, J., & Shi, Y. (2021). Impact of Phytoplankton Blooms on Concentrations of Antibiotics in Sediment and Snails in a Subtropical River, China. Environmental Science & Technology, 55(3), 1811-1821. https://doi.org/10.1021/acs.est.0c08248","Supporting Information Table S5 (surface sediments, 2018 seasonal values)",PDF-TANG-2021,"2021 Jinpeng Tang Supporting Information  Impact of Phytoplankton Blooms on Concentrations of Antibiotics in Sediment and Snails in a Subtropical River, China .pdf"
sediment,Guangdong,"Pearl River, site Z1",Oxytetracycline,tetracyclines,45.7,NA,ng/g (dw),2018,summer,"Tang, J., Fang, J., Tam, N. F., Yang, Y., Dai, Y., Zhang, J., & Shi, Y. (2021). Impact of Phytoplankton Blooms on Concentrations of Antibiotics in Sediment and Snails in a Subtropical River, China. Environmental Science & Technology, 55(3), 1811-1821. https://doi.org/10.1021/acs.est.0c08248","Supporting Information Table S5 (surface sediments, 2018 seasonal values)",PDF-TANG-2021,"2021 Jinpeng Tang Supporting Information  Impact of Phytoplankton Blooms on Concentrations of Antibiotics in Sediment and Snails in a Subtropical River, China .pdf"
sediment,Guangdong,"Pearl River, site Z1",Oxytetracycline,tetracyclines,26.1,NA,ng/g (dw),2018,autumn,"Tang, J., Fang, J., Tam, N. F., Yang, Y., Dai, Y., Zhang, J., & Shi, Y. (2021). Impact of Phytoplankton Blooms on Concentrations of Antibiotics in Sediment and Snails in a Subtropical River, China. Environmental Science & Technology, 55(3), 1811-1821. https://doi.org/10.1021/acs.est.0c08248","Supporting Information Table S5 (surface sediments, 2018 seasonal values)",PDF-TANG-2021,"2021 Jinpeng Tang Supporting Information  Impact of Phytoplankton Blooms on Concentrations of Antibiotics in Sediment and Snails in a Subtropical River, China .pdf"
sediment,Guangdong,"Pearl River, site Z2",Oxytetracycline,tetracyclines,108.9,NA,ng/g (dw),2018,spring,"Tang, J., Fang, J., Tam, N. F., Yang, Y., Dai, Y., Zhang, J., & Shi, Y. (2021). Impact of Phytoplankton Blooms on Concentrations of Antibiotics in Sediment and Snails in a Subtropical River, China. Environmental Science & Technology, 55(3), 1811-1821. https://doi.org/10.1021/acs.est.0c08248","Supporting Information Table S5 (surface sediments, 2018 seasonal values)",PDF-TANG-2021,"2021 Jinpeng Tang Supporting Information  Impact of Phytoplankton Blooms on Concentrations of Antibiotics in Sediment and Snails in a Subtropical River, China .pdf"
sediment,Guangdong,"Pearl River, site Z2",Oxytetracycline,tetracyclines,48.9,NA,ng/g (dw),2018,summer,"Tang, J., Fang, J., Tam, N. F., Yang, Y., Dai, Y., Zhang, J., & Shi, Y. (2021). Impact of Phytoplankton Blooms on Concentrations of Antibiotics in Sediment and Snails in a Subtropical River, China. Environmental Science & Technology, 55(3), 1811-1821. https://doi.org/10.1021/acs.est.0c08248","Supporting Information Table S5 (surface sediments, 2018 seasonal values)",PDF-TANG-2021,"2021 Jinpeng Tang Supporting Information  Impact of Phytoplankton Blooms on Concentrations of Antibiotics in Sediment and Snails in a Subtropical River, China .pdf"
sediment,Guangdong,"Pearl River, site Z2",Oxytetracycline,tetracyclines,52.4,NA,ng/g (dw),2018,autumn,"Tang, J., Fang, J., Tam, N. F., Yang, Y., Dai, Y., Zhang, J., & Shi, Y. (2021). Impact of Phytoplankton Blooms on Concentrations of Antibiotics in Sediment and Snails in a Subtropical River, China. Environmental Science & Technology, 55(3), 1811-1821. https://doi.org/10.1021/acs.est.0c08248","Supporting Information Table S5 (surface sediments, 2018 seasonal values)",PDF-TANG-2021,"2021 Jinpeng Tang Supporting Information  Impact of Phytoplankton Blooms on Concentrations of Antibiotics in Sediment and Snails in a Subtropical River, China .pdf"
sediment,Guangdong,"Pearl River, site Z3",Oxytetracycline,tetracyclines,71.8,NA,ng/g (dw),2018,spring,"Tang, J., Fang, J., Tam, N. F., Yang, Y., Dai, Y., Zhang, J., & Shi, Y. (2021). Impact of Phytoplankton Blooms on Concentrations of Antibiotics in Sediment and Snails in a Subtropical River, China. Environmental Science & Technology, 55(3), 1811-1821. https://doi.org/10.1021/acs.est.0c08248","Supporting Information Table S5 (surface sediments, 2018 seasonal values)",PDF-TANG-2021,"2021 Jinpeng Tang Supporting Information  Impact of Phytoplankton Blooms on Concentrations of Antibiotics in Sediment and Snails in a Subtropical River, China .pdf"
sediment,Guangdong,"Pearl River, site Z3",Oxytetracycline,tetracyclines,57,NA,ng/g (dw),2018,summer,"Tang, J., Fang, J., Tam, N. F., Yang, Y., Dai, Y., Zhang, J., & Shi, Y. (2021). Impact of Phytoplankton Blooms on Concentrations of Antibiotics in Sediment and Snails in a Subtropical River, China. Environmental Science & Technology, 55(3), 1811-1821. https://doi.org/10.1021/acs.est.0c08248","Supporting Information Table S5 (surface sediments, 2018 seasonal values)",PDF-TANG-2021,"2021 Jinpeng Tang Supporting Information  Impact of Phytoplankton Blooms on Concentrations of Antibiotics in Sediment and Snails in a Subtropical River, China .pdf"
sediment,Guangdong,"Pearl River, site Z3",Oxytetracycline,tetracyclines,35.7,NA,ng/g (dw),2018,autumn,"Tang, J., Fang, J., Tam, N. F., Yang, Y., Dai, Y., Zhang, J., & Shi, Y. (2021). Impact of Phytoplankton Blooms on Concentrations of Antibiotics in Sediment and Snails in a Subtropical River, China. Environmental Science & Technology, 55(3), 1811-1821. https://doi.org/10.1021/acs.est.0c08248","Supporting Information Table S5 (surface sediments, 2018 seasonal values)",PDF-TANG-2021,"2021 Jinpeng Tang Supporting Information  Impact of Phytoplankton Blooms on Concentrations of Antibiotics in Sediment and Snails in a Subtropical River, China .pdf"
sediment,Guangdong,"Pearl River, site Z9",Oxytetracycline,tetracyclines,160.3,NA,ng/g (dw),2018,spring,"Tang, J., Fang, J., Tam, N. F., Yang, Y., Dai, Y., Zhang, J., & Shi, Y. (2021). Impact of Phytoplankton Blooms on Concentrations of Antibiotics in Sediment and Snails in a Subtropical River, China. Environmental Science & Technology, 55(3), 1811-1821. https://doi.org/10.1021/acs.est.0c08248","Supporting Information Table S5 (surface sediments, 2018 seasonal values)",PDF-TANG-2021,"2021 Jinpeng Tang Supporting Information  Impact of Phytoplankton Blooms on Concentrations of Antibiotics in Sediment and Snails in a Subtropical River, China .pdf"
sediment,Guangdong,"Pearl River, site Z9",Oxytetracycline,tetracyclines,121.4,NA,ng/g (dw),2018,summer,"Tang, J., Fang, J., Tam, N. F., Yang, Y., Dai, Y., Zhang, J., & Shi, Y. (2021). Impact of Phytoplankton Blooms on Concentrations of Antibiotics in Sediment and Snails in a Subtropical River, China. Environmental Science & Technology, 55(3), 1811-1821. https://doi.org/10.1021/acs.est.0c08248","Supporting Information Table S5 (surface sediments, 2018 seasonal values)",PDF-TANG-2021,"2021 Jinpeng Tang Supporting Information  Impact of Phytoplankton Blooms on Concentrations of Antibiotics in Sediment and Snails in a Subtropical River, China .pdf"
sediment,Guangdong,"Pearl River, site Z9",Oxytetracycline,tetracyclines,99.4,NA,ng/g (dw),2018,autumn,"Tang, J., Fang, J., Tam, N. F., Yang, Y., Dai, Y., Zhang, J., & Shi, Y. (2021). Impact of Phytoplankton Blooms on Concentrations of Antibiotics in Sediment and Snails in a Subtropical River, China. Environmental Science & Technology, 55(3), 1811-1821. https://doi.org/10.1021/acs.est.0c08248","Supporting Information Table S5 (surface sediments, 2018 seasonal values)",PDF-TANG-2021,"2021 Jinpeng Tang Supporting Information  Impact of Phytoplankton Blooms on Concentrations of Antibiotics in Sediment and Snails in a Subtropical River, China .pdf"
sediment,Guangdong,"Pearl River, site Z10",Oxytetracycline,tetracyclines,93.1,NA,ng/g (dw),2018,spring,"Tang, J., Fang, J., Tam, N. F., Yang, Y., Dai, Y., Zhang, J., & Shi, Y. (2021). Impact of Phytoplankton Blooms on Concentrations of Antibiotics in Sediment and Snails in a Subtropical River, China. Environmental Science & Technology, 55(3), 1811-1821. https://doi.org/10.1021/acs.est.0c08248","Supporting Information Table S5 (surface sediments, 2018 seasonal values)",PDF-TANG-2021,"2021 Jinpeng Tang Supporting Information  Impact of Phytoplankton Blooms on Concentrations of Antibiotics in Sediment and Snails in a Subtropical River, China .pdf"
sediment,Guangdong,"Pearl River, site Z10",Oxytetracycline,tetracyclines,103.8,NA,ng/g (dw),2018,summer,"Tang, J., Fang, J., Tam, N. F., Yang, Y., Dai, Y., Zhang, J., & Shi, Y. (2021). Impact of Phytoplankton Blooms on Concentrations of Antibiotics in Sediment and Snails in a Subtropical River, China. Environmental Science & Technology, 55(3), 1811-1821. https://doi.org/10.1021/acs.est.0c08248","Supporting Information Table S5 (surface sediments, 2018 seasonal values)",PDF-TANG-2021,"2021 Jinpeng Tang Supporting Information  Impact of Phytoplankton Blooms on Concentrations of Antibiotics in Sediment and Snails in a Subtropical River, China .pdf"
sediment,Guangdong,"Pearl River, site Z10",Oxytetracycline,tetracyclines,78.3,NA,ng/g (dw),2018,autumn,"Tang, J., Fang, J., Tam, N. F., Yang, Y., Dai, Y., Zhang, J., & Shi, Y. (2021). Impact of Phytoplankton Blooms on Concentrations of Antibiotics in Sediment and Snails in a Subtropical River, China. Environmental Science & Technology, 55(3), 1811-1821. https://doi.org/10.1021/acs.est.0c08248","Supporting Information Table S5 (surface sediments, 2018 seasonal values)",PDF-TANG-2021,"2021 Jinpeng Tang Supporting Information  Impact of Phytoplankton Blooms on Concentrations of Antibiotics in Sediment and Snails in a Subtropical River, China .pdf"
sediment,Guangdong,"Pearl River, site Z11",Oxytetracycline,tetracyclines,100.7,NA,ng/g (dw),2018,spring,"Tang, J., Fang, J., Tam, N. F., Yang, Y., Dai, Y., Zhang, J., & Shi, Y. (2021). Impact of Phytoplankton Blooms on Concentrations of Antibiotics in Sediment and Snails in a Subtropical River, China. Environmental Science & Technology, 55(3), 1811-1821. https://doi.org/10.1021/acs.est.0c08248","Supporting Information Table S5 (surface sediments, 2018 seasonal values)",PDF-TANG-2021,"2021 Jinpeng Tang Supporting Information  Impact of Phytoplankton Blooms on Concentrations of Antibiotics in Sediment and Snails in a Subtropical River, China .pdf"
sediment,Guangdong,"Pearl River, site Z11",Oxytetracycline,tetracyclines,113.8,NA,ng/g (dw),2018,summer,"Tang, J., Fang, J., Tam, N. F., Yang, Y., Dai, Y., Zhang, J., & Shi, Y. (2021). Impact of Phytoplankton Blooms on Concentrations of Antibiotics in Sediment and Snails in a Subtropical River, China. Environmental Science & Technology, 55(3), 1811-1821. https://doi.org/10.1021/acs.est.0c08248","Supporting Information Table S5 (surface sediments, 2018 seasonal values)",PDF-TANG-2021,"2021 Jinpeng Tang Supporting Information  Impact of Phytoplankton Blooms on Concentrations of Antibiotics in Sediment and Snails in a Subtropical River, China .pdf"
sediment,Guangdong,"Pearl River, site Z11",Oxytetracycline,tetracyclines,93.4,NA,ng/g (dw),2018,autumn,"Tang, J., Fang, J., Tam, N. F., Yang, Y., Dai, Y., Zhang, J., & Shi, Y. (2021). Impact of Phytoplankton Blooms on Concentrations of Antibiotics in Sediment and Snails in a Subtropical River, China. Environmental Science & Technology, 55(3), 1811-1821. https://doi.org/10.1021/acs.est.0c08248","Supporting Information Table S5 (surface sediments, 2018 seasonal values)",PDF-TANG-2021,"2021 Jinpeng Tang Supporting Information  Impact of Phytoplankton Blooms on Concentrations of Antibiotics in Sediment and Snails in a Subtropical River, China .pdf"
sediment,Guangdong,"Pearl River, site Z1",Roxithromycin,macrolides,190.6,NA,ng/g (dw),2018,spring,"Tang, J., Fang, J., Tam, N. F., Yang, Y., Dai, Y., Zhang, J., & Shi, Y. (2021). Impact of Phytoplankton Blooms on Concentrations of Antibiotics in Sediment and Snails in a Subtropical River, China. Environmental Science & Technology, 55(3), 1811-1821. https://doi.org/10.1021/acs.est.0c08248","Supporting Information Table S5 (surface sediments, 2018 seasonal values)",PDF-TANG-2021,"2021 Jinpeng Tang Supporting Information  Impact of Phytoplankton Blooms on Concentrations of Antibiotics in Sediment and Snails in a Subtropical River, China .pdf"
sediment,Guangdong,"Pearl River, site Z1",Roxithromycin,macrolides,368.6,NA,ng/g (dw),2018,summer,"Tang, J., Fang, J., Tam, N. F., Yang, Y., Dai, Y., Zhang, J., & Shi, Y. (2021). Impact of Phytoplankton Blooms on Concentrations of Antibiotics in Sediment and Snails in a Subtropical River, China. Environmental Science & Technology, 55(3), 1811-1821. https://doi.org/10.1021/acs.est.0c08248","Supporting Information Table S5 (surface sediments, 2018 seasonal values)",PDF-TANG-2021,"2021 Jinpeng Tang Supporting Information  Impact of Phytoplankton Blooms on Concentrations of Antibiotics in Sediment and Snails in a Subtropical River, China .pdf"
sediment,Guangdong,"Pearl River, site Z1",Roxithromycin,macrolides,339,NA,ng/g (dw),2018,autumn,"Tang, J., Fang, J., Tam, N. F., Yang, Y., Dai, Y., Zhang, J., & Shi, Y. (2021). Impact of Phytoplankton Blooms on Concentrations of Antibiotics in Sediment and Snails in a Subtropical River, China. Environmental Science & Technology, 55(3), 1811-1821. https://doi.org/10.1021/acs.est.0c08248","Supporting Information Table S5 (surface sediments, 2018 seasonal values)",PDF-TANG-2021,"2021 Jinpeng Tang Supporting Information  Impact of Phytoplankton Blooms on Concentrations of Antibiotics in Sediment and Snails in a Subtropical River, China .pdf"
sediment,Guangdong,"Pearl River, site Z2",Roxithromycin,macrolides,153.3,NA,ng/g (dw),2018,spring,"Tang, J., Fang, J., Tam, N. F., Yang, Y., Dai, Y., Zhang, J., & Shi, Y. (2021). Impact of Phytoplankton Blooms on Concentrations of Antibiotics in Sediment and Snails in a Subtropical River, China. Environmental Science & Technology, 55(3), 1811-1821. https://doi.org/10.1021/acs.est.0c08248","Supporting Information Table S5 (surface sediments, 2018 seasonal values)",PDF-TANG-2021,"2021 Jinpeng Tang Supporting Information  Impact of Phytoplankton Blooms on Concentrations of Antibiotics in Sediment and Snails in a Subtropical River, China .pdf"
sediment,Guangdong,"Pearl River, site Z2",Roxithromycin,macrolides,119.9,NA,ng/g (dw),2018,summer,"Tang, J., Fang, J., Tam, N. F., Yang, Y., Dai, Y., Zhang, J., & Shi, Y. (2021). Impact of Phytoplankton Blooms on Concentrations of Antibiotics in Sediment and Snails in a Subtropical River, China. Environmental Science & Technology, 55(3), 1811-1821. https://doi.org/10.1021/acs.est.0c08248","Supporting Information Table S5 (surface sediments, 2018 seasonal values)",PDF-TANG-2021,"2021 Jinpeng Tang Supporting Information  Impact of Phytoplankton Blooms on Concentrations of Antibiotics in Sediment and Snails in a Subtropical River, China .pdf"
sediment,Guangdong,"Pearl River, site Z2",Roxithromycin,macrolides,249.2,NA,ng/g (dw),2018,autumn,"Tang, J., Fang, J., Tam, N. F., Yang, Y., Dai, Y., Zhang, J., & Shi, Y. (2021). Impact of Phytoplankton Blooms on Concentrations of Antibiotics in Sediment and Snails in a Subtropical River, China. Environmental Science & Technology, 55(3), 1811-1821. https://doi.org/10.1021/acs.est.0c08248","Supporting Information Table S5 (surface sediments, 2018 seasonal values)",PDF-TANG-2021,"2021 Jinpeng Tang Supporting Information  Impact of Phytoplankton Blooms on Concentrations of Antibiotics in Sediment and Snails in a Subtropical River, China .pdf"
sediment,Guangdong,"Pearl River, site Z3",Roxithromycin,macrolides,184.8,NA,ng/g (dw),2018,spring,"Tang, J., Fang, J., Tam, N. F., Yang, Y., Dai, Y., Zhang, J., & Shi, Y. (2021). Impact of Phytoplankton Blooms on Concentrations of Antibiotics in Sediment and Snails in a Subtropical River, China. Environmental Science & Technology, 55(3), 1811-1821. https://doi.org/10.1021/acs.est.0c08248","Supporting Information Table S5 (surface sediments, 2018 seasonal values)",PDF-TANG-2021,"2021 Jinpeng Tang Supporting Information  Impact of Phytoplankton Blooms on Concentrations of Antibiotics in Sediment and Snails in a Subtropical River, China .pdf"
sediment,Guangdong,"Pearl River, site Z3",Roxithromycin,macrolides,263.9,NA,ng/g (dw),2018,summer,"Tang, J., Fang, J., Tam, N. F., Yang, Y., Dai, Y., Zhang, J., & Shi, Y. (2021). Impact of Phytoplankton Blooms on Concentrations of Antibiotics in Sediment and Snails in a Subtropical River, China. Environmental Science & Technology, 55(3), 1811-1821. https://doi.org/10.1021/acs.est.0c08248","Supporting Information Table S5 (surface sediments, 2018 seasonal values)",PDF-TANG-2021,"2021 Jinpeng Tang Supporting Information  Impact of Phytoplankton Blooms on Concentrations of Antibiotics in Sediment and Snails in a Subtropical River, China .pdf"
sediment,Guangdong,"Pearl River, site Z3",Roxithromycin,macrolides,438.9,NA,ng/g (dw),2018,autumn,"Tang, J., Fang, J., Tam, N. F., Yang, Y., Dai, Y., Zhang, J., & Shi, Y. (2021). Impact of Phytoplankton Blooms on Concentrations of Antibiotics in Sediment and Snails in a Subtropical River, China. Environmental Science & Technology, 55(3), 1811-1821. https://doi.org/10.1021/acs.est.0c08248","Supporting Information Table S5 (surface sediments, 2018 seasonal values)",PDF-TANG-2021,"2021 Jinpeng Tang Supporting Information  Impact of Phytoplankton Blooms on Concentrations of Antibiotics in Sediment and Snails in a Subtropical River, China .pdf"
sediment,Guangdong,"Pearl River, site Z9",Roxithromycin,macrolides,84.8,NA,ng/g (dw),2018,spring,"Tang, J., Fang, J., Tam, N. F., Yang, Y., Dai, Y., Zhang, J., & Shi, Y. (2021). Impact of Phytoplankton Blooms on Concentrations of Antibiotics in Sediment and Snails in a Subtropical River, China. Environmental Science & Technology, 55(3), 1811-1821. https://doi.org/10.1021/acs.est.0c08248","Supporting Information Table S5 (surface sediments, 2018 seasonal values)",PDF-TANG-2021,"2021 Jinpeng Tang Supporting Information  Impact of Phytoplankton Blooms on Concentrations of Antibiotics in Sediment and Snails in a Subtropical River, China .pdf"
sediment,Guangdong,"Pearl River, site Z9",Roxithromycin,macrolides,24.5,NA,ng/g (dw),2018,summer,"Tang, J., Fang, J., Tam, N. F., Yang, Y., Dai, Y., Zhang, J., & Shi, Y. (2021). Impact of Phytoplankton Blooms on Concentrations of Antibiotics in Sediment and Snails in a Subtropical River, China. Environmental Science & Technology, 55(3), 1811-1821. https://doi.org/10.1021/acs.est.0c08248","Supporting Information Table S5 (surface sediments, 2018 seasonal values)",PDF-TANG-2021,"2021 Jinpeng Tang Supporting Information  Impact of Phytoplankton Blooms on Concentrations of Antibiotics in Sediment and Snails in a Subtropical River, China .pdf"
sediment,Guangdong,"Pearl River, site Z9",Roxithromycin,macrolides,265.2,NA,ng/g (dw),2018,autumn,"Tang, J., Fang, J., Tam, N. F., Yang, Y., Dai, Y., Zhang, J., & Shi, Y. (2021). Impact of Phytoplankton Blooms on Concentrations of Antibiotics in Sediment and Snails in a Subtropical River, China. Environmental Science & Technology, 55(3), 1811-1821. https://doi.org/10.1021/acs.est.0c08248","Supporting Information Table S5 (surface sediments, 2018 seasonal values)",PDF-TANG-2021,"2021 Jinpeng Tang Supporting Information  Impact of Phytoplankton Blooms on Concentrations of Antibiotics in Sediment and Snails in a Subtropical River, China .pdf"
sediment,Guangdong,"Pearl River, site Z10",Roxithromycin,macrolides,51,NA,ng/g (dw),2018,spring,"Tang, J., Fang, J., Tam, N. F., Yang, Y., Dai, Y., Zhang, J., & Shi, Y. (2021). Impact of Phytoplankton Blooms on Concentrations of Antibiotics in Sediment and Snails in a Subtropical River, China. Environmental Science & Technology, 55(3), 1811-1821. https://doi.org/10.1021/acs.est.0c08248","Supporting Information Table S5 (surface sediments, 2018 seasonal values)",PDF-TANG-2021,"2021 Jinpeng Tang Supporting Information  Impact of Phytoplankton Blooms on Concentrations of Antibiotics in Sediment and Snails in a Subtropical River, China .pdf"
sediment,Guangdong,"Pearl River, site Z10",Roxithromycin,macrolides,42,NA,ng/g (dw),2018,summer,"Tang, J., Fang, J., Tam, N. F., Yang, Y., Dai, Y., Zhang, J., & Shi, Y. (2021). Impact of Phytoplankton Blooms on Concentrations of Antibiotics in Sediment and Snails in a Subtropical River, China. Environmental Science & Technology, 55(3), 1811-1821. https://doi.org/10.1021/acs.est.0c08248","Supporting Information Table S5 (surface sediments, 2018 seasonal values)",PDF-TANG-2021,"2021 Jinpeng Tang Supporting Information  Impact of Phytoplankton Blooms on Concentrations of Antibiotics in Sediment and Snails in a Subtropical River, China .pdf"
sediment,Guangdong,"Pearl River, site Z10",Roxithromycin,macrolides,154.5,NA,ng/g (dw),2018,autumn,"Tang, J., Fang, J., Tam, N. F., Yang, Y., Dai, Y., Zhang, J., & Shi, Y. (2021). Impact of Phytoplankton Blooms on Concentrations of Antibiotics in Sediment and Snails in a Subtropical River, China. Environmental Science & Technology, 55(3), 1811-1821. https://doi.org/10.1021/acs.est.0c08248","Supporting Information Table S5 (surface sediments, 2018 seasonal values)",PDF-TANG-2021,"2021 Jinpeng Tang Supporting Information  Impact of Phytoplankton Blooms on Concentrations of Antibiotics in Sediment and Snails in a Subtropical River, China .pdf"
sediment,Guangdong,"Pearl River, site Z11",Roxithromycin,macrolides,115.2,NA,ng/g (dw),2018,spring,"Tang, J., Fang, J., Tam, N. F., Yang, Y., Dai, Y., Zhang, J., & Shi, Y. (2021). Impact of Phytoplankton Blooms on Concentrations of Antibiotics in Sediment and Snails in a Subtropical River, China. Environmental Science & Technology, 55(3), 1811-1821. https://doi.org/10.1021/acs.est.0c08248","Supporting Information Table S5 (surface sediments, 2018 seasonal values)",PDF-TANG-2021,"2021 Jinpeng Tang Supporting Information  Impact of Phytoplankton Blooms on Concentrations of Antibiotics in Sediment and Snails in a Subtropical River, China .pdf"
sediment,Guangdong,"Pearl River, site Z11",Roxithromycin,macrolides,131.8,NA,ng/g (dw),2018,summer,"Tang, J., Fang, J., Tam, N. F., Yang, Y., Dai, Y., Zhang, J., & Shi, Y. (2021). Impact of Phytoplankton Blooms on Concentrations of Antibiotics in Sediment and Snails in a Subtropical River, China. Environmental Science & Technology, 55(3), 1811-1821. https://doi.org/10.1021/acs.est.0c08248","Supporting Information Table S5 (surface sediments, 2018 seasonal values)",PDF-TANG-2021,"2021 Jinpeng Tang Supporting Information  Impact of Phytoplankton Blooms on Concentrations of Antibiotics in Sediment and Snails in a Subtropical River, China .pdf"
sediment,Guangdong,"Pearl River, site Z11",Roxithromycin,macrolides,225.9,NA,ng/g (dw),2018,autumn,"Tang, J., Fang, J., Tam, N. F., Yang, Y., Dai, Y., Zhang, J., & Shi, Y. (2021). Impact of Phytoplankton Blooms on Concentrations of Antibiotics in Sediment and Snails in a Subtropical River, China. Environmental Science & Technology, 55(3), 1811-1821. https://doi.org/10.1021/acs.est.0c08248","Supporting Information Table S5 (surface sediments, 2018 seasonal values)",PDF-TANG-2021,"2021 Jinpeng Tang Supporting Information  Impact of Phytoplankton Blooms on Concentrations of Antibiotics in Sediment and Snails in a Subtropical River, China .pdf"
sediment,Guangdong,"Pearl River, site Z1",Sulfacetamide,sulfonamides,82,NA,ng/g (dw),2018,spring,"Tang, J., Fang, J., Tam, N. F., Yang, Y., Dai, Y., Zhang, J., & Shi, Y. (2021). Impact of Phytoplankton Blooms on Concentrations of Antibiotics in Sediment and Snails in a Subtropical River, China. Environmental Science & Technology, 55(3), 1811-1821. https://doi.org/10.1021/acs.est.0c08248","Supporting Information Table S5 (surface sediments, 2018 seasonal values)",PDF-TANG-2021,"2021 Jinpeng Tang Supporting Information  Impact of Phytoplankton Blooms on Concentrations of Antibiotics in Sediment and Snails in a Subtropical River, China .pdf"
sediment,Guangdong,"Pearl River, site Z1",Sulfacetamide,sulfonamides,22.1,NA,ng/g (dw),2018,summer,"Tang, J., Fang, J., Tam, N. F., Yang, Y., Dai, Y., Zhang, J., & Shi, Y. (2021). Impact of Phytoplankton Blooms on Concentrations of Antibiotics in Sediment and Snails in a Subtropical River, China. Environmental Science & Technology, 55(3), 1811-1821. https://doi.org/10.1021/acs.est.0c08248","Supporting Information Table S5 (surface sediments, 2018 seasonal values)",PDF-TANG-2021,"2021 Jinpeng Tang Supporting Information  Impact of Phytoplankton Blooms on Concentrations of Antibiotics in Sediment and Snails in a Subtropical River, China .pdf"
sediment,Guangdong,"Pearl River, site Z1",Sulfacetamide,sulfonamides,61.9,NA,ng/g (dw),2018,autumn,"Tang, J., Fang, J., Tam, N. F., Yang, Y., Dai, Y., Zhang, J., & Shi, Y. (2021). Impact of Phytoplankton Blooms on Concentrations of Antibiotics in Sediment and Snails in a Subtropical River, China. Environmental Science & Technology, 55(3), 1811-1821. https://doi.org/10.1021/acs.est.0c08248","Supporting Information Table S5 (surface sediments, 2018 seasonal values)",PDF-TANG-2021,"2021 Jinpeng Tang Supporting Information  Impact of Phytoplankton Blooms on Concentrations of Antibiotics in Sediment and Snails in a Subtropical River, China .pdf"
sediment,Guangdong,"Pearl River, site Z2",Sulfacetamide,sulfonamides,20.9,NA,ng/g (dw),2018,spring,"Tang, J., Fang, J., Tam, N. F., Yang, Y., Dai, Y., Zhang, J., & Shi, Y. (2021). Impact of Phytoplankton Blooms on Concentrations of Antibiotics in Sediment and Snails in a Subtropical River, China. Environmental Science & Technology, 55(3), 1811-1821. https://doi.org/10.1021/acs.est.0c08248","Supporting Information Table S5 (surface sediments, 2018 seasonal values)",PDF-TANG-2021,"2021 Jinpeng Tang Supporting Information  Impact of Phytoplankton Blooms on Concentrations of Antibiotics in Sediment and Snails in a Subtropical River, China .pdf"
sediment,Guangdong,"Pearl River, site Z2",Sulfacetamide,sulfonamides,48.5,NA,ng/g (dw),2018,summer,"Tang, J., Fang, J., Tam, N. F., Yang, Y., Dai, Y., Zhang, J., & Shi, Y. (2021). Impact of Phytoplankton Blooms on Concentrations of Antibiotics in Sediment and Snails in a Subtropical River, China. Environmental Science & Technology, 55(3), 1811-1821. https://doi.org/10.1021/acs.est.0c08248","Supporting Information Table S5 (surface sediments, 2018 seasonal values)",PDF-TANG-2021,"2021 Jinpeng Tang Supporting Information  Impact of Phytoplankton Blooms on Concentrations of Antibiotics in Sediment and Snails in a Subtropical River, China .pdf"
sediment,Guangdong,"Pearl River, site Z2",Sulfacetamide,sulfonamides,46.6,NA,ng/g (dw),2018,autumn,"Tang, J., Fang, J., Tam, N. F., Yang, Y., Dai, Y., Zhang, J., & Shi, Y. (2021). Impact of Phytoplankton Blooms on Concentrations of Antibiotics in Sediment and Snails in a Subtropical River, China. Environmental Science & Technology, 55(3), 1811-1821. https://doi.org/10.1021/acs.est.0c08248","Supporting Information Table S5 (surface sediments, 2018 seasonal values)",PDF-TANG-2021,"2021 Jinpeng Tang Supporting Information  Impact of Phytoplankton Blooms on Concentrations of Antibiotics in Sediment and Snails in a Subtropical River, China .pdf"
sediment,Guangdong,"Pearl River, site Z3",Sulfacetamide,sulfonamides,35.9,NA,ng/g (dw),2018,spring,"Tang, J., Fang, J., Tam, N. F., Yang, Y., Dai, Y., Zhang, J., & Shi, Y. (2021). Impact of Phytoplankton Blooms on Concentrations of Antibiotics in Sediment and Snails in a Subtropical River, China. Environmental Science & Technology, 55(3), 1811-1821. https://doi.org/10.1021/acs.est.0c08248","Supporting Information Table S5 (surface sediments, 2018 seasonal values)",PDF-TANG-2021,"2021 Jinpeng Tang Supporting Information  Impact of Phytoplankton Blooms on Concentrations of Antibiotics in Sediment and Snails in a Subtropical River, China .pdf"
sediment,Guangdong,"Pearl River, site Z3",Sulfacetamide,sulfonamides,58.4,NA,ng/g (dw),2018,summer,"Tang, J., Fang, J., Tam, N. F., Yang, Y., Dai, Y., Zhang, J., & Shi, Y. (2021). Impact of Phytoplankton Blooms on Concentrations of Antibiotics in Sediment and Snails in a Subtropical River, China. Environmental Science & Technology, 55(3), 1811-1821. https://doi.org/10.1021/acs.est.0c08248","Supporting Information Table S5 (surface sediments, 2018 seasonal values)",PDF-TANG-2021,"2021 Jinpeng Tang Supporting Information  Impact of Phytoplankton Blooms on Concentrations of Antibiotics in Sediment and Snails in a Subtropical River, China .pdf"
sediment,Guangdong,"Pearl River, site Z3",Sulfacetamide,sulfonamides,65.5,NA,ng/g (dw),2018,autumn,"Tang, J., Fang, J., Tam, N. F., Yang, Y., Dai, Y., Zhang, J., & Shi, Y. (2021). Impact of Phytoplankton Blooms on Concentrations of Antibiotics in Sediment and Snails in a Subtropical River, China. Environmental Science & Technology, 55(3), 1811-1821. https://doi.org/10.1021/acs.est.0c08248","Supporting Information Table S5 (surface sediments, 2018 seasonal values)",PDF-TANG-2021,"2021 Jinpeng Tang Supporting Information  Impact of Phytoplankton Blooms on Concentrations of Antibiotics in Sediment and Snails in a Subtropical River, China .pdf"
sediment,Guangdong,"Pearl River, site Z9",Sulfacetamide,sulfonamides,13.3,NA,ng/g (dw),2018,spring,"Tang, J., Fang, J., Tam, N. F., Yang, Y., Dai, Y., Zhang, J., & Shi, Y. (2021). Impact of Phytoplankton Blooms on Concentrations of Antibiotics in Sediment and Snails in a Subtropical River, China. Environmental Science & Technology, 55(3), 1811-1821. https://doi.org/10.1021/acs.est.0c08248","Supporting Information Table S5 (surface sediments, 2018 seasonal values)",PDF-TANG-2021,"2021 Jinpeng Tang Supporting Information  Impact of Phytoplankton Blooms on Concentrations of Antibiotics in Sediment and Snails in a Subtropical River, China .pdf"
sediment,Guangdong,"Pearl River, site Z9",Sulfacetamide,sulfonamides,16.1,NA,ng/g (dw),2018,summer,"Tang, J., Fang, J., Tam, N. F., Yang, Y., Dai, Y., Zhang, J., & Shi, Y. (2021). Impact of Phytoplankton Blooms on Concentrations of Antibiotics in Sediment and Snails in a Subtropical River, China. Environmental Science & Technology, 55(3), 1811-1821. https://doi.org/10.1021/acs.est.0c08248","Supporting Information Table S5 (surface sediments, 2018 seasonal values)",PDF-TANG-2021,"2021 Jinpeng Tang Supporting Information  Impact of Phytoplankton Blooms on Concentrations of Antibiotics in Sediment and Snails in a Subtropical River, China .pdf"
sediment,Guangdong,"Pearl River, site Z9",Sulfacetamide,sulfonamides,44,NA,ng/g (dw),2018,autumn,"Tang, J., Fang, J., Tam, N. F., Yang, Y., Dai, Y., Zhang, J., & Shi, Y. (2021). Impact of Phytoplankton Blooms on Concentrations of Antibiotics in Sediment and Snails in a Subtropical River, China. Environmental Science & Technology, 55(3), 1811-1821. https://doi.org/10.1021/acs.est.0c08248","Supporting Information Table S5 (surface sediments, 2018 seasonal values)",PDF-TANG-2021,"2021 Jinpeng Tang Supporting Information  Impact of Phytoplankton Blooms on Concentrations of Antibiotics in Sediment and Snails in a Subtropical River, China .pdf"
sediment,Guangdong,"Pearl River, site Z10",Sulfacetamide,sulfonamides,16.5,NA,ng/g (dw),2018,spring,"Tang, J., Fang, J., Tam, N. F., Yang, Y., Dai, Y., Zhang, J., & Shi, Y. (2021). Impact of Phytoplankton Blooms on Concentrations of Antibiotics in Sediment and Snails in a Subtropical River, China. Environmental Science & Technology, 55(3), 1811-1821. https://doi.org/10.1021/acs.est.0c08248","Supporting Information Table S5 (surface sediments, 2018 seasonal values)",PDF-TANG-2021,"2021 Jinpeng Tang Supporting Information  Impact of Phytoplankton Blooms on Concentrations of Antibiotics in Sediment and Snails in a Subtropical River, China .pdf"
sediment,Guangdong,"Pearl River, site Z10",Sulfacetamide,sulfonamides,18.6,NA,ng/g (dw),2018,summer,"Tang, J., Fang, J., Tam, N. F., Yang, Y., Dai, Y., Zhang, J., & Shi, Y. (2021). Impact of Phytoplankton Blooms on Concentrations of Antibiotics in Sediment and Snails in a Subtropical River, China. Environmental Science & Technology, 55(3), 1811-1821. https://doi.org/10.1021/acs.est.0c08248","Supporting Information Table S5 (surface sediments, 2018 seasonal values)",PDF-TANG-2021,"2021 Jinpeng Tang Supporting Information  Impact of Phytoplankton Blooms on Concentrations of Antibiotics in Sediment and Snails in a Subtropical River, China .pdf"
sediment,Guangdong,"Pearl River, site Z10",Sulfacetamide,sulfonamides,14.1,NA,ng/g (dw),2018,autumn,"Tang, J., Fang, J., Tam, N. F., Yang, Y., Dai, Y., Zhang, J., & Shi, Y. (2021). Impact of Phytoplankton Blooms on Concentrations of Antibiotics in Sediment and Snails in a Subtropical River, China. Environmental Science & Technology, 55(3), 1811-1821. https://doi.org/10.1021/acs.est.0c08248","Supporting Information Table S5 (surface sediments, 2018 seasonal values)",PDF-TANG-2021,"2021 Jinpeng Tang Supporting Information  Impact of Phytoplankton Blooms on Concentrations of Antibiotics in Sediment and Snails in a Subtropical River, China .pdf"
sediment,Guangdong,"Pearl River, site Z11",Sulfacetamide,sulfonamides,15.4,NA,ng/g (dw),2018,spring,"Tang, J., Fang, J., Tam, N. F., Yang, Y., Dai, Y., Zhang, J., & Shi, Y. (2021). Impact of Phytoplankton Blooms on Concentrations of Antibiotics in Sediment and Snails in a Subtropical River, China. Environmental Science & Technology, 55(3), 1811-1821. https://doi.org/10.1021/acs.est.0c08248","Supporting Information Table S5 (surface sediments, 2018 seasonal values)",PDF-TANG-2021,"2021 Jinpeng Tang Supporting Information  Impact of Phytoplankton Blooms on Concentrations of Antibiotics in Sediment and Snails in a Subtropical River, China .pdf"
sediment,Guangdong,"Pearl River, site Z11",Sulfacetamide,sulfonamides,20,NA,ng/g (dw),2018,summer,"Tang, J., Fang, J., Tam, N. F., Yang, Y., Dai, Y., Zhang, J., & Shi, Y. (2021). Impact of Phytoplankton Blooms on Concentrations of Antibiotics in Sediment and Snails in a Subtropical River, China. Environmental Science & Technology, 55(3), 1811-1821. https://doi.org/10.1021/acs.est.0c08248","Supporting Information Table S5 (surface sediments, 2018 seasonal values)",PDF-TANG-2021,"2021 Jinpeng Tang Supporting Information  Impact of Phytoplankton Blooms on Concentrations of Antibiotics in Sediment and Snails in a Subtropical River, China .pdf"
sediment,Guangdong,"Pearl River, site Z11",Sulfacetamide,sulfonamides,36.2,NA,ng/g (dw),2018,autumn,"Tang, J., Fang, J., Tam, N. F., Yang, Y., Dai, Y., Zhang, J., & Shi, Y. (2021). Impact of Phytoplankton Blooms on Concentrations of Antibiotics in Sediment and Snails in a Subtropical River, China. Environmental Science & Technology, 55(3), 1811-1821. https://doi.org/10.1021/acs.est.0c08248","Supporting Information Table S5 (surface sediments, 2018 seasonal values)",PDF-TANG-2021,"2021 Jinpeng Tang Supporting Information  Impact of Phytoplankton Blooms on Concentrations of Antibiotics in Sediment and Snails in a Subtropical River, China .pdf"
sediment,Guangdong,"Pearl River, site Z1",Sulfadiazine,sulfonamides,18.9,NA,ng/g (dw),2018,spring,"Tang, J., Fang, J., Tam, N. F., Yang, Y., Dai, Y., Zhang, J., & Shi, Y. (2021). Impact of Phytoplankton Blooms on Concentrations of Antibiotics in Sediment and Snails in a Subtropical River, China. Environmental Science & Technology, 55(3), 1811-1821. https://doi.org/10.1021/acs.est.0c08248","Supporting Information Table S5 (surface sediments, 2018 seasonal values)",PDF-TANG-2021,"2021 Jinpeng Tang Supporting Information  Impact of Phytoplankton Blooms on Concentrations of Antibiotics in Sediment and Snails in a Subtropical River, China .pdf"
sediment,Guangdong,"Pearl River, site Z1",Sulfadiazine,sulfonamides,24.1,NA,ng/g (dw),2018,summer,"Tang, J., Fang, J., Tam, N. F., Yang, Y., Dai, Y., Zhang, J., & Shi, Y. (2021). Impact of Phytoplankton Blooms on Concentrations of Antibiotics in Sediment and Snails in a Subtropical River, China. Environmental Science & Technology, 55(3), 1811-1821. https://doi.org/10.1021/acs.est.0c08248","Supporting Information Table S5 (surface sediments, 2018 seasonal values)",PDF-TANG-2021,"2021 Jinpeng Tang Supporting Information  Impact of Phytoplankton Blooms on Concentrations of Antibiotics in Sediment and Snails in a Subtropical River, China .pdf"
sediment,Guangdong,"Pearl River, site Z1",Sulfadiazine,sulfonamides,56.4,NA,ng/g (dw),2018,autumn,"Tang, J., Fang, J., Tam, N. F., Yang, Y., Dai, Y., Zhang, J., & Shi, Y. (2021). Impact of Phytoplankton Blooms on Concentrations of Antibiotics in Sediment and Snails in a Subtropical River, China. Environmental Science & Technology, 55(3), 1811-1821. https://doi.org/10.1021/acs.est.0c08248","Supporting Information Table S5 (surface sediments, 2018 seasonal values)",PDF-TANG-2021,"2021 Jinpeng Tang Supporting Information  Impact of Phytoplankton Blooms on Concentrations of Antibiotics in Sediment and Snails in a Subtropical River, China .pdf"
sediment,Guangdong,"Pearl River, site Z2",Sulfadiazine,sulfonamides,17.8,NA,ng/g (dw),2018,spring,"Tang, J., Fang, J., Tam, N. F., Yang, Y., Dai, Y., Zhang, J., & Shi, Y. (2021). Impact of Phytoplankton Blooms on Concentrations of Antibiotics in Sediment and Snails in a Subtropical River, China. Environmental Science & Technology, 55(3), 1811-1821. https://doi.org/10.1021/acs.est.0c08248","Supporting Information Table S5 (surface sediments, 2018 seasonal values)",PDF-TANG-2021,"2021 Jinpeng Tang Supporting Information  Impact of Phytoplankton Blooms on Concentrations of Antibiotics in Sediment and Snails in a Subtropical River, China .pdf"
sediment,Guangdong,"Pearl River, site Z2",Sulfadiazine,sulfonamides,20.1,NA,ng/g (dw),2018,summer,"Tang, J., Fang, J., Tam, N. F., Yang, Y., Dai, Y., Zhang, J., & Shi, Y. (2021). Impact of Phytoplankton Blooms on Concentrations of Antibiotics in Sediment and Snails in a Subtropical River, China. Environmental Science & Technology, 55(3), 1811-1821. https://doi.org/10.1021/acs.est.0c08248","Supporting Information Table S5 (surface sediments, 2018 seasonal values)",PDF-TANG-2021,"2021 Jinpeng Tang Supporting Information  Impact of Phytoplankton Blooms on Concentrations of Antibiotics in Sediment and Snails in a Subtropical River, China .pdf"
sediment,Guangdong,"Pearl River, site Z2",Sulfadiazine,sulfonamides,38.7,NA,ng/g (dw),2018,autumn,"Tang, J., Fang, J., Tam, N. F., Yang, Y., Dai, Y., Zhang, J., & Shi, Y. (2021). Impact of Phytoplankton Blooms on Concentrations of Antibiotics in Sediment and Snails in a Subtropical River, China. Environmental Science & Technology, 55(3), 1811-1821. https://doi.org/10.1021/acs.est.0c08248","Supporting Information Table S5 (surface sediments, 2018 seasonal values)",PDF-TANG-2021,"2021 Jinpeng Tang Supporting Information  Impact of Phytoplankton Blooms on Concentrations of Antibiotics in Sediment and Snails in a Subtropical River, China .pdf"
sediment,Guangdong,"Pearl River, site Z3",Sulfadiazine,sulfonamides,31.4,NA,ng/g (dw),2018,spring,"Tang, J., Fang, J., Tam, N. F., Yang, Y., Dai, Y., Zhang, J., & Shi, Y. (2021). Impact of Phytoplankton Blooms on Concentrations of Antibiotics in Sediment and Snails in a Subtropical River, China. Environmental Science & Technology, 55(3), 1811-1821. https://doi.org/10.1021/acs.est.0c08248","Supporting Information Table S5 (surface sediments, 2018 seasonal values)",PDF-TANG-2021,"2021 Jinpeng Tang Supporting Information  Impact of Phytoplankton Blooms on Concentrations of Antibiotics in Sediment and Snails in a Subtropical River, China .pdf"
sediment,Guangdong,"Pearl River, site Z3",Sulfadiazine,sulfonamides,45.3,NA,ng/g (dw),2018,summer,"Tang, J., Fang, J., Tam, N. F., Yang, Y., Dai, Y., Zhang, J., & Shi, Y. (2021). Impact of Phytoplankton Blooms on Concentrations of Antibiotics in Sediment and Snails in a Subtropical River, China. Environmental Science & Technology, 55(3), 1811-1821. https://doi.org/10.1021/acs.est.0c08248","Supporting Information Table S5 (surface sediments, 2018 seasonal values)",PDF-TANG-2021,"2021 Jinpeng Tang Supporting Information  Impact of Phytoplankton Blooms on Concentrations of Antibiotics in Sediment and Snails in a Subtropical River, China .pdf"
sediment,Guangdong,"Pearl River, site Z3",Sulfadiazine,sulfonamides,57,NA,ng/g (dw),2018,autumn,"Tang, J., Fang, J., Tam, N. F., Yang, Y., Dai, Y., Zhang, J., & Shi, Y. (2021). Impact of Phytoplankton Blooms on Concentrations of Antibiotics in Sediment and Snails in a Subtropical River, China. Environmental Science & Technology, 55(3), 1811-1821. https://doi.org/10.1021/acs.est.0c08248","Supporting Information Table S5 (surface sediments, 2018 seasonal values)",PDF-TANG-2021,"2021 Jinpeng Tang Supporting Information  Impact of Phytoplankton Blooms on Concentrations of Antibiotics in Sediment and Snails in a Subtropical River, China .pdf"
sediment,Guangdong,"Pearl River, site Z9",Sulfadiazine,sulfonamides,7.3,NA,ng/g (dw),2018,spring,"Tang, J., Fang, J., Tam, N. F., Yang, Y., Dai, Y., Zhang, J., & Shi, Y. (2021). Impact of Phytoplankton Blooms on Concentrations of Antibiotics in Sediment and Snails in a Subtropical River, China. Environmental Science & Technology, 55(3), 1811-1821. https://doi.org/10.1021/acs.est.0c08248","Supporting Information Table S5 (surface sediments, 2018 seasonal values)",PDF-TANG-2021,"2021 Jinpeng Tang Supporting Information  Impact of Phytoplankton Blooms on Concentrations of Antibiotics in Sediment and Snails in a Subtropical River, China .pdf"
sediment,Guangdong,"Pearl River, site Z9",Sulfadiazine,sulfonamides,17.5,NA,ng/g (dw),2018,summer,"Tang, J., Fang, J., Tam, N. F., Yang, Y., Dai, Y., Zhang, J., & Shi, Y. (2021). Impact of Phytoplankton Blooms on Concentrations of Antibiotics in Sediment and Snails in a Subtropical River, China. Environmental Science & Technology, 55(3), 1811-1821. https://doi.org/10.1021/acs.est.0c08248","Supporting Information Table S5 (surface sediments, 2018 seasonal values)",PDF-TANG-2021,"2021 Jinpeng Tang Supporting Information  Impact of Phytoplankton Blooms on Concentrations of Antibiotics in Sediment and Snails in a Subtropical River, China .pdf"
sediment,Guangdong,"Pearl River, site Z9",Sulfadiazine,sulfonamides,44.6,NA,ng/g (dw),2018,autumn,"Tang, J., Fang, J., Tam, N. F., Yang, Y., Dai, Y., Zhang, J., & Shi, Y. (2021). Impact of Phytoplankton Blooms on Concentrations of Antibiotics in Sediment and Snails in a Subtropical River, China. Environmental Science & Technology, 55(3), 1811-1821. https://doi.org/10.1021/acs.est.0c08248","Supporting Information Table S5 (surface sediments, 2018 seasonal values)",PDF-TANG-2021,"2021 Jinpeng Tang Supporting Information  Impact of Phytoplankton Blooms on Concentrations of Antibiotics in Sediment and Snails in a Subtropical River, China .pdf"
sediment,Guangdong,"Pearl River, site Z10",Sulfadiazine,sulfonamides,14.2,NA,ng/g (dw),2018,spring,"Tang, J., Fang, J., Tam, N. F., Yang, Y., Dai, Y., Zhang, J., & Shi, Y. (2021). Impact of Phytoplankton Blooms on Concentrations of Antibiotics in Sediment and Snails in a Subtropical River, China. Environmental Science & Technology, 55(3), 1811-1821. https://doi.org/10.1021/acs.est.0c08248","Supporting Information Table S5 (surface sediments, 2018 seasonal values)",PDF-TANG-2021,"2021 Jinpeng Tang Supporting Information  Impact of Phytoplankton Blooms on Concentrations of Antibiotics in Sediment and Snails in a Subtropical River, China .pdf"
sediment,Guangdong,"Pearl River, site Z10",Sulfadiazine,sulfonamides,15.6,NA,ng/g (dw),2018,summer,"Tang, J., Fang, J., Tam, N. F., Yang, Y., Dai, Y., Zhang, J., & Shi, Y. (2021). Impact of Phytoplankton Blooms on Concentrations of Antibiotics in Sediment and Snails in a Subtropical River, China. Environmental Science & Technology, 55(3), 1811-1821. https://doi.org/10.1021/acs.est.0c08248","Supporting Information Table S5 (surface sediments, 2018 seasonal values)",PDF-TANG-2021,"2021 Jinpeng Tang Supporting Information  Impact of Phytoplankton Blooms on Concentrations of Antibiotics in Sediment and Snails in a Subtropical River, China .pdf"
sediment,Guangdong,"Pearl River, site Z10",Sulfadiazine,sulfonamides,16.2,NA,ng/g (dw),2018,autumn,"Tang, J., Fang, J., Tam, N. F., Yang, Y., Dai, Y., Zhang, J., & Shi, Y. (2021). Impact of Phytoplankton Blooms on Concentrations of Antibiotics in Sediment and Snails in a Subtropical River, China. Environmental Science & Technology, 55(3), 1811-1821. https://doi.org/10.1021/acs.est.0c08248","Supporting Information Table S5 (surface sediments, 2018 seasonal values)",PDF-TANG-2021,"2021 Jinpeng Tang Supporting Information  Impact of Phytoplankton Blooms on Concentrations of Antibiotics in Sediment and Snails in a Subtropical River, China .pdf"
sediment,Guangdong,"Pearl River, site Z11",Sulfadiazine,sulfonamides,20.7,NA,ng/g (dw),2018,spring,"Tang, J., Fang, J., Tam, N. F., Yang, Y., Dai, Y., Zhang, J., & Shi, Y. (2021). Impact of Phytoplankton Blooms on Concentrations of Antibiotics in Sediment and Snails in a Subtropical River, China. Environmental Science & Technology, 55(3), 1811-1821. https://doi.org/10.1021/acs.est.0c08248","Supporting Information Table S5 (surface sediments, 2018 seasonal values)",PDF-TANG-2021,"2021 Jinpeng Tang Supporting Information  Impact of Phytoplankton Blooms on Concentrations of Antibiotics in Sediment and Snails in a Subtropical River, China .pdf"
sediment,Guangdong,"Pearl River, site Z11",Sulfadiazine,sulfonamides,18.6,NA,ng/g (dw),2018,summer,"Tang, J., Fang, J., Tam, N. F., Yang, Y., Dai, Y., Zhang, J., & Shi, Y. (2021). Impact of Phytoplankton Blooms on Concentrations of Antibiotics in Sediment and Snails in a Subtropical River, China. Environmental Science & Technology, 55(3), 1811-1821. https://doi.org/10.1021/acs.est.0c08248","Supporting Information Table S5 (surface sediments, 2018 seasonal values)",PDF-TANG-2021,"2021 Jinpeng Tang Supporting Information  Impact of Phytoplankton Blooms on Concentrations of Antibiotics in Sediment and Snails in a Subtropical River, China .pdf"
sediment,Guangdong,"Pearl River, site Z11",Sulfadiazine,sulfonamides,37.2,NA,ng/g (dw),2018,autumn,"Tang, J., Fang, J., Tam, N. F., Yang, Y., Dai, Y., Zhang, J., & Shi, Y. (2021). Impact of Phytoplankton Blooms on Concentrations of Antibiotics in Sediment and Snails in a Subtropical River, China. Environmental Science & Technology, 55(3), 1811-1821. https://doi.org/10.1021/acs.est.0c08248","Supporting Information Table S5 (surface sediments, 2018 seasonal values)",PDF-TANG-2021,"2021 Jinpeng Tang Supporting Information  Impact of Phytoplankton Blooms on Concentrations of Antibiotics in Sediment and Snails in a Subtropical River, China .pdf"
sediment,Guangdong,"Pearl River, site Z1",Sulfamethazine,sulfonamides,293.3,NA,ng/g (dw),2018,spring,"Tang, J., Fang, J., Tam, N. F., Yang, Y., Dai, Y., Zhang, J., & Shi, Y. (2021). Impact of Phytoplankton Blooms on Concentrations of Antibiotics in Sediment and Snails in a Subtropical River, China. Environmental Science & Technology, 55(3), 1811-1821. https://doi.org/10.1021/acs.est.0c08248","Supporting Information Table S5 (surface sediments, 2018 seasonal values)",PDF-TANG-2021,"2021 Jinpeng Tang Supporting Information  Impact of Phytoplankton Blooms on Concentrations of Antibiotics in Sediment and Snails in a Subtropical River, China .pdf"
sediment,Guangdong,"Pearl River, site Z1",Sulfamethazine,sulfonamides,312.6,NA,ng/g (dw),2018,summer,"Tang, J., Fang, J., Tam, N. F., Yang, Y., Dai, Y., Zhang, J., & Shi, Y. (2021). Impact of Phytoplankton Blooms on Concentrations of Antibiotics in Sediment and Snails in a Subtropical River, China. Environmental Science & Technology, 55(3), 1811-1821. https://doi.org/10.1021/acs.est.0c08248","Supporting Information Table S5 (surface sediments, 2018 seasonal values)",PDF-TANG-2021,"2021 Jinpeng Tang Supporting Information  Impact of Phytoplankton Blooms on Concentrations of Antibiotics in Sediment and Snails in a Subtropical River, China .pdf"
sediment,Guangdong,"Pearl River, site Z1",Sulfamethazine,sulfonamides,246.4,NA,ng/g (dw),2018,autumn,"Tang, J., Fang, J., Tam, N. F., Yang, Y., Dai, Y., Zhang, J., & Shi, Y. (2021). Impact of Phytoplankton Blooms on Concentrations of Antibiotics in Sediment and Snails in a Subtropical River, China. Environmental Science & Technology, 55(3), 1811-1821. https://doi.org/10.1021/acs.est.0c08248","Supporting Information Table S5 (surface sediments, 2018 seasonal values)",PDF-TANG-2021,"2021 Jinpeng Tang Supporting Information  Impact of Phytoplankton Blooms on Concentrations of Antibiotics in Sediment and Snails in a Subtropical River, China .pdf"
sediment,Guangdong,"Pearl River, site Z2",Sulfamethazine,sulfonamides,47.6,NA,ng/g (dw),2018,spring,"Tang, J., Fang, J., Tam, N. F., Yang, Y., Dai, Y., Zhang, J., & Shi, Y. (2021). Impact of Phytoplankton Blooms on Concentrations of Antibiotics in Sediment and Snails in a Subtropical River, China. Environmental Science & Technology, 55(3), 1811-1821. https://doi.org/10.1021/acs.est.0c08248","Supporting Information Table S5 (surface sediments, 2018 seasonal values)",PDF-TANG-2021,"2021 Jinpeng Tang Supporting Information  Impact of Phytoplankton Blooms on Concentrations of Antibiotics in Sediment and Snails in a Subtropical River, China .pdf"
sediment,Guangdong,"Pearl River, site Z2",Sulfamethazine,sulfonamides,197,NA,ng/g (dw),2018,summer,"Tang, J., Fang, J., Tam, N. F., Yang, Y., Dai, Y., Zhang, J., & Shi, Y. (2021). Impact of Phytoplankton Blooms on Concentrations of Antibiotics in Sediment and Snails in a Subtropical River, China. Environmental Science & Technology, 55(3), 1811-1821. https://doi.org/10.1021/acs.est.0c08248","Supporting Information Table S5 (surface sediments, 2018 seasonal values)",PDF-TANG-2021,"2021 Jinpeng Tang Supporting Information  Impact of Phytoplankton Blooms on Concentrations of Antibiotics in Sediment and Snails in a Subtropical River, China .pdf"
sediment,Guangdong,"Pearl River, site Z2",Sulfamethazine,sulfonamides,194.2,NA,ng/g (dw),2018,autumn,"Tang, J., Fang, J., Tam, N. F., Yang, Y., Dai, Y., Zhang, J., & Shi, Y. (2021). Impact of Phytoplankton Blooms on Concentrations of Antibiotics in Sediment and Snails in a Subtropical River, China. Environmental Science & Technology, 55(3), 1811-1821. https://doi.org/10.1021/acs.est.0c08248","Supporting Information Table S5 (surface sediments, 2018 seasonal values)",PDF-TANG-2021,"2021 Jinpeng Tang Supporting Information  Impact of Phytoplankton Blooms on Concentrations of Antibiotics in Sediment and Snails in a Subtropical River, China .pdf"
sediment,Guangdong,"Pearl River, site Z3",Sulfamethazine,sulfonamides,49.6,NA,ng/g (dw),2018,spring,"Tang, J., Fang, J., Tam, N. F., Yang, Y., Dai, Y., Zhang, J., & Shi, Y. (2021). Impact of Phytoplankton Blooms on Concentrations of Antibiotics in Sediment and Snails in a Subtropical River, China. Environmental Science & Technology, 55(3), 1811-1821. https://doi.org/10.1021/acs.est.0c08248","Supporting Information Table S5 (surface sediments, 2018 seasonal values)",PDF-TANG-2021,"2021 Jinpeng Tang Supporting Information  Impact of Phytoplankton Blooms on Concentrations of Antibiotics in Sediment and Snails in a Subtropical River, China .pdf"
sediment,Guangdong,"Pearl River, site Z3",Sulfamethazine,sulfonamides,198.3,NA,ng/g (dw),2018,summer,"Tang, J., Fang, J., Tam, N. F., Yang, Y., Dai, Y., Zhang, J., & Shi, Y. (2021). Impact of Phytoplankton Blooms on Concentrations of Antibiotics in Sediment and Snails in a Subtropical River, China. Environmental Science & Technology, 55(3), 1811-1821. https://doi.org/10.1021/acs.est.0c08248","Supporting Information Table S5 (surface sediments, 2018 seasonal values)",PDF-TANG-2021,"2021 Jinpeng Tang Supporting Information  Impact of Phytoplankton Blooms on Concentrations of Antibiotics in Sediment and Snails in a Subtropical River, China .pdf"
sediment,Guangdong,"Pearl River, site Z3",Sulfamethazine,sulfonamides,160.6,NA,ng/g (dw),2018,autumn,"Tang, J., Fang, J., Tam, N. F., Yang, Y., Dai, Y., Zhang, J., & Shi, Y. (2021). Impact of Phytoplankton Blooms on Concentrations of Antibiotics in Sediment and Snails in a Subtropical River, China. Environmental Science & Technology, 55(3), 1811-1821. https://doi.org/10.1021/acs.est.0c08248","Supporting Information Table S5 (surface sediments, 2018 seasonal values)",PDF-TANG-2021,"2021 Jinpeng Tang Supporting Information  Impact of Phytoplankton Blooms on Concentrations of Antibiotics in Sediment and Snails in a Subtropical River, China .pdf"
sediment,Guangdong,"Pearl River, site Z9",Sulfamethazine,sulfonamides,84.3,NA,ng/g (dw),2018,spring,"Tang, J., Fang, J., Tam, N. F., Yang, Y., Dai, Y., Zhang, J., & Shi, Y. (2021). Impact of Phytoplankton Blooms on Concentrations of Antibiotics in Sediment and Snails in a Subtropical River, China. Environmental Science & Technology, 55(3), 1811-1821. https://doi.org/10.1021/acs.est.0c08248","Supporting Information Table S5 (surface sediments, 2018 seasonal values)",PDF-TANG-2021,"2021 Jinpeng Tang Supporting Information  Impact of Phytoplankton Blooms on Concentrations of Antibiotics in Sediment and Snails in a Subtropical River, China .pdf"
sediment,Guangdong,"Pearl River, site Z9",Sulfamethazine,sulfonamides,81.5,NA,ng/g (dw),2018,summer,"Tang, J., Fang, J., Tam, N. F., Yang, Y., Dai, Y., Zhang, J., & Shi, Y. (2021). Impact of Phytoplankton Blooms on Concentrations of Antibiotics in Sediment and Snails in a Subtropical River, China. Environmental Science & Technology, 55(3), 1811-1821. https://doi.org/10.1021/acs.est.0c08248","Supporting Information Table S5 (surface sediments, 2018 seasonal values)",PDF-TANG-2021,"2021 Jinpeng Tang Supporting Information  Impact of Phytoplankton Blooms on Concentrations of Antibiotics in Sediment and Snails in a Subtropical River, China .pdf"
sediment,Guangdong,"Pearl River, site Z9",Sulfamethazine,sulfonamides,223.7,NA,ng/g (dw),2018,autumn,"Tang, J., Fang, J., Tam, N. F., Yang, Y., Dai, Y., Zhang, J., & Shi, Y. (2021). Impact of Phytoplankton Blooms on Concentrations of Antibiotics in Sediment and Snails in a Subtropical River, China. Environmental Science & Technology, 55(3), 1811-1821. https://doi.org/10.1021/acs.est.0c08248","Supporting Information Table S5 (surface sediments, 2018 seasonal values)",PDF-TANG-2021,"2021 Jinpeng Tang Supporting Information  Impact of Phytoplankton Blooms on Concentrations of Antibiotics in Sediment and Snails in a Subtropical River, China .pdf"
sediment,Guangdong,"Pearl River, site Z10",Sulfamethazine,sulfonamides,76.1,NA,ng/g (dw),2018,spring,"Tang, J., Fang, J., Tam, N. F., Yang, Y., Dai, Y., Zhang, J., & Shi, Y. (2021). Impact of Phytoplankton Blooms on Concentrations of Antibiotics in Sediment and Snails in a Subtropical River, China. Environmental Science & Technology, 55(3), 1811-1821. https://doi.org/10.1021/acs.est.0c08248","Supporting Information Table S5 (surface sediments, 2018 seasonal values)",PDF-TANG-2021,"2021 Jinpeng Tang Supporting Information  Impact of Phytoplankton Blooms on Concentrations of Antibiotics in Sediment and Snails in a Subtropical River, China .pdf"
sediment,Guangdong,"Pearl River, site Z10",Sulfamethazine,sulfonamides,46.4,NA,ng/g (dw),2018,summer,"Tang, J., Fang, J., Tam, N. F., Yang, Y., Dai, Y., Zhang, J., & Shi, Y. (2021). Impact of Phytoplankton Blooms on Concentrations of Antibiotics in Sediment and Snails in a Subtropical River, China. Environmental Science & Technology, 55(3), 1811-1821. https://doi.org/10.1021/acs.est.0c08248","Supporting Information Table S5 (surface sediments, 2018 seasonal values)",PDF-TANG-2021,"2021 Jinpeng Tang Supporting Information  Impact of Phytoplankton Blooms on Concentrations of Antibiotics in Sediment and Snails in a Subtropical River, China .pdf"
sediment,Guangdong,"Pearl River, site Z10",Sulfamethazine,sulfonamides,68.2,NA,ng/g (dw),2018,autumn,"Tang, J., Fang, J., Tam, N. F., Yang, Y., Dai, Y., Zhang, J., & Shi, Y. (2021). Impact of Phytoplankton Blooms on Concentrations of Antibiotics in Sediment and Snails in a Subtropical River, China. Environmental Science & Technology, 55(3), 1811-1821. https://doi.org/10.1021/acs.est.0c08248","Supporting Information Table S5 (surface sediments, 2018 seasonal values)",PDF-TANG-2021,"2021 Jinpeng Tang Supporting Information  Impact of Phytoplankton Blooms on Concentrations of Antibiotics in Sediment and Snails in a Subtropical River, China .pdf"
sediment,Guangdong,"Pearl River, site Z11",Sulfamethazine,sulfonamides,43,NA,ng/g (dw),2018,spring,"Tang, J., Fang, J., Tam, N. F., Yang, Y., Dai, Y., Zhang, J., & Shi, Y. (2021). Impact of Phytoplankton Blooms on Concentrations of Antibiotics in Sediment and Snails in a Subtropical River, China. Environmental Science & Technology, 55(3), 1811-1821. https://doi.org/10.1021/acs.est.0c08248","Supporting Information Table S5 (surface sediments, 2018 seasonal values)",PDF-TANG-2021,"2021 Jinpeng Tang Supporting Information  Impact of Phytoplankton Blooms on Concentrations of Antibiotics in Sediment and Snails in a Subtropical River, China .pdf"
sediment,Guangdong,"Pearl River, site Z11",Sulfamethazine,sulfonamides,52.1,NA,ng/g (dw),2018,summer,"Tang, J., Fang, J., Tam, N. F., Yang, Y., Dai, Y., Zhang, J., & Shi, Y. (2021). Impact of Phytoplankton Blooms on Concentrations of Antibiotics in Sediment and Snails in a Subtropical River, China. Environmental Science & Technology, 55(3), 1811-1821. https://doi.org/10.1021/acs.est.0c08248","Supporting Information Table S5 (surface sediments, 2018 seasonal values)",PDF-TANG-2021,"2021 Jinpeng Tang Supporting Information  Impact of Phytoplankton Blooms on Concentrations of Antibiotics in Sediment and Snails in a Subtropical River, China .pdf"
sediment,Guangdong,"Pearl River, site Z11",Sulfamethazine,sulfonamides,48.3,NA,ng/g (dw),2018,autumn,"Tang, J., Fang, J., Tam, N. F., Yang, Y., Dai, Y., Zhang, J., & Shi, Y. (2021). Impact of Phytoplankton Blooms on Concentrations of Antibiotics in Sediment and Snails in a Subtropical River, China. Environmental Science & Technology, 55(3), 1811-1821. https://doi.org/10.1021/acs.est.0c08248","Supporting Information Table S5 (surface sediments, 2018 seasonal values)",PDF-TANG-2021,"2021 Jinpeng Tang Supporting Information  Impact of Phytoplankton Blooms on Concentrations of Antibiotics in Sediment and Snails in a Subtropical River, China .pdf"
sediment,Guangdong,"Pearl River, site Z1",Sulfamethoxazole,sulfonamides,165.6,NA,ng/g (dw),2018,spring,"Tang, J., Fang, J., Tam, N. F., Yang, Y., Dai, Y., Zhang, J., & Shi, Y. (2021). Impact of Phytoplankton Blooms on Concentrations of Antibiotics in Sediment and Snails in a Subtropical River, China. Environmental Science & Technology, 55(3), 1811-1821. https://doi.org/10.1021/acs.est.0c08248","Supporting Information Table S5 (surface sediments, 2018 seasonal values)",PDF-TANG-2021,"2021 Jinpeng Tang Supporting Information  Impact of Phytoplankton Blooms on Concentrations of Antibiotics in Sediment and Snails in a Subtropical River, China .pdf"
sediment,Guangdong,"Pearl River, site Z1",Sulfamethoxazole,sulfonamides,66.7,NA,ng/g (dw),2018,summer,"Tang, J., Fang, J., Tam, N. F., Yang, Y., Dai, Y., Zhang, J., & Shi, Y. (2021). Impact of Phytoplankton Blooms on Concentrations of Antibiotics in Sediment and Snails in a Subtropical River, China. Environmental Science & Technology, 55(3), 1811-1821. https://doi.org/10.1021/acs.est.0c08248","Supporting Information Table S5 (surface sediments, 2018 seasonal values)",PDF-TANG-2021,"2021 Jinpeng Tang Supporting Information  Impact of Phytoplankton Blooms on Concentrations of Antibiotics in Sediment and Snails in a Subtropical River, China .pdf"
sediment,Guangdong,"Pearl River, site Z1",Sulfamethoxazole,sulfonamides,191,NA,ng/g (dw),2018,autumn,"Tang, J., Fang, J., Tam, N. F., Yang, Y., Dai, Y., Zhang, J., & Shi, Y. (2021). Impact of Phytoplankton Blooms on Concentrations of Antibiotics in Sediment and Snails in a Subtropical River, China. Environmental Science & Technology, 55(3), 1811-1821. https://doi.org/10.1021/acs.est.0c08248","Supporting Information Table S5 (surface sediments, 2018 seasonal values)",PDF-TANG-2021,"2021 Jinpeng Tang Supporting Information  Impact of Phytoplankton Blooms on Concentrations of Antibiotics in Sediment and Snails in a Subtropical River, China .pdf"
sediment,Guangdong,"Pearl River, site Z2",Sulfamethoxazole,sulfonamides,18.1,NA,ng/g (dw),2018,spring,"Tang, J., Fang, J., Tam, N. F., Yang, Y., Dai, Y., Zhang, J., & Shi, Y. (2021). Impact of Phytoplankton Blooms on Concentrations of Antibiotics in Sediment and Snails in a Subtropical River, China. Environmental Science & Technology, 55(3), 1811-1821. https://doi.org/10.1021/acs.est.0c08248","Supporting Information Table S5 (surface sediments, 2018 seasonal values)",PDF-TANG-2021,"2021 Jinpeng Tang Supporting Information  Impact of Phytoplankton Blooms on Concentrations of Antibiotics in Sediment and Snails in a Subtropical River, China .pdf"
sediment,Guangdong,"Pearl River, site Z2",Sulfamethoxazole,sulfonamides,85.6,NA,ng/g (dw),2018,summer,"Tang, J., Fang, J., Tam, N. F., Yang, Y., Dai, Y., Zhang, J., & Shi, Y. (2021). Impact of Phytoplankton Blooms on Concentrations of Antibiotics in Sediment and Snails in a Subtropical River, China. Environmental Science & Technology, 55(3), 1811-1821. https://doi.org/10.1021/acs.est.0c08248","Supporting Information Table S5 (surface sediments, 2018 seasonal values)",PDF-TANG-2021,"2021 Jinpeng Tang Supporting Information  Impact of Phytoplankton Blooms on Concentrations of Antibiotics in Sediment and Snails in a Subtropical River, China .pdf"
sediment,Guangdong,"Pearl River, site Z2",Sulfamethoxazole,sulfonamides,156.6,NA,ng/g (dw),2018,autumn,"Tang, J., Fang, J., Tam, N. F., Yang, Y., Dai, Y., Zhang, J., & Shi, Y. (2021). Impact of Phytoplankton Blooms on Concentrations of Antibiotics in Sediment and Snails in a Subtropical River, China. Environmental Science & Technology, 55(3), 1811-1821. https://doi.org/10.1021/acs.est.0c08248","Supporting Information Table S5 (surface sediments, 2018 seasonal values)",PDF-TANG-2021,"2021 Jinpeng Tang Supporting Information  Impact of Phytoplankton Blooms on Concentrations of Antibiotics in Sediment and Snails in a Subtropical River, China .pdf"
sediment,Guangdong,"Pearl River, site Z3",Sulfamethoxazole,sulfonamides,36.5,NA,ng/g (dw),2018,spring,"Tang, J., Fang, J., Tam, N. F., Yang, Y., Dai, Y., Zhang, J., & Shi, Y. (2021). Impact of Phytoplankton Blooms on Concentrations of Antibiotics in Sediment and Snails in a Subtropical River, China. Environmental Science & Technology, 55(3), 1811-1821. https://doi.org/10.1021/acs.est.0c08248","Supporting Information Table S5 (surface sediments, 2018 seasonal values)",PDF-TANG-2021,"2021 Jinpeng Tang Supporting Information  Impact of Phytoplankton Blooms on Concentrations of Antibiotics in Sediment and Snails in a Subtropical River, China .pdf"
sediment,Guangdong,"Pearl River, site Z3",Sulfamethoxazole,sulfonamides,50.6,NA,ng/g (dw),2018,summer,"Tang, J., Fang, J., Tam, N. F., Yang, Y., Dai, Y., Zhang, J., & Shi, Y. (2021). Impact of Phytoplankton Blooms on Concentrations of Antibiotics in Sediment and Snails in a Subtropical River, China. Environmental Science & Technology, 55(3), 1811-1821. https://doi.org/10.1021/acs.est.0c08248","Supporting Information Table S5 (surface sediments, 2018 seasonal values)",PDF-TANG-2021,"2021 Jinpeng Tang Supporting Information  Impact of Phytoplankton Blooms on Concentrations of Antibiotics in Sediment and Snails in a Subtropical River, China .pdf"
sediment,Guangdong,"Pearl River, site Z3",Sulfamethoxazole,sulfonamides,161.9,NA,ng/g (dw),2018,autumn,"Tang, J., Fang, J., Tam, N. F., Yang, Y., Dai, Y., Zhang, J., & Shi, Y. (2021). Impact of Phytoplankton Blooms on Concentrations of Antibiotics in Sediment and Snails in a Subtropical River, China. Environmental Science & Technology, 55(3), 1811-1821. https://doi.org/10.1021/acs.est.0c08248","Supporting Information Table S5 (surface sediments, 2018 seasonal values)",PDF-TANG-2021,"2021 Jinpeng Tang Supporting Information  Impact of Phytoplankton Blooms on Concentrations of Antibiotics in Sediment and Snails in a Subtropical River, China .pdf"
sediment,Guangdong,"Pearl River, site Z9",Sulfamethoxazole,sulfonamides,37.2,NA,ng/g (dw),2018,spring,"Tang, J., Fang, J., Tam, N. F., Yang, Y., Dai, Y., Zhang, J., & Shi, Y. (2021). Impact of Phytoplankton Blooms on Concentrations of Antibiotics in Sediment and Snails in a Subtropical River, China. Environmental Science & Technology, 55(3), 1811-1821. https://doi.org/10.1021/acs.est.0c08248","Supporting Information Table S5 (surface sediments, 2018 seasonal values)",PDF-TANG-2021,"2021 Jinpeng Tang Supporting Information  Impact of Phytoplankton Blooms on Concentrations of Antibiotics in Sediment and Snails in a Subtropical River, China .pdf"
sediment,Guangdong,"Pearl River, site Z9",Sulfamethoxazole,sulfonamides,52.5,NA,ng/g (dw),2018,summer,"Tang, J., Fang, J., Tam, N. F., Yang, Y., Dai, Y., Zhang, J., & Shi, Y. (2021). Impact of Phytoplankton Blooms on Concentrations of Antibiotics in Sediment and Snails in a Subtropical River, China. Environmental Science & Technology, 55(3), 1811-1821. https://doi.org/10.1021/acs.est.0c08248","Supporting Information Table S5 (surface sediments, 2018 seasonal values)",PDF-TANG-2021,"2021 Jinpeng Tang Supporting Information  Impact of Phytoplankton Blooms on Concentrations of Antibiotics in Sediment and Snails in a Subtropical River, China .pdf"
sediment,Guangdong,"Pearl River, site Z9",Sulfamethoxazole,sulfonamides,56.8,NA,ng/g (dw),2018,autumn,"Tang, J., Fang, J., Tam, N. F., Yang, Y., Dai, Y., Zhang, J., & Shi, Y. (2021). Impact of Phytoplankton Blooms on Concentrations of Antibiotics in Sediment and Snails in a Subtropical River, China. Environmental Science & Technology, 55(3), 1811-1821. https://doi.org/10.1021/acs.est.0c08248","Supporting Information Table S5 (surface sediments, 2018 seasonal values)",PDF-TANG-2021,"2021 Jinpeng Tang Supporting Information  Impact of Phytoplankton Blooms on Concentrations of Antibiotics in Sediment and Snails in a Subtropical River, China .pdf"
sediment,Guangdong,"Pearl River, site Z10",Sulfamethoxazole,sulfonamides,18.2,NA,ng/g (dw),2018,spring,"Tang, J., Fang, J., Tam, N. F., Yang, Y., Dai, Y., Zhang, J., & Shi, Y. (2021). Impact of Phytoplankton Blooms on Concentrations of Antibiotics in Sediment and Snails in a Subtropical River, China. Environmental Science & Technology, 55(3), 1811-1821. https://doi.org/10.1021/acs.est.0c08248","Supporting Information Table S5 (surface sediments, 2018 seasonal values)",PDF-TANG-2021,"2021 Jinpeng Tang Supporting Information  Impact of Phytoplankton Blooms on Concentrations of Antibiotics in Sediment and Snails in a Subtropical River, China .pdf"
sediment,Guangdong,"Pearl River, site Z10",Sulfamethoxazole,sulfonamides,26.2,NA,ng/g (dw),2018,summer,"Tang, J., Fang, J., Tam, N. F., Yang, Y., Dai, Y., Zhang, J., & Shi, Y. (2021). Impact of Phytoplankton Blooms on Concentrations of Antibiotics in Sediment and Snails in a Subtropical River, China. Environmental Science & Technology, 55(3), 1811-1821. https://doi.org/10.1021/acs.est.0c08248","Supporting Information Table S5 (surface sediments, 2018 seasonal values)",PDF-TANG-2021,"2021 Jinpeng Tang Supporting Information  Impact of Phytoplankton Blooms on Concentrations of Antibiotics in Sediment and Snails in a Subtropical River, China .pdf"
sediment,Guangdong,"Pearl River, site Z10",Sulfamethoxazole,sulfonamides,60,NA,ng/g (dw),2018,autumn,"Tang, J., Fang, J., Tam, N. F., Yang, Y., Dai, Y., Zhang, J., & Shi, Y. (2021). Impact of Phytoplankton Blooms on Concentrations of Antibiotics in Sediment and Snails in a Subtropical River, China. Environmental Science & Technology, 55(3), 1811-1821. https://doi.org/10.1021/acs.est.0c08248","Supporting Information Table S5 (surface sediments, 2018 seasonal values)",PDF-TANG-2021,"2021 Jinpeng Tang Supporting Information  Impact of Phytoplankton Blooms on Concentrations of Antibiotics in Sediment and Snails in a Subtropical River, China .pdf"
sediment,Guangdong,"Pearl River, site Z11",Sulfamethoxazole,sulfonamides,32.6,NA,ng/g (dw),2018,spring,"Tang, J., Fang, J., Tam, N. F., Yang, Y., Dai, Y., Zhang, J., & Shi, Y. (2021). Impact of Phytoplankton Blooms on Concentrations of Antibiotics in Sediment and Snails in a Subtropical River, China. Environmental Science & Technology, 55(3), 1811-1821. https://doi.org/10.1021/acs.est.0c08248","Supporting Information Table S5 (surface sediments, 2018 seasonal values)",PDF-TANG-2021,"2021 Jinpeng Tang Supporting Information  Impact of Phytoplankton Blooms on Concentrations of Antibiotics in Sediment and Snails in a Subtropical River, China .pdf"
sediment,Guangdong,"Pearl River, site Z11",Sulfamethoxazole,sulfonamides,23.9,NA,ng/g (dw),2018,summer,"Tang, J., Fang, J., Tam, N. F., Yang, Y., Dai, Y., Zhang, J., & Shi, Y. (2021). Impact of Phytoplankton Blooms on Concentrations of Antibiotics in Sediment and Snails in a Subtropical River, China. Environmental Science & Technology, 55(3), 1811-1821. https://doi.org/10.1021/acs.est.0c08248","Supporting Information Table S5 (surface sediments, 2018 seasonal values)",PDF-TANG-2021,"2021 Jinpeng Tang Supporting Information  Impact of Phytoplankton Blooms on Concentrations of Antibiotics in Sediment and Snails in a Subtropical River, China .pdf"
sediment,Guangdong,"Pearl River, site Z11",Sulfamethoxazole,sulfonamides,32.9,NA,ng/g (dw),2018,autumn,"Tang, J., Fang, J., Tam, N. F., Yang, Y., Dai, Y., Zhang, J., & Shi, Y. (2021). Impact of Phytoplankton Blooms on Concentrations of Antibiotics in Sediment and Snails in a Subtropical River, China. Environmental Science & Technology, 55(3), 1811-1821. https://doi.org/10.1021/acs.est.0c08248","Supporting Information Table S5 (surface sediments, 2018 seasonal values)",PDF-TANG-2021,"2021 Jinpeng Tang Supporting Information  Impact of Phytoplankton Blooms on Concentrations of Antibiotics in Sediment and Snails in a Subtropical River, China .pdf"
sediment,Guangdong,"Pearl River, site Z1",Sulfapyridine,sulfonamides,76.9,NA,ng/g (dw),2018,spring,"Tang, J., Fang, J., Tam, N. F., Yang, Y., Dai, Y., Zhang, J., & Shi, Y. (2021). Impact of Phytoplankton Blooms on Concentrations of Antibiotics in Sediment and Snails in a Subtropical River, China. Environmental Science & Technology, 55(3), 1811-1821. https://doi.org/10.1021/acs.est.0c08248","Supporting Information Table S5 (surface sediments, 2018 seasonal values)",PDF-TANG-2021,"2021 Jinpeng Tang Supporting Information  Impact of Phytoplankton Blooms on Concentrations of Antibiotics in Sediment and Snails in a Subtropical River, China .pdf"
sediment,Guangdong,"Pearl River, site Z1",Sulfapyridine,sulfonamides,40.6,NA,ng/g (dw),2018,summer,"Tang, J., Fang, J., Tam, N. F., Yang, Y., Dai, Y., Zhang, J., & Shi, Y. (2021). Impact of Phytoplankton Blooms on Concentrations of Antibiotics in Sediment and Snails in a Subtropical River, China. Environmental Science & Technology, 55(3), 1811-1821. https://doi.org/10.1021/acs.est.0c08248","Supporting Information Table S5 (surface sediments, 2018 seasonal values)",PDF-TANG-2021,"2021 Jinpeng Tang Supporting Information  Impact of Phytoplankton Blooms on Concentrations of Antibiotics in Sediment and Snails in a Subtropical River, China .pdf"
sediment,Guangdong,"Pearl River, site Z1",Sulfapyridine,sulfonamides,95.5,NA,ng/g (dw),2018,autumn,"Tang, J., Fang, J., Tam, N. F., Yang, Y., Dai, Y., Zhang, J., & Shi, Y. (2021). Impact of Phytoplankton Blooms on Concentrations of Antibiotics in Sediment and Snails in a Subtropical River, China. Environmental Science & Technology, 55(3), 1811-1821. https://doi.org/10.1021/acs.est.0c08248","Supporting Information Table S5 (surface sediments, 2018 seasonal values)",PDF-TANG-2021,"2021 Jinpeng Tang Supporting Information  Impact of Phytoplankton Blooms on Concentrations of Antibiotics in Sediment and Snails in a Subtropical River, China .pdf"
sediment,Guangdong,"Pearl River, site Z2",Sulfapyridine,sulfonamides,25.9,NA,ng/g (dw),2018,spring,"Tang, J., Fang, J., Tam, N. F., Yang, Y., Dai, Y., Zhang, J., & Shi, Y. (2021). Impact of Phytoplankton Blooms on Concentrations of Antibiotics in Sediment and Snails in a Subtropical River, China. Environmental Science & Technology, 55(3), 1811-1821. https://doi.org/10.1021/acs.est.0c08248","Supporting Information Table S5 (surface sediments, 2018 seasonal values)",PDF-TANG-2021,"2021 Jinpeng Tang Supporting Information  Impact of Phytoplankton Blooms on Concentrations of Antibiotics in Sediment and Snails in a Subtropical River, China .pdf"
sediment,Guangdong,"Pearl River, site Z2",Sulfapyridine,sulfonamides,164.2,NA,ng/g (dw),2018,summer,"Tang, J., Fang, J., Tam, N. F., Yang, Y., Dai, Y., Zhang, J., & Shi, Y. (2021). Impact of Phytoplankton Blooms on Concentrations of Antibiotics in Sediment and Snails in a Subtropical River, China. Environmental Science & Technology, 55(3), 1811-1821. https://doi.org/10.1021/acs.est.0c08248","Supporting Information Table S5 (surface sediments, 2018 seasonal values)",PDF-TANG-2021,"2021 Jinpeng Tang Supporting Information  Impact of Phytoplankton Blooms on Concentrations of Antibiotics in Sediment and Snails in a Subtropical River, China .pdf"
sediment,Guangdong,"Pearl River, site Z2",Sulfapyridine,sulfonamides,68.9,NA,ng/g (dw),2018,autumn,"Tang, J., Fang, J., Tam, N. F., Yang, Y., Dai, Y., Zhang, J., & Shi, Y. (2021). Impact of Phytoplankton Blooms on Concentrations of Antibiotics in Sediment and Snails in a Subtropical River, China. Environmental Science & Technology, 55(3), 1811-1821. https://doi.org/10.1021/acs.est.0c08248","Supporting Information Table S5 (surface sediments, 2018 seasonal values)",PDF-TANG-2021,"2021 Jinpeng Tang Supporting Information  Impact of Phytoplankton Blooms on Concentrations of Antibiotics in Sediment and Snails in a Subtropical River, China .pdf"
sediment,Guangdong,"Pearl River, site Z3",Sulfapyridine,sulfonamides,41.9,NA,ng/g (dw),2018,spring,"Tang, J., Fang, J., Tam, N. F., Yang, Y., Dai, Y., Zhang, J., & Shi, Y. (2021). Impact of Phytoplankton Blooms on Concentrations of Antibiotics in Sediment and Snails in a Subtropical River, China. Environmental Science & Technology, 55(3), 1811-1821. https://doi.org/10.1021/acs.est.0c08248","Supporting Information Table S5 (surface sediments, 2018 seasonal values)",PDF-TANG-2021,"2021 Jinpeng Tang Supporting Information  Impact of Phytoplankton Blooms on Concentrations of Antibiotics in Sediment and Snails in a Subtropical River, China .pdf"
sediment,Guangdong,"Pearl River, site Z3",Sulfapyridine,sulfonamides,83.2,NA,ng/g (dw),2018,summer,"Tang, J., Fang, J., Tam, N. F., Yang, Y., Dai, Y., Zhang, J., & Shi, Y. (2021). Impact of Phytoplankton Blooms on Concentrations of Antibiotics in Sediment and Snails in a Subtropical River, China. Environmental Science & Technology, 55(3), 1811-1821. https://doi.org/10.1021/acs.est.0c08248","Supporting Information Table S5 (surface sediments, 2018 seasonal values)",PDF-TANG-2021,"2021 Jinpeng Tang Supporting Information  Impact of Phytoplankton Blooms on Concentrations of Antibiotics in Sediment and Snails in a Subtropical River, China .pdf"
sediment,Guangdong,"Pearl River, site Z3",Sulfapyridine,sulfonamides,86.5,NA,ng/g (dw),2018,autumn,"Tang, J., Fang, J., Tam, N. F., Yang, Y., Dai, Y., Zhang, J., & Shi, Y. (2021). Impact of Phytoplankton Blooms on Concentrations of Antibiotics in Sediment and Snails in a Subtropical River, China. Environmental Science & Technology, 55(3), 1811-1821. https://doi.org/10.1021/acs.est.0c08248","Supporting Information Table S5 (surface sediments, 2018 seasonal values)",PDF-TANG-2021,"2021 Jinpeng Tang Supporting Information  Impact of Phytoplankton Blooms on Concentrations of Antibiotics in Sediment and Snails in a Subtropical River, China .pdf"
sediment,Guangdong,"Pearl River, site Z9",Sulfapyridine,sulfonamides,17.3,NA,ng/g (dw),2018,spring,"Tang, J., Fang, J., Tam, N. F., Yang, Y., Dai, Y., Zhang, J., & Shi, Y. (2021). Impact of Phytoplankton Blooms on Concentrations of Antibiotics in Sediment and Snails in a Subtropical River, China. Environmental Science & Technology, 55(3), 1811-1821. https://doi.org/10.1021/acs.est.0c08248","Supporting Information Table S5 (surface sediments, 2018 seasonal values)",PDF-TANG-2021,"2021 Jinpeng Tang Supporting Information  Impact of Phytoplankton Blooms on Concentrations of Antibiotics in Sediment and Snails in a Subtropical River, China .pdf"
sediment,Guangdong,"Pearl River, site Z9",Sulfapyridine,sulfonamides,16,NA,ng/g (dw),2018,summer,"Tang, J., Fang, J., Tam, N. F., Yang, Y., Dai, Y., Zhang, J., & Shi, Y. (2021). Impact of Phytoplankton Blooms on Concentrations of Antibiotics in Sediment and Snails in a Subtropical River, China. Environmental Science & Technology, 55(3), 1811-1821. https://doi.org/10.1021/acs.est.0c08248","Supporting Information Table S5 (surface sediments, 2018 seasonal values)",PDF-TANG-2021,"2021 Jinpeng Tang Supporting Information  Impact of Phytoplankton Blooms on Concentrations of Antibiotics in Sediment and Snails in a Subtropical River, China .pdf"
sediment,Guangdong,"Pearl River, site Z9",Sulfapyridine,sulfonamides,70.6,NA,ng/g (dw),2018,autumn,"Tang, J., Fang, J., Tam, N. F., Yang, Y., Dai, Y., Zhang, J., & Shi, Y. (2021). Impact of Phytoplankton Blooms on Concentrations of Antibiotics in Sediment and Snails in a Subtropical River, China. Environmental Science & Technology, 55(3), 1811-1821. https://doi.org/10.1021/acs.est.0c08248","Supporting Information Table S5 (surface sediments, 2018 seasonal values)",PDF-TANG-2021,"2021 Jinpeng Tang Supporting Information  Impact of Phytoplankton Blooms on Concentrations of Antibiotics in Sediment and Snails in a Subtropical River, China .pdf"
sediment,Guangdong,"Pearl River, site Z10",Sulfapyridine,sulfonamides,33.9,NA,ng/g (dw),2018,spring,"Tang, J., Fang, J., Tam, N. F., Yang, Y., Dai, Y., Zhang, J., & Shi, Y. (2021). Impact of Phytoplankton Blooms on Concentrations of Antibiotics in Sediment and Snails in a Subtropical River, China. Environmental Science & Technology, 55(3), 1811-1821. https://doi.org/10.1021/acs.est.0c08248","Supporting Information Table S5 (surface sediments, 2018 seasonal values)",PDF-TANG-2021,"2021 Jinpeng Tang Supporting Information  Impact of Phytoplankton Blooms on Concentrations of Antibiotics in Sediment and Snails in a Subtropical River, China .pdf"
sediment,Guangdong,"Pearl River, site Z10",Sulfapyridine,sulfonamides,18.4,NA,ng/g (dw),2018,summer,"Tang, J., Fang, J., Tam, N. F., Yang, Y., Dai, Y., Zhang, J., & Shi, Y. (2021). Impact of Phytoplankton Blooms on Concentrations of Antibiotics in Sediment and Snails in a Subtropical River, China. Environmental Science & Technology, 55(3), 1811-1821. https://doi.org/10.1021/acs.est.0c08248","Supporting Information Table S5 (surface sediments, 2018 seasonal values)",PDF-TANG-2021,"2021 Jinpeng Tang Supporting Information  Impact of Phytoplankton Blooms on Concentrations of Antibiotics in Sediment and Snails in a Subtropical River, China .pdf"
sediment,Guangdong,"Pearl River, site Z10",Sulfapyridine,sulfonamides,31.7,NA,ng/g (dw),2018,autumn,"Tang, J., Fang, J., Tam, N. F., Yang, Y., Dai, Y., Zhang, J., & Shi, Y. (2021). Impact of Phytoplankton Blooms on Concentrations of Antibiotics in Sediment and Snails in a Subtropical River, China. Environmental Science & Technology, 55(3), 1811-1821. https://doi.org/10.1021/acs.est.0c08248","Supporting Information Table S5 (surface sediments, 2018 seasonal values)",PDF-TANG-2021,"2021 Jinpeng Tang Supporting Information  Impact of Phytoplankton Blooms on Concentrations of Antibiotics in Sediment and Snails in a Subtropical River, China .pdf"
sediment,Guangdong,"Pearl River, site Z11",Sulfapyridine,sulfonamides,22.5,NA,ng/g (dw),2018,spring,"Tang, J., Fang, J., Tam, N. F., Yang, Y., Dai, Y., Zhang, J., & Shi, Y. (2021). Impact of Phytoplankton Blooms on Concentrations of Antibiotics in Sediment and Snails in a Subtropical River, China. Environmental Science & Technology, 55(3), 1811-1821. https://doi.org/10.1021/acs.est.0c08248","Supporting Information Table S5 (surface sediments, 2018 seasonal values)",PDF-TANG-2021,"2021 Jinpeng Tang Supporting Information  Impact of Phytoplankton Blooms on Concentrations of Antibiotics in Sediment and Snails in a Subtropical River, China .pdf"
sediment,Guangdong,"Pearl River, site Z11",Sulfapyridine,sulfonamides,25.5,NA,ng/g (dw),2018,summer,"Tang, J., Fang, J., Tam, N. F., Yang, Y., Dai, Y., Zhang, J., & Shi, Y. (2021). Impact of Phytoplankton Blooms on Concentrations of Antibiotics in Sediment and Snails in a Subtropical River, China. Environmental Science & Technology, 55(3), 1811-1821. https://doi.org/10.1021/acs.est.0c08248","Supporting Information Table S5 (surface sediments, 2018 seasonal values)",PDF-TANG-2021,"2021 Jinpeng Tang Supporting Information  Impact of Phytoplankton Blooms on Concentrations of Antibiotics in Sediment and Snails in a Subtropical River, China .pdf"
sediment,Guangdong,"Pearl River, site Z11",Sulfapyridine,sulfonamides,36,NA,ng/g (dw),2018,autumn,"Tang, J., Fang, J., Tam, N. F., Yang, Y., Dai, Y., Zhang, J., & Shi, Y. (2021). Impact of Phytoplankton Blooms on Concentrations of Antibiotics in Sediment and Snails in a Subtropical River, China. Environmental Science & Technology, 55(3), 1811-1821. https://doi.org/10.1021/acs.est.0c08248","Supporting Information Table S5 (surface sediments, 2018 seasonal values)",PDF-TANG-2021,"2021 Jinpeng Tang Supporting Information  Impact of Phytoplankton Blooms on Concentrations of Antibiotics in Sediment and Snails in a Subtropical River, China .pdf"
sediment,Guangdong,"Pearl River, site Z1",Tetracycline,tetracyclines,36.8,NA,ng/g (dw),2018,spring,"Tang, J., Fang, J., Tam, N. F., Yang, Y., Dai, Y., Zhang, J., & Shi, Y. (2021). Impact of Phytoplankton Blooms on Concentrations of Antibiotics in Sediment and Snails in a Subtropical River, China. Environmental Science & Technology, 55(3), 1811-1821. https://doi.org/10.1021/acs.est.0c08248","Supporting Information Table S5 (surface sediments, 2018 seasonal values)",PDF-TANG-2021,"2021 Jinpeng Tang Supporting Information  Impact of Phytoplankton Blooms on Concentrations of Antibiotics in Sediment and Snails in a Subtropical River, China .pdf"
sediment,Guangdong,"Pearl River, site Z1",Tetracycline,tetracyclines,23.3,NA,ng/g (dw),2018,summer,"Tang, J., Fang, J., Tam, N. F., Yang, Y., Dai, Y., Zhang, J., & Shi, Y. (2021). Impact of Phytoplankton Blooms on Concentrations of Antibiotics in Sediment and Snails in a Subtropical River, China. Environmental Science & Technology, 55(3), 1811-1821. https://doi.org/10.1021/acs.est.0c08248","Supporting Information Table S5 (surface sediments, 2018 seasonal values)",PDF-TANG-2021,"2021 Jinpeng Tang Supporting Information  Impact of Phytoplankton Blooms on Concentrations of Antibiotics in Sediment and Snails in a Subtropical River, China .pdf"
sediment,Guangdong,"Pearl River, site Z1",Tetracycline,tetracyclines,19.4,NA,ng/g (dw),2018,autumn,"Tang, J., Fang, J., Tam, N. F., Yang, Y., Dai, Y., Zhang, J., & Shi, Y. (2021). Impact of Phytoplankton Blooms on Concentrations of Antibiotics in Sediment and Snails in a Subtropical River, China. Environmental Science & Technology, 55(3), 1811-1821. https://doi.org/10.1021/acs.est.0c08248","Supporting Information Table S5 (surface sediments, 2018 seasonal values)",PDF-TANG-2021,"2021 Jinpeng Tang Supporting Information  Impact of Phytoplankton Blooms on Concentrations of Antibiotics in Sediment and Snails in a Subtropical River, China .pdf"
sediment,Guangdong,"Pearl River, site Z2",Tetracycline,tetracyclines,43.4,NA,ng/g (dw),2018,spring,"Tang, J., Fang, J., Tam, N. F., Yang, Y., Dai, Y., Zhang, J., & Shi, Y. (2021). Impact of Phytoplankton Blooms on Concentrations of Antibiotics in Sediment and Snails in a Subtropical River, China. Environmental Science & Technology, 55(3), 1811-1821. https://doi.org/10.1021/acs.est.0c08248","Supporting Information Table S5 (surface sediments, 2018 seasonal values)",PDF-TANG-2021,"2021 Jinpeng Tang Supporting Information  Impact of Phytoplankton Blooms on Concentrations of Antibiotics in Sediment and Snails in a Subtropical River, China .pdf"
sediment,Guangdong,"Pearl River, site Z2",Tetracycline,tetracyclines,29.6,NA,ng/g (dw),2018,summer,"Tang, J., Fang, J., Tam, N. F., Yang, Y., Dai, Y., Zhang, J., & Shi, Y. (2021). Impact of Phytoplankton Blooms on Concentrations of Antibiotics in Sediment and Snails in a Subtropical River, China. Environmental Science & Technology, 55(3), 1811-1821. https://doi.org/10.1021/acs.est.0c08248","Supporting Information Table S5 (surface sediments, 2018 seasonal values)",PDF-TANG-2021,"2021 Jinpeng Tang Supporting Information  Impact of Phytoplankton Blooms on Concentrations of Antibiotics in Sediment and Snails in a Subtropical River, China .pdf"
sediment,Guangdong,"Pearl River, site Z2",Tetracycline,tetracyclines,18.8,NA,ng/g (dw),2018,autumn,"Tang, J., Fang, J., Tam, N. F., Yang, Y., Dai, Y., Zhang, J., & Shi, Y. (2021). Impact of Phytoplankton Blooms on Concentrations of Antibiotics in Sediment and Snails in a Subtropical River, China. Environmental Science & Technology, 55(3), 1811-1821. https://doi.org/10.1021/acs.est.0c08248","Supporting Information Table S5 (surface sediments, 2018 seasonal values)",PDF-TANG-2021,"2021 Jinpeng Tang Supporting Information  Impact of Phytoplankton Blooms on Concentrations of Antibiotics in Sediment and Snails in a Subtropical River, China .pdf"
sediment,Guangdong,"Pearl River, site Z3",Tetracycline,tetracyclines,35.4,NA,ng/g (dw),2018,spring,"Tang, J., Fang, J., Tam, N. F., Yang, Y., Dai, Y., Zhang, J., & Shi, Y. (2021). Impact of Phytoplankton Blooms on Concentrations of Antibiotics in Sediment and Snails in a Subtropical River, China. Environmental Science & Technology, 55(3), 1811-1821. https://doi.org/10.1021/acs.est.0c08248","Supporting Information Table S5 (surface sediments, 2018 seasonal values)",PDF-TANG-2021,"2021 Jinpeng Tang Supporting Information  Impact of Phytoplankton Blooms on Concentrations of Antibiotics in Sediment and Snails in a Subtropical River, China .pdf"
sediment,Guangdong,"Pearl River, site Z3",Tetracycline,tetracyclines,27.8,NA,ng/g (dw),2018,summer,"Tang, J., Fang, J., Tam, N. F., Yang, Y., Dai, Y., Zhang, J., & Shi, Y. (2021). Impact of Phytoplankton Blooms on Concentrations of Antibiotics in Sediment and Snails in a Subtropical River, China. Environmental Science & Technology, 55(3), 1811-1821. https://doi.org/10.1021/acs.est.0c08248","Supporting Information Table S5 (surface sediments, 2018 seasonal values)",PDF-TANG-2021,"2021 Jinpeng Tang Supporting Information  Impact of Phytoplankton Blooms on Concentrations of Antibiotics in Sediment and Snails in a Subtropical River, China .pdf"
sediment,Guangdong,"Pearl River, site Z3",Tetracycline,tetracyclines,20.7,NA,ng/g (dw),2018,autumn,"Tang, J., Fang, J., Tam, N. F., Yang, Y., Dai, Y., Zhang, J., & Shi, Y. (2021). Impact of Phytoplankton Blooms on Concentrations of Antibiotics in Sediment and Snails in a Subtropical River, China. Environmental Science & Technology, 55(3), 1811-1821. https://doi.org/10.1021/acs.est.0c08248","Supporting Information Table S5 (surface sediments, 2018 seasonal values)",PDF-TANG-2021,"2021 Jinpeng Tang Supporting Information  Impact of Phytoplankton Blooms on Concentrations of Antibiotics in Sediment and Snails in a Subtropical River, China .pdf"
sediment,Guangdong,"Pearl River, site Z9",Tetracycline,tetracyclines,64.5,NA,ng/g (dw),2018,spring,"Tang, J., Fang, J., Tam, N. F., Yang, Y., Dai, Y., Zhang, J., & Shi, Y. (2021). Impact of Phytoplankton Blooms on Concentrations of Antibiotics in Sediment and Snails in a Subtropical River, China. Environmental Science & Technology, 55(3), 1811-1821. https://doi.org/10.1021/acs.est.0c08248","Supporting Information Table S5 (surface sediments, 2018 seasonal values)",PDF-TANG-2021,"2021 Jinpeng Tang Supporting Information  Impact of Phytoplankton Blooms on Concentrations of Antibiotics in Sediment and Snails in a Subtropical River, China .pdf"
sediment,Guangdong,"Pearl River, site Z9",Tetracycline,tetracyclines,59.5,NA,ng/g (dw),2018,summer,"Tang, J., Fang, J., Tam, N. F., Yang, Y., Dai, Y., Zhang, J., & Shi, Y. (2021). Impact of Phytoplankton Blooms on Concentrations of Antibiotics in Sediment and Snails in a Subtropical River, China. Environmental Science & Technology, 55(3), 1811-1821. https://doi.org/10.1021/acs.est.0c08248","Supporting Information Table S5 (surface sediments, 2018 seasonal values)",PDF-TANG-2021,"2021 Jinpeng Tang Supporting Information  Impact of Phytoplankton Blooms on Concentrations of Antibiotics in Sediment and Snails in a Subtropical River, China .pdf"
sediment,Guangdong,"Pearl River, site Z9",Tetracycline,tetracyclines,53.7,NA,ng/g (dw),2018,autumn,"Tang, J., Fang, J., Tam, N. F., Yang, Y., Dai, Y., Zhang, J., & Shi, Y. (2021). Impact of Phytoplankton Blooms on Concentrations of Antibiotics in Sediment and Snails in a Subtropical River, China. Environmental Science & Technology, 55(3), 1811-1821. https://doi.org/10.1021/acs.est.0c08248","Supporting Information Table S5 (surface sediments, 2018 seasonal values)",PDF-TANG-2021,"2021 Jinpeng Tang Supporting Information  Impact of Phytoplankton Blooms on Concentrations of Antibiotics in Sediment and Snails in a Subtropical River, China .pdf"
sediment,Guangdong,"Pearl River, site Z10",Tetracycline,tetracyclines,53,NA,ng/g (dw),2018,spring,"Tang, J., Fang, J., Tam, N. F., Yang, Y., Dai, Y., Zhang, J., & Shi, Y. (2021). Impact of Phytoplankton Blooms on Concentrations of Antibiotics in Sediment and Snails in a Subtropical River, China. Environmental Science & Technology, 55(3), 1811-1821. https://doi.org/10.1021/acs.est.0c08248","Supporting Information Table S5 (surface sediments, 2018 seasonal values)",PDF-TANG-2021,"2021 Jinpeng Tang Supporting Information  Impact of Phytoplankton Blooms on Concentrations of Antibiotics in Sediment and Snails in a Subtropical River, China .pdf"
sediment,Guangdong,"Pearl River, site Z10",Tetracycline,tetracyclines,56.9,NA,ng/g (dw),2018,summer,"Tang, J., Fang, J., Tam, N. F., Yang, Y., Dai, Y., Zhang, J., & Shi, Y. (2021). Impact of Phytoplankton Blooms on Concentrations of Antibiotics in Sediment and Snails in a Subtropical River, China. Environmental Science & Technology, 55(3), 1811-1821. https://doi.org/10.1021/acs.est.0c08248","Supporting Information Table S5 (surface sediments, 2018 seasonal values)",PDF-TANG-2021,"2021 Jinpeng Tang Supporting Information  Impact of Phytoplankton Blooms on Concentrations of Antibiotics in Sediment and Snails in a Subtropical River, China .pdf"
sediment,Guangdong,"Pearl River, site Z10",Tetracycline,tetracyclines,35.3,NA,ng/g (dw),2018,autumn,"Tang, J., Fang, J., Tam, N. F., Yang, Y., Dai, Y., Zhang, J., & Shi, Y. (2021). Impact of Phytoplankton Blooms on Concentrations of Antibiotics in Sediment and Snails in a Subtropical River, China. Environmental Science & Technology, 55(3), 1811-1821. https://doi.org/10.1021/acs.est.0c08248","Supporting Information Table S5 (surface sediments, 2018 seasonal values)",PDF-TANG-2021,"2021 Jinpeng Tang Supporting Information  Impact of Phytoplankton Blooms on Concentrations of Antibiotics in Sediment and Snails in a Subtropical River, China .pdf"
sediment,Guangdong,"Pearl River, site Z11",Tetracycline,tetracyclines,40.9,NA,ng/g (dw),2018,spring,"Tang, J., Fang, J., Tam, N. F., Yang, Y., Dai, Y., Zhang, J., & Shi, Y. (2021). Impact of Phytoplankton Blooms on Concentrations of Antibiotics in Sediment and Snails in a Subtropical River, China. Environmental Science & Technology, 55(3), 1811-1821. https://doi.org/10.1021/acs.est.0c08248","Supporting Information Table S5 (surface sediments, 2018 seasonal values)",PDF-TANG-2021,"2021 Jinpeng Tang Supporting Information  Impact of Phytoplankton Blooms on Concentrations of Antibiotics in Sediment and Snails in a Subtropical River, China .pdf"
sediment,Guangdong,"Pearl River, site Z11",Tetracycline,tetracyclines,34.9,NA,ng/g (dw),2018,summer,"Tang, J., Fang, J., Tam, N. F., Yang, Y., Dai, Y., Zhang, J., & Shi, Y. (2021). Impact of Phytoplankton Blooms on Concentrations of Antibiotics in Sediment and Snails in a Subtropical River, China. Environmental Science & Technology, 55(3), 1811-1821. https://doi.org/10.1021/acs.est.0c08248","Supporting Information Table S5 (surface sediments, 2018 seasonal values)",PDF-TANG-2021,"2021 Jinpeng Tang Supporting Information  Impact of Phytoplankton Blooms on Concentrations of Antibiotics in Sediment and Snails in a Subtropical River, China .pdf"
sediment,Guangdong,"Pearl River, site Z11",Tetracycline,tetracyclines,52.6,NA,ng/g (dw),2018,autumn,"Tang, J., Fang, J., Tam, N. F., Yang, Y., Dai, Y., Zhang, J., & Shi, Y. (2021). Impact of Phytoplankton Blooms on Concentrations of Antibiotics in Sediment and Snails in a Subtropical River, China. Environmental Science & Technology, 55(3), 1811-1821. https://doi.org/10.1021/acs.est.0c08248","Supporting Information Table S5 (surface sediments, 2018 seasonal values)",PDF-TANG-2021,"2021 Jinpeng Tang Supporting Information  Impact of Phytoplankton Blooms on Concentrations of Antibiotics in Sediment and Snails in a Subtropical River, China .pdf"
sediment,Guangdong,"Pearl River, site Z1",Trimethoprim,sulfonamides,156.3,NA,ng/g (dw),2018,spring,"Tang, J., Fang, J., Tam, N. F., Yang, Y., Dai, Y., Zhang, J., & Shi, Y. (2021). Impact of Phytoplankton Blooms on Concentrations of Antibiotics in Sediment and Snails in a Subtropical River, China. Environmental Science & Technology, 55(3), 1811-1821. https://doi.org/10.1021/acs.est.0c08248","Supporting Information Table S5 (surface sediments, 2018 seasonal values)",PDF-TANG-2021,"2021 Jinpeng Tang Supporting Information  Impact of Phytoplankton Blooms on Concentrations of Antibiotics in Sediment and Snails in a Subtropical River, China .pdf"
sediment,Guangdong,"Pearl River, site Z1",Trimethoprim,sulfonamides,132.3,NA,ng/g (dw),2018,summer,"Tang, J., Fang, J., Tam, N. F., Yang, Y., Dai, Y., Zhang, J., & Shi, Y. (2021). Impact of Phytoplankton Blooms on Concentrations of Antibiotics in Sediment and Snails in a Subtropical River, China. Environmental Science & Technology, 55(3), 1811-1821. https://doi.org/10.1021/acs.est.0c08248","Supporting Information Table S5 (surface sediments, 2018 seasonal values)",PDF-TANG-2021,"2021 Jinpeng Tang Supporting Information  Impact of Phytoplankton Blooms on Concentrations of Antibiotics in Sediment and Snails in a Subtropical River, China .pdf"
sediment,Guangdong,"Pearl River, site Z1",Trimethoprim,sulfonamides,170.9,NA,ng/g (dw),2018,autumn,"Tang, J., Fang, J., Tam, N. F., Yang, Y., Dai, Y., Zhang, J., & Shi, Y. (2021). Impact of Phytoplankton Blooms on Concentrations of Antibiotics in Sediment and Snails in a Subtropical River, China. Environmental Science & Technology, 55(3), 1811-1821. https://doi.org/10.1021/acs.est.0c08248","Supporting Information Table S5 (surface sediments, 2018 seasonal values)",PDF-TANG-2021,"2021 Jinpeng Tang Supporting Information  Impact of Phytoplankton Blooms on Concentrations of Antibiotics in Sediment and Snails in a Subtropical River, China .pdf"
sediment,Guangdong,"Pearl River, site Z2",Trimethoprim,sulfonamides,46.8,NA,ng/g (dw),2018,spring,"Tang, J., Fang, J., Tam, N. F., Yang, Y., Dai, Y., Zhang, J., & Shi, Y. (2021). Impact of Phytoplankton Blooms on Concentrations of Antibiotics in Sediment and Snails in a Subtropical River, China. Environmental Science & Technology, 55(3), 1811-1821. https://doi.org/10.1021/acs.est.0c08248","Supporting Information Table S5 (surface sediments, 2018 seasonal values)",PDF-TANG-2021,"2021 Jinpeng Tang Supporting Information  Impact of Phytoplankton Blooms on Concentrations of Antibiotics in Sediment and Snails in a Subtropical River, China .pdf"
sediment,Guangdong,"Pearl River, site Z2",Trimethoprim,sulfonamides,203.6,NA,ng/g (dw),2018,summer,"Tang, J., Fang, J., Tam, N. F., Yang, Y., Dai, Y., Zhang, J., & Shi, Y. (2021). Impact of Phytoplankton Blooms on Concentrations of Antibiotics in Sediment and Snails in a Subtropical River, China. Environmental Science & Technology, 55(3), 1811-1821. https://doi.org/10.1021/acs.est.0c08248","Supporting Information Table S5 (surface sediments, 2018 seasonal values)",PDF-TANG-2021,"2021 Jinpeng Tang Supporting Information  Impact of Phytoplankton Blooms on Concentrations of Antibiotics in Sediment and Snails in a Subtropical River, China .pdf"
sediment,Guangdong,"Pearl River, site Z2",Trimethoprim,sulfonamides,108.8,NA,ng/g (dw),2018,autumn,"Tang, J., Fang, J., Tam, N. F., Yang, Y., Dai, Y., Zhang, J., & Shi, Y. (2021). Impact of Phytoplankton Blooms on Concentrations of Antibiotics in Sediment and Snails in a Subtropical River, China. Environmental Science & Technology, 55(3), 1811-1821. https://doi.org/10.1021/acs.est.0c08248","Supporting Information Table S5 (surface sediments, 2018 seasonal values)",PDF-TANG-2021,"2021 Jinpeng Tang Supporting Information  Impact of Phytoplankton Blooms on Concentrations of Antibiotics in Sediment and Snails in a Subtropical River, China .pdf"
sediment,Guangdong,"Pearl River, site Z3",Trimethoprim,sulfonamides,41.4,NA,ng/g (dw),2018,spring,"Tang, J., Fang, J., Tam, N. F., Yang, Y., Dai, Y., Zhang, J., & Shi, Y. (2021). Impact of Phytoplankton Blooms on Concentrations of Antibiotics in Sediment and Snails in a Subtropical River, China. Environmental Science & Technology, 55(3), 1811-1821. https://doi.org/10.1021/acs.est.0c08248","Supporting Information Table S5 (surface sediments, 2018 seasonal values)",PDF-TANG-2021,"2021 Jinpeng Tang Supporting Information  Impact of Phytoplankton Blooms on Concentrations of Antibiotics in Sediment and Snails in a Subtropical River, China .pdf"
sediment,Guangdong,"Pearl River, site Z3",Trimethoprim,sulfonamides,160.4,NA,ng/g (dw),2018,summer,"Tang, J., Fang, J., Tam, N. F., Yang, Y., Dai, Y., Zhang, J., & Shi, Y. (2021). Impact of Phytoplankton Blooms on Concentrations of Antibiotics in Sediment and Snails in a Subtropical River, China. Environmental Science & Technology, 55(3), 1811-1821. https://doi.org/10.1021/acs.est.0c08248","Supporting Information Table S5 (surface sediments, 2018 seasonal values)",PDF-TANG-2021,"2021 Jinpeng Tang Supporting Information  Impact of Phytoplankton Blooms on Concentrations of Antibiotics in Sediment and Snails in a Subtropical River, China .pdf"
sediment,Guangdong,"Pearl River, site Z3",Trimethoprim,sulfonamides,93.5,NA,ng/g (dw),2018,autumn,"Tang, J., Fang, J., Tam, N. F., Yang, Y., Dai, Y., Zhang, J., & Shi, Y. (2021). Impact of Phytoplankton Blooms on Concentrations of Antibiotics in Sediment and Snails in a Subtropical River, China. Environmental Science & Technology, 55(3), 1811-1821. https://doi.org/10.1021/acs.est.0c08248","Supporting Information Table S5 (surface sediments, 2018 seasonal values)",PDF-TANG-2021,"2021 Jinpeng Tang Supporting Information  Impact of Phytoplankton Blooms on Concentrations of Antibiotics in Sediment and Snails in a Subtropical River, China .pdf"
sediment,Guangdong,"Pearl River, site Z9",Trimethoprim,sulfonamides,59.7,NA,ng/g (dw),2018,spring,"Tang, J., Fang, J., Tam, N. F., Yang, Y., Dai, Y., Zhang, J., & Shi, Y. (2021). Impact of Phytoplankton Blooms on Concentrations of Antibiotics in Sediment and Snails in a Subtropical River, China. Environmental Science & Technology, 55(3), 1811-1821. https://doi.org/10.1021/acs.est.0c08248","Supporting Information Table S5 (surface sediments, 2018 seasonal values)",PDF-TANG-2021,"2021 Jinpeng Tang Supporting Information  Impact of Phytoplankton Blooms on Concentrations of Antibiotics in Sediment and Snails in a Subtropical River, China .pdf"
sediment,Guangdong,"Pearl River, site Z9",Trimethoprim,sulfonamides,68.8,NA,ng/g (dw),2018,summer,"Tang, J., Fang, J., Tam, N. F., Yang, Y., Dai, Y., Zhang, J., & Shi, Y. (2021). Impact of Phytoplankton Blooms on Concentrations of Antibiotics in Sediment and Snails in a Subtropical River, China. Environmental Science & Technology, 55(3), 1811-1821. https://doi.org/10.1021/acs.est.0c08248","Supporting Information Table S5 (surface sediments, 2018 seasonal values)",PDF-TANG-2021,"2021 Jinpeng Tang Supporting Information  Impact of Phytoplankton Blooms on Concentrations of Antibiotics in Sediment and Snails in a Subtropical River, China .pdf"
sediment,Guangdong,"Pearl River, site Z9",Trimethoprim,sulfonamides,110.4,NA,ng/g (dw),2018,autumn,"Tang, J., Fang, J., Tam, N. F., Yang, Y., Dai, Y., Zhang, J., & Shi, Y. (2021). Impact of Phytoplankton Blooms on Concentrations of Antibiotics in Sediment and Snails in a Subtropical River, China. Environmental Science & Technology, 55(3), 1811-1821. https://doi.org/10.1021/acs.est.0c08248","Supporting Information Table S5 (surface sediments, 2018 seasonal values)",PDF-TANG-2021,"2021 Jinpeng Tang Supporting Information  Impact of Phytoplankton Blooms on Concentrations of Antibiotics in Sediment and Snails in a Subtropical River, China .pdf"
sediment,Guangdong,"Pearl River, site Z10",Trimethoprim,sulfonamides,64.7,NA,ng/g (dw),2018,spring,"Tang, J., Fang, J., Tam, N. F., Yang, Y., Dai, Y., Zhang, J., & Shi, Y. (2021). Impact of Phytoplankton Blooms on Concentrations of Antibiotics in Sediment and Snails in a Subtropical River, China. Environmental Science & Technology, 55(3), 1811-1821. https://doi.org/10.1021/acs.est.0c08248","Supporting Information Table S5 (surface sediments, 2018 seasonal values)",PDF-TANG-2021,"2021 Jinpeng Tang Supporting Information  Impact of Phytoplankton Blooms on Concentrations of Antibiotics in Sediment and Snails in a Subtropical River, China .pdf"
sediment,Guangdong,"Pearl River, site Z10",Trimethoprim,sulfonamides,43.2,NA,ng/g (dw),2018,summer,"Tang, J., Fang, J., Tam, N. F., Yang, Y., Dai, Y., Zhang, J., & Shi, Y. (2021). Impact of Phytoplankton Blooms on Concentrations of Antibiotics in Sediment and Snails in a Subtropical River, China. Environmental Science & Technology, 55(3), 1811-1821. https://doi.org/10.1021/acs.est.0c08248","Supporting Information Table S5 (surface sediments, 2018 seasonal values)",PDF-TANG-2021,"2021 Jinpeng Tang Supporting Information  Impact of Phytoplankton Blooms on Concentrations of Antibiotics in Sediment and Snails in a Subtropical River, China .pdf"
sediment,Guangdong,"Pearl River, site Z10",Trimethoprim,sulfonamides,13,NA,ng/g (dw),2018,autumn,"Tang, J., Fang, J., Tam, N. F., Yang, Y., Dai, Y., Zhang, J., & Shi, Y. (2021). Impact of Phytoplankton Blooms on Concentrations of Antibiotics in Sediment and Snails in a Subtropical River, China. Environmental Science & Technology, 55(3), 1811-1821. https://doi.org/10.1021/acs.est.0c08248","Supporting Information Table S5 (surface sediments, 2018 seasonal values)",PDF-TANG-2021,"2021 Jinpeng Tang Supporting Information  Impact of Phytoplankton Blooms on Concentrations of Antibiotics in Sediment and Snails in a Subtropical River, China .pdf"
sediment,Guangdong,"Pearl River, site Z11",Trimethoprim,sulfonamides,38.2,NA,ng/g (dw),2018,spring,"Tang, J., Fang, J., Tam, N. F., Yang, Y., Dai, Y., Zhang, J., & Shi, Y. (2021). Impact of Phytoplankton Blooms on Concentrations of Antibiotics in Sediment and Snails in a Subtropical River, China. Environmental Science & Technology, 55(3), 1811-1821. https://doi.org/10.1021/acs.est.0c08248","Supporting Information Table S5 (surface sediments, 2018 seasonal values)",PDF-TANG-2021,"2021 Jinpeng Tang Supporting Information  Impact of Phytoplankton Blooms on Concentrations of Antibiotics in Sediment and Snails in a Subtropical River, China .pdf"
sediment,Guangdong,"Pearl River, site Z11",Trimethoprim,sulfonamides,10.4,NA,ng/g (dw),2018,summer,"Tang, J., Fang, J., Tam, N. F., Yang, Y., Dai, Y., Zhang, J., & Shi, Y. (2021). Impact of Phytoplankton Blooms on Concentrations of Antibiotics in Sediment and Snails in a Subtropical River, China. Environmental Science & Technology, 55(3), 1811-1821. https://doi.org/10.1021/acs.est.0c08248","Supporting Information Table S5 (surface sediments, 2018 seasonal values)",PDF-TANG-2021,"2021 Jinpeng Tang Supporting Information  Impact of Phytoplankton Blooms on Concentrations of Antibiotics in Sediment and Snails in a Subtropical River, China .pdf"
sediment,Guangdong,"Pearl River, site Z11",Trimethoprim,sulfonamides,39.3,NA,ng/g (dw),2018,autumn,"Tang, J., Fang, J., Tam, N. F., Yang, Y., Dai, Y., Zhang, J., & Shi, Y. (2021). Impact of Phytoplankton Blooms on Concentrations of Antibiotics in Sediment and Snails in a Subtropical River, China. Environmental Science & Technology, 55(3), 1811-1821. https://doi.org/10.1021/acs.est.0c08248","Supporting Information Table S5 (surface sediments, 2018 seasonal values)",PDF-TANG-2021,"2021 Jinpeng Tang Supporting Information  Impact of Phytoplankton Blooms on Concentrations of Antibiotics in Sediment and Snails in a Subtropical River, China .pdf"
sediment,Guangxi,Guangxi,Roxithromycin,macrolides,NA,0.57,ng/g (dw),2018,NA,Antibiotics in the Coastal Waters and Sediments of China: A Brief Review and Perspective,Additional curated article workbook (Sheet1),N42,Additional_data_on_antibiotics_in_water_and_sediment_in_china__01_Sheet1.csv
sediment,Hainan,Typical island province in China (surface water sediment),Carbadox,other,2,9.42,ng/g (dw),2013Ð2023,NA,"Li, G., Dong, M., Liu, H., Lu, L., Hou, P., & Pan, X. (2025). Occurrence, Distribution, and Ecological Risk Assessment of Antibiotics in Aqueous, Sediment, and Solid Waste of a Typical Island Province in China. Water, 17(19), 2846. https://doi.org/10.3390/w17192846",Tables 1-2 (surface water sediment weighted averages and ranges),PDF-LI-2025,"2025 Ge Li Occurrence, Distribution, and Ecological Risk Assessment of Antibiotics in Aqueous, Sediment, and Solid Waste of a Typical Island Province in China.pdf"
sediment,Hainan,Typical island province in China (surface water sediment),Chlortetracycline,tetracyclines,4.06,16.12,ng/g (dw),2013Ð2023,NA,"Li, G., Dong, M., Liu, H., Lu, L., Hou, P., & Pan, X. (2025). Occurrence, Distribution, and Ecological Risk Assessment of Antibiotics in Aqueous, Sediment, and Solid Waste of a Typical Island Province in China. Water, 17(19), 2846. https://doi.org/10.3390/w17192846",Tables 1-2 (surface water sediment weighted averages and ranges),PDF-LI-2025,"2025 Ge Li Occurrence, Distribution, and Ecological Risk Assessment of Antibiotics in Aqueous, Sediment, and Solid Waste of a Typical Island Province in China.pdf"
sediment,Hainan,Typical island province in China (surface water sediment),Ciprofloxacin,fluoroquinolones,0.78,144.88,ng/g (dw),2013Ð2023,NA,"Li, G., Dong, M., Liu, H., Lu, L., Hou, P., & Pan, X. (2025). Occurrence, Distribution, and Ecological Risk Assessment of Antibiotics in Aqueous, Sediment, and Solid Waste of a Typical Island Province in China. Water, 17(19), 2846. https://doi.org/10.3390/w17192846",Tables 1-2 (surface water sediment weighted averages and ranges),PDF-LI-2025,"2025 Ge Li Occurrence, Distribution, and Ecological Risk Assessment of Antibiotics in Aqueous, Sediment, and Solid Waste of a Typical Island Province in China.pdf"
sediment,Hainan,Typical island province in China (surface water sediment),Clarithromycin,macrolides,2.98,10.11,ng/g (dw),2013Ð2023,NA,"Li, G., Dong, M., Liu, H., Lu, L., Hou, P., & Pan, X. (2025). Occurrence, Distribution, and Ecological Risk Assessment of Antibiotics in Aqueous, Sediment, and Solid Waste of a Typical Island Province in China. Water, 17(19), 2846. https://doi.org/10.3390/w17192846",Tables 1-2 (surface water sediment weighted averages and ranges),PDF-LI-2025,"2025 Ge Li Occurrence, Distribution, and Ecological Risk Assessment of Antibiotics in Aqueous, Sediment, and Solid Waste of a Typical Island Province in China.pdf"
sediment,Hainan,Typical island province in China (surface water sediment),Danofloxacin,fluoroquinolones,0.4,2.77,ng/g (dw),2013Ð2023,NA,"Li, G., Dong, M., Liu, H., Lu, L., Hou, P., & Pan, X. (2025). Occurrence, Distribution, and Ecological Risk Assessment of Antibiotics in Aqueous, Sediment, and Solid Waste of a Typical Island Province in China. Water, 17(19), 2846. https://doi.org/10.3390/w17192846",Tables 1-2 (surface water sediment weighted averages and ranges),PDF-LI-2025,"2025 Ge Li Occurrence, Distribution, and Ecological Risk Assessment of Antibiotics in Aqueous, Sediment, and Solid Waste of a Typical Island Province in China.pdf"
sediment,Hainan,Typical island province in China (surface water sediment),Difloxacin,fluoroquinolones,0.25,2.01,ng/g (dw),2013Ð2023,NA,"Li, G., Dong, M., Liu, H., Lu, L., Hou, P., & Pan, X. (2025). Occurrence, Distribution, and Ecological Risk Assessment of Antibiotics in Aqueous, Sediment, and Solid Waste of a Typical Island Province in China. Water, 17(19), 2846. https://doi.org/10.3390/w17192846",Tables 1-2 (surface water sediment weighted averages and ranges),PDF-LI-2025,"2025 Ge Li Occurrence, Distribution, and Ecological Risk Assessment of Antibiotics in Aqueous, Sediment, and Solid Waste of a Typical Island Province in China.pdf"
sediment,Hainan,Typical island province in China (surface water sediment),Doxycycline,tetracyclines,24.47,138.94,ng/g (dw),2013Ð2023,NA,"Li, G., Dong, M., Liu, H., Lu, L., Hou, P., & Pan, X. (2025). Occurrence, Distribution, and Ecological Risk Assessment of Antibiotics in Aqueous, Sediment, and Solid Waste of a Typical Island Province in China. Water, 17(19), 2846. https://doi.org/10.3390/w17192846",Tables 1-2 (surface water sediment weighted averages and ranges),PDF-LI-2025,"2025 Ge Li Occurrence, Distribution, and Ecological Risk Assessment of Antibiotics in Aqueous, Sediment, and Solid Waste of a Typical Island Province in China.pdf"
sediment,Hainan,Typical island province in China (surface water sediment),Enrofloxacin,fluoroquinolones,5.68,27.24,ng/g (dw),2013Ð2023,NA,"Li, G., Dong, M., Liu, H., Lu, L., Hou, P., & Pan, X. (2025). Occurrence, Distribution, and Ecological Risk Assessment of Antibiotics in Aqueous, Sediment, and Solid Waste of a Typical Island Province in China. Water, 17(19), 2846. https://doi.org/10.3390/w17192846",Tables 1-2 (surface water sediment weighted averages and ranges),PDF-LI-2025,"2025 Ge Li Occurrence, Distribution, and Ecological Risk Assessment of Antibiotics in Aqueous, Sediment, and Solid Waste of a Typical Island Province in China.pdf"
sediment,Hainan,Typical island province in China (surface water sediment),Erythromycin,macrolides,10.96,40.05,ng/g (dw),2013Ð2023,NA,"Li, G., Dong, M., Liu, H., Lu, L., Hou, P., & Pan, X. (2025). Occurrence, Distribution, and Ecological Risk Assessment of Antibiotics in Aqueous, Sediment, and Solid Waste of a Typical Island Province in China. Water, 17(19), 2846. https://doi.org/10.3390/w17192846",Tables 1-2 (surface water sediment weighted averages and ranges),PDF-LI-2025,"2025 Ge Li Occurrence, Distribution, and Ecological Risk Assessment of Antibiotics in Aqueous, Sediment, and Solid Waste of a Typical Island Province in China.pdf"
sediment,Hainan,Typical island province in China (surface water sediment),Fleroxacin,fluoroquinolones,4.89,8.83,ng/g (dw),2013Ð2023,NA,"Li, G., Dong, M., Liu, H., Lu, L., Hou, P., & Pan, X. (2025). Occurrence, Distribution, and Ecological Risk Assessment of Antibiotics in Aqueous, Sediment, and Solid Waste of a Typical Island Province in China. Water, 17(19), 2846. https://doi.org/10.3390/w17192846",Tables 1-2 (surface water sediment weighted averages and ranges),PDF-LI-2025,"2025 Ge Li Occurrence, Distribution, and Ecological Risk Assessment of Antibiotics in Aqueous, Sediment, and Solid Waste of a Typical Island Province in China.pdf"
sediment,Hainan,Typical island province in China (surface water sediment),Lincomycin,macrolides,1.82,6.88,ng/g (dw),2013Ð2023,NA,"Li, G., Dong, M., Liu, H., Lu, L., Hou, P., & Pan, X. (2025). Occurrence, Distribution, and Ecological Risk Assessment of Antibiotics in Aqueous, Sediment, and Solid Waste of a Typical Island Province in China. Water, 17(19), 2846. https://doi.org/10.3390/w17192846",Tables 1-2 (surface water sediment weighted averages and ranges),PDF-LI-2025,"2025 Ge Li Occurrence, Distribution, and Ecological Risk Assessment of Antibiotics in Aqueous, Sediment, and Solid Waste of a Typical Island Province in China.pdf"
sediment,Hainan,Typical island province in China (surface water sediment),Lomefloxacin,fluoroquinolones,7.17,55.23,ng/g (dw),2013Ð2023,NA,"Li, G., Dong, M., Liu, H., Lu, L., Hou, P., & Pan, X. (2025). Occurrence, Distribution, and Ecological Risk Assessment of Antibiotics in Aqueous, Sediment, and Solid Waste of a Typical Island Province in China. Water, 17(19), 2846. https://doi.org/10.3390/w17192846",Tables 1-2 (surface water sediment weighted averages and ranges),PDF-LI-2025,"2025 Ge Li Occurrence, Distribution, and Ecological Risk Assessment of Antibiotics in Aqueous, Sediment, and Solid Waste of a Typical Island Province in China.pdf"
sediment,Hainan,Typical island province in China (surface water sediment),Marbofloxacin,fluoroquinolones,0.31,0.81,ng/g (dw),2013Ð2023,NA,"Li, G., Dong, M., Liu, H., Lu, L., Hou, P., & Pan, X. (2025). Occurrence, Distribution, and Ecological Risk Assessment of Antibiotics in Aqueous, Sediment, and Solid Waste of a Typical Island Province in China. Water, 17(19), 2846. https://doi.org/10.3390/w17192846",Tables 1-2 (surface water sediment weighted averages and ranges),PDF-LI-2025,"2025 Ge Li Occurrence, Distribution, and Ecological Risk Assessment of Antibiotics in Aqueous, Sediment, and Solid Waste of a Typical Island Province in China.pdf"
sediment,Hainan,Typical island province in China (surface water sediment),Methacycline,tetracyclines,3.24,23.58,ng/g (dw),2013Ð2023,NA,"Li, G., Dong, M., Liu, H., Lu, L., Hou, P., & Pan, X. (2025). Occurrence, Distribution, and Ecological Risk Assessment of Antibiotics in Aqueous, Sediment, and Solid Waste of a Typical Island Province in China. Water, 17(19), 2846. https://doi.org/10.3390/w17192846",Tables 1-2 (surface water sediment weighted averages and ranges),PDF-LI-2025,"2025 Ge Li Occurrence, Distribution, and Ecological Risk Assessment of Antibiotics in Aqueous, Sediment, and Solid Waste of a Typical Island Province in China.pdf"
sediment,Hainan,Typical island province in China (surface water sediment),Monensin,other,0.07,0.96,ng/g (dw),2013Ð2023,NA,"Li, G., Dong, M., Liu, H., Lu, L., Hou, P., & Pan, X. (2025). Occurrence, Distribution, and Ecological Risk Assessment of Antibiotics in Aqueous, Sediment, and Solid Waste of a Typical Island Province in China. Water, 17(19), 2846. https://doi.org/10.3390/w17192846",Tables 1-2 (surface water sediment weighted averages and ranges),PDF-LI-2025,"2025 Ge Li Occurrence, Distribution, and Ecological Risk Assessment of Antibiotics in Aqueous, Sediment, and Solid Waste of a Typical Island Province in China.pdf"
sediment,Hainan,Typical island province in China (surface water sediment),Narasin,other,1.04,5.18,ng/g (dw),2013Ð2023,NA,"Li, G., Dong, M., Liu, H., Lu, L., Hou, P., & Pan, X. (2025). Occurrence, Distribution, and Ecological Risk Assessment of Antibiotics in Aqueous, Sediment, and Solid Waste of a Typical Island Province in China. Water, 17(19), 2846. https://doi.org/10.3390/w17192846",Tables 1-2 (surface water sediment weighted averages and ranges),PDF-LI-2025,"2025 Ge Li Occurrence, Distribution, and Ecological Risk Assessment of Antibiotics in Aqueous, Sediment, and Solid Waste of a Typical Island Province in China.pdf"
sediment,Hainan,Typical island province in China (surface water sediment),Norfloxacin,fluoroquinolones,163.59,1154.33,ng/g (dw),2013Ð2023,NA,"Li, G., Dong, M., Liu, H., Lu, L., Hou, P., & Pan, X. (2025). Occurrence, Distribution, and Ecological Risk Assessment of Antibiotics in Aqueous, Sediment, and Solid Waste of a Typical Island Province in China. Water, 17(19), 2846. https://doi.org/10.3390/w17192846",Tables 1-2 (surface water sediment weighted averages and ranges),PDF-LI-2025,"2025 Ge Li Occurrence, Distribution, and Ecological Risk Assessment of Antibiotics in Aqueous, Sediment, and Solid Waste of a Typical Island Province in China.pdf"
sediment,Hainan,Typical island province in China (surface water sediment),Ormetoprim,other,0.03,0.21,ng/g (dw),2013Ð2023,NA,"Li, G., Dong, M., Liu, H., Lu, L., Hou, P., & Pan, X. (2025). Occurrence, Distribution, and Ecological Risk Assessment of Antibiotics in Aqueous, Sediment, and Solid Waste of a Typical Island Province in China. Water, 17(19), 2846. https://doi.org/10.3390/w17192846",Tables 1-2 (surface water sediment weighted averages and ranges),PDF-LI-2025,"2025 Ge Li Occurrence, Distribution, and Ecological Risk Assessment of Antibiotics in Aqueous, Sediment, and Solid Waste of a Typical Island Province in China.pdf"
sediment,Hainan,Typical island province in China (surface water sediment),Oxytetracycline,tetracyclines,354.5,1840.3,ng/g (dw),2013Ð2023,NA,"Li, G., Dong, M., Liu, H., Lu, L., Hou, P., & Pan, X. (2025). Occurrence, Distribution, and Ecological Risk Assessment of Antibiotics in Aqueous, Sediment, and Solid Waste of a Typical Island Province in China. Water, 17(19), 2846. https://doi.org/10.3390/w17192846",Tables 1-2 (surface water sediment weighted averages and ranges),PDF-LI-2025,"2025 Ge Li Occurrence, Distribution, and Ecological Risk Assessment of Antibiotics in Aqueous, Sediment, and Solid Waste of a Typical Island Province in China.pdf"
sediment,Hainan,Typical island province in China (surface water sediment),Pefloxacin,fluoroquinolones,22.33,131.23,ng/g (dw),2013Ð2023,NA,"Li, G., Dong, M., Liu, H., Lu, L., Hou, P., & Pan, X. (2025). Occurrence, Distribution, and Ecological Risk Assessment of Antibiotics in Aqueous, Sediment, and Solid Waste of a Typical Island Province in China. Water, 17(19), 2846. https://doi.org/10.3390/w17192846",Tables 1-2 (surface water sediment weighted averages and ranges),PDF-LI-2025,"2025 Ge Li Occurrence, Distribution, and Ecological Risk Assessment of Antibiotics in Aqueous, Sediment, and Solid Waste of a Typical Island Province in China.pdf"
sediment,Hainan,Typical island province in China (surface water sediment),Roxithromycin,macrolides,3.52,11.22,ng/g (dw),2013Ð2023,NA,"Li, G., Dong, M., Liu, H., Lu, L., Hou, P., & Pan, X. (2025). Occurrence, Distribution, and Ecological Risk Assessment of Antibiotics in Aqueous, Sediment, and Solid Waste of a Typical Island Province in China. Water, 17(19), 2846. https://doi.org/10.3390/w17192846",Tables 1-2 (surface water sediment weighted averages and ranges),PDF-LI-2025,"2025 Ge Li Occurrence, Distribution, and Ecological Risk Assessment of Antibiotics in Aqueous, Sediment, and Solid Waste of a Typical Island Province in China.pdf"
sediment,Hainan,Typical island province in China (surface water sediment),Sarafloxacin,fluoroquinolones,0.18,0.74,ng/g (dw),2013Ð2023,NA,"Li, G., Dong, M., Liu, H., Lu, L., Hou, P., & Pan, X. (2025). Occurrence, Distribution, and Ecological Risk Assessment of Antibiotics in Aqueous, Sediment, and Solid Waste of a Typical Island Province in China. Water, 17(19), 2846. https://doi.org/10.3390/w17192846",Tables 1-2 (surface water sediment weighted averages and ranges),PDF-LI-2025,"2025 Ge Li Occurrence, Distribution, and Ecological Risk Assessment of Antibiotics in Aqueous, Sediment, and Solid Waste of a Typical Island Province in China.pdf"
sediment,Hainan,Typical island province in China (surface water sediment),Sulfacetamide,sulfonamides,0.12,0.64,ng/g (dw),2013Ð2023,NA,"Li, G., Dong, M., Liu, H., Lu, L., Hou, P., & Pan, X. (2025). Occurrence, Distribution, and Ecological Risk Assessment of Antibiotics in Aqueous, Sediment, and Solid Waste of a Typical Island Province in China. Water, 17(19), 2846. https://doi.org/10.3390/w17192846",Tables 1-2 (surface water sediment weighted averages and ranges),PDF-LI-2025,"2025 Ge Li Occurrence, Distribution, and Ecological Risk Assessment of Antibiotics in Aqueous, Sediment, and Solid Waste of a Typical Island Province in China.pdf"
sediment,Hainan,Typical island province in China (surface water sediment),Sulfachlorpyridazine,sulfonamides,0.01,0.11,ng/g (dw),2013Ð2023,NA,"Li, G., Dong, M., Liu, H., Lu, L., Hou, P., & Pan, X. (2025). Occurrence, Distribution, and Ecological Risk Assessment of Antibiotics in Aqueous, Sediment, and Solid Waste of a Typical Island Province in China. Water, 17(19), 2846. https://doi.org/10.3390/w17192846",Tables 1-2 (surface water sediment weighted averages and ranges),PDF-LI-2025,"2025 Ge Li Occurrence, Distribution, and Ecological Risk Assessment of Antibiotics in Aqueous, Sediment, and Solid Waste of a Typical Island Province in China.pdf"
sediment,Hainan,Typical island province in China (surface water sediment),Sulfadiazine,sulfonamides,0.03,0.23,ng/g (dw),2013Ð2023,NA,"Li, G., Dong, M., Liu, H., Lu, L., Hou, P., & Pan, X. (2025). Occurrence, Distribution, and Ecological Risk Assessment of Antibiotics in Aqueous, Sediment, and Solid Waste of a Typical Island Province in China. Water, 17(19), 2846. https://doi.org/10.3390/w17192846",Tables 1-2 (surface water sediment weighted averages and ranges),PDF-LI-2025,"2025 Ge Li Occurrence, Distribution, and Ecological Risk Assessment of Antibiotics in Aqueous, Sediment, and Solid Waste of a Typical Island Province in China.pdf"
sediment,Hainan,Typical island province in China (surface water sediment),Sulfadimethoxine,sulfonamides,0.05,0.47,ng/g (dw),2013Ð2023,NA,"Li, G., Dong, M., Liu, H., Lu, L., Hou, P., & Pan, X. (2025). Occurrence, Distribution, and Ecological Risk Assessment of Antibiotics in Aqueous, Sediment, and Solid Waste of a Typical Island Province in China. Water, 17(19), 2846. https://doi.org/10.3390/w17192846",Tables 1-2 (surface water sediment weighted averages and ranges),PDF-LI-2025,"2025 Ge Li Occurrence, Distribution, and Ecological Risk Assessment of Antibiotics in Aqueous, Sediment, and Solid Waste of a Typical Island Province in China.pdf"
sediment,Hainan,Typical island province in China (surface water sediment),Sulfamerazine,sulfonamides,0.13,0.68,ng/g (dw),2013Ð2023,NA,"Li, G., Dong, M., Liu, H., Lu, L., Hou, P., & Pan, X. (2025). Occurrence, Distribution, and Ecological Risk Assessment of Antibiotics in Aqueous, Sediment, and Solid Waste of a Typical Island Province in China. Water, 17(19), 2846. https://doi.org/10.3390/w17192846",Tables 1-2 (surface water sediment weighted averages and ranges),PDF-LI-2025,"2025 Ge Li Occurrence, Distribution, and Ecological Risk Assessment of Antibiotics in Aqueous, Sediment, and Solid Waste of a Typical Island Province in China.pdf"
sediment,Hainan,Typical island province in China (surface water sediment),Sulfameter,sulfonamides,0.2,1.09,ng/g (dw),2013Ð2023,NA,"Li, G., Dong, M., Liu, H., Lu, L., Hou, P., & Pan, X. (2025). Occurrence, Distribution, and Ecological Risk Assessment of Antibiotics in Aqueous, Sediment, and Solid Waste of a Typical Island Province in China. Water, 17(19), 2846. https://doi.org/10.3390/w17192846",Tables 1-2 (surface water sediment weighted averages and ranges),PDF-LI-2025,"2025 Ge Li Occurrence, Distribution, and Ecological Risk Assessment of Antibiotics in Aqueous, Sediment, and Solid Waste of a Typical Island Province in China.pdf"
sediment,Hainan,Typical island province in China (surface water sediment),Sulfamethazine,sulfonamides,0.14,0.64,ng/g (dw),2013Ð2023,NA,"Li, G., Dong, M., Liu, H., Lu, L., Hou, P., & Pan, X. (2025). Occurrence, Distribution, and Ecological Risk Assessment of Antibiotics in Aqueous, Sediment, and Solid Waste of a Typical Island Province in China. Water, 17(19), 2846. https://doi.org/10.3390/w17192846",Tables 1-2 (surface water sediment weighted averages and ranges),PDF-LI-2025,"2025 Ge Li Occurrence, Distribution, and Ecological Risk Assessment of Antibiotics in Aqueous, Sediment, and Solid Waste of a Typical Island Province in China.pdf"
sediment,Hainan,Typical island province in China (surface water sediment),Sulfamethoxazole,sulfonamides,0.03,0.17,ng/g (dw),2013Ð2023,NA,"Li, G., Dong, M., Liu, H., Lu, L., Hou, P., & Pan, X. (2025). Occurrence, Distribution, and Ecological Risk Assessment of Antibiotics in Aqueous, Sediment, and Solid Waste of a Typical Island Province in China. Water, 17(19), 2846. https://doi.org/10.3390/w17192846",Tables 1-2 (surface water sediment weighted averages and ranges),PDF-LI-2025,"2025 Ge Li Occurrence, Distribution, and Ecological Risk Assessment of Antibiotics in Aqueous, Sediment, and Solid Waste of a Typical Island Province in China.pdf"
sediment,Hainan,Typical island province in China (surface water sediment),Sulfamonomethoxine,sulfonamides,0.11,0.36,ng/g (dw),2013Ð2023,NA,"Li, G., Dong, M., Liu, H., Lu, L., Hou, P., & Pan, X. (2025). Occurrence, Distribution, and Ecological Risk Assessment of Antibiotics in Aqueous, Sediment, and Solid Waste of a Typical Island Province in China. Water, 17(19), 2846. https://doi.org/10.3390/w17192846",Tables 1-2 (surface water sediment weighted averages and ranges),PDF-LI-2025,"2025 Ge Li Occurrence, Distribution, and Ecological Risk Assessment of Antibiotics in Aqueous, Sediment, and Solid Waste of a Typical Island Province in China.pdf"
sediment,Hainan,Typical island province in China (surface water sediment),Sulfapyridine,sulfonamides,0.03,0.28,ng/g (dw),2013Ð2023,NA,"Li, G., Dong, M., Liu, H., Lu, L., Hou, P., & Pan, X. (2025). Occurrence, Distribution, and Ecological Risk Assessment of Antibiotics in Aqueous, Sediment, and Solid Waste of a Typical Island Province in China. Water, 17(19), 2846. https://doi.org/10.3390/w17192846",Tables 1-2 (surface water sediment weighted averages and ranges),PDF-LI-2025,"2025 Ge Li Occurrence, Distribution, and Ecological Risk Assessment of Antibiotics in Aqueous, Sediment, and Solid Waste of a Typical Island Province in China.pdf"
sediment,Hainan,Typical island province in China (surface water sediment),Sulfaquinoxaline,sulfonamides,0.02,0.2,ng/g (dw),2013Ð2023,NA,"Li, G., Dong, M., Liu, H., Lu, L., Hou, P., & Pan, X. (2025). Occurrence, Distribution, and Ecological Risk Assessment of Antibiotics in Aqueous, Sediment, and Solid Waste of a Typical Island Province in China. Water, 17(19), 2846. https://doi.org/10.3390/w17192846",Tables 1-2 (surface water sediment weighted averages and ranges),PDF-LI-2025,"2025 Ge Li Occurrence, Distribution, and Ecological Risk Assessment of Antibiotics in Aqueous, Sediment, and Solid Waste of a Typical Island Province in China.pdf"
sediment,Hainan,Typical island province in China (surface water sediment),Sulfathiazole,sulfonamides,0.02,0.24,ng/g (dw),2013Ð2023,NA,"Li, G., Dong, M., Liu, H., Lu, L., Hou, P., & Pan, X. (2025). Occurrence, Distribution, and Ecological Risk Assessment of Antibiotics in Aqueous, Sediment, and Solid Waste of a Typical Island Province in China. Water, 17(19), 2846. https://doi.org/10.3390/w17192846",Tables 1-2 (surface water sediment weighted averages and ranges),PDF-LI-2025,"2025 Ge Li Occurrence, Distribution, and Ecological Risk Assessment of Antibiotics in Aqueous, Sediment, and Solid Waste of a Typical Island Province in China.pdf"
sediment,Hainan,Typical island province in China (surface water sediment),Sulfisoxazole,sulfonamides,0.02,0.19,ng/g (dw),2013Ð2023,NA,"Li, G., Dong, M., Liu, H., Lu, L., Hou, P., & Pan, X. (2025). Occurrence, Distribution, and Ecological Risk Assessment of Antibiotics in Aqueous, Sediment, and Solid Waste of a Typical Island Province in China. Water, 17(19), 2846. https://doi.org/10.3390/w17192846",Tables 1-2 (surface water sediment weighted averages and ranges),PDF-LI-2025,"2025 Ge Li Occurrence, Distribution, and Ecological Risk Assessment of Antibiotics in Aqueous, Sediment, and Solid Waste of a Typical Island Province in China.pdf"
sediment,Hainan,Typical island province in China (surface water sediment),Tetracycline,tetracyclines,81.09,477.89,ng/g (dw),2013Ð2023,NA,"Li, G., Dong, M., Liu, H., Lu, L., Hou, P., & Pan, X. (2025). Occurrence, Distribution, and Ecological Risk Assessment of Antibiotics in Aqueous, Sediment, and Solid Waste of a Typical Island Province in China. Water, 17(19), 2846. https://doi.org/10.3390/w17192846",Tables 1-2 (surface water sediment weighted averages and ranges),PDF-LI-2025,"2025 Ge Li Occurrence, Distribution, and Ecological Risk Assessment of Antibiotics in Aqueous, Sediment, and Solid Waste of a Typical Island Province in China.pdf"
sediment,Hainan,Typical island province in China (surface water sediment),Trimethoprim,sulfonamides,0.16,0.38,ng/g (dw),2013Ð2023,NA,"Li, G., Dong, M., Liu, H., Lu, L., Hou, P., & Pan, X. (2025). Occurrence, Distribution, and Ecological Risk Assessment of Antibiotics in Aqueous, Sediment, and Solid Waste of a Typical Island Province in China. Water, 17(19), 2846. https://doi.org/10.3390/w17192846",Tables 1-2 (surface water sediment weighted averages and ranges),PDF-LI-2025,"2025 Ge Li Occurrence, Distribution, and Ecological Risk Assessment of Antibiotics in Aqueous, Sediment, and Solid Waste of a Typical Island Province in China.pdf"
sediment,Hainan,Hainan,Sulfamethoxazole,sulfonamides,NA,24.6,ng/g (dw),2024,NA,"Li, G., Dong, M., Liu, H., Lu, L., Hou, P., & Pan, X. (2025). Occurrence, Distribution, and Ecological Risk Assessment of Antibiotics in Aqueous, Sediment, and Solid Waste of a Typical Island Province in China. Water, 17(19), 2846. https://doi.org/10.3390/w17192846",Additional curated article workbook (Sheet1),N39,Additional_data_on_antibiotics_in_water_and_sediment_in_china__01_Sheet1.csv
sediment,Hainan,Nandu River,Sulfamethoxazole,sulfonamides,NA,24.6,ng/g (dw),2024,NA,Antibiotics pollution in a typical reclaimed water receiving river in Hainan,Additional curated article workbook (Sheet1),N41,Additional_data_on_antibiotics_in_water_and_sediment_in_china__01_Sheet1.csv
sediment,Hainan,Hainan,Trimethoprim,sulfonamides,NA,18.9,ng/g (dw),2024,NA,"Li, G., Dong, M., Liu, H., Lu, L., Hou, P., & Pan, X. (2025). Occurrence, Distribution, and Ecological Risk Assessment of Antibiotics in Aqueous, Sediment, and Solid Waste of a Typical Island Province in China. Water, 17(19), 2846. https://doi.org/10.3390/w17192846",Additional curated article workbook (Sheet1),N39,Additional_data_on_antibiotics_in_water_and_sediment_in_china__01_Sheet1.csv
sediment,Hainan,Nandu River,Trimethoprim,sulfonamides,NA,18.9,ng/g (dw),2024,NA,Antibiotics pollution in a typical reclaimed water receiving river in Hainan,Additional curated article workbook (Sheet1),N41,Additional_data_on_antibiotics_in_water_and_sediment_in_china__01_Sheet1.csv
sediment,Hebei,Hebei,Total antibiotics,other,NA,245,ng/g (dw),2005Ð2016,NA,A duodecennial national synthesis of antibiotics in China's major rivers and seas (2005Ð2016),Additional curated article workbook (Sheet1),N2,Additional_data_on_antibiotics_in_water_and_sediment_in_china__01_Sheet1.csv
sediment,Henan,reservoir-based drinking water sources,Roxithromycin,macrolides,NA,9.8,ng/g (dw),2024,NA,Occurrence and Distribution of Antibiotics and Antibiotic Resistance Genes in the Water and Sediments of Reservoir-Based Drinking Water Sources in Henan,Additional curated article workbook (Sheet1),N38,Additional_data_on_antibiotics_in_water_and_sediment_in_china__01_Sheet1.csv
sediment,Henan,reservoir-based drinking water sources,Sulfamethoxazole,sulfonamides,NA,18.3,ng/g (dw),2024,NA,Occurrence and Distribution of Antibiotics and Antibiotic Resistance Genes in the Water and Sediments of Reservoir-Based Drinking Water Sources in Henan,Additional curated article workbook (Sheet1),N38,Additional_data_on_antibiotics_in_water_and_sediment_in_china__01_Sheet1.csv
sediment,Henan,reservoir-based drinking water sources,Trimethoprim,sulfonamides,NA,12.7,ng/g (dw),2024,NA,Occurrence and Distribution of Antibiotics and Antibiotic Resistance Genes in the Water and Sediments of Reservoir-Based Drinking Water Sources in Henan,Additional curated article workbook (Sheet1),N38,Additional_data_on_antibiotics_in_water_and_sediment_in_china__01_Sheet1.csv
sediment,Henan,Jian'gang Reservoir outlet,Azithromycin,macrolides,14.23,NA,ng/g,2025,NA,"Yuan, W., Shang, Y., Bai, M., Sun, M., Su, Z., Yang, X., Riaz, L., Guo, Y., & Lu, J. (2025). Occurrence and Distribution of Antibiotics and Antibiotic Resistance Genes in the Water and Sediments of Reservoir-Based Drinking Water Sources in Henan, China. Microorganisms, 13(12), 2828. https://doi.org/10.3390/microorganisms13122828",Supporting Information Table S6 (site-level sediment concentrations),PDF-WEI-2025,"2025 Wei Yuan Occurrence and Distribution of Antibiotics and Antibiotic Resistance Genes in the Water and Sediments of Reservoir-Based Drinking Water Sources in Henan, China supplementary.pdf"
sediment,Henan,Heigangkou Reservoir inlet,Azithromycin,macrolides,2.09,NA,ng/g,2025,NA,"Yuan, W., Shang, Y., Bai, M., Sun, M., Su, Z., Yang, X., Riaz, L., Guo, Y., & Lu, J. (2025). Occurrence and Distribution of Antibiotics and Antibiotic Resistance Genes in the Water and Sediments of Reservoir-Based Drinking Water Sources in Henan, China. Microorganisms, 13(12), 2828. https://doi.org/10.3390/microorganisms13122828",Supporting Information Table S6 (site-level sediment concentrations),PDF-WEI-2025,"2025 Wei Yuan Occurrence and Distribution of Antibiotics and Antibiotic Resistance Genes in the Water and Sediments of Reservoir-Based Drinking Water Sources in Henan, China supplementary.pdf"
sediment,Henan,Heigangkou Reservoir outlet,Azithromycin,macrolides,3.58,NA,ng/g,2025,NA,"Yuan, W., Shang, Y., Bai, M., Sun, M., Su, Z., Yang, X., Riaz, L., Guo, Y., & Lu, J. (2025). Occurrence and Distribution of Antibiotics and Antibiotic Resistance Genes in the Water and Sediments of Reservoir-Based Drinking Water Sources in Henan, China. Microorganisms, 13(12), 2828. https://doi.org/10.3390/microorganisms13122828",Supporting Information Table S6 (site-level sediment concentrations),PDF-WEI-2025,"2025 Wei Yuan Occurrence and Distribution of Antibiotics and Antibiotic Resistance Genes in the Water and Sediments of Reservoir-Based Drinking Water Sources in Henan, China supplementary.pdf"
sediment,Henan,Linqi Reservoir inlet,Chlortetracycline,tetracyclines,1.33,NA,ng/g,2025,NA,"Yuan, W., Shang, Y., Bai, M., Sun, M., Su, Z., Yang, X., Riaz, L., Guo, Y., & Lu, J. (2025). Occurrence and Distribution of Antibiotics and Antibiotic Resistance Genes in the Water and Sediments of Reservoir-Based Drinking Water Sources in Henan, China. Microorganisms, 13(12), 2828. https://doi.org/10.3390/microorganisms13122828",Supporting Information Table S6 (site-level sediment concentrations),PDF-WEI-2025,"2025 Wei Yuan Occurrence and Distribution of Antibiotics and Antibiotic Resistance Genes in the Water and Sediments of Reservoir-Based Drinking Water Sources in Henan, China supplementary.pdf"
sediment,Henan,Linqi Reservoir outlet,Chlortetracycline,tetracyclines,5.47,NA,ng/g,2025,NA,"Yuan, W., Shang, Y., Bai, M., Sun, M., Su, Z., Yang, X., Riaz, L., Guo, Y., & Lu, J. (2025). Occurrence and Distribution of Antibiotics and Antibiotic Resistance Genes in the Water and Sediments of Reservoir-Based Drinking Water Sources in Henan, China. Microorganisms, 13(12), 2828. https://doi.org/10.3390/microorganisms13122828",Supporting Information Table S6 (site-level sediment concentrations),PDF-WEI-2025,"2025 Wei Yuan Occurrence and Distribution of Antibiotics and Antibiotic Resistance Genes in the Water and Sediments of Reservoir-Based Drinking Water Sources in Henan, China supplementary.pdf"
sediment,Henan,Jian'gang Reservoir inlet,Chlortetracycline,tetracyclines,1.23,NA,ng/g,2025,NA,"Yuan, W., Shang, Y., Bai, M., Sun, M., Su, Z., Yang, X., Riaz, L., Guo, Y., & Lu, J. (2025). Occurrence and Distribution of Antibiotics and Antibiotic Resistance Genes in the Water and Sediments of Reservoir-Based Drinking Water Sources in Henan, China. Microorganisms, 13(12), 2828. https://doi.org/10.3390/microorganisms13122828",Supporting Information Table S6 (site-level sediment concentrations),PDF-WEI-2025,"2025 Wei Yuan Occurrence and Distribution of Antibiotics and Antibiotic Resistance Genes in the Water and Sediments of Reservoir-Based Drinking Water Sources in Henan, China supplementary.pdf"
sediment,Henan,Jian'gang Reservoir outlet,Chlortetracycline,tetracyclines,1.28,NA,ng/g,2025,NA,"Yuan, W., Shang, Y., Bai, M., Sun, M., Su, Z., Yang, X., Riaz, L., Guo, Y., & Lu, J. (2025). Occurrence and Distribution of Antibiotics and Antibiotic Resistance Genes in the Water and Sediments of Reservoir-Based Drinking Water Sources in Henan, China. Microorganisms, 13(12), 2828. https://doi.org/10.3390/microorganisms13122828",Supporting Information Table S6 (site-level sediment concentrations),PDF-WEI-2025,"2025 Wei Yuan Occurrence and Distribution of Antibiotics and Antibiotic Resistance Genes in the Water and Sediments of Reservoir-Based Drinking Water Sources in Henan, China supplementary.pdf"
sediment,Henan,Heigangkou Reservoir inlet,Chlortetracycline,tetracyclines,1.34,NA,ng/g,2025,NA,"Yuan, W., Shang, Y., Bai, M., Sun, M., Su, Z., Yang, X., Riaz, L., Guo, Y., & Lu, J. (2025). Occurrence and Distribution of Antibiotics and Antibiotic Resistance Genes in the Water and Sediments of Reservoir-Based Drinking Water Sources in Henan, China. Microorganisms, 13(12), 2828. https://doi.org/10.3390/microorganisms13122828",Supporting Information Table S6 (site-level sediment concentrations),PDF-WEI-2025,"2025 Wei Yuan Occurrence and Distribution of Antibiotics and Antibiotic Resistance Genes in the Water and Sediments of Reservoir-Based Drinking Water Sources in Henan, China supplementary.pdf"
sediment,Henan,Heigangkou Reservoir outlet,Chlortetracycline,tetracyclines,1.43,NA,ng/g,2025,NA,"Yuan, W., Shang, Y., Bai, M., Sun, M., Su, Z., Yang, X., Riaz, L., Guo, Y., & Lu, J. (2025). Occurrence and Distribution of Antibiotics and Antibiotic Resistance Genes in the Water and Sediments of Reservoir-Based Drinking Water Sources in Henan, China. Microorganisms, 13(12), 2828. https://doi.org/10.3390/microorganisms13122828",Supporting Information Table S6 (site-level sediment concentrations),PDF-WEI-2025,"2025 Wei Yuan Occurrence and Distribution of Antibiotics and Antibiotic Resistance Genes in the Water and Sediments of Reservoir-Based Drinking Water Sources in Henan, China supplementary.pdf"
sediment,Henan,Linqi Reservoir inlet,Enrofloxacin,fluoroquinolones,2.48,NA,ng/g,2025,NA,"Yuan, W., Shang, Y., Bai, M., Sun, M., Su, Z., Yang, X., Riaz, L., Guo, Y., & Lu, J. (2025). Occurrence and Distribution of Antibiotics and Antibiotic Resistance Genes in the Water and Sediments of Reservoir-Based Drinking Water Sources in Henan, China. Microorganisms, 13(12), 2828. https://doi.org/10.3390/microorganisms13122828",Supporting Information Table S6 (site-level sediment concentrations),PDF-WEI-2025,"2025 Wei Yuan Occurrence and Distribution of Antibiotics and Antibiotic Resistance Genes in the Water and Sediments of Reservoir-Based Drinking Water Sources in Henan, China supplementary.pdf"
sediment,Henan,Linqi Reservoir outlet,Enrofloxacin,fluoroquinolones,2.76,NA,ng/g,2025,NA,"Yuan, W., Shang, Y., Bai, M., Sun, M., Su, Z., Yang, X., Riaz, L., Guo, Y., & Lu, J. (2025). Occurrence and Distribution of Antibiotics and Antibiotic Resistance Genes in the Water and Sediments of Reservoir-Based Drinking Water Sources in Henan, China. Microorganisms, 13(12), 2828. https://doi.org/10.3390/microorganisms13122828",Supporting Information Table S6 (site-level sediment concentrations),PDF-WEI-2025,"2025 Wei Yuan Occurrence and Distribution of Antibiotics and Antibiotic Resistance Genes in the Water and Sediments of Reservoir-Based Drinking Water Sources in Henan, China supplementary.pdf"
sediment,Henan,Jian'gang Reservoir inlet,Enrofloxacin,fluoroquinolones,2.66,NA,ng/g,2025,NA,"Yuan, W., Shang, Y., Bai, M., Sun, M., Su, Z., Yang, X., Riaz, L., Guo, Y., & Lu, J. (2025). Occurrence and Distribution of Antibiotics and Antibiotic Resistance Genes in the Water and Sediments of Reservoir-Based Drinking Water Sources in Henan, China. Microorganisms, 13(12), 2828. https://doi.org/10.3390/microorganisms13122828",Supporting Information Table S6 (site-level sediment concentrations),PDF-WEI-2025,"2025 Wei Yuan Occurrence and Distribution of Antibiotics and Antibiotic Resistance Genes in the Water and Sediments of Reservoir-Based Drinking Water Sources in Henan, China supplementary.pdf"
sediment,Henan,Jian'gang Reservoir outlet,Enrofloxacin,fluoroquinolones,3.8,NA,ng/g,2025,NA,"Yuan, W., Shang, Y., Bai, M., Sun, M., Su, Z., Yang, X., Riaz, L., Guo, Y., & Lu, J. (2025). Occurrence and Distribution of Antibiotics and Antibiotic Resistance Genes in the Water and Sediments of Reservoir-Based Drinking Water Sources in Henan, China. Microorganisms, 13(12), 2828. https://doi.org/10.3390/microorganisms13122828",Supporting Information Table S6 (site-level sediment concentrations),PDF-WEI-2025,"2025 Wei Yuan Occurrence and Distribution of Antibiotics and Antibiotic Resistance Genes in the Water and Sediments of Reservoir-Based Drinking Water Sources in Henan, China supplementary.pdf"
sediment,Henan,Heigangkou Reservoir inlet,Enrofloxacin,fluoroquinolones,4.71,NA,ng/g,2025,NA,"Yuan, W., Shang, Y., Bai, M., Sun, M., Su, Z., Yang, X., Riaz, L., Guo, Y., & Lu, J. (2025). Occurrence and Distribution of Antibiotics and Antibiotic Resistance Genes in the Water and Sediments of Reservoir-Based Drinking Water Sources in Henan, China. Microorganisms, 13(12), 2828. https://doi.org/10.3390/microorganisms13122828",Supporting Information Table S6 (site-level sediment concentrations),PDF-WEI-2025,"2025 Wei Yuan Occurrence and Distribution of Antibiotics and Antibiotic Resistance Genes in the Water and Sediments of Reservoir-Based Drinking Water Sources in Henan, China supplementary.pdf"
sediment,Henan,Heigangkou Reservoir outlet,Enrofloxacin,fluoroquinolones,3.16,NA,ng/g,2025,NA,"Yuan, W., Shang, Y., Bai, M., Sun, M., Su, Z., Yang, X., Riaz, L., Guo, Y., & Lu, J. (2025). Occurrence and Distribution of Antibiotics and Antibiotic Resistance Genes in the Water and Sediments of Reservoir-Based Drinking Water Sources in Henan, China. Microorganisms, 13(12), 2828. https://doi.org/10.3390/microorganisms13122828",Supporting Information Table S6 (site-level sediment concentrations),PDF-WEI-2025,"2025 Wei Yuan Occurrence and Distribution of Antibiotics and Antibiotic Resistance Genes in the Water and Sediments of Reservoir-Based Drinking Water Sources in Henan, China supplementary.pdf"
sediment,Henan,Linqi Reservoir inlet,Lomefloxacin,fluoroquinolones,9.3,NA,ng/g,2025,NA,"Yuan, W., Shang, Y., Bai, M., Sun, M., Su, Z., Yang, X., Riaz, L., Guo, Y., & Lu, J. (2025). Occurrence and Distribution of Antibiotics and Antibiotic Resistance Genes in the Water and Sediments of Reservoir-Based Drinking Water Sources in Henan, China. Microorganisms, 13(12), 2828. https://doi.org/10.3390/microorganisms13122828",Supporting Information Table S6 (site-level sediment concentrations),PDF-WEI-2025,"2025 Wei Yuan Occurrence and Distribution of Antibiotics and Antibiotic Resistance Genes in the Water and Sediments of Reservoir-Based Drinking Water Sources in Henan, China supplementary.pdf"
sediment,Henan,Linqi Reservoir outlet,Lomefloxacin,fluoroquinolones,8.81,NA,ng/g,2025,NA,"Yuan, W., Shang, Y., Bai, M., Sun, M., Su, Z., Yang, X., Riaz, L., Guo, Y., & Lu, J. (2025). Occurrence and Distribution of Antibiotics and Antibiotic Resistance Genes in the Water and Sediments of Reservoir-Based Drinking Water Sources in Henan, China. Microorganisms, 13(12), 2828. https://doi.org/10.3390/microorganisms13122828",Supporting Information Table S6 (site-level sediment concentrations),PDF-WEI-2025,"2025 Wei Yuan Occurrence and Distribution of Antibiotics and Antibiotic Resistance Genes in the Water and Sediments of Reservoir-Based Drinking Water Sources in Henan, China supplementary.pdf"
sediment,Henan,Jian'gang Reservoir inlet,Lomefloxacin,fluoroquinolones,8.57,NA,ng/g,2025,NA,"Yuan, W., Shang, Y., Bai, M., Sun, M., Su, Z., Yang, X., Riaz, L., Guo, Y., & Lu, J. (2025). Occurrence and Distribution of Antibiotics and Antibiotic Resistance Genes in the Water and Sediments of Reservoir-Based Drinking Water Sources in Henan, China. Microorganisms, 13(12), 2828. https://doi.org/10.3390/microorganisms13122828",Supporting Information Table S6 (site-level sediment concentrations),PDF-WEI-2025,"2025 Wei Yuan Occurrence and Distribution of Antibiotics and Antibiotic Resistance Genes in the Water and Sediments of Reservoir-Based Drinking Water Sources in Henan, China supplementary.pdf"
sediment,Henan,Jian'gang Reservoir outlet,Lomefloxacin,fluoroquinolones,8.74,NA,ng/g,2025,NA,"Yuan, W., Shang, Y., Bai, M., Sun, M., Su, Z., Yang, X., Riaz, L., Guo, Y., & Lu, J. (2025). Occurrence and Distribution of Antibiotics and Antibiotic Resistance Genes in the Water and Sediments of Reservoir-Based Drinking Water Sources in Henan, China. Microorganisms, 13(12), 2828. https://doi.org/10.3390/microorganisms13122828",Supporting Information Table S6 (site-level sediment concentrations),PDF-WEI-2025,"2025 Wei Yuan Occurrence and Distribution of Antibiotics and Antibiotic Resistance Genes in the Water and Sediments of Reservoir-Based Drinking Water Sources in Henan, China supplementary.pdf"
sediment,Henan,Heigangkou Reservoir inlet,Lomefloxacin,fluoroquinolones,8.54,NA,ng/g,2025,NA,"Yuan, W., Shang, Y., Bai, M., Sun, M., Su, Z., Yang, X., Riaz, L., Guo, Y., & Lu, J. (2025). Occurrence and Distribution of Antibiotics and Antibiotic Resistance Genes in the Water and Sediments of Reservoir-Based Drinking Water Sources in Henan, China. Microorganisms, 13(12), 2828. https://doi.org/10.3390/microorganisms13122828",Supporting Information Table S6 (site-level sediment concentrations),PDF-WEI-2025,"2025 Wei Yuan Occurrence and Distribution of Antibiotics and Antibiotic Resistance Genes in the Water and Sediments of Reservoir-Based Drinking Water Sources in Henan, China supplementary.pdf"
sediment,Henan,Heigangkou Reservoir outlet,Lomefloxacin,fluoroquinolones,8.71,NA,ng/g,2025,NA,"Yuan, W., Shang, Y., Bai, M., Sun, M., Su, Z., Yang, X., Riaz, L., Guo, Y., & Lu, J. (2025). Occurrence and Distribution of Antibiotics and Antibiotic Resistance Genes in the Water and Sediments of Reservoir-Based Drinking Water Sources in Henan, China. Microorganisms, 13(12), 2828. https://doi.org/10.3390/microorganisms13122828",Supporting Information Table S6 (site-level sediment concentrations),PDF-WEI-2025,"2025 Wei Yuan Occurrence and Distribution of Antibiotics and Antibiotic Resistance Genes in the Water and Sediments of Reservoir-Based Drinking Water Sources in Henan, China supplementary.pdf"
sediment,Henan,Linqi Reservoir inlet,Norfloxacin,fluoroquinolones,12.35,NA,ng/g,2025,NA,"Yuan, W., Shang, Y., Bai, M., Sun, M., Su, Z., Yang, X., Riaz, L., Guo, Y., & Lu, J. (2025). Occurrence and Distribution of Antibiotics and Antibiotic Resistance Genes in the Water and Sediments of Reservoir-Based Drinking Water Sources in Henan, China. Microorganisms, 13(12), 2828. https://doi.org/10.3390/microorganisms13122828",Supporting Information Table S6 (site-level sediment concentrations),PDF-WEI-2025,"2025 Wei Yuan Occurrence and Distribution of Antibiotics and Antibiotic Resistance Genes in the Water and Sediments of Reservoir-Based Drinking Water Sources in Henan, China supplementary.pdf"
sediment,Henan,Linqi Reservoir outlet,Norfloxacin,fluoroquinolones,9.55,NA,ng/g,2025,NA,"Yuan, W., Shang, Y., Bai, M., Sun, M., Su, Z., Yang, X., Riaz, L., Guo, Y., & Lu, J. (2025). Occurrence and Distribution of Antibiotics and Antibiotic Resistance Genes in the Water and Sediments of Reservoir-Based Drinking Water Sources in Henan, China. Microorganisms, 13(12), 2828. https://doi.org/10.3390/microorganisms13122828",Supporting Information Table S6 (site-level sediment concentrations),PDF-WEI-2025,"2025 Wei Yuan Occurrence and Distribution of Antibiotics and Antibiotic Resistance Genes in the Water and Sediments of Reservoir-Based Drinking Water Sources in Henan, China supplementary.pdf"
sediment,Henan,Jian'gang Reservoir inlet,Norfloxacin,fluoroquinolones,10.39,NA,ng/g,2025,NA,"Yuan, W., Shang, Y., Bai, M., Sun, M., Su, Z., Yang, X., Riaz, L., Guo, Y., & Lu, J. (2025). Occurrence and Distribution of Antibiotics and Antibiotic Resistance Genes in the Water and Sediments of Reservoir-Based Drinking Water Sources in Henan, China. Microorganisms, 13(12), 2828. https://doi.org/10.3390/microorganisms13122828",Supporting Information Table S6 (site-level sediment concentrations),PDF-WEI-2025,"2025 Wei Yuan Occurrence and Distribution of Antibiotics and Antibiotic Resistance Genes in the Water and Sediments of Reservoir-Based Drinking Water Sources in Henan, China supplementary.pdf"
sediment,Henan,Jian'gang Reservoir outlet,Norfloxacin,fluoroquinolones,11.43,NA,ng/g,2025,NA,"Yuan, W., Shang, Y., Bai, M., Sun, M., Su, Z., Yang, X., Riaz, L., Guo, Y., & Lu, J. (2025). Occurrence and Distribution of Antibiotics and Antibiotic Resistance Genes in the Water and Sediments of Reservoir-Based Drinking Water Sources in Henan, China. Microorganisms, 13(12), 2828. https://doi.org/10.3390/microorganisms13122828",Supporting Information Table S6 (site-level sediment concentrations),PDF-WEI-2025,"2025 Wei Yuan Occurrence and Distribution of Antibiotics and Antibiotic Resistance Genes in the Water and Sediments of Reservoir-Based Drinking Water Sources in Henan, China supplementary.pdf"
sediment,Henan,Heigangkou Reservoir inlet,Norfloxacin,fluoroquinolones,12.22,NA,ng/g,2025,NA,"Yuan, W., Shang, Y., Bai, M., Sun, M., Su, Z., Yang, X., Riaz, L., Guo, Y., & Lu, J. (2025). Occurrence and Distribution of Antibiotics and Antibiotic Resistance Genes in the Water and Sediments of Reservoir-Based Drinking Water Sources in Henan, China. Microorganisms, 13(12), 2828. https://doi.org/10.3390/microorganisms13122828",Supporting Information Table S6 (site-level sediment concentrations),PDF-WEI-2025,"2025 Wei Yuan Occurrence and Distribution of Antibiotics and Antibiotic Resistance Genes in the Water and Sediments of Reservoir-Based Drinking Water Sources in Henan, China supplementary.pdf"
sediment,Henan,Heigangkou Reservoir outlet,Norfloxacin,fluoroquinolones,12.99,NA,ng/g,2025,NA,"Yuan, W., Shang, Y., Bai, M., Sun, M., Su, Z., Yang, X., Riaz, L., Guo, Y., & Lu, J. (2025). Occurrence and Distribution of Antibiotics and Antibiotic Resistance Genes in the Water and Sediments of Reservoir-Based Drinking Water Sources in Henan, China. Microorganisms, 13(12), 2828. https://doi.org/10.3390/microorganisms13122828",Supporting Information Table S6 (site-level sediment concentrations),PDF-WEI-2025,"2025 Wei Yuan Occurrence and Distribution of Antibiotics and Antibiotic Resistance Genes in the Water and Sediments of Reservoir-Based Drinking Water Sources in Henan, China supplementary.pdf"
sediment,Henan,Heigangkou Reservoir outlet,Oxytetracycline,tetracyclines,1.36,NA,ng/g,2025,NA,"Yuan, W., Shang, Y., Bai, M., Sun, M., Su, Z., Yang, X., Riaz, L., Guo, Y., & Lu, J. (2025). Occurrence and Distribution of Antibiotics and Antibiotic Resistance Genes in the Water and Sediments of Reservoir-Based Drinking Water Sources in Henan, China. Microorganisms, 13(12), 2828. https://doi.org/10.3390/microorganisms13122828",Supporting Information Table S6 (site-level sediment concentrations),PDF-WEI-2025,"2025 Wei Yuan Occurrence and Distribution of Antibiotics and Antibiotic Resistance Genes in the Water and Sediments of Reservoir-Based Drinking Water Sources in Henan, China supplementary.pdf"
sediment,Henan,Jian'gang Reservoir outlet,Roxithromycin,macrolides,0.85,NA,ng/g,2025,NA,"Yuan, W., Shang, Y., Bai, M., Sun, M., Su, Z., Yang, X., Riaz, L., Guo, Y., & Lu, J. (2025). Occurrence and Distribution of Antibiotics and Antibiotic Resistance Genes in the Water and Sediments of Reservoir-Based Drinking Water Sources in Henan, China. Microorganisms, 13(12), 2828. https://doi.org/10.3390/microorganisms13122828",Supporting Information Table S6 (site-level sediment concentrations),PDF-WEI-2025,"2025 Wei Yuan Occurrence and Distribution of Antibiotics and Antibiotic Resistance Genes in the Water and Sediments of Reservoir-Based Drinking Water Sources in Henan, China supplementary.pdf"
sediment,Henan,Heigangkou Reservoir inlet,Roxithromycin,macrolides,0.31,NA,ng/g,2025,NA,"Yuan, W., Shang, Y., Bai, M., Sun, M., Su, Z., Yang, X., Riaz, L., Guo, Y., & Lu, J. (2025). Occurrence and Distribution of Antibiotics and Antibiotic Resistance Genes in the Water and Sediments of Reservoir-Based Drinking Water Sources in Henan, China. Microorganisms, 13(12), 2828. https://doi.org/10.3390/microorganisms13122828",Supporting Information Table S6 (site-level sediment concentrations),PDF-WEI-2025,"2025 Wei Yuan Occurrence and Distribution of Antibiotics and Antibiotic Resistance Genes in the Water and Sediments of Reservoir-Based Drinking Water Sources in Henan, China supplementary.pdf"
sediment,Henan,Heigangkou Reservoir outlet,Roxithromycin,macrolides,0.48,NA,ng/g,2025,NA,"Yuan, W., Shang, Y., Bai, M., Sun, M., Su, Z., Yang, X., Riaz, L., Guo, Y., & Lu, J. (2025). Occurrence and Distribution of Antibiotics and Antibiotic Resistance Genes in the Water and Sediments of Reservoir-Based Drinking Water Sources in Henan, China. Microorganisms, 13(12), 2828. https://doi.org/10.3390/microorganisms13122828",Supporting Information Table S6 (site-level sediment concentrations),PDF-WEI-2025,"2025 Wei Yuan Occurrence and Distribution of Antibiotics and Antibiotic Resistance Genes in the Water and Sediments of Reservoir-Based Drinking Water Sources in Henan, China supplementary.pdf"
sediment,Henan,Linqi Reservoir outlet,Sulfadiazine,sulfonamides,0.13,NA,ng/g,2025,NA,"Yuan, W., Shang, Y., Bai, M., Sun, M., Su, Z., Yang, X., Riaz, L., Guo, Y., & Lu, J. (2025). Occurrence and Distribution of Antibiotics and Antibiotic Resistance Genes in the Water and Sediments of Reservoir-Based Drinking Water Sources in Henan, China. Microorganisms, 13(12), 2828. https://doi.org/10.3390/microorganisms13122828",Supporting Information Table S6 (site-level sediment concentrations),PDF-WEI-2025,"2025 Wei Yuan Occurrence and Distribution of Antibiotics and Antibiotic Resistance Genes in the Water and Sediments of Reservoir-Based Drinking Water Sources in Henan, China supplementary.pdf"
sediment,Henan,Heigangkou Reservoir inlet,Sulfadiazine,sulfonamides,0.13,NA,ng/g,2025,NA,"Yuan, W., Shang, Y., Bai, M., Sun, M., Su, Z., Yang, X., Riaz, L., Guo, Y., & Lu, J. (2025). Occurrence and Distribution of Antibiotics and Antibiotic Resistance Genes in the Water and Sediments of Reservoir-Based Drinking Water Sources in Henan, China. Microorganisms, 13(12), 2828. https://doi.org/10.3390/microorganisms13122828",Supporting Information Table S6 (site-level sediment concentrations),PDF-WEI-2025,"2025 Wei Yuan Occurrence and Distribution of Antibiotics and Antibiotic Resistance Genes in the Water and Sediments of Reservoir-Based Drinking Water Sources in Henan, China supplementary.pdf"
sediment,Henan,Heigangkou Reservoir outlet,Sulfadiazine,sulfonamides,0.11,NA,ng/g,2025,NA,"Yuan, W., Shang, Y., Bai, M., Sun, M., Su, Z., Yang, X., Riaz, L., Guo, Y., & Lu, J. (2025). Occurrence and Distribution of Antibiotics and Antibiotic Resistance Genes in the Water and Sediments of Reservoir-Based Drinking Water Sources in Henan, China. Microorganisms, 13(12), 2828. https://doi.org/10.3390/microorganisms13122828",Supporting Information Table S6 (site-level sediment concentrations),PDF-WEI-2025,"2025 Wei Yuan Occurrence and Distribution of Antibiotics and Antibiotic Resistance Genes in the Water and Sediments of Reservoir-Based Drinking Water Sources in Henan, China supplementary.pdf"
sediment,Henan,Linqi Reservoir inlet,Sulfamethoxazole,sulfonamides,0.88,NA,ng/g,2025,NA,"Yuan, W., Shang, Y., Bai, M., Sun, M., Su, Z., Yang, X., Riaz, L., Guo, Y., & Lu, J. (2025). Occurrence and Distribution of Antibiotics and Antibiotic Resistance Genes in the Water and Sediments of Reservoir-Based Drinking Water Sources in Henan, China. Microorganisms, 13(12), 2828. https://doi.org/10.3390/microorganisms13122828",Supporting Information Table S6 (site-level sediment concentrations),PDF-WEI-2025,"2025 Wei Yuan Occurrence and Distribution of Antibiotics and Antibiotic Resistance Genes in the Water and Sediments of Reservoir-Based Drinking Water Sources in Henan, China supplementary.pdf"
sediment,Henan,Linqi Reservoir outlet,Sulfamethoxazole,sulfonamides,1.23,NA,ng/g,2025,NA,"Yuan, W., Shang, Y., Bai, M., Sun, M., Su, Z., Yang, X., Riaz, L., Guo, Y., & Lu, J. (2025). Occurrence and Distribution of Antibiotics and Antibiotic Resistance Genes in the Water and Sediments of Reservoir-Based Drinking Water Sources in Henan, China. Microorganisms, 13(12), 2828. https://doi.org/10.3390/microorganisms13122828",Supporting Information Table S6 (site-level sediment concentrations),PDF-WEI-2025,"2025 Wei Yuan Occurrence and Distribution of Antibiotics and Antibiotic Resistance Genes in the Water and Sediments of Reservoir-Based Drinking Water Sources in Henan, China supplementary.pdf"
sediment,Henan,Jian'gang Reservoir inlet,Sulfamethoxazole,sulfonamides,0.82,NA,ng/g,2025,NA,"Yuan, W., Shang, Y., Bai, M., Sun, M., Su, Z., Yang, X., Riaz, L., Guo, Y., & Lu, J. (2025). Occurrence and Distribution of Antibiotics and Antibiotic Resistance Genes in the Water and Sediments of Reservoir-Based Drinking Water Sources in Henan, China. Microorganisms, 13(12), 2828. https://doi.org/10.3390/microorganisms13122828",Supporting Information Table S6 (site-level sediment concentrations),PDF-WEI-2025,"2025 Wei Yuan Occurrence and Distribution of Antibiotics and Antibiotic Resistance Genes in the Water and Sediments of Reservoir-Based Drinking Water Sources in Henan, China supplementary.pdf"
sediment,Henan,Jian'gang Reservoir outlet,Sulfamethoxazole,sulfonamides,0.98,NA,ng/g,2025,NA,"Yuan, W., Shang, Y., Bai, M., Sun, M., Su, Z., Yang, X., Riaz, L., Guo, Y., & Lu, J. (2025). Occurrence and Distribution of Antibiotics and Antibiotic Resistance Genes in the Water and Sediments of Reservoir-Based Drinking Water Sources in Henan, China. Microorganisms, 13(12), 2828. https://doi.org/10.3390/microorganisms13122828",Supporting Information Table S6 (site-level sediment concentrations),PDF-WEI-2025,"2025 Wei Yuan Occurrence and Distribution of Antibiotics and Antibiotic Resistance Genes in the Water and Sediments of Reservoir-Based Drinking Water Sources in Henan, China supplementary.pdf"
sediment,Henan,Heigangkou Reservoir inlet,Sulfamethoxazole,sulfonamides,0.86,NA,ng/g,2025,NA,"Yuan, W., Shang, Y., Bai, M., Sun, M., Su, Z., Yang, X., Riaz, L., Guo, Y., & Lu, J. (2025). Occurrence and Distribution of Antibiotics and Antibiotic Resistance Genes in the Water and Sediments of Reservoir-Based Drinking Water Sources in Henan, China. Microorganisms, 13(12), 2828. https://doi.org/10.3390/microorganisms13122828",Supporting Information Table S6 (site-level sediment concentrations),PDF-WEI-2025,"2025 Wei Yuan Occurrence and Distribution of Antibiotics and Antibiotic Resistance Genes in the Water and Sediments of Reservoir-Based Drinking Water Sources in Henan, China supplementary.pdf"
sediment,Henan,Heigangkou Reservoir outlet,Sulfamethoxazole,sulfonamides,0.87,NA,ng/g,2025,NA,"Yuan, W., Shang, Y., Bai, M., Sun, M., Su, Z., Yang, X., Riaz, L., Guo, Y., & Lu, J. (2025). Occurrence and Distribution of Antibiotics and Antibiotic Resistance Genes in the Water and Sediments of Reservoir-Based Drinking Water Sources in Henan, China. Microorganisms, 13(12), 2828. https://doi.org/10.3390/microorganisms13122828",Supporting Information Table S6 (site-level sediment concentrations),PDF-WEI-2025,"2025 Wei Yuan Occurrence and Distribution of Antibiotics and Antibiotic Resistance Genes in the Water and Sediments of Reservoir-Based Drinking Water Sources in Henan, China supplementary.pdf"
sediment,Henan,Linqi Reservoir inlet,Sulfapyridine,sulfonamides,0.27,NA,ng/g,2025,NA,"Yuan, W., Shang, Y., Bai, M., Sun, M., Su, Z., Yang, X., Riaz, L., Guo, Y., & Lu, J. (2025). Occurrence and Distribution of Antibiotics and Antibiotic Resistance Genes in the Water and Sediments of Reservoir-Based Drinking Water Sources in Henan, China. Microorganisms, 13(12), 2828. https://doi.org/10.3390/microorganisms13122828",Supporting Information Table S6 (site-level sediment concentrations),PDF-WEI-2025,"2025 Wei Yuan Occurrence and Distribution of Antibiotics and Antibiotic Resistance Genes in the Water and Sediments of Reservoir-Based Drinking Water Sources in Henan, China supplementary.pdf"
sediment,Henan,Linqi Reservoir outlet,Sulfapyridine,sulfonamides,0.28,NA,ng/g,2025,NA,"Yuan, W., Shang, Y., Bai, M., Sun, M., Su, Z., Yang, X., Riaz, L., Guo, Y., & Lu, J. (2025). Occurrence and Distribution of Antibiotics and Antibiotic Resistance Genes in the Water and Sediments of Reservoir-Based Drinking Water Sources in Henan, China. Microorganisms, 13(12), 2828. https://doi.org/10.3390/microorganisms13122828",Supporting Information Table S6 (site-level sediment concentrations),PDF-WEI-2025,"2025 Wei Yuan Occurrence and Distribution of Antibiotics and Antibiotic Resistance Genes in the Water and Sediments of Reservoir-Based Drinking Water Sources in Henan, China supplementary.pdf"
sediment,Henan,Jian'gang Reservoir inlet,Sulfapyridine,sulfonamides,0.56,NA,ng/g,2025,NA,"Yuan, W., Shang, Y., Bai, M., Sun, M., Su, Z., Yang, X., Riaz, L., Guo, Y., & Lu, J. (2025). Occurrence and Distribution of Antibiotics and Antibiotic Resistance Genes in the Water and Sediments of Reservoir-Based Drinking Water Sources in Henan, China. Microorganisms, 13(12), 2828. https://doi.org/10.3390/microorganisms13122828",Supporting Information Table S6 (site-level sediment concentrations),PDF-WEI-2025,"2025 Wei Yuan Occurrence and Distribution of Antibiotics and Antibiotic Resistance Genes in the Water and Sediments of Reservoir-Based Drinking Water Sources in Henan, China supplementary.pdf"
sediment,Henan,Heigangkou Reservoir inlet,Sulfapyridine,sulfonamides,0.27,NA,ng/g,2025,NA,"Yuan, W., Shang, Y., Bai, M., Sun, M., Su, Z., Yang, X., Riaz, L., Guo, Y., & Lu, J. (2025). Occurrence and Distribution of Antibiotics and Antibiotic Resistance Genes in the Water and Sediments of Reservoir-Based Drinking Water Sources in Henan, China. Microorganisms, 13(12), 2828. https://doi.org/10.3390/microorganisms13122828",Supporting Information Table S6 (site-level sediment concentrations),PDF-WEI-2025,"2025 Wei Yuan Occurrence and Distribution of Antibiotics and Antibiotic Resistance Genes in the Water and Sediments of Reservoir-Based Drinking Water Sources in Henan, China supplementary.pdf"
sediment,Henan,Heigangkou Reservoir outlet,Sulfapyridine,sulfonamides,0.28,NA,ng/g,2025,NA,"Yuan, W., Shang, Y., Bai, M., Sun, M., Su, Z., Yang, X., Riaz, L., Guo, Y., & Lu, J. (2025). Occurrence and Distribution of Antibiotics and Antibiotic Resistance Genes in the Water and Sediments of Reservoir-Based Drinking Water Sources in Henan, China. Microorganisms, 13(12), 2828. https://doi.org/10.3390/microorganisms13122828",Supporting Information Table S6 (site-level sediment concentrations),PDF-WEI-2025,"2025 Wei Yuan Occurrence and Distribution of Antibiotics and Antibiotic Resistance Genes in the Water and Sediments of Reservoir-Based Drinking Water Sources in Henan, China supplementary.pdf"
sediment,Henan,Linqi Reservoir inlet,Tetracycline,tetracyclines,1.41,NA,ng/g,2025,NA,"Yuan, W., Shang, Y., Bai, M., Sun, M., Su, Z., Yang, X., Riaz, L., Guo, Y., & Lu, J. (2025). Occurrence and Distribution of Antibiotics and Antibiotic Resistance Genes in the Water and Sediments of Reservoir-Based Drinking Water Sources in Henan, China. Microorganisms, 13(12), 2828. https://doi.org/10.3390/microorganisms13122828",Supporting Information Table S6 (site-level sediment concentrations),PDF-WEI-2025,"2025 Wei Yuan Occurrence and Distribution of Antibiotics and Antibiotic Resistance Genes in the Water and Sediments of Reservoir-Based Drinking Water Sources in Henan, China supplementary.pdf"
sediment,Henan,Linqi Reservoir outlet,Tetracycline,tetracyclines,1.41,NA,ng/g,2025,NA,"Yuan, W., Shang, Y., Bai, M., Sun, M., Su, Z., Yang, X., Riaz, L., Guo, Y., & Lu, J. (2025). Occurrence and Distribution of Antibiotics and Antibiotic Resistance Genes in the Water and Sediments of Reservoir-Based Drinking Water Sources in Henan, China. Microorganisms, 13(12), 2828. https://doi.org/10.3390/microorganisms13122828",Supporting Information Table S6 (site-level sediment concentrations),PDF-WEI-2025,"2025 Wei Yuan Occurrence and Distribution of Antibiotics and Antibiotic Resistance Genes in the Water and Sediments of Reservoir-Based Drinking Water Sources in Henan, China supplementary.pdf"
sediment,Henan,Jian'gang Reservoir inlet,Tetracycline,tetracyclines,1.41,NA,ng/g,2025,NA,"Yuan, W., Shang, Y., Bai, M., Sun, M., Su, Z., Yang, X., Riaz, L., Guo, Y., & Lu, J. (2025). Occurrence and Distribution of Antibiotics and Antibiotic Resistance Genes in the Water and Sediments of Reservoir-Based Drinking Water Sources in Henan, China. Microorganisms, 13(12), 2828. https://doi.org/10.3390/microorganisms13122828",Supporting Information Table S6 (site-level sediment concentrations),PDF-WEI-2025,"2025 Wei Yuan Occurrence and Distribution of Antibiotics and Antibiotic Resistance Genes in the Water and Sediments of Reservoir-Based Drinking Water Sources in Henan, China supplementary.pdf"
sediment,Henan,Jian'gang Reservoir outlet,Tetracycline,tetracyclines,1.41,NA,ng/g,2025,NA,"Yuan, W., Shang, Y., Bai, M., Sun, M., Su, Z., Yang, X., Riaz, L., Guo, Y., & Lu, J. (2025). Occurrence and Distribution of Antibiotics and Antibiotic Resistance Genes in the Water and Sediments of Reservoir-Based Drinking Water Sources in Henan, China. Microorganisms, 13(12), 2828. https://doi.org/10.3390/microorganisms13122828",Supporting Information Table S6 (site-level sediment concentrations),PDF-WEI-2025,"2025 Wei Yuan Occurrence and Distribution of Antibiotics and Antibiotic Resistance Genes in the Water and Sediments of Reservoir-Based Drinking Water Sources in Henan, China supplementary.pdf"
sediment,Henan,Heigangkou Reservoir inlet,Tetracycline,tetracyclines,1.41,NA,ng/g,2025,NA,"Yuan, W., Shang, Y., Bai, M., Sun, M., Su, Z., Yang, X., Riaz, L., Guo, Y., & Lu, J. (2025). Occurrence and Distribution of Antibiotics and Antibiotic Resistance Genes in the Water and Sediments of Reservoir-Based Drinking Water Sources in Henan, China. Microorganisms, 13(12), 2828. https://doi.org/10.3390/microorganisms13122828",Supporting Information Table S6 (site-level sediment concentrations),PDF-WEI-2025,"2025 Wei Yuan Occurrence and Distribution of Antibiotics and Antibiotic Resistance Genes in the Water and Sediments of Reservoir-Based Drinking Water Sources in Henan, China supplementary.pdf"
sediment,Henan,Heigangkou Reservoir outlet,Tetracycline,tetracyclines,1.42,NA,ng/g,2025,NA,"Yuan, W., Shang, Y., Bai, M., Sun, M., Su, Z., Yang, X., Riaz, L., Guo, Y., & Lu, J. (2025). Occurrence and Distribution of Antibiotics and Antibiotic Resistance Genes in the Water and Sediments of Reservoir-Based Drinking Water Sources in Henan, China. Microorganisms, 13(12), 2828. https://doi.org/10.3390/microorganisms13122828",Supporting Information Table S6 (site-level sediment concentrations),PDF-WEI-2025,"2025 Wei Yuan Occurrence and Distribution of Antibiotics and Antibiotic Resistance Genes in the Water and Sediments of Reservoir-Based Drinking Water Sources in Henan, China supplementary.pdf"
sediment,Jiangsu,Yangtze River Delta,Chlortetracycline,tetracyclines,NA,1487.2,ng/g (dw),2024,NA,Adsorption Characteristics and Spatial Distribution Prediction of Antibiotics in Sediments of the Yangtze River Delta,Additional curated article workbook (Sheet1),N40,Additional_data_on_antibiotics_in_water_and_sediment_in_china__01_Sheet1.csv
sediment,Jiangsu,Yangtze River Delta,Norfloxacin,fluoroquinolones,NA,986.4,ng/g (dw),2024,NA,Adsorption Characteristics and Spatial Distribution Prediction of Antibiotics in Sediments of the Yangtze River Delta,Additional curated article workbook (Sheet1),N40,Additional_data_on_antibiotics_in_water_and_sediment_in_china__01_Sheet1.csv
sediment,Jiangsu,Yangtze River Delta,Ofloxacin,fluoroquinolones,NA,842.7,ng/g (dw),2024,NA,Adsorption Characteristics and Spatial Distribution Prediction of Antibiotics in Sediments of the Yangtze River Delta,Additional curated article workbook (Sheet1),N40,Additional_data_on_antibiotics_in_water_and_sediment_in_china__01_Sheet1.csv
sediment,Jiangsu,Yangtze River Delta,Oxytetracycline,tetracyclines,NA,1623.9,ng/g (dw),2024,NA,Adsorption Characteristics and Spatial Distribution Prediction of Antibiotics in Sediments of the Yangtze River Delta,Additional curated article workbook (Sheet1),N40,Additional_data_on_antibiotics_in_water_and_sediment_in_china__01_Sheet1.csv
sediment,Jiangsu,Yangtze River Delta,Tetracycline,tetracyclines,NA,1842.6,ng/g (dw),2024,NA,Adsorption Characteristics and Spatial Distribution Prediction of Antibiotics in Sediments of the Yangtze River Delta,Additional curated article workbook (Sheet1),N40,Additional_data_on_antibiotics_in_water_and_sediment_in_china__01_Sheet1.csv
sediment,Liaoning,Liaoning,Sulfamerazine,sulfonamides,NA,7,ng/g (dw),2013,NA,Antibiotics in the Coastal Waters and Sediments of China: A Brief Review and Perspective,Additional curated article workbook (Sheet1),N42,Additional_data_on_antibiotics_in_water_and_sediment_in_china__01_Sheet1.csv
sediment,Liaoning,Liaoning,Tetracycline,tetracyclines,1.66,1.74,ng/g (dw),2013,NA,Antibiotics in the Coastal Waters and Sediments of China: A Brief Review and Perspective,Additional curated article workbook (Sheet1),N42,Additional_data_on_antibiotics_in_water_and_sediment_in_china__01_Sheet1.csv
sediment,Shandong,Shandong,Total antibiotics,other,NA,185,ng/g (dw),2005Ð2016,NA,A duodecennial national synthesis of antibiotics in China's major rivers and seas (2005Ð2016),Additional curated article workbook (Sheet1),N2,Additional_data_on_antibiotics_in_water_and_sediment_in_china__01_Sheet1.csv
surface water,Fujian,Fujian,Sulfadiazine,sulfonamides,NA,89.5,ng/L,2014,NA,Persistence and risk of antibiotic residues and antibiotic resistance genes in major mariculture sites in Southeast China,Additional curated article workbook (Sheet1),N1,Additional_data_on_antibiotics_in_water_and_sediment_in_china__01_Sheet1.csv
surface water,Fujian,Fujian,Sulfadiazine,sulfonamides,NA,291.2,ng/L,2014,NA,Persistence and risk of antibiotic residues and antibiotic resistance genes in major mariculture sites in Southeast China,Additional curated article workbook (Sheet1),N6,Additional_data_on_antibiotics_in_water_and_sediment_in_china__01_Sheet1.csv
surface water,Guangdong,Guangdong,Roxithromycin,macrolides,NA,121,ng/L,2013,NA,Antibiotics in the Coastal Waters and Sediments of China: A Brief Review and Perspective,Additional curated article workbook (Sheet1),N42,Additional_data_on_antibiotics_in_water_and_sediment_in_china__01_Sheet1.csv
surface water,Guangdong,Guangdong,Sulfadimidine,sulfonamides,NA,218,ng/L,2013,NA,Antibiotics in the Coastal Waters and Sediments of China: A Brief Review and Perspective,Additional curated article workbook (Sheet1),N42,Additional_data_on_antibiotics_in_water_and_sediment_in_china__01_Sheet1.csv
surface water,Guangdong,Guangdong,Oxytetracycline,tetracyclines,NA,158.6,ng/L,2014,NA,Persistence and risk of antibiotic residues and antibiotic resistance genes in major mariculture sites in Southeast China,Additional curated article workbook (Sheet1),N1,Additional_data_on_antibiotics_in_water_and_sediment_in_china__01_Sheet1.csv
surface water,Guangdong,Guangdong,Chloramphenicol,amphenicols,NA,123,ng/L,2018,NA,Antibiotics in the Coastal Waters and Sediments of China: A Brief Review and Perspective,Additional curated article workbook (Sheet1),N42,Additional_data_on_antibiotics_in_water_and_sediment_in_china__01_Sheet1.csv
surface water,Guangdong,Guangdong,Erythromycin-H_O (ETM-H_O),other,NA,263,ng/L,2018,NA,Antibiotics in the Coastal Waters and Sediments of China: A Brief Review and Perspective,Additional curated article workbook (Sheet1),N42,Additional_data_on_antibiotics_in_water_and_sediment_in_china__01_Sheet1.csv
surface water,Guangdong,Guangdong,Oxytetracycline,tetracyclines,10.4,NA,ng/L,2022,NA,"Profiles, drivers, and prioritization of antibiotics in ChinaÕs major rivers",Additional curated article workbook (Sheet1),N35,Additional_data_on_antibiotics_in_water_and_sediment_in_china__01_Sheet1.csv
surface water,Guangxi,Guangxi,Sulfamethoxazole,sulfonamides,0.09,7.43,ng/L,2018,NA,Antibiotics in the Coastal Waters and Sediments of China: A Brief Review and Perspective,Additional curated article workbook (Sheet1),N42,Additional_data_on_antibiotics_in_water_and_sediment_in_china__01_Sheet1.csv
surface water,Guangxi,Guangxi,Trimethoprim,sulfonamides,0.02,1.13,ng/L,2018,NA,Antibiotics in the Coastal Waters and Sediments of China: A Brief Review and Perspective,Additional curated article workbook (Sheet1),N42,Additional_data_on_antibiotics_in_water_and_sediment_in_china__01_Sheet1.csv
surface water,Hainan,Hainan,Chlortetracycline,tetracyclines,NA,48.6,ng/L,2014,NA,Persistence and risk of antibiotic residues and antibiotic resistance genes in major mariculture sites in Southeast China,Additional curated article workbook (Sheet1),N1,Additional_data_on_antibiotics_in_water_and_sediment_in_china__01_Sheet1.csv
surface water,Hainan,Hainan,Ciprofloxacin,fluoroquinolones,NA,287.4,ng/L,2024,NA,"Li, G., Dong, M., Liu, H., Lu, L., Hou, P., & Pan, X. (2025). Occurrence, Distribution, and Ecological Risk Assessment of Antibiotics in Aqueous, Sediment, and Solid Waste of a Typical Island Province in China. Water, 17(19), 2846. https://doi.org/10.3390/w17192846",Additional curated article workbook (Sheet1),N39,Additional_data_on_antibiotics_in_water_and_sediment_in_china__01_Sheet1.csv
surface water,Hainan,Hainan,Enrofloxacin,fluoroquinolones,NA,321.5,ng/L,2024,NA,"Li, G., Dong, M., Liu, H., Lu, L., Hou, P., & Pan, X. (2025). Occurrence, Distribution, and Ecological Risk Assessment of Antibiotics in Aqueous, Sediment, and Solid Waste of a Typical Island Province in China. Water, 17(19), 2846. https://doi.org/10.3390/w17192846",Additional curated article workbook (Sheet1),N39,Additional_data_on_antibiotics_in_water_and_sediment_in_china__01_Sheet1.csv
surface water,Hainan,Hainan,Roxithromycin,macrolides,NA,98.3,ng/L,2024,NA,"Li, G., Dong, M., Liu, H., Lu, L., Hou, P., & Pan, X. (2025). Occurrence, Distribution, and Ecological Risk Assessment of Antibiotics in Aqueous, Sediment, and Solid Waste of a Typical Island Province in China. Water, 17(19), 2846. https://doi.org/10.3390/w17192846",Additional curated article workbook (Sheet1),N39,Additional_data_on_antibiotics_in_water_and_sediment_in_china__01_Sheet1.csv
surface water,Hainan,Nandu River,Roxithromycin,macrolides,NA,98.3,ng/L,2024,NA,Antibiotics pollution in a typical reclaimed water receiving river in Hainan,Additional curated article workbook (Sheet1),N41,Additional_data_on_antibiotics_in_water_and_sediment_in_china__01_Sheet1.csv
surface water,Hainan,Hainan,Sulfamethoxazole,sulfonamides,NA,186.4,ng/L,2024,NA,"Li, G., Dong, M., Liu, H., Lu, L., Hou, P., & Pan, X. (2025). Occurrence, Distribution, and Ecological Risk Assessment of Antibiotics in Aqueous, Sediment, and Solid Waste of a Typical Island Province in China. Water, 17(19), 2846. https://doi.org/10.3390/w17192846",Additional curated article workbook (Sheet1),N39,Additional_data_on_antibiotics_in_water_and_sediment_in_china__01_Sheet1.csv
surface water,Hainan,Nandu River,Sulfamethoxazole,sulfonamides,NA,186.4,ng/L,2024,NA,Antibiotics pollution in a typical reclaimed water receiving river in Hainan,Additional curated article workbook (Sheet1),N41,Additional_data_on_antibiotics_in_water_and_sediment_in_china__01_Sheet1.csv
surface water,Hainan,Hainan,Trimethoprim,sulfonamides,NA,142.7,ng/L,2024,NA,"Li, G., Dong, M., Liu, H., Lu, L., Hou, P., & Pan, X. (2025). Occurrence, Distribution, and Ecological Risk Assessment of Antibiotics in Aqueous, Sediment, and Solid Waste of a Typical Island Province in China. Water, 17(19), 2846. https://doi.org/10.3390/w17192846",Additional curated article workbook (Sheet1),N39,Additional_data_on_antibiotics_in_water_and_sediment_in_china__01_Sheet1.csv
surface water,Hainan,Nandu River,Trimethoprim,sulfonamides,NA,142.7,ng/L,2024,NA,Antibiotics pollution in a typical reclaimed water receiving river in Hainan,Additional curated article workbook (Sheet1),N41,Additional_data_on_antibiotics_in_water_and_sediment_in_china__01_Sheet1.csv
surface water,Hebei,Hebei,Norfloxacin,fluoroquinolones,NA,1080,ng/L,2005Ð2016,NA,A duodecennial national synthesis of antibiotics in China's major rivers and seas (2005Ð2016),Additional curated article workbook (Sheet1),N2,Additional_data_on_antibiotics_in_water_and_sediment_in_china__01_Sheet1.csv
surface water,Henan,Henan,Sulfadiazine,sulfonamides,12.1,NA,ng/L,2022,NA,"Profiles, drivers, and prioritization of antibiotics in ChinaÕs major rivers",Additional curated article workbook (Sheet1),N35,Additional_data_on_antibiotics_in_water_and_sediment_in_china__01_Sheet1.csv
surface water,Henan,reservoir-based drinking water sources,Erythromycin,macrolides,NA,72.5,ng/L,2024,NA,Occurrence and Distribution of Antibiotics and Antibiotic Resistance Genes in the Water and Sediments of Reservoir-Based Drinking Water Sources in Henan,Additional curated article workbook (Sheet1),N38,Additional_data_on_antibiotics_in_water_and_sediment_in_china__01_Sheet1.csv
surface water,Henan,reservoir-based drinking water sources,Roxithromycin,macrolides,NA,84.2,ng/L,2024,NA,Occurrence and Distribution of Antibiotics and Antibiotic Resistance Genes in the Water and Sediments of Reservoir-Based Drinking Water Sources in Henan,Additional curated article workbook (Sheet1),N38,Additional_data_on_antibiotics_in_water_and_sediment_in_china__01_Sheet1.csv
surface water,Henan,reservoir-based drinking water sources,Sulfamethoxazole,sulfonamides,NA,128.7,ng/L,2024,NA,Occurrence and Distribution of Antibiotics and Antibiotic Resistance Genes in the Water and Sediments of Reservoir-Based Drinking Water Sources in Henan,Additional curated article workbook (Sheet1),N38,Additional_data_on_antibiotics_in_water_and_sediment_in_china__01_Sheet1.csv
surface water,Henan,reservoir-based drinking water sources,Trimethoprim,sulfonamides,NA,96.4,ng/L,2024,NA,Occurrence and Distribution of Antibiotics and Antibiotic Resistance Genes in the Water and Sediments of Reservoir-Based Drinking Water Sources in Henan,Additional curated article workbook (Sheet1),N38,Additional_data_on_antibiotics_in_water_and_sediment_in_china__01_Sheet1.csv
surface water,Jiangsu,Jiangsu,Ciprofloxacin,fluoroquinolones,NA,940,ng/L,2005Ð2016,NA,A duodecennial national synthesis of antibiotics in China's major rivers and seas (2005Ð2016),Additional curated article workbook (Sheet1),N2,Additional_data_on_antibiotics_in_water_and_sediment_in_china__01_Sheet1.csv
surface water,Jiangsu,Jiangsu,Ciprofloxacin,fluoroquinolones,65.9,NA,ng/L,2022,NA,"Profiles, drivers, and prioritization of antibiotics in ChinaÕs major rivers",Additional curated article workbook (Sheet1),N35,Additional_data_on_antibiotics_in_water_and_sediment_in_china__01_Sheet1.csv
surface water,Liaoning,Liaoning,Norfloxacin,fluoroquinolones,65.9,NA,ng/L,2022,NA,"Profiles, drivers, and prioritization of antibiotics in ChinaÕs major rivers",Additional curated article workbook (Sheet1),N35,Additional_data_on_antibiotics_in_water_and_sediment_in_china__01_Sheet1.csv
surface water,Shaanxi,Xi'an,Ciprofloxacin,fluoroquinolones,NA,71.27,ng/L,2025,NA,"Distribution Characteristics, Sources, and Risk Assessment of Antibiotics in the Surface Water of Zaohe River",Additional curated article workbook (Sheet1),N34,Additional_data_on_antibiotics_in_water_and_sediment_in_china__01_Sheet1.csv
surface water,Shaanxi,Xi'an,Erythromycin,macrolides,NA,3.05,ng/L,2025,NA,"Distribution Characteristics, Sources, and Risk Assessment of Antibiotics in the Surface Water of Zaohe River",Additional curated article workbook (Sheet1),N34,Additional_data_on_antibiotics_in_water_and_sediment_in_china__01_Sheet1.csv
surface water,Shaanxi,Xi'an,Norfloxacin,fluoroquinolones,NA,4.21,ng/L,2025,NA,"Distribution Characteristics, Sources, and Risk Assessment of Antibiotics in the Surface Water of Zaohe River",Additional curated article workbook (Sheet1),N34,Additional_data_on_antibiotics_in_water_and_sediment_in_china__01_Sheet1.csv
surface water,Shaanxi,Xi'an,Ofloxacin,fluoroquinolones,NA,39.16,ng/L,2025,NA,"Distribution Characteristics, Sources, and Risk Assessment of Antibiotics in the Surface Water of Zaohe River",Additional curated article workbook (Sheet1),N34,Additional_data_on_antibiotics_in_water_and_sediment_in_china__01_Sheet1.csv
surface water,Shaanxi,Xi'an,Oxytetracycline,tetracyclines,NA,6.93,ng/L,2025,NA,"Distribution Characteristics, Sources, and Risk Assessment of Antibiotics in the Surface Water of Zaohe River",Additional curated article workbook (Sheet1),N34,Additional_data_on_antibiotics_in_water_and_sediment_in_china__01_Sheet1.csv
surface water,Shaanxi,Xi'an,Roxithromycin,macrolides,NA,54.82,ng/L,2025,NA,"Distribution Characteristics, Sources, and Risk Assessment of Antibiotics in the Surface Water of Zaohe River",Additional curated article workbook (Sheet1),N34,Additional_data_on_antibiotics_in_water_and_sediment_in_china__01_Sheet1.csv
surface water,Shaanxi,Xi'an,Sulfamethoxazole,sulfonamides,NA,12.34,ng/L,2025,NA,"Distribution Characteristics, Sources, and Risk Assessment of Antibiotics in the Surface Water of Zaohe River",Additional curated article workbook (Sheet1),N34,Additional_data_on_antibiotics_in_water_and_sediment_in_china__01_Sheet1.csv
surface water,Shaanxi,Xi'an,Tetracycline,tetracyclines,NA,8.71,ng/L,2025,NA,"Distribution Characteristics, Sources, and Risk Assessment of Antibiotics in the Surface Water of Zaohe River",Additional curated article workbook (Sheet1),N34,Additional_data_on_antibiotics_in_water_and_sediment_in_china__01_Sheet1.csv
surface water,Shandong,Shandong,Enrofloxacin,fluoroquinolones,5.74,14.06,ng/L,2019,NA,Antibiotics in the Coastal Waters and Sediments of China: A Brief Review and Perspective,Additional curated article workbook (Sheet1),N42,Additional_data_on_antibiotics_in_water_and_sediment_in_china__01_Sheet1.csv
surface water,Shandong,Shandong,Norfloxacin,fluoroquinolones,4.98,48.31,ng/L,2019,NA,Antibiotics in the Coastal Waters and Sediments of China: A Brief Review and Perspective,Additional curated article workbook (Sheet1),N42,Additional_data_on_antibiotics_in_water_and_sediment_in_china__01_Sheet1.csv
surface water,Shandong,Shandong,Ofloxacin,fluoroquinolones,NA,30.79,ng/L,2019,NA,Antibiotics in the Coastal Waters and Sediments of China: A Brief Review and Perspective,Additional curated article workbook (Sheet1),N42,Additional_data_on_antibiotics_in_water_and_sediment_in_china__01_Sheet1.csv
surface water,Shandong,Shandong,Sulfamethoxazole,sulfonamides,37.6,NA,ng/L,2022,NA,"Profiles, drivers, and prioritization of antibiotics in ChinaÕs major rivers",Additional curated article workbook (Sheet1),N35,Additional_data_on_antibiotics_in_water_and_sediment_in_china__01_Sheet1.csv
surface water,Shanxi,Fenhe River Basin,Azithromycin,macrolides,NA,584,ng/L,2022,NA,"Ma, S., et al. (2026). Environmental Toxicology and Chemistry. https://doi.org/10.1093/etojnl/vgag024",Additional curated article workbook (Sheet1),N36,Additional_data_on_antibiotics_in_water_and_sediment_in_china__01_Sheet1.csv
surface water,Shanxi,Fenhe River Basin,Azithromycin,macrolides,NA,238.91,ng/L,2022,NA,"Ma, S., et al. (2026). Environmental Toxicology and Chemistry. https://doi.org/10.1093/etojnl/vgag024",Additional curated article workbook (Sheet1),N36,Additional_data_on_antibiotics_in_water_and_sediment_in_china__01_Sheet1.csv
surface water,Shanxi,Fenhe River Basin,Total Quinolones (QNs),fluoroquinolones,414,NA,ng/L,2022,NA,"Ma, S., et al. (2026). Environmental Toxicology and Chemistry. https://doi.org/10.1093/etojnl/vgag024",Additional curated article workbook (Sheet1),N36,Additional_data_on_antibiotics_in_water_and_sediment_in_china__01_Sheet1.csv
surface water,Shanxi,Fenhe River Basin,Total Tetracyclines (TCs),tetracyclines,413.6,NA,ng/L,2022,NA,"Ma, S., et al. (2026). Environmental Toxicology and Chemistry. https://doi.org/10.1093/etojnl/vgag024",Additional curated article workbook (Sheet1),N36,Additional_data_on_antibiotics_in_water_and_sediment_in_china__01_Sheet1.csv
surface water,Shanxi,Fenhe River Basin,Total antibiotics,other,NA,1575.58,ng/L,2022,NA,"Ma, S., et al. (2026). Environmental Toxicology and Chemistry. https://doi.org/10.1093/etojnl/vgag024",Additional curated article workbook (Sheet1),N36,Additional_data_on_antibiotics_in_water_and_sediment_in_china__01_Sheet1.csv
surface water,Shanxi,Fenhe River Basin,Total antibiotics,other,NA,1106.05,ng/L,2022,NA,"Ma, S., et al. (2026). Environmental Toxicology and Chemistry. https://doi.org/10.1093/etojnl/vgag024",Additional curated article workbook (Sheet1),N36,Additional_data_on_antibiotics_in_water_and_sediment_in_china__01_Sheet1.csv
surface water,Sichuan,Sichuan,Amoxicillin,beta-lactams,NA,1423.67,ng/L,2024,NA,"Sha, J., Wu, M., Zhou, Y., Cheng, T., Liu, H., Zhang, J., et al. (2025). Risk assessment of antibiotic residues and resistance profile of E. coli in typical rivers of Sichuan, China. PLOS ONE, 20(2), e0306161. https://doi.org/10.1371/journal.pone.0306161",Additional curated article workbook (Sheet1),N37,Additional_data_on_antibiotics_in_water_and_sediment_in_china__01_Sheet1.csv
surface water,Sichuan,Sichuan,Ampicillin,beta-lactams,NA,1568.94,ng/L,2024,NA,"Sha, J., Wu, M., Zhou, Y., Cheng, T., Liu, H., Zhang, J., et al. (2025). Risk assessment of antibiotic residues and resistance profile of E. coli in typical rivers of Sichuan, China. PLOS ONE, 20(2), e0306161. https://doi.org/10.1371/journal.pone.0306161",Additional curated article workbook (Sheet1),N37,Additional_data_on_antibiotics_in_water_and_sediment_in_china__01_Sheet1.csv
surface water,Sichuan,Sichuan,Cephalexin,beta-lactams,NA,1289.43,ng/L,2024,NA,"Sha, J., Wu, M., Zhou, Y., Cheng, T., Liu, H., Zhang, J., et al. (2025). Risk assessment of antibiotic residues and resistance profile of E. coli in typical rivers of Sichuan, China. PLOS ONE, 20(2), e0306161. https://doi.org/10.1371/journal.pone.0306161",Additional curated article workbook (Sheet1),N37,Additional_data_on_antibiotics_in_water_and_sediment_in_china__01_Sheet1.csv
surface water,Sichuan,Sichuan,Chloramphenicol,amphenicols,25.48,577.46,ng/L,2024,NA,"Sha, J., Wu, M., Zhou, Y., Cheng, T., Liu, H., Zhang, J., et al. (2025). Risk assessment of antibiotic residues and resistance profile of E. coli in typical rivers of Sichuan, China. PLOS ONE, 20(2), e0306161. https://doi.org/10.1371/journal.pone.0306161",Additional curated article workbook (Sheet1),N37,Additional_data_on_antibiotics_in_water_and_sediment_in_china__01_Sheet1.csv
surface water,Sichuan,Sichuan,Chlortetracycline,tetracyclines,NA,1842.15,ng/L,2024,NA,"Sha, J., Wu, M., Zhou, Y., Cheng, T., Liu, H., Zhang, J., et al. (2025). Risk assessment of antibiotic residues and resistance profile of E. coli in typical rivers of Sichuan, China. PLOS ONE, 20(2), e0306161. https://doi.org/10.1371/journal.pone.0306161",Additional curated article workbook (Sheet1),N37,Additional_data_on_antibiotics_in_water_and_sediment_in_china__01_Sheet1.csv
surface water,Sichuan,Sichuan,Clindamycin,macrolides,NA,328.49,ng/L,2024,NA,"Sha, J., Wu, M., Zhou, Y., Cheng, T., Liu, H., Zhang, J., et al. (2025). Risk assessment of antibiotic residues and resistance profile of E. coli in typical rivers of Sichuan, China. PLOS ONE, 20(2), e0306161. https://doi.org/10.1371/journal.pone.0306161",Additional curated article workbook (Sheet1),N37,Additional_data_on_antibiotics_in_water_and_sediment_in_china__01_Sheet1.csv
surface water,Sichuan,Sichuan,Enrofloxacin,fluoroquinolones,NA,621.95,ng/L,2024,NA,"Sha, J., Wu, M., Zhou, Y., Cheng, T., Liu, H., Zhang, J., et al. (2025). Risk assessment of antibiotic residues and resistance profile of E. coli in typical rivers of Sichuan, China. PLOS ONE, 20(2), e0306161. https://doi.org/10.1371/journal.pone.0306161",Additional curated article workbook (Sheet1),N37,Additional_data_on_antibiotics_in_water_and_sediment_in_china__01_Sheet1.csv
surface water,Sichuan,Sichuan,Levofloxacin,fluoroquinolones,NA,589.33,ng/L,2024,NA,"Sha, J., Wu, M., Zhou, Y., Cheng, T., Liu, H., Zhang, J., et al. (2025). Risk assessment of antibiotic residues and resistance profile of E. coli in typical rivers of Sichuan, China. PLOS ONE, 20(2), e0306161. https://doi.org/10.1371/journal.pone.0306161",Additional curated article workbook (Sheet1),N37,Additional_data_on_antibiotics_in_water_and_sediment_in_china__01_Sheet1.csv
surface water,Sichuan,Sichuan,Moxifloxacin,fluoroquinolones,NA,412.65,ng/L,2024,NA,"Sha, J., Wu, M., Zhou, Y., Cheng, T., Liu, H., Zhang, J., et al. (2025). Risk assessment of antibiotic residues and resistance profile of E. coli in typical rivers of Sichuan, China. PLOS ONE, 20(2), e0306161. https://doi.org/10.1371/journal.pone.0306161",Additional curated article workbook (Sheet1),N37,Additional_data_on_antibiotics_in_water_and_sediment_in_china__01_Sheet1.csv
surface water,Sichuan,Sichuan,Norfloxacin,fluoroquinolones,NA,542.87,ng/L,2024,NA,"Sha, J., Wu, M., Zhou, Y., Cheng, T., Liu, H., Zhang, J., et al. (2025). Risk assessment of antibiotic residues and resistance profile of E. coli in typical rivers of Sichuan, China. PLOS ONE, 20(2), e0306161. https://doi.org/10.1371/journal.pone.0306161",Additional curated article workbook (Sheet1),N37,Additional_data_on_antibiotics_in_water_and_sediment_in_china__01_Sheet1.csv
surface water,Sichuan,Sichuan,Oxytetracycline,tetracyclines,NA,1987.32,ng/L,2024,NA,"Sha, J., Wu, M., Zhou, Y., Cheng, T., Liu, H., Zhang, J., et al. (2025). Risk assessment of antibiotic residues and resistance profile of E. coli in typical rivers of Sichuan, China. PLOS ONE, 20(2), e0306161. https://doi.org/10.1371/journal.pone.0306161",Additional curated article workbook (Sheet1),N37,Additional_data_on_antibiotics_in_water_and_sediment_in_china__01_Sheet1.csv
surface water,Sichuan,Sichuan,Sulfadiazine,sulfonamides,NA,876.54,ng/L,2024,NA,"Sha, J., Wu, M., Zhou, Y., Cheng, T., Liu, H., Zhang, J., et al. (2025). Risk assessment of antibiotic residues and resistance profile of E. coli in typical rivers of Sichuan, China. PLOS ONE, 20(2), e0306161. https://doi.org/10.1371/journal.pone.0306161",Additional curated article workbook (Sheet1),N37,Additional_data_on_antibiotics_in_water_and_sediment_in_china__01_Sheet1.csv
surface water,Sichuan,Sichuan,Sulfamethoxazole,sulfonamides,NA,743.28,ng/L,2024,NA,"Sha, J., Wu, M., Zhou, Y., Cheng, T., Liu, H., Zhang, J., et al. (2025). Risk assessment of antibiotic residues and resistance profile of E. coli in typical rivers of Sichuan, China. PLOS ONE, 20(2), e0306161. https://doi.org/10.1371/journal.pone.0306161",Additional curated article workbook (Sheet1),N37,Additional_data_on_antibiotics_in_water_and_sediment_in_china__01_Sheet1.csv
surface water,Sichuan,Sichuan,Tetracycline,tetracyclines,NA,2233.71,ng/L,2024,NA,"Sha, J., Wu, M., Zhou, Y., Cheng, T., Liu, H., Zhang, J., et al. (2025). Risk assessment of antibiotic residues and resistance profile of E. coli in typical rivers of Sichuan, China. PLOS ONE, 20(2), e0306161. https://doi.org/10.1371/journal.pone.0306161",Additional curated article workbook (Sheet1),N37,Additional_data_on_antibiotics_in_water_and_sediment_in_china__01_Sheet1.csv
surface water,Tianjin,Tianjin,Sulfamethoxazole,sulfonamides,28.9,NA,ng/L,2022,NA,"Profiles, drivers, and prioritization of antibiotics in ChinaÕs major rivers",Additional curated article workbook (Sheet1),N35,Additional_data_on_antibiotics_in_water_and_sediment_in_china__01_Sheet1.csv
surface water,Zhejiang,Zhejiang,Sulfamethoxazole,sulfonamides,NA,820,ng/L,2005Ð2016,NA,A duodecennial national synthesis of antibiotics in China's major rivers and seas (2005Ð2016),Additional curated article workbook (Sheet1),N2,Additional_data_on_antibiotics_in_water_and_sediment_in_china__01_Sheet1.csv
surface water,Zhejiang,Zhejiang,Roxithromycin,macrolides,20.7,NA,ng/L,2022,NA,"Profiles, drivers, and prioritization of antibiotics in ChinaÕs major rivers",Additional curated article workbook (Sheet1),N35,Additional_data_on_antibiotics_in_water_and_sediment_in_china__01_Sheet1.csv
surface water,Zhejiang,southern Tai Lake aquaculture ponds,Chloramphenicol,amphenicols,NA,3.44,ng/L,2024,winter,"Wu, C., Ye, H., Xu, M., Zhao, X., Zhao, X., Li, L., Li, M., Wei, Y., Li, Y., & Hu, B. (2025). Occurrence of antibiotics and antibiotic resistance genes at various stages of different aquaculture modes surrounding Tai Lake, China. Frontiers in Microbiology, 16, 1543387. https://doi.org/10.3389/fmicb.2025.1543387","Results text (Figure 3A, January 2024)",PDF-TAI-LAKE-2025,"2025 wu et al Occurrence of antibiotics and antibiotic resistance genes at various stages of different aquaculture modes surrounding Tai Lake, China.pdf"
surface water,Zhejiang,southern Tai Lake aquaculture ponds,Ciprofloxacin,fluoroquinolones,NA,19.43,ng/L,2024,spring,"Wu, C., Ye, H., Xu, M., Zhao, X., Zhao, X., Li, L., Li, M., Wei, Y., Li, Y., & Hu, B. (2025). Occurrence of antibiotics and antibiotic resistance genes at various stages of different aquaculture modes surrounding Tai Lake, China. Frontiers in Microbiology, 16, 1543387. https://doi.org/10.3389/fmicb.2025.1543387","Results text (Figure 3B, March 2024)",PDF-TAI-LAKE-2025,"2025 wu et al Occurrence of antibiotics and antibiotic resistance genes at various stages of different aquaculture modes surrounding Tai Lake, China.pdf"
surface water,Zhejiang,southern Tai Lake aquaculture ponds,Florfenicol,amphenicols,NA,32.39,ng/L,2024,winter,"Wu, C., Ye, H., Xu, M., Zhao, X., Zhao, X., Li, L., Li, M., Wei, Y., Li, Y., & Hu, B. (2025). Occurrence of antibiotics and antibiotic resistance genes at various stages of different aquaculture modes surrounding Tai Lake, China. Frontiers in Microbiology, 16, 1543387. https://doi.org/10.3389/fmicb.2025.1543387","Results text (Figure 3A, January 2024)",PDF-TAI-LAKE-2025,"2025 wu et al Occurrence of antibiotics and antibiotic resistance genes at various stages of different aquaculture modes surrounding Tai Lake, China.pdf"
surface water,Zhejiang,southern Tai Lake aquaculture ponds,Florfenicol,amphenicols,NA,34.61,ng/L,2024,spring,"Wu, C., Ye, H., Xu, M., Zhao, X., Zhao, X., Li, L., Li, M., Wei, Y., Li, Y., & Hu, B. (2025). Occurrence of antibiotics and antibiotic resistance genes at various stages of different aquaculture modes surrounding Tai Lake, China. Frontiers in Microbiology, 16, 1543387. https://doi.org/10.3389/fmicb.2025.1543387","Results text (Figure 3B, March 2024)",PDF-TAI-LAKE-2025,"2025 wu et al Occurrence of antibiotics and antibiotic resistance genes at various stages of different aquaculture modes surrounding Tai Lake, China.pdf"
surface water,Zhejiang,southern Tai Lake aquaculture ponds,Norfloxacin,fluoroquinolones,NA,32.48,ng/L,2024,spring,"Wu, C., Ye, H., Xu, M., Zhao, X., Zhao, X., Li, L., Li, M., Wei, Y., Li, Y., & Hu, B. (2025). Occurrence of antibiotics and antibiotic resistance genes at various stages of different aquaculture modes surrounding Tai Lake, China. Frontiers in Microbiology, 16, 1543387. https://doi.org/10.3389/fmicb.2025.1543387","Results text (Figure 3B, March 2024)",PDF-TAI-LAKE-2025,"2025 wu et al Occurrence of antibiotics and antibiotic resistance genes at various stages of different aquaculture modes surrounding Tai Lake, China.pdf"
surface water,Zhejiang,southern Tai Lake aquaculture ponds,Sulfafurazole,sulfonamides,NA,8.83,ng/L,2024,winter,"Wu, C., Ye, H., Xu, M., Zhao, X., Zhao, X., Li, L., Li, M., Wei, Y., Li, Y., & Hu, B. (2025). Occurrence of antibiotics and antibiotic resistance genes at various stages of different aquaculture modes surrounding Tai Lake, China. Frontiers in Microbiology, 16, 1543387. https://doi.org/10.3389/fmicb.2025.1543387","Results text (Figure 3A, January 2024)",PDF-TAI-LAKE-2025,"2025 wu et al Occurrence of antibiotics and antibiotic resistance genes at various stages of different aquaculture modes surrounding Tai Lake, China.pdf"
surface water,Zhejiang,southern Tai Lake aquaculture ponds,Trimethoprim,sulfonamides,NA,3.16,ng/L,2024,winter,"Wu, C., Ye, H., Xu, M., Zhao, X., Zhao, X., Li, L., Li, M., Wei, Y., Li, Y., & Hu, B. (2025). Occurrence of antibiotics and antibiotic resistance genes at various stages of different aquaculture modes surrounding Tai Lake, China. Frontiers in Microbiology, 16, 1543387. https://doi.org/10.3389/fmicb.2025.1543387","Results text (Figure 3A, January 2024)",PDF-TAI-LAKE-2025,"2025 wu et al Occurrence of antibiotics and antibiotic resistance genes at various stages of different aquaculture modes surrounding Tai Lake, China.pdf"
surface water,Zhejiang,southern Tai Lake aquaculture ponds,Trimethoprim,sulfonamides,NA,20.97,ng/L,2024,spring,"Wu, C., Ye, H., Xu, M., Zhao, X., Zhao, X., Li, L., Li, M., Wei, Y., Li, Y., & Hu, B. (2025). Occurrence of antibiotics and antibiotic resistance genes at various stages of different aquaculture modes surrounding Tai Lake, China. Frontiers in Microbiology, 16, 1543387. https://doi.org/10.3389/fmicb.2025.1543387","Results text (Figure 3B, March 2024)",PDF-TAI-LAKE-2025,"2025 wu et al Occurrence of antibiotics and antibiotic resistance genes at various stages of different aquaculture modes surrounding Tai Lake, China.pdf"
municipal wastewater influent,Hebei,Tangshan urban WWTPs,Roxithromycin,macrolides,170.4,NA,ng/L,2023,spring,"Dong, Z., Hu, J., Wang, P., Han, G., & Jia, Z. (2024). Antibiotics in Wastewater Treatment Plants in Tangshan: Perspectives on Temporal Variation, Residents' Use and Ecological Risk Assessment. Water, 16(11), 1627. https://doi.org/10.3390/w16111627","Table 2 (influent concentrations, urban WWTPs)",TANGSHAN-2024,Antibiotics-in-Wastewater-Treatment-Plants-in-Tangshan-Perspectives-on-Temporal-Variation-Residents-Use-and-Ecological-Risk-Assessment_2024_Multidisciplinary-Digital-Publishing-Institute-MDPI.pdf
municipal wastewater influent,Hebei,Tangshan urban WWTPs,Roxithromycin,macrolides,46.23,NA,ng/L,2023,summer,"Dong, Z., Hu, J., Wang, P., Han, G., & Jia, Z. (2024). Antibiotics in Wastewater Treatment Plants in Tangshan: Perspectives on Temporal Variation, Residents' Use and Ecological Risk Assessment. Water, 16(11), 1627. https://doi.org/10.3390/w16111627","Table 2 (influent concentrations, urban WWTPs)",TANGSHAN-2024,Antibiotics-in-Wastewater-Treatment-Plants-in-Tangshan-Perspectives-on-Temporal-Variation-Residents-Use-and-Ecological-Risk-Assessment_2024_Multidisciplinary-Digital-Publishing-Institute-MDPI.pdf
municipal wastewater influent,Hebei,Tangshan urban WWTPs,Roxithromycin,macrolides,78.19,NA,ng/L,2023,autumn,"Dong, Z., Hu, J., Wang, P., Han, G., & Jia, Z. (2024). Antibiotics in Wastewater Treatment Plants in Tangshan: Perspectives on Temporal Variation, Residents' Use and Ecological Risk Assessment. Water, 16(11), 1627. https://doi.org/10.3390/w16111627","Table 2 (influent concentrations, urban WWTPs)",TANGSHAN-2024,Antibiotics-in-Wastewater-Treatment-Plants-in-Tangshan-Perspectives-on-Temporal-Variation-Residents-Use-and-Ecological-Risk-Assessment_2024_Multidisciplinary-Digital-Publishing-Institute-MDPI.pdf
municipal wastewater influent,Hebei,Tangshan urban WWTPs,Roxithromycin,macrolides,353.33,NA,ng/L,2023,winter,"Dong, Z., Hu, J., Wang, P., Han, G., & Jia, Z. (2024). Antibiotics in Wastewater Treatment Plants in Tangshan: Perspectives on Temporal Variation, Residents' Use and Ecological Risk Assessment. Water, 16(11), 1627. https://doi.org/10.3390/w16111627","Table 2 (influent concentrations, urban WWTPs)",TANGSHAN-2024,Antibiotics-in-Wastewater-Treatment-Plants-in-Tangshan-Perspectives-on-Temporal-Variation-Residents-Use-and-Ecological-Risk-Assessment_2024_Multidisciplinary-Digital-Publishing-Institute-MDPI.pdf
municipal wastewater influent,Hebei,Tangshan suburban WWTPs,Roxithromycin,macrolides,148.2,NA,ng/L,2023,spring,"Dong, Z., Hu, J., Wang, P., Han, G., & Jia, Z. (2024). Antibiotics in Wastewater Treatment Plants in Tangshan: Perspectives on Temporal Variation, Residents' Use and Ecological Risk Assessment. Water, 16(11), 1627. https://doi.org/10.3390/w16111627","Table 2 (influent concentrations, suburban WWTPs)",TANGSHAN-2024,Antibiotics-in-Wastewater-Treatment-Plants-in-Tangshan-Perspectives-on-Temporal-Variation-Residents-Use-and-Ecological-Risk-Assessment_2024_Multidisciplinary-Digital-Publishing-Institute-MDPI.pdf
municipal wastewater influent,Hebei,Tangshan suburban WWTPs,Roxithromycin,macrolides,34.14,NA,ng/L,2023,summer,"Dong, Z., Hu, J., Wang, P., Han, G., & Jia, Z. (2024). Antibiotics in Wastewater Treatment Plants in Tangshan: Perspectives on Temporal Variation, Residents' Use and Ecological Risk Assessment. Water, 16(11), 1627. https://doi.org/10.3390/w16111627","Table 2 (influent concentrations, suburban WWTPs)",TANGSHAN-2024,Antibiotics-in-Wastewater-Treatment-Plants-in-Tangshan-Perspectives-on-Temporal-Variation-Residents-Use-and-Ecological-Risk-Assessment_2024_Multidisciplinary-Digital-Publishing-Institute-MDPI.pdf
municipal wastewater influent,Hebei,Tangshan suburban WWTPs,Roxithromycin,macrolides,62.42,NA,ng/L,2023,autumn,"Dong, Z., Hu, J., Wang, P., Han, G., & Jia, Z. (2024). Antibiotics in Wastewater Treatment Plants in Tangshan: Perspectives on Temporal Variation, Residents' Use and Ecological Risk Assessment. Water, 16(11), 1627. https://doi.org/10.3390/w16111627","Table 2 (influent concentrations, suburban WWTPs)",TANGSHAN-2024,Antibiotics-in-Wastewater-Treatment-Plants-in-Tangshan-Perspectives-on-Temporal-Variation-Residents-Use-and-Ecological-Risk-Assessment_2024_Multidisciplinary-Digital-Publishing-Institute-MDPI.pdf
municipal wastewater influent,Hebei,Tangshan suburban WWTPs,Roxithromycin,macrolides,270.22,NA,ng/L,2023,winter,"Dong, Z., Hu, J., Wang, P., Han, G., & Jia, Z. (2024). Antibiotics in Wastewater Treatment Plants in Tangshan: Perspectives on Temporal Variation, Residents' Use and Ecological Risk Assessment. Water, 16(11), 1627. https://doi.org/10.3390/w16111627","Table 2 (influent concentrations, suburban WWTPs)",TANGSHAN-2024,Antibiotics-in-Wastewater-Treatment-Plants-in-Tangshan-Perspectives-on-Temporal-Variation-Residents-Use-and-Ecological-Risk-Assessment_2024_Multidisciplinary-Digital-Publishing-Institute-MDPI.pdf
municipal wastewater influent,Hebei,Tangshan urban WWTPs,Tetracycline,tetracyclines,76.83,NA,ng/L,2023,spring,"Dong, Z., Hu, J., Wang, P., Han, G., & Jia, Z. (2024). Antibiotics in Wastewater Treatment Plants in Tangshan: Perspectives on Temporal Variation, Residents' Use and Ecological Risk Assessment. Water, 16(11), 1627. https://doi.org/10.3390/w16111627","Table 2 (influent concentrations, urban WWTPs)",TANGSHAN-2024,Antibiotics-in-Wastewater-Treatment-Plants-in-Tangshan-Perspectives-on-Temporal-Variation-Residents-Use-and-Ecological-Risk-Assessment_2024_Multidisciplinary-Digital-Publishing-Institute-MDPI.pdf
municipal wastewater influent,Hebei,Tangshan urban WWTPs,Tetracycline,tetracyclines,18.03,NA,ng/L,2023,summer,"Dong, Z., Hu, J., Wang, P., Han, G., & Jia, Z. (2024). Antibiotics in Wastewater Treatment Plants in Tangshan: Perspectives on Temporal Variation, Residents' Use and Ecological Risk Assessment. Water, 16(11), 1627. https://doi.org/10.3390/w16111627","Table 2 (influent concentrations, urban WWTPs)",TANGSHAN-2024,Antibiotics-in-Wastewater-Treatment-Plants-in-Tangshan-Perspectives-on-Temporal-Variation-Residents-Use-and-Ecological-Risk-Assessment_2024_Multidisciplinary-Digital-Publishing-Institute-MDPI.pdf
municipal wastewater influent,Hebei,Tangshan urban WWTPs,Tetracycline,tetracyclines,14.72,NA,ng/L,2023,autumn,"Dong, Z., Hu, J., Wang, P., Han, G., & Jia, Z. (2024). Antibiotics in Wastewater Treatment Plants in Tangshan: Perspectives on Temporal Variation, Residents' Use and Ecological Risk Assessment. Water, 16(11), 1627. https://doi.org/10.3390/w16111627","Table 2 (influent concentrations, urban WWTPs)",TANGSHAN-2024,Antibiotics-in-Wastewater-Treatment-Plants-in-Tangshan-Perspectives-on-Temporal-Variation-Residents-Use-and-Ecological-Risk-Assessment_2024_Multidisciplinary-Digital-Publishing-Institute-MDPI.pdf
municipal wastewater influent,Hebei,Tangshan urban WWTPs,Tetracycline,tetracyclines,104.23,NA,ng/L,2023,winter,"Dong, Z., Hu, J., Wang, P., Han, G., & Jia, Z. (2024). Antibiotics in Wastewater Treatment Plants in Tangshan: Perspectives on Temporal Variation, Residents' Use and Ecological Risk Assessment. Water, 16(11), 1627. https://doi.org/10.3390/w16111627","Table 2 (influent concentrations, urban WWTPs)",TANGSHAN-2024,Antibiotics-in-Wastewater-Treatment-Plants-in-Tangshan-Perspectives-on-Temporal-Variation-Residents-Use-and-Ecological-Risk-Assessment_2024_Multidisciplinary-Digital-Publishing-Institute-MDPI.pdf
municipal wastewater influent,Hebei,Tangshan suburban WWTPs,Tetracycline,tetracyclines,61.19,NA,ng/L,2023,spring,"Dong, Z., Hu, J., Wang, P., Han, G., & Jia, Z. (2024). Antibiotics in Wastewater Treatment Plants in Tangshan: Perspectives on Temporal Variation, Residents' Use and Ecological Risk Assessment. Water, 16(11), 1627. https://doi.org/10.3390/w16111627","Table 2 (influent concentrations, suburban WWTPs)",TANGSHAN-2024,Antibiotics-in-Wastewater-Treatment-Plants-in-Tangshan-Perspectives-on-Temporal-Variation-Residents-Use-and-Ecological-Risk-Assessment_2024_Multidisciplinary-Digital-Publishing-Institute-MDPI.pdf
municipal wastewater influent,Hebei,Tangshan suburban WWTPs,Tetracycline,tetracyclines,14.17,NA,ng/L,2023,summer,"Dong, Z., Hu, J., Wang, P., Han, G., & Jia, Z. (2024). Antibiotics in Wastewater Treatment Plants in Tangshan: Perspectives on Temporal Variation, Residents' Use and Ecological Risk Assessment. Water, 16(11), 1627. https://doi.org/10.3390/w16111627","Table 2 (influent concentrations, suburban WWTPs)",TANGSHAN-2024,Antibiotics-in-Wastewater-Treatment-Plants-in-Tangshan-Perspectives-on-Temporal-Variation-Residents-Use-and-Ecological-Risk-Assessment_2024_Multidisciplinary-Digital-Publishing-Institute-MDPI.pdf
municipal wastewater influent,Hebei,Tangshan suburban WWTPs,Tetracycline,tetracyclines,12.88,NA,ng/L,2023,autumn,"Dong, Z., Hu, J., Wang, P., Han, G., & Jia, Z. (2024). Antibiotics in Wastewater Treatment Plants in Tangshan: Perspectives on Temporal Variation, Residents' Use and Ecological Risk Assessment. Water, 16(11), 1627. https://doi.org/10.3390/w16111627","Table 2 (influent concentrations, suburban WWTPs)",TANGSHAN-2024,Antibiotics-in-Wastewater-Treatment-Plants-in-Tangshan-Perspectives-on-Temporal-Variation-Residents-Use-and-Ecological-Risk-Assessment_2024_Multidisciplinary-Digital-Publishing-Institute-MDPI.pdf
municipal wastewater influent,Hebei,Tangshan suburban WWTPs,Tetracycline,tetracyclines,71.22,NA,ng/L,2023,winter,"Dong, Z., Hu, J., Wang, P., Han, G., & Jia, Z. (2024). Antibiotics in Wastewater Treatment Plants in Tangshan: Perspectives on Temporal Variation, Residents' Use and Ecological Risk Assessment. Water, 16(11), 1627. https://doi.org/10.3390/w16111627","Table 2 (influent concentrations, suburban WWTPs)",TANGSHAN-2024,Antibiotics-in-Wastewater-Treatment-Plants-in-Tangshan-Perspectives-on-Temporal-Variation-Residents-Use-and-Ecological-Risk-Assessment_2024_Multidisciplinary-Digital-Publishing-Institute-MDPI.pdf
municipal wastewater influent,Hebei,Tangshan urban WWTPs,Chlortetracycline,tetracyclines,50.33,NA,ng/L,2023,spring,"Dong, Z., Hu, J., Wang, P., Han, G., & Jia, Z. (2024). Antibiotics in Wastewater Treatment Plants in Tangshan: Perspectives on Temporal Variation, Residents' Use and Ecological Risk Assessment. Water, 16(11), 1627. https://doi.org/10.3390/w16111627","Table 2 (influent concentrations, urban WWTPs)",TANGSHAN-2024,Antibiotics-in-Wastewater-Treatment-Plants-in-Tangshan-Perspectives-on-Temporal-Variation-Residents-Use-and-Ecological-Risk-Assessment_2024_Multidisciplinary-Digital-Publishing-Institute-MDPI.pdf
municipal wastewater influent,Hebei,Tangshan urban WWTPs,Chlortetracycline,tetracyclines,52.98,NA,ng/L,2023,summer,"Dong, Z., Hu, J., Wang, P., Han, G., & Jia, Z. (2024). Antibiotics in Wastewater Treatment Plants in Tangshan: Perspectives on Temporal Variation, Residents' Use and Ecological Risk Assessment. Water, 16(11), 1627. https://doi.org/10.3390/w16111627","Table 2 (influent concentrations, urban WWTPs)",TANGSHAN-2024,Antibiotics-in-Wastewater-Treatment-Plants-in-Tangshan-Perspectives-on-Temporal-Variation-Residents-Use-and-Ecological-Risk-Assessment_2024_Multidisciplinary-Digital-Publishing-Institute-MDPI.pdf
municipal wastewater influent,Hebei,Tangshan urban WWTPs,Chlortetracycline,tetracyclines,18.54,NA,ng/L,2023,autumn,"Dong, Z., Hu, J., Wang, P., Han, G., & Jia, Z. (2024). Antibiotics in Wastewater Treatment Plants in Tangshan: Perspectives on Temporal Variation, Residents' Use and Ecological Risk Assessment. Water, 16(11), 1627. https://doi.org/10.3390/w16111627","Table 2 (influent concentrations, urban WWTPs)",TANGSHAN-2024,Antibiotics-in-Wastewater-Treatment-Plants-in-Tangshan-Perspectives-on-Temporal-Variation-Residents-Use-and-Ecological-Risk-Assessment_2024_Multidisciplinary-Digital-Publishing-Institute-MDPI.pdf
municipal wastewater influent,Hebei,Tangshan urban WWTPs,Chlortetracycline,tetracyclines,96.85,NA,ng/L,2023,winter,"Dong, Z., Hu, J., Wang, P., Han, G., & Jia, Z. (2024). Antibiotics in Wastewater Treatment Plants in Tangshan: Perspectives on Temporal Variation, Residents' Use and Ecological Risk Assessment. Water, 16(11), 1627. https://doi.org/10.3390/w16111627","Table 2 (influent concentrations, urban WWTPs)",TANGSHAN-2024,Antibiotics-in-Wastewater-Treatment-Plants-in-Tangshan-Perspectives-on-Temporal-Variation-Residents-Use-and-Ecological-Risk-Assessment_2024_Multidisciplinary-Digital-Publishing-Institute-MDPI.pdf
municipal wastewater influent,Hebei,Tangshan suburban WWTPs,Chlortetracycline,tetracyclines,28.21,NA,ng/L,2023,spring,"Dong, Z., Hu, J., Wang, P., Han, G., & Jia, Z. (2024). Antibiotics in Wastewater Treatment Plants in Tangshan: Perspectives on Temporal Variation, Residents' Use and Ecological Risk Assessment. Water, 16(11), 1627. https://doi.org/10.3390/w16111627","Table 2 (influent concentrations, suburban WWTPs)",TANGSHAN-2024,Antibiotics-in-Wastewater-Treatment-Plants-in-Tangshan-Perspectives-on-Temporal-Variation-Residents-Use-and-Ecological-Risk-Assessment_2024_Multidisciplinary-Digital-Publishing-Institute-MDPI.pdf
municipal wastewater influent,Hebei,Tangshan suburban WWTPs,Chlortetracycline,tetracyclines,49.68,NA,ng/L,2023,summer,"Dong, Z., Hu, J., Wang, P., Han, G., & Jia, Z. (2024). Antibiotics in Wastewater Treatment Plants in Tangshan: Perspectives on Temporal Variation, Residents' Use and Ecological Risk Assessment. Water, 16(11), 1627. https://doi.org/10.3390/w16111627","Table 2 (influent concentrations, suburban WWTPs)",TANGSHAN-2024,Antibiotics-in-Wastewater-Treatment-Plants-in-Tangshan-Perspectives-on-Temporal-Variation-Residents-Use-and-Ecological-Risk-Assessment_2024_Multidisciplinary-Digital-Publishing-Institute-MDPI.pdf
municipal wastewater influent,Hebei,Tangshan suburban WWTPs,Chlortetracycline,tetracyclines,16.12,NA,ng/L,2023,autumn,"Dong, Z., Hu, J., Wang, P., Han, G., & Jia, Z. (2024). Antibiotics in Wastewater Treatment Plants in Tangshan: Perspectives on Temporal Variation, Residents' Use and Ecological Risk Assessment. Water, 16(11), 1627. https://doi.org/10.3390/w16111627","Table 2 (influent concentrations, suburban WWTPs)",TANGSHAN-2024,Antibiotics-in-Wastewater-Treatment-Plants-in-Tangshan-Perspectives-on-Temporal-Variation-Residents-Use-and-Ecological-Risk-Assessment_2024_Multidisciplinary-Digital-Publishing-Institute-MDPI.pdf
municipal wastewater influent,Hebei,Tangshan suburban WWTPs,Chlortetracycline,tetracyclines,85.15,NA,ng/L,2023,winter,"Dong, Z., Hu, J., Wang, P., Han, G., & Jia, Z. (2024). Antibiotics in Wastewater Treatment Plants in Tangshan: Perspectives on Temporal Variation, Residents' Use and Ecological Risk Assessment. Water, 16(11), 1627. https://doi.org/10.3390/w16111627","Table 2 (influent concentrations, suburban WWTPs)",TANGSHAN-2024,Antibiotics-in-Wastewater-Treatment-Plants-in-Tangshan-Perspectives-on-Temporal-Variation-Residents-Use-and-Ecological-Risk-Assessment_2024_Multidisciplinary-Digital-Publishing-Institute-MDPI.pdf
municipal wastewater influent,Hebei,Tangshan urban WWTPs,Oxytetracycline,tetracyclines,40.41,NA,ng/L,2023,spring,"Dong, Z., Hu, J., Wang, P., Han, G., & Jia, Z. (2024). Antibiotics in Wastewater Treatment Plants in Tangshan: Perspectives on Temporal Variation, Residents' Use and Ecological Risk Assessment. Water, 16(11), 1627. https://doi.org/10.3390/w16111627","Table 2 (influent concentrations, urban WWTPs)",TANGSHAN-2024,Antibiotics-in-Wastewater-Treatment-Plants-in-Tangshan-Perspectives-on-Temporal-Variation-Residents-Use-and-Ecological-Risk-Assessment_2024_Multidisciplinary-Digital-Publishing-Institute-MDPI.pdf
municipal wastewater influent,Hebei,Tangshan urban WWTPs,Oxytetracycline,tetracyclines,44.87,NA,ng/L,2023,summer,"Dong, Z., Hu, J., Wang, P., Han, G., & Jia, Z. (2024). Antibiotics in Wastewater Treatment Plants in Tangshan: Perspectives on Temporal Variation, Residents' Use and Ecological Risk Assessment. Water, 16(11), 1627. https://doi.org/10.3390/w16111627","Table 2 (influent concentrations, urban WWTPs)",TANGSHAN-2024,Antibiotics-in-Wastewater-Treatment-Plants-in-Tangshan-Perspectives-on-Temporal-Variation-Residents-Use-and-Ecological-Risk-Assessment_2024_Multidisciplinary-Digital-Publishing-Institute-MDPI.pdf
municipal wastewater influent,Hebei,Tangshan urban WWTPs,Oxytetracycline,tetracyclines,36.22,NA,ng/L,2023,autumn,"Dong, Z., Hu, J., Wang, P., Han, G., & Jia, Z. (2024). Antibiotics in Wastewater Treatment Plants in Tangshan: Perspectives on Temporal Variation, Residents' Use and Ecological Risk Assessment. Water, 16(11), 1627. https://doi.org/10.3390/w16111627","Table 2 (influent concentrations, urban WWTPs)",TANGSHAN-2024,Antibiotics-in-Wastewater-Treatment-Plants-in-Tangshan-Perspectives-on-Temporal-Variation-Residents-Use-and-Ecological-Risk-Assessment_2024_Multidisciplinary-Digital-Publishing-Institute-MDPI.pdf
municipal wastewater influent,Hebei,Tangshan urban WWTPs,Oxytetracycline,tetracyclines,256.7,NA,ng/L,2023,winter,"Dong, Z., Hu, J., Wang, P., Han, G., & Jia, Z. (2024). Antibiotics in Wastewater Treatment Plants in Tangshan: Perspectives on Temporal Variation, Residents' Use and Ecological Risk Assessment. Water, 16(11), 1627. https://doi.org/10.3390/w16111627","Table 2 (influent concentrations, urban WWTPs)",TANGSHAN-2024,Antibiotics-in-Wastewater-Treatment-Plants-in-Tangshan-Perspectives-on-Temporal-Variation-Residents-Use-and-Ecological-Risk-Assessment_2024_Multidisciplinary-Digital-Publishing-Institute-MDPI.pdf
municipal wastewater influent,Hebei,Tangshan suburban WWTPs,Oxytetracycline,tetracyclines,42.3,NA,ng/L,2023,spring,"Dong, Z., Hu, J., Wang, P., Han, G., & Jia, Z. (2024). Antibiotics in Wastewater Treatment Plants in Tangshan: Perspectives on Temporal Variation, Residents' Use and Ecological Risk Assessment. Water, 16(11), 1627. https://doi.org/10.3390/w16111627","Table 2 (influent concentrations, suburban WWTPs)",TANGSHAN-2024,Antibiotics-in-Wastewater-Treatment-Plants-in-Tangshan-Perspectives-on-Temporal-Variation-Residents-Use-and-Ecological-Risk-Assessment_2024_Multidisciplinary-Digital-Publishing-Institute-MDPI.pdf
municipal wastewater influent,Hebei,Tangshan suburban WWTPs,Oxytetracycline,tetracyclines,36.62,NA,ng/L,2023,summer,"Dong, Z., Hu, J., Wang, P., Han, G., & Jia, Z. (2024). Antibiotics in Wastewater Treatment Plants in Tangshan: Perspectives on Temporal Variation, Residents' Use and Ecological Risk Assessment. Water, 16(11), 1627. https://doi.org/10.3390/w16111627","Table 2 (influent concentrations, suburban WWTPs)",TANGSHAN-2024,Antibiotics-in-Wastewater-Treatment-Plants-in-Tangshan-Perspectives-on-Temporal-Variation-Residents-Use-and-Ecological-Risk-Assessment_2024_Multidisciplinary-Digital-Publishing-Institute-MDPI.pdf
municipal wastewater influent,Hebei,Tangshan suburban WWTPs,Oxytetracycline,tetracyclines,62.33,NA,ng/L,2023,autumn,"Dong, Z., Hu, J., Wang, P., Han, G., & Jia, Z. (2024). Antibiotics in Wastewater Treatment Plants in Tangshan: Perspectives on Temporal Variation, Residents' Use and Ecological Risk Assessment. Water, 16(11), 1627. https://doi.org/10.3390/w16111627","Table 2 (influent concentrations, suburban WWTPs)",TANGSHAN-2024,Antibiotics-in-Wastewater-Treatment-Plants-in-Tangshan-Perspectives-on-Temporal-Variation-Residents-Use-and-Ecological-Risk-Assessment_2024_Multidisciplinary-Digital-Publishing-Institute-MDPI.pdf
municipal wastewater influent,Hebei,Tangshan suburban WWTPs,Oxytetracycline,tetracyclines,101.67,NA,ng/L,2023,winter,"Dong, Z., Hu, J., Wang, P., Han, G., & Jia, Z. (2024). Antibiotics in Wastewater Treatment Plants in Tangshan: Perspectives on Temporal Variation, Residents' Use and Ecological Risk Assessment. Water, 16(11), 1627. https://doi.org/10.3390/w16111627","Table 2 (influent concentrations, suburban WWTPs)",TANGSHAN-2024,Antibiotics-in-Wastewater-Treatment-Plants-in-Tangshan-Perspectives-on-Temporal-Variation-Residents-Use-and-Ecological-Risk-Assessment_2024_Multidisciplinary-Digital-Publishing-Institute-MDPI.pdf
municipal wastewater influent,Hebei,Tangshan urban WWTPs,Ciprofloxacin,fluoroquinolones,99.83,NA,ng/L,2023,spring,"Dong, Z., Hu, J., Wang, P., Han, G., & Jia, Z. (2024). Antibiotics in Wastewater Treatment Plants in Tangshan: Perspectives on Temporal Variation, Residents' Use and Ecological Risk Assessment. Water, 16(11), 1627. https://doi.org/10.3390/w16111627","Table 2 (influent concentrations, urban WWTPs)",TANGSHAN-2024,Antibiotics-in-Wastewater-Treatment-Plants-in-Tangshan-Perspectives-on-Temporal-Variation-Residents-Use-and-Ecological-Risk-Assessment_2024_Multidisciplinary-Digital-Publishing-Institute-MDPI.pdf
municipal wastewater influent,Hebei,Tangshan urban WWTPs,Ciprofloxacin,fluoroquinolones,123.96,NA,ng/L,2023,summer,"Dong, Z., Hu, J., Wang, P., Han, G., & Jia, Z. (2024). Antibiotics in Wastewater Treatment Plants in Tangshan: Perspectives on Temporal Variation, Residents' Use and Ecological Risk Assessment. Water, 16(11), 1627. https://doi.org/10.3390/w16111627","Table 2 (influent concentrations, urban WWTPs)",TANGSHAN-2024,Antibiotics-in-Wastewater-Treatment-Plants-in-Tangshan-Perspectives-on-Temporal-Variation-Residents-Use-and-Ecological-Risk-Assessment_2024_Multidisciplinary-Digital-Publishing-Institute-MDPI.pdf
municipal wastewater influent,Hebei,Tangshan urban WWTPs,Ciprofloxacin,fluoroquinolones,79.68,NA,ng/L,2023,autumn,"Dong, Z., Hu, J., Wang, P., Han, G., & Jia, Z. (2024). Antibiotics in Wastewater Treatment Plants in Tangshan: Perspectives on Temporal Variation, Residents' Use and Ecological Risk Assessment. Water, 16(11), 1627. https://doi.org/10.3390/w16111627","Table 2 (influent concentrations, urban WWTPs)",TANGSHAN-2024,Antibiotics-in-Wastewater-Treatment-Plants-in-Tangshan-Perspectives-on-Temporal-Variation-Residents-Use-and-Ecological-Risk-Assessment_2024_Multidisciplinary-Digital-Publishing-Institute-MDPI.pdf
municipal wastewater influent,Hebei,Tangshan urban WWTPs,Ciprofloxacin,fluoroquinolones,451.79,NA,ng/L,2023,winter,"Dong, Z., Hu, J., Wang, P., Han, G., & Jia, Z. (2024). Antibiotics in Wastewater Treatment Plants in Tangshan: Perspectives on Temporal Variation, Residents' Use and Ecological Risk Assessment. Water, 16(11), 1627. https://doi.org/10.3390/w16111627","Table 2 (influent concentrations, urban WWTPs)",TANGSHAN-2024,Antibiotics-in-Wastewater-Treatment-Plants-in-Tangshan-Perspectives-on-Temporal-Variation-Residents-Use-and-Ecological-Risk-Assessment_2024_Multidisciplinary-Digital-Publishing-Institute-MDPI.pdf
municipal wastewater influent,Hebei,Tangshan suburban WWTPs,Ciprofloxacin,fluoroquinolones,86.73,NA,ng/L,2023,spring,"Dong, Z., Hu, J., Wang, P., Han, G., & Jia, Z. (2024). Antibiotics in Wastewater Treatment Plants in Tangshan: Perspectives on Temporal Variation, Residents' Use and Ecological Risk Assessment. Water, 16(11), 1627. https://doi.org/10.3390/w16111627","Table 2 (influent concentrations, suburban WWTPs)",TANGSHAN-2024,Antibiotics-in-Wastewater-Treatment-Plants-in-Tangshan-Perspectives-on-Temporal-Variation-Residents-Use-and-Ecological-Risk-Assessment_2024_Multidisciplinary-Digital-Publishing-Institute-MDPI.pdf
municipal wastewater influent,Hebei,Tangshan suburban WWTPs,Ciprofloxacin,fluoroquinolones,107.31,NA,ng/L,2023,summer,"Dong, Z., Hu, J., Wang, P., Han, G., & Jia, Z. (2024). Antibiotics in Wastewater Treatment Plants in Tangshan: Perspectives on Temporal Variation, Residents' Use and Ecological Risk Assessment. Water, 16(11), 1627. https://doi.org/10.3390/w16111627","Table 2 (influent concentrations, suburban WWTPs)",TANGSHAN-2024,Antibiotics-in-Wastewater-Treatment-Plants-in-Tangshan-Perspectives-on-Temporal-Variation-Residents-Use-and-Ecological-Risk-Assessment_2024_Multidisciplinary-Digital-Publishing-Institute-MDPI.pdf
municipal wastewater influent,Hebei,Tangshan suburban WWTPs,Ciprofloxacin,fluoroquinolones,68.25,NA,ng/L,2023,autumn,"Dong, Z., Hu, J., Wang, P., Han, G., & Jia, Z. (2024). Antibiotics in Wastewater Treatment Plants in Tangshan: Perspectives on Temporal Variation, Residents' Use and Ecological Risk Assessment. Water, 16(11), 1627. https://doi.org/10.3390/w16111627","Table 2 (influent concentrations, suburban WWTPs)",TANGSHAN-2024,Antibiotics-in-Wastewater-Treatment-Plants-in-Tangshan-Perspectives-on-Temporal-Variation-Residents-Use-and-Ecological-Risk-Assessment_2024_Multidisciplinary-Digital-Publishing-Institute-MDPI.pdf
municipal wastewater influent,Hebei,Tangshan suburban WWTPs,Ciprofloxacin,fluoroquinolones,316.84,NA,ng/L,2023,winter,"Dong, Z., Hu, J., Wang, P., Han, G., & Jia, Z. (2024). Antibiotics in Wastewater Treatment Plants in Tangshan: Perspectives on Temporal Variation, Residents' Use and Ecological Risk Assessment. Water, 16(11), 1627. https://doi.org/10.3390/w16111627","Table 2 (influent concentrations, suburban WWTPs)",TANGSHAN-2024,Antibiotics-in-Wastewater-Treatment-Plants-in-Tangshan-Perspectives-on-Temporal-Variation-Residents-Use-and-Ecological-Risk-Assessment_2024_Multidisciplinary-Digital-Publishing-Institute-MDPI.pdf
municipal sludge,Guangdong,"Guangzhou, Huangpu district, Kaifaqu",Ofloxacin,fluoroquinolones,227,NA,µg/kg dw,2005,autumn,"Xu, W., Zhang, G., Li, X., Zou, S., Li, P., Hu, Z., & Li, J. (2007). Occurrence and elimination of antibiotics at four sewage treatment plants in the Pearl River Delta (PRD), South China. Water Research, 41(19), 4526-4534. https://doi.org/10.1016/j.watres.2007.06.023",Research folder extract (cross-checked against source reference),1,Antibiotics_Records.csv
municipal sludge,Guangdong,"Guangzhou, Tianhe district, Liede",Ofloxacin,fluoroquinolones,886,NA,µg/kg dw,2005,autumn,"Xu, W., Zhang, G., Li, X., Zou, S., Li, P., Hu, Z., & Li, J. (2007). Occurrence and elimination of antibiotics at four sewage treatment plants in the Pearl River Delta (PRD), South China. Water Research, 41(19), 4526-4534. https://doi.org/10.1016/j.watres.2007.06.023",Research folder extract (cross-checked against source reference),1,Antibiotics_Records.csv
municipal sludge,Guangdong,"Guangzhou, Huangpu district, Kaifaqu",Norfloxacin,fluoroquinolones,301,NA,µg/kg dw,2005,autumn,"Xu, W., Zhang, G., Li, X., Zou, S., Li, P., Hu, Z., & Li, J. (2007). Occurrence and elimination of antibiotics at four sewage treatment plants in the Pearl River Delta (PRD), South China. Water Research, 41(19), 4526-4534. https://doi.org/10.1016/j.watres.2007.06.023",Research folder extract (cross-checked against source reference),1,Antibiotics_Records.csv
municipal sludge,Guangdong,"Guangzhou, Tianhe district, Liede",Norfloxacin,fluoroquinolones,40,NA,µg/kg dw,2005,autumn,"Xu, W., Zhang, G., Li, X., Zou, S., Li, P., Hu, Z., & Li, J. (2007). Occurrence and elimination of antibiotics at four sewage treatment plants in the Pearl River Delta (PRD), South China. Water Research, 41(19), 4526-4534. https://doi.org/10.1016/j.watres.2007.06.023",Research folder extract (cross-checked against source reference),1,Antibiotics_Records.csv
municipal sludge,Guangdong,"Guangzhou, Huangpu district, Kaifaqu",Roxithromycin,macrolides,40,NA,µg/kg dw,2005,autumn,"Xu, W., Zhang, G., Li, X., Zou, S., Li, P., Hu, Z., & Li, J. (2007). Occurrence and elimination of antibiotics at four sewage treatment plants in the Pearl River Delta (PRD), South China. Water Research, 41(19), 4526-4534. https://doi.org/10.1016/j.watres.2007.06.023",Research folder extract (cross-checked against source reference),1,Antibiotics_Records.csv
municipal sludge,Guangdong,"Guangzhou, Tianhe district, Liede",Roxithromycin,macrolides,64,NA,µg/kg dw,2005,autumn,"Xu, W., Zhang, G., Li, X., Zou, S., Li, P., Hu, Z., & Li, J. (2007). Occurrence and elimination of antibiotics at four sewage treatment plants in the Pearl River Delta (PRD), South China. Water Research, 41(19), 4526-4534. https://doi.org/10.1016/j.watres.2007.06.023",Research folder extract (cross-checked against source reference),1,Antibiotics_Records.csv
municipal sludge,Guangdong,"Guangzhou, Huangpu district, Kaifaqu",Erythromycin-H2O,macrolides,76,NA,µg/kg dw,2005,autumn,"Xu, W., Zhang, G., Li, X., Zou, S., Li, P., Hu, Z., & Li, J. (2007). Occurrence and elimination of antibiotics at four sewage treatment plants in the Pearl River Delta (PRD), South China. Water Research, 41(19), 4526-4534. https://doi.org/10.1016/j.watres.2007.06.023",Research folder extract (cross-checked against source reference),1,Antibiotics_Records.csv
municipal sludge,Guangdong,"Guangzhou, Tianhe district, Liede",Erythromycin-H2O,macrolides,195,NA,µg/kg dw,2005,autumn,"Xu, W., Zhang, G., Li, X., Zou, S., Li, P., Hu, Z., & Li, J. (2007). Occurrence and elimination of antibiotics at four sewage treatment plants in the Pearl River Delta (PRD), South China. Water Research, 41(19), 4526-4534. https://doi.org/10.1016/j.watres.2007.06.023",Research folder extract (cross-checked against source reference),1,Antibiotics_Records.csv
municipal sludge,Guangdong,"Guangzhou, Tianhe district, Liede",Sulfamethoxazole,sulfonamides,20,NA,µg/kg dw,2005,autumn,"Xu, W., Zhang, G., Li, X., Zou, S., Li, P., Hu, Z., & Li, J. (2007). Occurrence and elimination of antibiotics at four sewage treatment plants in the Pearl River Delta (PRD), South China. Water Research, 41(19), 4526-4534. https://doi.org/10.1016/j.watres.2007.06.023",Research folder extract (cross-checked against source reference),1,Antibiotics_Records.csv
municipal sludge,Guangdong,"Guangzhou, Tianhe district, Liede",Sulfadimidine,sulfonamides,31,NA,µg/kg dw,2005,autumn,"Xu, W., Zhang, G., Li, X., Zou, S., Li, P., Hu, Z., & Li, J. (2007). Occurrence and elimination of antibiotics at four sewage treatment plants in the Pearl River Delta (PRD), South China. Water Research, 41(19), 4526-4534. https://doi.org/10.1016/j.watres.2007.06.023",Research folder extract (cross-checked against source reference),1,Antibiotics_Records.csv
