sample_type,matrix,province,location,antibiotic,group_of_antibiotic,mean_concentration,max_concentration,concentration_unit,sample_year,season,full_reference_name,place_in_article_data_extracted_from,reference_number,source_dataset,article_link,manually_curated
municipal sludge,sludge,Gansu,Lanzhou,Chloramphenicol,other,480.0,,ng/g dw,2014,,"Gao, J. et al. Occurrence and the fate of typical antibiotics in sewage treatment plants in Lanzhou. Huanjing Kexue Xuebao 36, 3765-3773, doi:10.13671/j.hjkxxb.2016.0074 (2016).",review_original_document | remaining_doublecheck sheet (suspicious conversions workbook),135,21052026_environmental_suspicious_conversions.xlsx:remaining_doublecheck,https://doi.org/10.13671/j.hjkxxb.2016.0074,True
municipal sludge,sludge,Gansu,Lanzhou,Sulfadimethoxine,sulfonamides,100.0,,ng/g dw,2014,,"Gao, J. et al. Occurrence and the fate of typical antibiotics in sewage treatment plants in Lanzhou. Huanjing Kexue Xuebao 36, 3765-3773, doi:10.13671/j.hjkxxb.2016.0074 (2016).",review_original_document | remaining_doublecheck sheet (suspicious conversions workbook),135,21052026_environmental_suspicious_conversions.xlsx:remaining_doublecheck,https://doi.org/10.13671/j.hjkxxb.2016.0074,True
municipal sludge,sludge,Gansu,Lanzhou,Sulfamerazine,sulfonamides,937.5,,ng/g dw,2014,,"Gao, J. et al. Occurrence and the fate of typical antibiotics in sewage treatment plants in Lanzhou. Huanjing Kexue Xuebao 36, 3765-3773, doi:10.13671/j.hjkxxb.2016.0074 (2016).",review_original_document | remaining_doublecheck sheet (suspicious conversions workbook),135,21052026_environmental_suspicious_conversions.xlsx:remaining_doublecheck,https://doi.org/10.13671/j.hjkxxb.2016.0074,True
municipal sludge,sludge,Gansu,Lanzhou,Sulfamethazine,sulfonamides,302.5,,ng/g dw,2014,,"Gao, J. et al. Occurrence and the fate of typical antibiotics in sewage treatment plants in Lanzhou. Huanjing Kexue Xuebao 36, 3765-3773, doi:10.13671/j.hjkxxb.2016.0074 (2016).",review_original_document | remaining_doublecheck sheet (suspicious conversions workbook),135,21052026_environmental_suspicious_conversions.xlsx:remaining_doublecheck,https://doi.org/10.13671/j.hjkxxb.2016.0074,True
municipal sludge,sludge,Gansu,Lanzhou,Sulfamethoxazole,sulfonamides,357.5,,ng/g dw,2014,,"Gao, J. et al. Occurrence and the fate of typical antibiotics in sewage treatment plants in Lanzhou. Huanjing Kexue Xuebao 36, 3765-3773, doi:10.13671/j.hjkxxb.2016.0074 (2016).",review_original_document | remaining_doublecheck sheet (suspicious conversions workbook),135,21052026_environmental_suspicious_conversions.xlsx:remaining_doublecheck,https://doi.org/10.13671/j.hjkxxb.2016.0074,True
municipal sludge,sludge,Gansu,Lanzhou,Sulfamonomethoxine,sulfonamides,255.0,,ng/g dw,2014,,"Gao, J. et al. Occurrence and the fate of typical antibiotics in sewage treatment plants in Lanzhou. Huanjing Kexue Xuebao 36, 3765-3773, doi:10.13671/j.hjkxxb.2016.0074 (2016).",review_original_document | remaining_doublecheck sheet (suspicious conversions workbook),135,21052026_environmental_suspicious_conversions.xlsx:remaining_doublecheck,https://doi.org/10.13671/j.hjkxxb.2016.0074,True
municipal sludge,sludge,Gansu,Lanzhou,Sulfapyridine,sulfonamides,175.0,,ng/g dw,2014,,"Gao, J. et al. Occurrence and the fate of typical antibiotics in sewage treatment plants in Lanzhou. Huanjing Kexue Xuebao 36, 3765-3773, doi:10.13671/j.hjkxxb.2016.0074 (2016).",review_original_document | remaining_doublecheck sheet (suspicious conversions workbook),135,21052026_environmental_suspicious_conversions.xlsx:remaining_doublecheck,https://doi.org/10.13671/j.hjkxxb.2016.0074,True
municipal sludge,sludge,Gansu,Lanzhou,Trimethoprim,other,932.5,,ng/g dw,2014,,"Gao, J. et al. Occurrence and the fate of typical antibiotics in sewage treatment plants in Lanzhou. Huanjing Kexue Xuebao 36, 3765-3773, doi:10.13671/j.hjkxxb.2016.0074 (2016).",review_original_document | remaining_doublecheck sheet (suspicious conversions workbook),135,21052026_environmental_suspicious_conversions.xlsx:remaining_doublecheck,https://doi.org/10.13671/j.hjkxxb.2016.0074,True
soil,soil,Henan,Henan,Azithromycin,macrolides,11.34,,ng/g dw,2016,,"Wei, R. et al. Occurrence of seventeen veterinary antibiotics and resistant bacterias in manure-fertilized vegetable farm soil in four provinces of China. Chemosphere 215, 234-240, doi:10.1016/j.chemosphere.2018.09.152 (2019).",review_original_document | remaining_doublecheck sheet (suspicious conversions workbook),131,21052026_environmental_suspicious_conversions.xlsx:remaining_doublecheck,https://doi.org/10.1016/j.chemosphere.2018.09.152,True
soil,soil,Henan,Henan,Azithromycin,macrolides,11.34,,ng/g dw,2016,,"Wei, R. et al. Occurrence of seventeen veterinary antibiotics and resistant bacterias in manure-fertilized vegetable farm soil in four provinces of China. Chemosphere (2018).",review_original_document | remaining_doublecheck sheet (suspicious conversions workbook),147,21052026_environmental_suspicious_conversions.xlsx:remaining_doublecheck,https://scholar.google.com/scholar?q=Occurrence+of+seventeen+veterinary+antibiotics+and+resistant+bacterias+in+manure-fertilized+vegetable+farm+soil+in+four+provinces+of+China,True
soil,soil,Henan,Xinxiang,Sulfadiazine,sulfonamides,54.17,,ng/g dw,2014,,"Jin, C. X., Si, X. W., Wang, Z. Y. & Zhang, Q. W. Distribution and Risk Assessment of Sulfonamides Antibiotics in Soil and Vegetables from Feedlot Livestock. Huan Jing Ke Xue 37, 1562-1567 (2016).",review_original_document | remaining_doublecheck sheet (suspicious conversions workbook),87,21052026_environmental_suspicious_conversions.xlsx:remaining_doublecheck,https://scholar.google.com/scholar?q=Distribution+and+Risk+Assessment+of+Sulfonamides+Antibiotics+in+Soil+and+Vegetables+from+Feedlot+Livestock,True
soil,soil,Henan,Xinxiang,Sulfadiazine,sulfonamides,54.17,,ng/g dw,2016,,"Jin, C. et al. The Forms, Distribution, and Risk Assessment of Sulfonamide Antibiotics in the Manure-Soil-Vegetable System of Feedlot Livestock. Bull Environ Contam Toxicol 105, 790-797, doi:10.1007/s00128-020-03010-9 (2020).",review_original_document | remaining_doublecheck sheet (suspicious conversions workbook),53,21052026_environmental_suspicious_conversions.xlsx:remaining_doublecheck,https://doi.org/10.1007/s00128-020-03010-9,True
soil,soil,Henan,Xinxiang,Sulfamethazine,sulfonamides,5.54,,ng/g dw,2014,,"Jin, C. X., Si, X. W., Wang, Z. Y. & Zhang, Q. W. Distribution and Risk Assessment of Sulfonamides Antibiotics in Soil and Vegetables from Feedlot Livestock. Huan Jing Ke Xue 37, 1562-1567 (2016).",review_original_document | remaining_doublecheck sheet (suspicious conversions workbook),87,21052026_environmental_suspicious_conversions.xlsx:remaining_doublecheck,https://scholar.google.com/scholar?q=Distribution+and+Risk+Assessment+of+Sulfonamides+Antibiotics+in+Soil+and+Vegetables+from+Feedlot+Livestock,True
soil,soil,Henan,Xinxiang,Sulfamethazine,sulfonamides,5.54,,ng/g dw,2016,,"Jin, C. et al. The Forms, Distribution, and Risk Assessment of Sulfonamide Antibiotics in the Manure-Soil-Vegetable System of Feedlot Livestock. Bull Environ Contam Toxicol 105, 790-797, doi:10.1007/s00128-020-03010-9 (2020).",review_original_document | remaining_doublecheck sheet (suspicious conversions workbook),53,21052026_environmental_suspicious_conversions.xlsx:remaining_doublecheck,https://doi.org/10.1007/s00128-020-03010-9,True
soil,soil,Henan,Xinxiang,Sulfamonomethoxine,sulfonamides,11.02,,ng/g dw,2016,,"Jin, C. et al. The Forms, Distribution, and Risk Assessment of Sulfonamide Antibiotics in the Manure-Soil-Vegetable System of Feedlot Livestock. Bull Environ Contam Toxicol 105, 790-797, doi:10.1007/s00128-020-03010-9 (2020).",review_original_document | remaining_doublecheck sheet (suspicious conversions workbook),53,21052026_environmental_suspicious_conversions.xlsx:remaining_doublecheck,https://doi.org/10.1007/s00128-020-03010-9,True
sediment,sediment,Jilin,Songhua River,Erythromycin,other,25.1,,ng/g dw,2017,,"He, S. et al. Occurrence and ecological risk assessment of 22 emerging contaminants in the Jilin Songhua River (Northeast China). Environmental Science and Pollution Research 25 (2018).",review_original_document | remaining_doublecheck sheet (suspicious conversions workbook),126,21052026_environmental_suspicious_conversions.xlsx:remaining_doublecheck,https://scholar.google.com/scholar?q=Occurrence+and+ecological+risk+assessment+of+22+emerging+contaminants+in+the+Jilin+Songhua+River+%28Northeast+China%29,True
soil,soil,Sichuan,Sichuan,Azithromycin,macrolides,11.34,,ng/g dw,2016,,"Wei, R. et al. Occurrence of seventeen veterinary antibiotics and resistant bacterias in manure-fertilized vegetable farm soil in four provinces of China. Chemosphere 215, 234-240, doi:10.1016/j.chemosphere.2018.09.152 (2019).",review_original_document | remaining_doublecheck sheet (suspicious conversions workbook),131,21052026_environmental_suspicious_conversions.xlsx:remaining_doublecheck,https://doi.org/10.1016/j.chemosphere.2018.09.152,True
soil,soil,Sichuan,Sichuan,Azithromycin,macrolides,11.34,,ng/g dw,2016,,"Wei, R. et al. Occurrence of seventeen veterinary antibiotics and resistant bacterias in manure-fertilized vegetable farm soil in four provinces of China. Chemosphere (2018).",review_original_document | remaining_doublecheck sheet (suspicious conversions workbook),147,21052026_environmental_suspicious_conversions.xlsx:remaining_doublecheck,https://scholar.google.com/scholar?q=Occurrence+of+seventeen+veterinary+antibiotics+and+resistant+bacterias+in+manure-fertilized+vegetable+farm+soil+in+four+provinces+of+China,True
soil,soil,Sichuan,Sichuan Basin (17 municipal units; livestock farms),Chlortetracycline,tetracyclines,0.125,2.5,ng/g dw,2022–2023,,"Lai, C. (2025). Overall Evaluation of Antibiotics Occurrence from Large-Scale Livestock Farms in Sichuan Basin, China: Spatial Distribution, Source Apportionment, and Risk Assessment. Toxics 2025, 13, 154.",Table 2 (soil) and Table 3 (surface water) in main PDF; parsed from text extraction.,N_LAI2025_SICHUAN_BASIN,Lai_2025_Toxics_main_pdf,https://doi.org/10.3390/toxics13030154,True
soil,soil,Sichuan,Sichuan Basin (17 municipal units; livestock farms),Tetracycline,tetracyclines,1.82,4.2,ng/g dw,2022–2023,,"Lai, C. (2025). Overall Evaluation of Antibiotics Occurrence from Large-Scale Livestock Farms in Sichuan Basin, China: Spatial Distribution, Source Apportionment, and Risk Assessment. Toxics 2025, 13, 154.",Table 2 (soil) and Table 3 (surface water) in main PDF; parsed from text extraction.,N_LAI2025_SICHUAN_BASIN,Lai_2025_Toxics_main_pdf,https://doi.org/10.3390/toxics13030154,True
soil,soil,Sichuan,Sichuan Basin (17 municipal units; livestock farms),Oxytetracycline,tetracyclines,0.17,3.4,ng/g dw,2022–2023,,"Lai, C. (2025). Overall Evaluation of Antibiotics Occurrence from Large-Scale Livestock Farms in Sichuan Basin, China: Spatial Distribution, Source Apportionment, and Risk Assessment. Toxics 2025, 13, 154.",Table 2 (soil) and Table 3 (surface water) in main PDF; parsed from text extraction.,N_LAI2025_SICHUAN_BASIN,Lai_2025_Toxics_main_pdf,https://doi.org/10.3390/toxics13030154,True
soil,soil,Sichuan,Sichuan Basin (17 municipal units; livestock farms),Doxycycline,tetracyclines,0.755,4.1,ng/g dw,2022–2023,,"Lai, C. (2025). Overall Evaluation of Antibiotics Occurrence from Large-Scale Livestock Farms in Sichuan Basin, China: Spatial Distribution, Source Apportionment, and Risk Assessment. Toxics 2025, 13, 154.",Table 2 (soil) and Table 3 (surface water) in main PDF; parsed from text extraction.,N_LAI2025_SICHUAN_BASIN,Lai_2025_Toxics_main_pdf,https://doi.org/10.3390/toxics13030154,True
soil,soil,Sichuan,Sichuan Basin (17 municipal units; livestock farms),Marbofloxacin,fluoroquinolones,2.225,3.6,ng/g dw,2022–2023,,"Lai, C. (2025). Overall Evaluation of Antibiotics Occurrence from Large-Scale Livestock Farms in Sichuan Basin, China: Spatial Distribution, Source Apportionment, and Risk Assessment. Toxics 2025, 13, 154.",Table 2 (soil) and Table 3 (surface water) in main PDF; parsed from text extraction.,N_LAI2025_SICHUAN_BASIN,Lai_2025_Toxics_main_pdf,https://doi.org/10.3390/toxics13030154,True
soil,soil,Sichuan,Sichuan Basin (17 municipal units; livestock farms),Ofloxacin,fluoroquinolones,1.88,12.2,ng/g dw,2022–2023,,"Lai, C. (2025). Overall Evaluation of Antibiotics Occurrence from Large-Scale Livestock Farms in Sichuan Basin, China: Spatial Distribution, Source Apportionment, and Risk Assessment. Toxics 2025, 13, 154.",Table 2 (soil) and Table 3 (surface water) in main PDF; parsed from text extraction.,N_LAI2025_SICHUAN_BASIN,Lai_2025_Toxics_main_pdf,https://doi.org/10.3390/toxics13030154,True
soil,soil,Sichuan,Sichuan Basin (17 municipal units; livestock farms),Ciprofloxacin,fluoroquinolones,4.645,5.9,ng/g dw,2022–2023,,"Lai, C. (2025). Overall Evaluation of Antibiotics Occurrence from Large-Scale Livestock Farms in Sichuan Basin, China: Spatial Distribution, Source Apportionment, and Risk Assessment. Toxics 2025, 13, 154.",Table 2 (soil) and Table 3 (surface water) in main PDF; parsed from text extraction.,N_LAI2025_SICHUAN_BASIN,Lai_2025_Toxics_main_pdf,https://doi.org/10.3390/toxics13030154,True
soil,soil,Sichuan,Sichuan Basin (17 municipal units; livestock farms),Enoxacin,fluoroquinolones,3.685,4.5,ng/g dw,2022–2023,,"Lai, C. (2025). Overall Evaluation of Antibiotics Occurrence from Large-Scale Livestock Farms in Sichuan Basin, China: Spatial Distribution, Source Apportionment, and Risk Assessment. Toxics 2025, 13, 154.",Table 2 (soil) and Table 3 (surface water) in main PDF; parsed from text extraction.,N_LAI2025_SICHUAN_BASIN,Lai_2025_Toxics_main_pdf,https://doi.org/10.3390/toxics13030154,True
soil,soil,Sichuan,Sichuan Basin (17 municipal units; livestock farms),Norfloxacin,fluoroquinolones,4.31,6.1,ng/g dw,2022–2023,,"Lai, C. (2025). Overall Evaluation of Antibiotics Occurrence from Large-Scale Livestock Farms in Sichuan Basin, China: Spatial Distribution, Source Apportionment, and Risk Assessment. Toxics 2025, 13, 154.",Table 2 (soil) and Table 3 (surface water) in main PDF; parsed from text extraction.,N_LAI2025_SICHUAN_BASIN,Lai_2025_Toxics_main_pdf,https://doi.org/10.3390/toxics13030154,True
soil,soil,Sichuan,Sichuan Basin (17 municipal units; livestock farms),Lomefloxacin,fluoroquinolones,1.825,4.0,ng/g dw,2022–2023,,"Lai, C. (2025). Overall Evaluation of Antibiotics Occurrence from Large-Scale Livestock Farms in Sichuan Basin, China: Spatial Distribution, Source Apportionment, and Risk Assessment. Toxics 2025, 13, 154.",Table 2 (soil) and Table 3 (surface water) in main PDF; parsed from text extraction.,N_LAI2025_SICHUAN_BASIN,Lai_2025_Toxics_main_pdf,https://doi.org/10.3390/toxics13030154,True
soil,soil,Sichuan,Sichuan Basin (17 municipal units; livestock farms),Sarafloxacin,fluoroquinolones,1.225,3.2,ng/g dw,2022–2023,,"Lai, C. (2025). Overall Evaluation of Antibiotics Occurrence from Large-Scale Livestock Farms in Sichuan Basin, China: Spatial Distribution, Source Apportionment, and Risk Assessment. Toxics 2025, 13, 154.",Table 2 (soil) and Table 3 (surface water) in main PDF; parsed from text extraction.,N_LAI2025_SICHUAN_BASIN,Lai_2025_Toxics_main_pdf,https://doi.org/10.3390/toxics13030154,True
surface water,surface water,Sichuan,Sichuan Basin (17 municipal units; livestock farms),Chlortetracycline,tetracyclines,0.00016,0.00123,ng/L,2022–2023,,"Lai, C. (2025). Overall Evaluation of Antibiotics Occurrence from Large-Scale Livestock Farms in Sichuan Basin, China: Spatial Distribution, Source Apportionment, and Risk Assessment. Toxics 2025, 13, 154.",Table 2 (soil) and Table 3 (surface water) in main PDF; parsed from text extraction.,N_LAI2025_SICHUAN_BASIN,Lai_2025_Toxics_main_pdf,https://doi.org/10.3390/toxics13030154,True
surface water,surface water,Sichuan,Sichuan Basin (17 municipal units; livestock farms),Tetracycline,tetracyclines,0.00018,0.00081,ng/L,2022–2023,,"Lai, C. (2025). Overall Evaluation of Antibiotics Occurrence from Large-Scale Livestock Farms in Sichuan Basin, China: Spatial Distribution, Source Apportionment, and Risk Assessment. Toxics 2025, 13, 154.",Table 2 (soil) and Table 3 (surface water) in main PDF; parsed from text extraction.,N_LAI2025_SICHUAN_BASIN,Lai_2025_Toxics_main_pdf,https://doi.org/10.3390/toxics13030154,True
surface water,surface water,Sichuan,Sichuan Basin (17 municipal units; livestock farms),Oxytetracycline,tetracyclines,0.00085,0.00536,ng/L,2022–2023,,"Lai, C. (2025). Overall Evaluation of Antibiotics Occurrence from Large-Scale Livestock Farms in Sichuan Basin, China: Spatial Distribution, Source Apportionment, and Risk Assessment. Toxics 2025, 13, 154.",Table 2 (soil) and Table 3 (surface water) in main PDF; parsed from text extraction.,N_LAI2025_SICHUAN_BASIN,Lai_2025_Toxics_main_pdf,https://doi.org/10.3390/toxics13030154,True
surface water,surface water,Sichuan,Sichuan Basin (17 municipal units; livestock farms),Doxycycline,tetracyclines,0.0004,0.00194,ng/L,2022–2023,,"Lai, C. (2025). Overall Evaluation of Antibiotics Occurrence from Large-Scale Livestock Farms in Sichuan Basin, China: Spatial Distribution, Source Apportionment, and Risk Assessment. Toxics 2025, 13, 154.",Table 2 (soil) and Table 3 (surface water) in main PDF; parsed from text extraction.,N_LAI2025_SICHUAN_BASIN,Lai_2025_Toxics_main_pdf,https://doi.org/10.3390/toxics13030154,True
surface water,surface water,Sichuan,Sichuan Basin (17 municipal units; livestock farms),Sulfamethazine,sulfonamides,0.0096,0.0653,ng/L,2022–2023,,"Lai, C. (2025). Overall Evaluation of Antibiotics Occurrence from Large-Scale Livestock Farms in Sichuan Basin, China: Spatial Distribution, Source Apportionment, and Risk Assessment. Toxics 2025, 13, 154.",Table 2 (soil) and Table 3 (surface water) in main PDF; parsed from text extraction.,N_LAI2025_SICHUAN_BASIN,Lai_2025_Toxics_main_pdf,https://doi.org/10.3390/toxics13030154,True
surface water,surface water,Sichuan,Sichuan Basin (17 municipal units; livestock farms),Sulfadiazine,sulfonamides,0.00951,0.101,ng/L,2022–2023,,"Lai, C. (2025). Overall Evaluation of Antibiotics Occurrence from Large-Scale Livestock Farms in Sichuan Basin, China: Spatial Distribution, Source Apportionment, and Risk Assessment. Toxics 2025, 13, 154.",Table 2 (soil) and Table 3 (surface water) in main PDF; parsed from text extraction.,N_LAI2025_SICHUAN_BASIN,Lai_2025_Toxics_main_pdf,https://doi.org/10.3390/toxics13030154,True
surface water,surface water,Sichuan,Sichuan Basin (17 municipal units; livestock farms),Sulfathiazole,sulfonamides,5e-05,0.00039,ng/L,2022–2023,,"Lai, C. (2025). Overall Evaluation of Antibiotics Occurrence from Large-Scale Livestock Farms in Sichuan Basin, China: Spatial Distribution, Source Apportionment, and Risk Assessment. Toxics 2025, 13, 154.",Table 2 (soil) and Table 3 (surface water) in main PDF; parsed from text extraction.,N_LAI2025_SICHUAN_BASIN,Lai_2025_Toxics_main_pdf,https://doi.org/10.3390/toxics13030154,True
surface water,surface water,Sichuan,Sichuan Basin (17 municipal units; livestock farms),Sulfadimidine,sulfonamides,6e-05,0.00085,ng/L,2022–2023,,"Lai, C. (2025). Overall Evaluation of Antibiotics Occurrence from Large-Scale Livestock Farms in Sichuan Basin, China: Spatial Distribution, Source Apportionment, and Risk Assessment. Toxics 2025, 13, 154.",Table 2 (soil) and Table 3 (surface water) in main PDF; parsed from text extraction.,N_LAI2025_SICHUAN_BASIN,Lai_2025_Toxics_main_pdf,https://doi.org/10.3390/toxics13030154,True
surface water,surface water,Sichuan,Sichuan Basin (17 municipal units; livestock farms),Sulfachloropyridazine,sulfonamides,0.00352,0.0182,ng/L,2022–2023,,"Lai, C. (2025). Overall Evaluation of Antibiotics Occurrence from Large-Scale Livestock Farms in Sichuan Basin, China: Spatial Distribution, Source Apportionment, and Risk Assessment. Toxics 2025, 13, 154.",Table 2 (soil) and Table 3 (surface water) in main PDF; parsed from text extraction.,N_LAI2025_SICHUAN_BASIN,Lai_2025_Toxics_main_pdf,https://doi.org/10.3390/toxics13030154,True
surface water,surface water,Sichuan,Sichuan Basin (17 municipal units; livestock farms),Sulfamethoxazole,sulfonamides,2e-05,0.0004,ng/L,2022–2023,,"Lai, C. (2025). Overall Evaluation of Antibiotics Occurrence from Large-Scale Livestock Farms in Sichuan Basin, China: Spatial Distribution, Source Apportionment, and Risk Assessment. Toxics 2025, 13, 154.",Table 2 (soil) and Table 3 (surface water) in main PDF; parsed from text extraction.,N_LAI2025_SICHUAN_BASIN,Lai_2025_Toxics_main_pdf,https://doi.org/10.3390/toxics13030154,True
surface water,surface water,Sichuan,Sichuan Basin (17 municipal units; livestock farms),Ciprofloxacin,fluoroquinolones,0.02987,0.189,ng/L,2022–2023,,"Lai, C. (2025). Overall Evaluation of Antibiotics Occurrence from Large-Scale Livestock Farms in Sichuan Basin, China: Spatial Distribution, Source Apportionment, and Risk Assessment. Toxics 2025, 13, 154.",Table 2 (soil) and Table 3 (surface water) in main PDF; parsed from text extraction.,N_LAI2025_SICHUAN_BASIN,Lai_2025_Toxics_main_pdf,https://doi.org/10.3390/toxics13030154,True
surface water,surface water,Sichuan,Sichuan Basin (17 municipal units; livestock farms),Enoxacin,fluoroquinolones,0.03574,0.158,ng/L,2022–2023,,"Lai, C. (2025). Overall Evaluation of Antibiotics Occurrence from Large-Scale Livestock Farms in Sichuan Basin, China: Spatial Distribution, Source Apportionment, and Risk Assessment. Toxics 2025, 13, 154.",Table 2 (soil) and Table 3 (surface water) in main PDF; parsed from text extraction.,N_LAI2025_SICHUAN_BASIN,Lai_2025_Toxics_main_pdf,https://doi.org/10.3390/toxics13030154,True
surface water,surface water,Sichuan,Sichuan Basin (17 municipal units; livestock farms),Norfloxacin,fluoroquinolones,0.03179,0.112,ng/L,2022–2023,,"Lai, C. (2025). Overall Evaluation of Antibiotics Occurrence from Large-Scale Livestock Farms in Sichuan Basin, China: Spatial Distribution, Source Apportionment, and Risk Assessment. Toxics 2025, 13, 154.",Table 2 (soil) and Table 3 (surface water) in main PDF; parsed from text extraction.,N_LAI2025_SICHUAN_BASIN,Lai_2025_Toxics_main_pdf,https://doi.org/10.3390/toxics13030154,True
surface water,surface water,Sichuan,Sichuan Basin (17 municipal units; livestock farms),Enrofloxacin,fluoroquinolones,0.0035,0.0284,ng/L,2022–2023,,"Lai, C. (2025). Overall Evaluation of Antibiotics Occurrence from Large-Scale Livestock Farms in Sichuan Basin, China: Spatial Distribution, Source Apportionment, and Risk Assessment. Toxics 2025, 13, 154.",Table 2 (soil) and Table 3 (surface water) in main PDF; parsed from text extraction.,N_LAI2025_SICHUAN_BASIN,Lai_2025_Toxics_main_pdf,https://doi.org/10.3390/toxics13030154,True
surface water,surface water,Sichuan,Sichuan Basin (17 municipal units; livestock farms),Lomefloxacin,fluoroquinolones,0.00232,0.0193,ng/L,2022–2023,,"Lai, C. (2025). Overall Evaluation of Antibiotics Occurrence from Large-Scale Livestock Farms in Sichuan Basin, China: Spatial Distribution, Source Apportionment, and Risk Assessment. Toxics 2025, 13, 154.",Table 2 (soil) and Table 3 (surface water) in main PDF; parsed from text extraction.,N_LAI2025_SICHUAN_BASIN,Lai_2025_Toxics_main_pdf,https://doi.org/10.3390/toxics13030154,True
surface water,surface water,Sichuan,Sichuan Basin (17 municipal units; livestock farms),Sarafloxacin,fluoroquinolones,0.00102,0.00737,ng/L,2022–2023,,"Lai, C. (2025). Overall Evaluation of Antibiotics Occurrence from Large-Scale Livestock Farms in Sichuan Basin, China: Spatial Distribution, Source Apportionment, and Risk Assessment. Toxics 2025, 13, 154.",Table 2 (soil) and Table 3 (surface water) in main PDF; parsed from text extraction.,N_LAI2025_SICHUAN_BASIN,Lai_2025_Toxics_main_pdf,https://doi.org/10.3390/toxics13030154,True
municipal wastewater influent,wastewater influent,Guangdong,Plant A WWTP (South China; A2/O),Sulfadiazine,sulfonamides,21.9,,ng/L,2010,May,"Zhou, L.-J., Ying, G.-G., Liu, S., Zhao, J.-L., Yang, B., Chen, Z.-F., & Lai, H.-J. (2013). Occurrence and fate of eleven classes of antibiotics in two typical wastewater treatment plants in South China. Science of The Total Environment, 452–453, 365–376.",Table S6 Plant A May Influent,N_ZHOU2013_SC_WWTP,Sup 2013 Li-Jun Zhou ... .doc (textutil txt) Tables S6–S7,https://doi.org/10.1016/j.scitotenv.2013.03.010,True
municipal wastewater effluent,wastewater effluent,Guangdong,Plant A WWTP (South China; A2/O),Sulfadiazine,sulfonamides,1.14,,ng/L,2010,May,"Zhou, L.-J., Ying, G.-G., Liu, S., Zhao, J.-L., Yang, B., Chen, Z.-F., & Lai, H.-J. (2013). Occurrence and fate of eleven classes of antibiotics in two typical wastewater treatment plants in South China. Science of The Total Environment, 452–453, 365–376.",Table S6 Plant A May Final effluent,N_ZHOU2013_SC_WWTP,Sup 2013 Li-Jun Zhou ... .doc (textutil txt) Tables S6–S7,https://doi.org/10.1016/j.scitotenv.2013.03.010,True
municipal wastewater influent,wastewater influent,Guangdong,Plant A WWTP (South China; A2/O),Sulfadiazine,sulfonamides,15.4,,ng/L,2010,November,"Zhou, L.-J., Ying, G.-G., Liu, S., Zhao, J.-L., Yang, B., Chen, Z.-F., & Lai, H.-J. (2013). Occurrence and fate of eleven classes of antibiotics in two typical wastewater treatment plants in South China. Science of The Total Environment, 452–453, 365–376.",Table S6 Plant A Nov Influent,N_ZHOU2013_SC_WWTP,Sup 2013 Li-Jun Zhou ... .doc (textutil txt) Tables S6–S7,https://doi.org/10.1016/j.scitotenv.2013.03.010,True
municipal wastewater effluent,wastewater effluent,Guangdong,Plant A WWTP (South China; A2/O),Sulfadiazine,sulfonamides,4.12,,ng/L,2010,November,"Zhou, L.-J., Ying, G.-G., Liu, S., Zhao, J.-L., Yang, B., Chen, Z.-F., & Lai, H.-J. (2013). Occurrence and fate of eleven classes of antibiotics in two typical wastewater treatment plants in South China. Science of The Total Environment, 452–453, 365–376.",Table S6 Plant A Nov Final effluent,N_ZHOU2013_SC_WWTP,Sup 2013 Li-Jun Zhou ... .doc (textutil txt) Tables S6–S7,https://doi.org/10.1016/j.scitotenv.2013.03.010,True
municipal wastewater influent,wastewater influent,Guangdong,Plant A WWTP (South China; A2/O),Sulfamethazine,sulfonamides,105.0,,ng/L,2010,May,"Zhou, L.-J., Ying, G.-G., Liu, S., Zhao, J.-L., Yang, B., Chen, Z.-F., & Lai, H.-J. (2013). Occurrence and fate of eleven classes of antibiotics in two typical wastewater treatment plants in South China. Science of The Total Environment, 452–453, 365–376.",Table S6 Plant A May Influent,N_ZHOU2013_SC_WWTP,Sup 2013 Li-Jun Zhou ... .doc (textutil txt) Tables S6–S7,https://doi.org/10.1016/j.scitotenv.2013.03.010,True
municipal wastewater effluent,wastewater effluent,Guangdong,Plant A WWTP (South China; A2/O),Sulfamethazine,sulfonamides,12.3,,ng/L,2010,May,"Zhou, L.-J., Ying, G.-G., Liu, S., Zhao, J.-L., Yang, B., Chen, Z.-F., & Lai, H.-J. (2013). Occurrence and fate of eleven classes of antibiotics in two typical wastewater treatment plants in South China. Science of The Total Environment, 452–453, 365–376.",Table S6 Plant A May Final effluent,N_ZHOU2013_SC_WWTP,Sup 2013 Li-Jun Zhou ... .doc (textutil txt) Tables S6–S7,https://doi.org/10.1016/j.scitotenv.2013.03.010,True
municipal wastewater influent,wastewater influent,Guangdong,Plant A WWTP (South China; A2/O),Sulfamethazine,sulfonamides,19.3,,ng/L,2010,November,"Zhou, L.-J., Ying, G.-G., Liu, S., Zhao, J.-L., Yang, B., Chen, Z.-F., & Lai, H.-J. (2013). Occurrence and fate of eleven classes of antibiotics in two typical wastewater treatment plants in South China. Science of The Total Environment, 452–453, 365–376.",Table S6 Plant A Nov Influent,N_ZHOU2013_SC_WWTP,Sup 2013 Li-Jun Zhou ... .doc (textutil txt) Tables S6–S7,https://doi.org/10.1016/j.scitotenv.2013.03.010,True
municipal wastewater effluent,wastewater effluent,Guangdong,Plant A WWTP (South China; A2/O),Sulfamethazine,sulfonamides,7.3,,ng/L,2010,November,"Zhou, L.-J., Ying, G.-G., Liu, S., Zhao, J.-L., Yang, B., Chen, Z.-F., & Lai, H.-J. (2013). Occurrence and fate of eleven classes of antibiotics in two typical wastewater treatment plants in South China. Science of The Total Environment, 452–453, 365–376.",Table S6 Plant A Nov Final effluent,N_ZHOU2013_SC_WWTP,Sup 2013 Li-Jun Zhou ... .doc (textutil txt) Tables S6–S7,https://doi.org/10.1016/j.scitotenv.2013.03.010,True
municipal wastewater influent,wastewater influent,Guangdong,Plant A WWTP (South China; A2/O),Sulfamethoxazole,sulfonamides,543.0,,ng/L,2010,May,"Zhou, L.-J., Ying, G.-G., Liu, S., Zhao, J.-L., Yang, B., Chen, Z.-F., & Lai, H.-J. (2013). Occurrence and fate of eleven classes of antibiotics in two typical wastewater treatment plants in South China. Science of The Total Environment, 452–453, 365–376.",Table S6 Plant A May Influent,N_ZHOU2013_SC_WWTP,Sup 2013 Li-Jun Zhou ... .doc (textutil txt) Tables S6–S7,https://doi.org/10.1016/j.scitotenv.2013.03.010,True
municipal wastewater effluent,wastewater effluent,Guangdong,Plant A WWTP (South China; A2/O),Sulfamethoxazole,sulfonamides,86.8,,ng/L,2010,May,"Zhou, L.-J., Ying, G.-G., Liu, S., Zhao, J.-L., Yang, B., Chen, Z.-F., & Lai, H.-J. (2013). Occurrence and fate of eleven classes of antibiotics in two typical wastewater treatment plants in South China. Science of The Total Environment, 452–453, 365–376.",Table S6 Plant A May Final effluent,N_ZHOU2013_SC_WWTP,Sup 2013 Li-Jun Zhou ... .doc (textutil txt) Tables S6–S7,https://doi.org/10.1016/j.scitotenv.2013.03.010,True
municipal wastewater influent,wastewater influent,Guangdong,Plant A WWTP (South China; A2/O),Sulfamethoxazole,sulfonamides,405.0,,ng/L,2010,November,"Zhou, L.-J., Ying, G.-G., Liu, S., Zhao, J.-L., Yang, B., Chen, Z.-F., & Lai, H.-J. (2013). Occurrence and fate of eleven classes of antibiotics in two typical wastewater treatment plants in South China. Science of The Total Environment, 452–453, 365–376.",Table S6 Plant A Nov Influent,N_ZHOU2013_SC_WWTP,Sup 2013 Li-Jun Zhou ... .doc (textutil txt) Tables S6–S7,https://doi.org/10.1016/j.scitotenv.2013.03.010,True
municipal wastewater effluent,wastewater effluent,Guangdong,Plant A WWTP (South China; A2/O),Sulfamethoxazole,sulfonamides,106.0,,ng/L,2010,November,"Zhou, L.-J., Ying, G.-G., Liu, S., Zhao, J.-L., Yang, B., Chen, Z.-F., & Lai, H.-J. (2013). Occurrence and fate of eleven classes of antibiotics in two typical wastewater treatment plants in South China. Science of The Total Environment, 452–453, 365–376.",Table S6 Plant A Nov Final effluent,N_ZHOU2013_SC_WWTP,Sup 2013 Li-Jun Zhou ... .doc (textutil txt) Tables S6–S7,https://doi.org/10.1016/j.scitotenv.2013.03.010,True
municipal wastewater influent,wastewater influent,Guangdong,Plant A WWTP (South China; A2/O),Sulfamonomethoxine,sulfonamides,9.48,,ng/L,2010,May,"Zhou, L.-J., Ying, G.-G., Liu, S., Zhao, J.-L., Yang, B., Chen, Z.-F., & Lai, H.-J. (2013). Occurrence and fate of eleven classes of antibiotics in two typical wastewater treatment plants in South China. Science of The Total Environment, 452–453, 365–376.",Table S6 Plant A May Influent,N_ZHOU2013_SC_WWTP,Sup 2013 Li-Jun Zhou ... .doc (textutil txt) Tables S6–S7,https://doi.org/10.1016/j.scitotenv.2013.03.010,True
municipal wastewater influent,wastewater influent,Guangdong,Plant A WWTP (South China; A2/O),Sulfamonomethoxine,sulfonamides,5.6,,ng/L,2010,November,"Zhou, L.-J., Ying, G.-G., Liu, S., Zhao, J.-L., Yang, B., Chen, Z.-F., & Lai, H.-J. (2013). Occurrence and fate of eleven classes of antibiotics in two typical wastewater treatment plants in South China. Science of The Total Environment, 452–453, 365–376.",Table S6 Plant A Nov Influent,N_ZHOU2013_SC_WWTP,Sup 2013 Li-Jun Zhou ... .doc (textutil txt) Tables S6–S7,https://doi.org/10.1016/j.scitotenv.2013.03.010,True
municipal wastewater influent,wastewater influent,Guangdong,Plant A WWTP (South China; A2/O),Sulfapyridine,sulfonamides,121.0,,ng/L,2010,May,"Zhou, L.-J., Ying, G.-G., Liu, S., Zhao, J.-L., Yang, B., Chen, Z.-F., & Lai, H.-J. (2013). Occurrence and fate of eleven classes of antibiotics in two typical wastewater treatment plants in South China. Science of The Total Environment, 452–453, 365–376.",Table S6 Plant A May Influent,N_ZHOU2013_SC_WWTP,Sup 2013 Li-Jun Zhou ... .doc (textutil txt) Tables S6–S7,https://doi.org/10.1016/j.scitotenv.2013.03.010,True
municipal wastewater effluent,wastewater effluent,Guangdong,Plant A WWTP (South China; A2/O),Sulfapyridine,sulfonamides,7.88,,ng/L,2010,May,"Zhou, L.-J., Ying, G.-G., Liu, S., Zhao, J.-L., Yang, B., Chen, Z.-F., & Lai, H.-J. (2013). Occurrence and fate of eleven classes of antibiotics in two typical wastewater treatment plants in South China. Science of The Total Environment, 452–453, 365–376.",Table S6 Plant A May Final effluent,N_ZHOU2013_SC_WWTP,Sup 2013 Li-Jun Zhou ... .doc (textutil txt) Tables S6–S7,https://doi.org/10.1016/j.scitotenv.2013.03.010,True
municipal wastewater influent,wastewater influent,Guangdong,Plant A WWTP (South China; A2/O),Sulfapyridine,sulfonamides,39.6,,ng/L,2010,November,"Zhou, L.-J., Ying, G.-G., Liu, S., Zhao, J.-L., Yang, B., Chen, Z.-F., & Lai, H.-J. (2013). Occurrence and fate of eleven classes of antibiotics in two typical wastewater treatment plants in South China. Science of The Total Environment, 452–453, 365–376.",Table S6 Plant A Nov Influent,N_ZHOU2013_SC_WWTP,Sup 2013 Li-Jun Zhou ... .doc (textutil txt) Tables S6–S7,https://doi.org/10.1016/j.scitotenv.2013.03.010,True
municipal wastewater effluent,wastewater effluent,Guangdong,Plant A WWTP (South China; A2/O),Sulfapyridine,sulfonamides,16.3,,ng/L,2010,November,"Zhou, L.-J., Ying, G.-G., Liu, S., Zhao, J.-L., Yang, B., Chen, Z.-F., & Lai, H.-J. (2013). Occurrence and fate of eleven classes of antibiotics in two typical wastewater treatment plants in South China. Science of The Total Environment, 452–453, 365–376.",Table S6 Plant A Nov Final effluent,N_ZHOU2013_SC_WWTP,Sup 2013 Li-Jun Zhou ... .doc (textutil txt) Tables S6–S7,https://doi.org/10.1016/j.scitotenv.2013.03.010,True
municipal wastewater influent,wastewater influent,Guangdong,Plant A WWTP (South China; A2/O),Trimethoprim,sulfonamides,145.0,,ng/L,2010,May,"Zhou, L.-J., Ying, G.-G., Liu, S., Zhao, J.-L., Yang, B., Chen, Z.-F., & Lai, H.-J. (2013). Occurrence and fate of eleven classes of antibiotics in two typical wastewater treatment plants in South China. Science of The Total Environment, 452–453, 365–376.",Table S6 Plant A May Influent,N_ZHOU2013_SC_WWTP,Sup 2013 Li-Jun Zhou ... .doc (textutil txt) Tables S6–S7,https://doi.org/10.1016/j.scitotenv.2013.03.010,True
municipal wastewater effluent,wastewater effluent,Guangdong,Plant A WWTP (South China; A2/O),Trimethoprim,sulfonamides,52.4,,ng/L,2010,May,"Zhou, L.-J., Ying, G.-G., Liu, S., Zhao, J.-L., Yang, B., Chen, Z.-F., & Lai, H.-J. (2013). Occurrence and fate of eleven classes of antibiotics in two typical wastewater treatment plants in South China. Science of The Total Environment, 452–453, 365–376.",Table S6 Plant A May Final effluent,N_ZHOU2013_SC_WWTP,Sup 2013 Li-Jun Zhou ... .doc (textutil txt) Tables S6–S7,https://doi.org/10.1016/j.scitotenv.2013.03.010,True
municipal wastewater influent,wastewater influent,Guangdong,Plant A WWTP (South China; A2/O),Trimethoprim,sulfonamides,162.0,,ng/L,2010,November,"Zhou, L.-J., Ying, G.-G., Liu, S., Zhao, J.-L., Yang, B., Chen, Z.-F., & Lai, H.-J. (2013). Occurrence and fate of eleven classes of antibiotics in two typical wastewater treatment plants in South China. Science of The Total Environment, 452–453, 365–376.",Table S6 Plant A Nov Influent,N_ZHOU2013_SC_WWTP,Sup 2013 Li-Jun Zhou ... .doc (textutil txt) Tables S6–S7,https://doi.org/10.1016/j.scitotenv.2013.03.010,True
municipal wastewater effluent,wastewater effluent,Guangdong,Plant A WWTP (South China; A2/O),Trimethoprim,sulfonamides,64.0,,ng/L,2010,November,"Zhou, L.-J., Ying, G.-G., Liu, S., Zhao, J.-L., Yang, B., Chen, Z.-F., & Lai, H.-J. (2013). Occurrence and fate of eleven classes of antibiotics in two typical wastewater treatment plants in South China. Science of The Total Environment, 452–453, 365–376.",Table S6 Plant A Nov Final effluent,N_ZHOU2013_SC_WWTP,Sup 2013 Li-Jun Zhou ... .doc (textutil txt) Tables S6–S7,https://doi.org/10.1016/j.scitotenv.2013.03.010,True
municipal wastewater influent,wastewater influent,Guangdong,Plant A WWTP (South China; A2/O),Chlortetracycline,tetracyclines,35.7,,ng/L,2010,May,"Zhou, L.-J., Ying, G.-G., Liu, S., Zhao, J.-L., Yang, B., Chen, Z.-F., & Lai, H.-J. (2013). Occurrence and fate of eleven classes of antibiotics in two typical wastewater treatment plants in South China. Science of The Total Environment, 452–453, 365–376.",Table S6 Plant A May Influent,N_ZHOU2013_SC_WWTP,Sup 2013 Li-Jun Zhou ... .doc (textutil txt) Tables S6–S7,https://doi.org/10.1016/j.scitotenv.2013.03.010,True
municipal wastewater influent,wastewater influent,Guangdong,Plant A WWTP (South China; A2/O),Chlortetracycline,tetracyclines,7.46,,ng/L,2010,November,"Zhou, L.-J., Ying, G.-G., Liu, S., Zhao, J.-L., Yang, B., Chen, Z.-F., & Lai, H.-J. (2013). Occurrence and fate of eleven classes of antibiotics in two typical wastewater treatment plants in South China. Science of The Total Environment, 452–453, 365–376.",Table S6 Plant A Nov Influent,N_ZHOU2013_SC_WWTP,Sup 2013 Li-Jun Zhou ... .doc (textutil txt) Tables S6–S7,https://doi.org/10.1016/j.scitotenv.2013.03.010,True
municipal wastewater influent,wastewater influent,Guangdong,Plant A WWTP (South China; A2/O),Oxytetracycline,tetracyclines,560.0,,ng/L,2010,May,"Zhou, L.-J., Ying, G.-G., Liu, S., Zhao, J.-L., Yang, B., Chen, Z.-F., & Lai, H.-J. (2013). Occurrence and fate of eleven classes of antibiotics in two typical wastewater treatment plants in South China. Science of The Total Environment, 452–453, 365–376.",Table S6 Plant A May Influent,N_ZHOU2013_SC_WWTP,Sup 2013 Li-Jun Zhou ... .doc (textutil txt) Tables S6–S7,https://doi.org/10.1016/j.scitotenv.2013.03.010,True
municipal wastewater effluent,wastewater effluent,Guangdong,Plant A WWTP (South China; A2/O),Oxytetracycline,tetracyclines,11.9,,ng/L,2010,May,"Zhou, L.-J., Ying, G.-G., Liu, S., Zhao, J.-L., Yang, B., Chen, Z.-F., & Lai, H.-J. (2013). Occurrence and fate of eleven classes of antibiotics in two typical wastewater treatment plants in South China. Science of The Total Environment, 452–453, 365–376.",Table S6 Plant A May Final effluent,N_ZHOU2013_SC_WWTP,Sup 2013 Li-Jun Zhou ... .doc (textutil txt) Tables S6–S7,https://doi.org/10.1016/j.scitotenv.2013.03.010,True
municipal wastewater influent,wastewater influent,Guangdong,Plant A WWTP (South China; A2/O),Oxytetracycline,tetracyclines,230.0,,ng/L,2010,November,"Zhou, L.-J., Ying, G.-G., Liu, S., Zhao, J.-L., Yang, B., Chen, Z.-F., & Lai, H.-J. (2013). Occurrence and fate of eleven classes of antibiotics in two typical wastewater treatment plants in South China. Science of The Total Environment, 452–453, 365–376.",Table S6 Plant A Nov Influent,N_ZHOU2013_SC_WWTP,Sup 2013 Li-Jun Zhou ... .doc (textutil txt) Tables S6–S7,https://doi.org/10.1016/j.scitotenv.2013.03.010,True
municipal wastewater effluent,wastewater effluent,Guangdong,Plant A WWTP (South China; A2/O),Oxytetracycline,tetracyclines,10.8,,ng/L,2010,November,"Zhou, L.-J., Ying, G.-G., Liu, S., Zhao, J.-L., Yang, B., Chen, Z.-F., & Lai, H.-J. (2013). Occurrence and fate of eleven classes of antibiotics in two typical wastewater treatment plants in South China. Science of The Total Environment, 452–453, 365–376.",Table S6 Plant A Nov Final effluent,N_ZHOU2013_SC_WWTP,Sup 2013 Li-Jun Zhou ... .doc (textutil txt) Tables S6–S7,https://doi.org/10.1016/j.scitotenv.2013.03.010,True
municipal wastewater influent,wastewater influent,Guangdong,Plant A WWTP (South China; A2/O),Tetracycline,tetracyclines,316.0,,ng/L,2010,May,"Zhou, L.-J., Ying, G.-G., Liu, S., Zhao, J.-L., Yang, B., Chen, Z.-F., & Lai, H.-J. (2013). Occurrence and fate of eleven classes of antibiotics in two typical wastewater treatment plants in South China. Science of The Total Environment, 452–453, 365–376.",Table S6 Plant A May Influent,N_ZHOU2013_SC_WWTP,Sup 2013 Li-Jun Zhou ... .doc (textutil txt) Tables S6–S7,https://doi.org/10.1016/j.scitotenv.2013.03.010,True
municipal wastewater effluent,wastewater effluent,Guangdong,Plant A WWTP (South China; A2/O),Tetracycline,tetracyclines,35.1,,ng/L,2010,May,"Zhou, L.-J., Ying, G.-G., Liu, S., Zhao, J.-L., Yang, B., Chen, Z.-F., & Lai, H.-J. (2013). Occurrence and fate of eleven classes of antibiotics in two typical wastewater treatment plants in South China. Science of The Total Environment, 452–453, 365–376.",Table S6 Plant A May Final effluent,N_ZHOU2013_SC_WWTP,Sup 2013 Li-Jun Zhou ... .doc (textutil txt) Tables S6–S7,https://doi.org/10.1016/j.scitotenv.2013.03.010,True
municipal wastewater influent,wastewater influent,Guangdong,Plant A WWTP (South China; A2/O),Tetracycline,tetracyclines,167.0,,ng/L,2010,November,"Zhou, L.-J., Ying, G.-G., Liu, S., Zhao, J.-L., Yang, B., Chen, Z.-F., & Lai, H.-J. (2013). Occurrence and fate of eleven classes of antibiotics in two typical wastewater treatment plants in South China. Science of The Total Environment, 452–453, 365–376.",Table S6 Plant A Nov Influent,N_ZHOU2013_SC_WWTP,Sup 2013 Li-Jun Zhou ... .doc (textutil txt) Tables S6–S7,https://doi.org/10.1016/j.scitotenv.2013.03.010,True
municipal wastewater effluent,wastewater effluent,Guangdong,Plant A WWTP (South China; A2/O),Tetracycline,tetracyclines,10.3,,ng/L,2010,November,"Zhou, L.-J., Ying, G.-G., Liu, S., Zhao, J.-L., Yang, B., Chen, Z.-F., & Lai, H.-J. (2013). Occurrence and fate of eleven classes of antibiotics in two typical wastewater treatment plants in South China. Science of The Total Environment, 452–453, 365–376.",Table S6 Plant A Nov Final effluent,N_ZHOU2013_SC_WWTP,Sup 2013 Li-Jun Zhou ... .doc (textutil txt) Tables S6–S7,https://doi.org/10.1016/j.scitotenv.2013.03.010,True
municipal wastewater influent,wastewater influent,Guangdong,Plant A WWTP (South China; A2/O),Ciprofloxacin,fluoroquinolones,61.1,,ng/L,2010,May,"Zhou, L.-J., Ying, G.-G., Liu, S., Zhao, J.-L., Yang, B., Chen, Z.-F., & Lai, H.-J. (2013). Occurrence and fate of eleven classes of antibiotics in two typical wastewater treatment plants in South China. Science of The Total Environment, 452–453, 365–376.",Table S6 Plant A May Influent,N_ZHOU2013_SC_WWTP,Sup 2013 Li-Jun Zhou ... .doc (textutil txt) Tables S6–S7,https://doi.org/10.1016/j.scitotenv.2013.03.010,True
municipal wastewater effluent,wastewater effluent,Guangdong,Plant A WWTP (South China; A2/O),Ciprofloxacin,fluoroquinolones,8.22,,ng/L,2010,May,"Zhou, L.-J., Ying, G.-G., Liu, S., Zhao, J.-L., Yang, B., Chen, Z.-F., & Lai, H.-J. (2013). Occurrence and fate of eleven classes of antibiotics in two typical wastewater treatment plants in South China. Science of The Total Environment, 452–453, 365–376.",Table S6 Plant A May Final effluent,N_ZHOU2013_SC_WWTP,Sup 2013 Li-Jun Zhou ... .doc (textutil txt) Tables S6–S7,https://doi.org/10.1016/j.scitotenv.2013.03.010,True
municipal wastewater influent,wastewater influent,Guangdong,Plant A WWTP (South China; A2/O),Ciprofloxacin,fluoroquinolones,74.8,,ng/L,2010,November,"Zhou, L.-J., Ying, G.-G., Liu, S., Zhao, J.-L., Yang, B., Chen, Z.-F., & Lai, H.-J. (2013). Occurrence and fate of eleven classes of antibiotics in two typical wastewater treatment plants in South China. Science of The Total Environment, 452–453, 365–376.",Table S6 Plant A Nov Influent,N_ZHOU2013_SC_WWTP,Sup 2013 Li-Jun Zhou ... .doc (textutil txt) Tables S6–S7,https://doi.org/10.1016/j.scitotenv.2013.03.010,True
municipal wastewater effluent,wastewater effluent,Guangdong,Plant A WWTP (South China; A2/O),Ciprofloxacin,fluoroquinolones,7.2,,ng/L,2010,November,"Zhou, L.-J., Ying, G.-G., Liu, S., Zhao, J.-L., Yang, B., Chen, Z.-F., & Lai, H.-J. (2013). Occurrence and fate of eleven classes of antibiotics in two typical wastewater treatment plants in South China. Science of The Total Environment, 452–453, 365–376.",Table S6 Plant A Nov Final effluent,N_ZHOU2013_SC_WWTP,Sup 2013 Li-Jun Zhou ... .doc (textutil txt) Tables S6–S7,https://doi.org/10.1016/j.scitotenv.2013.03.010,True
municipal wastewater influent,wastewater influent,Guangdong,Plant A WWTP (South China; A2/O),Fleroxacin,fluoroquinolones,4.58,,ng/L,2010,May,"Zhou, L.-J., Ying, G.-G., Liu, S., Zhao, J.-L., Yang, B., Chen, Z.-F., & Lai, H.-J. (2013). Occurrence and fate of eleven classes of antibiotics in two typical wastewater treatment plants in South China. Science of The Total Environment, 452–453, 365–376.",Table S6 Plant A May Influent,N_ZHOU2013_SC_WWTP,Sup 2013 Li-Jun Zhou ... .doc (textutil txt) Tables S6–S7,https://doi.org/10.1016/j.scitotenv.2013.03.010,True
municipal wastewater influent,wastewater influent,Guangdong,Plant A WWTP (South China; A2/O),Fleroxacin,fluoroquinolones,11.7,,ng/L,2010,November,"Zhou, L.-J., Ying, G.-G., Liu, S., Zhao, J.-L., Yang, B., Chen, Z.-F., & Lai, H.-J. (2013). Occurrence and fate of eleven classes of antibiotics in two typical wastewater treatment plants in South China. Science of The Total Environment, 452–453, 365–376.",Table S6 Plant A Nov Influent,N_ZHOU2013_SC_WWTP,Sup 2013 Li-Jun Zhou ... .doc (textutil txt) Tables S6–S7,https://doi.org/10.1016/j.scitotenv.2013.03.010,True
municipal wastewater influent,wastewater influent,Guangdong,Plant A WWTP (South China; A2/O),Lomefloxacin,fluoroquinolones,6.21,,ng/L,2010,May,"Zhou, L.-J., Ying, G.-G., Liu, S., Zhao, J.-L., Yang, B., Chen, Z.-F., & Lai, H.-J. (2013). Occurrence and fate of eleven classes of antibiotics in two typical wastewater treatment plants in South China. Science of The Total Environment, 452–453, 365–376.",Table S6 Plant A May Influent,N_ZHOU2013_SC_WWTP,Sup 2013 Li-Jun Zhou ... .doc (textutil txt) Tables S6–S7,https://doi.org/10.1016/j.scitotenv.2013.03.010,True
municipal wastewater influent,wastewater influent,Guangdong,Plant A WWTP (South China; A2/O),Lomefloxacin,fluoroquinolones,25.5,,ng/L,2010,November,"Zhou, L.-J., Ying, G.-G., Liu, S., Zhao, J.-L., Yang, B., Chen, Z.-F., & Lai, H.-J. (2013). Occurrence and fate of eleven classes of antibiotics in two typical wastewater treatment plants in South China. Science of The Total Environment, 452–453, 365–376.",Table S6 Plant A Nov Influent,N_ZHOU2013_SC_WWTP,Sup 2013 Li-Jun Zhou ... .doc (textutil txt) Tables S6–S7,https://doi.org/10.1016/j.scitotenv.2013.03.010,True
municipal wastewater influent,wastewater influent,Guangdong,Plant A WWTP (South China; A2/O),Norfloxacin,fluoroquinolones,324.0,,ng/L,2010,May,"Zhou, L.-J., Ying, G.-G., Liu, S., Zhao, J.-L., Yang, B., Chen, Z.-F., & Lai, H.-J. (2013). Occurrence and fate of eleven classes of antibiotics in two typical wastewater treatment plants in South China. Science of The Total Environment, 452–453, 365–376.",Table S6 Plant A May Influent,N_ZHOU2013_SC_WWTP,Sup 2013 Li-Jun Zhou ... .doc (textutil txt) Tables S6–S7,https://doi.org/10.1016/j.scitotenv.2013.03.010,True
municipal wastewater effluent,wastewater effluent,Guangdong,Plant A WWTP (South China; A2/O),Norfloxacin,fluoroquinolones,36.7,,ng/L,2010,May,"Zhou, L.-J., Ying, G.-G., Liu, S., Zhao, J.-L., Yang, B., Chen, Z.-F., & Lai, H.-J. (2013). Occurrence and fate of eleven classes of antibiotics in two typical wastewater treatment plants in South China. Science of The Total Environment, 452–453, 365–376.",Table S6 Plant A May Final effluent,N_ZHOU2013_SC_WWTP,Sup 2013 Li-Jun Zhou ... .doc (textutil txt) Tables S6–S7,https://doi.org/10.1016/j.scitotenv.2013.03.010,True
municipal wastewater influent,wastewater influent,Guangdong,Plant A WWTP (South China; A2/O),Norfloxacin,fluoroquinolones,974.0,,ng/L,2010,November,"Zhou, L.-J., Ying, G.-G., Liu, S., Zhao, J.-L., Yang, B., Chen, Z.-F., & Lai, H.-J. (2013). Occurrence and fate of eleven classes of antibiotics in two typical wastewater treatment plants in South China. Science of The Total Environment, 452–453, 365–376.",Table S6 Plant A Nov Influent,N_ZHOU2013_SC_WWTP,Sup 2013 Li-Jun Zhou ... .doc (textutil txt) Tables S6–S7,https://doi.org/10.1016/j.scitotenv.2013.03.010,True
municipal wastewater effluent,wastewater effluent,Guangdong,Plant A WWTP (South China; A2/O),Norfloxacin,fluoroquinolones,61.0,,ng/L,2010,November,"Zhou, L.-J., Ying, G.-G., Liu, S., Zhao, J.-L., Yang, B., Chen, Z.-F., & Lai, H.-J. (2013). Occurrence and fate of eleven classes of antibiotics in two typical wastewater treatment plants in South China. Science of The Total Environment, 452–453, 365–376.",Table S6 Plant A Nov Final effluent,N_ZHOU2013_SC_WWTP,Sup 2013 Li-Jun Zhou ... .doc (textutil txt) Tables S6–S7,https://doi.org/10.1016/j.scitotenv.2013.03.010,True
municipal wastewater influent,wastewater influent,Guangdong,Plant A WWTP (South China; A2/O),Ofloxacin,fluoroquinolones,258.0,,ng/L,2010,May,"Zhou, L.-J., Ying, G.-G., Liu, S., Zhao, J.-L., Yang, B., Chen, Z.-F., & Lai, H.-J. (2013). Occurrence and fate of eleven classes of antibiotics in two typical wastewater treatment plants in South China. Science of The Total Environment, 452–453, 365–376.",Table S6 Plant A May Influent,N_ZHOU2013_SC_WWTP,Sup 2013 Li-Jun Zhou ... .doc (textutil txt) Tables S6–S7,https://doi.org/10.1016/j.scitotenv.2013.03.010,True
municipal wastewater effluent,wastewater effluent,Guangdong,Plant A WWTP (South China; A2/O),Ofloxacin,fluoroquinolones,47.4,,ng/L,2010,May,"Zhou, L.-J., Ying, G.-G., Liu, S., Zhao, J.-L., Yang, B., Chen, Z.-F., & Lai, H.-J. (2013). Occurrence and fate of eleven classes of antibiotics in two typical wastewater treatment plants in South China. Science of The Total Environment, 452–453, 365–376.",Table S6 Plant A May Final effluent,N_ZHOU2013_SC_WWTP,Sup 2013 Li-Jun Zhou ... .doc (textutil txt) Tables S6–S7,https://doi.org/10.1016/j.scitotenv.2013.03.010,True
municipal wastewater influent,wastewater influent,Guangdong,Plant A WWTP (South China; A2/O),Ofloxacin,fluoroquinolones,1010.0,,ng/L,2010,November,"Zhou, L.-J., Ying, G.-G., Liu, S., Zhao, J.-L., Yang, B., Chen, Z.-F., & Lai, H.-J. (2013). Occurrence and fate of eleven classes of antibiotics in two typical wastewater treatment plants in South China. Science of The Total Environment, 452–453, 365–376.",Table S6 Plant A Nov Influent,N_ZHOU2013_SC_WWTP,Sup 2013 Li-Jun Zhou ... .doc (textutil txt) Tables S6–S7,https://doi.org/10.1016/j.scitotenv.2013.03.010,True
municipal wastewater effluent,wastewater effluent,Guangdong,Plant A WWTP (South China; A2/O),Ofloxacin,fluoroquinolones,179.0,,ng/L,2010,November,"Zhou, L.-J., Ying, G.-G., Liu, S., Zhao, J.-L., Yang, B., Chen, Z.-F., & Lai, H.-J. (2013). Occurrence and fate of eleven classes of antibiotics in two typical wastewater treatment plants in South China. Science of The Total Environment, 452–453, 365–376.",Table S6 Plant A Nov Final effluent,N_ZHOU2013_SC_WWTP,Sup 2013 Li-Jun Zhou ... .doc (textutil txt) Tables S6–S7,https://doi.org/10.1016/j.scitotenv.2013.03.010,True
municipal wastewater influent,wastewater influent,Guangdong,Plant A WWTP (South China; A2/O),Clarithromycin,macrolides,126.0,,ng/L,2010,May,"Zhou, L.-J., Ying, G.-G., Liu, S., Zhao, J.-L., Yang, B., Chen, Z.-F., & Lai, H.-J. (2013). Occurrence and fate of eleven classes of antibiotics in two typical wastewater treatment plants in South China. Science of The Total Environment, 452–453, 365–376.",Table S6 Plant A May Influent,N_ZHOU2013_SC_WWTP,Sup 2013 Li-Jun Zhou ... .doc (textutil txt) Tables S6–S7,https://doi.org/10.1016/j.scitotenv.2013.03.010,True
municipal wastewater effluent,wastewater effluent,Guangdong,Plant A WWTP (South China; A2/O),Clarithromycin,macrolides,40.4,,ng/L,2010,May,"Zhou, L.-J., Ying, G.-G., Liu, S., Zhao, J.-L., Yang, B., Chen, Z.-F., & Lai, H.-J. (2013). Occurrence and fate of eleven classes of antibiotics in two typical wastewater treatment plants in South China. Science of The Total Environment, 452–453, 365–376.",Table S6 Plant A May Final effluent,N_ZHOU2013_SC_WWTP,Sup 2013 Li-Jun Zhou ... .doc (textutil txt) Tables S6–S7,https://doi.org/10.1016/j.scitotenv.2013.03.010,True
municipal wastewater influent,wastewater influent,Guangdong,Plant A WWTP (South China; A2/O),Clarithromycin,macrolides,118.0,,ng/L,2010,November,"Zhou, L.-J., Ying, G.-G., Liu, S., Zhao, J.-L., Yang, B., Chen, Z.-F., & Lai, H.-J. (2013). Occurrence and fate of eleven classes of antibiotics in two typical wastewater treatment plants in South China. Science of The Total Environment, 452–453, 365–376.",Table S6 Plant A Nov Influent,N_ZHOU2013_SC_WWTP,Sup 2013 Li-Jun Zhou ... .doc (textutil txt) Tables S6–S7,https://doi.org/10.1016/j.scitotenv.2013.03.010,True
municipal wastewater effluent,wastewater effluent,Guangdong,Plant A WWTP (South China; A2/O),Clarithromycin,macrolides,86.0,,ng/L,2010,November,"Zhou, L.-J., Ying, G.-G., Liu, S., Zhao, J.-L., Yang, B., Chen, Z.-F., & Lai, H.-J. (2013). Occurrence and fate of eleven classes of antibiotics in two typical wastewater treatment plants in South China. Science of The Total Environment, 452–453, 365–376.",Table S6 Plant A Nov Final effluent,N_ZHOU2013_SC_WWTP,Sup 2013 Li-Jun Zhou ... .doc (textutil txt) Tables S6–S7,https://doi.org/10.1016/j.scitotenv.2013.03.010,True
municipal wastewater influent,wastewater influent,Guangdong,Plant A WWTP (South China; A2/O),Roxithromycin,macrolides,65.2,,ng/L,2010,May,"Zhou, L.-J., Ying, G.-G., Liu, S., Zhao, J.-L., Yang, B., Chen, Z.-F., & Lai, H.-J. (2013). Occurrence and fate of eleven classes of antibiotics in two typical wastewater treatment plants in South China. Science of The Total Environment, 452–453, 365–376.",Table S6 Plant A May Influent,N_ZHOU2013_SC_WWTP,Sup 2013 Li-Jun Zhou ... .doc (textutil txt) Tables S6–S7,https://doi.org/10.1016/j.scitotenv.2013.03.010,True
municipal wastewater effluent,wastewater effluent,Guangdong,Plant A WWTP (South China; A2/O),Roxithromycin,macrolides,17.6,,ng/L,2010,May,"Zhou, L.-J., Ying, G.-G., Liu, S., Zhao, J.-L., Yang, B., Chen, Z.-F., & Lai, H.-J. (2013). Occurrence and fate of eleven classes of antibiotics in two typical wastewater treatment plants in South China. Science of The Total Environment, 452–453, 365–376.",Table S6 Plant A May Final effluent,N_ZHOU2013_SC_WWTP,Sup 2013 Li-Jun Zhou ... .doc (textutil txt) Tables S6–S7,https://doi.org/10.1016/j.scitotenv.2013.03.010,True
municipal wastewater influent,wastewater influent,Guangdong,Plant A WWTP (South China; A2/O),Roxithromycin,macrolides,63.0,,ng/L,2010,November,"Zhou, L.-J., Ying, G.-G., Liu, S., Zhao, J.-L., Yang, B., Chen, Z.-F., & Lai, H.-J. (2013). Occurrence and fate of eleven classes of antibiotics in two typical wastewater treatment plants in South China. Science of The Total Environment, 452–453, 365–376.",Table S6 Plant A Nov Influent,N_ZHOU2013_SC_WWTP,Sup 2013 Li-Jun Zhou ... .doc (textutil txt) Tables S6–S7,https://doi.org/10.1016/j.scitotenv.2013.03.010,True
municipal wastewater effluent,wastewater effluent,Guangdong,Plant A WWTP (South China; A2/O),Roxithromycin,macrolides,58.0,,ng/L,2010,November,"Zhou, L.-J., Ying, G.-G., Liu, S., Zhao, J.-L., Yang, B., Chen, Z.-F., & Lai, H.-J. (2013). Occurrence and fate of eleven classes of antibiotics in two typical wastewater treatment plants in South China. Science of The Total Environment, 452–453, 365–376.",Table S6 Plant A Nov Final effluent,N_ZHOU2013_SC_WWTP,Sup 2013 Li-Jun Zhou ... .doc (textutil txt) Tables S6–S7,https://doi.org/10.1016/j.scitotenv.2013.03.010,True
municipal wastewater influent,wastewater influent,Guangdong,Plant A WWTP (South China; A2/O),Lincomycin,other,129.0,,ng/L,2010,May,"Zhou, L.-J., Ying, G.-G., Liu, S., Zhao, J.-L., Yang, B., Chen, Z.-F., & Lai, H.-J. (2013). Occurrence and fate of eleven classes of antibiotics in two typical wastewater treatment plants in South China. Science of The Total Environment, 452–453, 365–376.",Table S6 Plant A May Influent,N_ZHOU2013_SC_WWTP,Sup 2013 Li-Jun Zhou ... .doc (textutil txt) Tables S6–S7,https://doi.org/10.1016/j.scitotenv.2013.03.010,True
municipal wastewater effluent,wastewater effluent,Guangdong,Plant A WWTP (South China; A2/O),Lincomycin,other,21.1,,ng/L,2010,May,"Zhou, L.-J., Ying, G.-G., Liu, S., Zhao, J.-L., Yang, B., Chen, Z.-F., & Lai, H.-J. (2013). Occurrence and fate of eleven classes of antibiotics in two typical wastewater treatment plants in South China. Science of The Total Environment, 452–453, 365–376.",Table S6 Plant A May Final effluent,N_ZHOU2013_SC_WWTP,Sup 2013 Li-Jun Zhou ... .doc (textutil txt) Tables S6–S7,https://doi.org/10.1016/j.scitotenv.2013.03.010,True
municipal wastewater influent,wastewater influent,Guangdong,Plant A WWTP (South China; A2/O),Lincomycin,other,106.0,,ng/L,2010,November,"Zhou, L.-J., Ying, G.-G., Liu, S., Zhao, J.-L., Yang, B., Chen, Z.-F., & Lai, H.-J. (2013). Occurrence and fate of eleven classes of antibiotics in two typical wastewater treatment plants in South China. Science of The Total Environment, 452–453, 365–376.",Table S6 Plant A Nov Influent,N_ZHOU2013_SC_WWTP,Sup 2013 Li-Jun Zhou ... .doc (textutil txt) Tables S6–S7,https://doi.org/10.1016/j.scitotenv.2013.03.010,True
municipal wastewater effluent,wastewater effluent,Guangdong,Plant A WWTP (South China; A2/O),Chloramphenicol derivatives,other,8.61,,ng/L,2010,May,"Zhou, L.-J., Ying, G.-G., Liu, S., Zhao, J.-L., Yang, B., Chen, Z.-F., & Lai, H.-J. (2013). Occurrence and fate of eleven classes of antibiotics in two typical wastewater treatment plants in South China. Science of The Total Environment, 452–453, 365–376.",Table S6 Plant A May Final effluent,N_ZHOU2013_SC_WWTP,Sup 2013 Li-Jun Zhou ... .doc (textutil txt) Tables S6–S7,https://doi.org/10.1016/j.scitotenv.2013.03.010,True
municipal wastewater influent,wastewater influent,Guangdong,Plant A WWTP (South China; A2/O),Chloramphenicol derivatives,other,5.8,,ng/L,2010,November,"Zhou, L.-J., Ying, G.-G., Liu, S., Zhao, J.-L., Yang, B., Chen, Z.-F., & Lai, H.-J. (2013). Occurrence and fate of eleven classes of antibiotics in two typical wastewater treatment plants in South China. Science of The Total Environment, 452–453, 365–376.",Table S6 Plant A Nov Influent,N_ZHOU2013_SC_WWTP,Sup 2013 Li-Jun Zhou ... .doc (textutil txt) Tables S6–S7,https://doi.org/10.1016/j.scitotenv.2013.03.010,True
municipal wastewater effluent,wastewater effluent,Guangdong,Plant A WWTP (South China; A2/O),Chloramphenicol derivatives,other,4.83,,ng/L,2010,November,"Zhou, L.-J., Ying, G.-G., Liu, S., Zhao, J.-L., Yang, B., Chen, Z.-F., & Lai, H.-J. (2013). Occurrence and fate of eleven classes of antibiotics in two typical wastewater treatment plants in South China. Science of The Total Environment, 452–453, 365–376.",Table S6 Plant A Nov Final effluent,N_ZHOU2013_SC_WWTP,Sup 2013 Li-Jun Zhou ... .doc (textutil txt) Tables S6–S7,https://doi.org/10.1016/j.scitotenv.2013.03.010,True
municipal wastewater influent,wastewater influent,Guangdong,Plant B WWTP (South China; oxidation ditch),Sulfadiazine,sulfonamides,40.1,,ng/L,2010,May,"Zhou, L.-J., Ying, G.-G., Liu, S., Zhao, J.-L., Yang, B., Chen, Z.-F., & Lai, H.-J. (2013). Occurrence and fate of eleven classes of antibiotics in two typical wastewater treatment plants in South China. Science of The Total Environment, 452–453, 365–376.",Table S7 Plant B May Influent,N_ZHOU2013_SC_WWTP,Sup 2013 Li-Jun Zhou ... .doc (textutil txt) Tables S6–S7,https://doi.org/10.1016/j.scitotenv.2013.03.010,True
municipal wastewater effluent,wastewater effluent,Guangdong,Plant B WWTP (South China; oxidation ditch),Sulfadiazine,sulfonamides,5.15,,ng/L,2010,May,"Zhou, L.-J., Ying, G.-G., Liu, S., Zhao, J.-L., Yang, B., Chen, Z.-F., & Lai, H.-J. (2013). Occurrence and fate of eleven classes of antibiotics in two typical wastewater treatment plants in South China. Science of The Total Environment, 452–453, 365–376.",Table S7 Plant B May Final effluent,N_ZHOU2013_SC_WWTP,Sup 2013 Li-Jun Zhou ... .doc (textutil txt) Tables S6–S7,https://doi.org/10.1016/j.scitotenv.2013.03.010,True
municipal wastewater influent,wastewater influent,Guangdong,Plant B WWTP (South China; oxidation ditch),Sulfadiazine,sulfonamides,15.2,,ng/L,2010,November,"Zhou, L.-J., Ying, G.-G., Liu, S., Zhao, J.-L., Yang, B., Chen, Z.-F., & Lai, H.-J. (2013). Occurrence and fate of eleven classes of antibiotics in two typical wastewater treatment plants in South China. Science of The Total Environment, 452–453, 365–376.",Table S7 Plant B Nov Influent,N_ZHOU2013_SC_WWTP,Sup 2013 Li-Jun Zhou ... .doc (textutil txt) Tables S6–S7,https://doi.org/10.1016/j.scitotenv.2013.03.010,True
municipal wastewater effluent,wastewater effluent,Guangdong,Plant B WWTP (South China; oxidation ditch),Sulfadiazine,sulfonamides,9.67,,ng/L,2010,November,"Zhou, L.-J., Ying, G.-G., Liu, S., Zhao, J.-L., Yang, B., Chen, Z.-F., & Lai, H.-J. (2013). Occurrence and fate of eleven classes of antibiotics in two typical wastewater treatment plants in South China. Science of The Total Environment, 452–453, 365–376.",Table S7 Plant B Nov Final effluent,N_ZHOU2013_SC_WWTP,Sup 2013 Li-Jun Zhou ... .doc (textutil txt) Tables S6–S7,https://doi.org/10.1016/j.scitotenv.2013.03.010,True
municipal wastewater influent,wastewater influent,Guangdong,Plant B WWTP (South China; oxidation ditch),Sulfamethazine,sulfonamides,131.0,,ng/L,2010,May,"Zhou, L.-J., Ying, G.-G., Liu, S., Zhao, J.-L., Yang, B., Chen, Z.-F., & Lai, H.-J. (2013). Occurrence and fate of eleven classes of antibiotics in two typical wastewater treatment plants in South China. Science of The Total Environment, 452–453, 365–376.",Table S7 Plant B May Influent,N_ZHOU2013_SC_WWTP,Sup 2013 Li-Jun Zhou ... .doc (textutil txt) Tables S6–S7,https://doi.org/10.1016/j.scitotenv.2013.03.010,True
municipal wastewater effluent,wastewater effluent,Guangdong,Plant B WWTP (South China; oxidation ditch),Sulfamethazine,sulfonamides,23.3,,ng/L,2010,May,"Zhou, L.-J., Ying, G.-G., Liu, S., Zhao, J.-L., Yang, B., Chen, Z.-F., & Lai, H.-J. (2013). Occurrence and fate of eleven classes of antibiotics in two typical wastewater treatment plants in South China. Science of The Total Environment, 452–453, 365–376.",Table S7 Plant B May Final effluent,N_ZHOU2013_SC_WWTP,Sup 2013 Li-Jun Zhou ... .doc (textutil txt) Tables S6–S7,https://doi.org/10.1016/j.scitotenv.2013.03.010,True
municipal wastewater influent,wastewater influent,Guangdong,Plant B WWTP (South China; oxidation ditch),Sulfamethazine,sulfonamides,12.8,,ng/L,2010,November,"Zhou, L.-J., Ying, G.-G., Liu, S., Zhao, J.-L., Yang, B., Chen, Z.-F., & Lai, H.-J. (2013). Occurrence and fate of eleven classes of antibiotics in two typical wastewater treatment plants in South China. Science of The Total Environment, 452–453, 365–376.",Table S7 Plant B Nov Influent,N_ZHOU2013_SC_WWTP,Sup 2013 Li-Jun Zhou ... .doc (textutil txt) Tables S6–S7,https://doi.org/10.1016/j.scitotenv.2013.03.010,True
municipal wastewater effluent,wastewater effluent,Guangdong,Plant B WWTP (South China; oxidation ditch),Sulfamethazine,sulfonamides,21.1,,ng/L,2010,November,"Zhou, L.-J., Ying, G.-G., Liu, S., Zhao, J.-L., Yang, B., Chen, Z.-F., & Lai, H.-J. (2013). Occurrence and fate of eleven classes of antibiotics in two typical wastewater treatment plants in South China. Science of The Total Environment, 452–453, 365–376.",Table S7 Plant B Nov Final effluent,N_ZHOU2013_SC_WWTP,Sup 2013 Li-Jun Zhou ... .doc (textutil txt) Tables S6–S7,https://doi.org/10.1016/j.scitotenv.2013.03.010,True
municipal wastewater influent,wastewater influent,Guangdong,Plant B WWTP (South China; oxidation ditch),Sulfamethoxazole,sulfonamides,239.0,,ng/L,2010,May,"Zhou, L.-J., Ying, G.-G., Liu, S., Zhao, J.-L., Yang, B., Chen, Z.-F., & Lai, H.-J. (2013). Occurrence and fate of eleven classes of antibiotics in two typical wastewater treatment plants in South China. Science of The Total Environment, 452–453, 365–376.",Table S7 Plant B May Influent,N_ZHOU2013_SC_WWTP,Sup 2013 Li-Jun Zhou ... .doc (textutil txt) Tables S6–S7,https://doi.org/10.1016/j.scitotenv.2013.03.010,True
municipal wastewater effluent,wastewater effluent,Guangdong,Plant B WWTP (South China; oxidation ditch),Sulfamethoxazole,sulfonamides,65.2,,ng/L,2010,May,"Zhou, L.-J., Ying, G.-G., Liu, S., Zhao, J.-L., Yang, B., Chen, Z.-F., & Lai, H.-J. (2013). Occurrence and fate of eleven classes of antibiotics in two typical wastewater treatment plants in South China. Science of The Total Environment, 452–453, 365–376.",Table S7 Plant B May Final effluent,N_ZHOU2013_SC_WWTP,Sup 2013 Li-Jun Zhou ... .doc (textutil txt) Tables S6–S7,https://doi.org/10.1016/j.scitotenv.2013.03.010,True
municipal wastewater influent,wastewater influent,Guangdong,Plant B WWTP (South China; oxidation ditch),Sulfamethoxazole,sulfonamides,216.0,,ng/L,2010,November,"Zhou, L.-J., Ying, G.-G., Liu, S., Zhao, J.-L., Yang, B., Chen, Z.-F., & Lai, H.-J. (2013). Occurrence and fate of eleven classes of antibiotics in two typical wastewater treatment plants in South China. Science of The Total Environment, 452–453, 365–376.",Table S7 Plant B Nov Influent,N_ZHOU2013_SC_WWTP,Sup 2013 Li-Jun Zhou ... .doc (textutil txt) Tables S6–S7,https://doi.org/10.1016/j.scitotenv.2013.03.010,True
municipal wastewater effluent,wastewater effluent,Guangdong,Plant B WWTP (South China; oxidation ditch),Sulfamethoxazole,sulfonamides,101.0,,ng/L,2010,November,"Zhou, L.-J., Ying, G.-G., Liu, S., Zhao, J.-L., Yang, B., Chen, Z.-F., & Lai, H.-J. (2013). Occurrence and fate of eleven classes of antibiotics in two typical wastewater treatment plants in South China. Science of The Total Environment, 452–453, 365–376.",Table S7 Plant B Nov Final effluent,N_ZHOU2013_SC_WWTP,Sup 2013 Li-Jun Zhou ... .doc (textutil txt) Tables S6–S7,https://doi.org/10.1016/j.scitotenv.2013.03.010,True
municipal wastewater influent,wastewater influent,Guangdong,Plant B WWTP (South China; oxidation ditch),Sulfamonomethoxine,sulfonamides,39.9,,ng/L,2010,May,"Zhou, L.-J., Ying, G.-G., Liu, S., Zhao, J.-L., Yang, B., Chen, Z.-F., & Lai, H.-J. (2013). Occurrence and fate of eleven classes of antibiotics in two typical wastewater treatment plants in South China. Science of The Total Environment, 452–453, 365–376.",Table S7 Plant B May Influent,N_ZHOU2013_SC_WWTP,Sup 2013 Li-Jun Zhou ... .doc (textutil txt) Tables S6–S7,https://doi.org/10.1016/j.scitotenv.2013.03.010,True
municipal wastewater effluent,wastewater effluent,Guangdong,Plant B WWTP (South China; oxidation ditch),Sulfamonomethoxine,sulfonamides,10.0,,ng/L,2010,May,"Zhou, L.-J., Ying, G.-G., Liu, S., Zhao, J.-L., Yang, B., Chen, Z.-F., & Lai, H.-J. (2013). Occurrence and fate of eleven classes of antibiotics in two typical wastewater treatment plants in South China. Science of The Total Environment, 452–453, 365–376.",Table S7 Plant B May Final effluent,N_ZHOU2013_SC_WWTP,Sup 2013 Li-Jun Zhou ... .doc (textutil txt) Tables S6–S7,https://doi.org/10.1016/j.scitotenv.2013.03.010,True
municipal wastewater influent,wastewater influent,Guangdong,Plant B WWTP (South China; oxidation ditch),Sulfamonomethoxine,sulfonamides,9.57,,ng/L,2010,November,"Zhou, L.-J., Ying, G.-G., Liu, S., Zhao, J.-L., Yang, B., Chen, Z.-F., & Lai, H.-J. (2013). Occurrence and fate of eleven classes of antibiotics in two typical wastewater treatment plants in South China. Science of The Total Environment, 452–453, 365–376.",Table S7 Plant B Nov Influent,N_ZHOU2013_SC_WWTP,Sup 2013 Li-Jun Zhou ... .doc (textutil txt) Tables S6–S7,https://doi.org/10.1016/j.scitotenv.2013.03.010,True
municipal wastewater effluent,wastewater effluent,Guangdong,Plant B WWTP (South China; oxidation ditch),Sulfamonomethoxine,sulfonamides,3.2,,ng/L,2010,November,"Zhou, L.-J., Ying, G.-G., Liu, S., Zhao, J.-L., Yang, B., Chen, Z.-F., & Lai, H.-J. (2013). Occurrence and fate of eleven classes of antibiotics in two typical wastewater treatment plants in South China. Science of The Total Environment, 452–453, 365–376.",Table S7 Plant B Nov Final effluent,N_ZHOU2013_SC_WWTP,Sup 2013 Li-Jun Zhou ... .doc (textutil txt) Tables S6–S7,https://doi.org/10.1016/j.scitotenv.2013.03.010,True
municipal wastewater influent,wastewater influent,Guangdong,Plant B WWTP (South China; oxidation ditch),Sulfapyridine,sulfonamides,37.0,,ng/L,2010,May,"Zhou, L.-J., Ying, G.-G., Liu, S., Zhao, J.-L., Yang, B., Chen, Z.-F., & Lai, H.-J. (2013). Occurrence and fate of eleven classes of antibiotics in two typical wastewater treatment plants in South China. Science of The Total Environment, 452–453, 365–376.",Table S7 Plant B May Influent,N_ZHOU2013_SC_WWTP,Sup 2013 Li-Jun Zhou ... .doc (textutil txt) Tables S6–S7,https://doi.org/10.1016/j.scitotenv.2013.03.010,True
municipal wastewater effluent,wastewater effluent,Guangdong,Plant B WWTP (South China; oxidation ditch),Sulfapyridine,sulfonamides,7.08,,ng/L,2010,May,"Zhou, L.-J., Ying, G.-G., Liu, S., Zhao, J.-L., Yang, B., Chen, Z.-F., & Lai, H.-J. (2013). Occurrence and fate of eleven classes of antibiotics in two typical wastewater treatment plants in South China. Science of The Total Environment, 452–453, 365–376.",Table S7 Plant B May Final effluent,N_ZHOU2013_SC_WWTP,Sup 2013 Li-Jun Zhou ... .doc (textutil txt) Tables S6–S7,https://doi.org/10.1016/j.scitotenv.2013.03.010,True
municipal wastewater influent,wastewater influent,Guangdong,Plant B WWTP (South China; oxidation ditch),Sulfapyridine,sulfonamides,29.8,,ng/L,2010,November,"Zhou, L.-J., Ying, G.-G., Liu, S., Zhao, J.-L., Yang, B., Chen, Z.-F., & Lai, H.-J. (2013). Occurrence and fate of eleven classes of antibiotics in two typical wastewater treatment plants in South China. Science of The Total Environment, 452–453, 365–376.",Table S7 Plant B Nov Influent,N_ZHOU2013_SC_WWTP,Sup 2013 Li-Jun Zhou ... .doc (textutil txt) Tables S6–S7,https://doi.org/10.1016/j.scitotenv.2013.03.010,True
municipal wastewater effluent,wastewater effluent,Guangdong,Plant B WWTP (South China; oxidation ditch),Sulfapyridine,sulfonamides,24.1,,ng/L,2010,November,"Zhou, L.-J., Ying, G.-G., Liu, S., Zhao, J.-L., Yang, B., Chen, Z.-F., & Lai, H.-J. (2013). Occurrence and fate of eleven classes of antibiotics in two typical wastewater treatment plants in South China. Science of The Total Environment, 452–453, 365–376.",Table S7 Plant B Nov Final effluent,N_ZHOU2013_SC_WWTP,Sup 2013 Li-Jun Zhou ... .doc (textutil txt) Tables S6–S7,https://doi.org/10.1016/j.scitotenv.2013.03.010,True
municipal wastewater influent,wastewater influent,Guangdong,Plant B WWTP (South China; oxidation ditch),Doxycycline,tetracyclines,23.0,,ng/L,2010,November,"Zhou, L.-J., Ying, G.-G., Liu, S., Zhao, J.-L., Yang, B., Chen, Z.-F., & Lai, H.-J. (2013). Occurrence and fate of eleven classes of antibiotics in two typical wastewater treatment plants in South China. Science of The Total Environment, 452–453, 365–376.",Table S7 Plant B Nov Influent,N_ZHOU2013_SC_WWTP,Sup 2013 Li-Jun Zhou ... .doc (textutil txt) Tables S6–S7,https://doi.org/10.1016/j.scitotenv.2013.03.010,True
municipal wastewater influent,wastewater influent,Guangdong,Plant B WWTP (South China; oxidation ditch),Oxytetracycline,tetracyclines,92.2,,ng/L,2010,May,"Zhou, L.-J., Ying, G.-G., Liu, S., Zhao, J.-L., Yang, B., Chen, Z.-F., & Lai, H.-J. (2013). Occurrence and fate of eleven classes of antibiotics in two typical wastewater treatment plants in South China. Science of The Total Environment, 452–453, 365–376.",Table S7 Plant B May Influent,N_ZHOU2013_SC_WWTP,Sup 2013 Li-Jun Zhou ... .doc (textutil txt) Tables S6–S7,https://doi.org/10.1016/j.scitotenv.2013.03.010,True
municipal wastewater effluent,wastewater effluent,Guangdong,Plant B WWTP (South China; oxidation ditch),Oxytetracycline,tetracyclines,17.6,,ng/L,2010,May,"Zhou, L.-J., Ying, G.-G., Liu, S., Zhao, J.-L., Yang, B., Chen, Z.-F., & Lai, H.-J. (2013). Occurrence and fate of eleven classes of antibiotics in two typical wastewater treatment plants in South China. Science of The Total Environment, 452–453, 365–376.",Table S7 Plant B May Final effluent,N_ZHOU2013_SC_WWTP,Sup 2013 Li-Jun Zhou ... .doc (textutil txt) Tables S6–S7,https://doi.org/10.1016/j.scitotenv.2013.03.010,True
municipal wastewater influent,wastewater influent,Guangdong,Plant B WWTP (South China; oxidation ditch),Oxytetracycline,tetracyclines,79.1,,ng/L,2010,November,"Zhou, L.-J., Ying, G.-G., Liu, S., Zhao, J.-L., Yang, B., Chen, Z.-F., & Lai, H.-J. (2013). Occurrence and fate of eleven classes of antibiotics in two typical wastewater treatment plants in South China. Science of The Total Environment, 452–453, 365–376.",Table S7 Plant B Nov Influent,N_ZHOU2013_SC_WWTP,Sup 2013 Li-Jun Zhou ... .doc (textutil txt) Tables S6–S7,https://doi.org/10.1016/j.scitotenv.2013.03.010,True
municipal wastewater effluent,wastewater effluent,Guangdong,Plant B WWTP (South China; oxidation ditch),Oxytetracycline,tetracyclines,15.2,,ng/L,2010,November,"Zhou, L.-J., Ying, G.-G., Liu, S., Zhao, J.-L., Yang, B., Chen, Z.-F., & Lai, H.-J. (2013). Occurrence and fate of eleven classes of antibiotics in two typical wastewater treatment plants in South China. Science of The Total Environment, 452–453, 365–376.",Table S7 Plant B Nov Final effluent,N_ZHOU2013_SC_WWTP,Sup 2013 Li-Jun Zhou ... .doc (textutil txt) Tables S6–S7,https://doi.org/10.1016/j.scitotenv.2013.03.010,True
municipal wastewater influent,wastewater influent,Guangdong,Plant B WWTP (South China; oxidation ditch),Tetracycline,tetracyclines,62.2,,ng/L,2010,May,"Zhou, L.-J., Ying, G.-G., Liu, S., Zhao, J.-L., Yang, B., Chen, Z.-F., & Lai, H.-J. (2013). Occurrence and fate of eleven classes of antibiotics in two typical wastewater treatment plants in South China. Science of The Total Environment, 452–453, 365–376.",Table S7 Plant B May Influent,N_ZHOU2013_SC_WWTP,Sup 2013 Li-Jun Zhou ... .doc (textutil txt) Tables S6–S7,https://doi.org/10.1016/j.scitotenv.2013.03.010,True
municipal wastewater effluent,wastewater effluent,Guangdong,Plant B WWTP (South China; oxidation ditch),Tetracycline,tetracyclines,20.5,,ng/L,2010,May,"Zhou, L.-J., Ying, G.-G., Liu, S., Zhao, J.-L., Yang, B., Chen, Z.-F., & Lai, H.-J. (2013). Occurrence and fate of eleven classes of antibiotics in two typical wastewater treatment plants in South China. Science of The Total Environment, 452–453, 365–376.",Table S7 Plant B May Final effluent,N_ZHOU2013_SC_WWTP,Sup 2013 Li-Jun Zhou ... .doc (textutil txt) Tables S6–S7,https://doi.org/10.1016/j.scitotenv.2013.03.010,True
municipal wastewater influent,wastewater influent,Guangdong,Plant B WWTP (South China; oxidation ditch),Tetracycline,tetracyclines,40.1,,ng/L,2010,November,"Zhou, L.-J., Ying, G.-G., Liu, S., Zhao, J.-L., Yang, B., Chen, Z.-F., & Lai, H.-J. (2013). Occurrence and fate of eleven classes of antibiotics in two typical wastewater treatment plants in South China. Science of The Total Environment, 452–453, 365–376.",Table S7 Plant B Nov Influent,N_ZHOU2013_SC_WWTP,Sup 2013 Li-Jun Zhou ... .doc (textutil txt) Tables S6–S7,https://doi.org/10.1016/j.scitotenv.2013.03.010,True
municipal wastewater effluent,wastewater effluent,Guangdong,Plant B WWTP (South China; oxidation ditch),Tetracycline,tetracyclines,7.73,,ng/L,2010,November,"Zhou, L.-J., Ying, G.-G., Liu, S., Zhao, J.-L., Yang, B., Chen, Z.-F., & Lai, H.-J. (2013). Occurrence and fate of eleven classes of antibiotics in two typical wastewater treatment plants in South China. Science of The Total Environment, 452–453, 365–376.",Table S7 Plant B Nov Final effluent,N_ZHOU2013_SC_WWTP,Sup 2013 Li-Jun Zhou ... .doc (textutil txt) Tables S6–S7,https://doi.org/10.1016/j.scitotenv.2013.03.010,True
municipal wastewater influent,wastewater influent,Guangdong,Plant B WWTP (South China; oxidation ditch),Ciprofloxacin,fluoroquinolones,90.3,,ng/L,2010,May,"Zhou, L.-J., Ying, G.-G., Liu, S., Zhao, J.-L., Yang, B., Chen, Z.-F., & Lai, H.-J. (2013). Occurrence and fate of eleven classes of antibiotics in two typical wastewater treatment plants in South China. Science of The Total Environment, 452–453, 365–376.",Table S7 Plant B May Influent,N_ZHOU2013_SC_WWTP,Sup 2013 Li-Jun Zhou ... .doc (textutil txt) Tables S6–S7,https://doi.org/10.1016/j.scitotenv.2013.03.010,True
municipal wastewater effluent,wastewater effluent,Guangdong,Plant B WWTP (South China; oxidation ditch),Ciprofloxacin,fluoroquinolones,9.06,,ng/L,2010,May,"Zhou, L.-J., Ying, G.-G., Liu, S., Zhao, J.-L., Yang, B., Chen, Z.-F., & Lai, H.-J. (2013). Occurrence and fate of eleven classes of antibiotics in two typical wastewater treatment plants in South China. Science of The Total Environment, 452–453, 365–376.",Table S7 Plant B May Final effluent,N_ZHOU2013_SC_WWTP,Sup 2013 Li-Jun Zhou ... .doc (textutil txt) Tables S6–S7,https://doi.org/10.1016/j.scitotenv.2013.03.010,True
municipal wastewater influent,wastewater influent,Guangdong,Plant B WWTP (South China; oxidation ditch),Ciprofloxacin,fluoroquinolones,15.6,,ng/L,2010,November,"Zhou, L.-J., Ying, G.-G., Liu, S., Zhao, J.-L., Yang, B., Chen, Z.-F., & Lai, H.-J. (2013). Occurrence and fate of eleven classes of antibiotics in two typical wastewater treatment plants in South China. Science of The Total Environment, 452–453, 365–376.",Table S7 Plant B Nov Influent,N_ZHOU2013_SC_WWTP,Sup 2013 Li-Jun Zhou ... .doc (textutil txt) Tables S6–S7,https://doi.org/10.1016/j.scitotenv.2013.03.010,True
municipal wastewater effluent,wastewater effluent,Guangdong,Plant B WWTP (South China; oxidation ditch),Ciprofloxacin,fluoroquinolones,5.64,,ng/L,2010,November,"Zhou, L.-J., Ying, G.-G., Liu, S., Zhao, J.-L., Yang, B., Chen, Z.-F., & Lai, H.-J. (2013). Occurrence and fate of eleven classes of antibiotics in two typical wastewater treatment plants in South China. Science of The Total Environment, 452–453, 365–376.",Table S7 Plant B Nov Final effluent,N_ZHOU2013_SC_WWTP,Sup 2013 Li-Jun Zhou ... .doc (textutil txt) Tables S6–S7,https://doi.org/10.1016/j.scitotenv.2013.03.010,True
municipal wastewater influent,wastewater influent,Guangdong,Plant B WWTP (South China; oxidation ditch),Lomefloxacin,fluoroquinolones,3.22,,ng/L,2010,May,"Zhou, L.-J., Ying, G.-G., Liu, S., Zhao, J.-L., Yang, B., Chen, Z.-F., & Lai, H.-J. (2013). Occurrence and fate of eleven classes of antibiotics in two typical wastewater treatment plants in South China. Science of The Total Environment, 452–453, 365–376.",Table S7 Plant B May Influent,N_ZHOU2013_SC_WWTP,Sup 2013 Li-Jun Zhou ... .doc (textutil txt) Tables S6–S7,https://doi.org/10.1016/j.scitotenv.2013.03.010,True
municipal wastewater influent,wastewater influent,Guangdong,Plant B WWTP (South China; oxidation ditch),Lomefloxacin,fluoroquinolones,22.5,,ng/L,2010,November,"Zhou, L.-J., Ying, G.-G., Liu, S., Zhao, J.-L., Yang, B., Chen, Z.-F., & Lai, H.-J. (2013). Occurrence and fate of eleven classes of antibiotics in two typical wastewater treatment plants in South China. Science of The Total Environment, 452–453, 365–376.",Table S7 Plant B Nov Influent,N_ZHOU2013_SC_WWTP,Sup 2013 Li-Jun Zhou ... .doc (textutil txt) Tables S6–S7,https://doi.org/10.1016/j.scitotenv.2013.03.010,True
municipal wastewater effluent,wastewater effluent,Guangdong,Plant B WWTP (South China; oxidation ditch),Lomefloxacin,fluoroquinolones,8.59,,ng/L,2010,November,"Zhou, L.-J., Ying, G.-G., Liu, S., Zhao, J.-L., Yang, B., Chen, Z.-F., & Lai, H.-J. (2013). Occurrence and fate of eleven classes of antibiotics in two typical wastewater treatment plants in South China. Science of The Total Environment, 452–453, 365–376.",Table S7 Plant B Nov Final effluent,N_ZHOU2013_SC_WWTP,Sup 2013 Li-Jun Zhou ... .doc (textutil txt) Tables S6–S7,https://doi.org/10.1016/j.scitotenv.2013.03.010,True
municipal wastewater influent,wastewater influent,Guangdong,Plant B WWTP (South China; oxidation ditch),Norfloxacin,fluoroquinolones,42.4,,ng/L,2010,May,"Zhou, L.-J., Ying, G.-G., Liu, S., Zhao, J.-L., Yang, B., Chen, Z.-F., & Lai, H.-J. (2013). Occurrence and fate of eleven classes of antibiotics in two typical wastewater treatment plants in South China. Science of The Total Environment, 452–453, 365–376.",Table S7 Plant B May Influent,N_ZHOU2013_SC_WWTP,Sup 2013 Li-Jun Zhou ... .doc (textutil txt) Tables S6–S7,https://doi.org/10.1016/j.scitotenv.2013.03.010,True
municipal wastewater effluent,wastewater effluent,Guangdong,Plant B WWTP (South China; oxidation ditch),Norfloxacin,fluoroquinolones,48.3,,ng/L,2010,May,"Zhou, L.-J., Ying, G.-G., Liu, S., Zhao, J.-L., Yang, B., Chen, Z.-F., & Lai, H.-J. (2013). Occurrence and fate of eleven classes of antibiotics in two typical wastewater treatment plants in South China. Science of The Total Environment, 452–453, 365–376.",Table S7 Plant B May Final effluent,N_ZHOU2013_SC_WWTP,Sup 2013 Li-Jun Zhou ... .doc (textutil txt) Tables S6–S7,https://doi.org/10.1016/j.scitotenv.2013.03.010,True
municipal wastewater influent,wastewater influent,Guangdong,Plant B WWTP (South China; oxidation ditch),Norfloxacin,fluoroquinolones,142.0,,ng/L,2010,November,"Zhou, L.-J., Ying, G.-G., Liu, S., Zhao, J.-L., Yang, B., Chen, Z.-F., & Lai, H.-J. (2013). Occurrence and fate of eleven classes of antibiotics in two typical wastewater treatment plants in South China. Science of The Total Environment, 452–453, 365–376.",Table S7 Plant B Nov Influent,N_ZHOU2013_SC_WWTP,Sup 2013 Li-Jun Zhou ... .doc (textutil txt) Tables S6–S7,https://doi.org/10.1016/j.scitotenv.2013.03.010,True
municipal wastewater effluent,wastewater effluent,Guangdong,Plant B WWTP (South China; oxidation ditch),Norfloxacin,fluoroquinolones,56.3,,ng/L,2010,November,"Zhou, L.-J., Ying, G.-G., Liu, S., Zhao, J.-L., Yang, B., Chen, Z.-F., & Lai, H.-J. (2013). Occurrence and fate of eleven classes of antibiotics in two typical wastewater treatment plants in South China. Science of The Total Environment, 452–453, 365–376.",Table S7 Plant B Nov Final effluent,N_ZHOU2013_SC_WWTP,Sup 2013 Li-Jun Zhou ... .doc (textutil txt) Tables S6–S7,https://doi.org/10.1016/j.scitotenv.2013.03.010,True
municipal wastewater influent,wastewater influent,Guangdong,Plant B WWTP (South China; oxidation ditch),Ofloxacin,fluoroquinolones,30.3,,ng/L,2010,May,"Zhou, L.-J., Ying, G.-G., Liu, S., Zhao, J.-L., Yang, B., Chen, Z.-F., & Lai, H.-J. (2013). Occurrence and fate of eleven classes of antibiotics in two typical wastewater treatment plants in South China. Science of The Total Environment, 452–453, 365–376.",Table S7 Plant B May Influent,N_ZHOU2013_SC_WWTP,Sup 2013 Li-Jun Zhou ... .doc (textutil txt) Tables S6–S7,https://doi.org/10.1016/j.scitotenv.2013.03.010,True
municipal wastewater effluent,wastewater effluent,Guangdong,Plant B WWTP (South China; oxidation ditch),Ofloxacin,fluoroquinolones,57.0,,ng/L,2010,May,"Zhou, L.-J., Ying, G.-G., Liu, S., Zhao, J.-L., Yang, B., Chen, Z.-F., & Lai, H.-J. (2013). Occurrence and fate of eleven classes of antibiotics in two typical wastewater treatment plants in South China. Science of The Total Environment, 452–453, 365–376.",Table S7 Plant B May Final effluent,N_ZHOU2013_SC_WWTP,Sup 2013 Li-Jun Zhou ... .doc (textutil txt) Tables S6–S7,https://doi.org/10.1016/j.scitotenv.2013.03.010,True
municipal wastewater influent,wastewater influent,Guangdong,Plant B WWTP (South China; oxidation ditch),Ofloxacin,fluoroquinolones,148.0,,ng/L,2010,November,"Zhou, L.-J., Ying, G.-G., Liu, S., Zhao, J.-L., Yang, B., Chen, Z.-F., & Lai, H.-J. (2013). Occurrence and fate of eleven classes of antibiotics in two typical wastewater treatment plants in South China. Science of The Total Environment, 452–453, 365–376.",Table S7 Plant B Nov Influent,N_ZHOU2013_SC_WWTP,Sup 2013 Li-Jun Zhou ... .doc (textutil txt) Tables S6–S7,https://doi.org/10.1016/j.scitotenv.2013.03.010,True
municipal wastewater effluent,wastewater effluent,Guangdong,Plant B WWTP (South China; oxidation ditch),Ofloxacin,fluoroquinolones,86.6,,ng/L,2010,November,"Zhou, L.-J., Ying, G.-G., Liu, S., Zhao, J.-L., Yang, B., Chen, Z.-F., & Lai, H.-J. (2013). Occurrence and fate of eleven classes of antibiotics in two typical wastewater treatment plants in South China. Science of The Total Environment, 452–453, 365–376.",Table S7 Plant B Nov Final effluent,N_ZHOU2013_SC_WWTP,Sup 2013 Li-Jun Zhou ... .doc (textutil txt) Tables S6–S7,https://doi.org/10.1016/j.scitotenv.2013.03.010,True
municipal wastewater influent,wastewater influent,Guangdong,Plant B WWTP (South China; oxidation ditch),Clarithromycin,macrolides,30.8,,ng/L,2010,May,"Zhou, L.-J., Ying, G.-G., Liu, S., Zhao, J.-L., Yang, B., Chen, Z.-F., & Lai, H.-J. (2013). Occurrence and fate of eleven classes of antibiotics in two typical wastewater treatment plants in South China. Science of The Total Environment, 452–453, 365–376.",Table S7 Plant B May Influent,N_ZHOU2013_SC_WWTP,Sup 2013 Li-Jun Zhou ... .doc (textutil txt) Tables S6–S7,https://doi.org/10.1016/j.scitotenv.2013.03.010,True
municipal wastewater effluent,wastewater effluent,Guangdong,Plant B WWTP (South China; oxidation ditch),Clarithromycin,macrolides,8.36,,ng/L,2010,May,"Zhou, L.-J., Ying, G.-G., Liu, S., Zhao, J.-L., Yang, B., Chen, Z.-F., & Lai, H.-J. (2013). Occurrence and fate of eleven classes of antibiotics in two typical wastewater treatment plants in South China. Science of The Total Environment, 452–453, 365–376.",Table S7 Plant B May Final effluent,N_ZHOU2013_SC_WWTP,Sup 2013 Li-Jun Zhou ... .doc (textutil txt) Tables S6–S7,https://doi.org/10.1016/j.scitotenv.2013.03.010,True
municipal wastewater influent,wastewater influent,Guangdong,Plant B WWTP (South China; oxidation ditch),Clarithromycin,macrolides,48.6,,ng/L,2010,November,"Zhou, L.-J., Ying, G.-G., Liu, S., Zhao, J.-L., Yang, B., Chen, Z.-F., & Lai, H.-J. (2013). Occurrence and fate of eleven classes of antibiotics in two typical wastewater treatment plants in South China. Science of The Total Environment, 452–453, 365–376.",Table S7 Plant B Nov Influent,N_ZHOU2013_SC_WWTP,Sup 2013 Li-Jun Zhou ... .doc (textutil txt) Tables S6–S7,https://doi.org/10.1016/j.scitotenv.2013.03.010,True
municipal wastewater effluent,wastewater effluent,Guangdong,Plant B WWTP (South China; oxidation ditch),Clarithromycin,macrolides,5.16,,ng/L,2010,November,"Zhou, L.-J., Ying, G.-G., Liu, S., Zhao, J.-L., Yang, B., Chen, Z.-F., & Lai, H.-J. (2013). Occurrence and fate of eleven classes of antibiotics in two typical wastewater treatment plants in South China. Science of The Total Environment, 452–453, 365–376.",Table S7 Plant B Nov Final effluent,N_ZHOU2013_SC_WWTP,Sup 2013 Li-Jun Zhou ... .doc (textutil txt) Tables S6–S7,https://doi.org/10.1016/j.scitotenv.2013.03.010,True
municipal wastewater influent,wastewater influent,Guangdong,Plant B WWTP (South China; oxidation ditch),Roxithromycin,macrolides,25.2,,ng/L,2010,May,"Zhou, L.-J., Ying, G.-G., Liu, S., Zhao, J.-L., Yang, B., Chen, Z.-F., & Lai, H.-J. (2013). Occurrence and fate of eleven classes of antibiotics in two typical wastewater treatment plants in South China. Science of The Total Environment, 452–453, 365–376.",Table S7 Plant B May Influent,N_ZHOU2013_SC_WWTP,Sup 2013 Li-Jun Zhou ... .doc (textutil txt) Tables S6–S7,https://doi.org/10.1016/j.scitotenv.2013.03.010,True
municipal wastewater effluent,wastewater effluent,Guangdong,Plant B WWTP (South China; oxidation ditch),Roxithromycin,macrolides,12.4,,ng/L,2010,May,"Zhou, L.-J., Ying, G.-G., Liu, S., Zhao, J.-L., Yang, B., Chen, Z.-F., & Lai, H.-J. (2013). Occurrence and fate of eleven classes of antibiotics in two typical wastewater treatment plants in South China. Science of The Total Environment, 452–453, 365–376.",Table S7 Plant B May Final effluent,N_ZHOU2013_SC_WWTP,Sup 2013 Li-Jun Zhou ... .doc (textutil txt) Tables S6–S7,https://doi.org/10.1016/j.scitotenv.2013.03.010,True
municipal wastewater influent,wastewater influent,Guangdong,Plant B WWTP (South China; oxidation ditch),Roxithromycin,macrolides,41.0,,ng/L,2010,November,"Zhou, L.-J., Ying, G.-G., Liu, S., Zhao, J.-L., Yang, B., Chen, Z.-F., & Lai, H.-J. (2013). Occurrence and fate of eleven classes of antibiotics in two typical wastewater treatment plants in South China. Science of The Total Environment, 452–453, 365–376.",Table S7 Plant B Nov Influent,N_ZHOU2013_SC_WWTP,Sup 2013 Li-Jun Zhou ... .doc (textutil txt) Tables S6–S7,https://doi.org/10.1016/j.scitotenv.2013.03.010,True
municipal wastewater effluent,wastewater effluent,Guangdong,Plant B WWTP (South China; oxidation ditch),Roxithromycin,macrolides,7.82,,ng/L,2010,November,"Zhou, L.-J., Ying, G.-G., Liu, S., Zhao, J.-L., Yang, B., Chen, Z.-F., & Lai, H.-J. (2013). Occurrence and fate of eleven classes of antibiotics in two typical wastewater treatment plants in South China. Science of The Total Environment, 452–453, 365–376.",Table S7 Plant B Nov Final effluent,N_ZHOU2013_SC_WWTP,Sup 2013 Li-Jun Zhou ... .doc (textutil txt) Tables S6–S7,https://doi.org/10.1016/j.scitotenv.2013.03.010,True
municipal wastewater influent,wastewater influent,Guangdong,Plant B WWTP (South China; oxidation ditch),Lincomycin,other,124.0,,ng/L,2010,May,"Zhou, L.-J., Ying, G.-G., Liu, S., Zhao, J.-L., Yang, B., Chen, Z.-F., & Lai, H.-J. (2013). Occurrence and fate of eleven classes of antibiotics in two typical wastewater treatment plants in South China. Science of The Total Environment, 452–453, 365–376.",Table S7 Plant B May Influent,N_ZHOU2013_SC_WWTP,Sup 2013 Li-Jun Zhou ... .doc (textutil txt) Tables S6–S7,https://doi.org/10.1016/j.scitotenv.2013.03.010,True
municipal wastewater effluent,wastewater effluent,Guangdong,Plant B WWTP (South China; oxidation ditch),Lincomycin,other,53.9,,ng/L,2010,May,"Zhou, L.-J., Ying, G.-G., Liu, S., Zhao, J.-L., Yang, B., Chen, Z.-F., & Lai, H.-J. (2013). Occurrence and fate of eleven classes of antibiotics in two typical wastewater treatment plants in South China. Science of The Total Environment, 452–453, 365–376.",Table S7 Plant B May Final effluent,N_ZHOU2013_SC_WWTP,Sup 2013 Li-Jun Zhou ... .doc (textutil txt) Tables S6–S7,https://doi.org/10.1016/j.scitotenv.2013.03.010,True
municipal wastewater influent,wastewater influent,Guangdong,Plant B WWTP (South China; oxidation ditch),Lincomycin,other,44.2,,ng/L,2010,November,"Zhou, L.-J., Ying, G.-G., Liu, S., Zhao, J.-L., Yang, B., Chen, Z.-F., & Lai, H.-J. (2013). Occurrence and fate of eleven classes of antibiotics in two typical wastewater treatment plants in South China. Science of The Total Environment, 452–453, 365–376.",Table S7 Plant B Nov Influent,N_ZHOU2013_SC_WWTP,Sup 2013 Li-Jun Zhou ... .doc (textutil txt) Tables S6–S7,https://doi.org/10.1016/j.scitotenv.2013.03.010,True
municipal sludge,sludge,Guangdong,Plant A WWTP (South China; A2/O) - Anoxic sludge,Sulfamethazine,sulfonamides,3.77,,ng/g dw,2010,May,"Zhou, L.-J., Ying, G.-G., Liu, S., Zhao, J.-L., Yang, B., Chen, Z.-F., & Lai, H.-J. (2013). Occurrence and fate of eleven classes of antibiotics in two typical wastewater treatment plants in South China. Science of The Total Environment, 452–453, 365–376.",Table S8 Plant A May Anoxic sludge,N_ZHOU2013_SC_WWTP_SOLIDS,Sup 2013 Li-Jun Zhou ... .doc (textutil txt) Tables S8–S9,https://doi.org/10.1016/j.scitotenv.2013.03.010,True
municipal sludge,sludge,Guangdong,Plant A WWTP (South China; A2/O) - Anaerobic sludge,Sulfamethazine,sulfonamides,5.24,,ng/g dw,2010,May,"Zhou, L.-J., Ying, G.-G., Liu, S., Zhao, J.-L., Yang, B., Chen, Z.-F., & Lai, H.-J. (2013). Occurrence and fate of eleven classes of antibiotics in two typical wastewater treatment plants in South China. Science of The Total Environment, 452–453, 365–376.",Table S8 Plant A May Anaerobic sludge,N_ZHOU2013_SC_WWTP_SOLIDS,Sup 2013 Li-Jun Zhou ... .doc (textutil txt) Tables S8–S9,https://doi.org/10.1016/j.scitotenv.2013.03.010,True
municipal sludge,sludge,Guangdong,Plant A WWTP (South China; A2/O) - Aerobic sludge,Sulfamethazine,sulfonamides,3.9,,ng/g dw,2010,May,"Zhou, L.-J., Ying, G.-G., Liu, S., Zhao, J.-L., Yang, B., Chen, Z.-F., & Lai, H.-J. (2013). Occurrence and fate of eleven classes of antibiotics in two typical wastewater treatment plants in South China. Science of The Total Environment, 452–453, 365–376.",Table S8 Plant A May Aerobic sludge,N_ZHOU2013_SC_WWTP_SOLIDS,Sup 2013 Li-Jun Zhou ... .doc (textutil txt) Tables S8–S9,https://doi.org/10.1016/j.scitotenv.2013.03.010,True
municipal sludge,sludge,Guangdong,Plant A WWTP (South China; A2/O) - Return sludge,Sulfamethazine,sulfonamides,5.31,,ng/g dw,2010,May,"Zhou, L.-J., Ying, G.-G., Liu, S., Zhao, J.-L., Yang, B., Chen, Z.-F., & Lai, H.-J. (2013). Occurrence and fate of eleven classes of antibiotics in two typical wastewater treatment plants in South China. Science of The Total Environment, 452–453, 365–376.",Table S8 Plant A May Return sludge,N_ZHOU2013_SC_WWTP_SOLIDS,Sup 2013 Li-Jun Zhou ... .doc (textutil txt) Tables S8–S9,https://doi.org/10.1016/j.scitotenv.2013.03.010,True
municipal sludge,sludge,Guangdong,Plant A WWTP (South China; A2/O) - Dewatered sludge,Sulfamethazine,sulfonamides,3.53,,ng/g dw,2010,May,"Zhou, L.-J., Ying, G.-G., Liu, S., Zhao, J.-L., Yang, B., Chen, Z.-F., & Lai, H.-J. (2013). Occurrence and fate of eleven classes of antibiotics in two typical wastewater treatment plants in South China. Science of The Total Environment, 452–453, 365–376.",Table S8 Plant A May Dewatered sludge,N_ZHOU2013_SC_WWTP_SOLIDS,Sup 2013 Li-Jun Zhou ... .doc (textutil txt) Tables S8–S9,https://doi.org/10.1016/j.scitotenv.2013.03.010,True
municipal sludge,sludge,Guangdong,Plant A WWTP (South China; A2/O) - Anoxic sludge,Sulfamethazine,sulfonamides,3.59,,ng/g dw,2010,November,"Zhou, L.-J., Ying, G.-G., Liu, S., Zhao, J.-L., Yang, B., Chen, Z.-F., & Lai, H.-J. (2013). Occurrence and fate of eleven classes of antibiotics in two typical wastewater treatment plants in South China. Science of The Total Environment, 452–453, 365–376.",Table S8 Plant A Nov Anoxic sludge,N_ZHOU2013_SC_WWTP_SOLIDS,Sup 2013 Li-Jun Zhou ... .doc (textutil txt) Tables S8–S9,https://doi.org/10.1016/j.scitotenv.2013.03.010,True
municipal sludge,sludge,Guangdong,Plant A WWTP (South China; A2/O) - Anaerobic sludge,Sulfamethazine,sulfonamides,3.95,,ng/g dw,2010,November,"Zhou, L.-J., Ying, G.-G., Liu, S., Zhao, J.-L., Yang, B., Chen, Z.-F., & Lai, H.-J. (2013). Occurrence and fate of eleven classes of antibiotics in two typical wastewater treatment plants in South China. Science of The Total Environment, 452–453, 365–376.",Table S8 Plant A Nov Anaerobic sludge,N_ZHOU2013_SC_WWTP_SOLIDS,Sup 2013 Li-Jun Zhou ... .doc (textutil txt) Tables S8–S9,https://doi.org/10.1016/j.scitotenv.2013.03.010,True
municipal sludge,sludge,Guangdong,Plant A WWTP (South China; A2/O) - Aerobic sludge,Sulfamethazine,sulfonamides,2.41,,ng/g dw,2010,November,"Zhou, L.-J., Ying, G.-G., Liu, S., Zhao, J.-L., Yang, B., Chen, Z.-F., & Lai, H.-J. (2013). Occurrence and fate of eleven classes of antibiotics in two typical wastewater treatment plants in South China. Science of The Total Environment, 452–453, 365–376.",Table S8 Plant A Nov Aerobic sludge,N_ZHOU2013_SC_WWTP_SOLIDS,Sup 2013 Li-Jun Zhou ... .doc (textutil txt) Tables S8–S9,https://doi.org/10.1016/j.scitotenv.2013.03.010,True
municipal sludge,sludge,Guangdong,Plant A WWTP (South China; A2/O) - Return sludge,Sulfamethazine,sulfonamides,3.31,,ng/g dw,2010,November,"Zhou, L.-J., Ying, G.-G., Liu, S., Zhao, J.-L., Yang, B., Chen, Z.-F., & Lai, H.-J. (2013). Occurrence and fate of eleven classes of antibiotics in two typical wastewater treatment plants in South China. Science of The Total Environment, 452–453, 365–376.",Table S8 Plant A Nov Return sludge,N_ZHOU2013_SC_WWTP_SOLIDS,Sup 2013 Li-Jun Zhou ... .doc (textutil txt) Tables S8–S9,https://doi.org/10.1016/j.scitotenv.2013.03.010,True
municipal sludge,sludge,Guangdong,Plant A WWTP (South China; A2/O) - Aerobic sludge,Sulfamonomethoxine,sulfonamides,3.31,,ng/g dw,2010,May,"Zhou, L.-J., Ying, G.-G., Liu, S., Zhao, J.-L., Yang, B., Chen, Z.-F., & Lai, H.-J. (2013). Occurrence and fate of eleven classes of antibiotics in two typical wastewater treatment plants in South China. Science of The Total Environment, 452–453, 365–376.",Table S8 Plant A May Aerobic sludge,N_ZHOU2013_SC_WWTP_SOLIDS,Sup 2013 Li-Jun Zhou ... .doc (textutil txt) Tables S8–S9,https://doi.org/10.1016/j.scitotenv.2013.03.010,True
municipal sludge,sludge,Guangdong,Plant A WWTP (South China; A2/O) - Anaerobic sludge,Sulfapyridine,sulfonamides,2.54,,ng/g dw,2010,May,"Zhou, L.-J., Ying, G.-G., Liu, S., Zhao, J.-L., Yang, B., Chen, Z.-F., & Lai, H.-J. (2013). Occurrence and fate of eleven classes of antibiotics in two typical wastewater treatment plants in South China. Science of The Total Environment, 452–453, 365–376.",Table S8 Plant A May Anaerobic sludge,N_ZHOU2013_SC_WWTP_SOLIDS,Sup 2013 Li-Jun Zhou ... .doc (textutil txt) Tables S8–S9,https://doi.org/10.1016/j.scitotenv.2013.03.010,True
municipal sludge,sludge,Guangdong,Plant A WWTP (South China; A2/O) - Return sludge,Sulfapyridine,sulfonamides,2.49,,ng/g dw,2010,May,"Zhou, L.-J., Ying, G.-G., Liu, S., Zhao, J.-L., Yang, B., Chen, Z.-F., & Lai, H.-J. (2013). Occurrence and fate of eleven classes of antibiotics in two typical wastewater treatment plants in South China. Science of The Total Environment, 452–453, 365–376.",Table S8 Plant A May Return sludge,N_ZHOU2013_SC_WWTP_SOLIDS,Sup 2013 Li-Jun Zhou ... .doc (textutil txt) Tables S8–S9,https://doi.org/10.1016/j.scitotenv.2013.03.010,True
municipal sludge,sludge,Guangdong,Plant A WWTP (South China; A2/O) - Dewatered sludge,Sulfapyridine,sulfonamides,1.44,,ng/g dw,2010,May,"Zhou, L.-J., Ying, G.-G., Liu, S., Zhao, J.-L., Yang, B., Chen, Z.-F., & Lai, H.-J. (2013). Occurrence and fate of eleven classes of antibiotics in two typical wastewater treatment plants in South China. Science of The Total Environment, 452–453, 365–376.",Table S8 Plant A May Dewatered sludge,N_ZHOU2013_SC_WWTP_SOLIDS,Sup 2013 Li-Jun Zhou ... .doc (textutil txt) Tables S8–S9,https://doi.org/10.1016/j.scitotenv.2013.03.010,True
municipal sludge,sludge,Guangdong,Plant A WWTP (South China; A2/O) - Anoxic sludge,Sulfapyridine,sulfonamides,5.97,,ng/g dw,2010,November,"Zhou, L.-J., Ying, G.-G., Liu, S., Zhao, J.-L., Yang, B., Chen, Z.-F., & Lai, H.-J. (2013). Occurrence and fate of eleven classes of antibiotics in two typical wastewater treatment plants in South China. Science of The Total Environment, 452–453, 365–376.",Table S8 Plant A Nov Anoxic sludge,N_ZHOU2013_SC_WWTP_SOLIDS,Sup 2013 Li-Jun Zhou ... .doc (textutil txt) Tables S8–S9,https://doi.org/10.1016/j.scitotenv.2013.03.010,True
municipal sludge,sludge,Guangdong,Plant A WWTP (South China; A2/O) - Anaerobic sludge,Sulfapyridine,sulfonamides,6.45,,ng/g dw,2010,November,"Zhou, L.-J., Ying, G.-G., Liu, S., Zhao, J.-L., Yang, B., Chen, Z.-F., & Lai, H.-J. (2013). Occurrence and fate of eleven classes of antibiotics in two typical wastewater treatment plants in South China. Science of The Total Environment, 452–453, 365–376.",Table S8 Plant A Nov Anaerobic sludge,N_ZHOU2013_SC_WWTP_SOLIDS,Sup 2013 Li-Jun Zhou ... .doc (textutil txt) Tables S8–S9,https://doi.org/10.1016/j.scitotenv.2013.03.010,True
municipal sludge,sludge,Guangdong,Plant A WWTP (South China; A2/O) - Aerobic sludge,Sulfapyridine,sulfonamides,2.77,,ng/g dw,2010,November,"Zhou, L.-J., Ying, G.-G., Liu, S., Zhao, J.-L., Yang, B., Chen, Z.-F., & Lai, H.-J. (2013). Occurrence and fate of eleven classes of antibiotics in two typical wastewater treatment plants in South China. Science of The Total Environment, 452–453, 365–376.",Table S8 Plant A Nov Aerobic sludge,N_ZHOU2013_SC_WWTP_SOLIDS,Sup 2013 Li-Jun Zhou ... .doc (textutil txt) Tables S8–S9,https://doi.org/10.1016/j.scitotenv.2013.03.010,True
municipal sludge,sludge,Guangdong,Plant A WWTP (South China; A2/O) - Return sludge,Sulfapyridine,sulfonamides,4.96,,ng/g dw,2010,November,"Zhou, L.-J., Ying, G.-G., Liu, S., Zhao, J.-L., Yang, B., Chen, Z.-F., & Lai, H.-J. (2013). Occurrence and fate of eleven classes of antibiotics in two typical wastewater treatment plants in South China. Science of The Total Environment, 452–453, 365–376.",Table S8 Plant A Nov Return sludge,N_ZHOU2013_SC_WWTP_SOLIDS,Sup 2013 Li-Jun Zhou ... .doc (textutil txt) Tables S8–S9,https://doi.org/10.1016/j.scitotenv.2013.03.010,True
municipal sludge,sludge,Guangdong,Plant A WWTP (South China; A2/O) - Anoxic sludge,Doxycycline,tetracyclines,12.9,,ng/g dw,2010,May,"Zhou, L.-J., Ying, G.-G., Liu, S., Zhao, J.-L., Yang, B., Chen, Z.-F., & Lai, H.-J. (2013). Occurrence and fate of eleven classes of antibiotics in two typical wastewater treatment plants in South China. Science of The Total Environment, 452–453, 365–376.",Table S8 Plant A May Anoxic sludge,N_ZHOU2013_SC_WWTP_SOLIDS,Sup 2013 Li-Jun Zhou ... .doc (textutil txt) Tables S8–S9,https://doi.org/10.1016/j.scitotenv.2013.03.010,True
municipal sludge,sludge,Guangdong,Plant A WWTP (South China; A2/O) - Anaerobic sludge,Doxycycline,tetracyclines,38.2,,ng/g dw,2010,May,"Zhou, L.-J., Ying, G.-G., Liu, S., Zhao, J.-L., Yang, B., Chen, Z.-F., & Lai, H.-J. (2013). Occurrence and fate of eleven classes of antibiotics in two typical wastewater treatment plants in South China. Science of The Total Environment, 452–453, 365–376.",Table S8 Plant A May Anaerobic sludge,N_ZHOU2013_SC_WWTP_SOLIDS,Sup 2013 Li-Jun Zhou ... .doc (textutil txt) Tables S8–S9,https://doi.org/10.1016/j.scitotenv.2013.03.010,True
municipal sludge,sludge,Guangdong,Plant A WWTP (South China; A2/O) - Aerobic sludge,Doxycycline,tetracyclines,17.9,,ng/g dw,2010,May,"Zhou, L.-J., Ying, G.-G., Liu, S., Zhao, J.-L., Yang, B., Chen, Z.-F., & Lai, H.-J. (2013). Occurrence and fate of eleven classes of antibiotics in two typical wastewater treatment plants in South China. Science of The Total Environment, 452–453, 365–376.",Table S8 Plant A May Aerobic sludge,N_ZHOU2013_SC_WWTP_SOLIDS,Sup 2013 Li-Jun Zhou ... .doc (textutil txt) Tables S8–S9,https://doi.org/10.1016/j.scitotenv.2013.03.010,True
municipal sludge,sludge,Guangdong,Plant A WWTP (South China; A2/O) - Return sludge,Doxycycline,tetracyclines,33.8,,ng/g dw,2010,May,"Zhou, L.-J., Ying, G.-G., Liu, S., Zhao, J.-L., Yang, B., Chen, Z.-F., & Lai, H.-J. (2013). Occurrence and fate of eleven classes of antibiotics in two typical wastewater treatment plants in South China. Science of The Total Environment, 452–453, 365–376.",Table S8 Plant A May Return sludge,N_ZHOU2013_SC_WWTP_SOLIDS,Sup 2013 Li-Jun Zhou ... .doc (textutil txt) Tables S8–S9,https://doi.org/10.1016/j.scitotenv.2013.03.010,True
municipal sludge,sludge,Guangdong,Plant A WWTP (South China; A2/O) - Dewatered sludge,Doxycycline,tetracyclines,103.0,,ng/g dw,2010,May,"Zhou, L.-J., Ying, G.-G., Liu, S., Zhao, J.-L., Yang, B., Chen, Z.-F., & Lai, H.-J. (2013). Occurrence and fate of eleven classes of antibiotics in two typical wastewater treatment plants in South China. Science of The Total Environment, 452–453, 365–376.",Table S8 Plant A May Dewatered sludge,N_ZHOU2013_SC_WWTP_SOLIDS,Sup 2013 Li-Jun Zhou ... .doc (textutil txt) Tables S8–S9,https://doi.org/10.1016/j.scitotenv.2013.03.010,True
municipal sludge,sludge,Guangdong,Plant A WWTP (South China; A2/O) - Anoxic sludge,Doxycycline,tetracyclines,108.0,,ng/g dw,2010,November,"Zhou, L.-J., Ying, G.-G., Liu, S., Zhao, J.-L., Yang, B., Chen, Z.-F., & Lai, H.-J. (2013). Occurrence and fate of eleven classes of antibiotics in two typical wastewater treatment plants in South China. Science of The Total Environment, 452–453, 365–376.",Table S8 Plant A Nov Anoxic sludge,N_ZHOU2013_SC_WWTP_SOLIDS,Sup 2013 Li-Jun Zhou ... .doc (textutil txt) Tables S8–S9,https://doi.org/10.1016/j.scitotenv.2013.03.010,True
municipal sludge,sludge,Guangdong,Plant A WWTP (South China; A2/O) - Anaerobic sludge,Doxycycline,tetracyclines,111.0,,ng/g dw,2010,November,"Zhou, L.-J., Ying, G.-G., Liu, S., Zhao, J.-L., Yang, B., Chen, Z.-F., & Lai, H.-J. (2013). Occurrence and fate of eleven classes of antibiotics in two typical wastewater treatment plants in South China. Science of The Total Environment, 452–453, 365–376.",Table S8 Plant A Nov Anaerobic sludge,N_ZHOU2013_SC_WWTP_SOLIDS,Sup 2013 Li-Jun Zhou ... .doc (textutil txt) Tables S8–S9,https://doi.org/10.1016/j.scitotenv.2013.03.010,True
municipal sludge,sludge,Guangdong,Plant A WWTP (South China; A2/O) - Aerobic sludge,Doxycycline,tetracyclines,36.9,,ng/g dw,2010,November,"Zhou, L.-J., Ying, G.-G., Liu, S., Zhao, J.-L., Yang, B., Chen, Z.-F., & Lai, H.-J. (2013). Occurrence and fate of eleven classes of antibiotics in two typical wastewater treatment plants in South China. Science of The Total Environment, 452–453, 365–376.",Table S8 Plant A Nov Aerobic sludge,N_ZHOU2013_SC_WWTP_SOLIDS,Sup 2013 Li-Jun Zhou ... .doc (textutil txt) Tables S8–S9,https://doi.org/10.1016/j.scitotenv.2013.03.010,True
municipal sludge,sludge,Guangdong,Plant A WWTP (South China; A2/O) - Return sludge,Doxycycline,tetracyclines,136.0,,ng/g dw,2010,November,"Zhou, L.-J., Ying, G.-G., Liu, S., Zhao, J.-L., Yang, B., Chen, Z.-F., & Lai, H.-J. (2013). Occurrence and fate of eleven classes of antibiotics in two typical wastewater treatment plants in South China. Science of The Total Environment, 452–453, 365–376.",Table S8 Plant A Nov Return sludge,N_ZHOU2013_SC_WWTP_SOLIDS,Sup 2013 Li-Jun Zhou ... .doc (textutil txt) Tables S8–S9,https://doi.org/10.1016/j.scitotenv.2013.03.010,True
municipal sludge,sludge,Guangdong,Plant A WWTP (South China; A2/O) - Dewatered sludge,Doxycycline,tetracyclines,232.0,,ng/g dw,2010,November,"Zhou, L.-J., Ying, G.-G., Liu, S., Zhao, J.-L., Yang, B., Chen, Z.-F., & Lai, H.-J. (2013). Occurrence and fate of eleven classes of antibiotics in two typical wastewater treatment plants in South China. Science of The Total Environment, 452–453, 365–376.",Table S8 Plant A Nov Dewatered sludge,N_ZHOU2013_SC_WWTP_SOLIDS,Sup 2013 Li-Jun Zhou ... .doc (textutil txt) Tables S8–S9,https://doi.org/10.1016/j.scitotenv.2013.03.010,True
municipal sludge,sludge,Guangdong,Plant A WWTP (South China; A2/O) - Anoxic sludge,Methacycline,tetracyclines,14.5,,ng/g dw,2010,November,"Zhou, L.-J., Ying, G.-G., Liu, S., Zhao, J.-L., Yang, B., Chen, Z.-F., & Lai, H.-J. (2013). Occurrence and fate of eleven classes of antibiotics in two typical wastewater treatment plants in South China. Science of The Total Environment, 452–453, 365–376.",Table S8 Plant A Nov Anoxic sludge,N_ZHOU2013_SC_WWTP_SOLIDS,Sup 2013 Li-Jun Zhou ... .doc (textutil txt) Tables S8–S9,https://doi.org/10.1016/j.scitotenv.2013.03.010,True
municipal sludge,sludge,Guangdong,Plant A WWTP (South China; A2/O) - Anaerobic sludge,Methacycline,tetracyclines,14.9,,ng/g dw,2010,November,"Zhou, L.-J., Ying, G.-G., Liu, S., Zhao, J.-L., Yang, B., Chen, Z.-F., & Lai, H.-J. (2013). Occurrence and fate of eleven classes of antibiotics in two typical wastewater treatment plants in South China. Science of The Total Environment, 452–453, 365–376.",Table S8 Plant A Nov Anaerobic sludge,N_ZHOU2013_SC_WWTP_SOLIDS,Sup 2013 Li-Jun Zhou ... .doc (textutil txt) Tables S8–S9,https://doi.org/10.1016/j.scitotenv.2013.03.010,True
municipal sludge,sludge,Guangdong,Plant A WWTP (South China; A2/O) - Aerobic sludge,Methacycline,tetracyclines,9.48,,ng/g dw,2010,November,"Zhou, L.-J., Ying, G.-G., Liu, S., Zhao, J.-L., Yang, B., Chen, Z.-F., & Lai, H.-J. (2013). Occurrence and fate of eleven classes of antibiotics in two typical wastewater treatment plants in South China. Science of The Total Environment, 452–453, 365–376.",Table S8 Plant A Nov Aerobic sludge,N_ZHOU2013_SC_WWTP_SOLIDS,Sup 2013 Li-Jun Zhou ... .doc (textutil txt) Tables S8–S9,https://doi.org/10.1016/j.scitotenv.2013.03.010,True
municipal sludge,sludge,Guangdong,Plant A WWTP (South China; A2/O) - Return sludge,Methacycline,tetracyclines,16.3,,ng/g dw,2010,November,"Zhou, L.-J., Ying, G.-G., Liu, S., Zhao, J.-L., Yang, B., Chen, Z.-F., & Lai, H.-J. (2013). Occurrence and fate of eleven classes of antibiotics in two typical wastewater treatment plants in South China. Science of The Total Environment, 452–453, 365–376.",Table S8 Plant A Nov Return sludge,N_ZHOU2013_SC_WWTP_SOLIDS,Sup 2013 Li-Jun Zhou ... .doc (textutil txt) Tables S8–S9,https://doi.org/10.1016/j.scitotenv.2013.03.010,True
municipal sludge,sludge,Guangdong,Plant A WWTP (South China; A2/O) - Dewatered sludge,Methacycline,tetracyclines,21.1,,ng/g dw,2010,November,"Zhou, L.-J., Ying, G.-G., Liu, S., Zhao, J.-L., Yang, B., Chen, Z.-F., & Lai, H.-J. (2013). Occurrence and fate of eleven classes of antibiotics in two typical wastewater treatment plants in South China. Science of The Total Environment, 452–453, 365–376.",Table S8 Plant A Nov Dewatered sludge,N_ZHOU2013_SC_WWTP_SOLIDS,Sup 2013 Li-Jun Zhou ... .doc (textutil txt) Tables S8–S9,https://doi.org/10.1016/j.scitotenv.2013.03.010,True
municipal sludge,sludge,Guangdong,Plant A WWTP (South China; A2/O) - Anoxic sludge,Oxytetracycline,tetracyclines,238.0,,ng/g dw,2010,May,"Zhou, L.-J., Ying, G.-G., Liu, S., Zhao, J.-L., Yang, B., Chen, Z.-F., & Lai, H.-J. (2013). Occurrence and fate of eleven classes of antibiotics in two typical wastewater treatment plants in South China. Science of The Total Environment, 452–453, 365–376.",Table S8 Plant A May Anoxic sludge,N_ZHOU2013_SC_WWTP_SOLIDS,Sup 2013 Li-Jun Zhou ... .doc (textutil txt) Tables S8–S9,https://doi.org/10.1016/j.scitotenv.2013.03.010,True
municipal sludge,sludge,Guangdong,Plant A WWTP (South China; A2/O) - Anaerobic sludge,Oxytetracycline,tetracyclines,589.0,,ng/g dw,2010,May,"Zhou, L.-J., Ying, G.-G., Liu, S., Zhao, J.-L., Yang, B., Chen, Z.-F., & Lai, H.-J. (2013). Occurrence and fate of eleven classes of antibiotics in two typical wastewater treatment plants in South China. Science of The Total Environment, 452–453, 365–376.",Table S8 Plant A May Anaerobic sludge,N_ZHOU2013_SC_WWTP_SOLIDS,Sup 2013 Li-Jun Zhou ... .doc (textutil txt) Tables S8–S9,https://doi.org/10.1016/j.scitotenv.2013.03.010,True
municipal sludge,sludge,Guangdong,Plant A WWTP (South China; A2/O) - Aerobic sludge,Oxytetracycline,tetracyclines,318.0,,ng/g dw,2010,May,"Zhou, L.-J., Ying, G.-G., Liu, S., Zhao, J.-L., Yang, B., Chen, Z.-F., & Lai, H.-J. (2013). Occurrence and fate of eleven classes of antibiotics in two typical wastewater treatment plants in South China. Science of The Total Environment, 452–453, 365–376.",Table S8 Plant A May Aerobic sludge,N_ZHOU2013_SC_WWTP_SOLIDS,Sup 2013 Li-Jun Zhou ... .doc (textutil txt) Tables S8–S9,https://doi.org/10.1016/j.scitotenv.2013.03.010,True
municipal sludge,sludge,Guangdong,Plant A WWTP (South China; A2/O) - Return sludge,Oxytetracycline,tetracyclines,469.0,,ng/g dw,2010,May,"Zhou, L.-J., Ying, G.-G., Liu, S., Zhao, J.-L., Yang, B., Chen, Z.-F., & Lai, H.-J. (2013). Occurrence and fate of eleven classes of antibiotics in two typical wastewater treatment plants in South China. Science of The Total Environment, 452–453, 365–376.",Table S8 Plant A May Return sludge,N_ZHOU2013_SC_WWTP_SOLIDS,Sup 2013 Li-Jun Zhou ... .doc (textutil txt) Tables S8–S9,https://doi.org/10.1016/j.scitotenv.2013.03.010,True
municipal sludge,sludge,Guangdong,Plant A WWTP (South China; A2/O) - Dewatered sludge,Oxytetracycline,tetracyclines,417.0,,ng/g dw,2010,May,"Zhou, L.-J., Ying, G.-G., Liu, S., Zhao, J.-L., Yang, B., Chen, Z.-F., & Lai, H.-J. (2013). Occurrence and fate of eleven classes of antibiotics in two typical wastewater treatment plants in South China. Science of The Total Environment, 452–453, 365–376.",Table S8 Plant A May Dewatered sludge,N_ZHOU2013_SC_WWTP_SOLIDS,Sup 2013 Li-Jun Zhou ... .doc (textutil txt) Tables S8–S9,https://doi.org/10.1016/j.scitotenv.2013.03.010,True
municipal sludge,sludge,Guangdong,Plant A WWTP (South China; A2/O) - Anoxic sludge,Oxytetracycline,tetracyclines,1570.0,,ng/g dw,2010,November,"Zhou, L.-J., Ying, G.-G., Liu, S., Zhao, J.-L., Yang, B., Chen, Z.-F., & Lai, H.-J. (2013). Occurrence and fate of eleven classes of antibiotics in two typical wastewater treatment plants in South China. Science of The Total Environment, 452–453, 365–376.",Table S8 Plant A Nov Anoxic sludge,N_ZHOU2013_SC_WWTP_SOLIDS,Sup 2013 Li-Jun Zhou ... .doc (textutil txt) Tables S8–S9,https://doi.org/10.1016/j.scitotenv.2013.03.010,True
municipal sludge,sludge,Guangdong,Plant A WWTP (South China; A2/O) - Anaerobic sludge,Oxytetracycline,tetracyclines,1570.0,,ng/g dw,2010,November,"Zhou, L.-J., Ying, G.-G., Liu, S., Zhao, J.-L., Yang, B., Chen, Z.-F., & Lai, H.-J. (2013). Occurrence and fate of eleven classes of antibiotics in two typical wastewater treatment plants in South China. Science of The Total Environment, 452–453, 365–376.",Table S8 Plant A Nov Anaerobic sludge,N_ZHOU2013_SC_WWTP_SOLIDS,Sup 2013 Li-Jun Zhou ... .doc (textutil txt) Tables S8–S9,https://doi.org/10.1016/j.scitotenv.2013.03.010,True
municipal sludge,sludge,Guangdong,Plant A WWTP (South China; A2/O) - Aerobic sludge,Oxytetracycline,tetracyclines,288.0,,ng/g dw,2010,November,"Zhou, L.-J., Ying, G.-G., Liu, S., Zhao, J.-L., Yang, B., Chen, Z.-F., & Lai, H.-J. (2013). Occurrence and fate of eleven classes of antibiotics in two typical wastewater treatment plants in South China. Science of The Total Environment, 452–453, 365–376.",Table S8 Plant A Nov Aerobic sludge,N_ZHOU2013_SC_WWTP_SOLIDS,Sup 2013 Li-Jun Zhou ... .doc (textutil txt) Tables S8–S9,https://doi.org/10.1016/j.scitotenv.2013.03.010,True
municipal sludge,sludge,Guangdong,Plant A WWTP (South China; A2/O) - Return sludge,Oxytetracycline,tetracyclines,1610.0,,ng/g dw,2010,November,"Zhou, L.-J., Ying, G.-G., Liu, S., Zhao, J.-L., Yang, B., Chen, Z.-F., & Lai, H.-J. (2013). Occurrence and fate of eleven classes of antibiotics in two typical wastewater treatment plants in South China. Science of The Total Environment, 452–453, 365–376.",Table S8 Plant A Nov Return sludge,N_ZHOU2013_SC_WWTP_SOLIDS,Sup 2013 Li-Jun Zhou ... .doc (textutil txt) Tables S8–S9,https://doi.org/10.1016/j.scitotenv.2013.03.010,True
municipal sludge,sludge,Guangdong,Plant A WWTP (South China; A2/O) - Dewatered sludge,Oxytetracycline,tetracyclines,1680.0,,ng/g dw,2010,November,"Zhou, L.-J., Ying, G.-G., Liu, S., Zhao, J.-L., Yang, B., Chen, Z.-F., & Lai, H.-J. (2013). Occurrence and fate of eleven classes of antibiotics in two typical wastewater treatment plants in South China. Science of The Total Environment, 452–453, 365–376.",Table S8 Plant A Nov Dewatered sludge,N_ZHOU2013_SC_WWTP_SOLIDS,Sup 2013 Li-Jun Zhou ... .doc (textutil txt) Tables S8–S9,https://doi.org/10.1016/j.scitotenv.2013.03.010,True
municipal sludge,sludge,Guangdong,Plant A WWTP (South China; A2/O) - Anoxic sludge,Tetracycline,tetracyclines,199.0,,ng/g dw,2010,May,"Zhou, L.-J., Ying, G.-G., Liu, S., Zhao, J.-L., Yang, B., Chen, Z.-F., & Lai, H.-J. (2013). Occurrence and fate of eleven classes of antibiotics in two typical wastewater treatment plants in South China. Science of The Total Environment, 452–453, 365–376.",Table S8 Plant A May Anoxic sludge,N_ZHOU2013_SC_WWTP_SOLIDS,Sup 2013 Li-Jun Zhou ... .doc (textutil txt) Tables S8–S9,https://doi.org/10.1016/j.scitotenv.2013.03.010,True
municipal sludge,sludge,Guangdong,Plant A WWTP (South China; A2/O) - Anaerobic sludge,Tetracycline,tetracyclines,502.0,,ng/g dw,2010,May,"Zhou, L.-J., Ying, G.-G., Liu, S., Zhao, J.-L., Yang, B., Chen, Z.-F., & Lai, H.-J. (2013). Occurrence and fate of eleven classes of antibiotics in two typical wastewater treatment plants in South China. Science of The Total Environment, 452–453, 365–376.",Table S8 Plant A May Anaerobic sludge,N_ZHOU2013_SC_WWTP_SOLIDS,Sup 2013 Li-Jun Zhou ... .doc (textutil txt) Tables S8–S9,https://doi.org/10.1016/j.scitotenv.2013.03.010,True
municipal sludge,sludge,Guangdong,Plant A WWTP (South China; A2/O) - Aerobic sludge,Tetracycline,tetracyclines,117.0,,ng/g dw,2010,May,"Zhou, L.-J., Ying, G.-G., Liu, S., Zhao, J.-L., Yang, B., Chen, Z.-F., & Lai, H.-J. (2013). Occurrence and fate of eleven classes of antibiotics in two typical wastewater treatment plants in South China. Science of The Total Environment, 452–453, 365–376.",Table S8 Plant A May Aerobic sludge,N_ZHOU2013_SC_WWTP_SOLIDS,Sup 2013 Li-Jun Zhou ... .doc (textutil txt) Tables S8–S9,https://doi.org/10.1016/j.scitotenv.2013.03.010,True
municipal sludge,sludge,Guangdong,Plant A WWTP (South China; A2/O) - Return sludge,Tetracycline,tetracyclines,427.0,,ng/g dw,2010,May,"Zhou, L.-J., Ying, G.-G., Liu, S., Zhao, J.-L., Yang, B., Chen, Z.-F., & Lai, H.-J. (2013). Occurrence and fate of eleven classes of antibiotics in two typical wastewater treatment plants in South China. Science of The Total Environment, 452–453, 365–376.",Table S8 Plant A May Return sludge,N_ZHOU2013_SC_WWTP_SOLIDS,Sup 2013 Li-Jun Zhou ... .doc (textutil txt) Tables S8–S9,https://doi.org/10.1016/j.scitotenv.2013.03.010,True
municipal sludge,sludge,Guangdong,Plant A WWTP (South China; A2/O) - Dewatered sludge,Tetracycline,tetracyclines,353.0,,ng/g dw,2010,May,"Zhou, L.-J., Ying, G.-G., Liu, S., Zhao, J.-L., Yang, B., Chen, Z.-F., & Lai, H.-J. (2013). Occurrence and fate of eleven classes of antibiotics in two typical wastewater treatment plants in South China. Science of The Total Environment, 452–453, 365–376.",Table S8 Plant A May Dewatered sludge,N_ZHOU2013_SC_WWTP_SOLIDS,Sup 2013 Li-Jun Zhou ... .doc (textutil txt) Tables S8–S9,https://doi.org/10.1016/j.scitotenv.2013.03.010,True
municipal sludge,sludge,Guangdong,Plant A WWTP (South China; A2/O) - Anoxic sludge,Tetracycline,tetracyclines,1260.0,,ng/g dw,2010,November,"Zhou, L.-J., Ying, G.-G., Liu, S., Zhao, J.-L., Yang, B., Chen, Z.-F., & Lai, H.-J. (2013). Occurrence and fate of eleven classes of antibiotics in two typical wastewater treatment plants in South China. Science of The Total Environment, 452–453, 365–376.",Table S8 Plant A Nov Anoxic sludge,N_ZHOU2013_SC_WWTP_SOLIDS,Sup 2013 Li-Jun Zhou ... .doc (textutil txt) Tables S8–S9,https://doi.org/10.1016/j.scitotenv.2013.03.010,True
municipal sludge,sludge,Guangdong,Plant A WWTP (South China; A2/O) - Anaerobic sludge,Tetracycline,tetracyclines,1330.0,,ng/g dw,2010,November,"Zhou, L.-J., Ying, G.-G., Liu, S., Zhao, J.-L., Yang, B., Chen, Z.-F., & Lai, H.-J. (2013). Occurrence and fate of eleven classes of antibiotics in two typical wastewater treatment plants in South China. Science of The Total Environment, 452–453, 365–376.",Table S8 Plant A Nov Anaerobic sludge,N_ZHOU2013_SC_WWTP_SOLIDS,Sup 2013 Li-Jun Zhou ... .doc (textutil txt) Tables S8–S9,https://doi.org/10.1016/j.scitotenv.2013.03.010,True
municipal sludge,sludge,Guangdong,Plant A WWTP (South China; A2/O) - Aerobic sludge,Tetracycline,tetracyclines,299.0,,ng/g dw,2010,November,"Zhou, L.-J., Ying, G.-G., Liu, S., Zhao, J.-L., Yang, B., Chen, Z.-F., & Lai, H.-J. (2013). Occurrence and fate of eleven classes of antibiotics in two typical wastewater treatment plants in South China. Science of The Total Environment, 452–453, 365–376.",Table S8 Plant A Nov Aerobic sludge,N_ZHOU2013_SC_WWTP_SOLIDS,Sup 2013 Li-Jun Zhou ... .doc (textutil txt) Tables S8–S9,https://doi.org/10.1016/j.scitotenv.2013.03.010,True
municipal sludge,sludge,Guangdong,Plant A WWTP (South China; A2/O) - Return sludge,Tetracycline,tetracyclines,1420.0,,ng/g dw,2010,November,"Zhou, L.-J., Ying, G.-G., Liu, S., Zhao, J.-L., Yang, B., Chen, Z.-F., & Lai, H.-J. (2013). Occurrence and fate of eleven classes of antibiotics in two typical wastewater treatment plants in South China. Science of The Total Environment, 452–453, 365–376.",Table S8 Plant A Nov Return sludge,N_ZHOU2013_SC_WWTP_SOLIDS,Sup 2013 Li-Jun Zhou ... .doc (textutil txt) Tables S8–S9,https://doi.org/10.1016/j.scitotenv.2013.03.010,True
municipal sludge,sludge,Guangdong,Plant A WWTP (South China; A2/O) - Dewatered sludge,Tetracycline,tetracyclines,1650.0,,ng/g dw,2010,November,"Zhou, L.-J., Ying, G.-G., Liu, S., Zhao, J.-L., Yang, B., Chen, Z.-F., & Lai, H.-J. (2013). Occurrence and fate of eleven classes of antibiotics in two typical wastewater treatment plants in South China. Science of The Total Environment, 452–453, 365–376.",Table S8 Plant A Nov Dewatered sludge,N_ZHOU2013_SC_WWTP_SOLIDS,Sup 2013 Li-Jun Zhou ... .doc (textutil txt) Tables S8–S9,https://doi.org/10.1016/j.scitotenv.2013.03.010,True
municipal sludge,sludge,Guangdong,Plant A WWTP (South China; A2/O) - Anoxic sludge,Ciprofloxacin,fluoroquinolones,317.0,,ng/g dw,2010,May,"Zhou, L.-J., Ying, G.-G., Liu, S., Zhao, J.-L., Yang, B., Chen, Z.-F., & Lai, H.-J. (2013). Occurrence and fate of eleven classes of antibiotics in two typical wastewater treatment plants in South China. Science of The Total Environment, 452–453, 365–376.",Table S8 Plant A May Anoxic sludge,N_ZHOU2013_SC_WWTP_SOLIDS,Sup 2013 Li-Jun Zhou ... .doc (textutil txt) Tables S8–S9,https://doi.org/10.1016/j.scitotenv.2013.03.010,True
municipal sludge,sludge,Guangdong,Plant A WWTP (South China; A2/O) - Anaerobic sludge,Ciprofloxacin,fluoroquinolones,452.0,,ng/g dw,2010,May,"Zhou, L.-J., Ying, G.-G., Liu, S., Zhao, J.-L., Yang, B., Chen, Z.-F., & Lai, H.-J. (2013). Occurrence and fate of eleven classes of antibiotics in two typical wastewater treatment plants in South China. Science of The Total Environment, 452–453, 365–376.",Table S8 Plant A May Anaerobic sludge,N_ZHOU2013_SC_WWTP_SOLIDS,Sup 2013 Li-Jun Zhou ... .doc (textutil txt) Tables S8–S9,https://doi.org/10.1016/j.scitotenv.2013.03.010,True
municipal sludge,sludge,Guangdong,Plant A WWTP (South China; A2/O) - Aerobic sludge,Ciprofloxacin,fluoroquinolones,173.0,,ng/g dw,2010,May,"Zhou, L.-J., Ying, G.-G., Liu, S., Zhao, J.-L., Yang, B., Chen, Z.-F., & Lai, H.-J. (2013). Occurrence and fate of eleven classes of antibiotics in two typical wastewater treatment plants in South China. Science of The Total Environment, 452–453, 365–376.",Table S8 Plant A May Aerobic sludge,N_ZHOU2013_SC_WWTP_SOLIDS,Sup 2013 Li-Jun Zhou ... .doc (textutil txt) Tables S8–S9,https://doi.org/10.1016/j.scitotenv.2013.03.010,True
municipal sludge,sludge,Guangdong,Plant A WWTP (South China; A2/O) - Return sludge,Ciprofloxacin,fluoroquinolones,428.0,,ng/g dw,2010,May,"Zhou, L.-J., Ying, G.-G., Liu, S., Zhao, J.-L., Yang, B., Chen, Z.-F., & Lai, H.-J. (2013). Occurrence and fate of eleven classes of antibiotics in two typical wastewater treatment plants in South China. Science of The Total Environment, 452–453, 365–376.",Table S8 Plant A May Return sludge,N_ZHOU2013_SC_WWTP_SOLIDS,Sup 2013 Li-Jun Zhou ... .doc (textutil txt) Tables S8–S9,https://doi.org/10.1016/j.scitotenv.2013.03.010,True
municipal sludge,sludge,Guangdong,Plant A WWTP (South China; A2/O) - Dewatered sludge,Ciprofloxacin,fluoroquinolones,388.0,,ng/g dw,2010,May,"Zhou, L.-J., Ying, G.-G., Liu, S., Zhao, J.-L., Yang, B., Chen, Z.-F., & Lai, H.-J. (2013). Occurrence and fate of eleven classes of antibiotics in two typical wastewater treatment plants in South China. Science of The Total Environment, 452–453, 365–376.",Table S8 Plant A May Dewatered sludge,N_ZHOU2013_SC_WWTP_SOLIDS,Sup 2013 Li-Jun Zhou ... .doc (textutil txt) Tables S8–S9,https://doi.org/10.1016/j.scitotenv.2013.03.010,True
municipal sludge,sludge,Guangdong,Plant A WWTP (South China; A2/O) - Anoxic sludge,Ciprofloxacin,fluoroquinolones,669.0,,ng/g dw,2010,November,"Zhou, L.-J., Ying, G.-G., Liu, S., Zhao, J.-L., Yang, B., Chen, Z.-F., & Lai, H.-J. (2013). Occurrence and fate of eleven classes of antibiotics in two typical wastewater treatment plants in South China. Science of The Total Environment, 452–453, 365–376.",Table S8 Plant A Nov Anoxic sludge,N_ZHOU2013_SC_WWTP_SOLIDS,Sup 2013 Li-Jun Zhou ... .doc (textutil txt) Tables S8–S9,https://doi.org/10.1016/j.scitotenv.2013.03.010,True
municipal sludge,sludge,Guangdong,Plant A WWTP (South China; A2/O) - Anaerobic sludge,Ciprofloxacin,fluoroquinolones,691.0,,ng/g dw,2010,November,"Zhou, L.-J., Ying, G.-G., Liu, S., Zhao, J.-L., Yang, B., Chen, Z.-F., & Lai, H.-J. (2013). Occurrence and fate of eleven classes of antibiotics in two typical wastewater treatment plants in South China. Science of The Total Environment, 452–453, 365–376.",Table S8 Plant A Nov Anaerobic sludge,N_ZHOU2013_SC_WWTP_SOLIDS,Sup 2013 Li-Jun Zhou ... .doc (textutil txt) Tables S8–S9,https://doi.org/10.1016/j.scitotenv.2013.03.010,True
municipal sludge,sludge,Guangdong,Plant A WWTP (South China; A2/O) - Aerobic sludge,Ciprofloxacin,fluoroquinolones,436.0,,ng/g dw,2010,November,"Zhou, L.-J., Ying, G.-G., Liu, S., Zhao, J.-L., Yang, B., Chen, Z.-F., & Lai, H.-J. (2013). Occurrence and fate of eleven classes of antibiotics in two typical wastewater treatment plants in South China. Science of The Total Environment, 452–453, 365–376.",Table S8 Plant A Nov Aerobic sludge,N_ZHOU2013_SC_WWTP_SOLIDS,Sup 2013 Li-Jun Zhou ... .doc (textutil txt) Tables S8–S9,https://doi.org/10.1016/j.scitotenv.2013.03.010,True
municipal sludge,sludge,Guangdong,Plant A WWTP (South China; A2/O) - Return sludge,Ciprofloxacin,fluoroquinolones,629.0,,ng/g dw,2010,November,"Zhou, L.-J., Ying, G.-G., Liu, S., Zhao, J.-L., Yang, B., Chen, Z.-F., & Lai, H.-J. (2013). Occurrence and fate of eleven classes of antibiotics in two typical wastewater treatment plants in South China. Science of The Total Environment, 452–453, 365–376.",Table S8 Plant A Nov Return sludge,N_ZHOU2013_SC_WWTP_SOLIDS,Sup 2013 Li-Jun Zhou ... .doc (textutil txt) Tables S8–S9,https://doi.org/10.1016/j.scitotenv.2013.03.010,True
municipal sludge,sludge,Guangdong,Plant A WWTP (South China; A2/O) - Dewatered sludge,Ciprofloxacin,fluoroquinolones,714.0,,ng/g dw,2010,November,"Zhou, L.-J., Ying, G.-G., Liu, S., Zhao, J.-L., Yang, B., Chen, Z.-F., & Lai, H.-J. (2013). Occurrence and fate of eleven classes of antibiotics in two typical wastewater treatment plants in South China. Science of The Total Environment, 452–453, 365–376.",Table S8 Plant A Nov Dewatered sludge,N_ZHOU2013_SC_WWTP_SOLIDS,Sup 2013 Li-Jun Zhou ... .doc (textutil txt) Tables S8–S9,https://doi.org/10.1016/j.scitotenv.2013.03.010,True
municipal sludge,sludge,Guangdong,Plant A WWTP (South China; A2/O) - Anoxic sludge,Enrofloxacin,fluoroquinolones,22.1,,ng/g dw,2010,May,"Zhou, L.-J., Ying, G.-G., Liu, S., Zhao, J.-L., Yang, B., Chen, Z.-F., & Lai, H.-J. (2013). Occurrence and fate of eleven classes of antibiotics in two typical wastewater treatment plants in South China. Science of The Total Environment, 452–453, 365–376.",Table S8 Plant A May Anoxic sludge,N_ZHOU2013_SC_WWTP_SOLIDS,Sup 2013 Li-Jun Zhou ... .doc (textutil txt) Tables S8–S9,https://doi.org/10.1016/j.scitotenv.2013.03.010,True
municipal sludge,sludge,Guangdong,Plant A WWTP (South China; A2/O) - Anaerobic sludge,Enrofloxacin,fluoroquinolones,36.8,,ng/g dw,2010,May,"Zhou, L.-J., Ying, G.-G., Liu, S., Zhao, J.-L., Yang, B., Chen, Z.-F., & Lai, H.-J. (2013). Occurrence and fate of eleven classes of antibiotics in two typical wastewater treatment plants in South China. Science of The Total Environment, 452–453, 365–376.",Table S8 Plant A May Anaerobic sludge,N_ZHOU2013_SC_WWTP_SOLIDS,Sup 2013 Li-Jun Zhou ... .doc (textutil txt) Tables S8–S9,https://doi.org/10.1016/j.scitotenv.2013.03.010,True
municipal sludge,sludge,Guangdong,Plant A WWTP (South China; A2/O) - Aerobic sludge,Enrofloxacin,fluoroquinolones,49.6,,ng/g dw,2010,May,"Zhou, L.-J., Ying, G.-G., Liu, S., Zhao, J.-L., Yang, B., Chen, Z.-F., & Lai, H.-J. (2013). Occurrence and fate of eleven classes of antibiotics in two typical wastewater treatment plants in South China. Science of The Total Environment, 452–453, 365–376.",Table S8 Plant A May Aerobic sludge,N_ZHOU2013_SC_WWTP_SOLIDS,Sup 2013 Li-Jun Zhou ... .doc (textutil txt) Tables S8–S9,https://doi.org/10.1016/j.scitotenv.2013.03.010,True
municipal sludge,sludge,Guangdong,Plant A WWTP (South China; A2/O) - Return sludge,Enrofloxacin,fluoroquinolones,38.7,,ng/g dw,2010,May,"Zhou, L.-J., Ying, G.-G., Liu, S., Zhao, J.-L., Yang, B., Chen, Z.-F., & Lai, H.-J. (2013). Occurrence and fate of eleven classes of antibiotics in two typical wastewater treatment plants in South China. Science of The Total Environment, 452–453, 365–376.",Table S8 Plant A May Return sludge,N_ZHOU2013_SC_WWTP_SOLIDS,Sup 2013 Li-Jun Zhou ... .doc (textutil txt) Tables S8–S9,https://doi.org/10.1016/j.scitotenv.2013.03.010,True
municipal sludge,sludge,Guangdong,Plant A WWTP (South China; A2/O) - Dewatered sludge,Enrofloxacin,fluoroquinolones,35.5,,ng/g dw,2010,May,"Zhou, L.-J., Ying, G.-G., Liu, S., Zhao, J.-L., Yang, B., Chen, Z.-F., & Lai, H.-J. (2013). Occurrence and fate of eleven classes of antibiotics in two typical wastewater treatment plants in South China. Science of The Total Environment, 452–453, 365–376.",Table S8 Plant A May Dewatered sludge,N_ZHOU2013_SC_WWTP_SOLIDS,Sup 2013 Li-Jun Zhou ... .doc (textutil txt) Tables S8–S9,https://doi.org/10.1016/j.scitotenv.2013.03.010,True
municipal sludge,sludge,Guangdong,Plant A WWTP (South China; A2/O) - Anoxic sludge,Enrofloxacin,fluoroquinolones,54.8,,ng/g dw,2010,November,"Zhou, L.-J., Ying, G.-G., Liu, S., Zhao, J.-L., Yang, B., Chen, Z.-F., & Lai, H.-J. (2013). Occurrence and fate of eleven classes of antibiotics in two typical wastewater treatment plants in South China. Science of The Total Environment, 452–453, 365–376.",Table S8 Plant A Nov Anoxic sludge,N_ZHOU2013_SC_WWTP_SOLIDS,Sup 2013 Li-Jun Zhou ... .doc (textutil txt) Tables S8–S9,https://doi.org/10.1016/j.scitotenv.2013.03.010,True
municipal sludge,sludge,Guangdong,Plant A WWTP (South China; A2/O) - Anaerobic sludge,Enrofloxacin,fluoroquinolones,59.0,,ng/g dw,2010,November,"Zhou, L.-J., Ying, G.-G., Liu, S., Zhao, J.-L., Yang, B., Chen, Z.-F., & Lai, H.-J. (2013). Occurrence and fate of eleven classes of antibiotics in two typical wastewater treatment plants in South China. Science of The Total Environment, 452–453, 365–376.",Table S8 Plant A Nov Anaerobic sludge,N_ZHOU2013_SC_WWTP_SOLIDS,Sup 2013 Li-Jun Zhou ... .doc (textutil txt) Tables S8–S9,https://doi.org/10.1016/j.scitotenv.2013.03.010,True
municipal sludge,sludge,Guangdong,Plant A WWTP (South China; A2/O) - Aerobic sludge,Enrofloxacin,fluoroquinolones,36.8,,ng/g dw,2010,November,"Zhou, L.-J., Ying, G.-G., Liu, S., Zhao, J.-L., Yang, B., Chen, Z.-F., & Lai, H.-J. (2013). Occurrence and fate of eleven classes of antibiotics in two typical wastewater treatment plants in South China. Science of The Total Environment, 452–453, 365–376.",Table S8 Plant A Nov Aerobic sludge,N_ZHOU2013_SC_WWTP_SOLIDS,Sup 2013 Li-Jun Zhou ... .doc (textutil txt) Tables S8–S9,https://doi.org/10.1016/j.scitotenv.2013.03.010,True
municipal sludge,sludge,Guangdong,Plant A WWTP (South China; A2/O) - Return sludge,Enrofloxacin,fluoroquinolones,55.0,,ng/g dw,2010,November,"Zhou, L.-J., Ying, G.-G., Liu, S., Zhao, J.-L., Yang, B., Chen, Z.-F., & Lai, H.-J. (2013). Occurrence and fate of eleven classes of antibiotics in two typical wastewater treatment plants in South China. Science of The Total Environment, 452–453, 365–376.",Table S8 Plant A Nov Return sludge,N_ZHOU2013_SC_WWTP_SOLIDS,Sup 2013 Li-Jun Zhou ... .doc (textutil txt) Tables S8–S9,https://doi.org/10.1016/j.scitotenv.2013.03.010,True
municipal sludge,sludge,Guangdong,Plant A WWTP (South China; A2/O) - Dewatered sludge,Enrofloxacin,fluoroquinolones,21.4,,ng/g dw,2010,November,"Zhou, L.-J., Ying, G.-G., Liu, S., Zhao, J.-L., Yang, B., Chen, Z.-F., & Lai, H.-J. (2013). Occurrence and fate of eleven classes of antibiotics in two typical wastewater treatment plants in South China. Science of The Total Environment, 452–453, 365–376.",Table S8 Plant A Nov Dewatered sludge,N_ZHOU2013_SC_WWTP_SOLIDS,Sup 2013 Li-Jun Zhou ... .doc (textutil txt) Tables S8–S9,https://doi.org/10.1016/j.scitotenv.2013.03.010,True
municipal sludge,sludge,Guangdong,Plant A WWTP (South China; A2/O) - Anoxic sludge,Fleroxacin,fluoroquinolones,20.6,,ng/g dw,2010,May,"Zhou, L.-J., Ying, G.-G., Liu, S., Zhao, J.-L., Yang, B., Chen, Z.-F., & Lai, H.-J. (2013). Occurrence and fate of eleven classes of antibiotics in two typical wastewater treatment plants in South China. Science of The Total Environment, 452–453, 365–376.",Table S8 Plant A May Anoxic sludge,N_ZHOU2013_SC_WWTP_SOLIDS,Sup 2013 Li-Jun Zhou ... .doc (textutil txt) Tables S8–S9,https://doi.org/10.1016/j.scitotenv.2013.03.010,True
municipal sludge,sludge,Guangdong,Plant A WWTP (South China; A2/O) - Anaerobic sludge,Fleroxacin,fluoroquinolones,22.7,,ng/g dw,2010,May,"Zhou, L.-J., Ying, G.-G., Liu, S., Zhao, J.-L., Yang, B., Chen, Z.-F., & Lai, H.-J. (2013). Occurrence and fate of eleven classes of antibiotics in two typical wastewater treatment plants in South China. Science of The Total Environment, 452–453, 365–376.",Table S8 Plant A May Anaerobic sludge,N_ZHOU2013_SC_WWTP_SOLIDS,Sup 2013 Li-Jun Zhou ... .doc (textutil txt) Tables S8–S9,https://doi.org/10.1016/j.scitotenv.2013.03.010,True
municipal sludge,sludge,Guangdong,Plant A WWTP (South China; A2/O) - Aerobic sludge,Fleroxacin,fluoroquinolones,44.1,,ng/g dw,2010,May,"Zhou, L.-J., Ying, G.-G., Liu, S., Zhao, J.-L., Yang, B., Chen, Z.-F., & Lai, H.-J. (2013). Occurrence and fate of eleven classes of antibiotics in two typical wastewater treatment plants in South China. Science of The Total Environment, 452–453, 365–376.",Table S8 Plant A May Aerobic sludge,N_ZHOU2013_SC_WWTP_SOLIDS,Sup 2013 Li-Jun Zhou ... .doc (textutil txt) Tables S8–S9,https://doi.org/10.1016/j.scitotenv.2013.03.010,True
municipal sludge,sludge,Guangdong,Plant A WWTP (South China; A2/O) - Return sludge,Fleroxacin,fluoroquinolones,23.3,,ng/g dw,2010,May,"Zhou, L.-J., Ying, G.-G., Liu, S., Zhao, J.-L., Yang, B., Chen, Z.-F., & Lai, H.-J. (2013). Occurrence and fate of eleven classes of antibiotics in two typical wastewater treatment plants in South China. Science of The Total Environment, 452–453, 365–376.",Table S8 Plant A May Return sludge,N_ZHOU2013_SC_WWTP_SOLIDS,Sup 2013 Li-Jun Zhou ... .doc (textutil txt) Tables S8–S9,https://doi.org/10.1016/j.scitotenv.2013.03.010,True
municipal sludge,sludge,Guangdong,Plant A WWTP (South China; A2/O) - Dewatered sludge,Fleroxacin,fluoroquinolones,18.9,,ng/g dw,2010,May,"Zhou, L.-J., Ying, G.-G., Liu, S., Zhao, J.-L., Yang, B., Chen, Z.-F., & Lai, H.-J. (2013). Occurrence and fate of eleven classes of antibiotics in two typical wastewater treatment plants in South China. Science of The Total Environment, 452–453, 365–376.",Table S8 Plant A May Dewatered sludge,N_ZHOU2013_SC_WWTP_SOLIDS,Sup 2013 Li-Jun Zhou ... .doc (textutil txt) Tables S8–S9,https://doi.org/10.1016/j.scitotenv.2013.03.010,True
municipal sludge,sludge,Guangdong,Plant A WWTP (South China; A2/O) - Anoxic sludge,Fleroxacin,fluoroquinolones,25.2,,ng/g dw,2010,November,"Zhou, L.-J., Ying, G.-G., Liu, S., Zhao, J.-L., Yang, B., Chen, Z.-F., & Lai, H.-J. (2013). Occurrence and fate of eleven classes of antibiotics in two typical wastewater treatment plants in South China. Science of The Total Environment, 452–453, 365–376.",Table S8 Plant A Nov Anoxic sludge,N_ZHOU2013_SC_WWTP_SOLIDS,Sup 2013 Li-Jun Zhou ... .doc (textutil txt) Tables S8–S9,https://doi.org/10.1016/j.scitotenv.2013.03.010,True
municipal sludge,sludge,Guangdong,Plant A WWTP (South China; A2/O) - Anaerobic sludge,Fleroxacin,fluoroquinolones,32.3,,ng/g dw,2010,November,"Zhou, L.-J., Ying, G.-G., Liu, S., Zhao, J.-L., Yang, B., Chen, Z.-F., & Lai, H.-J. (2013). Occurrence and fate of eleven classes of antibiotics in two typical wastewater treatment plants in South China. Science of The Total Environment, 452–453, 365–376.",Table S8 Plant A Nov Anaerobic sludge,N_ZHOU2013_SC_WWTP_SOLIDS,Sup 2013 Li-Jun Zhou ... .doc (textutil txt) Tables S8–S9,https://doi.org/10.1016/j.scitotenv.2013.03.010,True
municipal sludge,sludge,Guangdong,Plant A WWTP (South China; A2/O) - Aerobic sludge,Fleroxacin,fluoroquinolones,15.2,,ng/g dw,2010,November,"Zhou, L.-J., Ying, G.-G., Liu, S., Zhao, J.-L., Yang, B., Chen, Z.-F., & Lai, H.-J. (2013). Occurrence and fate of eleven classes of antibiotics in two typical wastewater treatment plants in South China. Science of The Total Environment, 452–453, 365–376.",Table S8 Plant A Nov Aerobic sludge,N_ZHOU2013_SC_WWTP_SOLIDS,Sup 2013 Li-Jun Zhou ... .doc (textutil txt) Tables S8–S9,https://doi.org/10.1016/j.scitotenv.2013.03.010,True
municipal sludge,sludge,Guangdong,Plant A WWTP (South China; A2/O) - Return sludge,Fleroxacin,fluoroquinolones,26.5,,ng/g dw,2010,November,"Zhou, L.-J., Ying, G.-G., Liu, S., Zhao, J.-L., Yang, B., Chen, Z.-F., & Lai, H.-J. (2013). Occurrence and fate of eleven classes of antibiotics in two typical wastewater treatment plants in South China. Science of The Total Environment, 452–453, 365–376.",Table S8 Plant A Nov Return sludge,N_ZHOU2013_SC_WWTP_SOLIDS,Sup 2013 Li-Jun Zhou ... .doc (textutil txt) Tables S8–S9,https://doi.org/10.1016/j.scitotenv.2013.03.010,True
municipal sludge,sludge,Guangdong,Plant A WWTP (South China; A2/O) - Dewatered sludge,Fleroxacin,fluoroquinolones,43.5,,ng/g dw,2010,November,"Zhou, L.-J., Ying, G.-G., Liu, S., Zhao, J.-L., Yang, B., Chen, Z.-F., & Lai, H.-J. (2013). Occurrence and fate of eleven classes of antibiotics in two typical wastewater treatment plants in South China. Science of The Total Environment, 452–453, 365–376.",Table S8 Plant A Nov Dewatered sludge,N_ZHOU2013_SC_WWTP_SOLIDS,Sup 2013 Li-Jun Zhou ... .doc (textutil txt) Tables S8–S9,https://doi.org/10.1016/j.scitotenv.2013.03.010,True
municipal sludge,sludge,Guangdong,Plant A WWTP (South China; A2/O) - Anoxic sludge,Lomefloxacin,fluoroquinolones,24.9,,ng/g dw,2010,May,"Zhou, L.-J., Ying, G.-G., Liu, S., Zhao, J.-L., Yang, B., Chen, Z.-F., & Lai, H.-J. (2013). Occurrence and fate of eleven classes of antibiotics in two typical wastewater treatment plants in South China. Science of The Total Environment, 452–453, 365–376.",Table S8 Plant A May Anoxic sludge,N_ZHOU2013_SC_WWTP_SOLIDS,Sup 2013 Li-Jun Zhou ... .doc (textutil txt) Tables S8–S9,https://doi.org/10.1016/j.scitotenv.2013.03.010,True
municipal sludge,sludge,Guangdong,Plant A WWTP (South China; A2/O) - Anaerobic sludge,Lomefloxacin,fluoroquinolones,35.6,,ng/g dw,2010,May,"Zhou, L.-J., Ying, G.-G., Liu, S., Zhao, J.-L., Yang, B., Chen, Z.-F., & Lai, H.-J. (2013). Occurrence and fate of eleven classes of antibiotics in two typical wastewater treatment plants in South China. Science of The Total Environment, 452–453, 365–376.",Table S8 Plant A May Anaerobic sludge,N_ZHOU2013_SC_WWTP_SOLIDS,Sup 2013 Li-Jun Zhou ... .doc (textutil txt) Tables S8–S9,https://doi.org/10.1016/j.scitotenv.2013.03.010,True
municipal sludge,sludge,Guangdong,Plant A WWTP (South China; A2/O) - Aerobic sludge,Lomefloxacin,fluoroquinolones,123.0,,ng/g dw,2010,May,"Zhou, L.-J., Ying, G.-G., Liu, S., Zhao, J.-L., Yang, B., Chen, Z.-F., & Lai, H.-J. (2013). Occurrence and fate of eleven classes of antibiotics in two typical wastewater treatment plants in South China. Science of The Total Environment, 452–453, 365–376.",Table S8 Plant A May Aerobic sludge,N_ZHOU2013_SC_WWTP_SOLIDS,Sup 2013 Li-Jun Zhou ... .doc (textutil txt) Tables S8–S9,https://doi.org/10.1016/j.scitotenv.2013.03.010,True
municipal sludge,sludge,Guangdong,Plant A WWTP (South China; A2/O) - Return sludge,Lomefloxacin,fluoroquinolones,33.7,,ng/g dw,2010,May,"Zhou, L.-J., Ying, G.-G., Liu, S., Zhao, J.-L., Yang, B., Chen, Z.-F., & Lai, H.-J. (2013). Occurrence and fate of eleven classes of antibiotics in two typical wastewater treatment plants in South China. Science of The Total Environment, 452–453, 365–376.",Table S8 Plant A May Return sludge,N_ZHOU2013_SC_WWTP_SOLIDS,Sup 2013 Li-Jun Zhou ... .doc (textutil txt) Tables S8–S9,https://doi.org/10.1016/j.scitotenv.2013.03.010,True
municipal sludge,sludge,Guangdong,Plant A WWTP (South China; A2/O) - Dewatered sludge,Lomefloxacin,fluoroquinolones,25.1,,ng/g dw,2010,May,"Zhou, L.-J., Ying, G.-G., Liu, S., Zhao, J.-L., Yang, B., Chen, Z.-F., & Lai, H.-J. (2013). Occurrence and fate of eleven classes of antibiotics in two typical wastewater treatment plants in South China. Science of The Total Environment, 452–453, 365–376.",Table S8 Plant A May Dewatered sludge,N_ZHOU2013_SC_WWTP_SOLIDS,Sup 2013 Li-Jun Zhou ... .doc (textutil txt) Tables S8–S9,https://doi.org/10.1016/j.scitotenv.2013.03.010,True
municipal sludge,sludge,Guangdong,Plant A WWTP (South China; A2/O) - Anoxic sludge,Lomefloxacin,fluoroquinolones,61.2,,ng/g dw,2010,November,"Zhou, L.-J., Ying, G.-G., Liu, S., Zhao, J.-L., Yang, B., Chen, Z.-F., & Lai, H.-J. (2013). Occurrence and fate of eleven classes of antibiotics in two typical wastewater treatment plants in South China. Science of The Total Environment, 452–453, 365–376.",Table S8 Plant A Nov Anoxic sludge,N_ZHOU2013_SC_WWTP_SOLIDS,Sup 2013 Li-Jun Zhou ... .doc (textutil txt) Tables S8–S9,https://doi.org/10.1016/j.scitotenv.2013.03.010,True
municipal sludge,sludge,Guangdong,Plant A WWTP (South China; A2/O) - Anaerobic sludge,Lomefloxacin,fluoroquinolones,79.6,,ng/g dw,2010,November,"Zhou, L.-J., Ying, G.-G., Liu, S., Zhao, J.-L., Yang, B., Chen, Z.-F., & Lai, H.-J. (2013). Occurrence and fate of eleven classes of antibiotics in two typical wastewater treatment plants in South China. Science of The Total Environment, 452–453, 365–376.",Table S8 Plant A Nov Anaerobic sludge,N_ZHOU2013_SC_WWTP_SOLIDS,Sup 2013 Li-Jun Zhou ... .doc (textutil txt) Tables S8–S9,https://doi.org/10.1016/j.scitotenv.2013.03.010,True
municipal sludge,sludge,Guangdong,Plant A WWTP (South China; A2/O) - Aerobic sludge,Lomefloxacin,fluoroquinolones,11.1,,ng/g dw,2010,November,"Zhou, L.-J., Ying, G.-G., Liu, S., Zhao, J.-L., Yang, B., Chen, Z.-F., & Lai, H.-J. (2013). Occurrence and fate of eleven classes of antibiotics in two typical wastewater treatment plants in South China. Science of The Total Environment, 452–453, 365–376.",Table S8 Plant A Nov Aerobic sludge,N_ZHOU2013_SC_WWTP_SOLIDS,Sup 2013 Li-Jun Zhou ... .doc (textutil txt) Tables S8–S9,https://doi.org/10.1016/j.scitotenv.2013.03.010,True
municipal sludge,sludge,Guangdong,Plant A WWTP (South China; A2/O) - Return sludge,Lomefloxacin,fluoroquinolones,64.9,,ng/g dw,2010,November,"Zhou, L.-J., Ying, G.-G., Liu, S., Zhao, J.-L., Yang, B., Chen, Z.-F., & Lai, H.-J. (2013). Occurrence and fate of eleven classes of antibiotics in two typical wastewater treatment plants in South China. Science of The Total Environment, 452–453, 365–376.",Table S8 Plant A Nov Return sludge,N_ZHOU2013_SC_WWTP_SOLIDS,Sup 2013 Li-Jun Zhou ... .doc (textutil txt) Tables S8–S9,https://doi.org/10.1016/j.scitotenv.2013.03.010,True
municipal sludge,sludge,Guangdong,Plant A WWTP (South China; A2/O) - Dewatered sludge,Lomefloxacin,fluoroquinolones,89.3,,ng/g dw,2010,November,"Zhou, L.-J., Ying, G.-G., Liu, S., Zhao, J.-L., Yang, B., Chen, Z.-F., & Lai, H.-J. (2013). Occurrence and fate of eleven classes of antibiotics in two typical wastewater treatment plants in South China. Science of The Total Environment, 452–453, 365–376.",Table S8 Plant A Nov Dewatered sludge,N_ZHOU2013_SC_WWTP_SOLIDS,Sup 2013 Li-Jun Zhou ... .doc (textutil txt) Tables S8–S9,https://doi.org/10.1016/j.scitotenv.2013.03.010,True
municipal sludge,sludge,Guangdong,Plant A WWTP (South China; A2/O) - Anoxic sludge,Norfloxacin,fluoroquinolones,1160.0,,ng/g dw,2010,May,"Zhou, L.-J., Ying, G.-G., Liu, S., Zhao, J.-L., Yang, B., Chen, Z.-F., & Lai, H.-J. (2013). Occurrence and fate of eleven classes of antibiotics in two typical wastewater treatment plants in South China. Science of The Total Environment, 452–453, 365–376.",Table S8 Plant A May Anoxic sludge,N_ZHOU2013_SC_WWTP_SOLIDS,Sup 2013 Li-Jun Zhou ... .doc (textutil txt) Tables S8–S9,https://doi.org/10.1016/j.scitotenv.2013.03.010,True
municipal sludge,sludge,Guangdong,Plant A WWTP (South China; A2/O) - Anaerobic sludge,Norfloxacin,fluoroquinolones,2430.0,,ng/g dw,2010,May,"Zhou, L.-J., Ying, G.-G., Liu, S., Zhao, J.-L., Yang, B., Chen, Z.-F., & Lai, H.-J. (2013). Occurrence and fate of eleven classes of antibiotics in two typical wastewater treatment plants in South China. Science of The Total Environment, 452–453, 365–376.",Table S8 Plant A May Anaerobic sludge,N_ZHOU2013_SC_WWTP_SOLIDS,Sup 2013 Li-Jun Zhou ... .doc (textutil txt) Tables S8–S9,https://doi.org/10.1016/j.scitotenv.2013.03.010,True
municipal sludge,sludge,Guangdong,Plant A WWTP (South China; A2/O) - Aerobic sludge,Norfloxacin,fluoroquinolones,1460.0,,ng/g dw,2010,May,"Zhou, L.-J., Ying, G.-G., Liu, S., Zhao, J.-L., Yang, B., Chen, Z.-F., & Lai, H.-J. (2013). Occurrence and fate of eleven classes of antibiotics in two typical wastewater treatment plants in South China. Science of The Total Environment, 452–453, 365–376.",Table S8 Plant A May Aerobic sludge,N_ZHOU2013_SC_WWTP_SOLIDS,Sup 2013 Li-Jun Zhou ... .doc (textutil txt) Tables S8–S9,https://doi.org/10.1016/j.scitotenv.2013.03.010,True
municipal sludge,sludge,Guangdong,Plant A WWTP (South China; A2/O) - Return sludge,Norfloxacin,fluoroquinolones,2190.0,,ng/g dw,2010,May,"Zhou, L.-J., Ying, G.-G., Liu, S., Zhao, J.-L., Yang, B., Chen, Z.-F., & Lai, H.-J. (2013). Occurrence and fate of eleven classes of antibiotics in two typical wastewater treatment plants in South China. Science of The Total Environment, 452–453, 365–376.",Table S8 Plant A May Return sludge,N_ZHOU2013_SC_WWTP_SOLIDS,Sup 2013 Li-Jun Zhou ... .doc (textutil txt) Tables S8–S9,https://doi.org/10.1016/j.scitotenv.2013.03.010,True
municipal sludge,sludge,Guangdong,Plant A WWTP (South China; A2/O) - Dewatered sludge,Norfloxacin,fluoroquinolones,1820.0,,ng/g dw,2010,May,"Zhou, L.-J., Ying, G.-G., Liu, S., Zhao, J.-L., Yang, B., Chen, Z.-F., & Lai, H.-J. (2013). Occurrence and fate of eleven classes of antibiotics in two typical wastewater treatment plants in South China. Science of The Total Environment, 452–453, 365–376.",Table S8 Plant A May Dewatered sludge,N_ZHOU2013_SC_WWTP_SOLIDS,Sup 2013 Li-Jun Zhou ... .doc (textutil txt) Tables S8–S9,https://doi.org/10.1016/j.scitotenv.2013.03.010,True
municipal sludge,sludge,Guangdong,Plant A WWTP (South China; A2/O) - Anoxic sludge,Norfloxacin,fluoroquinolones,4440.0,,ng/g dw,2010,November,"Zhou, L.-J., Ying, G.-G., Liu, S., Zhao, J.-L., Yang, B., Chen, Z.-F., & Lai, H.-J. (2013). Occurrence and fate of eleven classes of antibiotics in two typical wastewater treatment plants in South China. Science of The Total Environment, 452–453, 365–376.",Table S8 Plant A Nov Anoxic sludge,N_ZHOU2013_SC_WWTP_SOLIDS,Sup 2013 Li-Jun Zhou ... .doc (textutil txt) Tables S8–S9,https://doi.org/10.1016/j.scitotenv.2013.03.010,True
municipal sludge,sludge,Guangdong,Plant A WWTP (South China; A2/O) - Anaerobic sludge,Norfloxacin,fluoroquinolones,4760.0,,ng/g dw,2010,November,"Zhou, L.-J., Ying, G.-G., Liu, S., Zhao, J.-L., Yang, B., Chen, Z.-F., & Lai, H.-J. (2013). Occurrence and fate of eleven classes of antibiotics in two typical wastewater treatment plants in South China. Science of The Total Environment, 452–453, 365–376.",Table S8 Plant A Nov Anaerobic sludge,N_ZHOU2013_SC_WWTP_SOLIDS,Sup 2013 Li-Jun Zhou ... .doc (textutil txt) Tables S8–S9,https://doi.org/10.1016/j.scitotenv.2013.03.010,True
municipal sludge,sludge,Guangdong,Plant A WWTP (South China; A2/O) - Aerobic sludge,Norfloxacin,fluoroquinolones,2310.0,,ng/g dw,2010,November,"Zhou, L.-J., Ying, G.-G., Liu, S., Zhao, J.-L., Yang, B., Chen, Z.-F., & Lai, H.-J. (2013). Occurrence and fate of eleven classes of antibiotics in two typical wastewater treatment plants in South China. Science of The Total Environment, 452–453, 365–376.",Table S8 Plant A Nov Aerobic sludge,N_ZHOU2013_SC_WWTP_SOLIDS,Sup 2013 Li-Jun Zhou ... .doc (textutil txt) Tables S8–S9,https://doi.org/10.1016/j.scitotenv.2013.03.010,True
municipal sludge,sludge,Guangdong,Plant A WWTP (South China; A2/O) - Return sludge,Norfloxacin,fluoroquinolones,4240.0,,ng/g dw,2010,November,"Zhou, L.-J., Ying, G.-G., Liu, S., Zhao, J.-L., Yang, B., Chen, Z.-F., & Lai, H.-J. (2013). Occurrence and fate of eleven classes of antibiotics in two typical wastewater treatment plants in South China. Science of The Total Environment, 452–453, 365–376.",Table S8 Plant A Nov Return sludge,N_ZHOU2013_SC_WWTP_SOLIDS,Sup 2013 Li-Jun Zhou ... .doc (textutil txt) Tables S8–S9,https://doi.org/10.1016/j.scitotenv.2013.03.010,True
municipal sludge,sludge,Guangdong,Plant A WWTP (South China; A2/O) - Dewatered sludge,Norfloxacin,fluoroquinolones,5610.0,,ng/g dw,2010,November,"Zhou, L.-J., Ying, G.-G., Liu, S., Zhao, J.-L., Yang, B., Chen, Z.-F., & Lai, H.-J. (2013). Occurrence and fate of eleven classes of antibiotics in two typical wastewater treatment plants in South China. Science of The Total Environment, 452–453, 365–376.",Table S8 Plant A Nov Dewatered sludge,N_ZHOU2013_SC_WWTP_SOLIDS,Sup 2013 Li-Jun Zhou ... .doc (textutil txt) Tables S8–S9,https://doi.org/10.1016/j.scitotenv.2013.03.010,True
municipal sludge,sludge,Guangdong,Plant A WWTP (South China; A2/O) - Anoxic sludge,Ofloxacin,fluoroquinolones,1410.0,,ng/g dw,2010,May,"Zhou, L.-J., Ying, G.-G., Liu, S., Zhao, J.-L., Yang, B., Chen, Z.-F., & Lai, H.-J. (2013). Occurrence and fate of eleven classes of antibiotics in two typical wastewater treatment plants in South China. Science of The Total Environment, 452–453, 365–376.",Table S8 Plant A May Anoxic sludge,N_ZHOU2013_SC_WWTP_SOLIDS,Sup 2013 Li-Jun Zhou ... .doc (textutil txt) Tables S8–S9,https://doi.org/10.1016/j.scitotenv.2013.03.010,True
municipal sludge,sludge,Guangdong,Plant A WWTP (South China; A2/O) - Anaerobic sludge,Ofloxacin,fluoroquinolones,2140.0,,ng/g dw,2010,May,"Zhou, L.-J., Ying, G.-G., Liu, S., Zhao, J.-L., Yang, B., Chen, Z.-F., & Lai, H.-J. (2013). Occurrence and fate of eleven classes of antibiotics in two typical wastewater treatment plants in South China. Science of The Total Environment, 452–453, 365–376.",Table S8 Plant A May Anaerobic sludge,N_ZHOU2013_SC_WWTP_SOLIDS,Sup 2013 Li-Jun Zhou ... .doc (textutil txt) Tables S8–S9,https://doi.org/10.1016/j.scitotenv.2013.03.010,True
municipal sludge,sludge,Guangdong,Plant A WWTP (South China; A2/O) - Aerobic sludge,Ofloxacin,fluoroquinolones,774.0,,ng/g dw,2010,May,"Zhou, L.-J., Ying, G.-G., Liu, S., Zhao, J.-L., Yang, B., Chen, Z.-F., & Lai, H.-J. (2013). Occurrence and fate of eleven classes of antibiotics in two typical wastewater treatment plants in South China. Science of The Total Environment, 452–453, 365–376.",Table S8 Plant A May Aerobic sludge,N_ZHOU2013_SC_WWTP_SOLIDS,Sup 2013 Li-Jun Zhou ... .doc (textutil txt) Tables S8–S9,https://doi.org/10.1016/j.scitotenv.2013.03.010,True
municipal sludge,sludge,Guangdong,Plant A WWTP (South China; A2/O) - Return sludge,Ofloxacin,fluoroquinolones,2000.0,,ng/g dw,2010,May,"Zhou, L.-J., Ying, G.-G., Liu, S., Zhao, J.-L., Yang, B., Chen, Z.-F., & Lai, H.-J. (2013). Occurrence and fate of eleven classes of antibiotics in two typical wastewater treatment plants in South China. Science of The Total Environment, 452–453, 365–376.",Table S8 Plant A May Return sludge,N_ZHOU2013_SC_WWTP_SOLIDS,Sup 2013 Li-Jun Zhou ... .doc (textutil txt) Tables S8–S9,https://doi.org/10.1016/j.scitotenv.2013.03.010,True
municipal sludge,sludge,Guangdong,Plant A WWTP (South China; A2/O) - Dewatered sludge,Ofloxacin,fluoroquinolones,1710.0,,ng/g dw,2010,May,"Zhou, L.-J., Ying, G.-G., Liu, S., Zhao, J.-L., Yang, B., Chen, Z.-F., & Lai, H.-J. (2013). Occurrence and fate of eleven classes of antibiotics in two typical wastewater treatment plants in South China. Science of The Total Environment, 452–453, 365–376.",Table S8 Plant A May Dewatered sludge,N_ZHOU2013_SC_WWTP_SOLIDS,Sup 2013 Li-Jun Zhou ... .doc (textutil txt) Tables S8–S9,https://doi.org/10.1016/j.scitotenv.2013.03.010,True
municipal sludge,sludge,Guangdong,Plant A WWTP (South China; A2/O) - Anoxic sludge,Ofloxacin,fluoroquinolones,3800.0,,ng/g dw,2010,November,"Zhou, L.-J., Ying, G.-G., Liu, S., Zhao, J.-L., Yang, B., Chen, Z.-F., & Lai, H.-J. (2013). Occurrence and fate of eleven classes of antibiotics in two typical wastewater treatment plants in South China. Science of The Total Environment, 452–453, 365–376.",Table S8 Plant A Nov Anoxic sludge,N_ZHOU2013_SC_WWTP_SOLIDS,Sup 2013 Li-Jun Zhou ... .doc (textutil txt) Tables S8–S9,https://doi.org/10.1016/j.scitotenv.2013.03.010,True
municipal sludge,sludge,Guangdong,Plant A WWTP (South China; A2/O) - Anaerobic sludge,Ofloxacin,fluoroquinolones,4870.0,,ng/g dw,2010,November,"Zhou, L.-J., Ying, G.-G., Liu, S., Zhao, J.-L., Yang, B., Chen, Z.-F., & Lai, H.-J. (2013). Occurrence and fate of eleven classes of antibiotics in two typical wastewater treatment plants in South China. Science of The Total Environment, 452–453, 365–376.",Table S8 Plant A Nov Anaerobic sludge,N_ZHOU2013_SC_WWTP_SOLIDS,Sup 2013 Li-Jun Zhou ... .doc (textutil txt) Tables S8–S9,https://doi.org/10.1016/j.scitotenv.2013.03.010,True
municipal sludge,sludge,Guangdong,Plant A WWTP (South China; A2/O) - Aerobic sludge,Ofloxacin,fluoroquinolones,2350.0,,ng/g dw,2010,November,"Zhou, L.-J., Ying, G.-G., Liu, S., Zhao, J.-L., Yang, B., Chen, Z.-F., & Lai, H.-J. (2013). Occurrence and fate of eleven classes of antibiotics in two typical wastewater treatment plants in South China. Science of The Total Environment, 452–453, 365–376.",Table S8 Plant A Nov Aerobic sludge,N_ZHOU2013_SC_WWTP_SOLIDS,Sup 2013 Li-Jun Zhou ... .doc (textutil txt) Tables S8–S9,https://doi.org/10.1016/j.scitotenv.2013.03.010,True
municipal sludge,sludge,Guangdong,Plant A WWTP (South China; A2/O) - Return sludge,Ofloxacin,fluoroquinolones,4190.0,,ng/g dw,2010,November,"Zhou, L.-J., Ying, G.-G., Liu, S., Zhao, J.-L., Yang, B., Chen, Z.-F., & Lai, H.-J. (2013). Occurrence and fate of eleven classes of antibiotics in two typical wastewater treatment plants in South China. Science of The Total Environment, 452–453, 365–376.",Table S8 Plant A Nov Return sludge,N_ZHOU2013_SC_WWTP_SOLIDS,Sup 2013 Li-Jun Zhou ... .doc (textutil txt) Tables S8–S9,https://doi.org/10.1016/j.scitotenv.2013.03.010,True
municipal sludge,sludge,Guangdong,Plant A WWTP (South China; A2/O) - Dewatered sludge,Ofloxacin,fluoroquinolones,5800.0,,ng/g dw,2010,November,"Zhou, L.-J., Ying, G.-G., Liu, S., Zhao, J.-L., Yang, B., Chen, Z.-F., & Lai, H.-J. (2013). Occurrence and fate of eleven classes of antibiotics in two typical wastewater treatment plants in South China. Science of The Total Environment, 452–453, 365–376.",Table S8 Plant A Nov Dewatered sludge,N_ZHOU2013_SC_WWTP_SOLIDS,Sup 2013 Li-Jun Zhou ... .doc (textutil txt) Tables S8–S9,https://doi.org/10.1016/j.scitotenv.2013.03.010,True
municipal sludge,sludge,Guangdong,Plant A WWTP (South China; A2/O) - Anoxic sludge,Pefloxacin,fluoroquinolones,12.2,,ng/g dw,2010,May,"Zhou, L.-J., Ying, G.-G., Liu, S., Zhao, J.-L., Yang, B., Chen, Z.-F., & Lai, H.-J. (2013). Occurrence and fate of eleven classes of antibiotics in two typical wastewater treatment plants in South China. Science of The Total Environment, 452–453, 365–376.",Table S8 Plant A May Anoxic sludge,N_ZHOU2013_SC_WWTP_SOLIDS,Sup 2013 Li-Jun Zhou ... .doc (textutil txt) Tables S8–S9,https://doi.org/10.1016/j.scitotenv.2013.03.010,True
municipal sludge,sludge,Guangdong,Plant A WWTP (South China; A2/O) - Anaerobic sludge,Pefloxacin,fluoroquinolones,17.8,,ng/g dw,2010,May,"Zhou, L.-J., Ying, G.-G., Liu, S., Zhao, J.-L., Yang, B., Chen, Z.-F., & Lai, H.-J. (2013). Occurrence and fate of eleven classes of antibiotics in two typical wastewater treatment plants in South China. Science of The Total Environment, 452–453, 365–376.",Table S8 Plant A May Anaerobic sludge,N_ZHOU2013_SC_WWTP_SOLIDS,Sup 2013 Li-Jun Zhou ... .doc (textutil txt) Tables S8–S9,https://doi.org/10.1016/j.scitotenv.2013.03.010,True
municipal sludge,sludge,Guangdong,Plant A WWTP (South China; A2/O) - Aerobic sludge,Pefloxacin,fluoroquinolones,10.5,,ng/g dw,2010,May,"Zhou, L.-J., Ying, G.-G., Liu, S., Zhao, J.-L., Yang, B., Chen, Z.-F., & Lai, H.-J. (2013). Occurrence and fate of eleven classes of antibiotics in two typical wastewater treatment plants in South China. Science of The Total Environment, 452–453, 365–376.",Table S8 Plant A May Aerobic sludge,N_ZHOU2013_SC_WWTP_SOLIDS,Sup 2013 Li-Jun Zhou ... .doc (textutil txt) Tables S8–S9,https://doi.org/10.1016/j.scitotenv.2013.03.010,True
municipal sludge,sludge,Guangdong,Plant A WWTP (South China; A2/O) - Return sludge,Pefloxacin,fluoroquinolones,17.9,,ng/g dw,2010,May,"Zhou, L.-J., Ying, G.-G., Liu, S., Zhao, J.-L., Yang, B., Chen, Z.-F., & Lai, H.-J. (2013). Occurrence and fate of eleven classes of antibiotics in two typical wastewater treatment plants in South China. Science of The Total Environment, 452–453, 365–376.",Table S8 Plant A May Return sludge,N_ZHOU2013_SC_WWTP_SOLIDS,Sup 2013 Li-Jun Zhou ... .doc (textutil txt) Tables S8–S9,https://doi.org/10.1016/j.scitotenv.2013.03.010,True
municipal sludge,sludge,Guangdong,Plant A WWTP (South China; A2/O) - Dewatered sludge,Pefloxacin,fluoroquinolones,10.8,,ng/g dw,2010,May,"Zhou, L.-J., Ying, G.-G., Liu, S., Zhao, J.-L., Yang, B., Chen, Z.-F., & Lai, H.-J. (2013). Occurrence and fate of eleven classes of antibiotics in two typical wastewater treatment plants in South China. Science of The Total Environment, 452–453, 365–376.",Table S8 Plant A May Dewatered sludge,N_ZHOU2013_SC_WWTP_SOLIDS,Sup 2013 Li-Jun Zhou ... .doc (textutil txt) Tables S8–S9,https://doi.org/10.1016/j.scitotenv.2013.03.010,True
municipal sludge,sludge,Guangdong,Plant A WWTP (South China; A2/O) - Anoxic sludge,Pefloxacin,fluoroquinolones,28.3,,ng/g dw,2010,November,"Zhou, L.-J., Ying, G.-G., Liu, S., Zhao, J.-L., Yang, B., Chen, Z.-F., & Lai, H.-J. (2013). Occurrence and fate of eleven classes of antibiotics in two typical wastewater treatment plants in South China. Science of The Total Environment, 452–453, 365–376.",Table S8 Plant A Nov Anoxic sludge,N_ZHOU2013_SC_WWTP_SOLIDS,Sup 2013 Li-Jun Zhou ... .doc (textutil txt) Tables S8–S9,https://doi.org/10.1016/j.scitotenv.2013.03.010,True
municipal sludge,sludge,Guangdong,Plant A WWTP (South China; A2/O) - Anaerobic sludge,Pefloxacin,fluoroquinolones,28.3,,ng/g dw,2010,November,"Zhou, L.-J., Ying, G.-G., Liu, S., Zhao, J.-L., Yang, B., Chen, Z.-F., & Lai, H.-J. (2013). Occurrence and fate of eleven classes of antibiotics in two typical wastewater treatment plants in South China. Science of The Total Environment, 452–453, 365–376.",Table S8 Plant A Nov Anaerobic sludge,N_ZHOU2013_SC_WWTP_SOLIDS,Sup 2013 Li-Jun Zhou ... .doc (textutil txt) Tables S8–S9,https://doi.org/10.1016/j.scitotenv.2013.03.010,True
municipal sludge,sludge,Guangdong,Plant A WWTP (South China; A2/O) - Aerobic sludge,Pefloxacin,fluoroquinolones,18.0,,ng/g dw,2010,November,"Zhou, L.-J., Ying, G.-G., Liu, S., Zhao, J.-L., Yang, B., Chen, Z.-F., & Lai, H.-J. (2013). Occurrence and fate of eleven classes of antibiotics in two typical wastewater treatment plants in South China. Science of The Total Environment, 452–453, 365–376.",Table S8 Plant A Nov Aerobic sludge,N_ZHOU2013_SC_WWTP_SOLIDS,Sup 2013 Li-Jun Zhou ... .doc (textutil txt) Tables S8–S9,https://doi.org/10.1016/j.scitotenv.2013.03.010,True
municipal sludge,sludge,Guangdong,Plant A WWTP (South China; A2/O) - Return sludge,Pefloxacin,fluoroquinolones,26.4,,ng/g dw,2010,November,"Zhou, L.-J., Ying, G.-G., Liu, S., Zhao, J.-L., Yang, B., Chen, Z.-F., & Lai, H.-J. (2013). Occurrence and fate of eleven classes of antibiotics in two typical wastewater treatment plants in South China. Science of The Total Environment, 452–453, 365–376.",Table S8 Plant A Nov Return sludge,N_ZHOU2013_SC_WWTP_SOLIDS,Sup 2013 Li-Jun Zhou ... .doc (textutil txt) Tables S8–S9,https://doi.org/10.1016/j.scitotenv.2013.03.010,True
municipal sludge,sludge,Guangdong,Plant A WWTP (South China; A2/O) - Anoxic sludge,Clarithromycin,macrolides,35.8,,ng/g dw,2010,May,"Zhou, L.-J., Ying, G.-G., Liu, S., Zhao, J.-L., Yang, B., Chen, Z.-F., & Lai, H.-J. (2013). Occurrence and fate of eleven classes of antibiotics in two typical wastewater treatment plants in South China. Science of The Total Environment, 452–453, 365–376.",Table S8 Plant A May Anoxic sludge,N_ZHOU2013_SC_WWTP_SOLIDS,Sup 2013 Li-Jun Zhou ... .doc (textutil txt) Tables S8–S9,https://doi.org/10.1016/j.scitotenv.2013.03.010,True
municipal sludge,sludge,Guangdong,Plant A WWTP (South China; A2/O) - Anaerobic sludge,Clarithromycin,macrolides,76.8,,ng/g dw,2010,May,"Zhou, L.-J., Ying, G.-G., Liu, S., Zhao, J.-L., Yang, B., Chen, Z.-F., & Lai, H.-J. (2013). Occurrence and fate of eleven classes of antibiotics in two typical wastewater treatment plants in South China. Science of The Total Environment, 452–453, 365–376.",Table S8 Plant A May Anaerobic sludge,N_ZHOU2013_SC_WWTP_SOLIDS,Sup 2013 Li-Jun Zhou ... .doc (textutil txt) Tables S8–S9,https://doi.org/10.1016/j.scitotenv.2013.03.010,True
municipal sludge,sludge,Guangdong,Plant A WWTP (South China; A2/O) - Return sludge,Clarithromycin,macrolides,72.8,,ng/g dw,2010,May,"Zhou, L.-J., Ying, G.-G., Liu, S., Zhao, J.-L., Yang, B., Chen, Z.-F., & Lai, H.-J. (2013). Occurrence and fate of eleven classes of antibiotics in two typical wastewater treatment plants in South China. Science of The Total Environment, 452–453, 365–376.",Table S8 Plant A May Return sludge,N_ZHOU2013_SC_WWTP_SOLIDS,Sup 2013 Li-Jun Zhou ... .doc (textutil txt) Tables S8–S9,https://doi.org/10.1016/j.scitotenv.2013.03.010,True
municipal sludge,sludge,Guangdong,Plant A WWTP (South China; A2/O) - Dewatered sludge,Clarithromycin,macrolides,69.5,,ng/g dw,2010,May,"Zhou, L.-J., Ying, G.-G., Liu, S., Zhao, J.-L., Yang, B., Chen, Z.-F., & Lai, H.-J. (2013). Occurrence and fate of eleven classes of antibiotics in two typical wastewater treatment plants in South China. Science of The Total Environment, 452–453, 365–376.",Table S8 Plant A May Dewatered sludge,N_ZHOU2013_SC_WWTP_SOLIDS,Sup 2013 Li-Jun Zhou ... .doc (textutil txt) Tables S8–S9,https://doi.org/10.1016/j.scitotenv.2013.03.010,True
municipal sludge,sludge,Guangdong,Plant A WWTP (South China; A2/O) - Anoxic sludge,Clarithromycin,macrolides,35.8,,ng/g dw,2010,November,"Zhou, L.-J., Ying, G.-G., Liu, S., Zhao, J.-L., Yang, B., Chen, Z.-F., & Lai, H.-J. (2013). Occurrence and fate of eleven classes of antibiotics in two typical wastewater treatment plants in South China. Science of The Total Environment, 452–453, 365–376.",Table S8 Plant A Nov Anoxic sludge,N_ZHOU2013_SC_WWTP_SOLIDS,Sup 2013 Li-Jun Zhou ... .doc (textutil txt) Tables S8–S9,https://doi.org/10.1016/j.scitotenv.2013.03.010,True
municipal sludge,sludge,Guangdong,Plant A WWTP (South China; A2/O) - Anaerobic sludge,Clarithromycin,macrolides,40.5,,ng/g dw,2010,November,"Zhou, L.-J., Ying, G.-G., Liu, S., Zhao, J.-L., Yang, B., Chen, Z.-F., & Lai, H.-J. (2013). Occurrence and fate of eleven classes of antibiotics in two typical wastewater treatment plants in South China. Science of The Total Environment, 452–453, 365–376.",Table S8 Plant A Nov Anaerobic sludge,N_ZHOU2013_SC_WWTP_SOLIDS,Sup 2013 Li-Jun Zhou ... .doc (textutil txt) Tables S8–S9,https://doi.org/10.1016/j.scitotenv.2013.03.010,True
municipal sludge,sludge,Guangdong,Plant A WWTP (South China; A2/O) - Aerobic sludge,Clarithromycin,macrolides,23.4,,ng/g dw,2010,November,"Zhou, L.-J., Ying, G.-G., Liu, S., Zhao, J.-L., Yang, B., Chen, Z.-F., & Lai, H.-J. (2013). Occurrence and fate of eleven classes of antibiotics in two typical wastewater treatment plants in South China. Science of The Total Environment, 452–453, 365–376.",Table S8 Plant A Nov Aerobic sludge,N_ZHOU2013_SC_WWTP_SOLIDS,Sup 2013 Li-Jun Zhou ... .doc (textutil txt) Tables S8–S9,https://doi.org/10.1016/j.scitotenv.2013.03.010,True
municipal sludge,sludge,Guangdong,Plant A WWTP (South China; A2/O) - Return sludge,Clarithromycin,macrolides,32.0,,ng/g dw,2010,November,"Zhou, L.-J., Ying, G.-G., Liu, S., Zhao, J.-L., Yang, B., Chen, Z.-F., & Lai, H.-J. (2013). Occurrence and fate of eleven classes of antibiotics in two typical wastewater treatment plants in South China. Science of The Total Environment, 452–453, 365–376.",Table S8 Plant A Nov Return sludge,N_ZHOU2013_SC_WWTP_SOLIDS,Sup 2013 Li-Jun Zhou ... .doc (textutil txt) Tables S8–S9,https://doi.org/10.1016/j.scitotenv.2013.03.010,True
municipal sludge,sludge,Guangdong,Plant A WWTP (South China; A2/O) - Dewatered sludge,Clarithromycin,macrolides,29.0,,ng/g dw,2010,November,"Zhou, L.-J., Ying, G.-G., Liu, S., Zhao, J.-L., Yang, B., Chen, Z.-F., & Lai, H.-J. (2013). Occurrence and fate of eleven classes of antibiotics in two typical wastewater treatment plants in South China. Science of The Total Environment, 452–453, 365–376.",Table S8 Plant A Nov Dewatered sludge,N_ZHOU2013_SC_WWTP_SOLIDS,Sup 2013 Li-Jun Zhou ... .doc (textutil txt) Tables S8–S9,https://doi.org/10.1016/j.scitotenv.2013.03.010,True
municipal sludge,sludge,Guangdong,Plant A WWTP (South China; A2/O) - Anoxic sludge,Roxithromycin,macrolides,45.3,,ng/g dw,2010,May,"Zhou, L.-J., Ying, G.-G., Liu, S., Zhao, J.-L., Yang, B., Chen, Z.-F., & Lai, H.-J. (2013). Occurrence and fate of eleven classes of antibiotics in two typical wastewater treatment plants in South China. Science of The Total Environment, 452–453, 365–376.",Table S8 Plant A May Anoxic sludge,N_ZHOU2013_SC_WWTP_SOLIDS,Sup 2013 Li-Jun Zhou ... .doc (textutil txt) Tables S8–S9,https://doi.org/10.1016/j.scitotenv.2013.03.010,True
municipal sludge,sludge,Guangdong,Plant A WWTP (South China; A2/O) - Anaerobic sludge,Roxithromycin,macrolides,95.7,,ng/g dw,2010,May,"Zhou, L.-J., Ying, G.-G., Liu, S., Zhao, J.-L., Yang, B., Chen, Z.-F., & Lai, H.-J. (2013). Occurrence and fate of eleven classes of antibiotics in two typical wastewater treatment plants in South China. Science of The Total Environment, 452–453, 365–376.",Table S8 Plant A May Anaerobic sludge,N_ZHOU2013_SC_WWTP_SOLIDS,Sup 2013 Li-Jun Zhou ... .doc (textutil txt) Tables S8–S9,https://doi.org/10.1016/j.scitotenv.2013.03.010,True
municipal sludge,sludge,Guangdong,Plant A WWTP (South China; A2/O) - Aerobic sludge,Roxithromycin,macrolides,1.91,,ng/g dw,2010,May,"Zhou, L.-J., Ying, G.-G., Liu, S., Zhao, J.-L., Yang, B., Chen, Z.-F., & Lai, H.-J. (2013). Occurrence and fate of eleven classes of antibiotics in two typical wastewater treatment plants in South China. Science of The Total Environment, 452–453, 365–376.",Table S8 Plant A May Aerobic sludge,N_ZHOU2013_SC_WWTP_SOLIDS,Sup 2013 Li-Jun Zhou ... .doc (textutil txt) Tables S8–S9,https://doi.org/10.1016/j.scitotenv.2013.03.010,True
municipal sludge,sludge,Guangdong,Plant A WWTP (South China; A2/O) - Return sludge,Roxithromycin,macrolides,89.4,,ng/g dw,2010,May,"Zhou, L.-J., Ying, G.-G., Liu, S., Zhao, J.-L., Yang, B., Chen, Z.-F., & Lai, H.-J. (2013). Occurrence and fate of eleven classes of antibiotics in two typical wastewater treatment plants in South China. Science of The Total Environment, 452–453, 365–376.",Table S8 Plant A May Return sludge,N_ZHOU2013_SC_WWTP_SOLIDS,Sup 2013 Li-Jun Zhou ... .doc (textutil txt) Tables S8–S9,https://doi.org/10.1016/j.scitotenv.2013.03.010,True
municipal sludge,sludge,Guangdong,Plant A WWTP (South China; A2/O) - Dewatered sludge,Roxithromycin,macrolides,80.0,,ng/g dw,2010,May,"Zhou, L.-J., Ying, G.-G., Liu, S., Zhao, J.-L., Yang, B., Chen, Z.-F., & Lai, H.-J. (2013). Occurrence and fate of eleven classes of antibiotics in two typical wastewater treatment plants in South China. Science of The Total Environment, 452–453, 365–376.",Table S8 Plant A May Dewatered sludge,N_ZHOU2013_SC_WWTP_SOLIDS,Sup 2013 Li-Jun Zhou ... .doc (textutil txt) Tables S8–S9,https://doi.org/10.1016/j.scitotenv.2013.03.010,True
municipal sludge,sludge,Guangdong,Plant A WWTP (South China; A2/O) - Anoxic sludge,Roxithromycin,macrolides,41.0,,ng/g dw,2010,November,"Zhou, L.-J., Ying, G.-G., Liu, S., Zhao, J.-L., Yang, B., Chen, Z.-F., & Lai, H.-J. (2013). Occurrence and fate of eleven classes of antibiotics in two typical wastewater treatment plants in South China. Science of The Total Environment, 452–453, 365–376.",Table S8 Plant A Nov Anoxic sludge,N_ZHOU2013_SC_WWTP_SOLIDS,Sup 2013 Li-Jun Zhou ... .doc (textutil txt) Tables S8–S9,https://doi.org/10.1016/j.scitotenv.2013.03.010,True
municipal sludge,sludge,Guangdong,Plant A WWTP (South China; A2/O) - Anaerobic sludge,Roxithromycin,macrolides,36.8,,ng/g dw,2010,November,"Zhou, L.-J., Ying, G.-G., Liu, S., Zhao, J.-L., Yang, B., Chen, Z.-F., & Lai, H.-J. (2013). Occurrence and fate of eleven classes of antibiotics in two typical wastewater treatment plants in South China. Science of The Total Environment, 452–453, 365–376.",Table S8 Plant A Nov Anaerobic sludge,N_ZHOU2013_SC_WWTP_SOLIDS,Sup 2013 Li-Jun Zhou ... .doc (textutil txt) Tables S8–S9,https://doi.org/10.1016/j.scitotenv.2013.03.010,True
municipal sludge,sludge,Guangdong,Plant A WWTP (South China; A2/O) - Aerobic sludge,Roxithromycin,macrolides,27.5,,ng/g dw,2010,November,"Zhou, L.-J., Ying, G.-G., Liu, S., Zhao, J.-L., Yang, B., Chen, Z.-F., & Lai, H.-J. (2013). Occurrence and fate of eleven classes of antibiotics in two typical wastewater treatment plants in South China. Science of The Total Environment, 452–453, 365–376.",Table S8 Plant A Nov Aerobic sludge,N_ZHOU2013_SC_WWTP_SOLIDS,Sup 2013 Li-Jun Zhou ... .doc (textutil txt) Tables S8–S9,https://doi.org/10.1016/j.scitotenv.2013.03.010,True
municipal sludge,sludge,Guangdong,Plant A WWTP (South China; A2/O) - Return sludge,Roxithromycin,macrolides,35.9,,ng/g dw,2010,November,"Zhou, L.-J., Ying, G.-G., Liu, S., Zhao, J.-L., Yang, B., Chen, Z.-F., & Lai, H.-J. (2013). Occurrence and fate of eleven classes of antibiotics in two typical wastewater treatment plants in South China. Science of The Total Environment, 452–453, 365–376.",Table S8 Plant A Nov Return sludge,N_ZHOU2013_SC_WWTP_SOLIDS,Sup 2013 Li-Jun Zhou ... .doc (textutil txt) Tables S8–S9,https://doi.org/10.1016/j.scitotenv.2013.03.010,True
municipal sludge,sludge,Guangdong,Plant A WWTP (South China; A2/O) - Anoxic sludge,Lincomycin,other,11.2,,ng/g dw,2010,May,"Zhou, L.-J., Ying, G.-G., Liu, S., Zhao, J.-L., Yang, B., Chen, Z.-F., & Lai, H.-J. (2013). Occurrence and fate of eleven classes of antibiotics in two typical wastewater treatment plants in South China. Science of The Total Environment, 452–453, 365–376.",Table S8 Plant A May Anoxic sludge,N_ZHOU2013_SC_WWTP_SOLIDS,Sup 2013 Li-Jun Zhou ... .doc (textutil txt) Tables S8–S9,https://doi.org/10.1016/j.scitotenv.2013.03.010,True
municipal sludge,sludge,Guangdong,Plant A WWTP (South China; A2/O) - Anaerobic sludge,Lincomycin,other,15.1,,ng/g dw,2010,May,"Zhou, L.-J., Ying, G.-G., Liu, S., Zhao, J.-L., Yang, B., Chen, Z.-F., & Lai, H.-J. (2013). Occurrence and fate of eleven classes of antibiotics in two typical wastewater treatment plants in South China. Science of The Total Environment, 452–453, 365–376.",Table S8 Plant A May Anaerobic sludge,N_ZHOU2013_SC_WWTP_SOLIDS,Sup 2013 Li-Jun Zhou ... .doc (textutil txt) Tables S8–S9,https://doi.org/10.1016/j.scitotenv.2013.03.010,True
municipal sludge,sludge,Guangdong,Plant A WWTP (South China; A2/O) - Aerobic sludge,Lincomycin,other,19.2,,ng/g dw,2010,May,"Zhou, L.-J., Ying, G.-G., Liu, S., Zhao, J.-L., Yang, B., Chen, Z.-F., & Lai, H.-J. (2013). Occurrence and fate of eleven classes of antibiotics in two typical wastewater treatment plants in South China. Science of The Total Environment, 452–453, 365–376.",Table S8 Plant A May Aerobic sludge,N_ZHOU2013_SC_WWTP_SOLIDS,Sup 2013 Li-Jun Zhou ... .doc (textutil txt) Tables S8–S9,https://doi.org/10.1016/j.scitotenv.2013.03.010,True
municipal sludge,sludge,Guangdong,Plant A WWTP (South China; A2/O) - Return sludge,Lincomycin,other,10.8,,ng/g dw,2010,May,"Zhou, L.-J., Ying, G.-G., Liu, S., Zhao, J.-L., Yang, B., Chen, Z.-F., & Lai, H.-J. (2013). Occurrence and fate of eleven classes of antibiotics in two typical wastewater treatment plants in South China. Science of The Total Environment, 452–453, 365–376.",Table S8 Plant A May Return sludge,N_ZHOU2013_SC_WWTP_SOLIDS,Sup 2013 Li-Jun Zhou ... .doc (textutil txt) Tables S8–S9,https://doi.org/10.1016/j.scitotenv.2013.03.010,True
municipal sludge,sludge,Guangdong,Plant A WWTP (South China; A2/O) - Dewatered sludge,Lincomycin,other,31.1,,ng/g dw,2010,May,"Zhou, L.-J., Ying, G.-G., Liu, S., Zhao, J.-L., Yang, B., Chen, Z.-F., & Lai, H.-J. (2013). Occurrence and fate of eleven classes of antibiotics in two typical wastewater treatment plants in South China. Science of The Total Environment, 452–453, 365–376.",Table S8 Plant A May Dewatered sludge,N_ZHOU2013_SC_WWTP_SOLIDS,Sup 2013 Li-Jun Zhou ... .doc (textutil txt) Tables S8–S9,https://doi.org/10.1016/j.scitotenv.2013.03.010,True
municipal sludge,sludge,Guangdong,Plant A WWTP (South China; A2/O) - Anoxic sludge,Lincomycin,other,22.0,,ng/g dw,2010,November,"Zhou, L.-J., Ying, G.-G., Liu, S., Zhao, J.-L., Yang, B., Chen, Z.-F., & Lai, H.-J. (2013). Occurrence and fate of eleven classes of antibiotics in two typical wastewater treatment plants in South China. Science of The Total Environment, 452–453, 365–376.",Table S8 Plant A Nov Anoxic sludge,N_ZHOU2013_SC_WWTP_SOLIDS,Sup 2013 Li-Jun Zhou ... .doc (textutil txt) Tables S8–S9,https://doi.org/10.1016/j.scitotenv.2013.03.010,True
municipal sludge,sludge,Guangdong,Plant A WWTP (South China; A2/O) - Anaerobic sludge,Lincomycin,other,14.8,,ng/g dw,2010,November,"Zhou, L.-J., Ying, G.-G., Liu, S., Zhao, J.-L., Yang, B., Chen, Z.-F., & Lai, H.-J. (2013). Occurrence and fate of eleven classes of antibiotics in two typical wastewater treatment plants in South China. Science of The Total Environment, 452–453, 365–376.",Table S8 Plant A Nov Anaerobic sludge,N_ZHOU2013_SC_WWTP_SOLIDS,Sup 2013 Li-Jun Zhou ... .doc (textutil txt) Tables S8–S9,https://doi.org/10.1016/j.scitotenv.2013.03.010,True
municipal sludge,sludge,Guangdong,Plant B WWTP (South China; oxidation ditch) - Oxidation ditch sludge,Sulfamethazine,sulfonamides,3.43,,ng/g dw,2010,May,"Zhou, L.-J., Ying, G.-G., Liu, S., Zhao, J.-L., Yang, B., Chen, Z.-F., & Lai, H.-J. (2013). Occurrence and fate of eleven classes of antibiotics in two typical wastewater treatment plants in South China. Science of The Total Environment, 452–453, 365–376.",Table S9 Plant B May Oxidation ditch sludge,N_ZHOU2013_SC_WWTP_SOLIDS,Sup 2013 Li-Jun Zhou ... .doc (textutil txt) Tables S8–S9,https://doi.org/10.1016/j.scitotenv.2013.03.010,True
municipal sludge,sludge,Guangdong,Plant B WWTP (South China; oxidation ditch) - Dewatered sludge,Sulfamethazine,sulfonamides,3.83,,ng/g dw,2010,May,"Zhou, L.-J., Ying, G.-G., Liu, S., Zhao, J.-L., Yang, B., Chen, Z.-F., & Lai, H.-J. (2013). Occurrence and fate of eleven classes of antibiotics in two typical wastewater treatment plants in South China. Science of The Total Environment, 452–453, 365–376.",Table S9 Plant B May Dewatered sludge,N_ZHOU2013_SC_WWTP_SOLIDS,Sup 2013 Li-Jun Zhou ... .doc (textutil txt) Tables S8–S9,https://doi.org/10.1016/j.scitotenv.2013.03.010,True
municipal sludge,sludge,Guangdong,Plant B WWTP (South China; oxidation ditch) - Oxidation ditch sludge,Sulfamethazine,sulfonamides,2.49,,ng/g dw,2010,November,"Zhou, L.-J., Ying, G.-G., Liu, S., Zhao, J.-L., Yang, B., Chen, Z.-F., & Lai, H.-J. (2013). Occurrence and fate of eleven classes of antibiotics in two typical wastewater treatment plants in South China. Science of The Total Environment, 452–453, 365–376.",Table S9 Plant B Nov Oxidation ditch sludge,N_ZHOU2013_SC_WWTP_SOLIDS,Sup 2013 Li-Jun Zhou ... .doc (textutil txt) Tables S8–S9,https://doi.org/10.1016/j.scitotenv.2013.03.010,True
municipal sludge,sludge,Guangdong,Plant B WWTP (South China; oxidation ditch) - Oxidation ditch sludge,Sulfamonomethoxine,sulfonamides,2.96,,ng/g dw,2010,May,"Zhou, L.-J., Ying, G.-G., Liu, S., Zhao, J.-L., Yang, B., Chen, Z.-F., & Lai, H.-J. (2013). Occurrence and fate of eleven classes of antibiotics in two typical wastewater treatment plants in South China. Science of The Total Environment, 452–453, 365–376.",Table S9 Plant B May Oxidation ditch sludge,N_ZHOU2013_SC_WWTP_SOLIDS,Sup 2013 Li-Jun Zhou ... .doc (textutil txt) Tables S8–S9,https://doi.org/10.1016/j.scitotenv.2013.03.010,True
municipal sludge,sludge,Guangdong,Plant B WWTP (South China; oxidation ditch) - Dewatered sludge,Sulfapyridine,sulfonamides,2.31,,ng/g dw,2010,May,"Zhou, L.-J., Ying, G.-G., Liu, S., Zhao, J.-L., Yang, B., Chen, Z.-F., & Lai, H.-J. (2013). Occurrence and fate of eleven classes of antibiotics in two typical wastewater treatment plants in South China. Science of The Total Environment, 452–453, 365–376.",Table S9 Plant B May Dewatered sludge,N_ZHOU2013_SC_WWTP_SOLIDS,Sup 2013 Li-Jun Zhou ... .doc (textutil txt) Tables S8–S9,https://doi.org/10.1016/j.scitotenv.2013.03.010,True
municipal sludge,sludge,Guangdong,Plant B WWTP (South China; oxidation ditch) - Oxidation ditch sludge,Sulfapyridine,sulfonamides,2.4,,ng/g dw,2010,November,"Zhou, L.-J., Ying, G.-G., Liu, S., Zhao, J.-L., Yang, B., Chen, Z.-F., & Lai, H.-J. (2013). Occurrence and fate of eleven classes of antibiotics in two typical wastewater treatment plants in South China. Science of The Total Environment, 452–453, 365–376.",Table S9 Plant B Nov Oxidation ditch sludge,N_ZHOU2013_SC_WWTP_SOLIDS,Sup 2013 Li-Jun Zhou ... .doc (textutil txt) Tables S8–S9,https://doi.org/10.1016/j.scitotenv.2013.03.010,True
municipal sludge,sludge,Guangdong,Plant B WWTP (South China; oxidation ditch) - Oxidation ditch sludge,Doxycycline,tetracyclines,27.2,,ng/g dw,2010,May,"Zhou, L.-J., Ying, G.-G., Liu, S., Zhao, J.-L., Yang, B., Chen, Z.-F., & Lai, H.-J. (2013). Occurrence and fate of eleven classes of antibiotics in two typical wastewater treatment plants in South China. Science of The Total Environment, 452–453, 365–376.",Table S9 Plant B May Oxidation ditch sludge,N_ZHOU2013_SC_WWTP_SOLIDS,Sup 2013 Li-Jun Zhou ... .doc (textutil txt) Tables S8–S9,https://doi.org/10.1016/j.scitotenv.2013.03.010,True
municipal sludge,sludge,Guangdong,Plant B WWTP (South China; oxidation ditch) - Dewatered sludge,Doxycycline,tetracyclines,135.0,,ng/g dw,2010,May,"Zhou, L.-J., Ying, G.-G., Liu, S., Zhao, J.-L., Yang, B., Chen, Z.-F., & Lai, H.-J. (2013). Occurrence and fate of eleven classes of antibiotics in two typical wastewater treatment plants in South China. Science of The Total Environment, 452–453, 365–376.",Table S9 Plant B May Dewatered sludge,N_ZHOU2013_SC_WWTP_SOLIDS,Sup 2013 Li-Jun Zhou ... .doc (textutil txt) Tables S8–S9,https://doi.org/10.1016/j.scitotenv.2013.03.010,True
municipal sludge,sludge,Guangdong,Plant B WWTP (South China; oxidation ditch) - Oxidation ditch sludge,Doxycycline,tetracyclines,57.8,,ng/g dw,2010,November,"Zhou, L.-J., Ying, G.-G., Liu, S., Zhao, J.-L., Yang, B., Chen, Z.-F., & Lai, H.-J. (2013). Occurrence and fate of eleven classes of antibiotics in two typical wastewater treatment plants in South China. Science of The Total Environment, 452–453, 365–376.",Table S9 Plant B Nov Oxidation ditch sludge,N_ZHOU2013_SC_WWTP_SOLIDS,Sup 2013 Li-Jun Zhou ... .doc (textutil txt) Tables S8–S9,https://doi.org/10.1016/j.scitotenv.2013.03.010,True
municipal sludge,sludge,Guangdong,Plant B WWTP (South China; oxidation ditch) - Dewatered sludge,Doxycycline,tetracyclines,143.0,,ng/g dw,2010,November,"Zhou, L.-J., Ying, G.-G., Liu, S., Zhao, J.-L., Yang, B., Chen, Z.-F., & Lai, H.-J. (2013). Occurrence and fate of eleven classes of antibiotics in two typical wastewater treatment plants in South China. Science of The Total Environment, 452–453, 365–376.",Table S9 Plant B Nov Dewatered sludge,N_ZHOU2013_SC_WWTP_SOLIDS,Sup 2013 Li-Jun Zhou ... .doc (textutil txt) Tables S8–S9,https://doi.org/10.1016/j.scitotenv.2013.03.010,True
municipal sludge,sludge,Guangdong,Plant B WWTP (South China; oxidation ditch) - Oxidation ditch sludge,Methacycline,tetracyclines,5.61,,ng/g dw,2010,May,"Zhou, L.-J., Ying, G.-G., Liu, S., Zhao, J.-L., Yang, B., Chen, Z.-F., & Lai, H.-J. (2013). Occurrence and fate of eleven classes of antibiotics in two typical wastewater treatment plants in South China. Science of The Total Environment, 452–453, 365–376.",Table S9 Plant B May Oxidation ditch sludge,N_ZHOU2013_SC_WWTP_SOLIDS,Sup 2013 Li-Jun Zhou ... .doc (textutil txt) Tables S8–S9,https://doi.org/10.1016/j.scitotenv.2013.03.010,True
municipal sludge,sludge,Guangdong,Plant B WWTP (South China; oxidation ditch) - Dewatered sludge,Methacycline,tetracyclines,19.1,,ng/g dw,2010,May,"Zhou, L.-J., Ying, G.-G., Liu, S., Zhao, J.-L., Yang, B., Chen, Z.-F., & Lai, H.-J. (2013). Occurrence and fate of eleven classes of antibiotics in two typical wastewater treatment plants in South China. Science of The Total Environment, 452–453, 365–376.",Table S9 Plant B May Dewatered sludge,N_ZHOU2013_SC_WWTP_SOLIDS,Sup 2013 Li-Jun Zhou ... .doc (textutil txt) Tables S8–S9,https://doi.org/10.1016/j.scitotenv.2013.03.010,True
municipal sludge,sludge,Guangdong,Plant B WWTP (South China; oxidation ditch) - Oxidation ditch sludge,Methacycline,tetracyclines,13.2,,ng/g dw,2010,November,"Zhou, L.-J., Ying, G.-G., Liu, S., Zhao, J.-L., Yang, B., Chen, Z.-F., & Lai, H.-J. (2013). Occurrence and fate of eleven classes of antibiotics in two typical wastewater treatment plants in South China. Science of The Total Environment, 452–453, 365–376.",Table S9 Plant B Nov Oxidation ditch sludge,N_ZHOU2013_SC_WWTP_SOLIDS,Sup 2013 Li-Jun Zhou ... .doc (textutil txt) Tables S8–S9,https://doi.org/10.1016/j.scitotenv.2013.03.010,True
municipal sludge,sludge,Guangdong,Plant B WWTP (South China; oxidation ditch) - Dewatered sludge,Methacycline,tetracyclines,26.0,,ng/g dw,2010,November,"Zhou, L.-J., Ying, G.-G., Liu, S., Zhao, J.-L., Yang, B., Chen, Z.-F., & Lai, H.-J. (2013). Occurrence and fate of eleven classes of antibiotics in two typical wastewater treatment plants in South China. Science of The Total Environment, 452–453, 365–376.",Table S9 Plant B Nov Dewatered sludge,N_ZHOU2013_SC_WWTP_SOLIDS,Sup 2013 Li-Jun Zhou ... .doc (textutil txt) Tables S8–S9,https://doi.org/10.1016/j.scitotenv.2013.03.010,True
municipal sludge,sludge,Guangdong,Plant B WWTP (South China; oxidation ditch) - Oxidation ditch sludge,Oxytetracycline,tetracyclines,370.0,,ng/g dw,2010,May,"Zhou, L.-J., Ying, G.-G., Liu, S., Zhao, J.-L., Yang, B., Chen, Z.-F., & Lai, H.-J. (2013). Occurrence and fate of eleven classes of antibiotics in two typical wastewater treatment plants in South China. Science of The Total Environment, 452–453, 365–376.",Table S9 Plant B May Oxidation ditch sludge,N_ZHOU2013_SC_WWTP_SOLIDS,Sup 2013 Li-Jun Zhou ... .doc (textutil txt) Tables S8–S9,https://doi.org/10.1016/j.scitotenv.2013.03.010,True
municipal sludge,sludge,Guangdong,Plant B WWTP (South China; oxidation ditch) - Dewatered sludge,Oxytetracycline,tetracyclines,909.0,,ng/g dw,2010,May,"Zhou, L.-J., Ying, G.-G., Liu, S., Zhao, J.-L., Yang, B., Chen, Z.-F., & Lai, H.-J. (2013). Occurrence and fate of eleven classes of antibiotics in two typical wastewater treatment plants in South China. Science of The Total Environment, 452–453, 365–376.",Table S9 Plant B May Dewatered sludge,N_ZHOU2013_SC_WWTP_SOLIDS,Sup 2013 Li-Jun Zhou ... .doc (textutil txt) Tables S8–S9,https://doi.org/10.1016/j.scitotenv.2013.03.010,True
municipal sludge,sludge,Guangdong,Plant B WWTP (South China; oxidation ditch) - Oxidation ditch sludge,Oxytetracycline,tetracyclines,835.0,,ng/g dw,2010,November,"Zhou, L.-J., Ying, G.-G., Liu, S., Zhao, J.-L., Yang, B., Chen, Z.-F., & Lai, H.-J. (2013). Occurrence and fate of eleven classes of antibiotics in two typical wastewater treatment plants in South China. Science of The Total Environment, 452–453, 365–376.",Table S9 Plant B Nov Oxidation ditch sludge,N_ZHOU2013_SC_WWTP_SOLIDS,Sup 2013 Li-Jun Zhou ... .doc (textutil txt) Tables S8–S9,https://doi.org/10.1016/j.scitotenv.2013.03.010,True
municipal sludge,sludge,Guangdong,Plant B WWTP (South China; oxidation ditch) - Dewatered sludge,Oxytetracycline,tetracyclines,820.0,,ng/g dw,2010,November,"Zhou, L.-J., Ying, G.-G., Liu, S., Zhao, J.-L., Yang, B., Chen, Z.-F., & Lai, H.-J. (2013). Occurrence and fate of eleven classes of antibiotics in two typical wastewater treatment plants in South China. Science of The Total Environment, 452–453, 365–376.",Table S9 Plant B Nov Dewatered sludge,N_ZHOU2013_SC_WWTP_SOLIDS,Sup 2013 Li-Jun Zhou ... .doc (textutil txt) Tables S8–S9,https://doi.org/10.1016/j.scitotenv.2013.03.010,True
municipal sludge,sludge,Guangdong,Plant B WWTP (South China; oxidation ditch) - Oxidation ditch sludge,Tetracycline,tetracyclines,140.0,,ng/g dw,2010,May,"Zhou, L.-J., Ying, G.-G., Liu, S., Zhao, J.-L., Yang, B., Chen, Z.-F., & Lai, H.-J. (2013). Occurrence and fate of eleven classes of antibiotics in two typical wastewater treatment plants in South China. Science of The Total Environment, 452–453, 365–376.",Table S9 Plant B May Oxidation ditch sludge,N_ZHOU2013_SC_WWTP_SOLIDS,Sup 2013 Li-Jun Zhou ... .doc (textutil txt) Tables S8–S9,https://doi.org/10.1016/j.scitotenv.2013.03.010,True
municipal sludge,sludge,Guangdong,Plant B WWTP (South China; oxidation ditch) - Dewatered sludge,Tetracycline,tetracyclines,377.0,,ng/g dw,2010,May,"Zhou, L.-J., Ying, G.-G., Liu, S., Zhao, J.-L., Yang, B., Chen, Z.-F., & Lai, H.-J. (2013). Occurrence and fate of eleven classes of antibiotics in two typical wastewater treatment plants in South China. Science of The Total Environment, 452–453, 365–376.",Table S9 Plant B May Dewatered sludge,N_ZHOU2013_SC_WWTP_SOLIDS,Sup 2013 Li-Jun Zhou ... .doc (textutil txt) Tables S8–S9,https://doi.org/10.1016/j.scitotenv.2013.03.010,True
municipal sludge,sludge,Guangdong,Plant B WWTP (South China; oxidation ditch) - Oxidation ditch sludge,Tetracycline,tetracyclines,373.0,,ng/g dw,2010,November,"Zhou, L.-J., Ying, G.-G., Liu, S., Zhao, J.-L., Yang, B., Chen, Z.-F., & Lai, H.-J. (2013). Occurrence and fate of eleven classes of antibiotics in two typical wastewater treatment plants in South China. Science of The Total Environment, 452–453, 365–376.",Table S9 Plant B Nov Oxidation ditch sludge,N_ZHOU2013_SC_WWTP_SOLIDS,Sup 2013 Li-Jun Zhou ... .doc (textutil txt) Tables S8–S9,https://doi.org/10.1016/j.scitotenv.2013.03.010,True
municipal sludge,sludge,Guangdong,Plant B WWTP (South China; oxidation ditch) - Dewatered sludge,Tetracycline,tetracyclines,503.0,,ng/g dw,2010,November,"Zhou, L.-J., Ying, G.-G., Liu, S., Zhao, J.-L., Yang, B., Chen, Z.-F., & Lai, H.-J. (2013). Occurrence and fate of eleven classes of antibiotics in two typical wastewater treatment plants in South China. Science of The Total Environment, 452–453, 365–376.",Table S9 Plant B Nov Dewatered sludge,N_ZHOU2013_SC_WWTP_SOLIDS,Sup 2013 Li-Jun Zhou ... .doc (textutil txt) Tables S8–S9,https://doi.org/10.1016/j.scitotenv.2013.03.010,True
municipal sludge,sludge,Guangdong,Plant B WWTP (South China; oxidation ditch) - Oxidation ditch sludge,Ciprofloxacin,fluoroquinolones,210.0,,ng/g dw,2010,May,"Zhou, L.-J., Ying, G.-G., Liu, S., Zhao, J.-L., Yang, B., Chen, Z.-F., & Lai, H.-J. (2013). Occurrence and fate of eleven classes of antibiotics in two typical wastewater treatment plants in South China. Science of The Total Environment, 452–453, 365–376.",Table S9 Plant B May Oxidation ditch sludge,N_ZHOU2013_SC_WWTP_SOLIDS,Sup 2013 Li-Jun Zhou ... .doc (textutil txt) Tables S8–S9,https://doi.org/10.1016/j.scitotenv.2013.03.010,True
municipal sludge,sludge,Guangdong,Plant B WWTP (South China; oxidation ditch) - Dewatered sludge,Ciprofloxacin,fluoroquinolones,296.0,,ng/g dw,2010,May,"Zhou, L.-J., Ying, G.-G., Liu, S., Zhao, J.-L., Yang, B., Chen, Z.-F., & Lai, H.-J. (2013). Occurrence and fate of eleven classes of antibiotics in two typical wastewater treatment plants in South China. Science of The Total Environment, 452–453, 365–376.",Table S9 Plant B May Dewatered sludge,N_ZHOU2013_SC_WWTP_SOLIDS,Sup 2013 Li-Jun Zhou ... .doc (textutil txt) Tables S8–S9,https://doi.org/10.1016/j.scitotenv.2013.03.010,True
municipal sludge,sludge,Guangdong,Plant B WWTP (South China; oxidation ditch) - Oxidation ditch sludge,Ciprofloxacin,fluoroquinolones,314.0,,ng/g dw,2010,November,"Zhou, L.-J., Ying, G.-G., Liu, S., Zhao, J.-L., Yang, B., Chen, Z.-F., & Lai, H.-J. (2013). Occurrence and fate of eleven classes of antibiotics in two typical wastewater treatment plants in South China. Science of The Total Environment, 452–453, 365–376.",Table S9 Plant B Nov Oxidation ditch sludge,N_ZHOU2013_SC_WWTP_SOLIDS,Sup 2013 Li-Jun Zhou ... .doc (textutil txt) Tables S8–S9,https://doi.org/10.1016/j.scitotenv.2013.03.010,True
municipal sludge,sludge,Guangdong,Plant B WWTP (South China; oxidation ditch) - Dewatered sludge,Ciprofloxacin,fluoroquinolones,416.0,,ng/g dw,2010,November,"Zhou, L.-J., Ying, G.-G., Liu, S., Zhao, J.-L., Yang, B., Chen, Z.-F., & Lai, H.-J. (2013). Occurrence and fate of eleven classes of antibiotics in two typical wastewater treatment plants in South China. Science of The Total Environment, 452–453, 365–376.",Table S9 Plant B Nov Dewatered sludge,N_ZHOU2013_SC_WWTP_SOLIDS,Sup 2013 Li-Jun Zhou ... .doc (textutil txt) Tables S8–S9,https://doi.org/10.1016/j.scitotenv.2013.03.010,True
municipal sludge,sludge,Guangdong,Plant B WWTP (South China; oxidation ditch) - Oxidation ditch sludge,Enrofloxacin,fluoroquinolones,60.4,,ng/g dw,2010,May,"Zhou, L.-J., Ying, G.-G., Liu, S., Zhao, J.-L., Yang, B., Chen, Z.-F., & Lai, H.-J. (2013). Occurrence and fate of eleven classes of antibiotics in two typical wastewater treatment plants in South China. Science of The Total Environment, 452–453, 365–376.",Table S9 Plant B May Oxidation ditch sludge,N_ZHOU2013_SC_WWTP_SOLIDS,Sup 2013 Li-Jun Zhou ... .doc (textutil txt) Tables S8–S9,https://doi.org/10.1016/j.scitotenv.2013.03.010,True
municipal sludge,sludge,Guangdong,Plant B WWTP (South China; oxidation ditch) - Dewatered sludge,Enrofloxacin,fluoroquinolones,22.0,,ng/g dw,2010,May,"Zhou, L.-J., Ying, G.-G., Liu, S., Zhao, J.-L., Yang, B., Chen, Z.-F., & Lai, H.-J. (2013). Occurrence and fate of eleven classes of antibiotics in two typical wastewater treatment plants in South China. Science of The Total Environment, 452–453, 365–376.",Table S9 Plant B May Dewatered sludge,N_ZHOU2013_SC_WWTP_SOLIDS,Sup 2013 Li-Jun Zhou ... .doc (textutil txt) Tables S8–S9,https://doi.org/10.1016/j.scitotenv.2013.03.010,True
municipal sludge,sludge,Guangdong,Plant B WWTP (South China; oxidation ditch) - Oxidation ditch sludge,Enrofloxacin,fluoroquinolones,171.0,,ng/g dw,2010,November,"Zhou, L.-J., Ying, G.-G., Liu, S., Zhao, J.-L., Yang, B., Chen, Z.-F., & Lai, H.-J. (2013). Occurrence and fate of eleven classes of antibiotics in two typical wastewater treatment plants in South China. Science of The Total Environment, 452–453, 365–376.",Table S9 Plant B Nov Oxidation ditch sludge,N_ZHOU2013_SC_WWTP_SOLIDS,Sup 2013 Li-Jun Zhou ... .doc (textutil txt) Tables S8–S9,https://doi.org/10.1016/j.scitotenv.2013.03.010,True
municipal sludge,sludge,Guangdong,Plant B WWTP (South China; oxidation ditch) - Dewatered sludge,Enrofloxacin,fluoroquinolones,200.0,,ng/g dw,2010,November,"Zhou, L.-J., Ying, G.-G., Liu, S., Zhao, J.-L., Yang, B., Chen, Z.-F., & Lai, H.-J. (2013). Occurrence and fate of eleven classes of antibiotics in two typical wastewater treatment plants in South China. Science of The Total Environment, 452–453, 365–376.",Table S9 Plant B Nov Dewatered sludge,N_ZHOU2013_SC_WWTP_SOLIDS,Sup 2013 Li-Jun Zhou ... .doc (textutil txt) Tables S8–S9,https://doi.org/10.1016/j.scitotenv.2013.03.010,True
municipal sludge,sludge,Guangdong,Plant B WWTP (South China; oxidation ditch) - Oxidation ditch sludge,Fleroxacin,fluoroquinolones,52.7,,ng/g dw,2010,May,"Zhou, L.-J., Ying, G.-G., Liu, S., Zhao, J.-L., Yang, B., Chen, Z.-F., & Lai, H.-J. (2013). Occurrence and fate of eleven classes of antibiotics in two typical wastewater treatment plants in South China. Science of The Total Environment, 452–453, 365–376.",Table S9 Plant B May Oxidation ditch sludge,N_ZHOU2013_SC_WWTP_SOLIDS,Sup 2013 Li-Jun Zhou ... .doc (textutil txt) Tables S8–S9,https://doi.org/10.1016/j.scitotenv.2013.03.010,True
municipal sludge,sludge,Guangdong,Plant B WWTP (South China; oxidation ditch) - Dewatered sludge,Fleroxacin,fluoroquinolones,75.2,,ng/g dw,2010,May,"Zhou, L.-J., Ying, G.-G., Liu, S., Zhao, J.-L., Yang, B., Chen, Z.-F., & Lai, H.-J. (2013). Occurrence and fate of eleven classes of antibiotics in two typical wastewater treatment plants in South China. Science of The Total Environment, 452–453, 365–376.",Table S9 Plant B May Dewatered sludge,N_ZHOU2013_SC_WWTP_SOLIDS,Sup 2013 Li-Jun Zhou ... .doc (textutil txt) Tables S8–S9,https://doi.org/10.1016/j.scitotenv.2013.03.010,True
municipal sludge,sludge,Guangdong,Plant B WWTP (South China; oxidation ditch) - Oxidation ditch sludge,Fleroxacin,fluoroquinolones,120.0,,ng/g dw,2010,November,"Zhou, L.-J., Ying, G.-G., Liu, S., Zhao, J.-L., Yang, B., Chen, Z.-F., & Lai, H.-J. (2013). Occurrence and fate of eleven classes of antibiotics in two typical wastewater treatment plants in South China. Science of The Total Environment, 452–453, 365–376.",Table S9 Plant B Nov Oxidation ditch sludge,N_ZHOU2013_SC_WWTP_SOLIDS,Sup 2013 Li-Jun Zhou ... .doc (textutil txt) Tables S8–S9,https://doi.org/10.1016/j.scitotenv.2013.03.010,True
municipal sludge,sludge,Guangdong,Plant B WWTP (South China; oxidation ditch) - Dewatered sludge,Fleroxacin,fluoroquinolones,137.0,,ng/g dw,2010,November,"Zhou, L.-J., Ying, G.-G., Liu, S., Zhao, J.-L., Yang, B., Chen, Z.-F., & Lai, H.-J. (2013). Occurrence and fate of eleven classes of antibiotics in two typical wastewater treatment plants in South China. Science of The Total Environment, 452–453, 365–376.",Table S9 Plant B Nov Dewatered sludge,N_ZHOU2013_SC_WWTP_SOLIDS,Sup 2013 Li-Jun Zhou ... .doc (textutil txt) Tables S8–S9,https://doi.org/10.1016/j.scitotenv.2013.03.010,True
municipal sludge,sludge,Guangdong,Plant B WWTP (South China; oxidation ditch) - Oxidation ditch sludge,Lomefloxacin,fluoroquinolones,141.0,,ng/g dw,2010,May,"Zhou, L.-J., Ying, G.-G., Liu, S., Zhao, J.-L., Yang, B., Chen, Z.-F., & Lai, H.-J. (2013). Occurrence and fate of eleven classes of antibiotics in two typical wastewater treatment plants in South China. Science of The Total Environment, 452–453, 365–376.",Table S9 Plant B May Oxidation ditch sludge,N_ZHOU2013_SC_WWTP_SOLIDS,Sup 2013 Li-Jun Zhou ... .doc (textutil txt) Tables S8–S9,https://doi.org/10.1016/j.scitotenv.2013.03.010,True
municipal sludge,sludge,Guangdong,Plant B WWTP (South China; oxidation ditch) - Dewatered sludge,Lomefloxacin,fluoroquinolones,168.0,,ng/g dw,2010,May,"Zhou, L.-J., Ying, G.-G., Liu, S., Zhao, J.-L., Yang, B., Chen, Z.-F., & Lai, H.-J. (2013). Occurrence and fate of eleven classes of antibiotics in two typical wastewater treatment plants in South China. Science of The Total Environment, 452–453, 365–376.",Table S9 Plant B May Dewatered sludge,N_ZHOU2013_SC_WWTP_SOLIDS,Sup 2013 Li-Jun Zhou ... .doc (textutil txt) Tables S8–S9,https://doi.org/10.1016/j.scitotenv.2013.03.010,True
municipal sludge,sludge,Guangdong,Plant B WWTP (South China; oxidation ditch) - Oxidation ditch sludge,Lomefloxacin,fluoroquinolones,287.0,,ng/g dw,2010,November,"Zhou, L.-J., Ying, G.-G., Liu, S., Zhao, J.-L., Yang, B., Chen, Z.-F., & Lai, H.-J. (2013). Occurrence and fate of eleven classes of antibiotics in two typical wastewater treatment plants in South China. Science of The Total Environment, 452–453, 365–376.",Table S9 Plant B Nov Oxidation ditch sludge,N_ZHOU2013_SC_WWTP_SOLIDS,Sup 2013 Li-Jun Zhou ... .doc (textutil txt) Tables S8–S9,https://doi.org/10.1016/j.scitotenv.2013.03.010,True
municipal sludge,sludge,Guangdong,Plant B WWTP (South China; oxidation ditch) - Dewatered sludge,Lomefloxacin,fluoroquinolones,440.0,,ng/g dw,2010,November,"Zhou, L.-J., Ying, G.-G., Liu, S., Zhao, J.-L., Yang, B., Chen, Z.-F., & Lai, H.-J. (2013). Occurrence and fate of eleven classes of antibiotics in two typical wastewater treatment plants in South China. Science of The Total Environment, 452–453, 365–376.",Table S9 Plant B Nov Dewatered sludge,N_ZHOU2013_SC_WWTP_SOLIDS,Sup 2013 Li-Jun Zhou ... .doc (textutil txt) Tables S8–S9,https://doi.org/10.1016/j.scitotenv.2013.03.010,True
municipal sludge,sludge,Guangdong,Plant B WWTP (South China; oxidation ditch) - Oxidation ditch sludge,Norfloxacin,fluoroquinolones,1710.0,,ng/g dw,2010,May,"Zhou, L.-J., Ying, G.-G., Liu, S., Zhao, J.-L., Yang, B., Chen, Z.-F., & Lai, H.-J. (2013). Occurrence and fate of eleven classes of antibiotics in two typical wastewater treatment plants in South China. Science of The Total Environment, 452–453, 365–376.",Table S9 Plant B May Oxidation ditch sludge,N_ZHOU2013_SC_WWTP_SOLIDS,Sup 2013 Li-Jun Zhou ... .doc (textutil txt) Tables S8–S9,https://doi.org/10.1016/j.scitotenv.2013.03.010,True
municipal sludge,sludge,Guangdong,Plant B WWTP (South China; oxidation ditch) - Dewatered sludge,Norfloxacin,fluoroquinolones,2360.0,,ng/g dw,2010,May,"Zhou, L.-J., Ying, G.-G., Liu, S., Zhao, J.-L., Yang, B., Chen, Z.-F., & Lai, H.-J. (2013). Occurrence and fate of eleven classes of antibiotics in two typical wastewater treatment plants in South China. Science of The Total Environment, 452–453, 365–376.",Table S9 Plant B May Dewatered sludge,N_ZHOU2013_SC_WWTP_SOLIDS,Sup 2013 Li-Jun Zhou ... .doc (textutil txt) Tables S8–S9,https://doi.org/10.1016/j.scitotenv.2013.03.010,True
municipal sludge,sludge,Guangdong,Plant B WWTP (South China; oxidation ditch) - Oxidation ditch sludge,Norfloxacin,fluoroquinolones,2860.0,,ng/g dw,2010,November,"Zhou, L.-J., Ying, G.-G., Liu, S., Zhao, J.-L., Yang, B., Chen, Z.-F., & Lai, H.-J. (2013). Occurrence and fate of eleven classes of antibiotics in two typical wastewater treatment plants in South China. Science of The Total Environment, 452–453, 365–376.",Table S9 Plant B Nov Oxidation ditch sludge,N_ZHOU2013_SC_WWTP_SOLIDS,Sup 2013 Li-Jun Zhou ... .doc (textutil txt) Tables S8–S9,https://doi.org/10.1016/j.scitotenv.2013.03.010,True
municipal sludge,sludge,Guangdong,Plant B WWTP (South China; oxidation ditch) - Dewatered sludge,Norfloxacin,fluoroquinolones,2260.0,,ng/g dw,2010,November,"Zhou, L.-J., Ying, G.-G., Liu, S., Zhao, J.-L., Yang, B., Chen, Z.-F., & Lai, H.-J. (2013). Occurrence and fate of eleven classes of antibiotics in two typical wastewater treatment plants in South China. Science of The Total Environment, 452–453, 365–376.",Table S9 Plant B Nov Dewatered sludge,N_ZHOU2013_SC_WWTP_SOLIDS,Sup 2013 Li-Jun Zhou ... .doc (textutil txt) Tables S8–S9,https://doi.org/10.1016/j.scitotenv.2013.03.010,True
municipal sludge,sludge,Guangdong,Plant B WWTP (South China; oxidation ditch) - Oxidation ditch sludge,Ofloxacin,fluoroquinolones,916.0,,ng/g dw,2010,May,"Zhou, L.-J., Ying, G.-G., Liu, S., Zhao, J.-L., Yang, B., Chen, Z.-F., & Lai, H.-J. (2013). Occurrence and fate of eleven classes of antibiotics in two typical wastewater treatment plants in South China. Science of The Total Environment, 452–453, 365–376.",Table S9 Plant B May Oxidation ditch sludge,N_ZHOU2013_SC_WWTP_SOLIDS,Sup 2013 Li-Jun Zhou ... .doc (textutil txt) Tables S8–S9,https://doi.org/10.1016/j.scitotenv.2013.03.010,True
municipal sludge,sludge,Guangdong,Plant B WWTP (South China; oxidation ditch) - Dewatered sludge,Ofloxacin,fluoroquinolones,1500.0,,ng/g dw,2010,May,"Zhou, L.-J., Ying, G.-G., Liu, S., Zhao, J.-L., Yang, B., Chen, Z.-F., & Lai, H.-J. (2013). Occurrence and fate of eleven classes of antibiotics in two typical wastewater treatment plants in South China. Science of The Total Environment, 452–453, 365–376.",Table S9 Plant B May Dewatered sludge,N_ZHOU2013_SC_WWTP_SOLIDS,Sup 2013 Li-Jun Zhou ... .doc (textutil txt) Tables S8–S9,https://doi.org/10.1016/j.scitotenv.2013.03.010,True
municipal sludge,sludge,Guangdong,Plant B WWTP (South China; oxidation ditch) - Oxidation ditch sludge,Ofloxacin,fluoroquinolones,2430.0,,ng/g dw,2010,November,"Zhou, L.-J., Ying, G.-G., Liu, S., Zhao, J.-L., Yang, B., Chen, Z.-F., & Lai, H.-J. (2013). Occurrence and fate of eleven classes of antibiotics in two typical wastewater treatment plants in South China. Science of The Total Environment, 452–453, 365–376.",Table S9 Plant B Nov Oxidation ditch sludge,N_ZHOU2013_SC_WWTP_SOLIDS,Sup 2013 Li-Jun Zhou ... .doc (textutil txt) Tables S8–S9,https://doi.org/10.1016/j.scitotenv.2013.03.010,True
municipal sludge,sludge,Guangdong,Plant B WWTP (South China; oxidation ditch) - Dewatered sludge,Ofloxacin,fluoroquinolones,2760.0,,ng/g dw,2010,November,"Zhou, L.-J., Ying, G.-G., Liu, S., Zhao, J.-L., Yang, B., Chen, Z.-F., & Lai, H.-J. (2013). Occurrence and fate of eleven classes of antibiotics in two typical wastewater treatment plants in South China. Science of The Total Environment, 452–453, 365–376.",Table S9 Plant B Nov Dewatered sludge,N_ZHOU2013_SC_WWTP_SOLIDS,Sup 2013 Li-Jun Zhou ... .doc (textutil txt) Tables S8–S9,https://doi.org/10.1016/j.scitotenv.2013.03.010,True
municipal sludge,sludge,Guangdong,Plant B WWTP (South China; oxidation ditch) - Oxidation ditch sludge,Pefloxacin,fluoroquinolones,12.5,,ng/g dw,2010,May,"Zhou, L.-J., Ying, G.-G., Liu, S., Zhao, J.-L., Yang, B., Chen, Z.-F., & Lai, H.-J. (2013). Occurrence and fate of eleven classes of antibiotics in two typical wastewater treatment plants in South China. Science of The Total Environment, 452–453, 365–376.",Table S9 Plant B May Oxidation ditch sludge,N_ZHOU2013_SC_WWTP_SOLIDS,Sup 2013 Li-Jun Zhou ... .doc (textutil txt) Tables S8–S9,https://doi.org/10.1016/j.scitotenv.2013.03.010,True
municipal sludge,sludge,Guangdong,Plant B WWTP (South China; oxidation ditch) - Dewatered sludge,Pefloxacin,fluoroquinolones,21.1,,ng/g dw,2010,May,"Zhou, L.-J., Ying, G.-G., Liu, S., Zhao, J.-L., Yang, B., Chen, Z.-F., & Lai, H.-J. (2013). Occurrence and fate of eleven classes of antibiotics in two typical wastewater treatment plants in South China. Science of The Total Environment, 452–453, 365–376.",Table S9 Plant B May Dewatered sludge,N_ZHOU2013_SC_WWTP_SOLIDS,Sup 2013 Li-Jun Zhou ... .doc (textutil txt) Tables S8–S9,https://doi.org/10.1016/j.scitotenv.2013.03.010,True
municipal sludge,sludge,Guangdong,Plant B WWTP (South China; oxidation ditch) - Oxidation ditch sludge,Pefloxacin,fluoroquinolones,19.8,,ng/g dw,2010,November,"Zhou, L.-J., Ying, G.-G., Liu, S., Zhao, J.-L., Yang, B., Chen, Z.-F., & Lai, H.-J. (2013). Occurrence and fate of eleven classes of antibiotics in two typical wastewater treatment plants in South China. Science of The Total Environment, 452–453, 365–376.",Table S9 Plant B Nov Oxidation ditch sludge,N_ZHOU2013_SC_WWTP_SOLIDS,Sup 2013 Li-Jun Zhou ... .doc (textutil txt) Tables S8–S9,https://doi.org/10.1016/j.scitotenv.2013.03.010,True
municipal sludge,sludge,Guangdong,Plant B WWTP (South China; oxidation ditch) - Dewatered sludge,Pefloxacin,fluoroquinolones,28.6,,ng/g dw,2010,November,"Zhou, L.-J., Ying, G.-G., Liu, S., Zhao, J.-L., Yang, B., Chen, Z.-F., & Lai, H.-J. (2013). Occurrence and fate of eleven classes of antibiotics in two typical wastewater treatment plants in South China. Science of The Total Environment, 452–453, 365–376.",Table S9 Plant B Nov Dewatered sludge,N_ZHOU2013_SC_WWTP_SOLIDS,Sup 2013 Li-Jun Zhou ... .doc (textutil txt) Tables S8–S9,https://doi.org/10.1016/j.scitotenv.2013.03.010,True
municipal sludge,sludge,Guangdong,Plant B WWTP (South China; oxidation ditch) - Oxidation ditch sludge,Roxithromycin,macrolides,20.2,,ng/g dw,2010,May,"Zhou, L.-J., Ying, G.-G., Liu, S., Zhao, J.-L., Yang, B., Chen, Z.-F., & Lai, H.-J. (2013). Occurrence and fate of eleven classes of antibiotics in two typical wastewater treatment plants in South China. Science of The Total Environment, 452–453, 365–376.",Table S9 Plant B May Oxidation ditch sludge,N_ZHOU2013_SC_WWTP_SOLIDS,Sup 2013 Li-Jun Zhou ... .doc (textutil txt) Tables S8–S9,https://doi.org/10.1016/j.scitotenv.2013.03.010,True
municipal sludge,sludge,Guangdong,Plant B WWTP (South China; oxidation ditch) - Dewatered sludge,Roxithromycin,macrolides,33.3,,ng/g dw,2010,May,"Zhou, L.-J., Ying, G.-G., Liu, S., Zhao, J.-L., Yang, B., Chen, Z.-F., & Lai, H.-J. (2013). Occurrence and fate of eleven classes of antibiotics in two typical wastewater treatment plants in South China. Science of The Total Environment, 452–453, 365–376.",Table S9 Plant B May Dewatered sludge,N_ZHOU2013_SC_WWTP_SOLIDS,Sup 2013 Li-Jun Zhou ... .doc (textutil txt) Tables S8–S9,https://doi.org/10.1016/j.scitotenv.2013.03.010,True
municipal sludge,sludge,Guangdong,Plant B WWTP (South China; oxidation ditch) - Oxidation ditch sludge,Roxithromycin,macrolides,32.1,,ng/g dw,2010,November,"Zhou, L.-J., Ying, G.-G., Liu, S., Zhao, J.-L., Yang, B., Chen, Z.-F., & Lai, H.-J. (2013). Occurrence and fate of eleven classes of antibiotics in two typical wastewater treatment plants in South China. Science of The Total Environment, 452–453, 365–376.",Table S9 Plant B Nov Oxidation ditch sludge,N_ZHOU2013_SC_WWTP_SOLIDS,Sup 2013 Li-Jun Zhou ... .doc (textutil txt) Tables S8–S9,https://doi.org/10.1016/j.scitotenv.2013.03.010,True
municipal sludge,sludge,Guangdong,Plant B WWTP (South China; oxidation ditch) - Oxidation ditch sludge,Lincomycin,other,11.1,,ng/g dw,2010,May,"Zhou, L.-J., Ying, G.-G., Liu, S., Zhao, J.-L., Yang, B., Chen, Z.-F., & Lai, H.-J. (2013). Occurrence and fate of eleven classes of antibiotics in two typical wastewater treatment plants in South China. Science of The Total Environment, 452–453, 365–376.",Table S9 Plant B May Oxidation ditch sludge,N_ZHOU2013_SC_WWTP_SOLIDS,Sup 2013 Li-Jun Zhou ... .doc (textutil txt) Tables S8–S9,https://doi.org/10.1016/j.scitotenv.2013.03.010,True
municipal sludge,sludge,Guangdong,Plant B WWTP (South China; oxidation ditch) - Dewatered sludge,Lincomycin,other,45.0,,ng/g dw,2010,November,"Zhou, L.-J., Ying, G.-G., Liu, S., Zhao, J.-L., Yang, B., Chen, Z.-F., & Lai, H.-J. (2013). Occurrence and fate of eleven classes of antibiotics in two typical wastewater treatment plants in South China. Science of The Total Environment, 452–453, 365–376.",Table S9 Plant B Nov Dewatered sludge,N_ZHOU2013_SC_WWTP_SOLIDS,Sup 2013 Li-Jun Zhou ... .doc (textutil txt) Tables S8–S9,https://doi.org/10.1016/j.scitotenv.2013.03.010,True
sediment,sediment,Guangdong,Pearl River Estuary A1,Sulfamethazine,sulfonamides,3.24,,ng/g dw,2012,dry,"Liang, X., Chen, B., Nie, X., Shi, Z., Huang, X., Li, X., & Zeng, G. (2013). The distribution and partitioning of common antibiotics in water and sediment of the Pearl River Estuary, South China. Chemosphere, 92(11), 1410–1416.",Sup 2013 Liang Table S8 sediment concentrations.,N_LIANG2013_PRE_SEDIMENT,Sup 2013 Ximei Liang ... .doc,https://doi.org/10.1016/j.chemosphere.2013.03.044,True
sediment,sediment,Guangdong,Pearl River Estuary A1,Norfloxacin,fluoroquinolones,20.5,,ng/g dw,2012,dry,"Liang, X., Chen, B., Nie, X., Shi, Z., Huang, X., Li, X., & Zeng, G. (2013). The distribution and partitioning of common antibiotics in water and sediment of the Pearl River Estuary, South China. Chemosphere, 92(11), 1410–1416.",Sup 2013 Liang Table S8 sediment concentrations.,N_LIANG2013_PRE_SEDIMENT,Sup 2013 Ximei Liang ... .doc,https://doi.org/10.1016/j.chemosphere.2013.03.044,True
sediment,sediment,Guangdong,Pearl River Estuary A1,Ofloxacin,fluoroquinolones,12.6,,ng/g dw,2012,dry,"Liang, X., Chen, B., Nie, X., Shi, Z., Huang, X., Li, X., & Zeng, G. (2013). The distribution and partitioning of common antibiotics in water and sediment of the Pearl River Estuary, South China. Chemosphere, 92(11), 1410–1416.",Sup 2013 Liang Table S8 sediment concentrations.,N_LIANG2013_PRE_SEDIMENT,Sup 2013 Ximei Liang ... .doc,https://doi.org/10.1016/j.chemosphere.2013.03.044,True
sediment,sediment,Guangdong,Pearl River Estuary A1,Enrofloxacin,fluoroquinolones,1.43,,ng/g dw,2012,dry,"Liang, X., Chen, B., Nie, X., Shi, Z., Huang, X., Li, X., & Zeng, G. (2013). The distribution and partitioning of common antibiotics in water and sediment of the Pearl River Estuary, South China. Chemosphere, 92(11), 1410–1416.",Sup 2013 Liang Table S8 sediment concentrations.,N_LIANG2013_PRE_SEDIMENT,Sup 2013 Ximei Liang ... .doc,https://doi.org/10.1016/j.chemosphere.2013.03.044,True
sediment,sediment,Guangdong,Pearl River Estuary A1,Tetracycline,tetracyclines,7.13,,ng/g dw,2012,dry,"Liang, X., Chen, B., Nie, X., Shi, Z., Huang, X., Li, X., & Zeng, G. (2013). The distribution and partitioning of common antibiotics in water and sediment of the Pearl River Estuary, South China. Chemosphere, 92(11), 1410–1416.",Sup 2013 Liang Table S8 sediment concentrations.,N_LIANG2013_PRE_SEDIMENT,Sup 2013 Ximei Liang ... .doc,https://doi.org/10.1016/j.chemosphere.2013.03.044,True
sediment,sediment,Guangdong,Pearl River Estuary A1,Erythromycin-H2O,macrolides,7.79,,ng/g dw,2012,dry,"Liang, X., Chen, B., Nie, X., Shi, Z., Huang, X., Li, X., & Zeng, G. (2013). The distribution and partitioning of common antibiotics in water and sediment of the Pearl River Estuary, South China. Chemosphere, 92(11), 1410–1416.",Sup 2013 Liang Table S8 sediment concentrations.,N_LIANG2013_PRE_SEDIMENT,Sup 2013 Ximei Liang ... .doc,https://doi.org/10.1016/j.chemosphere.2013.03.044,True
sediment,sediment,Guangdong,Pearl River Estuary A1,Roxithromycin,macrolides,8.8,,ng/g dw,2012,dry,"Liang, X., Chen, B., Nie, X., Shi, Z., Huang, X., Li, X., & Zeng, G. (2013). The distribution and partitioning of common antibiotics in water and sediment of the Pearl River Estuary, South China. Chemosphere, 92(11), 1410–1416.",Sup 2013 Liang Table S8 sediment concentrations.,N_LIANG2013_PRE_SEDIMENT,Sup 2013 Ximei Liang ... .doc,https://doi.org/10.1016/j.chemosphere.2013.03.044,True
sediment,sediment,Guangdong,Pearl River Estuary A2,Sulfamethazine,sulfonamides,2.32,,ng/g dw,2012,dry,"Liang, X., Chen, B., Nie, X., Shi, Z., Huang, X., Li, X., & Zeng, G. (2013). The distribution and partitioning of common antibiotics in water and sediment of the Pearl River Estuary, South China. Chemosphere, 92(11), 1410–1416.",Sup 2013 Liang Table S8 sediment concentrations.,N_LIANG2013_PRE_SEDIMENT,Sup 2013 Ximei Liang ... .doc,https://doi.org/10.1016/j.chemosphere.2013.03.044,True
sediment,sediment,Guangdong,Pearl River Estuary A2,Norfloxacin,fluoroquinolones,16.1,,ng/g dw,2012,dry,"Liang, X., Chen, B., Nie, X., Shi, Z., Huang, X., Li, X., & Zeng, G. (2013). The distribution and partitioning of common antibiotics in water and sediment of the Pearl River Estuary, South China. Chemosphere, 92(11), 1410–1416.",Sup 2013 Liang Table S8 sediment concentrations.,N_LIANG2013_PRE_SEDIMENT,Sup 2013 Ximei Liang ... .doc,https://doi.org/10.1016/j.chemosphere.2013.03.044,True
sediment,sediment,Guangdong,Pearl River Estuary A2,Ofloxacin,fluoroquinolones,5.59,,ng/g dw,2012,dry,"Liang, X., Chen, B., Nie, X., Shi, Z., Huang, X., Li, X., & Zeng, G. (2013). The distribution and partitioning of common antibiotics in water and sediment of the Pearl River Estuary, South China. Chemosphere, 92(11), 1410–1416.",Sup 2013 Liang Table S8 sediment concentrations.,N_LIANG2013_PRE_SEDIMENT,Sup 2013 Ximei Liang ... .doc,https://doi.org/10.1016/j.chemosphere.2013.03.044,True
sediment,sediment,Guangdong,Pearl River Estuary A2,Enrofloxacin,fluoroquinolones,1.05,,ng/g dw,2012,dry,"Liang, X., Chen, B., Nie, X., Shi, Z., Huang, X., Li, X., & Zeng, G. (2013). The distribution and partitioning of common antibiotics in water and sediment of the Pearl River Estuary, South China. Chemosphere, 92(11), 1410–1416.",Sup 2013 Liang Table S8 sediment concentrations.,N_LIANG2013_PRE_SEDIMENT,Sup 2013 Ximei Liang ... .doc,https://doi.org/10.1016/j.chemosphere.2013.03.044,True
sediment,sediment,Guangdong,Pearl River Estuary A2,Tetracycline,tetracyclines,4.81,,ng/g dw,2012,dry,"Liang, X., Chen, B., Nie, X., Shi, Z., Huang, X., Li, X., & Zeng, G. (2013). The distribution and partitioning of common antibiotics in water and sediment of the Pearl River Estuary, South China. Chemosphere, 92(11), 1410–1416.",Sup 2013 Liang Table S8 sediment concentrations.,N_LIANG2013_PRE_SEDIMENT,Sup 2013 Ximei Liang ... .doc,https://doi.org/10.1016/j.chemosphere.2013.03.044,True
sediment,sediment,Guangdong,Pearl River Estuary A2,Erythromycin-H2O,macrolides,1.79,,ng/g dw,2012,dry,"Liang, X., Chen, B., Nie, X., Shi, Z., Huang, X., Li, X., & Zeng, G. (2013). The distribution and partitioning of common antibiotics in water and sediment of the Pearl River Estuary, South China. Chemosphere, 92(11), 1410–1416.",Sup 2013 Liang Table S8 sediment concentrations.,N_LIANG2013_PRE_SEDIMENT,Sup 2013 Ximei Liang ... .doc,https://doi.org/10.1016/j.chemosphere.2013.03.044,True
sediment,sediment,Guangdong,Pearl River Estuary A3,Sulfamethazine,sulfonamides,1.02,,ng/g dw,2012,dry,"Liang, X., Chen, B., Nie, X., Shi, Z., Huang, X., Li, X., & Zeng, G. (2013). The distribution and partitioning of common antibiotics in water and sediment of the Pearl River Estuary, South China. Chemosphere, 92(11), 1410–1416.",Sup 2013 Liang Table S8 sediment concentrations.,N_LIANG2013_PRE_SEDIMENT,Sup 2013 Ximei Liang ... .doc,https://doi.org/10.1016/j.chemosphere.2013.03.044,True
sediment,sediment,Guangdong,Pearl River Estuary A3,Norfloxacin,fluoroquinolones,7.64,,ng/g dw,2012,dry,"Liang, X., Chen, B., Nie, X., Shi, Z., Huang, X., Li, X., & Zeng, G. (2013). The distribution and partitioning of common antibiotics in water and sediment of the Pearl River Estuary, South China. Chemosphere, 92(11), 1410–1416.",Sup 2013 Liang Table S8 sediment concentrations.,N_LIANG2013_PRE_SEDIMENT,Sup 2013 Ximei Liang ... .doc,https://doi.org/10.1016/j.chemosphere.2013.03.044,True
sediment,sediment,Guangdong,Pearl River Estuary A3,Ofloxacin,fluoroquinolones,2.0,,ng/g dw,2012,dry,"Liang, X., Chen, B., Nie, X., Shi, Z., Huang, X., Li, X., & Zeng, G. (2013). The distribution and partitioning of common antibiotics in water and sediment of the Pearl River Estuary, South China. Chemosphere, 92(11), 1410–1416.",Sup 2013 Liang Table S8 sediment concentrations.,N_LIANG2013_PRE_SEDIMENT,Sup 2013 Ximei Liang ... .doc,https://doi.org/10.1016/j.chemosphere.2013.03.044,True
sediment,sediment,Guangdong,Pearl River Estuary A3,Tetracycline,tetracyclines,1.78,,ng/g dw,2012,dry,"Liang, X., Chen, B., Nie, X., Shi, Z., Huang, X., Li, X., & Zeng, G. (2013). The distribution and partitioning of common antibiotics in water and sediment of the Pearl River Estuary, South China. Chemosphere, 92(11), 1410–1416.",Sup 2013 Liang Table S8 sediment concentrations.,N_LIANG2013_PRE_SEDIMENT,Sup 2013 Ximei Liang ... .doc,https://doi.org/10.1016/j.chemosphere.2013.03.044,True
sediment,sediment,Guangdong,Pearl River Estuary A3,Erythromycin-H2O,macrolides,6.98,,ng/g dw,2012,dry,"Liang, X., Chen, B., Nie, X., Shi, Z., Huang, X., Li, X., & Zeng, G. (2013). The distribution and partitioning of common antibiotics in water and sediment of the Pearl River Estuary, South China. Chemosphere, 92(11), 1410–1416.",Sup 2013 Liang Table S8 sediment concentrations.,N_LIANG2013_PRE_SEDIMENT,Sup 2013 Ximei Liang ... .doc,https://doi.org/10.1016/j.chemosphere.2013.03.044,True
sediment,sediment,Guangdong,Pearl River Estuary A3,Roxithromycin,macrolides,6.07,,ng/g dw,2012,dry,"Liang, X., Chen, B., Nie, X., Shi, Z., Huang, X., Li, X., & Zeng, G. (2013). The distribution and partitioning of common antibiotics in water and sediment of the Pearl River Estuary, South China. Chemosphere, 92(11), 1410–1416.",Sup 2013 Liang Table S8 sediment concentrations.,N_LIANG2013_PRE_SEDIMENT,Sup 2013 Ximei Liang ... .doc,https://doi.org/10.1016/j.chemosphere.2013.03.044,True
sediment,sediment,Guangdong,Pearl River Estuary A4,Erythromycin-H2O,macrolides,2.36,,ng/g dw,2012,dry,"Liang, X., Chen, B., Nie, X., Shi, Z., Huang, X., Li, X., & Zeng, G. (2013). The distribution and partitioning of common antibiotics in water and sediment of the Pearl River Estuary, South China. Chemosphere, 92(11), 1410–1416.",Sup 2013 Liang Table S8 sediment concentrations.,N_LIANG2013_PRE_SEDIMENT,Sup 2013 Ximei Liang ... .doc,https://doi.org/10.1016/j.chemosphere.2013.03.044,True
sediment,sediment,Guangdong,Pearl River Estuary A5,Sulfamethazine,sulfonamides,0.73,,ng/g dw,2012,dry,"Liang, X., Chen, B., Nie, X., Shi, Z., Huang, X., Li, X., & Zeng, G. (2013). The distribution and partitioning of common antibiotics in water and sediment of the Pearl River Estuary, South China. Chemosphere, 92(11), 1410–1416.",Sup 2013 Liang Table S8 sediment concentrations.,N_LIANG2013_PRE_SEDIMENT,Sup 2013 Ximei Liang ... .doc,https://doi.org/10.1016/j.chemosphere.2013.03.044,True
sediment,sediment,Guangdong,Pearl River Estuary A5,Norfloxacin,fluoroquinolones,8.59,,ng/g dw,2012,dry,"Liang, X., Chen, B., Nie, X., Shi, Z., Huang, X., Li, X., & Zeng, G. (2013). The distribution and partitioning of common antibiotics in water and sediment of the Pearl River Estuary, South China. Chemosphere, 92(11), 1410–1416.",Sup 2013 Liang Table S8 sediment concentrations.,N_LIANG2013_PRE_SEDIMENT,Sup 2013 Ximei Liang ... .doc,https://doi.org/10.1016/j.chemosphere.2013.03.044,True
sediment,sediment,Guangdong,Pearl River Estuary A5,Ofloxacin,fluoroquinolones,1.74,,ng/g dw,2012,dry,"Liang, X., Chen, B., Nie, X., Shi, Z., Huang, X., Li, X., & Zeng, G. (2013). The distribution and partitioning of common antibiotics in water and sediment of the Pearl River Estuary, South China. Chemosphere, 92(11), 1410–1416.",Sup 2013 Liang Table S8 sediment concentrations.,N_LIANG2013_PRE_SEDIMENT,Sup 2013 Ximei Liang ... .doc,https://doi.org/10.1016/j.chemosphere.2013.03.044,True
sediment,sediment,Guangdong,Pearl River Estuary A5,Tetracycline,tetracyclines,1.62,,ng/g dw,2012,dry,"Liang, X., Chen, B., Nie, X., Shi, Z., Huang, X., Li, X., & Zeng, G. (2013). The distribution and partitioning of common antibiotics in water and sediment of the Pearl River Estuary, South China. Chemosphere, 92(11), 1410–1416.",Sup 2013 Liang Table S8 sediment concentrations.,N_LIANG2013_PRE_SEDIMENT,Sup 2013 Ximei Liang ... .doc,https://doi.org/10.1016/j.chemosphere.2013.03.044,True
sediment,sediment,Guangdong,Pearl River Estuary A5,Erythromycin-H2O,macrolides,1.85,,ng/g dw,2012,dry,"Liang, X., Chen, B., Nie, X., Shi, Z., Huang, X., Li, X., & Zeng, G. (2013). The distribution and partitioning of common antibiotics in water and sediment of the Pearl River Estuary, South China. Chemosphere, 92(11), 1410–1416.",Sup 2013 Liang Table S8 sediment concentrations.,N_LIANG2013_PRE_SEDIMENT,Sup 2013 Ximei Liang ... .doc,https://doi.org/10.1016/j.chemosphere.2013.03.044,True
sediment,sediment,Guangdong,Pearl River Estuary A6,Norfloxacin,fluoroquinolones,5.08,,ng/g dw,2012,dry,"Liang, X., Chen, B., Nie, X., Shi, Z., Huang, X., Li, X., & Zeng, G. (2013). The distribution and partitioning of common antibiotics in water and sediment of the Pearl River Estuary, South China. Chemosphere, 92(11), 1410–1416.",Sup 2013 Liang Table S8 sediment concentrations.,N_LIANG2013_PRE_SEDIMENT,Sup 2013 Ximei Liang ... .doc,https://doi.org/10.1016/j.chemosphere.2013.03.044,True
sediment,sediment,Guangdong,Pearl River Estuary A6,Erythromycin-H2O,macrolides,1.1,,ng/g dw,2012,dry,"Liang, X., Chen, B., Nie, X., Shi, Z., Huang, X., Li, X., & Zeng, G. (2013). The distribution and partitioning of common antibiotics in water and sediment of the Pearl River Estuary, South China. Chemosphere, 92(11), 1410–1416.",Sup 2013 Liang Table S8 sediment concentrations.,N_LIANG2013_PRE_SEDIMENT,Sup 2013 Ximei Liang ... .doc,https://doi.org/10.1016/j.chemosphere.2013.03.044,True
sediment,sediment,Guangdong,Pearl River Estuary A7,Norfloxacin,fluoroquinolones,7.33,,ng/g dw,2012,dry,"Liang, X., Chen, B., Nie, X., Shi, Z., Huang, X., Li, X., & Zeng, G. (2013). The distribution and partitioning of common antibiotics in water and sediment of the Pearl River Estuary, South China. Chemosphere, 92(11), 1410–1416.",Sup 2013 Liang Table S8 sediment concentrations.,N_LIANG2013_PRE_SEDIMENT,Sup 2013 Ximei Liang ... .doc,https://doi.org/10.1016/j.chemosphere.2013.03.044,True
sediment,sediment,Guangdong,Pearl River Estuary B1,Norfloxacin,fluoroquinolones,3.07,,ng/g dw,2012,dry,"Liang, X., Chen, B., Nie, X., Shi, Z., Huang, X., Li, X., & Zeng, G. (2013). The distribution and partitioning of common antibiotics in water and sediment of the Pearl River Estuary, South China. Chemosphere, 92(11), 1410–1416.",Sup 2013 Liang Table S8 sediment concentrations.,N_LIANG2013_PRE_SEDIMENT,Sup 2013 Ximei Liang ... .doc,https://doi.org/10.1016/j.chemosphere.2013.03.044,True
sediment,sediment,Guangdong,Pearl River Estuary B1,Erythromycin-H2O,macrolides,0.93,,ng/g dw,2012,dry,"Liang, X., Chen, B., Nie, X., Shi, Z., Huang, X., Li, X., & Zeng, G. (2013). The distribution and partitioning of common antibiotics in water and sediment of the Pearl River Estuary, South China. Chemosphere, 92(11), 1410–1416.",Sup 2013 Liang Table S8 sediment concentrations.,N_LIANG2013_PRE_SEDIMENT,Sup 2013 Ximei Liang ... .doc,https://doi.org/10.1016/j.chemosphere.2013.03.044,True
sediment,sediment,Guangdong,Pearl River Estuary B2,Norfloxacin,fluoroquinolones,3.75,,ng/g dw,2012,dry,"Liang, X., Chen, B., Nie, X., Shi, Z., Huang, X., Li, X., & Zeng, G. (2013). The distribution and partitioning of common antibiotics in water and sediment of the Pearl River Estuary, South China. Chemosphere, 92(11), 1410–1416.",Sup 2013 Liang Table S8 sediment concentrations.,N_LIANG2013_PRE_SEDIMENT,Sup 2013 Ximei Liang ... .doc,https://doi.org/10.1016/j.chemosphere.2013.03.044,True
sediment,sediment,Guangdong,Pearl River Estuary B3,Norfloxacin,fluoroquinolones,5.56,,ng/g dw,2012,dry,"Liang, X., Chen, B., Nie, X., Shi, Z., Huang, X., Li, X., & Zeng, G. (2013). The distribution and partitioning of common antibiotics in water and sediment of the Pearl River Estuary, South China. Chemosphere, 92(11), 1410–1416.",Sup 2013 Liang Table S8 sediment concentrations.,N_LIANG2013_PRE_SEDIMENT,Sup 2013 Ximei Liang ... .doc,https://doi.org/10.1016/j.chemosphere.2013.03.044,True
sediment,sediment,Guangdong,Pearl River Estuary B3,Ofloxacin,fluoroquinolones,0.79,,ng/g dw,2012,dry,"Liang, X., Chen, B., Nie, X., Shi, Z., Huang, X., Li, X., & Zeng, G. (2013). The distribution and partitioning of common antibiotics in water and sediment of the Pearl River Estuary, South China. Chemosphere, 92(11), 1410–1416.",Sup 2013 Liang Table S8 sediment concentrations.,N_LIANG2013_PRE_SEDIMENT,Sup 2013 Ximei Liang ... .doc,https://doi.org/10.1016/j.chemosphere.2013.03.044,True
sediment,sediment,Guangdong,Pearl River Estuary B3,Erythromycin-H2O,macrolides,0.95,,ng/g dw,2012,dry,"Liang, X., Chen, B., Nie, X., Shi, Z., Huang, X., Li, X., & Zeng, G. (2013). The distribution and partitioning of common antibiotics in water and sediment of the Pearl River Estuary, South China. Chemosphere, 92(11), 1410–1416.",Sup 2013 Liang Table S8 sediment concentrations.,N_LIANG2013_PRE_SEDIMENT,Sup 2013 Ximei Liang ... .doc,https://doi.org/10.1016/j.chemosphere.2013.03.044,True
sediment,sediment,Guangdong,Pearl River Estuary B4,Norfloxacin,fluoroquinolones,5.99,,ng/g dw,2012,dry,"Liang, X., Chen, B., Nie, X., Shi, Z., Huang, X., Li, X., & Zeng, G. (2013). The distribution and partitioning of common antibiotics in water and sediment of the Pearl River Estuary, South China. Chemosphere, 92(11), 1410–1416.",Sup 2013 Liang Table S8 sediment concentrations.,N_LIANG2013_PRE_SEDIMENT,Sup 2013 Ximei Liang ... .doc,https://doi.org/10.1016/j.chemosphere.2013.03.044,True
sediment,sediment,Guangdong,Pearl River Estuary B4,Ofloxacin,fluoroquinolones,0.84,,ng/g dw,2012,dry,"Liang, X., Chen, B., Nie, X., Shi, Z., Huang, X., Li, X., & Zeng, G. (2013). The distribution and partitioning of common antibiotics in water and sediment of the Pearl River Estuary, South China. Chemosphere, 92(11), 1410–1416.",Sup 2013 Liang Table S8 sediment concentrations.,N_LIANG2013_PRE_SEDIMENT,Sup 2013 Ximei Liang ... .doc,https://doi.org/10.1016/j.chemosphere.2013.03.044,True
sediment,sediment,Guangdong,Pearl River Estuary B4,Tetracycline,tetracyclines,0.61,,ng/g dw,2012,dry,"Liang, X., Chen, B., Nie, X., Shi, Z., Huang, X., Li, X., & Zeng, G. (2013). The distribution and partitioning of common antibiotics in water and sediment of the Pearl River Estuary, South China. Chemosphere, 92(11), 1410–1416.",Sup 2013 Liang Table S8 sediment concentrations.,N_LIANG2013_PRE_SEDIMENT,Sup 2013 Ximei Liang ... .doc,https://doi.org/10.1016/j.chemosphere.2013.03.044,True
sediment,sediment,Guangdong,Pearl River Estuary B4,Erythromycin-H2O,macrolides,1.18,,ng/g dw,2012,dry,"Liang, X., Chen, B., Nie, X., Shi, Z., Huang, X., Li, X., & Zeng, G. (2013). The distribution and partitioning of common antibiotics in water and sediment of the Pearl River Estuary, South China. Chemosphere, 92(11), 1410–1416.",Sup 2013 Liang Table S8 sediment concentrations.,N_LIANG2013_PRE_SEDIMENT,Sup 2013 Ximei Liang ... .doc,https://doi.org/10.1016/j.chemosphere.2013.03.044,True
sediment,sediment,Guangdong,Pearl River Estuary C1,Sulfamethazine,sulfonamides,0.6,,ng/g dw,2012,dry,"Liang, X., Chen, B., Nie, X., Shi, Z., Huang, X., Li, X., & Zeng, G. (2013). The distribution and partitioning of common antibiotics in water and sediment of the Pearl River Estuary, South China. Chemosphere, 92(11), 1410–1416.",Sup 2013 Liang Table S8 sediment concentrations.,N_LIANG2013_PRE_SEDIMENT,Sup 2013 Ximei Liang ... .doc,https://doi.org/10.1016/j.chemosphere.2013.03.044,True
sediment,sediment,Guangdong,Pearl River Estuary C1,Norfloxacin,fluoroquinolones,12.8,,ng/g dw,2012,dry,"Liang, X., Chen, B., Nie, X., Shi, Z., Huang, X., Li, X., & Zeng, G. (2013). The distribution and partitioning of common antibiotics in water and sediment of the Pearl River Estuary, South China. Chemosphere, 92(11), 1410–1416.",Sup 2013 Liang Table S8 sediment concentrations.,N_LIANG2013_PRE_SEDIMENT,Sup 2013 Ximei Liang ... .doc,https://doi.org/10.1016/j.chemosphere.2013.03.044,True
sediment,sediment,Guangdong,Pearl River Estuary C1,Ofloxacin,fluoroquinolones,3.37,,ng/g dw,2012,dry,"Liang, X., Chen, B., Nie, X., Shi, Z., Huang, X., Li, X., & Zeng, G. (2013). The distribution and partitioning of common antibiotics in water and sediment of the Pearl River Estuary, South China. Chemosphere, 92(11), 1410–1416.",Sup 2013 Liang Table S8 sediment concentrations.,N_LIANG2013_PRE_SEDIMENT,Sup 2013 Ximei Liang ... .doc,https://doi.org/10.1016/j.chemosphere.2013.03.044,True
sediment,sediment,Guangdong,Pearl River Estuary C1,Tetracycline,tetracyclines,1.91,,ng/g dw,2012,dry,"Liang, X., Chen, B., Nie, X., Shi, Z., Huang, X., Li, X., & Zeng, G. (2013). The distribution and partitioning of common antibiotics in water and sediment of the Pearl River Estuary, South China. Chemosphere, 92(11), 1410–1416.",Sup 2013 Liang Table S8 sediment concentrations.,N_LIANG2013_PRE_SEDIMENT,Sup 2013 Ximei Liang ... .doc,https://doi.org/10.1016/j.chemosphere.2013.03.044,True
sediment,sediment,Guangdong,Pearl River Estuary C1,Erythromycin-H2O,macrolides,2.51,,ng/g dw,2012,dry,"Liang, X., Chen, B., Nie, X., Shi, Z., Huang, X., Li, X., & Zeng, G. (2013). The distribution and partitioning of common antibiotics in water and sediment of the Pearl River Estuary, South China. Chemosphere, 92(11), 1410–1416.",Sup 2013 Liang Table S8 sediment concentrations.,N_LIANG2013_PRE_SEDIMENT,Sup 2013 Ximei Liang ... .doc,https://doi.org/10.1016/j.chemosphere.2013.03.044,True
sediment,sediment,Guangdong,Pearl River Estuary C1,Roxithromycin,macrolides,3.42,,ng/g dw,2012,dry,"Liang, X., Chen, B., Nie, X., Shi, Z., Huang, X., Li, X., & Zeng, G. (2013). The distribution and partitioning of common antibiotics in water and sediment of the Pearl River Estuary, South China. Chemosphere, 92(11), 1410–1416.",Sup 2013 Liang Table S8 sediment concentrations.,N_LIANG2013_PRE_SEDIMENT,Sup 2013 Ximei Liang ... .doc,https://doi.org/10.1016/j.chemosphere.2013.03.044,True
sediment,sediment,Guangdong,Pearl River Estuary C2,Norfloxacin,fluoroquinolones,4.82,,ng/g dw,2012,dry,"Liang, X., Chen, B., Nie, X., Shi, Z., Huang, X., Li, X., & Zeng, G. (2013). The distribution and partitioning of common antibiotics in water and sediment of the Pearl River Estuary, South China. Chemosphere, 92(11), 1410–1416.",Sup 2013 Liang Table S8 sediment concentrations.,N_LIANG2013_PRE_SEDIMENT,Sup 2013 Ximei Liang ... .doc,https://doi.org/10.1016/j.chemosphere.2013.03.044,True
sediment,sediment,Guangdong,Pearl River Estuary C2,Erythromycin-H2O,macrolides,1.76,,ng/g dw,2012,dry,"Liang, X., Chen, B., Nie, X., Shi, Z., Huang, X., Li, X., & Zeng, G. (2013). The distribution and partitioning of common antibiotics in water and sediment of the Pearl River Estuary, South China. Chemosphere, 92(11), 1410–1416.",Sup 2013 Liang Table S8 sediment concentrations.,N_LIANG2013_PRE_SEDIMENT,Sup 2013 Ximei Liang ... .doc,https://doi.org/10.1016/j.chemosphere.2013.03.044,True
sediment,sediment,Guangdong,Pearl River Estuary C3,Norfloxacin,fluoroquinolones,3.7,,ng/g dw,2012,dry,"Liang, X., Chen, B., Nie, X., Shi, Z., Huang, X., Li, X., & Zeng, G. (2013). The distribution and partitioning of common antibiotics in water and sediment of the Pearl River Estuary, South China. Chemosphere, 92(11), 1410–1416.",Sup 2013 Liang Table S8 sediment concentrations.,N_LIANG2013_PRE_SEDIMENT,Sup 2013 Ximei Liang ... .doc,https://doi.org/10.1016/j.chemosphere.2013.03.044,True
sediment,sediment,Guangdong,Pearl River Estuary C3,Ofloxacin,fluoroquinolones,1.14,,ng/g dw,2012,dry,"Liang, X., Chen, B., Nie, X., Shi, Z., Huang, X., Li, X., & Zeng, G. (2013). The distribution and partitioning of common antibiotics in water and sediment of the Pearl River Estuary, South China. Chemosphere, 92(11), 1410–1416.",Sup 2013 Liang Table S8 sediment concentrations.,N_LIANG2013_PRE_SEDIMENT,Sup 2013 Ximei Liang ... .doc,https://doi.org/10.1016/j.chemosphere.2013.03.044,True
sediment,sediment,Guangdong,Pearl River Estuary C3,Tetracycline,tetracyclines,0.61,,ng/g dw,2012,dry,"Liang, X., Chen, B., Nie, X., Shi, Z., Huang, X., Li, X., & Zeng, G. (2013). The distribution and partitioning of common antibiotics in water and sediment of the Pearl River Estuary, South China. Chemosphere, 92(11), 1410–1416.",Sup 2013 Liang Table S8 sediment concentrations.,N_LIANG2013_PRE_SEDIMENT,Sup 2013 Ximei Liang ... .doc,https://doi.org/10.1016/j.chemosphere.2013.03.044,True
sediment,sediment,Guangdong,Pearl River Estuary A1,Sulfamethazine,sulfonamides,1.83,,ng/g dw,2012,wet,"Liang, X., Chen, B., Nie, X., Shi, Z., Huang, X., Li, X., & Zeng, G. (2013). The distribution and partitioning of common antibiotics in water and sediment of the Pearl River Estuary, South China. Chemosphere, 92(11), 1410–1416.",Sup 2013 Liang Table S10 sediment concentrations.,N_LIANG2013_PRE_SEDIMENT,Sup 2013 Ximei Liang ... .doc,https://doi.org/10.1016/j.chemosphere.2013.03.044,True
sediment,sediment,Guangdong,Pearl River Estuary A1,Norfloxacin,fluoroquinolones,18.3,,ng/g dw,2012,wet,"Liang, X., Chen, B., Nie, X., Shi, Z., Huang, X., Li, X., & Zeng, G. (2013). The distribution and partitioning of common antibiotics in water and sediment of the Pearl River Estuary, South China. Chemosphere, 92(11), 1410–1416.",Sup 2013 Liang Table S10 sediment concentrations.,N_LIANG2013_PRE_SEDIMENT,Sup 2013 Ximei Liang ... .doc,https://doi.org/10.1016/j.chemosphere.2013.03.044,True
sediment,sediment,Guangdong,Pearl River Estuary A1,Ofloxacin,fluoroquinolones,13.7,,ng/g dw,2012,wet,"Liang, X., Chen, B., Nie, X., Shi, Z., Huang, X., Li, X., & Zeng, G. (2013). The distribution and partitioning of common antibiotics in water and sediment of the Pearl River Estuary, South China. Chemosphere, 92(11), 1410–1416.",Sup 2013 Liang Table S10 sediment concentrations.,N_LIANG2013_PRE_SEDIMENT,Sup 2013 Ximei Liang ... .doc,https://doi.org/10.1016/j.chemosphere.2013.03.044,True
sediment,sediment,Guangdong,Pearl River Estuary A1,Enrofloxacin,fluoroquinolones,1.03,,ng/g dw,2012,wet,"Liang, X., Chen, B., Nie, X., Shi, Z., Huang, X., Li, X., & Zeng, G. (2013). The distribution and partitioning of common antibiotics in water and sediment of the Pearl River Estuary, South China. Chemosphere, 92(11), 1410–1416.",Sup 2013 Liang Table S10 sediment concentrations.,N_LIANG2013_PRE_SEDIMENT,Sup 2013 Ximei Liang ... .doc,https://doi.org/10.1016/j.chemosphere.2013.03.044,True
sediment,sediment,Guangdong,Pearl River Estuary A1,Tetracycline,tetracyclines,6.62,,ng/g dw,2012,wet,"Liang, X., Chen, B., Nie, X., Shi, Z., Huang, X., Li, X., & Zeng, G. (2013). The distribution and partitioning of common antibiotics in water and sediment of the Pearl River Estuary, South China. Chemosphere, 92(11), 1410–1416.",Sup 2013 Liang Table S10 sediment concentrations.,N_LIANG2013_PRE_SEDIMENT,Sup 2013 Ximei Liang ... .doc,https://doi.org/10.1016/j.chemosphere.2013.03.044,True
sediment,sediment,Guangdong,Pearl River Estuary A1,Erythromycin-H2O,macrolides,14.0,,ng/g dw,2012,wet,"Liang, X., Chen, B., Nie, X., Shi, Z., Huang, X., Li, X., & Zeng, G. (2013). The distribution and partitioning of common antibiotics in water and sediment of the Pearl River Estuary, South China. Chemosphere, 92(11), 1410–1416.",Sup 2013 Liang Table S10 sediment concentrations.,N_LIANG2013_PRE_SEDIMENT,Sup 2013 Ximei Liang ... .doc,https://doi.org/10.1016/j.chemosphere.2013.03.044,True
sediment,sediment,Guangdong,Pearl River Estuary A1,Roxithromycin,macrolides,13.5,,ng/g dw,2012,wet,"Liang, X., Chen, B., Nie, X., Shi, Z., Huang, X., Li, X., & Zeng, G. (2013). The distribution and partitioning of common antibiotics in water and sediment of the Pearl River Estuary, South China. Chemosphere, 92(11), 1410–1416.",Sup 2013 Liang Table S10 sediment concentrations.,N_LIANG2013_PRE_SEDIMENT,Sup 2013 Ximei Liang ... .doc,https://doi.org/10.1016/j.chemosphere.2013.03.044,True
sediment,sediment,Guangdong,Pearl River Estuary A2,Sulfamethazine,sulfonamides,0.98,,ng/g dw,2012,wet,"Liang, X., Chen, B., Nie, X., Shi, Z., Huang, X., Li, X., & Zeng, G. (2013). The distribution and partitioning of common antibiotics in water and sediment of the Pearl River Estuary, South China. Chemosphere, 92(11), 1410–1416.",Sup 2013 Liang Table S10 sediment concentrations.,N_LIANG2013_PRE_SEDIMENT,Sup 2013 Ximei Liang ... .doc,https://doi.org/10.1016/j.chemosphere.2013.03.044,True
sediment,sediment,Guangdong,Pearl River Estuary A2,Norfloxacin,fluoroquinolones,4.25,,ng/g dw,2012,wet,"Liang, X., Chen, B., Nie, X., Shi, Z., Huang, X., Li, X., & Zeng, G. (2013). The distribution and partitioning of common antibiotics in water and sediment of the Pearl River Estuary, South China. Chemosphere, 92(11), 1410–1416.",Sup 2013 Liang Table S10 sediment concentrations.,N_LIANG2013_PRE_SEDIMENT,Sup 2013 Ximei Liang ... .doc,https://doi.org/10.1016/j.chemosphere.2013.03.044,True
sediment,sediment,Guangdong,Pearl River Estuary A2,Ofloxacin,fluoroquinolones,2.1,,ng/g dw,2012,wet,"Liang, X., Chen, B., Nie, X., Shi, Z., Huang, X., Li, X., & Zeng, G. (2013). The distribution and partitioning of common antibiotics in water and sediment of the Pearl River Estuary, South China. Chemosphere, 92(11), 1410–1416.",Sup 2013 Liang Table S10 sediment concentrations.,N_LIANG2013_PRE_SEDIMENT,Sup 2013 Ximei Liang ... .doc,https://doi.org/10.1016/j.chemosphere.2013.03.044,True
sediment,sediment,Guangdong,Pearl River Estuary A2,Tetracycline,tetracyclines,1.43,,ng/g dw,2012,wet,"Liang, X., Chen, B., Nie, X., Shi, Z., Huang, X., Li, X., & Zeng, G. (2013). The distribution and partitioning of common antibiotics in water and sediment of the Pearl River Estuary, South China. Chemosphere, 92(11), 1410–1416.",Sup 2013 Liang Table S10 sediment concentrations.,N_LIANG2013_PRE_SEDIMENT,Sup 2013 Ximei Liang ... .doc,https://doi.org/10.1016/j.chemosphere.2013.03.044,True
sediment,sediment,Guangdong,Pearl River Estuary A2,Erythromycin-H2O,macrolides,1.2,,ng/g dw,2012,wet,"Liang, X., Chen, B., Nie, X., Shi, Z., Huang, X., Li, X., & Zeng, G. (2013). The distribution and partitioning of common antibiotics in water and sediment of the Pearl River Estuary, South China. Chemosphere, 92(11), 1410–1416.",Sup 2013 Liang Table S10 sediment concentrations.,N_LIANG2013_PRE_SEDIMENT,Sup 2013 Ximei Liang ... .doc,https://doi.org/10.1016/j.chemosphere.2013.03.044,True
sediment,sediment,Guangdong,Pearl River Estuary A3,Sulfamethazine,sulfonamides,0.78,,ng/g dw,2012,wet,"Liang, X., Chen, B., Nie, X., Shi, Z., Huang, X., Li, X., & Zeng, G. (2013). The distribution and partitioning of common antibiotics in water and sediment of the Pearl River Estuary, South China. Chemosphere, 92(11), 1410–1416.",Sup 2013 Liang Table S10 sediment concentrations.,N_LIANG2013_PRE_SEDIMENT,Sup 2013 Ximei Liang ... .doc,https://doi.org/10.1016/j.chemosphere.2013.03.044,True
sediment,sediment,Guangdong,Pearl River Estuary A3,Norfloxacin,fluoroquinolones,14.7,,ng/g dw,2012,wet,"Liang, X., Chen, B., Nie, X., Shi, Z., Huang, X., Li, X., & Zeng, G. (2013). The distribution and partitioning of common antibiotics in water and sediment of the Pearl River Estuary, South China. Chemosphere, 92(11), 1410–1416.",Sup 2013 Liang Table S10 sediment concentrations.,N_LIANG2013_PRE_SEDIMENT,Sup 2013 Ximei Liang ... .doc,https://doi.org/10.1016/j.chemosphere.2013.03.044,True
sediment,sediment,Guangdong,Pearl River Estuary A3,Tetracycline,tetracyclines,1.04,,ng/g dw,2012,wet,"Liang, X., Chen, B., Nie, X., Shi, Z., Huang, X., Li, X., & Zeng, G. (2013). The distribution and partitioning of common antibiotics in water and sediment of the Pearl River Estuary, South China. Chemosphere, 92(11), 1410–1416.",Sup 2013 Liang Table S10 sediment concentrations.,N_LIANG2013_PRE_SEDIMENT,Sup 2013 Ximei Liang ... .doc,https://doi.org/10.1016/j.chemosphere.2013.03.044,True
sediment,sediment,Guangdong,Pearl River Estuary A3,Erythromycin-H2O,macrolides,1.5,,ng/g dw,2012,wet,"Liang, X., Chen, B., Nie, X., Shi, Z., Huang, X., Li, X., & Zeng, G. (2013). The distribution and partitioning of common antibiotics in water and sediment of the Pearl River Estuary, South China. Chemosphere, 92(11), 1410–1416.",Sup 2013 Liang Table S10 sediment concentrations.,N_LIANG2013_PRE_SEDIMENT,Sup 2013 Ximei Liang ... .doc,https://doi.org/10.1016/j.chemosphere.2013.03.044,True
sediment,sediment,Guangdong,Pearl River Estuary A4,Sulfamethazine,sulfonamides,0.44,,ng/g dw,2012,wet,"Liang, X., Chen, B., Nie, X., Shi, Z., Huang, X., Li, X., & Zeng, G. (2013). The distribution and partitioning of common antibiotics in water and sediment of the Pearl River Estuary, South China. Chemosphere, 92(11), 1410–1416.",Sup 2013 Liang Table S10 sediment concentrations.,N_LIANG2013_PRE_SEDIMENT,Sup 2013 Ximei Liang ... .doc,https://doi.org/10.1016/j.chemosphere.2013.03.044,True
sediment,sediment,Guangdong,Pearl River Estuary A4,Erythromycin-H2O,macrolides,0.83,,ng/g dw,2012,wet,"Liang, X., Chen, B., Nie, X., Shi, Z., Huang, X., Li, X., & Zeng, G. (2013). The distribution and partitioning of common antibiotics in water and sediment of the Pearl River Estuary, South China. Chemosphere, 92(11), 1410–1416.",Sup 2013 Liang Table S10 sediment concentrations.,N_LIANG2013_PRE_SEDIMENT,Sup 2013 Ximei Liang ... .doc,https://doi.org/10.1016/j.chemosphere.2013.03.044,True
sediment,sediment,Guangdong,Pearl River Estuary A5,Sulfamethazine,sulfonamides,0.47,,ng/g dw,2012,wet,"Liang, X., Chen, B., Nie, X., Shi, Z., Huang, X., Li, X., & Zeng, G. (2013). The distribution and partitioning of common antibiotics in water and sediment of the Pearl River Estuary, South China. Chemosphere, 92(11), 1410–1416.",Sup 2013 Liang Table S10 sediment concentrations.,N_LIANG2013_PRE_SEDIMENT,Sup 2013 Ximei Liang ... .doc,https://doi.org/10.1016/j.chemosphere.2013.03.044,True
sediment,sediment,Guangdong,Pearl River Estuary A5,Norfloxacin,fluoroquinolones,4.74,,ng/g dw,2012,wet,"Liang, X., Chen, B., Nie, X., Shi, Z., Huang, X., Li, X., & Zeng, G. (2013). The distribution and partitioning of common antibiotics in water and sediment of the Pearl River Estuary, South China. Chemosphere, 92(11), 1410–1416.",Sup 2013 Liang Table S10 sediment concentrations.,N_LIANG2013_PRE_SEDIMENT,Sup 2013 Ximei Liang ... .doc,https://doi.org/10.1016/j.chemosphere.2013.03.044,True
sediment,sediment,Guangdong,Pearl River Estuary A5,Ofloxacin,fluoroquinolones,0.74,,ng/g dw,2012,wet,"Liang, X., Chen, B., Nie, X., Shi, Z., Huang, X., Li, X., & Zeng, G. (2013). The distribution and partitioning of common antibiotics in water and sediment of the Pearl River Estuary, South China. Chemosphere, 92(11), 1410–1416.",Sup 2013 Liang Table S10 sediment concentrations.,N_LIANG2013_PRE_SEDIMENT,Sup 2013 Ximei Liang ... .doc,https://doi.org/10.1016/j.chemosphere.2013.03.044,True
sediment,sediment,Guangdong,Pearl River Estuary A5,Tetracycline,tetracyclines,0.64,,ng/g dw,2012,wet,"Liang, X., Chen, B., Nie, X., Shi, Z., Huang, X., Li, X., & Zeng, G. (2013). The distribution and partitioning of common antibiotics in water and sediment of the Pearl River Estuary, South China. Chemosphere, 92(11), 1410–1416.",Sup 2013 Liang Table S10 sediment concentrations.,N_LIANG2013_PRE_SEDIMENT,Sup 2013 Ximei Liang ... .doc,https://doi.org/10.1016/j.chemosphere.2013.03.044,True
sediment,sediment,Guangdong,Pearl River Estuary A5,Erythromycin-H2O,macrolides,0.83,,ng/g dw,2012,wet,"Liang, X., Chen, B., Nie, X., Shi, Z., Huang, X., Li, X., & Zeng, G. (2013). The distribution and partitioning of common antibiotics in water and sediment of the Pearl River Estuary, South China. Chemosphere, 92(11), 1410–1416.",Sup 2013 Liang Table S10 sediment concentrations.,N_LIANG2013_PRE_SEDIMENT,Sup 2013 Ximei Liang ... .doc,https://doi.org/10.1016/j.chemosphere.2013.03.044,True
sediment,sediment,Guangdong,Pearl River Estuary A6,Norfloxacin,fluoroquinolones,7.46,,ng/g dw,2012,wet,"Liang, X., Chen, B., Nie, X., Shi, Z., Huang, X., Li, X., & Zeng, G. (2013). The distribution and partitioning of common antibiotics in water and sediment of the Pearl River Estuary, South China. Chemosphere, 92(11), 1410–1416.",Sup 2013 Liang Table S10 sediment concentrations.,N_LIANG2013_PRE_SEDIMENT,Sup 2013 Ximei Liang ... .doc,https://doi.org/10.1016/j.chemosphere.2013.03.044,True
sediment,sediment,Guangdong,Pearl River Estuary A6,Erythromycin-H2O,macrolides,0.7,,ng/g dw,2012,wet,"Liang, X., Chen, B., Nie, X., Shi, Z., Huang, X., Li, X., & Zeng, G. (2013). The distribution and partitioning of common antibiotics in water and sediment of the Pearl River Estuary, South China. Chemosphere, 92(11), 1410–1416.",Sup 2013 Liang Table S10 sediment concentrations.,N_LIANG2013_PRE_SEDIMENT,Sup 2013 Ximei Liang ... .doc,https://doi.org/10.1016/j.chemosphere.2013.03.044,True
sediment,sediment,Guangdong,Pearl River Estuary A7,Norfloxacin,fluoroquinolones,5.73,,ng/g dw,2012,wet,"Liang, X., Chen, B., Nie, X., Shi, Z., Huang, X., Li, X., & Zeng, G. (2013). The distribution and partitioning of common antibiotics in water and sediment of the Pearl River Estuary, South China. Chemosphere, 92(11), 1410–1416.",Sup 2013 Liang Table S10 sediment concentrations.,N_LIANG2013_PRE_SEDIMENT,Sup 2013 Ximei Liang ... .doc,https://doi.org/10.1016/j.chemosphere.2013.03.044,True
sediment,sediment,Guangdong,Pearl River Estuary B1,Norfloxacin,fluoroquinolones,6.88,,ng/g dw,2012,wet,"Liang, X., Chen, B., Nie, X., Shi, Z., Huang, X., Li, X., & Zeng, G. (2013). The distribution and partitioning of common antibiotics in water and sediment of the Pearl River Estuary, South China. Chemosphere, 92(11), 1410–1416.",Sup 2013 Liang Table S10 sediment concentrations.,N_LIANG2013_PRE_SEDIMENT,Sup 2013 Ximei Liang ... .doc,https://doi.org/10.1016/j.chemosphere.2013.03.044,True
sediment,sediment,Guangdong,Pearl River Estuary B2,Norfloxacin,fluoroquinolones,5.89,,ng/g dw,2012,wet,"Liang, X., Chen, B., Nie, X., Shi, Z., Huang, X., Li, X., & Zeng, G. (2013). The distribution and partitioning of common antibiotics in water and sediment of the Pearl River Estuary, South China. Chemosphere, 92(11), 1410–1416.",Sup 2013 Liang Table S10 sediment concentrations.,N_LIANG2013_PRE_SEDIMENT,Sup 2013 Ximei Liang ... .doc,https://doi.org/10.1016/j.chemosphere.2013.03.044,True
sediment,sediment,Guangdong,Pearl River Estuary B3,Norfloxacin,fluoroquinolones,4.02,,ng/g dw,2012,wet,"Liang, X., Chen, B., Nie, X., Shi, Z., Huang, X., Li, X., & Zeng, G. (2013). The distribution and partitioning of common antibiotics in water and sediment of the Pearl River Estuary, South China. Chemosphere, 92(11), 1410–1416.",Sup 2013 Liang Table S10 sediment concentrations.,N_LIANG2013_PRE_SEDIMENT,Sup 2013 Ximei Liang ... .doc,https://doi.org/10.1016/j.chemosphere.2013.03.044,True
sediment,sediment,Guangdong,Pearl River Estuary B3,Erythromycin-H2O,macrolides,1.33,,ng/g dw,2012,wet,"Liang, X., Chen, B., Nie, X., Shi, Z., Huang, X., Li, X., & Zeng, G. (2013). The distribution and partitioning of common antibiotics in water and sediment of the Pearl River Estuary, South China. Chemosphere, 92(11), 1410–1416.",Sup 2013 Liang Table S10 sediment concentrations.,N_LIANG2013_PRE_SEDIMENT,Sup 2013 Ximei Liang ... .doc,https://doi.org/10.1016/j.chemosphere.2013.03.044,True
sediment,sediment,Guangdong,Pearl River Estuary B4,Norfloxacin,fluoroquinolones,6.79,,ng/g dw,2012,wet,"Liang, X., Chen, B., Nie, X., Shi, Z., Huang, X., Li, X., & Zeng, G. (2013). The distribution and partitioning of common antibiotics in water and sediment of the Pearl River Estuary, South China. Chemosphere, 92(11), 1410–1416.",Sup 2013 Liang Table S10 sediment concentrations.,N_LIANG2013_PRE_SEDIMENT,Sup 2013 Ximei Liang ... .doc,https://doi.org/10.1016/j.chemosphere.2013.03.044,True
sediment,sediment,Guangdong,Pearl River Estuary B4,Ofloxacin,fluoroquinolones,0.77,,ng/g dw,2012,wet,"Liang, X., Chen, B., Nie, X., Shi, Z., Huang, X., Li, X., & Zeng, G. (2013). The distribution and partitioning of common antibiotics in water and sediment of the Pearl River Estuary, South China. Chemosphere, 92(11), 1410–1416.",Sup 2013 Liang Table S10 sediment concentrations.,N_LIANG2013_PRE_SEDIMENT,Sup 2013 Ximei Liang ... .doc,https://doi.org/10.1016/j.chemosphere.2013.03.044,True
sediment,sediment,Guangdong,Pearl River Estuary B4,Erythromycin-H2O,macrolides,1.41,,ng/g dw,2012,wet,"Liang, X., Chen, B., Nie, X., Shi, Z., Huang, X., Li, X., & Zeng, G. (2013). The distribution and partitioning of common antibiotics in water and sediment of the Pearl River Estuary, South China. Chemosphere, 92(11), 1410–1416.",Sup 2013 Liang Table S10 sediment concentrations.,N_LIANG2013_PRE_SEDIMENT,Sup 2013 Ximei Liang ... .doc,https://doi.org/10.1016/j.chemosphere.2013.03.044,True
sediment,sediment,Guangdong,Pearl River Estuary C1,Norfloxacin,fluoroquinolones,7.66,,ng/g dw,2012,wet,"Liang, X., Chen, B., Nie, X., Shi, Z., Huang, X., Li, X., & Zeng, G. (2013). The distribution and partitioning of common antibiotics in water and sediment of the Pearl River Estuary, South China. Chemosphere, 92(11), 1410–1416.",Sup 2013 Liang Table S10 sediment concentrations.,N_LIANG2013_PRE_SEDIMENT,Sup 2013 Ximei Liang ... .doc,https://doi.org/10.1016/j.chemosphere.2013.03.044,True
sediment,sediment,Guangdong,Pearl River Estuary C1,Ofloxacin,fluoroquinolones,1.48,,ng/g dw,2012,wet,"Liang, X., Chen, B., Nie, X., Shi, Z., Huang, X., Li, X., & Zeng, G. (2013). The distribution and partitioning of common antibiotics in water and sediment of the Pearl River Estuary, South China. Chemosphere, 92(11), 1410–1416.",Sup 2013 Liang Table S10 sediment concentrations.,N_LIANG2013_PRE_SEDIMENT,Sup 2013 Ximei Liang ... .doc,https://doi.org/10.1016/j.chemosphere.2013.03.044,True
sediment,sediment,Guangdong,Pearl River Estuary C1,Tetracycline,tetracyclines,0.95,,ng/g dw,2012,wet,"Liang, X., Chen, B., Nie, X., Shi, Z., Huang, X., Li, X., & Zeng, G. (2013). The distribution and partitioning of common antibiotics in water and sediment of the Pearl River Estuary, South China. Chemosphere, 92(11), 1410–1416.",Sup 2013 Liang Table S10 sediment concentrations.,N_LIANG2013_PRE_SEDIMENT,Sup 2013 Ximei Liang ... .doc,https://doi.org/10.1016/j.chemosphere.2013.03.044,True
sediment,sediment,Guangdong,Pearl River Estuary C1,Erythromycin-H2O,macrolides,2.92,,ng/g dw,2012,wet,"Liang, X., Chen, B., Nie, X., Shi, Z., Huang, X., Li, X., & Zeng, G. (2013). The distribution and partitioning of common antibiotics in water and sediment of the Pearl River Estuary, South China. Chemosphere, 92(11), 1410–1416.",Sup 2013 Liang Table S10 sediment concentrations.,N_LIANG2013_PRE_SEDIMENT,Sup 2013 Ximei Liang ... .doc,https://doi.org/10.1016/j.chemosphere.2013.03.044,True
sediment,sediment,Guangdong,Pearl River Estuary C2,Norfloxacin,fluoroquinolones,2.61,,ng/g dw,2012,wet,"Liang, X., Chen, B., Nie, X., Shi, Z., Huang, X., Li, X., & Zeng, G. (2013). The distribution and partitioning of common antibiotics in water and sediment of the Pearl River Estuary, South China. Chemosphere, 92(11), 1410–1416.",Sup 2013 Liang Table S10 sediment concentrations.,N_LIANG2013_PRE_SEDIMENT,Sup 2013 Ximei Liang ... .doc,https://doi.org/10.1016/j.chemosphere.2013.03.044,True
sediment,sediment,Guangdong,Pearl River Estuary C2,Tetracycline,tetracyclines,0.71,,ng/g dw,2012,wet,"Liang, X., Chen, B., Nie, X., Shi, Z., Huang, X., Li, X., & Zeng, G. (2013). The distribution and partitioning of common antibiotics in water and sediment of the Pearl River Estuary, South China. Chemosphere, 92(11), 1410–1416.",Sup 2013 Liang Table S10 sediment concentrations.,N_LIANG2013_PRE_SEDIMENT,Sup 2013 Ximei Liang ... .doc,https://doi.org/10.1016/j.chemosphere.2013.03.044,True
sediment,sediment,Guangdong,Pearl River Estuary C3,Norfloxacin,fluoroquinolones,4.13,,ng/g dw,2012,wet,"Liang, X., Chen, B., Nie, X., Shi, Z., Huang, X., Li, X., & Zeng, G. (2013). The distribution and partitioning of common antibiotics in water and sediment of the Pearl River Estuary, South China. Chemosphere, 92(11), 1410–1416.",Sup 2013 Liang Table S10 sediment concentrations.,N_LIANG2013_PRE_SEDIMENT,Sup 2013 Ximei Liang ... .doc,https://doi.org/10.1016/j.chemosphere.2013.03.044,True
sediment,sediment,Jilin,,Ofloxacin,fluoroquinolones,6.4,13.9,ng/g dw,2018,,"Zhang, Q., Zhang, G., Liu, D., Zhang, X., Fang, R., Wang, L., ... & Li, S. (2022). A dataset of distribution of antibiotic occurrence in solid environmental matrices in China. Scientific Data, 9(1), 276.",Zhang_2022.xls (Records sheet). Extracted from ABX_conc_mean/ABX_conc_max with loc_l1-l4 metadata.,N4,Zhang_2022.xls,https://figshare.com/articles/dataset/A_dataset_of_distribution_of_antibiotic_occurrence_in_solid_environmental_matrices_in_China/19692241,True
sediment,sediment,Jilin,,Enrofloxacin,fluoroquinolones,6.8,13.7,ng/g dw,2018,,"Zhang, Q., Zhang, G., Liu, D., Zhang, X., Fang, R., Wang, L., ... & Li, S. (2022). A dataset of distribution of antibiotic occurrence in solid environmental matrices in China. Scientific Data, 9(1), 276.",Zhang_2022.xls (Records sheet). Extracted from ABX_conc_mean/ABX_conc_max with loc_l1-l4 metadata.,N4,Zhang_2022.xls,https://figshare.com/articles/dataset/A_dataset_of_distribution_of_antibiotic_occurrence_in_solid_environmental_matrices_in_China/19692241,True
sediment,sediment,Jilin,,Ciprofloxacin,fluoroquinolones,6.3,12.1,ng/g dw,2018,,"Zhang, Q., Zhang, G., Liu, D., Zhang, X., Fang, R., Wang, L., ... & Li, S. (2022). A dataset of distribution of antibiotic occurrence in solid environmental matrices in China. Scientific Data, 9(1), 276.",Zhang_2022.xls (Records sheet). Extracted from ABX_conc_mean/ABX_conc_max with loc_l1-l4 metadata.,N4,Zhang_2022.xls,https://figshare.com/articles/dataset/A_dataset_of_distribution_of_antibiotic_occurrence_in_solid_environmental_matrices_in_China/19692241,True
sediment,sediment,Jilin,,Erythromycin,macrolides,10.1,23.4,ng/g dw,2018,,"Zhang, Q., Zhang, G., Liu, D., Zhang, X., Fang, R., Wang, L., ... & Li, S. (2022). A dataset of distribution of antibiotic occurrence in solid environmental matrices in China. Scientific Data, 9(1), 276.",Zhang_2022.xls (Records sheet). Extracted from ABX_conc_mean/ABX_conc_max with loc_l1-l4 metadata.,N4,Zhang_2022.xls,https://figshare.com/articles/dataset/A_dataset_of_distribution_of_antibiotic_occurrence_in_solid_environmental_matrices_in_China/19692241,True
sediment,sediment,Jilin,,Florfenicol,other,6.6,16.4,ng/g dw,2018,,"Zhang, Q., Zhang, G., Liu, D., Zhang, X., Fang, R., Wang, L., ... & Li, S. (2022). A dataset of distribution of antibiotic occurrence in solid environmental matrices in China. Scientific Data, 9(1), 276.",Zhang_2022.xls (Records sheet). Extracted from ABX_conc_mean/ABX_conc_max with loc_l1-l4 metadata.,N4,Zhang_2022.xls,https://figshare.com/articles/dataset/A_dataset_of_distribution_of_antibiotic_occurrence_in_solid_environmental_matrices_in_China/19692241,True
sediment,sediment,Jilin,,Doxycycline,tetracyclines,2.2,7.7,ng/g dw,2018,,"Zhang, Q., Zhang, G., Liu, D., Zhang, X., Fang, R., Wang, L., ... & Li, S. (2022). A dataset of distribution of antibiotic occurrence in solid environmental matrices in China. Scientific Data, 9(1), 276.",Zhang_2022.xls (Records sheet). Extracted from ABX_conc_mean/ABX_conc_max with loc_l1-l4 metadata.,N4,Zhang_2022.xls,https://figshare.com/articles/dataset/A_dataset_of_distribution_of_antibiotic_occurrence_in_solid_environmental_matrices_in_China/19692241,True
sediment,sediment,Henan,"Xinyang, Shihe district",Ofloxacin,fluoroquinolones,3.2,,ng/g dw,2017,,"Zhang, Q., Zhang, G., Liu, D., Zhang, X., Fang, R., Wang, L., ... & Li, S. (2022). A dataset of distribution of antibiotic occurrence in solid environmental matrices in China. Scientific Data, 9(1), 276.",Zhang_2022.xls (Records sheet). Extracted from ABX_conc_mean/ABX_conc_max with loc_l1-l4 metadata.,N4,Zhang_2022.xls,https://figshare.com/articles/dataset/A_dataset_of_distribution_of_antibiotic_occurrence_in_solid_environmental_matrices_in_China/19692241,True
sediment,sediment,Henan,"Luoyang, Yanshi District",Ofloxacin,fluoroquinolones,9.0,,ng/g dw,2017,,"Zhang, Q., Zhang, G., Liu, D., Zhang, X., Fang, R., Wang, L., ... & Li, S. (2022). A dataset of distribution of antibiotic occurrence in solid environmental matrices in China. Scientific Data, 9(1), 276.",Zhang_2022.xls (Records sheet). Extracted from ABX_conc_mean/ABX_conc_max with loc_l1-l4 metadata.,N4,Zhang_2022.xls,https://figshare.com/articles/dataset/A_dataset_of_distribution_of_antibiotic_occurrence_in_solid_environmental_matrices_in_China/19692241,True
sediment,sediment,Henan,"Zhoukou, Shangshui County",Lomefloxacin,fluoroquinolones,9.2,,ng/g dw,2017,,"Zhang, Q., Zhang, G., Liu, D., Zhang, X., Fang, R., Wang, L., ... & Li, S. (2022). A dataset of distribution of antibiotic occurrence in solid environmental matrices in China. Scientific Data, 9(1), 276.",Zhang_2022.xls (Records sheet). Extracted from ABX_conc_mean/ABX_conc_max with loc_l1-l4 metadata.,N4,Zhang_2022.xls,https://figshare.com/articles/dataset/A_dataset_of_distribution_of_antibiotic_occurrence_in_solid_environmental_matrices_in_China/19692241,True
sediment,sediment,Henan,"Xinyang, Shihe district",Roxithromycin,macrolides,0.6,,ng/g dw,2017,,"Zhang, Q., Zhang, G., Liu, D., Zhang, X., Fang, R., Wang, L., ... & Li, S. (2022). A dataset of distribution of antibiotic occurrence in solid environmental matrices in China. Scientific Data, 9(1), 276.",Zhang_2022.xls (Records sheet). Extracted from ABX_conc_mean/ABX_conc_max with loc_l1-l4 metadata.,N4,Zhang_2022.xls,https://figshare.com/articles/dataset/A_dataset_of_distribution_of_antibiotic_occurrence_in_solid_environmental_matrices_in_China/19692241,True
sediment,sediment,Henan,"Zhengzhou, Erqi district",Roxithromycin,macrolides,0.6,,ng/g dw,2017,,"Zhang, Q., Zhang, G., Liu, D., Zhang, X., Fang, R., Wang, L., ... & Li, S. (2022). A dataset of distribution of antibiotic occurrence in solid environmental matrices in China. Scientific Data, 9(1), 276.",Zhang_2022.xls (Records sheet). Extracted from ABX_conc_mean/ABX_conc_max with loc_l1-l4 metadata.,N4,Zhang_2022.xls,https://figshare.com/articles/dataset/A_dataset_of_distribution_of_antibiotic_occurrence_in_solid_environmental_matrices_in_China/19692241,True
sediment,sediment,Henan,"Zhoukou, Shangshui County",Roxithromycin,macrolides,0.6,,ng/g dw,2017,,"Zhang, Q., Zhang, G., Liu, D., Zhang, X., Fang, R., Wang, L., ... & Li, S. (2022). A dataset of distribution of antibiotic occurrence in solid environmental matrices in China. Scientific Data, 9(1), 276.",Zhang_2022.xls (Records sheet). Extracted from ABX_conc_mean/ABX_conc_max with loc_l1-l4 metadata.,N4,Zhang_2022.xls,https://figshare.com/articles/dataset/A_dataset_of_distribution_of_antibiotic_occurrence_in_solid_environmental_matrices_in_China/19692241,True
sediment,sediment,Henan,"Luoyang, Yanshi District",Roxithromycin,macrolides,0.8,,ng/g dw,2017,,"Zhang, Q., Zhang, G., Liu, D., Zhang, X., Fang, R., Wang, L., ... & Li, S. (2022). A dataset of distribution of antibiotic occurrence in solid environmental matrices in China. Scientific Data, 9(1), 276.",Zhang_2022.xls (Records sheet). Extracted from ABX_conc_mean/ABX_conc_max with loc_l1-l4 metadata.,N4,Zhang_2022.xls,https://figshare.com/articles/dataset/A_dataset_of_distribution_of_antibiotic_occurrence_in_solid_environmental_matrices_in_China/19692241,True
soil,soil,Henan,Xinxiang,Sulfamethazine,sulfonamides,5.54,22.57,ng/g dw,2016,,"Zhang, Q., Zhang, G., Liu, D., Zhang, X., Fang, R., Wang, L., ... & Li, S. (2022). A dataset of distribution of antibiotic occurrence in solid environmental matrices in China. Scientific Data, 9(1), 276.",Zhang_2022.xls (Records sheet). Extracted from ABX_conc_mean/ABX_conc_max with loc_l1-l4 metadata.,N4,Zhang_2022.xls,https://figshare.com/articles/dataset/A_dataset_of_distribution_of_antibiotic_occurrence_in_solid_environmental_matrices_in_China/19692241,True
soil,soil,Henan,Xinxiang,Sulfamonomethoxine,sulfonamides,11.02,93.97,ng/g dw,2016,,"Zhang, Q., Zhang, G., Liu, D., Zhang, X., Fang, R., Wang, L., ... & Li, S. (2022). A dataset of distribution of antibiotic occurrence in solid environmental matrices in China. Scientific Data, 9(1), 276.",Zhang_2022.xls (Records sheet). Extracted from ABX_conc_mean/ABX_conc_max with loc_l1-l4 metadata.,N4,Zhang_2022.xls,https://figshare.com/articles/dataset/A_dataset_of_distribution_of_antibiotic_occurrence_in_solid_environmental_matrices_in_China/19692241,True
soil,soil,Henan,Xinxiang,Sulfadiazine,sulfonamides,54.17,104.63,ng/g dw,2016,,"Zhang, Q., Zhang, G., Liu, D., Zhang, X., Fang, R., Wang, L., ... & Li, S. (2022). A dataset of distribution of antibiotic occurrence in solid environmental matrices in China. Scientific Data, 9(1), 276.",Zhang_2022.xls (Records sheet). Extracted from ABX_conc_mean/ABX_conc_max with loc_l1-l4 metadata.,N4,Zhang_2022.xls,https://figshare.com/articles/dataset/A_dataset_of_distribution_of_antibiotic_occurrence_in_solid_environmental_matrices_in_China/19692241,True
soil,soil,Yunnan,Dali,Flumequine,fluoroquinolones,0.0933333333333333,5.13,ng/g dw,2020,,"Zhang, Q., Zhang, G., Liu, D., Zhang, X., Fang, R., Wang, L., ... & Li, S. (2022). A dataset of distribution of antibiotic occurrence in solid environmental matrices in China. Scientific Data, 9(1), 276.",Zhang_2022.xls (Records sheet). Extracted from ABX_conc_mean/ABX_conc_max with loc_l1-l4 metadata | sample_year set to 2020 based on source paper citation: Environ Pollut 267 (2020) 115539.,N4,Zhang_2022.xls,https://figshare.com/articles/dataset/A_dataset_of_distribution_of_antibiotic_occurrence_in_solid_environmental_matrices_in_China/19692241,True
soil,soil,Yunnan,Dali,Penicillin G,other,0.26,4.07,ng/g dw,2020,,"Zhang, Q., Zhang, G., Liu, D., Zhang, X., Fang, R., Wang, L., ... & Li, S. (2022). A dataset of distribution of antibiotic occurrence in solid environmental matrices in China. Scientific Data, 9(1), 276.",Zhang_2022.xls (Records sheet). Extracted from ABX_conc_mean/ABX_conc_max with loc_l1-l4 metadata | sample_year set to 2020 based on source paper citation: Environ Pollut 267 (2020) 115539.,N4,Zhang_2022.xls,https://figshare.com/articles/dataset/A_dataset_of_distribution_of_antibiotic_occurrence_in_solid_environmental_matrices_in_China/19692241,True
soil,soil,Yunnan,Dali,Sulfaquinoxaline,sulfonamides,0.0066666666666666,0.36,ng/g dw,2020,,"Zhang, Q., Zhang, G., Liu, D., Zhang, X., Fang, R., Wang, L., ... & Li, S. (2022). A dataset of distribution of antibiotic occurrence in solid environmental matrices in China. Scientific Data, 9(1), 276.",Zhang_2022.xls (Records sheet). Extracted from ABX_conc_mean/ABX_conc_max with loc_l1-l4 metadata | sample_year set to 2020 based on source paper citation: Environ Pollut 267 (2020) 115539.,N4,Zhang_2022.xls,https://figshare.com/articles/dataset/A_dataset_of_distribution_of_antibiotic_occurrence_in_solid_environmental_matrices_in_China/19692241,True
soil,soil,Yunnan,Dali,Sulfamonomethoxine,sulfonamides,0.0066666666666666,0.32,ng/g dw,2012,,"Zhang, Q., Zhang, G., Liu, D., Zhang, X., Fang, R., Wang, L., ... & Li, S. (2022). A dataset of distribution of antibiotic occurrence in solid environmental matrices in China. Scientific Data, 9(1), 276.",Zhang_2022.xls (Records sheet). Extracted from ABX_conc_mean/ABX_conc_max with loc_l1-l4 metadata.,N4,Zhang_2022.xls,https://figshare.com/articles/dataset/A_dataset_of_distribution_of_antibiotic_occurrence_in_solid_environmental_matrices_in_China/19692241,True
soil,soil,Yunnan,Dali,Tetracycline,tetracyclines,0.1733333333333333,11.57,ng/g dw,2012,,"Zhang, Q., Zhang, G., Liu, D., Zhang, X., Fang, R., Wang, L., ... & Li, S. (2022). A dataset of distribution of antibiotic occurrence in solid environmental matrices in China. Scientific Data, 9(1), 276.",Zhang_2022.xls (Records sheet). Extracted from ABX_conc_mean/ABX_conc_max with loc_l1-l4 metadata.,N4,Zhang_2022.xls,https://figshare.com/articles/dataset/A_dataset_of_distribution_of_antibiotic_occurrence_in_solid_environmental_matrices_in_China/19692241,True
soil,soil,Yunnan,Dali,Oxytetracycline,tetracyclines,1.6133333333333333,74.66,ng/g dw,2020,,"Zhang, Q., Zhang, G., Liu, D., Zhang, X., Fang, R., Wang, L., ... & Li, S. (2022). A dataset of distribution of antibiotic occurrence in solid environmental matrices in China. Scientific Data, 9(1), 276.",Zhang_2022.xls (Records sheet). Extracted from ABX_conc_mean/ABX_conc_max with loc_l1-l4 metadata.,N4,Zhang_2022.xls,https://figshare.com/articles/dataset/A_dataset_of_distribution_of_antibiotic_occurrence_in_solid_environmental_matrices_in_China/19692241,True
soil,soil,Yunnan,Dali,Doxycycline,tetracyclines,15.300000000000002,772.58,ng/g dw,2012,,"Zhang, Q., Zhang, G., Liu, D., Zhang, X., Fang, R., Wang, L., ... & Li, S. (2022). A dataset of distribution of antibiotic occurrence in solid environmental matrices in China. Scientific Data, 9(1), 276.",Zhang_2022.xls (Records sheet). Extracted from ABX_conc_mean/ABX_conc_max with loc_l1-l4 metadata.,N4,Zhang_2022.xls,https://figshare.com/articles/dataset/A_dataset_of_distribution_of_antibiotic_occurrence_in_solid_environmental_matrices_in_China/19692241,True
soil,soil,Yunnan,Dali,Chlortetracycline,tetracyclines,7.906666666666666,305.56,ng/g dw,2012,,"Zhang, Q., Zhang, G., Liu, D., Zhang, X., Fang, R., Wang, L., ... & Li, S. (2022). A dataset of distribution of antibiotic occurrence in solid environmental matrices in China. Scientific Data, 9(1), 276.",Zhang_2022.xls (Records sheet). Extracted from ABX_conc_mean/ABX_conc_max with loc_l1-l4 metadata.,N4,Zhang_2022.xls,https://figshare.com/articles/dataset/A_dataset_of_distribution_of_antibiotic_occurrence_in_solid_environmental_matrices_in_China/19692241,True
soil,soil,Henan,"Luoyang, Laocheng district",Ofloxacin,fluoroquinolones,0.0,,ng/g dw,2020,,"Zhang, Q., Zhang, G., Liu, D., Zhang, X., Fang, R., Wang, L., ... & Li, S. (2022). A dataset of distribution of antibiotic occurrence in solid environmental matrices in China. Scientific Data, 9(1), 276.",Zhang_2022.xls (Records sheet). Extracted from ABX_conc_mean/ABX_conc_max with loc_l1-l4 metadata.,N4,Zhang_2022.xls,https://figshare.com/articles/dataset/A_dataset_of_distribution_of_antibiotic_occurrence_in_solid_environmental_matrices_in_China/19692241,True
soil,soil,Jilin,"Changchun, Gongzhuling",Ofloxacin,fluoroquinolones,298.3,,ng/g dw,2020,,"Zhang, Q., Zhang, G., Liu, D., Zhang, X., Fang, R., Wang, L., ... & Li, S. (2022). A dataset of distribution of antibiotic occurrence in solid environmental matrices in China. Scientific Data, 9(1), 276.",Zhang_2022.xls (Records sheet). Extracted from ABX_conc_mean/ABX_conc_max with loc_l1-l4 metadata.,N4,Zhang_2022.xls,https://figshare.com/articles/dataset/A_dataset_of_distribution_of_antibiotic_occurrence_in_solid_environmental_matrices_in_China/19692241,True
soil,soil,Henan,"Luoyang, Laocheng district",Norfloxacin,fluoroquinolones,0.0,,ng/g dw,2020,,"Zhang, Q., Zhang, G., Liu, D., Zhang, X., Fang, R., Wang, L., ... & Li, S. (2022). A dataset of distribution of antibiotic occurrence in solid environmental matrices in China. Scientific Data, 9(1), 276.",Zhang_2022.xls (Records sheet). Extracted from ABX_conc_mean/ABX_conc_max with loc_l1-l4 metadata.,N4,Zhang_2022.xls,https://figshare.com/articles/dataset/A_dataset_of_distribution_of_antibiotic_occurrence_in_solid_environmental_matrices_in_China/19692241,True
soil,soil,Jilin,"Changchun, Gongzhuling",Norfloxacin,fluoroquinolones,0.0,,ng/g dw,2020,,"Zhang, Q., Zhang, G., Liu, D., Zhang, X., Fang, R., Wang, L., ... & Li, S. (2022). A dataset of distribution of antibiotic occurrence in solid environmental matrices in China. Scientific Data, 9(1), 276.",Zhang_2022.xls (Records sheet). Extracted from ABX_conc_mean/ABX_conc_max with loc_l1-l4 metadata.,N4,Zhang_2022.xls,https://figshare.com/articles/dataset/A_dataset_of_distribution_of_antibiotic_occurrence_in_solid_environmental_matrices_in_China/19692241,True
soil,soil,Henan,"Luoyang, Laocheng district",Enrofloxacin,fluoroquinolones,318.0,,ng/g dw,2020,,"Zhang, Q., Zhang, G., Liu, D., Zhang, X., Fang, R., Wang, L., ... & Li, S. (2022). A dataset of distribution of antibiotic occurrence in solid environmental matrices in China. Scientific Data, 9(1), 276.",Zhang_2022.xls (Records sheet). Extracted from ABX_conc_mean/ABX_conc_max with loc_l1-l4 metadata.,N4,Zhang_2022.xls,https://figshare.com/articles/dataset/A_dataset_of_distribution_of_antibiotic_occurrence_in_solid_environmental_matrices_in_China/19692241,True
soil,soil,Jilin,"Changchun, Gongzhuling",Enrofloxacin,fluoroquinolones,0.0,,ng/g dw,2020,,"Zhang, Q., Zhang, G., Liu, D., Zhang, X., Fang, R., Wang, L., ... & Li, S. (2022). A dataset of distribution of antibiotic occurrence in solid environmental matrices in China. Scientific Data, 9(1), 276.",Zhang_2022.xls (Records sheet). Extracted from ABX_conc_mean/ABX_conc_max with loc_l1-l4 metadata.,N4,Zhang_2022.xls,https://figshare.com/articles/dataset/A_dataset_of_distribution_of_antibiotic_occurrence_in_solid_environmental_matrices_in_China/19692241,True
soil,soil,Henan,"Luoyang, Laocheng district",Ciprofloxacin,fluoroquinolones,0.0,,ng/g dw,2020,,"Zhang, Q., Zhang, G., Liu, D., Zhang, X., Fang, R., Wang, L., ... & Li, S. (2022). A dataset of distribution of antibiotic occurrence in solid environmental matrices in China. Scientific Data, 9(1), 276.",Zhang_2022.xls (Records sheet). Extracted from ABX_conc_mean/ABX_conc_max with loc_l1-l4 metadata.,N4,Zhang_2022.xls,https://figshare.com/articles/dataset/A_dataset_of_distribution_of_antibiotic_occurrence_in_solid_environmental_matrices_in_China/19692241,True
soil,soil,Jilin,"Changchun, Gongzhuling",Ciprofloxacin,fluoroquinolones,0.0,,ng/g dw,2020,,"Zhang, Q., Zhang, G., Liu, D., Zhang, X., Fang, R., Wang, L., ... & Li, S. (2022). A dataset of distribution of antibiotic occurrence in solid environmental matrices in China. Scientific Data, 9(1), 276.",Zhang_2022.xls (Records sheet). Extracted from ABX_conc_mean/ABX_conc_max with loc_l1-l4 metadata.,N4,Zhang_2022.xls,https://figshare.com/articles/dataset/A_dataset_of_distribution_of_antibiotic_occurrence_in_solid_environmental_matrices_in_China/19692241,True
soil,soil,Henan,"Luoyang, Laocheng district",Tylosin,macrolides,3170.0,,ng/g dw,2020,,"Zhang, Q., Zhang, G., Liu, D., Zhang, X., Fang, R., Wang, L., ... & Li, S. (2022). A dataset of distribution of antibiotic occurrence in solid environmental matrices in China. Scientific Data, 9(1), 276.",Zhang_2022.xls (Records sheet). Extracted from ABX_conc_mean/ABX_conc_max with loc_l1-l4 metadata.,N4,Zhang_2022.xls,https://figshare.com/articles/dataset/A_dataset_of_distribution_of_antibiotic_occurrence_in_solid_environmental_matrices_in_China/19692241,True
soil,soil,Jilin,"Changchun, Gongzhuling",Tylosin,macrolides,0.0,,ng/g dw,2020,,"Zhang, Q., Zhang, G., Liu, D., Zhang, X., Fang, R., Wang, L., ... & Li, S. (2022). A dataset of distribution of antibiotic occurrence in solid environmental matrices in China. Scientific Data, 9(1), 276.",Zhang_2022.xls (Records sheet). Extracted from ABX_conc_mean/ABX_conc_max with loc_l1-l4 metadata.,N4,Zhang_2022.xls,https://figshare.com/articles/dataset/A_dataset_of_distribution_of_antibiotic_occurrence_in_solid_environmental_matrices_in_China/19692241,True
soil,soil,Henan,"Luoyang, Laocheng district",Erythromycin,macrolides,0.0,,ng/g dw,2020,,"Zhang, Q., Zhang, G., Liu, D., Zhang, X., Fang, R., Wang, L., ... & Li, S. (2022). A dataset of distribution of antibiotic occurrence in solid environmental matrices in China. Scientific Data, 9(1), 276.",Zhang_2022.xls (Records sheet). Extracted from ABX_conc_mean/ABX_conc_max with loc_l1-l4 metadata.,N4,Zhang_2022.xls,https://figshare.com/articles/dataset/A_dataset_of_distribution_of_antibiotic_occurrence_in_solid_environmental_matrices_in_China/19692241,True
soil,soil,Jilin,"Changchun, Gongzhuling",Erythromycin,macrolides,0.0,,ng/g dw,2020,,"Zhang, Q., Zhang, G., Liu, D., Zhang, X., Fang, R., Wang, L., ... & Li, S. (2022). A dataset of distribution of antibiotic occurrence in solid environmental matrices in China. Scientific Data, 9(1), 276.",Zhang_2022.xls (Records sheet). Extracted from ABX_conc_mean/ABX_conc_max with loc_l1-l4 metadata.,N4,Zhang_2022.xls,https://figshare.com/articles/dataset/A_dataset_of_distribution_of_antibiotic_occurrence_in_solid_environmental_matrices_in_China/19692241,True
soil,soil,Henan,"Luoyang, Laocheng district",Sulfathiazole,sulfonamides,0.0,,ng/g dw,2020,,"Zhang, Q., Zhang, G., Liu, D., Zhang, X., Fang, R., Wang, L., ... & Li, S. (2022). A dataset of distribution of antibiotic occurrence in solid environmental matrices in China. Scientific Data, 9(1), 276.",Zhang_2022.xls (Records sheet). Extracted from ABX_conc_mean/ABX_conc_max with loc_l1-l4 metadata.,N4,Zhang_2022.xls,https://figshare.com/articles/dataset/A_dataset_of_distribution_of_antibiotic_occurrence_in_solid_environmental_matrices_in_China/19692241,True
soil,soil,Jilin,"Changchun, Gongzhuling",Sulfathiazole,sulfonamides,0.0,,ng/g dw,2020,,"Zhang, Q., Zhang, G., Liu, D., Zhang, X., Fang, R., Wang, L., ... & Li, S. (2022). A dataset of distribution of antibiotic occurrence in solid environmental matrices in China. Scientific Data, 9(1), 276.",Zhang_2022.xls (Records sheet). Extracted from ABX_conc_mean/ABX_conc_max with loc_l1-l4 metadata.,N4,Zhang_2022.xls,https://figshare.com/articles/dataset/A_dataset_of_distribution_of_antibiotic_occurrence_in_solid_environmental_matrices_in_China/19692241,True
soil,soil,Henan,"Luoyang, Laocheng district",Sulfamethoxazole,sulfonamides,0.0,,ng/g dw,2020,,"Zhang, Q., Zhang, G., Liu, D., Zhang, X., Fang, R., Wang, L., ... & Li, S. (2022). A dataset of distribution of antibiotic occurrence in solid environmental matrices in China. Scientific Data, 9(1), 276.",Zhang_2022.xls (Records sheet). Extracted from ABX_conc_mean/ABX_conc_max with loc_l1-l4 metadata.,N4,Zhang_2022.xls,https://figshare.com/articles/dataset/A_dataset_of_distribution_of_antibiotic_occurrence_in_solid_environmental_matrices_in_China/19692241,True
soil,soil,Jilin,"Changchun, Gongzhuling",Sulfamethoxazole,sulfonamides,0.0,,ng/g dw,2020,,"Zhang, Q., Zhang, G., Liu, D., Zhang, X., Fang, R., Wang, L., ... & Li, S. (2022). A dataset of distribution of antibiotic occurrence in solid environmental matrices in China. Scientific Data, 9(1), 276.",Zhang_2022.xls (Records sheet). Extracted from ABX_conc_mean/ABX_conc_max with loc_l1-l4 metadata.,N4,Zhang_2022.xls,https://figshare.com/articles/dataset/A_dataset_of_distribution_of_antibiotic_occurrence_in_solid_environmental_matrices_in_China/19692241,True
soil,soil,Henan,"Luoyang, Laocheng district",Sulfamonomethoxine,sulfonamides,0.0,,ng/g dw,2020,,"Zhang, Q., Zhang, G., Liu, D., Zhang, X., Fang, R., Wang, L., ... & Li, S. (2022). A dataset of distribution of antibiotic occurrence in solid environmental matrices in China. Scientific Data, 9(1), 276.",Zhang_2022.xls (Records sheet). Extracted from ABX_conc_mean/ABX_conc_max with loc_l1-l4 metadata.,N4,Zhang_2022.xls,https://figshare.com/articles/dataset/A_dataset_of_distribution_of_antibiotic_occurrence_in_solid_environmental_matrices_in_China/19692241,True
soil,soil,Jilin,"Changchun, Gongzhuling",Sulfamonomethoxine,sulfonamides,2.435,,ng/g dw,2020,,"Zhang, Q., Zhang, G., Liu, D., Zhang, X., Fang, R., Wang, L., ... & Li, S. (2022). A dataset of distribution of antibiotic occurrence in solid environmental matrices in China. Scientific Data, 9(1), 276.",Zhang_2022.xls (Records sheet). Extracted from ABX_conc_mean/ABX_conc_max with loc_l1-l4 metadata.,N4,Zhang_2022.xls,https://figshare.com/articles/dataset/A_dataset_of_distribution_of_antibiotic_occurrence_in_solid_environmental_matrices_in_China/19692241,True
soil,soil,Henan,"Luoyang, Laocheng district",Sulfamethoxydiazine,sulfonamides,0.0,,ng/g dw,2020,,"Zhang, Q., Zhang, G., Liu, D., Zhang, X., Fang, R., Wang, L., ... & Li, S. (2022). A dataset of distribution of antibiotic occurrence in solid environmental matrices in China. Scientific Data, 9(1), 276.",Zhang_2022.xls (Records sheet). Extracted from ABX_conc_mean/ABX_conc_max with loc_l1-l4 metadata.,N4,Zhang_2022.xls,https://figshare.com/articles/dataset/A_dataset_of_distribution_of_antibiotic_occurrence_in_solid_environmental_matrices_in_China/19692241,True
soil,soil,Jilin,"Changchun, Gongzhuling",Sulfamethoxydiazine,sulfonamides,0.0,,ng/g dw,2020,,"Zhang, Q., Zhang, G., Liu, D., Zhang, X., Fang, R., Wang, L., ... & Li, S. (2022). A dataset of distribution of antibiotic occurrence in solid environmental matrices in China. Scientific Data, 9(1), 276.",Zhang_2022.xls (Records sheet). Extracted from ABX_conc_mean/ABX_conc_max with loc_l1-l4 metadata.,N4,Zhang_2022.xls,https://figshare.com/articles/dataset/A_dataset_of_distribution_of_antibiotic_occurrence_in_solid_environmental_matrices_in_China/19692241,True
soil,soil,Henan,"Luoyang, Laocheng district",Sulfaguanidine,sulfonamides,399.0,,ng/g dw,2020,,"Zhang, Q., Zhang, G., Liu, D., Zhang, X., Fang, R., Wang, L., ... & Li, S. (2022). A dataset of distribution of antibiotic occurrence in solid environmental matrices in China. Scientific Data, 9(1), 276.",Zhang_2022.xls (Records sheet). Extracted from ABX_conc_mean/ABX_conc_max with loc_l1-l4 metadata.,N4,Zhang_2022.xls,https://figshare.com/articles/dataset/A_dataset_of_distribution_of_antibiotic_occurrence_in_solid_environmental_matrices_in_China/19692241,True
soil,soil,Jilin,"Changchun, Gongzhuling",Sulfaguanidine,sulfonamides,0.0,,ng/g dw,2020,,"Zhang, Q., Zhang, G., Liu, D., Zhang, X., Fang, R., Wang, L., ... & Li, S. (2022). A dataset of distribution of antibiotic occurrence in solid environmental matrices in China. Scientific Data, 9(1), 276.",Zhang_2022.xls (Records sheet). Extracted from ABX_conc_mean/ABX_conc_max with loc_l1-l4 metadata.,N4,Zhang_2022.xls,https://figshare.com/articles/dataset/A_dataset_of_distribution_of_antibiotic_occurrence_in_solid_environmental_matrices_in_China/19692241,True
soil,soil,Henan,"Luoyang, Laocheng district",Sulfadiazine,sulfonamides,0.0,,ng/g dw,2020,,"Zhang, Q., Zhang, G., Liu, D., Zhang, X., Fang, R., Wang, L., ... & Li, S. (2022). A dataset of distribution of antibiotic occurrence in solid environmental matrices in China. Scientific Data, 9(1), 276.",Zhang_2022.xls (Records sheet). Extracted from ABX_conc_mean/ABX_conc_max with loc_l1-l4 metadata.,N4,Zhang_2022.xls,https://figshare.com/articles/dataset/A_dataset_of_distribution_of_antibiotic_occurrence_in_solid_environmental_matrices_in_China/19692241,True
soil,soil,Jilin,"Changchun, Gongzhuling",Sulfadiazine,sulfonamides,0.0,,ng/g dw,2020,,"Zhang, Q., Zhang, G., Liu, D., Zhang, X., Fang, R., Wang, L., ... & Li, S. (2022). A dataset of distribution of antibiotic occurrence in solid environmental matrices in China. Scientific Data, 9(1), 276.",Zhang_2022.xls (Records sheet). Extracted from ABX_conc_mean/ABX_conc_max with loc_l1-l4 metadata.,N4,Zhang_2022.xls,https://figshare.com/articles/dataset/A_dataset_of_distribution_of_antibiotic_occurrence_in_solid_environmental_matrices_in_China/19692241,True
soil,soil,Henan,"Luoyang, Laocheng district",Sulfadimidine,sulfonamides,0.0,,ng/g dw,2020,,"Zhang, Q., Zhang, G., Liu, D., Zhang, X., Fang, R., Wang, L., ... & Li, S. (2022). A dataset of distribution of antibiotic occurrence in solid environmental matrices in China. Scientific Data, 9(1), 276.",Zhang_2022.xls (Records sheet). Extracted from ABX_conc_mean/ABX_conc_max with loc_l1-l4 metadata.,N4,Zhang_2022.xls,https://figshare.com/articles/dataset/A_dataset_of_distribution_of_antibiotic_occurrence_in_solid_environmental_matrices_in_China/19692241,True
soil,soil,Jilin,"Changchun, Gongzhuling",Sulfadimidine,sulfonamides,0.0,,ng/g dw,2020,,"Zhang, Q., Zhang, G., Liu, D., Zhang, X., Fang, R., Wang, L., ... & Li, S. (2022). A dataset of distribution of antibiotic occurrence in solid environmental matrices in China. Scientific Data, 9(1), 276.",Zhang_2022.xls (Records sheet). Extracted from ABX_conc_mean/ABX_conc_max with loc_l1-l4 metadata.,N4,Zhang_2022.xls,https://figshare.com/articles/dataset/A_dataset_of_distribution_of_antibiotic_occurrence_in_solid_environmental_matrices_in_China/19692241,True
soil,soil,Henan,"Luoyang, Laocheng district",Sulfadimethoxine,sulfonamides,0.0,,ng/g dw,2020,,"Zhang, Q., Zhang, G., Liu, D., Zhang, X., Fang, R., Wang, L., ... & Li, S. (2022). A dataset of distribution of antibiotic occurrence in solid environmental matrices in China. Scientific Data, 9(1), 276.",Zhang_2022.xls (Records sheet). Extracted from ABX_conc_mean/ABX_conc_max with loc_l1-l4 metadata.,N4,Zhang_2022.xls,https://figshare.com/articles/dataset/A_dataset_of_distribution_of_antibiotic_occurrence_in_solid_environmental_matrices_in_China/19692241,True
soil,soil,Jilin,"Changchun, Gongzhuling",Sulfadimethoxine,sulfonamides,0.0,,ng/g dw,2020,,"Zhang, Q., Zhang, G., Liu, D., Zhang, X., Fang, R., Wang, L., ... & Li, S. (2022). A dataset of distribution of antibiotic occurrence in solid environmental matrices in China. Scientific Data, 9(1), 276.",Zhang_2022.xls (Records sheet). Extracted from ABX_conc_mean/ABX_conc_max with loc_l1-l4 metadata.,N4,Zhang_2022.xls,https://figshare.com/articles/dataset/A_dataset_of_distribution_of_antibiotic_occurrence_in_solid_environmental_matrices_in_China/19692241,True
soil,soil,Henan,"Luoyang, Laocheng district",Tetracycline,tetracyclines,0.0,,ng/g dw,2020,,"Zhang, Q., Zhang, G., Liu, D., Zhang, X., Fang, R., Wang, L., ... & Li, S. (2022). A dataset of distribution of antibiotic occurrence in solid environmental matrices in China. Scientific Data, 9(1), 276.",Zhang_2022.xls (Records sheet). Extracted from ABX_conc_mean/ABX_conc_max with loc_l1-l4 metadata.,N4,Zhang_2022.xls,https://figshare.com/articles/dataset/A_dataset_of_distribution_of_antibiotic_occurrence_in_solid_environmental_matrices_in_China/19692241,True
soil,soil,Jilin,"Changchun, Gongzhuling",Tetracycline,tetracyclines,0.0,,ng/g dw,2020,,"Zhang, Q., Zhang, G., Liu, D., Zhang, X., Fang, R., Wang, L., ... & Li, S. (2022). A dataset of distribution of antibiotic occurrence in solid environmental matrices in China. Scientific Data, 9(1), 276.",Zhang_2022.xls (Records sheet). Extracted from ABX_conc_mean/ABX_conc_max with loc_l1-l4 metadata.,N4,Zhang_2022.xls,https://figshare.com/articles/dataset/A_dataset_of_distribution_of_antibiotic_occurrence_in_solid_environmental_matrices_in_China/19692241,True
soil,soil,Henan,"Luoyang, Laocheng district",Oxytetracycline,tetracyclines,0.0,,ng/g dw,2020,,"Zhang, Q., Zhang, G., Liu, D., Zhang, X., Fang, R., Wang, L., ... & Li, S. (2022). A dataset of distribution of antibiotic occurrence in solid environmental matrices in China. Scientific Data, 9(1), 276.",Zhang_2022.xls (Records sheet). Extracted from ABX_conc_mean/ABX_conc_max with loc_l1-l4 metadata.,N4,Zhang_2022.xls,https://figshare.com/articles/dataset/A_dataset_of_distribution_of_antibiotic_occurrence_in_solid_environmental_matrices_in_China/19692241,True
soil,soil,Jilin,"Changchun, Gongzhuling",Oxytetracycline,tetracyclines,9.2,,ng/g dw,2020,,"Zhang, Q., Zhang, G., Liu, D., Zhang, X., Fang, R., Wang, L., ... & Li, S. (2022). A dataset of distribution of antibiotic occurrence in solid environmental matrices in China. Scientific Data, 9(1), 276.",Zhang_2022.xls (Records sheet). Extracted from ABX_conc_mean/ABX_conc_max with loc_l1-l4 metadata.,N4,Zhang_2022.xls,https://figshare.com/articles/dataset/A_dataset_of_distribution_of_antibiotic_occurrence_in_solid_environmental_matrices_in_China/19692241,True
soil,soil,Henan,"Luoyang, Laocheng district",Doxycycline,tetracyclines,0.0,,ng/g dw,2020,,"Zhang, Q., Zhang, G., Liu, D., Zhang, X., Fang, R., Wang, L., ... & Li, S. (2022). A dataset of distribution of antibiotic occurrence in solid environmental matrices in China. Scientific Data, 9(1), 276.",Zhang_2022.xls (Records sheet). Extracted from ABX_conc_mean/ABX_conc_max with loc_l1-l4 metadata.,N4,Zhang_2022.xls,https://figshare.com/articles/dataset/A_dataset_of_distribution_of_antibiotic_occurrence_in_solid_environmental_matrices_in_China/19692241,True
soil,soil,Jilin,"Changchun, Gongzhuling",Doxycycline,tetracyclines,16.75,,ng/g dw,2020,,"Zhang, Q., Zhang, G., Liu, D., Zhang, X., Fang, R., Wang, L., ... & Li, S. (2022). A dataset of distribution of antibiotic occurrence in solid environmental matrices in China. Scientific Data, 9(1), 276.",Zhang_2022.xls (Records sheet). Extracted from ABX_conc_mean/ABX_conc_max with loc_l1-l4 metadata.,N4,Zhang_2022.xls,https://figshare.com/articles/dataset/A_dataset_of_distribution_of_antibiotic_occurrence_in_solid_environmental_matrices_in_China/19692241,True
soil,soil,Henan,"Luoyang, Laocheng district",Chlortetracycline,tetracyclines,0.0,,ng/g dw,2020,,"Zhang, Q., Zhang, G., Liu, D., Zhang, X., Fang, R., Wang, L., ... & Li, S. (2022). A dataset of distribution of antibiotic occurrence in solid environmental matrices in China. Scientific Data, 9(1), 276.",Zhang_2022.xls (Records sheet). Extracted from ABX_conc_mean/ABX_conc_max with loc_l1-l4 metadata.,N4,Zhang_2022.xls,https://figshare.com/articles/dataset/A_dataset_of_distribution_of_antibiotic_occurrence_in_solid_environmental_matrices_in_China/19692241,True
soil,soil,Jilin,"Changchun, Gongzhuling",Chlortetracycline,tetracyclines,0.0,,ng/g dw,2020,,"Zhang, Q., Zhang, G., Liu, D., Zhang, X., Fang, R., Wang, L., ... & Li, S. (2022). A dataset of distribution of antibiotic occurrence in solid environmental matrices in China. Scientific Data, 9(1), 276.",Zhang_2022.xls (Records sheet). Extracted from ABX_conc_mean/ABX_conc_max with loc_l1-l4 metadata.,N4,Zhang_2022.xls,https://figshare.com/articles/dataset/A_dataset_of_distribution_of_antibiotic_occurrence_in_solid_environmental_matrices_in_China/19692241,True
soil,soil,Yunnan,"Kunming, Jinning",Ofloxacin,fluoroquinolones,5.5,,ng/g dw,2012,,"Zhang, Q., Zhang, G., Liu, D., Zhang, X., Fang, R., Wang, L., ... & Li, S. (2022). A dataset of distribution of antibiotic occurrence in solid environmental matrices in China. Scientific Data, 9(1), 276.",Zhang_2022.xls (Records sheet). Extracted from ABX_conc_mean/ABX_conc_max with loc_l1-l4 metadata.,N4,Zhang_2022.xls,https://figshare.com/articles/dataset/A_dataset_of_distribution_of_antibiotic_occurrence_in_solid_environmental_matrices_in_China/19692241,True
soil,soil,Yunnan,"Kunming, Jinning",Norfloxacin,fluoroquinolones,4.6,,ng/g dw,2012,,"Zhang, Q., Zhang, G., Liu, D., Zhang, X., Fang, R., Wang, L., ... & Li, S. (2022). A dataset of distribution of antibiotic occurrence in solid environmental matrices in China. Scientific Data, 9(1), 276.",Zhang_2022.xls (Records sheet). Extracted from ABX_conc_mean/ABX_conc_max with loc_l1-l4 metadata.,N4,Zhang_2022.xls,https://figshare.com/articles/dataset/A_dataset_of_distribution_of_antibiotic_occurrence_in_solid_environmental_matrices_in_China/19692241,True
soil,soil,Yunnan,"Kunming, Jinning",Enrofloxacin,fluoroquinolones,1.7,,ng/g dw,2012,,"Zhang, Q., Zhang, G., Liu, D., Zhang, X., Fang, R., Wang, L., ... & Li, S. (2022). A dataset of distribution of antibiotic occurrence in solid environmental matrices in China. Scientific Data, 9(1), 276.",Zhang_2022.xls (Records sheet). Extracted from ABX_conc_mean/ABX_conc_max with loc_l1-l4 metadata.,N4,Zhang_2022.xls,https://figshare.com/articles/dataset/A_dataset_of_distribution_of_antibiotic_occurrence_in_solid_environmental_matrices_in_China/19692241,True
soil,soil,Yunnan,"Kunming, Jinning",Ciprofloxacin,fluoroquinolones,3.4,,ng/g dw,2012,,"Zhang, Q., Zhang, G., Liu, D., Zhang, X., Fang, R., Wang, L., ... & Li, S. (2022). A dataset of distribution of antibiotic occurrence in solid environmental matrices in China. Scientific Data, 9(1), 276.",Zhang_2022.xls (Records sheet). Extracted from ABX_conc_mean/ABX_conc_max with loc_l1-l4 metadata.,N4,Zhang_2022.xls,https://figshare.com/articles/dataset/A_dataset_of_distribution_of_antibiotic_occurrence_in_solid_environmental_matrices_in_China/19692241,True
soil,soil,Yunnan,"Kunming, Jinning",Roxithromycin,macrolides,1.1,,ng/g dw,2012,,"Zhang, Q., Zhang, G., Liu, D., Zhang, X., Fang, R., Wang, L., ... & Li, S. (2022). A dataset of distribution of antibiotic occurrence in solid environmental matrices in China. Scientific Data, 9(1), 276.",Zhang_2022.xls (Records sheet). Extracted from ABX_conc_mean/ABX_conc_max with loc_l1-l4 metadata.,N4,Zhang_2022.xls,https://figshare.com/articles/dataset/A_dataset_of_distribution_of_antibiotic_occurrence_in_solid_environmental_matrices_in_China/19692241,True
soil,soil,Yunnan,"Kunming, Jinning",Sulfamethazine,sulfonamides,0.1,,ng/g dw,2012,,"Zhang, Q., Zhang, G., Liu, D., Zhang, X., Fang, R., Wang, L., ... & Li, S. (2022). A dataset of distribution of antibiotic occurrence in solid environmental matrices in China. Scientific Data, 9(1), 276.",Zhang_2022.xls (Records sheet). Extracted from ABX_conc_mean/ABX_conc_max with loc_l1-l4 metadata.,N4,Zhang_2022.xls,https://figshare.com/articles/dataset/A_dataset_of_distribution_of_antibiotic_occurrence_in_solid_environmental_matrices_in_China/19692241,True
soil,soil,Yunnan,"Kunming, Jinning",Sulfachloropyridazine,sulfonamides,0.1,,ng/g dw,2012,,"Zhang, Q., Zhang, G., Liu, D., Zhang, X., Fang, R., Wang, L., ... & Li, S. (2022). A dataset of distribution of antibiotic occurrence in solid environmental matrices in China. Scientific Data, 9(1), 276.",Zhang_2022.xls (Records sheet). Extracted from ABX_conc_mean/ABX_conc_max with loc_l1-l4 metadata.,N4,Zhang_2022.xls,https://figshare.com/articles/dataset/A_dataset_of_distribution_of_antibiotic_occurrence_in_solid_environmental_matrices_in_China/19692241,True
soil,soil,Yunnan,"Kunming, Jinning",Tetracycline,tetracyclines,2.0,,ng/g dw,2012,,"Zhang, Q., Zhang, G., Liu, D., Zhang, X., Fang, R., Wang, L., ... & Li, S. (2022). A dataset of distribution of antibiotic occurrence in solid environmental matrices in China. Scientific Data, 9(1), 276.",Zhang_2022.xls (Records sheet). Extracted from ABX_conc_mean/ABX_conc_max with loc_l1-l4 metadata.,N4,Zhang_2022.xls,https://figshare.com/articles/dataset/A_dataset_of_distribution_of_antibiotic_occurrence_in_solid_environmental_matrices_in_China/19692241,True
soil,soil,Yunnan,"Kunming, Jinning",Oxytetracycline,tetracyclines,12.5,,ng/g dw,2012,,"Zhang, Q., Zhang, G., Liu, D., Zhang, X., Fang, R., Wang, L., ... & Li, S. (2022). A dataset of distribution of antibiotic occurrence in solid environmental matrices in China. Scientific Data, 9(1), 276.",Zhang_2022.xls (Records sheet). Extracted from ABX_conc_mean/ABX_conc_max with loc_l1-l4 metadata.,N4,Zhang_2022.xls,https://figshare.com/articles/dataset/A_dataset_of_distribution_of_antibiotic_occurrence_in_solid_environmental_matrices_in_China/19692241,True
soil,soil,Yunnan,"Kunming, Jinning",Doxycycline,tetracyclines,3.0,,ng/g dw,2012,,"Zhang, Q., Zhang, G., Liu, D., Zhang, X., Fang, R., Wang, L., ... & Li, S. (2022). A dataset of distribution of antibiotic occurrence in solid environmental matrices in China. Scientific Data, 9(1), 276.",Zhang_2022.xls (Records sheet). Extracted from ABX_conc_mean/ABX_conc_max with loc_l1-l4 metadata.,N4,Zhang_2022.xls,https://figshare.com/articles/dataset/A_dataset_of_distribution_of_antibiotic_occurrence_in_solid_environmental_matrices_in_China/19692241,True
soil,soil,Yunnan,"Kunming, Jinning",Chlortetracycline,tetracyclines,2.4,,ng/g dw,2012,,"Zhang, Q., Zhang, G., Liu, D., Zhang, X., Fang, R., Wang, L., ... & Li, S. (2022). A dataset of distribution of antibiotic occurrence in solid environmental matrices in China. Scientific Data, 9(1), 276.",Zhang_2022.xls (Records sheet). Extracted from ABX_conc_mean/ABX_conc_max with loc_l1-l4 metadata.,N4,Zhang_2022.xls,https://figshare.com/articles/dataset/A_dataset_of_distribution_of_antibiotic_occurrence_in_solid_environmental_matrices_in_China/19692241,True
soil,soil,Henan,Xinxiang,Ciprofloxacin,fluoroquinolones,11.02,93.97,ng/g dw,2014,,"Zhang, Q., Zhang, G., Liu, D., Zhang, X., Fang, R., Wang, L., ... & Li, S. (2022). A dataset of distribution of antibiotic occurrence in solid environmental matrices in China. Scientific Data, 9(1), 276.",Zhang_2022.xls (Records sheet). Extracted from ABX_conc_mean/ABX_conc_max with loc_l1-l4 metadata.,N4,Zhang_2022.xls,https://figshare.com/articles/dataset/A_dataset_of_distribution_of_antibiotic_occurrence_in_solid_environmental_matrices_in_China/19692241,True
soil,soil,Henan,Xinxiang,Sulfamethazine,sulfonamides,5.54,22.57,ng/g dw,2014,,"Zhang, Q., Zhang, G., Liu, D., Zhang, X., Fang, R., Wang, L., ... & Li, S. (2022). A dataset of distribution of antibiotic occurrence in solid environmental matrices in China. Scientific Data, 9(1), 276.",Zhang_2022.xls (Records sheet). Extracted from ABX_conc_mean/ABX_conc_max with loc_l1-l4 metadata.,N4,Zhang_2022.xls,https://figshare.com/articles/dataset/A_dataset_of_distribution_of_antibiotic_occurrence_in_solid_environmental_matrices_in_China/19692241,True
soil,soil,Henan,Xinxiang,Sulfadiazine,sulfonamides,54.17,104.63,ng/g dw,2014,,"Zhang, Q., Zhang, G., Liu, D., Zhang, X., Fang, R., Wang, L., ... & Li, S. (2022). A dataset of distribution of antibiotic occurrence in solid environmental matrices in China. Scientific Data, 9(1), 276.",Zhang_2022.xls (Records sheet). Extracted from ABX_conc_mean/ABX_conc_max with loc_l1-l4 metadata.,N4,Zhang_2022.xls,https://figshare.com/articles/dataset/A_dataset_of_distribution_of_antibiotic_occurrence_in_solid_environmental_matrices_in_China/19692241,True
sediment,sediment,Henan,,Ofloxacin,fluoroquinolones,10.6,20.8,ng/g dw,2014,,"Zhang, Q., Zhang, G., Liu, D., Zhang, X., Fang, R., Wang, L., ... & Li, S. (2022). A dataset of distribution of antibiotic occurrence in solid environmental matrices in China. Scientific Data, 9(1), 276.",Zhang_2022.xls (Records sheet). Extracted from ABX_conc_mean/ABX_conc_max with loc_l1-l4 metadata.,N4,Zhang_2022.xls,https://figshare.com/articles/dataset/A_dataset_of_distribution_of_antibiotic_occurrence_in_solid_environmental_matrices_in_China/19692241,True
sediment,sediment,Henan,,Norfloxacin,fluoroquinolones,16.4,28.5,ng/g dw,2014,,"Zhang, Q., Zhang, G., Liu, D., Zhang, X., Fang, R., Wang, L., ... & Li, S. (2022). A dataset of distribution of antibiotic occurrence in solid environmental matrices in China. Scientific Data, 9(1), 276.",Zhang_2022.xls (Records sheet). Extracted from ABX_conc_mean/ABX_conc_max with loc_l1-l4 metadata.,N4,Zhang_2022.xls,https://figshare.com/articles/dataset/A_dataset_of_distribution_of_antibiotic_occurrence_in_solid_environmental_matrices_in_China/19692241,True
sediment,sediment,Henan,,Enrofloxacin,fluoroquinolones,4.1,10.4,ng/g dw,2014,,"Zhang, Q., Zhang, G., Liu, D., Zhang, X., Fang, R., Wang, L., ... & Li, S. (2022). A dataset of distribution of antibiotic occurrence in solid environmental matrices in China. Scientific Data, 9(1), 276.",Zhang_2022.xls (Records sheet). Extracted from ABX_conc_mean/ABX_conc_max with loc_l1-l4 metadata.,N4,Zhang_2022.xls,https://figshare.com/articles/dataset/A_dataset_of_distribution_of_antibiotic_occurrence_in_solid_environmental_matrices_in_China/19692241,True
sediment,sediment,Henan,,Ciprofloxacin,fluoroquinolones,4.3,17.2,ng/g dw,2014,,"Zhang, Q., Zhang, G., Liu, D., Zhang, X., Fang, R., Wang, L., ... & Li, S. (2022). A dataset of distribution of antibiotic occurrence in solid environmental matrices in China. Scientific Data, 9(1), 276.",Zhang_2022.xls (Records sheet). Extracted from ABX_conc_mean/ABX_conc_max with loc_l1-l4 metadata.,N4,Zhang_2022.xls,https://figshare.com/articles/dataset/A_dataset_of_distribution_of_antibiotic_occurrence_in_solid_environmental_matrices_in_China/19692241,True
sediment,sediment,Henan,,Sulfamethazine,sulfonamides,5.2,17.3,ng/g dw,2014,,"Zhang, Q., Zhang, G., Liu, D., Zhang, X., Fang, R., Wang, L., ... & Li, S. (2022). A dataset of distribution of antibiotic occurrence in solid environmental matrices in China. Scientific Data, 9(1), 276.",Zhang_2022.xls (Records sheet). Extracted from ABX_conc_mean/ABX_conc_max with loc_l1-l4 metadata.,N4,Zhang_2022.xls,https://figshare.com/articles/dataset/A_dataset_of_distribution_of_antibiotic_occurrence_in_solid_environmental_matrices_in_China/19692241,True
sediment,sediment,Henan,,Sulfamethoxazole,sulfonamides,13.3,25.4,ng/g dw,2014,,"Zhang, Q., Zhang, G., Liu, D., Zhang, X., Fang, R., Wang, L., ... & Li, S. (2022). A dataset of distribution of antibiotic occurrence in solid environmental matrices in China. Scientific Data, 9(1), 276.",Zhang_2022.xls (Records sheet). Extracted from ABX_conc_mean/ABX_conc_max with loc_l1-l4 metadata.,N4,Zhang_2022.xls,https://figshare.com/articles/dataset/A_dataset_of_distribution_of_antibiotic_occurrence_in_solid_environmental_matrices_in_China/19692241,True
sediment,sediment,Henan,,Sulfadiazine,sulfonamides,4.5,9.6,ng/g dw,2014,,"Zhang, Q., Zhang, G., Liu, D., Zhang, X., Fang, R., Wang, L., ... & Li, S. (2022). A dataset of distribution of antibiotic occurrence in solid environmental matrices in China. Scientific Data, 9(1), 276.",Zhang_2022.xls (Records sheet). Extracted from ABX_conc_mean/ABX_conc_max with loc_l1-l4 metadata.,N4,Zhang_2022.xls,https://figshare.com/articles/dataset/A_dataset_of_distribution_of_antibiotic_occurrence_in_solid_environmental_matrices_in_China/19692241,True
sediment,sediment,Henan,,Sulfachloropyridazine,sulfonamides,2.2,9.2,ng/g dw,2014,,"Zhang, Q., Zhang, G., Liu, D., Zhang, X., Fang, R., Wang, L., ... & Li, S. (2022). A dataset of distribution of antibiotic occurrence in solid environmental matrices in China. Scientific Data, 9(1), 276.",Zhang_2022.xls (Records sheet). Extracted from ABX_conc_mean/ABX_conc_max with loc_l1-l4 metadata.,N4,Zhang_2022.xls,https://figshare.com/articles/dataset/A_dataset_of_distribution_of_antibiotic_occurrence_in_solid_environmental_matrices_in_China/19692241,True
sediment,sediment,Henan,,Sulfadimethoxine,sulfonamides,3.1,7.1,ng/g dw,2014,,"Zhang, Q., Zhang, G., Liu, D., Zhang, X., Fang, R., Wang, L., ... & Li, S. (2022). A dataset of distribution of antibiotic occurrence in solid environmental matrices in China. Scientific Data, 9(1), 276.",Zhang_2022.xls (Records sheet). Extracted from ABX_conc_mean/ABX_conc_max with loc_l1-l4 metadata.,N4,Zhang_2022.xls,https://figshare.com/articles/dataset/A_dataset_of_distribution_of_antibiotic_occurrence_in_solid_environmental_matrices_in_China/19692241,True
sediment,sediment,Henan,,Tetracycline,tetracyclines,20.2,48.8,ng/g dw,2014,,"Zhang, Q., Zhang, G., Liu, D., Zhang, X., Fang, R., Wang, L., ... & Li, S. (2022). A dataset of distribution of antibiotic occurrence in solid environmental matrices in China. Scientific Data, 9(1), 276.",Zhang_2022.xls (Records sheet). Extracted from ABX_conc_mean/ABX_conc_max with loc_l1-l4 metadata.,N4,Zhang_2022.xls,https://figshare.com/articles/dataset/A_dataset_of_distribution_of_antibiotic_occurrence_in_solid_environmental_matrices_in_China/19692241,True
sediment,sediment,Henan,,Oxytetracycline,tetracyclines,15.2,38.5,ng/g dw,2014,,"Zhang, Q., Zhang, G., Liu, D., Zhang, X., Fang, R., Wang, L., ... & Li, S. (2022). A dataset of distribution of antibiotic occurrence in solid environmental matrices in China. Scientific Data, 9(1), 276.",Zhang_2022.xls (Records sheet). Extracted from ABX_conc_mean/ABX_conc_max with loc_l1-l4 metadata.,N4,Zhang_2022.xls,https://figshare.com/articles/dataset/A_dataset_of_distribution_of_antibiotic_occurrence_in_solid_environmental_matrices_in_China/19692241,True
sediment,sediment,Henan,,Chlortetracycline,tetracyclines,6.3,16.4,ng/g dw,2014,,"Zhang, Q., Zhang, G., Liu, D., Zhang, X., Fang, R., Wang, L., ... & Li, S. (2022). A dataset of distribution of antibiotic occurrence in solid environmental matrices in China. Scientific Data, 9(1), 276.",Zhang_2022.xls (Records sheet). Extracted from ABX_conc_mean/ABX_conc_max with loc_l1-l4 metadata.,N4,Zhang_2022.xls,https://figshare.com/articles/dataset/A_dataset_of_distribution_of_antibiotic_occurrence_in_solid_environmental_matrices_in_China/19692241,True
sediment,sediment,Jilin,,Ofloxacin,fluoroquinolones,1.4,10.0,ng/g dw,2017,,"Zhang, Q., Zhang, G., Liu, D., Zhang, X., Fang, R., Wang, L., ... & Li, S. (2022). A dataset of distribution of antibiotic occurrence in solid environmental matrices in China. Scientific Data, 9(1), 276.",Zhang_2022.xls (Records sheet). Extracted from ABX_conc_mean/ABX_conc_max with loc_l1-l4 metadata.,N4,Zhang_2022.xls,https://figshare.com/articles/dataset/A_dataset_of_distribution_of_antibiotic_occurrence_in_solid_environmental_matrices_in_China/19692241,True
sediment,sediment,Jilin,,Norfloxacin,fluoroquinolones,3.2,10.4,ng/g dw,2017,,"Zhang, Q., Zhang, G., Liu, D., Zhang, X., Fang, R., Wang, L., ... & Li, S. (2022). A dataset of distribution of antibiotic occurrence in solid environmental matrices in China. Scientific Data, 9(1), 276.",Zhang_2022.xls (Records sheet). Extracted from ABX_conc_mean/ABX_conc_max with loc_l1-l4 metadata.,N4,Zhang_2022.xls,https://figshare.com/articles/dataset/A_dataset_of_distribution_of_antibiotic_occurrence_in_solid_environmental_matrices_in_China/19692241,True
sediment,sediment,Jilin,,Enrofloxacin,fluoroquinolones,9.6,15.1,ng/g dw,2017,,"Zhang, Q., Zhang, G., Liu, D., Zhang, X., Fang, R., Wang, L., ... & Li, S. (2022). A dataset of distribution of antibiotic occurrence in solid environmental matrices in China. Scientific Data, 9(1), 276.",Zhang_2022.xls (Records sheet). Extracted from ABX_conc_mean/ABX_conc_max with loc_l1-l4 metadata.,N4,Zhang_2022.xls,https://figshare.com/articles/dataset/A_dataset_of_distribution_of_antibiotic_occurrence_in_solid_environmental_matrices_in_China/19692241,True
sediment,sediment,Jilin,,Ciprofloxacin,fluoroquinolones,3.9,8.4,ng/g dw,2017,,"Zhang, Q., Zhang, G., Liu, D., Zhang, X., Fang, R., Wang, L., ... & Li, S. (2022). A dataset of distribution of antibiotic occurrence in solid environmental matrices in China. Scientific Data, 9(1), 276.",Zhang_2022.xls (Records sheet). Extracted from ABX_conc_mean/ABX_conc_max with loc_l1-l4 metadata.,N4,Zhang_2022.xls,https://figshare.com/articles/dataset/A_dataset_of_distribution_of_antibiotic_occurrence_in_solid_environmental_matrices_in_China/19692241,True
sediment,sediment,Jilin,,Erythromycin,macrolides,25.1,63.8,ng/g dw,2017,,"Zhang, Q., Zhang, G., Liu, D., Zhang, X., Fang, R., Wang, L., ... & Li, S. (2022). A dataset of distribution of antibiotic occurrence in solid environmental matrices in China. Scientific Data, 9(1), 276.",Zhang_2022.xls (Records sheet). Extracted from ABX_conc_mean/ABX_conc_max with loc_l1-l4 metadata.,N4,Zhang_2022.xls,https://figshare.com/articles/dataset/A_dataset_of_distribution_of_antibiotic_occurrence_in_solid_environmental_matrices_in_China/19692241,True
sediment,sediment,Jilin,,Doxycycline,macrolides,1.7,8.9,ng/g dw,2017,,"Zhang, Q., Zhang, G., Liu, D., Zhang, X., Fang, R., Wang, L., ... & Li, S. (2022). A dataset of distribution of antibiotic occurrence in solid environmental matrices in China. Scientific Data, 9(1), 276.",Zhang_2022.xls (Records sheet). Extracted from ABX_conc_mean/ABX_conc_max with loc_l1-l4 metadata.,N4,Zhang_2022.xls,https://figshare.com/articles/dataset/A_dataset_of_distribution_of_antibiotic_occurrence_in_solid_environmental_matrices_in_China/19692241,True
sediment,sediment,Jilin,,Florfenicol,other,7.8,20.6,ng/g dw,2017,,"Zhang, Q., Zhang, G., Liu, D., Zhang, X., Fang, R., Wang, L., ... & Li, S. (2022). A dataset of distribution of antibiotic occurrence in solid environmental matrices in China. Scientific Data, 9(1), 276.",Zhang_2022.xls (Records sheet). Extracted from ABX_conc_mean/ABX_conc_max with loc_l1-l4 metadata.,N4,Zhang_2022.xls,https://figshare.com/articles/dataset/A_dataset_of_distribution_of_antibiotic_occurrence_in_solid_environmental_matrices_in_China/19692241,True
sediment,sediment,Shaanxi,,Ofloxacin,fluoroquinolones,1.9,9.9,ng/g dw,2014,,"Zhang, Q., Zhang, G., Liu, D., Zhang, X., Fang, R., Wang, L., ... & Li, S. (2022). A dataset of distribution of antibiotic occurrence in solid environmental matrices in China. Scientific Data, 9(1), 276.",Zhang_2022.xls (Records sheet). Extracted from ABX_conc_mean/ABX_conc_max with loc_l1-l4 metadata.,N4,Zhang_2022.xls,https://figshare.com/articles/dataset/A_dataset_of_distribution_of_antibiotic_occurrence_in_solid_environmental_matrices_in_China/19692241,True
sediment,sediment,Shaanxi,,Ofloxacin,fluoroquinolones,1.2,3.8,ng/g dw,2015,,"Zhang, Q., Zhang, G., Liu, D., Zhang, X., Fang, R., Wang, L., ... & Li, S. (2022). A dataset of distribution of antibiotic occurrence in solid environmental matrices in China. Scientific Data, 9(1), 276.",Zhang_2022.xls (Records sheet). Extracted from ABX_conc_mean/ABX_conc_max with loc_l1-l4 metadata.,N4,Zhang_2022.xls,https://figshare.com/articles/dataset/A_dataset_of_distribution_of_antibiotic_occurrence_in_solid_environmental_matrices_in_China/19692241,True
sediment,sediment,Shaanxi,,Norfloxacin,fluoroquinolones,1.7,3.0,ng/g dw,2014,,"Zhang, Q., Zhang, G., Liu, D., Zhang, X., Fang, R., Wang, L., ... & Li, S. (2022). A dataset of distribution of antibiotic occurrence in solid environmental matrices in China. Scientific Data, 9(1), 276.",Zhang_2022.xls (Records sheet). Extracted from ABX_conc_mean/ABX_conc_max with loc_l1-l4 metadata.,N4,Zhang_2022.xls,https://figshare.com/articles/dataset/A_dataset_of_distribution_of_antibiotic_occurrence_in_solid_environmental_matrices_in_China/19692241,True
sediment,sediment,Shaanxi,,Norfloxacin,fluoroquinolones,2.0,7.1,ng/g dw,2015,,"Zhang, Q., Zhang, G., Liu, D., Zhang, X., Fang, R., Wang, L., ... & Li, S. (2022). A dataset of distribution of antibiotic occurrence in solid environmental matrices in China. Scientific Data, 9(1), 276.",Zhang_2022.xls (Records sheet). Extracted from ABX_conc_mean/ABX_conc_max with loc_l1-l4 metadata.,N4,Zhang_2022.xls,https://figshare.com/articles/dataset/A_dataset_of_distribution_of_antibiotic_occurrence_in_solid_environmental_matrices_in_China/19692241,True
sediment,sediment,Shaanxi,,Enrofloxacin,fluoroquinolones,1.3,2.3,ng/g dw,2014,,"Zhang, Q., Zhang, G., Liu, D., Zhang, X., Fang, R., Wang, L., ... & Li, S. (2022). A dataset of distribution of antibiotic occurrence in solid environmental matrices in China. Scientific Data, 9(1), 276.",Zhang_2022.xls (Records sheet). Extracted from ABX_conc_mean/ABX_conc_max with loc_l1-l4 metadata.,N4,Zhang_2022.xls,https://figshare.com/articles/dataset/A_dataset_of_distribution_of_antibiotic_occurrence_in_solid_environmental_matrices_in_China/19692241,True
sediment,sediment,Shaanxi,,Enrofloxacin,fluoroquinolones,1.2,2.4,ng/g dw,2015,,"Zhang, Q., Zhang, G., Liu, D., Zhang, X., Fang, R., Wang, L., ... & Li, S. (2022). A dataset of distribution of antibiotic occurrence in solid environmental matrices in China. Scientific Data, 9(1), 276.",Zhang_2022.xls (Records sheet). Extracted from ABX_conc_mean/ABX_conc_max with loc_l1-l4 metadata.,N4,Zhang_2022.xls,https://figshare.com/articles/dataset/A_dataset_of_distribution_of_antibiotic_occurrence_in_solid_environmental_matrices_in_China/19692241,True
sediment,sediment,Shaanxi,,Ciprofloxacin,fluoroquinolones,1.1,3.7,ng/g dw,2014,,"Zhang, Q., Zhang, G., Liu, D., Zhang, X., Fang, R., Wang, L., ... & Li, S. (2022). A dataset of distribution of antibiotic occurrence in solid environmental matrices in China. Scientific Data, 9(1), 276.",Zhang_2022.xls (Records sheet). Extracted from ABX_conc_mean/ABX_conc_max with loc_l1-l4 metadata.,N4,Zhang_2022.xls,https://figshare.com/articles/dataset/A_dataset_of_distribution_of_antibiotic_occurrence_in_solid_environmental_matrices_in_China/19692241,True
sediment,sediment,Shaanxi,,Ciprofloxacin,fluoroquinolones,0.98,2.5,ng/g dw,2015,,"Zhang, Q., Zhang, G., Liu, D., Zhang, X., Fang, R., Wang, L., ... & Li, S. (2022). A dataset of distribution of antibiotic occurrence in solid environmental matrices in China. Scientific Data, 9(1), 276.",Zhang_2022.xls (Records sheet). Extracted from ABX_conc_mean/ABX_conc_max with loc_l1-l4 metadata.,N4,Zhang_2022.xls,https://figshare.com/articles/dataset/A_dataset_of_distribution_of_antibiotic_occurrence_in_solid_environmental_matrices_in_China/19692241,True
sediment,sediment,Shaanxi,,Trimethoprim,sulfonamides,3.8,10.0,ng/g dw,2014,,"Zhang, Q., Zhang, G., Liu, D., Zhang, X., Fang, R., Wang, L., ... & Li, S. (2022). A dataset of distribution of antibiotic occurrence in solid environmental matrices in China. Scientific Data, 9(1), 276.",Zhang_2022.xls (Records sheet). Extracted from ABX_conc_mean/ABX_conc_max with loc_l1-l4 metadata.,N4,Zhang_2022.xls,https://figshare.com/articles/dataset/A_dataset_of_distribution_of_antibiotic_occurrence_in_solid_environmental_matrices_in_China/19692241,True
sediment,sediment,Shaanxi,,Trimethoprim,sulfonamides,1.9,6.9,ng/g dw,2015,,"Zhang, Q., Zhang, G., Liu, D., Zhang, X., Fang, R., Wang, L., ... & Li, S. (2022). A dataset of distribution of antibiotic occurrence in solid environmental matrices in China. Scientific Data, 9(1), 276.",Zhang_2022.xls (Records sheet). Extracted from ABX_conc_mean/ABX_conc_max with loc_l1-l4 metadata.,N4,Zhang_2022.xls,https://figshare.com/articles/dataset/A_dataset_of_distribution_of_antibiotic_occurrence_in_solid_environmental_matrices_in_China/19692241,True
sediment,sediment,Shaanxi,,Sulfamethazine,sulfonamides,0.18,0.6,ng/g dw,2014,,"Zhang, Q., Zhang, G., Liu, D., Zhang, X., Fang, R., Wang, L., ... & Li, S. (2022). A dataset of distribution of antibiotic occurrence in solid environmental matrices in China. Scientific Data, 9(1), 276.",Zhang_2022.xls (Records sheet). Extracted from ABX_conc_mean/ABX_conc_max with loc_l1-l4 metadata.,N4,Zhang_2022.xls,https://figshare.com/articles/dataset/A_dataset_of_distribution_of_antibiotic_occurrence_in_solid_environmental_matrices_in_China/19692241,True
sediment,sediment,Shaanxi,,Sulfamethazine,sulfonamides,0.2,0.52,ng/g dw,2015,,"Zhang, Q., Zhang, G., Liu, D., Zhang, X., Fang, R., Wang, L., ... & Li, S. (2022). A dataset of distribution of antibiotic occurrence in solid environmental matrices in China. Scientific Data, 9(1), 276.",Zhang_2022.xls (Records sheet). Extracted from ABX_conc_mean/ABX_conc_max with loc_l1-l4 metadata.,N4,Zhang_2022.xls,https://figshare.com/articles/dataset/A_dataset_of_distribution_of_antibiotic_occurrence_in_solid_environmental_matrices_in_China/19692241,True
sediment,sediment,Shaanxi,,Sulfamethoxazole,sulfonamides,0.33,1.2,ng/g dw,2014,,"Zhang, Q., Zhang, G., Liu, D., Zhang, X., Fang, R., Wang, L., ... & Li, S. (2022). A dataset of distribution of antibiotic occurrence in solid environmental matrices in China. Scientific Data, 9(1), 276.",Zhang_2022.xls (Records sheet). Extracted from ABX_conc_mean/ABX_conc_max with loc_l1-l4 metadata.,N4,Zhang_2022.xls,https://figshare.com/articles/dataset/A_dataset_of_distribution_of_antibiotic_occurrence_in_solid_environmental_matrices_in_China/19692241,True
sediment,sediment,Shaanxi,,Sulfamethoxazole,sulfonamides,0.18,0.76,ng/g dw,2015,,"Zhang, Q., Zhang, G., Liu, D., Zhang, X., Fang, R., Wang, L., ... & Li, S. (2022). A dataset of distribution of antibiotic occurrence in solid environmental matrices in China. Scientific Data, 9(1), 276.",Zhang_2022.xls (Records sheet). Extracted from ABX_conc_mean/ABX_conc_max with loc_l1-l4 metadata.,N4,Zhang_2022.xls,https://figshare.com/articles/dataset/A_dataset_of_distribution_of_antibiotic_occurrence_in_solid_environmental_matrices_in_China/19692241,True
sediment,sediment,Shaanxi,,Sulfameter,sulfonamides,2.3,12.0,ng/g dw,2014,,"Zhang, Q., Zhang, G., Liu, D., Zhang, X., Fang, R., Wang, L., ... & Li, S. (2022). A dataset of distribution of antibiotic occurrence in solid environmental matrices in China. Scientific Data, 9(1), 276.",Zhang_2022.xls (Records sheet). Extracted from ABX_conc_mean/ABX_conc_max with loc_l1-l4 metadata.,N4,Zhang_2022.xls,https://figshare.com/articles/dataset/A_dataset_of_distribution_of_antibiotic_occurrence_in_solid_environmental_matrices_in_China/19692241,True
sediment,sediment,Shaanxi,,Sulfameter,sulfonamides,2.7,10.0,ng/g dw,2015,,"Zhang, Q., Zhang, G., Liu, D., Zhang, X., Fang, R., Wang, L., ... & Li, S. (2022). A dataset of distribution of antibiotic occurrence in solid environmental matrices in China. Scientific Data, 9(1), 276.",Zhang_2022.xls (Records sheet). Extracted from ABX_conc_mean/ABX_conc_max with loc_l1-l4 metadata.,N4,Zhang_2022.xls,https://figshare.com/articles/dataset/A_dataset_of_distribution_of_antibiotic_occurrence_in_solid_environmental_matrices_in_China/19692241,True
sediment,sediment,Shaanxi,,Sulfadiazine,sulfonamides,0.54,1.4,ng/g dw,2014,,"Zhang, Q., Zhang, G., Liu, D., Zhang, X., Fang, R., Wang, L., ... & Li, S. (2022). A dataset of distribution of antibiotic occurrence in solid environmental matrices in China. Scientific Data, 9(1), 276.",Zhang_2022.xls (Records sheet). Extracted from ABX_conc_mean/ABX_conc_max with loc_l1-l4 metadata.,N4,Zhang_2022.xls,https://figshare.com/articles/dataset/A_dataset_of_distribution_of_antibiotic_occurrence_in_solid_environmental_matrices_in_China/19692241,True
sediment,sediment,Shaanxi,,Sulfadiazine,sulfonamides,0.34,1.5,ng/g dw,2015,,"Zhang, Q., Zhang, G., Liu, D., Zhang, X., Fang, R., Wang, L., ... & Li, S. (2022). A dataset of distribution of antibiotic occurrence in solid environmental matrices in China. Scientific Data, 9(1), 276.",Zhang_2022.xls (Records sheet). Extracted from ABX_conc_mean/ABX_conc_max with loc_l1-l4 metadata.,N4,Zhang_2022.xls,https://figshare.com/articles/dataset/A_dataset_of_distribution_of_antibiotic_occurrence_in_solid_environmental_matrices_in_China/19692241,True
sediment,sediment,Shaanxi,,Tetracycline,tetracyclines,1.2,3.0,ng/g dw,2014,,"Zhang, Q., Zhang, G., Liu, D., Zhang, X., Fang, R., Wang, L., ... & Li, S. (2022). A dataset of distribution of antibiotic occurrence in solid environmental matrices in China. Scientific Data, 9(1), 276.",Zhang_2022.xls (Records sheet). Extracted from ABX_conc_mean/ABX_conc_max with loc_l1-l4 metadata.,N4,Zhang_2022.xls,https://figshare.com/articles/dataset/A_dataset_of_distribution_of_antibiotic_occurrence_in_solid_environmental_matrices_in_China/19692241,True
sediment,sediment,Shaanxi,,Tetracycline,tetracyclines,1.7,3.0,ng/g dw,2015,,"Zhang, Q., Zhang, G., Liu, D., Zhang, X., Fang, R., Wang, L., ... & Li, S. (2022). A dataset of distribution of antibiotic occurrence in solid environmental matrices in China. Scientific Data, 9(1), 276.",Zhang_2022.xls (Records sheet). Extracted from ABX_conc_mean/ABX_conc_max with loc_l1-l4 metadata.,N4,Zhang_2022.xls,https://figshare.com/articles/dataset/A_dataset_of_distribution_of_antibiotic_occurrence_in_solid_environmental_matrices_in_China/19692241,True
sediment,sediment,Shaanxi,,Oxytetracycline,tetracyclines,2.2,5.6,ng/g dw,2014,,"Zhang, Q., Zhang, G., Liu, D., Zhang, X., Fang, R., Wang, L., ... & Li, S. (2022). A dataset of distribution of antibiotic occurrence in solid environmental matrices in China. Scientific Data, 9(1), 276.",Zhang_2022.xls (Records sheet). Extracted from ABX_conc_mean/ABX_conc_max with loc_l1-l4 metadata.,N4,Zhang_2022.xls,https://figshare.com/articles/dataset/A_dataset_of_distribution_of_antibiotic_occurrence_in_solid_environmental_matrices_in_China/19692241,True
sediment,sediment,Shaanxi,,Oxytetracycline,tetracyclines,0.97,4.5,ng/g dw,2015,,"Zhang, Q., Zhang, G., Liu, D., Zhang, X., Fang, R., Wang, L., ... & Li, S. (2022). A dataset of distribution of antibiotic occurrence in solid environmental matrices in China. Scientific Data, 9(1), 276.",Zhang_2022.xls (Records sheet). Extracted from ABX_conc_mean/ABX_conc_max with loc_l1-l4 metadata.,N4,Zhang_2022.xls,https://figshare.com/articles/dataset/A_dataset_of_distribution_of_antibiotic_occurrence_in_solid_environmental_matrices_in_China/19692241,True
sediment,sediment,Shaanxi,,Doxycycline,tetracyclines,2.6,8.5,ng/g dw,2014,,"Zhang, Q., Zhang, G., Liu, D., Zhang, X., Fang, R., Wang, L., ... & Li, S. (2022). A dataset of distribution of antibiotic occurrence in solid environmental matrices in China. Scientific Data, 9(1), 276.",Zhang_2022.xls (Records sheet). Extracted from ABX_conc_mean/ABX_conc_max with loc_l1-l4 metadata.,N4,Zhang_2022.xls,https://figshare.com/articles/dataset/A_dataset_of_distribution_of_antibiotic_occurrence_in_solid_environmental_matrices_in_China/19692241,True
sediment,sediment,Shaanxi,,Doxycycline,tetracyclines,3.5,14.0,ng/g dw,2015,,"Zhang, Q., Zhang, G., Liu, D., Zhang, X., Fang, R., Wang, L., ... & Li, S. (2022). A dataset of distribution of antibiotic occurrence in solid environmental matrices in China. Scientific Data, 9(1), 276.",Zhang_2022.xls (Records sheet). Extracted from ABX_conc_mean/ABX_conc_max with loc_l1-l4 metadata.,N4,Zhang_2022.xls,https://figshare.com/articles/dataset/A_dataset_of_distribution_of_antibiotic_occurrence_in_solid_environmental_matrices_in_China/19692241,True
sediment,sediment,Shaanxi,,Chlortetracycline,tetracyclines,2.8,9.0,ng/g dw,2014,,"Zhang, Q., Zhang, G., Liu, D., Zhang, X., Fang, R., Wang, L., ... & Li, S. (2022). A dataset of distribution of antibiotic occurrence in solid environmental matrices in China. Scientific Data, 9(1), 276.",Zhang_2022.xls (Records sheet). Extracted from ABX_conc_mean/ABX_conc_max with loc_l1-l4 metadata.,N4,Zhang_2022.xls,https://figshare.com/articles/dataset/A_dataset_of_distribution_of_antibiotic_occurrence_in_solid_environmental_matrices_in_China/19692241,True
sediment,sediment,Shaanxi,,Chlortetracycline,tetracyclines,3.5,11.0,ng/g dw,2015,,"Zhang, Q., Zhang, G., Liu, D., Zhang, X., Fang, R., Wang, L., ... & Li, S. (2022). A dataset of distribution of antibiotic occurrence in solid environmental matrices in China. Scientific Data, 9(1), 276.",Zhang_2022.xls (Records sheet). Extracted from ABX_conc_mean/ABX_conc_max with loc_l1-l4 metadata.,N4,Zhang_2022.xls,https://figshare.com/articles/dataset/A_dataset_of_distribution_of_antibiotic_occurrence_in_solid_environmental_matrices_in_China/19692241,True
soil,soil,Henan,,Sarafloxacin,fluoroquinolones,0.06,0.7,ng/g dw,2016,,"Zhang, Q., Zhang, G., Liu, D., Zhang, X., Fang, R., Wang, L., ... & Li, S. (2022). A dataset of distribution of antibiotic occurrence in solid environmental matrices in China. Scientific Data, 9(1), 276.",Zhang_2022.xls (Records sheet). Extracted from ABX_conc_mean/ABX_conc_max with loc_l1-l4 metadata.,N4,Zhang_2022.xls,https://figshare.com/articles/dataset/A_dataset_of_distribution_of_antibiotic_occurrence_in_solid_environmental_matrices_in_China/19692241,True
soil,soil,Sichuan,,Sarafloxacin,fluoroquinolones,0.06,0.7,ng/g dw,2016,,"Zhang, Q., Zhang, G., Liu, D., Zhang, X., Fang, R., Wang, L., ... & Li, S. (2022). A dataset of distribution of antibiotic occurrence in solid environmental matrices in China. Scientific Data, 9(1), 276.",Zhang_2022.xls (Records sheet). Extracted from ABX_conc_mean/ABX_conc_max with loc_l1-l4 metadata.,N4,Zhang_2022.xls,https://figshare.com/articles/dataset/A_dataset_of_distribution_of_antibiotic_occurrence_in_solid_environmental_matrices_in_China/19692241,True
soil,soil,Henan,,Enrofloxacin,fluoroquinolones,6.54,141.0,ng/g dw,2016,,"Zhang, Q., Zhang, G., Liu, D., Zhang, X., Fang, R., Wang, L., ... & Li, S. (2022). A dataset of distribution of antibiotic occurrence in solid environmental matrices in China. Scientific Data, 9(1), 276.",Zhang_2022.xls (Records sheet). Extracted from ABX_conc_mean/ABX_conc_max with loc_l1-l4 metadata.,N4,Zhang_2022.xls,https://figshare.com/articles/dataset/A_dataset_of_distribution_of_antibiotic_occurrence_in_solid_environmental_matrices_in_China/19692241,True
soil,soil,Sichuan,,Enrofloxacin,fluoroquinolones,6.54,141.0,ng/g dw,2016,,"Zhang, Q., Zhang, G., Liu, D., Zhang, X., Fang, R., Wang, L., ... & Li, S. (2022). A dataset of distribution of antibiotic occurrence in solid environmental matrices in China. Scientific Data, 9(1), 276.",Zhang_2022.xls (Records sheet). Extracted from ABX_conc_mean/ABX_conc_max with loc_l1-l4 metadata.,N4,Zhang_2022.xls,https://figshare.com/articles/dataset/A_dataset_of_distribution_of_antibiotic_occurrence_in_solid_environmental_matrices_in_China/19692241,True
soil,soil,Henan,,Danofloxacin,fluoroquinolones,0.22,0.92,ng/g dw,2016,,"Zhang, Q., Zhang, G., Liu, D., Zhang, X., Fang, R., Wang, L., ... & Li, S. (2022). A dataset of distribution of antibiotic occurrence in solid environmental matrices in China. Scientific Data, 9(1), 276.",Zhang_2022.xls (Records sheet). Extracted from ABX_conc_mean/ABX_conc_max with loc_l1-l4 metadata.,N4,Zhang_2022.xls,https://figshare.com/articles/dataset/A_dataset_of_distribution_of_antibiotic_occurrence_in_solid_environmental_matrices_in_China/19692241,True
soil,soil,Sichuan,,Danofloxacin,fluoroquinolones,0.22,0.92,ng/g dw,2016,,"Zhang, Q., Zhang, G., Liu, D., Zhang, X., Fang, R., Wang, L., ... & Li, S. (2022). A dataset of distribution of antibiotic occurrence in solid environmental matrices in China. Scientific Data, 9(1), 276.",Zhang_2022.xls (Records sheet). Extracted from ABX_conc_mean/ABX_conc_max with loc_l1-l4 metadata.,N4,Zhang_2022.xls,https://figshare.com/articles/dataset/A_dataset_of_distribution_of_antibiotic_occurrence_in_solid_environmental_matrices_in_China/19692241,True
soil,soil,Henan,,Ciprofloxacin,fluoroquinolones,5.97,140.0,ng/g dw,2016,,"Zhang, Q., Zhang, G., Liu, D., Zhang, X., Fang, R., Wang, L., ... & Li, S. (2022). A dataset of distribution of antibiotic occurrence in solid environmental matrices in China. Scientific Data, 9(1), 276.",Zhang_2022.xls (Records sheet). Extracted from ABX_conc_mean/ABX_conc_max with loc_l1-l4 metadata.,N4,Zhang_2022.xls,https://figshare.com/articles/dataset/A_dataset_of_distribution_of_antibiotic_occurrence_in_solid_environmental_matrices_in_China/19692241,True
soil,soil,Sichuan,,Ciprofloxacin,fluoroquinolones,5.97,140.0,ng/g dw,2016,,"Zhang, Q., Zhang, G., Liu, D., Zhang, X., Fang, R., Wang, L., ... & Li, S. (2022). A dataset of distribution of antibiotic occurrence in solid environmental matrices in China. Scientific Data, 9(1), 276.",Zhang_2022.xls (Records sheet). Extracted from ABX_conc_mean/ABX_conc_max with loc_l1-l4 metadata.,N4,Zhang_2022.xls,https://figshare.com/articles/dataset/A_dataset_of_distribution_of_antibiotic_occurrence_in_solid_environmental_matrices_in_China/19692241,True
soil,soil,Henan,,Tylosin,macrolides,0.48,2.46,ng/g dw,2016,,"Zhang, Q., Zhang, G., Liu, D., Zhang, X., Fang, R., Wang, L., ... & Li, S. (2022). A dataset of distribution of antibiotic occurrence in solid environmental matrices in China. Scientific Data, 9(1), 276.",Zhang_2022.xls (Records sheet). Extracted from ABX_conc_mean/ABX_conc_max with loc_l1-l4 metadata.,N4,Zhang_2022.xls,https://figshare.com/articles/dataset/A_dataset_of_distribution_of_antibiotic_occurrence_in_solid_environmental_matrices_in_China/19692241,True
soil,soil,Sichuan,,Tylosin,macrolides,0.48,2.46,ng/g dw,2016,,"Zhang, Q., Zhang, G., Liu, D., Zhang, X., Fang, R., Wang, L., ... & Li, S. (2022). A dataset of distribution of antibiotic occurrence in solid environmental matrices in China. Scientific Data, 9(1), 276.",Zhang_2022.xls (Records sheet). Extracted from ABX_conc_mean/ABX_conc_max with loc_l1-l4 metadata.,N4,Zhang_2022.xls,https://figshare.com/articles/dataset/A_dataset_of_distribution_of_antibiotic_occurrence_in_solid_environmental_matrices_in_China/19692241,True
soil,soil,Henan,,Tilmicosin,macrolides,0.42,3.1,ng/g dw,2016,,"Zhang, Q., Zhang, G., Liu, D., Zhang, X., Fang, R., Wang, L., ... & Li, S. (2022). A dataset of distribution of antibiotic occurrence in solid environmental matrices in China. Scientific Data, 9(1), 276.",Zhang_2022.xls (Records sheet). Extracted from ABX_conc_mean/ABX_conc_max with loc_l1-l4 metadata.,N4,Zhang_2022.xls,https://figshare.com/articles/dataset/A_dataset_of_distribution_of_antibiotic_occurrence_in_solid_environmental_matrices_in_China/19692241,True
soil,soil,Sichuan,,Tilmicosin,macrolides,0.42,3.1,ng/g dw,2016,,"Zhang, Q., Zhang, G., Liu, D., Zhang, X., Fang, R., Wang, L., ... & Li, S. (2022). A dataset of distribution of antibiotic occurrence in solid environmental matrices in China. Scientific Data, 9(1), 276.",Zhang_2022.xls (Records sheet). Extracted from ABX_conc_mean/ABX_conc_max with loc_l1-l4 metadata.,N4,Zhang_2022.xls,https://figshare.com/articles/dataset/A_dataset_of_distribution_of_antibiotic_occurrence_in_solid_environmental_matrices_in_China/19692241,True
soil,soil,Henan,,Azithromycin,macrolides,11.34,83.04,ng/g dw,2016,,"Zhang, Q., Zhang, G., Liu, D., Zhang, X., Fang, R., Wang, L., ... & Li, S. (2022). A dataset of distribution of antibiotic occurrence in solid environmental matrices in China. Scientific Data, 9(1), 276.",Zhang_2022.xls (Records sheet). Extracted from ABX_conc_mean/ABX_conc_max with loc_l1-l4 metadata.,N4,Zhang_2022.xls,https://figshare.com/articles/dataset/A_dataset_of_distribution_of_antibiotic_occurrence_in_solid_environmental_matrices_in_China/19692241,True
soil,soil,Sichuan,,Azithromycin,macrolides,11.34,83.04,ng/g dw,2016,,"Zhang, Q., Zhang, G., Liu, D., Zhang, X., Fang, R., Wang, L., ... & Li, S. (2022). A dataset of distribution of antibiotic occurrence in solid environmental matrices in China. Scientific Data, 9(1), 276.",Zhang_2022.xls (Records sheet). Extracted from ABX_conc_mean/ABX_conc_max with loc_l1-l4 metadata.,N4,Zhang_2022.xls,https://figshare.com/articles/dataset/A_dataset_of_distribution_of_antibiotic_occurrence_in_solid_environmental_matrices_in_China/19692241,True
soil,soil,Henan,,Florfenicol,other,0.06,0.72,ng/g dw,2016,,"Zhang, Q., Zhang, G., Liu, D., Zhang, X., Fang, R., Wang, L., ... & Li, S. (2022). A dataset of distribution of antibiotic occurrence in solid environmental matrices in China. Scientific Data, 9(1), 276.",Zhang_2022.xls (Records sheet). Extracted from ABX_conc_mean/ABX_conc_max with loc_l1-l4 metadata.,N4,Zhang_2022.xls,https://figshare.com/articles/dataset/A_dataset_of_distribution_of_antibiotic_occurrence_in_solid_environmental_matrices_in_China/19692241,True
soil,soil,Sichuan,,Florfenicol,other,0.06,0.72,ng/g dw,2016,,"Zhang, Q., Zhang, G., Liu, D., Zhang, X., Fang, R., Wang, L., ... & Li, S. (2022). A dataset of distribution of antibiotic occurrence in solid environmental matrices in China. Scientific Data, 9(1), 276.",Zhang_2022.xls (Records sheet). Extracted from ABX_conc_mean/ABX_conc_max with loc_l1-l4 metadata.,N4,Zhang_2022.xls,https://figshare.com/articles/dataset/A_dataset_of_distribution_of_antibiotic_occurrence_in_solid_environmental_matrices_in_China/19692241,True
soil,soil,Henan,,Sulfaquinoxaline,sulfonamides,1.22,15.39,ng/g dw,2016,,"Zhang, Q., Zhang, G., Liu, D., Zhang, X., Fang, R., Wang, L., ... & Li, S. (2022). A dataset of distribution of antibiotic occurrence in solid environmental matrices in China. Scientific Data, 9(1), 276.",Zhang_2022.xls (Records sheet). Extracted from ABX_conc_mean/ABX_conc_max with loc_l1-l4 metadata.,N4,Zhang_2022.xls,https://figshare.com/articles/dataset/A_dataset_of_distribution_of_antibiotic_occurrence_in_solid_environmental_matrices_in_China/19692241,True
soil,soil,Sichuan,,Sulfaquinoxaline,sulfonamides,1.22,15.39,ng/g dw,2016,,"Zhang, Q., Zhang, G., Liu, D., Zhang, X., Fang, R., Wang, L., ... & Li, S. (2022). A dataset of distribution of antibiotic occurrence in solid environmental matrices in China. Scientific Data, 9(1), 276.",Zhang_2022.xls (Records sheet). Extracted from ABX_conc_mean/ABX_conc_max with loc_l1-l4 metadata.,N4,Zhang_2022.xls,https://figshare.com/articles/dataset/A_dataset_of_distribution_of_antibiotic_occurrence_in_solid_environmental_matrices_in_China/19692241,True
soil,soil,Henan,,Sulfamethazine,sulfonamides,0.11,2.48,ng/g dw,2016,,"Zhang, Q., Zhang, G., Liu, D., Zhang, X., Fang, R., Wang, L., ... & Li, S. (2022). A dataset of distribution of antibiotic occurrence in solid environmental matrices in China. Scientific Data, 9(1), 276.",Zhang_2022.xls (Records sheet). Extracted from ABX_conc_mean/ABX_conc_max with loc_l1-l4 metadata.,N4,Zhang_2022.xls,https://figshare.com/articles/dataset/A_dataset_of_distribution_of_antibiotic_occurrence_in_solid_environmental_matrices_in_China/19692241,True
soil,soil,Sichuan,,Sulfamethazine,sulfonamides,0.11,2.48,ng/g dw,2016,,"Zhang, Q., Zhang, G., Liu, D., Zhang, X., Fang, R., Wang, L., ... & Li, S. (2022). A dataset of distribution of antibiotic occurrence in solid environmental matrices in China. Scientific Data, 9(1), 276.",Zhang_2022.xls (Records sheet). Extracted from ABX_conc_mean/ABX_conc_max with loc_l1-l4 metadata.,N4,Zhang_2022.xls,https://figshare.com/articles/dataset/A_dataset_of_distribution_of_antibiotic_occurrence_in_solid_environmental_matrices_in_China/19692241,True
soil,soil,Henan,,Sulfamethoxazole,sulfonamides,0.56,9.29,ng/g dw,2016,,"Zhang, Q., Zhang, G., Liu, D., Zhang, X., Fang, R., Wang, L., ... & Li, S. (2022). A dataset of distribution of antibiotic occurrence in solid environmental matrices in China. Scientific Data, 9(1), 276.",Zhang_2022.xls (Records sheet). Extracted from ABX_conc_mean/ABX_conc_max with loc_l1-l4 metadata.,N4,Zhang_2022.xls,https://figshare.com/articles/dataset/A_dataset_of_distribution_of_antibiotic_occurrence_in_solid_environmental_matrices_in_China/19692241,True
soil,soil,Sichuan,,Sulfamethoxazole,sulfonamides,0.56,9.29,ng/g dw,2016,,"Zhang, Q., Zhang, G., Liu, D., Zhang, X., Fang, R., Wang, L., ... & Li, S. (2022). A dataset of distribution of antibiotic occurrence in solid environmental matrices in China. Scientific Data, 9(1), 276.",Zhang_2022.xls (Records sheet). Extracted from ABX_conc_mean/ABX_conc_max with loc_l1-l4 metadata.,N4,Zhang_2022.xls,https://figshare.com/articles/dataset/A_dataset_of_distribution_of_antibiotic_occurrence_in_solid_environmental_matrices_in_China/19692241,True
soil,soil,Henan,,Sulfamonomethoxine,sulfonamides,0.71,1.78,ng/g dw,2016,,"Zhang, Q., Zhang, G., Liu, D., Zhang, X., Fang, R., Wang, L., ... & Li, S. (2022). A dataset of distribution of antibiotic occurrence in solid environmental matrices in China. Scientific Data, 9(1), 276.",Zhang_2022.xls (Records sheet). Extracted from ABX_conc_mean/ABX_conc_max with loc_l1-l4 metadata.,N4,Zhang_2022.xls,https://figshare.com/articles/dataset/A_dataset_of_distribution_of_antibiotic_occurrence_in_solid_environmental_matrices_in_China/19692241,True
soil,soil,Sichuan,,Sulfamonomethoxine,sulfonamides,0.71,1.78,ng/g dw,2016,,"Zhang, Q., Zhang, G., Liu, D., Zhang, X., Fang, R., Wang, L., ... & Li, S. (2022). A dataset of distribution of antibiotic occurrence in solid environmental matrices in China. Scientific Data, 9(1), 276.",Zhang_2022.xls (Records sheet). Extracted from ABX_conc_mean/ABX_conc_max with loc_l1-l4 metadata.,N4,Zhang_2022.xls,https://figshare.com/articles/dataset/A_dataset_of_distribution_of_antibiotic_occurrence_in_solid_environmental_matrices_in_China/19692241,True
soil,soil,Henan,,Sulfadiazine,sulfonamides,0.01,0.67,ng/g dw,2016,,"Zhang, Q., Zhang, G., Liu, D., Zhang, X., Fang, R., Wang, L., ... & Li, S. (2022). A dataset of distribution of antibiotic occurrence in solid environmental matrices in China. Scientific Data, 9(1), 276.",Zhang_2022.xls (Records sheet). Extracted from ABX_conc_mean/ABX_conc_max with loc_l1-l4 metadata.,N4,Zhang_2022.xls,https://figshare.com/articles/dataset/A_dataset_of_distribution_of_antibiotic_occurrence_in_solid_environmental_matrices_in_China/19692241,True
soil,soil,Sichuan,,Sulfadiazine,sulfonamides,0.01,0.67,ng/g dw,2016,,"Zhang, Q., Zhang, G., Liu, D., Zhang, X., Fang, R., Wang, L., ... & Li, S. (2022). A dataset of distribution of antibiotic occurrence in solid environmental matrices in China. Scientific Data, 9(1), 276.",Zhang_2022.xls (Records sheet). Extracted from ABX_conc_mean/ABX_conc_max with loc_l1-l4 metadata.,N4,Zhang_2022.xls,https://figshare.com/articles/dataset/A_dataset_of_distribution_of_antibiotic_occurrence_in_solid_environmental_matrices_in_China/19692241,True
soil,soil,Henan,,Tetracycline,tetracyclines,11.69,60.44,ng/g dw,2016,,"Zhang, Q., Zhang, G., Liu, D., Zhang, X., Fang, R., Wang, L., ... & Li, S. (2022). A dataset of distribution of antibiotic occurrence in solid environmental matrices in China. Scientific Data, 9(1), 276.",Zhang_2022.xls (Records sheet). Extracted from ABX_conc_mean/ABX_conc_max with loc_l1-l4 metadata.,N4,Zhang_2022.xls,https://figshare.com/articles/dataset/A_dataset_of_distribution_of_antibiotic_occurrence_in_solid_environmental_matrices_in_China/19692241,True
soil,soil,Sichuan,,Tetracycline,tetracyclines,11.69,60.44,ng/g dw,2016,,"Zhang, Q., Zhang, G., Liu, D., Zhang, X., Fang, R., Wang, L., ... & Li, S. (2022). A dataset of distribution of antibiotic occurrence in solid environmental matrices in China. Scientific Data, 9(1), 276.",Zhang_2022.xls (Records sheet). Extracted from ABX_conc_mean/ABX_conc_max with loc_l1-l4 metadata.,N4,Zhang_2022.xls,https://figshare.com/articles/dataset/A_dataset_of_distribution_of_antibiotic_occurrence_in_solid_environmental_matrices_in_China/19692241,True
soil,soil,Henan,,Oxytetracycline,tetracyclines,37.1,415.0,ng/g dw,2016,,"Zhang, Q., Zhang, G., Liu, D., Zhang, X., Fang, R., Wang, L., ... & Li, S. (2022). A dataset of distribution of antibiotic occurrence in solid environmental matrices in China. Scientific Data, 9(1), 276.",Zhang_2022.xls (Records sheet). Extracted from ABX_conc_mean/ABX_conc_max with loc_l1-l4 metadata.,N4,Zhang_2022.xls,https://figshare.com/articles/dataset/A_dataset_of_distribution_of_antibiotic_occurrence_in_solid_environmental_matrices_in_China/19692241,True
soil,soil,Sichuan,,Oxytetracycline,tetracyclines,37.1,415.0,ng/g dw,2016,,"Zhang, Q., Zhang, G., Liu, D., Zhang, X., Fang, R., Wang, L., ... & Li, S. (2022). A dataset of distribution of antibiotic occurrence in solid environmental matrices in China. Scientific Data, 9(1), 276.",Zhang_2022.xls (Records sheet). Extracted from ABX_conc_mean/ABX_conc_max with loc_l1-l4 metadata.,N4,Zhang_2022.xls,https://figshare.com/articles/dataset/A_dataset_of_distribution_of_antibiotic_occurrence_in_solid_environmental_matrices_in_China/19692241,True
soil,soil,Henan,,Doxycycline,tetracyclines,12.5,94.1,ng/g dw,2016,,"Zhang, Q., Zhang, G., Liu, D., Zhang, X., Fang, R., Wang, L., ... & Li, S. (2022). A dataset of distribution of antibiotic occurrence in solid environmental matrices in China. Scientific Data, 9(1), 276.",Zhang_2022.xls (Records sheet). Extracted from ABX_conc_mean/ABX_conc_max with loc_l1-l4 metadata.,N4,Zhang_2022.xls,https://figshare.com/articles/dataset/A_dataset_of_distribution_of_antibiotic_occurrence_in_solid_environmental_matrices_in_China/19692241,True
soil,soil,Sichuan,,Doxycycline,tetracyclines,12.5,94.1,ng/g dw,2016,,"Zhang, Q., Zhang, G., Liu, D., Zhang, X., Fang, R., Wang, L., ... & Li, S. (2022). A dataset of distribution of antibiotic occurrence in solid environmental matrices in China. Scientific Data, 9(1), 276.",Zhang_2022.xls (Records sheet). Extracted from ABX_conc_mean/ABX_conc_max with loc_l1-l4 metadata.,N4,Zhang_2022.xls,https://figshare.com/articles/dataset/A_dataset_of_distribution_of_antibiotic_occurrence_in_solid_environmental_matrices_in_China/19692241,True
soil,soil,Henan,,Chlortetracycline,tetracyclines,21.46,222.0,ng/g dw,2016,,"Zhang, Q., Zhang, G., Liu, D., Zhang, X., Fang, R., Wang, L., ... & Li, S. (2022). A dataset of distribution of antibiotic occurrence in solid environmental matrices in China. Scientific Data, 9(1), 276.",Zhang_2022.xls (Records sheet). Extracted from ABX_conc_mean/ABX_conc_max with loc_l1-l4 metadata.,N4,Zhang_2022.xls,https://figshare.com/articles/dataset/A_dataset_of_distribution_of_antibiotic_occurrence_in_solid_environmental_matrices_in_China/19692241,True
soil,soil,Sichuan,,Chlortetracycline,tetracyclines,21.46,222.0,ng/g dw,2016,,"Zhang, Q., Zhang, G., Liu, D., Zhang, X., Fang, R., Wang, L., ... & Li, S. (2022). A dataset of distribution of antibiotic occurrence in solid environmental matrices in China. Scientific Data, 9(1), 276.",Zhang_2022.xls (Records sheet). Extracted from ABX_conc_mean/ABX_conc_max with loc_l1-l4 metadata.,N4,Zhang_2022.xls,https://figshare.com/articles/dataset/A_dataset_of_distribution_of_antibiotic_occurrence_in_solid_environmental_matrices_in_China/19692241,True
municipal sludge,sludge,Gansu,Lanzhou,Ofloxacin,fluoroquinolones,162.5,,ng/g dw,2014,,"Zhang, Q., Zhang, G., Liu, D., Zhang, X., Fang, R., Wang, L., ... & Li, S. (2022). A dataset of distribution of antibiotic occurrence in solid environmental matrices in China. Scientific Data, 9(1), 276.",Zhang_2022.xls (Records sheet). Extracted from ABX_conc_mean/ABX_conc_max with loc_l1-l4 metadata.,N4,Zhang_2022.xls,https://figshare.com/articles/dataset/A_dataset_of_distribution_of_antibiotic_occurrence_in_solid_environmental_matrices_in_China/19692241,True
municipal sludge,sludge,Gansu,Lanzhou,Norfloxacin,fluoroquinolones,15.0,,ng/g dw,2014,,"Zhang, Q., Zhang, G., Liu, D., Zhang, X., Fang, R., Wang, L., ... & Li, S. (2022). A dataset of distribution of antibiotic occurrence in solid environmental matrices in China. Scientific Data, 9(1), 276.",Zhang_2022.xls (Records sheet). Extracted from ABX_conc_mean/ABX_conc_max with loc_l1-l4 metadata.,N4,Zhang_2022.xls,https://figshare.com/articles/dataset/A_dataset_of_distribution_of_antibiotic_occurrence_in_solid_environmental_matrices_in_China/19692241,True
municipal sludge,sludge,Gansu,Lanzhou,Enrofloxacin,fluoroquinolones,27.5,,ng/g dw,2014,,"Zhang, Q., Zhang, G., Liu, D., Zhang, X., Fang, R., Wang, L., ... & Li, S. (2022). A dataset of distribution of antibiotic occurrence in solid environmental matrices in China. Scientific Data, 9(1), 276.",Zhang_2022.xls (Records sheet). Extracted from ABX_conc_mean/ABX_conc_max with loc_l1-l4 metadata.,N4,Zhang_2022.xls,https://figshare.com/articles/dataset/A_dataset_of_distribution_of_antibiotic_occurrence_in_solid_environmental_matrices_in_China/19692241,True
municipal sludge,sludge,Gansu,Lanzhou,Ciprofloxacin,fluoroquinolones,22.5,,ng/g dw,2014,,"Zhang, Q., Zhang, G., Liu, D., Zhang, X., Fang, R., Wang, L., ... & Li, S. (2022). A dataset of distribution of antibiotic occurrence in solid environmental matrices in China. Scientific Data, 9(1), 276.",Zhang_2022.xls (Records sheet). Extracted from ABX_conc_mean/ABX_conc_max with loc_l1-l4 metadata.,N4,Zhang_2022.xls,https://figshare.com/articles/dataset/A_dataset_of_distribution_of_antibiotic_occurrence_in_solid_environmental_matrices_in_China/19692241,True
municipal sludge,sludge,Gansu,Lanzhou,Chloramphenicol,other,480.0,,ng/g dw,2014,,"Zhang, Q., Zhang, G., Liu, D., Zhang, X., Fang, R., Wang, L., ... & Li, S. (2022). A dataset of distribution of antibiotic occurrence in solid environmental matrices in China. Scientific Data, 9(1), 276.",Zhang_2022.xls (Records sheet). Extracted from ABX_conc_mean/ABX_conc_max with loc_l1-l4 metadata.,N4,Zhang_2022.xls,https://figshare.com/articles/dataset/A_dataset_of_distribution_of_antibiotic_occurrence_in_solid_environmental_matrices_in_China/19692241,True
municipal sludge,sludge,Gansu,Lanzhou,Trimethoprim,sulfonamides,932.5,,ng/g dw,2014,,"Zhang, Q., Zhang, G., Liu, D., Zhang, X., Fang, R., Wang, L., ... & Li, S. (2022). A dataset of distribution of antibiotic occurrence in solid environmental matrices in China. Scientific Data, 9(1), 276.",Zhang_2022.xls (Records sheet). Extracted from ABX_conc_mean/ABX_conc_max with loc_l1-l4 metadata.,N4,Zhang_2022.xls,https://figshare.com/articles/dataset/A_dataset_of_distribution_of_antibiotic_occurrence_in_solid_environmental_matrices_in_China/19692241,True
municipal sludge,sludge,Gansu,Lanzhou,Sulfathiazole,sulfonamides,0.0,,ng/g dw,2014,,"Zhang, Q., Zhang, G., Liu, D., Zhang, X., Fang, R., Wang, L., ... & Li, S. (2022). A dataset of distribution of antibiotic occurrence in solid environmental matrices in China. Scientific Data, 9(1), 276.",Zhang_2022.xls (Records sheet). Extracted from ABX_conc_mean/ABX_conc_max with loc_l1-l4 metadata.,N4,Zhang_2022.xls,https://figshare.com/articles/dataset/A_dataset_of_distribution_of_antibiotic_occurrence_in_solid_environmental_matrices_in_China/19692241,True
municipal sludge,sludge,Gansu,Lanzhou,Sulfapyridine,sulfonamides,175.00000000000003,,ng/g dw,2014,,"Zhang, Q., Zhang, G., Liu, D., Zhang, X., Fang, R., Wang, L., ... & Li, S. (2022). A dataset of distribution of antibiotic occurrence in solid environmental matrices in China. Scientific Data, 9(1), 276.",Zhang_2022.xls (Records sheet). Extracted from ABX_conc_mean/ABX_conc_max with loc_l1-l4 metadata.,N4,Zhang_2022.xls,https://figshare.com/articles/dataset/A_dataset_of_distribution_of_antibiotic_occurrence_in_solid_environmental_matrices_in_China/19692241,True
municipal sludge,sludge,Gansu,Lanzhou,Sulfamerazine,sulfonamides,937.5,,ng/g dw,2014,,"Zhang, Q., Zhang, G., Liu, D., Zhang, X., Fang, R., Wang, L., ... & Li, S. (2022). A dataset of distribution of antibiotic occurrence in solid environmental matrices in China. Scientific Data, 9(1), 276.",Zhang_2022.xls (Records sheet). Extracted from ABX_conc_mean/ABX_conc_max with loc_l1-l4 metadata.,N4,Zhang_2022.xls,https://figshare.com/articles/dataset/A_dataset_of_distribution_of_antibiotic_occurrence_in_solid_environmental_matrices_in_China/19692241,True
municipal sludge,sludge,Gansu,Lanzhou,Sulfamethazine,sulfonamides,302.5,,ng/g dw,2014,,"Zhang, Q., Zhang, G., Liu, D., Zhang, X., Fang, R., Wang, L., ... & Li, S. (2022). A dataset of distribution of antibiotic occurrence in solid environmental matrices in China. Scientific Data, 9(1), 276.",Zhang_2022.xls (Records sheet). Extracted from ABX_conc_mean/ABX_conc_max with loc_l1-l4 metadata.,N4,Zhang_2022.xls,https://figshare.com/articles/dataset/A_dataset_of_distribution_of_antibiotic_occurrence_in_solid_environmental_matrices_in_China/19692241,True
municipal sludge,sludge,Gansu,Lanzhou,Sulfamethoxazole,sulfonamides,357.5,,ng/g dw,2014,,"Zhang, Q., Zhang, G., Liu, D., Zhang, X., Fang, R., Wang, L., ... & Li, S. (2022). A dataset of distribution of antibiotic occurrence in solid environmental matrices in China. Scientific Data, 9(1), 276.",Zhang_2022.xls (Records sheet). Extracted from ABX_conc_mean/ABX_conc_max with loc_l1-l4 metadata.,N4,Zhang_2022.xls,https://figshare.com/articles/dataset/A_dataset_of_distribution_of_antibiotic_occurrence_in_solid_environmental_matrices_in_China/19692241,True
municipal sludge,sludge,Gansu,Lanzhou,Sulfamonomethoxine,sulfonamides,255.0,,ng/g dw,2014,,"Zhang, Q., Zhang, G., Liu, D., Zhang, X., Fang, R., Wang, L., ... & Li, S. (2022). A dataset of distribution of antibiotic occurrence in solid environmental matrices in China. Scientific Data, 9(1), 276.",Zhang_2022.xls (Records sheet). Extracted from ABX_conc_mean/ABX_conc_max with loc_l1-l4 metadata.,N4,Zhang_2022.xls,https://figshare.com/articles/dataset/A_dataset_of_distribution_of_antibiotic_occurrence_in_solid_environmental_matrices_in_China/19692241,True
municipal sludge,sludge,Gansu,Lanzhou,Sulfadiazine,sulfonamides,5.0,,ng/g dw,2014,,"Zhang, Q., Zhang, G., Liu, D., Zhang, X., Fang, R., Wang, L., ... & Li, S. (2022). A dataset of distribution of antibiotic occurrence in solid environmental matrices in China. Scientific Data, 9(1), 276.",Zhang_2022.xls (Records sheet). Extracted from ABX_conc_mean/ABX_conc_max with loc_l1-l4 metadata.,N4,Zhang_2022.xls,https://figshare.com/articles/dataset/A_dataset_of_distribution_of_antibiotic_occurrence_in_solid_environmental_matrices_in_China/19692241,True
municipal sludge,sludge,Gansu,Lanzhou,Sulfadimethoxine,sulfonamides,100.0,,ng/g dw,2014,,"Zhang, Q., Zhang, G., Liu, D., Zhang, X., Fang, R., Wang, L., ... & Li, S. (2022). A dataset of distribution of antibiotic occurrence in solid environmental matrices in China. Scientific Data, 9(1), 276.",Zhang_2022.xls (Records sheet). Extracted from ABX_conc_mean/ABX_conc_max with loc_l1-l4 metadata.,N4,Zhang_2022.xls,https://figshare.com/articles/dataset/A_dataset_of_distribution_of_antibiotic_occurrence_in_solid_environmental_matrices_in_China/19692241,True
sediment,sediment,Shaanxi,Xian,Norfloxacin,fluoroquinolones,111.0,680.0,ng/g dw,2017,,"Zhang, Q., Zhang, G., Liu, D., Zhang, X., Fang, R., Wang, L., ... & Li, S. (2022). A dataset of distribution of antibiotic occurrence in solid environmental matrices in China. Scientific Data, 9(1), 276.",Zhang_2022.xls (Records sheet). Extracted from ABX_conc_mean/ABX_conc_max with loc_l1-l4 metadata.,N4,Zhang_2022.xls,https://figshare.com/articles/dataset/A_dataset_of_distribution_of_antibiotic_occurrence_in_solid_environmental_matrices_in_China/19692241,True
sediment,sediment,Shaanxi,Xian,Ciprofloxacin,fluoroquinolones,17.3,53.0,ng/g dw,2017,,"Zhang, Q., Zhang, G., Liu, D., Zhang, X., Fang, R., Wang, L., ... & Li, S. (2022). A dataset of distribution of antibiotic occurrence in solid environmental matrices in China. Scientific Data, 9(1), 276.",Zhang_2022.xls (Records sheet). Extracted from ABX_conc_mean/ABX_conc_max with loc_l1-l4 metadata.,N4,Zhang_2022.xls,https://figshare.com/articles/dataset/A_dataset_of_distribution_of_antibiotic_occurrence_in_solid_environmental_matrices_in_China/19692241,True
sediment,sediment,Shaanxi,Xian,Erythromycin-H2O,macrolides,50.9,201.0,ng/g dw,2017,,"Zhang, Q., Zhang, G., Liu, D., Zhang, X., Fang, R., Wang, L., ... & Li, S. (2022). A dataset of distribution of antibiotic occurrence in solid environmental matrices in China. Scientific Data, 9(1), 276.",Zhang_2022.xls (Records sheet). Extracted from ABX_conc_mean/ABX_conc_max with loc_l1-l4 metadata.,N4,Zhang_2022.xls,https://figshare.com/articles/dataset/A_dataset_of_distribution_of_antibiotic_occurrence_in_solid_environmental_matrices_in_China/19692241,True
sediment,sediment,Shaanxi,Xian,Chloramphenicol,other,2.79,3.17,ng/g dw,2017,,"Zhang, Q., Zhang, G., Liu, D., Zhang, X., Fang, R., Wang, L., ... & Li, S. (2022). A dataset of distribution of antibiotic occurrence in solid environmental matrices in China. Scientific Data, 9(1), 276.",Zhang_2022.xls (Records sheet). Extracted from ABX_conc_mean/ABX_conc_max with loc_l1-l4 metadata.,N4,Zhang_2022.xls,https://figshare.com/articles/dataset/A_dataset_of_distribution_of_antibiotic_occurrence_in_solid_environmental_matrices_in_China/19692241,True
sediment,sediment,Shaanxi,Xian,Trimethoprim,sulfonamides,14.7,31.4,ng/g dw,2017,,"Zhang, Q., Zhang, G., Liu, D., Zhang, X., Fang, R., Wang, L., ... & Li, S. (2022). A dataset of distribution of antibiotic occurrence in solid environmental matrices in China. Scientific Data, 9(1), 276.",Zhang_2022.xls (Records sheet). Extracted from ABX_conc_mean/ABX_conc_max with loc_l1-l4 metadata.,N4,Zhang_2022.xls,https://figshare.com/articles/dataset/A_dataset_of_distribution_of_antibiotic_occurrence_in_solid_environmental_matrices_in_China/19692241,True
sediment,sediment,Shaanxi,Xian,Sulfamethazine,sulfonamides,36.5,97.5,ng/g dw,2017,,"Zhang, Q., Zhang, G., Liu, D., Zhang, X., Fang, R., Wang, L., ... & Li, S. (2022). A dataset of distribution of antibiotic occurrence in solid environmental matrices in China. Scientific Data, 9(1), 276.",Zhang_2022.xls (Records sheet). Extracted from ABX_conc_mean/ABX_conc_max with loc_l1-l4 metadata.,N4,Zhang_2022.xls,https://figshare.com/articles/dataset/A_dataset_of_distribution_of_antibiotic_occurrence_in_solid_environmental_matrices_in_China/19692241,True
sediment,sediment,Shaanxi,Xian,Sulfadiazine,sulfonamides,2.58,4.31,ng/g dw,2017,,"Zhang, Q., Zhang, G., Liu, D., Zhang, X., Fang, R., Wang, L., ... & Li, S. (2022). A dataset of distribution of antibiotic occurrence in solid environmental matrices in China. Scientific Data, 9(1), 276.",Zhang_2022.xls (Records sheet). Extracted from ABX_conc_mean/ABX_conc_max with loc_l1-l4 metadata.,N4,Zhang_2022.xls,https://figshare.com/articles/dataset/A_dataset_of_distribution_of_antibiotic_occurrence_in_solid_environmental_matrices_in_China/19692241,True
sediment,sediment,Shaanxi,Xian,Tetracycline,tetracyclines,128.0,635.0,ng/g dw,2017,,"Zhang, Q., Zhang, G., Liu, D., Zhang, X., Fang, R., Wang, L., ... & Li, S. (2022). A dataset of distribution of antibiotic occurrence in solid environmental matrices in China. Scientific Data, 9(1), 276.",Zhang_2022.xls (Records sheet). Extracted from ABX_conc_mean/ABX_conc_max with loc_l1-l4 metadata.,N4,Zhang_2022.xls,https://figshare.com/articles/dataset/A_dataset_of_distribution_of_antibiotic_occurrence_in_solid_environmental_matrices_in_China/19692241,True
sediment,sediment,Shaanxi,Xian,Roxithromycin,tetracyclines,27.9,86.0,ng/g dw,2017,,"Zhang, Q., Zhang, G., Liu, D., Zhang, X., Fang, R., Wang, L., ... & Li, S. (2022). A dataset of distribution of antibiotic occurrence in solid environmental matrices in China. Scientific Data, 9(1), 276.",Zhang_2022.xls (Records sheet). Extracted from ABX_conc_mean/ABX_conc_max with loc_l1-l4 metadata.,N4,Zhang_2022.xls,https://figshare.com/articles/dataset/A_dataset_of_distribution_of_antibiotic_occurrence_in_solid_environmental_matrices_in_China/19692241,True
sediment,sediment,Shaanxi,Xian,Oxytetracycline,tetracyclines,456.0,2080.0,ng/g dw,2017,,"Zhang, Q., Zhang, G., Liu, D., Zhang, X., Fang, R., Wang, L., ... & Li, S. (2022). A dataset of distribution of antibiotic occurrence in solid environmental matrices in China. Scientific Data, 9(1), 276.",Zhang_2022.xls (Records sheet). Extracted from ABX_conc_mean/ABX_conc_max with loc_l1-l4 metadata.,N4,Zhang_2022.xls,https://figshare.com/articles/dataset/A_dataset_of_distribution_of_antibiotic_occurrence_in_solid_environmental_matrices_in_China/19692241,True
sediment,sediment,Shaanxi,Xian,Chlortetracycline,tetracyclines,3.38,4.64,ng/g dw,2017,,"Zhang, Q., Zhang, G., Liu, D., Zhang, X., Fang, R., Wang, L., ... & Li, S. (2022). A dataset of distribution of antibiotic occurrence in solid environmental matrices in China. Scientific Data, 9(1), 276.",Zhang_2022.xls (Records sheet). Extracted from ABX_conc_mean/ABX_conc_max with loc_l1-l4 metadata.,N4,Zhang_2022.xls,https://figshare.com/articles/dataset/A_dataset_of_distribution_of_antibiotic_occurrence_in_solid_environmental_matrices_in_China/19692241,True
sediment,sediment,Shaanxi,Xian,Cefazolin,beta-lactams,43.0,104.0,ng/g dw,2017,,"Zhang, Q., Zhang, G., Liu, D., Zhang, X., Fang, R., Wang, L., ... & Li, S. (2022). A dataset of distribution of antibiotic occurrence in solid environmental matrices in China. Scientific Data, 9(1), 276.",Zhang_2022.xls (Records sheet). Extracted from ABX_conc_mean/ABX_conc_max with loc_l1-l4 metadata.,N4,Zhang_2022.xls,https://figshare.com/articles/dataset/A_dataset_of_distribution_of_antibiotic_occurrence_in_solid_environmental_matrices_in_China/19692241,True
sediment,sediment,Shaanxi,,Mecillinam,other,1.7,12.35,ng/g dw,2020,,"Zhang, Q., Zhang, G., Liu, D., Zhang, X., Fang, R., Wang, L., ... & Li, S. (2022). A dataset of distribution of antibiotic occurrence in solid environmental matrices in China. Scientific Data, 9(1), 276.",Zhang_2022.xls (Records sheet). Extracted from ABX_conc_mean/ABX_conc_max with loc_l1-l4 metadata.,N4,Zhang_2022.xls,https://figshare.com/articles/dataset/A_dataset_of_distribution_of_antibiotic_occurrence_in_solid_environmental_matrices_in_China/19692241,True
sediment,sediment,Shaanxi,,Oxytetracycline,tetracyclines,16.13,87.89,ng/g dw,2018,,"Zhang, Q., Zhang, G., Liu, D., Zhang, X., Fang, R., Wang, L., ... & Li, S. (2022). A dataset of distribution of antibiotic occurrence in solid environmental matrices in China. Scientific Data, 9(1), 276.",Zhang_2022.xls (Records sheet). Extracted from ABX_conc_mean/ABX_conc_max with loc_l1-l4 metadata.,N4,Zhang_2022.xls,https://figshare.com/articles/dataset/A_dataset_of_distribution_of_antibiotic_occurrence_in_solid_environmental_matrices_in_China/19692241,True
sediment,sediment,Shaanxi,,Chlortetracycline,tetracyclines,4.96,26.78,ng/g dw,2019,,"Zhang, Q., Zhang, G., Liu, D., Zhang, X., Fang, R., Wang, L., ... & Li, S. (2022). A dataset of distribution of antibiotic occurrence in solid environmental matrices in China. Scientific Data, 9(1), 276.",Zhang_2022.xls (Records sheet). Extracted from ABX_conc_mean/ABX_conc_max with loc_l1-l4 metadata.,N4,Zhang_2022.xls,https://figshare.com/articles/dataset/A_dataset_of_distribution_of_antibiotic_occurrence_in_solid_environmental_matrices_in_China/19692241,True
soil,soil,Tianjin,Northern China amended soil Soil 3,Sulfamethoxazole,sulfonamides,2.2,,ng/g dw,2014,,"Hou, J., Wan, W., Mao, D., Wang, C., Mu, Q., Qin, S., & Luo, Y. (2015). Occurrence and distribution of sulfonamides, tetracyclines, quinolones, macrolides, and nitrofurans in livestock manure and amended soils of Northern China. Environmental Science and Pollution Research, 22, 4545–4554.",Sup 2014 Hou Table 9 soils section (Soil 3) | Hou supplement abbreviation normalized to full compound names using Sup 2014 Table 0 compound list.,N_HOU2015_NORTH_SOIL,Sup 2014 Jie Hou ... .docx,https://doi.org/10.1007/s11356-014-3632-y,True
soil,soil,Tianjin,Northern China amended soil Soil 4,Sulfamethoxazole,sulfonamides,8.3,,ng/g dw,2014,,"Hou, J., Wan, W., Mao, D., Wang, C., Mu, Q., Qin, S., & Luo, Y. (2015). Occurrence and distribution of sulfonamides, tetracyclines, quinolones, macrolides, and nitrofurans in livestock manure and amended soils of Northern China. Environmental Science and Pollution Research, 22, 4545–4554.",Sup 2014 Hou Table 9 soils section (Soil 4) | Hou supplement abbreviation normalized to full compound names using Sup 2014 Table 0 compound list.,N_HOU2015_NORTH_SOIL,Sup 2014 Jie Hou ... .docx,https://doi.org/10.1007/s11356-014-3632-y,True
soil,soil,Tianjin,Northern China amended soil Soil 5,Sulfamethoxazole,sulfonamides,11.6,,ng/g dw,2014,,"Hou, J., Wan, W., Mao, D., Wang, C., Mu, Q., Qin, S., & Luo, Y. (2015). Occurrence and distribution of sulfonamides, tetracyclines, quinolones, macrolides, and nitrofurans in livestock manure and amended soils of Northern China. Environmental Science and Pollution Research, 22, 4545–4554.",Sup 2014 Hou Table 9 soils section (Soil 5) | Hou supplement abbreviation normalized to full compound names using Sup 2014 Table 0 compound list.,N_HOU2015_NORTH_SOIL,Sup 2014 Jie Hou ... .docx,https://doi.org/10.1007/s11356-014-3632-y,True
soil,soil,Tianjin,Northern China amended soil Soil 6,Sulfamethoxazole,sulfonamides,46.6,,ng/g dw,2014,,"Hou, J., Wan, W., Mao, D., Wang, C., Mu, Q., Qin, S., & Luo, Y. (2015). Occurrence and distribution of sulfonamides, tetracyclines, quinolones, macrolides, and nitrofurans in livestock manure and amended soils of Northern China. Environmental Science and Pollution Research, 22, 4545–4554.",Sup 2014 Hou Table 9 soils section (Soil 6) | Hou supplement abbreviation normalized to full compound names using Sup 2014 Table 0 compound list.,N_HOU2015_NORTH_SOIL,Sup 2014 Jie Hou ... .docx,https://doi.org/10.1007/s11356-014-3632-y,True
soil,soil,Tianjin,Northern China amended soil Soil 7,Sulfamethoxazole,sulfonamides,12.3,,ng/g dw,2014,,"Hou, J., Wan, W., Mao, D., Wang, C., Mu, Q., Qin, S., & Luo, Y. (2015). Occurrence and distribution of sulfonamides, tetracyclines, quinolones, macrolides, and nitrofurans in livestock manure and amended soils of Northern China. Environmental Science and Pollution Research, 22, 4545–4554.",Sup 2014 Hou Table 9 soils section (Soil 7) | Hou supplement abbreviation normalized to full compound names using Sup 2014 Table 0 compound list.,N_HOU2015_NORTH_SOIL,Sup 2014 Jie Hou ... .docx,https://doi.org/10.1007/s11356-014-3632-y,True
soil,soil,Tianjin,Northern China amended soil Soil 8,Sulfamethoxazole,sulfonamides,11.9,,ng/g dw,2014,,"Hou, J., Wan, W., Mao, D., Wang, C., Mu, Q., Qin, S., & Luo, Y. (2015). Occurrence and distribution of sulfonamides, tetracyclines, quinolones, macrolides, and nitrofurans in livestock manure and amended soils of Northern China. Environmental Science and Pollution Research, 22, 4545–4554.",Sup 2014 Hou Table 9 soils section (Soil 8) | Hou supplement abbreviation normalized to full compound names using Sup 2014 Table 0 compound list.,N_HOU2015_NORTH_SOIL,Sup 2014 Jie Hou ... .docx,https://doi.org/10.1007/s11356-014-3632-y,True
soil,soil,Tianjin,Northern China amended soil Soil 9,Sulfamethoxazole,sulfonamides,3.8,,ng/g dw,2014,,"Hou, J., Wan, W., Mao, D., Wang, C., Mu, Q., Qin, S., & Luo, Y. (2015). Occurrence and distribution of sulfonamides, tetracyclines, quinolones, macrolides, and nitrofurans in livestock manure and amended soils of Northern China. Environmental Science and Pollution Research, 22, 4545–4554.",Sup 2014 Hou Table 9 soils section (Soil 9) | Hou supplement abbreviation normalized to full compound names using Sup 2014 Table 0 compound list.,N_HOU2015_NORTH_SOIL,Sup 2014 Jie Hou ... .docx,https://doi.org/10.1007/s11356-014-3632-y,True
soil,soil,Tianjin,Northern China amended soil Soil 10,Sulfamethoxazole,sulfonamides,6.2,,ng/g dw,2014,,"Hou, J., Wan, W., Mao, D., Wang, C., Mu, Q., Qin, S., & Luo, Y. (2015). Occurrence and distribution of sulfonamides, tetracyclines, quinolones, macrolides, and nitrofurans in livestock manure and amended soils of Northern China. Environmental Science and Pollution Research, 22, 4545–4554.",Sup 2014 Hou Table 9 soils section (Soil 10) | Hou supplement abbreviation normalized to full compound names using Sup 2014 Table 0 compound list.,N_HOU2015_NORTH_SOIL,Sup 2014 Jie Hou ... .docx,https://doi.org/10.1007/s11356-014-3632-y,True
soil,soil,Tianjin,Northern China amended soil Soil 3,Sulfadimidine,sulfonamides,28.3,,ng/g dw,2014,,"Hou, J., Wan, W., Mao, D., Wang, C., Mu, Q., Qin, S., & Luo, Y. (2015). Occurrence and distribution of sulfonamides, tetracyclines, quinolones, macrolides, and nitrofurans in livestock manure and amended soils of Northern China. Environmental Science and Pollution Research, 22, 4545–4554.",Sup 2014 Hou Table 9 soils section (Soil 3) | Hou supplement abbreviation normalized to full compound names using Sup 2014 Table 0 compound list.,N_HOU2015_NORTH_SOIL,Sup 2014 Jie Hou ... .docx,https://doi.org/10.1007/s11356-014-3632-y,True
soil,soil,Tianjin,Northern China amended soil Soil 4,Sulfadimidine,sulfonamides,33.3,,ng/g dw,2014,,"Hou, J., Wan, W., Mao, D., Wang, C., Mu, Q., Qin, S., & Luo, Y. (2015). Occurrence and distribution of sulfonamides, tetracyclines, quinolones, macrolides, and nitrofurans in livestock manure and amended soils of Northern China. Environmental Science and Pollution Research, 22, 4545–4554.",Sup 2014 Hou Table 9 soils section (Soil 4) | Hou supplement abbreviation normalized to full compound names using Sup 2014 Table 0 compound list.,N_HOU2015_NORTH_SOIL,Sup 2014 Jie Hou ... .docx,https://doi.org/10.1007/s11356-014-3632-y,True
soil,soil,Tianjin,Northern China amended soil Soil 6,Sulfadimidine,sulfonamides,11.6,,ng/g dw,2014,,"Hou, J., Wan, W., Mao, D., Wang, C., Mu, Q., Qin, S., & Luo, Y. (2015). Occurrence and distribution of sulfonamides, tetracyclines, quinolones, macrolides, and nitrofurans in livestock manure and amended soils of Northern China. Environmental Science and Pollution Research, 22, 4545–4554.",Sup 2014 Hou Table 9 soils section (Soil 6) | Hou supplement abbreviation normalized to full compound names using Sup 2014 Table 0 compound list.,N_HOU2015_NORTH_SOIL,Sup 2014 Jie Hou ... .docx,https://doi.org/10.1007/s11356-014-3632-y,True
soil,soil,Tianjin,Northern China amended soil Soil 7,Sulfadimidine,sulfonamides,59.2,,ng/g dw,2014,,"Hou, J., Wan, W., Mao, D., Wang, C., Mu, Q., Qin, S., & Luo, Y. (2015). Occurrence and distribution of sulfonamides, tetracyclines, quinolones, macrolides, and nitrofurans in livestock manure and amended soils of Northern China. Environmental Science and Pollution Research, 22, 4545–4554.",Sup 2014 Hou Table 9 soils section (Soil 7) | Hou supplement abbreviation normalized to full compound names using Sup 2014 Table 0 compound list.,N_HOU2015_NORTH_SOIL,Sup 2014 Jie Hou ... .docx,https://doi.org/10.1007/s11356-014-3632-y,True
soil,soil,Tianjin,Northern China amended soil Soil 8,Sulfadimidine,sulfonamides,30.5,,ng/g dw,2014,,"Hou, J., Wan, W., Mao, D., Wang, C., Mu, Q., Qin, S., & Luo, Y. (2015). Occurrence and distribution of sulfonamides, tetracyclines, quinolones, macrolides, and nitrofurans in livestock manure and amended soils of Northern China. Environmental Science and Pollution Research, 22, 4545–4554.",Sup 2014 Hou Table 9 soils section (Soil 8) | Hou supplement abbreviation normalized to full compound names using Sup 2014 Table 0 compound list.,N_HOU2015_NORTH_SOIL,Sup 2014 Jie Hou ... .docx,https://doi.org/10.1007/s11356-014-3632-y,True
soil,soil,Tianjin,Northern China amended soil Soil 9,Sulfadimidine,sulfonamides,15.3,,ng/g dw,2014,,"Hou, J., Wan, W., Mao, D., Wang, C., Mu, Q., Qin, S., & Luo, Y. (2015). Occurrence and distribution of sulfonamides, tetracyclines, quinolones, macrolides, and nitrofurans in livestock manure and amended soils of Northern China. Environmental Science and Pollution Research, 22, 4545–4554.",Sup 2014 Hou Table 9 soils section (Soil 9) | Hou supplement abbreviation normalized to full compound names using Sup 2014 Table 0 compound list.,N_HOU2015_NORTH_SOIL,Sup 2014 Jie Hou ... .docx,https://doi.org/10.1007/s11356-014-3632-y,True
soil,soil,Tianjin,Northern China amended soil Soil 10,Sulfadimidine,sulfonamides,15.5,,ng/g dw,2014,,"Hou, J., Wan, W., Mao, D., Wang, C., Mu, Q., Qin, S., & Luo, Y. (2015). Occurrence and distribution of sulfonamides, tetracyclines, quinolones, macrolides, and nitrofurans in livestock manure and amended soils of Northern China. Environmental Science and Pollution Research, 22, 4545–4554.",Sup 2014 Hou Table 9 soils section (Soil 10) | Hou supplement abbreviation normalized to full compound names using Sup 2014 Table 0 compound list.,N_HOU2015_NORTH_SOIL,Sup 2014 Jie Hou ... .docx,https://doi.org/10.1007/s11356-014-3632-y,True
soil,soil,Tianjin,Northern China amended soil Soil 1,Sulfachloropyridazine,sulfonamides,15.1,,ng/g dw,2014,,"Hou, J., Wan, W., Mao, D., Wang, C., Mu, Q., Qin, S., & Luo, Y. (2015). Occurrence and distribution of sulfonamides, tetracyclines, quinolones, macrolides, and nitrofurans in livestock manure and amended soils of Northern China. Environmental Science and Pollution Research, 22, 4545–4554.",Sup 2014 Hou Table 9 soils section (Soil 1) | Hou supplement abbreviation normalized to full compound names using Sup 2014 Table 0 compound list.,N_HOU2015_NORTH_SOIL,Sup 2014 Jie Hou ... .docx,https://doi.org/10.1007/s11356-014-3632-y,True
soil,soil,Tianjin,Northern China amended soil Soil 2,Sulfachloropyridazine,sulfonamides,36.7,,ng/g dw,2014,,"Hou, J., Wan, W., Mao, D., Wang, C., Mu, Q., Qin, S., & Luo, Y. (2015). Occurrence and distribution of sulfonamides, tetracyclines, quinolones, macrolides, and nitrofurans in livestock manure and amended soils of Northern China. Environmental Science and Pollution Research, 22, 4545–4554.",Sup 2014 Hou Table 9 soils section (Soil 2) | Hou supplement abbreviation normalized to full compound names using Sup 2014 Table 0 compound list.,N_HOU2015_NORTH_SOIL,Sup 2014 Jie Hou ... .docx,https://doi.org/10.1007/s11356-014-3632-y,True
soil,soil,Tianjin,Northern China amended soil Soil 3,Sulfachloropyridazine,sulfonamides,3.9,,ng/g dw,2014,,"Hou, J., Wan, W., Mao, D., Wang, C., Mu, Q., Qin, S., & Luo, Y. (2015). Occurrence and distribution of sulfonamides, tetracyclines, quinolones, macrolides, and nitrofurans in livestock manure and amended soils of Northern China. Environmental Science and Pollution Research, 22, 4545–4554.",Sup 2014 Hou Table 9 soils section (Soil 3) | Hou supplement abbreviation normalized to full compound names using Sup 2014 Table 0 compound list.,N_HOU2015_NORTH_SOIL,Sup 2014 Jie Hou ... .docx,https://doi.org/10.1007/s11356-014-3632-y,True
soil,soil,Tianjin,Northern China amended soil Soil 4,Sulfachloropyridazine,sulfonamides,14.3,,ng/g dw,2014,,"Hou, J., Wan, W., Mao, D., Wang, C., Mu, Q., Qin, S., & Luo, Y. (2015). Occurrence and distribution of sulfonamides, tetracyclines, quinolones, macrolides, and nitrofurans in livestock manure and amended soils of Northern China. Environmental Science and Pollution Research, 22, 4545–4554.",Sup 2014 Hou Table 9 soils section (Soil 4) | Hou supplement abbreviation normalized to full compound names using Sup 2014 Table 0 compound list.,N_HOU2015_NORTH_SOIL,Sup 2014 Jie Hou ... .docx,https://doi.org/10.1007/s11356-014-3632-y,True
soil,soil,Tianjin,Northern China amended soil Soil 5,Sulfachloropyridazine,sulfonamides,8.4,,ng/g dw,2014,,"Hou, J., Wan, W., Mao, D., Wang, C., Mu, Q., Qin, S., & Luo, Y. (2015). Occurrence and distribution of sulfonamides, tetracyclines, quinolones, macrolides, and nitrofurans in livestock manure and amended soils of Northern China. Environmental Science and Pollution Research, 22, 4545–4554.",Sup 2014 Hou Table 9 soils section (Soil 5) | Hou supplement abbreviation normalized to full compound names using Sup 2014 Table 0 compound list.,N_HOU2015_NORTH_SOIL,Sup 2014 Jie Hou ... .docx,https://doi.org/10.1007/s11356-014-3632-y,True
soil,soil,Tianjin,Northern China amended soil Soil 6,Sulfachloropyridazine,sulfonamides,9.7,,ng/g dw,2014,,"Hou, J., Wan, W., Mao, D., Wang, C., Mu, Q., Qin, S., & Luo, Y. (2015). Occurrence and distribution of sulfonamides, tetracyclines, quinolones, macrolides, and nitrofurans in livestock manure and amended soils of Northern China. Environmental Science and Pollution Research, 22, 4545–4554.",Sup 2014 Hou Table 9 soils section (Soil 6) | Hou supplement abbreviation normalized to full compound names using Sup 2014 Table 0 compound list.,N_HOU2015_NORTH_SOIL,Sup 2014 Jie Hou ... .docx,https://doi.org/10.1007/s11356-014-3632-y,True
soil,soil,Tianjin,Northern China amended soil Soil 7,Sulfachloropyridazine,sulfonamides,23.9,,ng/g dw,2014,,"Hou, J., Wan, W., Mao, D., Wang, C., Mu, Q., Qin, S., & Luo, Y. (2015). Occurrence and distribution of sulfonamides, tetracyclines, quinolones, macrolides, and nitrofurans in livestock manure and amended soils of Northern China. Environmental Science and Pollution Research, 22, 4545–4554.",Sup 2014 Hou Table 9 soils section (Soil 7) | Hou supplement abbreviation normalized to full compound names using Sup 2014 Table 0 compound list.,N_HOU2015_NORTH_SOIL,Sup 2014 Jie Hou ... .docx,https://doi.org/10.1007/s11356-014-3632-y,True
soil,soil,Tianjin,Northern China amended soil Soil 8,Sulfachloropyridazine,sulfonamides,9.3,,ng/g dw,2014,,"Hou, J., Wan, W., Mao, D., Wang, C., Mu, Q., Qin, S., & Luo, Y. (2015). Occurrence and distribution of sulfonamides, tetracyclines, quinolones, macrolides, and nitrofurans in livestock manure and amended soils of Northern China. Environmental Science and Pollution Research, 22, 4545–4554.",Sup 2014 Hou Table 9 soils section (Soil 8) | Hou supplement abbreviation normalized to full compound names using Sup 2014 Table 0 compound list.,N_HOU2015_NORTH_SOIL,Sup 2014 Jie Hou ... .docx,https://doi.org/10.1007/s11356-014-3632-y,True
soil,soil,Tianjin,Northern China amended soil Soil 9,Sulfachloropyridazine,sulfonamides,28.5,,ng/g dw,2014,,"Hou, J., Wan, W., Mao, D., Wang, C., Mu, Q., Qin, S., & Luo, Y. (2015). Occurrence and distribution of sulfonamides, tetracyclines, quinolones, macrolides, and nitrofurans in livestock manure and amended soils of Northern China. Environmental Science and Pollution Research, 22, 4545–4554.",Sup 2014 Hou Table 9 soils section (Soil 9) | Hou supplement abbreviation normalized to full compound names using Sup 2014 Table 0 compound list.,N_HOU2015_NORTH_SOIL,Sup 2014 Jie Hou ... .docx,https://doi.org/10.1007/s11356-014-3632-y,True
soil,soil,Tianjin,Northern China amended soil Soil 10,Sulfachloropyridazine,sulfonamides,52.9,,ng/g dw,2014,,"Hou, J., Wan, W., Mao, D., Wang, C., Mu, Q., Qin, S., & Luo, Y. (2015). Occurrence and distribution of sulfonamides, tetracyclines, quinolones, macrolides, and nitrofurans in livestock manure and amended soils of Northern China. Environmental Science and Pollution Research, 22, 4545–4554.",Sup 2014 Hou Table 9 soils section (Soil 10) | Hou supplement abbreviation normalized to full compound names using Sup 2014 Table 0 compound list.,N_HOU2015_NORTH_SOIL,Sup 2014 Jie Hou ... .docx,https://doi.org/10.1007/s11356-014-3632-y,True
soil,soil,Tianjin,Northern China amended soil Soil 1,Trimethoprim,other,28.4,,ng/g dw,2014,,"Hou, J., Wan, W., Mao, D., Wang, C., Mu, Q., Qin, S., & Luo, Y. (2015). Occurrence and distribution of sulfonamides, tetracyclines, quinolones, macrolides, and nitrofurans in livestock manure and amended soils of Northern China. Environmental Science and Pollution Research, 22, 4545–4554.",Sup 2014 Hou Table 9 soils section (Soil 1) | Hou supplement abbreviation normalized to full compound names using Sup 2014 Table 0 compound list.,N_HOU2015_NORTH_SOIL,Sup 2014 Jie Hou ... .docx,https://doi.org/10.1007/s11356-014-3632-y,True
soil,soil,Tianjin,Northern China amended soil Soil 3,Trimethoprim,other,21.5,,ng/g dw,2014,,"Hou, J., Wan, W., Mao, D., Wang, C., Mu, Q., Qin, S., & Luo, Y. (2015). Occurrence and distribution of sulfonamides, tetracyclines, quinolones, macrolides, and nitrofurans in livestock manure and amended soils of Northern China. Environmental Science and Pollution Research, 22, 4545–4554.",Sup 2014 Hou Table 9 soils section (Soil 3) | Hou supplement abbreviation normalized to full compound names using Sup 2014 Table 0 compound list.,N_HOU2015_NORTH_SOIL,Sup 2014 Jie Hou ... .docx,https://doi.org/10.1007/s11356-014-3632-y,True
soil,soil,Tianjin,Northern China amended soil Soil 4,Trimethoprim,other,2.4,,ng/g dw,2014,,"Hou, J., Wan, W., Mao, D., Wang, C., Mu, Q., Qin, S., & Luo, Y. (2015). Occurrence and distribution of sulfonamides, tetracyclines, quinolones, macrolides, and nitrofurans in livestock manure and amended soils of Northern China. Environmental Science and Pollution Research, 22, 4545–4554.",Sup 2014 Hou Table 9 soils section (Soil 4) | Hou supplement abbreviation normalized to full compound names using Sup 2014 Table 0 compound list.,N_HOU2015_NORTH_SOIL,Sup 2014 Jie Hou ... .docx,https://doi.org/10.1007/s11356-014-3632-y,True
soil,soil,Tianjin,Northern China amended soil Soil 5,Trimethoprim,other,6.5,,ng/g dw,2014,,"Hou, J., Wan, W., Mao, D., Wang, C., Mu, Q., Qin, S., & Luo, Y. (2015). Occurrence and distribution of sulfonamides, tetracyclines, quinolones, macrolides, and nitrofurans in livestock manure and amended soils of Northern China. Environmental Science and Pollution Research, 22, 4545–4554.",Sup 2014 Hou Table 9 soils section (Soil 5) | Hou supplement abbreviation normalized to full compound names using Sup 2014 Table 0 compound list.,N_HOU2015_NORTH_SOIL,Sup 2014 Jie Hou ... .docx,https://doi.org/10.1007/s11356-014-3632-y,True
soil,soil,Tianjin,Northern China amended soil Soil 6,Trimethoprim,other,9.5,,ng/g dw,2014,,"Hou, J., Wan, W., Mao, D., Wang, C., Mu, Q., Qin, S., & Luo, Y. (2015). Occurrence and distribution of sulfonamides, tetracyclines, quinolones, macrolides, and nitrofurans in livestock manure and amended soils of Northern China. Environmental Science and Pollution Research, 22, 4545–4554.",Sup 2014 Hou Table 9 soils section (Soil 6) | Hou supplement abbreviation normalized to full compound names using Sup 2014 Table 0 compound list.,N_HOU2015_NORTH_SOIL,Sup 2014 Jie Hou ... .docx,https://doi.org/10.1007/s11356-014-3632-y,True
soil,soil,Tianjin,Northern China amended soil Soil 7,Trimethoprim,other,20.7,,ng/g dw,2014,,"Hou, J., Wan, W., Mao, D., Wang, C., Mu, Q., Qin, S., & Luo, Y. (2015). Occurrence and distribution of sulfonamides, tetracyclines, quinolones, macrolides, and nitrofurans in livestock manure and amended soils of Northern China. Environmental Science and Pollution Research, 22, 4545–4554.",Sup 2014 Hou Table 9 soils section (Soil 7) | Hou supplement abbreviation normalized to full compound names using Sup 2014 Table 0 compound list.,N_HOU2015_NORTH_SOIL,Sup 2014 Jie Hou ... .docx,https://doi.org/10.1007/s11356-014-3632-y,True
soil,soil,Tianjin,Northern China amended soil Soil 10,Trimethoprim,other,0.6,,ng/g dw,2014,,"Hou, J., Wan, W., Mao, D., Wang, C., Mu, Q., Qin, S., & Luo, Y. (2015). Occurrence and distribution of sulfonamides, tetracyclines, quinolones, macrolides, and nitrofurans in livestock manure and amended soils of Northern China. Environmental Science and Pollution Research, 22, 4545–4554.",Sup 2014 Hou Table 9 soils section (Soil 10) | Hou supplement abbreviation normalized to full compound names using Sup 2014 Table 0 compound list.,N_HOU2015_NORTH_SOIL,Sup 2014 Jie Hou ... .docx,https://doi.org/10.1007/s11356-014-3632-y,True
soil,soil,Tianjin,Northern China amended soil Soil 1,Tetracycline,tetracyclines,8.6,,ng/g dw,2014,,"Hou, J., Wan, W., Mao, D., Wang, C., Mu, Q., Qin, S., & Luo, Y. (2015). Occurrence and distribution of sulfonamides, tetracyclines, quinolones, macrolides, and nitrofurans in livestock manure and amended soils of Northern China. Environmental Science and Pollution Research, 22, 4545–4554.",Sup 2014 Hou Table 9 soils section (Soil 1) | Hou supplement abbreviation normalized to full compound names using Sup 2014 Table 0 compound list.,N_HOU2015_NORTH_SOIL,Sup 2014 Jie Hou ... .docx,https://doi.org/10.1007/s11356-014-3632-y,True
soil,soil,Tianjin,Northern China amended soil Soil 2,Tetracycline,tetracyclines,7.9,,ng/g dw,2014,,"Hou, J., Wan, W., Mao, D., Wang, C., Mu, Q., Qin, S., & Luo, Y. (2015). Occurrence and distribution of sulfonamides, tetracyclines, quinolones, macrolides, and nitrofurans in livestock manure and amended soils of Northern China. Environmental Science and Pollution Research, 22, 4545–4554.",Sup 2014 Hou Table 9 soils section (Soil 2) | Hou supplement abbreviation normalized to full compound names using Sup 2014 Table 0 compound list.,N_HOU2015_NORTH_SOIL,Sup 2014 Jie Hou ... .docx,https://doi.org/10.1007/s11356-014-3632-y,True
soil,soil,Tianjin,Northern China amended soil Soil 3,Tetracycline,tetracyclines,2.3,,ng/g dw,2014,,"Hou, J., Wan, W., Mao, D., Wang, C., Mu, Q., Qin, S., & Luo, Y. (2015). Occurrence and distribution of sulfonamides, tetracyclines, quinolones, macrolides, and nitrofurans in livestock manure and amended soils of Northern China. Environmental Science and Pollution Research, 22, 4545–4554.",Sup 2014 Hou Table 9 soils section (Soil 3) | Hou supplement abbreviation normalized to full compound names using Sup 2014 Table 0 compound list.,N_HOU2015_NORTH_SOIL,Sup 2014 Jie Hou ... .docx,https://doi.org/10.1007/s11356-014-3632-y,True
soil,soil,Tianjin,Northern China amended soil Soil 4,Tetracycline,tetracyclines,10.5,,ng/g dw,2014,,"Hou, J., Wan, W., Mao, D., Wang, C., Mu, Q., Qin, S., & Luo, Y. (2015). Occurrence and distribution of sulfonamides, tetracyclines, quinolones, macrolides, and nitrofurans in livestock manure and amended soils of Northern China. Environmental Science and Pollution Research, 22, 4545–4554.",Sup 2014 Hou Table 9 soils section (Soil 4) | Hou supplement abbreviation normalized to full compound names using Sup 2014 Table 0 compound list.,N_HOU2015_NORTH_SOIL,Sup 2014 Jie Hou ... .docx,https://doi.org/10.1007/s11356-014-3632-y,True
soil,soil,Tianjin,Northern China amended soil Soil 5,Tetracycline,tetracyclines,10.8,,ng/g dw,2014,,"Hou, J., Wan, W., Mao, D., Wang, C., Mu, Q., Qin, S., & Luo, Y. (2015). Occurrence and distribution of sulfonamides, tetracyclines, quinolones, macrolides, and nitrofurans in livestock manure and amended soils of Northern China. Environmental Science and Pollution Research, 22, 4545–4554.",Sup 2014 Hou Table 9 soils section (Soil 5) | Hou supplement abbreviation normalized to full compound names using Sup 2014 Table 0 compound list.,N_HOU2015_NORTH_SOIL,Sup 2014 Jie Hou ... .docx,https://doi.org/10.1007/s11356-014-3632-y,True
soil,soil,Tianjin,Northern China amended soil Soil 6,Tetracycline,tetracyclines,46.9,,ng/g dw,2014,,"Hou, J., Wan, W., Mao, D., Wang, C., Mu, Q., Qin, S., & Luo, Y. (2015). Occurrence and distribution of sulfonamides, tetracyclines, quinolones, macrolides, and nitrofurans in livestock manure and amended soils of Northern China. Environmental Science and Pollution Research, 22, 4545–4554.",Sup 2014 Hou Table 9 soils section (Soil 6) | Hou supplement abbreviation normalized to full compound names using Sup 2014 Table 0 compound list.,N_HOU2015_NORTH_SOIL,Sup 2014 Jie Hou ... .docx,https://doi.org/10.1007/s11356-014-3632-y,True
soil,soil,Tianjin,Northern China amended soil Soil 7,Tetracycline,tetracyclines,12.3,,ng/g dw,2014,,"Hou, J., Wan, W., Mao, D., Wang, C., Mu, Q., Qin, S., & Luo, Y. (2015). Occurrence and distribution of sulfonamides, tetracyclines, quinolones, macrolides, and nitrofurans in livestock manure and amended soils of Northern China. Environmental Science and Pollution Research, 22, 4545–4554.",Sup 2014 Hou Table 9 soils section (Soil 7) | Hou supplement abbreviation normalized to full compound names using Sup 2014 Table 0 compound list.,N_HOU2015_NORTH_SOIL,Sup 2014 Jie Hou ... .docx,https://doi.org/10.1007/s11356-014-3632-y,True
soil,soil,Tianjin,Northern China amended soil Soil 8,Tetracycline,tetracyclines,11.8,,ng/g dw,2014,,"Hou, J., Wan, W., Mao, D., Wang, C., Mu, Q., Qin, S., & Luo, Y. (2015). Occurrence and distribution of sulfonamides, tetracyclines, quinolones, macrolides, and nitrofurans in livestock manure and amended soils of Northern China. Environmental Science and Pollution Research, 22, 4545–4554.",Sup 2014 Hou Table 9 soils section (Soil 8) | Hou supplement abbreviation normalized to full compound names using Sup 2014 Table 0 compound list.,N_HOU2015_NORTH_SOIL,Sup 2014 Jie Hou ... .docx,https://doi.org/10.1007/s11356-014-3632-y,True
soil,soil,Tianjin,Northern China amended soil Soil 9,Tetracycline,tetracyclines,3.8,,ng/g dw,2014,,"Hou, J., Wan, W., Mao, D., Wang, C., Mu, Q., Qin, S., & Luo, Y. (2015). Occurrence and distribution of sulfonamides, tetracyclines, quinolones, macrolides, and nitrofurans in livestock manure and amended soils of Northern China. Environmental Science and Pollution Research, 22, 4545–4554.",Sup 2014 Hou Table 9 soils section (Soil 9) | Hou supplement abbreviation normalized to full compound names using Sup 2014 Table 0 compound list.,N_HOU2015_NORTH_SOIL,Sup 2014 Jie Hou ... .docx,https://doi.org/10.1007/s11356-014-3632-y,True
soil,soil,Tianjin,Northern China amended soil Soil 10,Tetracycline,tetracyclines,6.2,,ng/g dw,2014,,"Hou, J., Wan, W., Mao, D., Wang, C., Mu, Q., Qin, S., & Luo, Y. (2015). Occurrence and distribution of sulfonamides, tetracyclines, quinolones, macrolides, and nitrofurans in livestock manure and amended soils of Northern China. Environmental Science and Pollution Research, 22, 4545–4554.",Sup 2014 Hou Table 9 soils section (Soil 10) | Hou supplement abbreviation normalized to full compound names using Sup 2014 Table 0 compound list.,N_HOU2015_NORTH_SOIL,Sup 2014 Jie Hou ... .docx,https://doi.org/10.1007/s11356-014-3632-y,True
soil,soil,Tianjin,Northern China amended soil Soil 1,Chlortetracycline,tetracyclines,145.5,,ng/g dw,2014,,"Hou, J., Wan, W., Mao, D., Wang, C., Mu, Q., Qin, S., & Luo, Y. (2015). Occurrence and distribution of sulfonamides, tetracyclines, quinolones, macrolides, and nitrofurans in livestock manure and amended soils of Northern China. Environmental Science and Pollution Research, 22, 4545–4554.",Sup 2014 Hou Table 9 soils section (Soil 1) | Hou supplement abbreviation normalized to full compound names using Sup 2014 Table 0 compound list.,N_HOU2015_NORTH_SOIL,Sup 2014 Jie Hou ... .docx,https://doi.org/10.1007/s11356-014-3632-y,True
soil,soil,Tianjin,Northern China amended soil Soil 2,Chlortetracycline,tetracyclines,65.4,,ng/g dw,2014,,"Hou, J., Wan, W., Mao, D., Wang, C., Mu, Q., Qin, S., & Luo, Y. (2015). Occurrence and distribution of sulfonamides, tetracyclines, quinolones, macrolides, and nitrofurans in livestock manure and amended soils of Northern China. Environmental Science and Pollution Research, 22, 4545–4554.",Sup 2014 Hou Table 9 soils section (Soil 2) | Hou supplement abbreviation normalized to full compound names using Sup 2014 Table 0 compound list.,N_HOU2015_NORTH_SOIL,Sup 2014 Jie Hou ... .docx,https://doi.org/10.1007/s11356-014-3632-y,True
soil,soil,Tianjin,Northern China amended soil Soil 3,Chlortetracycline,tetracyclines,36.6,,ng/g dw,2014,,"Hou, J., Wan, W., Mao, D., Wang, C., Mu, Q., Qin, S., & Luo, Y. (2015). Occurrence and distribution of sulfonamides, tetracyclines, quinolones, macrolides, and nitrofurans in livestock manure and amended soils of Northern China. Environmental Science and Pollution Research, 22, 4545–4554.",Sup 2014 Hou Table 9 soils section (Soil 3) | Hou supplement abbreviation normalized to full compound names using Sup 2014 Table 0 compound list.,N_HOU2015_NORTH_SOIL,Sup 2014 Jie Hou ... .docx,https://doi.org/10.1007/s11356-014-3632-y,True
soil,soil,Tianjin,Northern China amended soil Soil 4,Chlortetracycline,tetracyclines,6.7,,ng/g dw,2014,,"Hou, J., Wan, W., Mao, D., Wang, C., Mu, Q., Qin, S., & Luo, Y. (2015). Occurrence and distribution of sulfonamides, tetracyclines, quinolones, macrolides, and nitrofurans in livestock manure and amended soils of Northern China. Environmental Science and Pollution Research, 22, 4545–4554.",Sup 2014 Hou Table 9 soils section (Soil 4) | Hou supplement abbreviation normalized to full compound names using Sup 2014 Table 0 compound list.,N_HOU2015_NORTH_SOIL,Sup 2014 Jie Hou ... .docx,https://doi.org/10.1007/s11356-014-3632-y,True
soil,soil,Tianjin,Northern China amended soil Soil 5,Chlortetracycline,tetracyclines,76.7,,ng/g dw,2014,,"Hou, J., Wan, W., Mao, D., Wang, C., Mu, Q., Qin, S., & Luo, Y. (2015). Occurrence and distribution of sulfonamides, tetracyclines, quinolones, macrolides, and nitrofurans in livestock manure and amended soils of Northern China. Environmental Science and Pollution Research, 22, 4545–4554.",Sup 2014 Hou Table 9 soils section (Soil 5) | Hou supplement abbreviation normalized to full compound names using Sup 2014 Table 0 compound list.,N_HOU2015_NORTH_SOIL,Sup 2014 Jie Hou ... .docx,https://doi.org/10.1007/s11356-014-3632-y,True
soil,soil,Tianjin,Northern China amended soil Soil 6,Chlortetracycline,tetracyclines,4.9,,ng/g dw,2014,,"Hou, J., Wan, W., Mao, D., Wang, C., Mu, Q., Qin, S., & Luo, Y. (2015). Occurrence and distribution of sulfonamides, tetracyclines, quinolones, macrolides, and nitrofurans in livestock manure and amended soils of Northern China. Environmental Science and Pollution Research, 22, 4545–4554.",Sup 2014 Hou Table 9 soils section (Soil 6) | Hou supplement abbreviation normalized to full compound names using Sup 2014 Table 0 compound list.,N_HOU2015_NORTH_SOIL,Sup 2014 Jie Hou ... .docx,https://doi.org/10.1007/s11356-014-3632-y,True
soil,soil,Tianjin,Northern China amended soil Soil 7,Chlortetracycline,tetracyclines,6191.7,,ng/g dw,2014,,"Hou, J., Wan, W., Mao, D., Wang, C., Mu, Q., Qin, S., & Luo, Y. (2015). Occurrence and distribution of sulfonamides, tetracyclines, quinolones, macrolides, and nitrofurans in livestock manure and amended soils of Northern China. Environmental Science and Pollution Research, 22, 4545–4554.",Sup 2014 Hou Table 9 soils section (Soil 7) | Hou supplement abbreviation normalized to full compound names using Sup 2014 Table 0 compound list.,N_HOU2015_NORTH_SOIL,Sup 2014 Jie Hou ... .docx,https://doi.org/10.1007/s11356-014-3632-y,True
soil,soil,Tianjin,Northern China amended soil Soil 8,Chlortetracycline,tetracyclines,30.3,,ng/g dw,2014,,"Hou, J., Wan, W., Mao, D., Wang, C., Mu, Q., Qin, S., & Luo, Y. (2015). Occurrence and distribution of sulfonamides, tetracyclines, quinolones, macrolides, and nitrofurans in livestock manure and amended soils of Northern China. Environmental Science and Pollution Research, 22, 4545–4554.",Sup 2014 Hou Table 9 soils section (Soil 8) | Hou supplement abbreviation normalized to full compound names using Sup 2014 Table 0 compound list.,N_HOU2015_NORTH_SOIL,Sup 2014 Jie Hou ... .docx,https://doi.org/10.1007/s11356-014-3632-y,True
soil,soil,Tianjin,Northern China amended soil Soil 9,Chlortetracycline,tetracyclines,21.6,,ng/g dw,2014,,"Hou, J., Wan, W., Mao, D., Wang, C., Mu, Q., Qin, S., & Luo, Y. (2015). Occurrence and distribution of sulfonamides, tetracyclines, quinolones, macrolides, and nitrofurans in livestock manure and amended soils of Northern China. Environmental Science and Pollution Research, 22, 4545–4554.",Sup 2014 Hou Table 9 soils section (Soil 9) | Hou supplement abbreviation normalized to full compound names using Sup 2014 Table 0 compound list.,N_HOU2015_NORTH_SOIL,Sup 2014 Jie Hou ... .docx,https://doi.org/10.1007/s11356-014-3632-y,True
soil,soil,Tianjin,Northern China amended soil Soil 10,Chlortetracycline,tetracyclines,633.3,,ng/g dw,2014,,"Hou, J., Wan, W., Mao, D., Wang, C., Mu, Q., Qin, S., & Luo, Y. (2015). Occurrence and distribution of sulfonamides, tetracyclines, quinolones, macrolides, and nitrofurans in livestock manure and amended soils of Northern China. Environmental Science and Pollution Research, 22, 4545–4554.",Sup 2014 Hou Table 9 soils section (Soil 10) | Hou supplement abbreviation normalized to full compound names using Sup 2014 Table 0 compound list.,N_HOU2015_NORTH_SOIL,Sup 2014 Jie Hou ... .docx,https://doi.org/10.1007/s11356-014-3632-y,True
soil,soil,Tianjin,Northern China amended soil Soil 1,Oxytetracycline,tetracyclines,325.6,,ng/g dw,2014,,"Hou, J., Wan, W., Mao, D., Wang, C., Mu, Q., Qin, S., & Luo, Y. (2015). Occurrence and distribution of sulfonamides, tetracyclines, quinolones, macrolides, and nitrofurans in livestock manure and amended soils of Northern China. Environmental Science and Pollution Research, 22, 4545–4554.",Sup 2014 Hou Table 9 soils section (Soil 1) | Hou supplement abbreviation normalized to full compound names using Sup 2014 Table 0 compound list.,N_HOU2015_NORTH_SOIL,Sup 2014 Jie Hou ... .docx,https://doi.org/10.1007/s11356-014-3632-y,True
soil,soil,Tianjin,Northern China amended soil Soil 2,Oxytetracycline,tetracyclines,1.5,,ng/g dw,2014,,"Hou, J., Wan, W., Mao, D., Wang, C., Mu, Q., Qin, S., & Luo, Y. (2015). Occurrence and distribution of sulfonamides, tetracyclines, quinolones, macrolides, and nitrofurans in livestock manure and amended soils of Northern China. Environmental Science and Pollution Research, 22, 4545–4554.",Sup 2014 Hou Table 9 soils section (Soil 2) | Hou supplement abbreviation normalized to full compound names using Sup 2014 Table 0 compound list.,N_HOU2015_NORTH_SOIL,Sup 2014 Jie Hou ... .docx,https://doi.org/10.1007/s11356-014-3632-y,True
soil,soil,Tianjin,Northern China amended soil Soil 3,Oxytetracycline,tetracyclines,6.4,,ng/g dw,2014,,"Hou, J., Wan, W., Mao, D., Wang, C., Mu, Q., Qin, S., & Luo, Y. (2015). Occurrence and distribution of sulfonamides, tetracyclines, quinolones, macrolides, and nitrofurans in livestock manure and amended soils of Northern China. Environmental Science and Pollution Research, 22, 4545–4554.",Sup 2014 Hou Table 9 soils section (Soil 3) | Hou supplement abbreviation normalized to full compound names using Sup 2014 Table 0 compound list.,N_HOU2015_NORTH_SOIL,Sup 2014 Jie Hou ... .docx,https://doi.org/10.1007/s11356-014-3632-y,True
soil,soil,Tianjin,Northern China amended soil Soil 4,Oxytetracycline,tetracyclines,40.3,,ng/g dw,2014,,"Hou, J., Wan, W., Mao, D., Wang, C., Mu, Q., Qin, S., & Luo, Y. (2015). Occurrence and distribution of sulfonamides, tetracyclines, quinolones, macrolides, and nitrofurans in livestock manure and amended soils of Northern China. Environmental Science and Pollution Research, 22, 4545–4554.",Sup 2014 Hou Table 9 soils section (Soil 4) | Hou supplement abbreviation normalized to full compound names using Sup 2014 Table 0 compound list.,N_HOU2015_NORTH_SOIL,Sup 2014 Jie Hou ... .docx,https://doi.org/10.1007/s11356-014-3632-y,True
soil,soil,Tianjin,Northern China amended soil Soil 5,Oxytetracycline,tetracyclines,4.1,,ng/g dw,2014,,"Hou, J., Wan, W., Mao, D., Wang, C., Mu, Q., Qin, S., & Luo, Y. (2015). Occurrence and distribution of sulfonamides, tetracyclines, quinolones, macrolides, and nitrofurans in livestock manure and amended soils of Northern China. Environmental Science and Pollution Research, 22, 4545–4554.",Sup 2014 Hou Table 9 soils section (Soil 5) | Hou supplement abbreviation normalized to full compound names using Sup 2014 Table 0 compound list.,N_HOU2015_NORTH_SOIL,Sup 2014 Jie Hou ... .docx,https://doi.org/10.1007/s11356-014-3632-y,True
soil,soil,Tianjin,Northern China amended soil Soil 7,Oxytetracycline,tetracyclines,179.3,,ng/g dw,2014,,"Hou, J., Wan, W., Mao, D., Wang, C., Mu, Q., Qin, S., & Luo, Y. (2015). Occurrence and distribution of sulfonamides, tetracyclines, quinolones, macrolides, and nitrofurans in livestock manure and amended soils of Northern China. Environmental Science and Pollution Research, 22, 4545–4554.",Sup 2014 Hou Table 9 soils section (Soil 7) | Hou supplement abbreviation normalized to full compound names using Sup 2014 Table 0 compound list.,N_HOU2015_NORTH_SOIL,Sup 2014 Jie Hou ... .docx,https://doi.org/10.1007/s11356-014-3632-y,True
soil,soil,Tianjin,Northern China amended soil Soil 8,Oxytetracycline,tetracyclines,14.6,,ng/g dw,2014,,"Hou, J., Wan, W., Mao, D., Wang, C., Mu, Q., Qin, S., & Luo, Y. (2015). Occurrence and distribution of sulfonamides, tetracyclines, quinolones, macrolides, and nitrofurans in livestock manure and amended soils of Northern China. Environmental Science and Pollution Research, 22, 4545–4554.",Sup 2014 Hou Table 9 soils section (Soil 8) | Hou supplement abbreviation normalized to full compound names using Sup 2014 Table 0 compound list.,N_HOU2015_NORTH_SOIL,Sup 2014 Jie Hou ... .docx,https://doi.org/10.1007/s11356-014-3632-y,True
soil,soil,Tianjin,Northern China amended soil Soil 9,Oxytetracycline,tetracyclines,8.3,,ng/g dw,2014,,"Hou, J., Wan, W., Mao, D., Wang, C., Mu, Q., Qin, S., & Luo, Y. (2015). Occurrence and distribution of sulfonamides, tetracyclines, quinolones, macrolides, and nitrofurans in livestock manure and amended soils of Northern China. Environmental Science and Pollution Research, 22, 4545–4554.",Sup 2014 Hou Table 9 soils section (Soil 9) | Hou supplement abbreviation normalized to full compound names using Sup 2014 Table 0 compound list.,N_HOU2015_NORTH_SOIL,Sup 2014 Jie Hou ... .docx,https://doi.org/10.1007/s11356-014-3632-y,True
soil,soil,Tianjin,Northern China amended soil Soil 10,Oxytetracycline,tetracyclines,4.4,,ng/g dw,2014,,"Hou, J., Wan, W., Mao, D., Wang, C., Mu, Q., Qin, S., & Luo, Y. (2015). Occurrence and distribution of sulfonamides, tetracyclines, quinolones, macrolides, and nitrofurans in livestock manure and amended soils of Northern China. Environmental Science and Pollution Research, 22, 4545–4554.",Sup 2014 Hou Table 9 soils section (Soil 10) | Hou supplement abbreviation normalized to full compound names using Sup 2014 Table 0 compound list.,N_HOU2015_NORTH_SOIL,Sup 2014 Jie Hou ... .docx,https://doi.org/10.1007/s11356-014-3632-y,True
soil,soil,Tianjin,Northern China amended soil Soil 1,Doxycycline,tetracyclines,216.2,,ng/g dw,2014,,"Hou, J., Wan, W., Mao, D., Wang, C., Mu, Q., Qin, S., & Luo, Y. (2015). Occurrence and distribution of sulfonamides, tetracyclines, quinolones, macrolides, and nitrofurans in livestock manure and amended soils of Northern China. Environmental Science and Pollution Research, 22, 4545–4554.",Sup 2014 Hou Table 9 soils section (Soil 1) | Hou supplement abbreviation normalized to full compound names using Sup 2014 Table 0 compound list.,N_HOU2015_NORTH_SOIL,Sup 2014 Jie Hou ... .docx,https://doi.org/10.1007/s11356-014-3632-y,True
soil,soil,Tianjin,Northern China amended soil Soil 2,Doxycycline,tetracyclines,77.1,,ng/g dw,2014,,"Hou, J., Wan, W., Mao, D., Wang, C., Mu, Q., Qin, S., & Luo, Y. (2015). Occurrence and distribution of sulfonamides, tetracyclines, quinolones, macrolides, and nitrofurans in livestock manure and amended soils of Northern China. Environmental Science and Pollution Research, 22, 4545–4554.",Sup 2014 Hou Table 9 soils section (Soil 2) | Hou supplement abbreviation normalized to full compound names using Sup 2014 Table 0 compound list.,N_HOU2015_NORTH_SOIL,Sup 2014 Jie Hou ... .docx,https://doi.org/10.1007/s11356-014-3632-y,True
soil,soil,Tianjin,Northern China amended soil Soil 3,Doxycycline,tetracyclines,64.5,,ng/g dw,2014,,"Hou, J., Wan, W., Mao, D., Wang, C., Mu, Q., Qin, S., & Luo, Y. (2015). Occurrence and distribution of sulfonamides, tetracyclines, quinolones, macrolides, and nitrofurans in livestock manure and amended soils of Northern China. Environmental Science and Pollution Research, 22, 4545–4554.",Sup 2014 Hou Table 9 soils section (Soil 3) | Hou supplement abbreviation normalized to full compound names using Sup 2014 Table 0 compound list.,N_HOU2015_NORTH_SOIL,Sup 2014 Jie Hou ... .docx,https://doi.org/10.1007/s11356-014-3632-y,True
soil,soil,Tianjin,Northern China amended soil Soil 4,Doxycycline,tetracyclines,25.9,,ng/g dw,2014,,"Hou, J., Wan, W., Mao, D., Wang, C., Mu, Q., Qin, S., & Luo, Y. (2015). Occurrence and distribution of sulfonamides, tetracyclines, quinolones, macrolides, and nitrofurans in livestock manure and amended soils of Northern China. Environmental Science and Pollution Research, 22, 4545–4554.",Sup 2014 Hou Table 9 soils section (Soil 4) | Hou supplement abbreviation normalized to full compound names using Sup 2014 Table 0 compound list.,N_HOU2015_NORTH_SOIL,Sup 2014 Jie Hou ... .docx,https://doi.org/10.1007/s11356-014-3632-y,True
soil,soil,Tianjin,Northern China amended soil Soil 5,Doxycycline,tetracyclines,14.8,,ng/g dw,2014,,"Hou, J., Wan, W., Mao, D., Wang, C., Mu, Q., Qin, S., & Luo, Y. (2015). Occurrence and distribution of sulfonamides, tetracyclines, quinolones, macrolides, and nitrofurans in livestock manure and amended soils of Northern China. Environmental Science and Pollution Research, 22, 4545–4554.",Sup 2014 Hou Table 9 soils section (Soil 5) | Hou supplement abbreviation normalized to full compound names using Sup 2014 Table 0 compound list.,N_HOU2015_NORTH_SOIL,Sup 2014 Jie Hou ... .docx,https://doi.org/10.1007/s11356-014-3632-y,True
soil,soil,Tianjin,Northern China amended soil Soil 7,Doxycycline,tetracyclines,197.2,,ng/g dw,2014,,"Hou, J., Wan, W., Mao, D., Wang, C., Mu, Q., Qin, S., & Luo, Y. (2015). Occurrence and distribution of sulfonamides, tetracyclines, quinolones, macrolides, and nitrofurans in livestock manure and amended soils of Northern China. Environmental Science and Pollution Research, 22, 4545–4554.",Sup 2014 Hou Table 9 soils section (Soil 7) | Hou supplement abbreviation normalized to full compound names using Sup 2014 Table 0 compound list.,N_HOU2015_NORTH_SOIL,Sup 2014 Jie Hou ... .docx,https://doi.org/10.1007/s11356-014-3632-y,True
soil,soil,Tianjin,Northern China amended soil Soil 8,Doxycycline,tetracyclines,64.6,,ng/g dw,2014,,"Hou, J., Wan, W., Mao, D., Wang, C., Mu, Q., Qin, S., & Luo, Y. (2015). Occurrence and distribution of sulfonamides, tetracyclines, quinolones, macrolides, and nitrofurans in livestock manure and amended soils of Northern China. Environmental Science and Pollution Research, 22, 4545–4554.",Sup 2014 Hou Table 9 soils section (Soil 8) | Hou supplement abbreviation normalized to full compound names using Sup 2014 Table 0 compound list.,N_HOU2015_NORTH_SOIL,Sup 2014 Jie Hou ... .docx,https://doi.org/10.1007/s11356-014-3632-y,True
soil,soil,Tianjin,Northern China amended soil Soil 9,Doxycycline,tetracyclines,64.4,,ng/g dw,2014,,"Hou, J., Wan, W., Mao, D., Wang, C., Mu, Q., Qin, S., & Luo, Y. (2015). Occurrence and distribution of sulfonamides, tetracyclines, quinolones, macrolides, and nitrofurans in livestock manure and amended soils of Northern China. Environmental Science and Pollution Research, 22, 4545–4554.",Sup 2014 Hou Table 9 soils section (Soil 9) | Hou supplement abbreviation normalized to full compound names using Sup 2014 Table 0 compound list.,N_HOU2015_NORTH_SOIL,Sup 2014 Jie Hou ... .docx,https://doi.org/10.1007/s11356-014-3632-y,True
soil,soil,Tianjin,Northern China amended soil Soil 10,Doxycycline,tetracyclines,494.7,,ng/g dw,2014,,"Hou, J., Wan, W., Mao, D., Wang, C., Mu, Q., Qin, S., & Luo, Y. (2015). Occurrence and distribution of sulfonamides, tetracyclines, quinolones, macrolides, and nitrofurans in livestock manure and amended soils of Northern China. Environmental Science and Pollution Research, 22, 4545–4554.",Sup 2014 Hou Table 9 soils section (Soil 10) | Hou supplement abbreviation normalized to full compound names using Sup 2014 Table 0 compound list.,N_HOU2015_NORTH_SOIL,Sup 2014 Jie Hou ... .docx,https://doi.org/10.1007/s11356-014-3632-y,True
soil,soil,Tianjin,Northern China amended soil Soil 2,Enrofloxacin,fluoroquinolones,71.9,,ng/g dw,2014,,"Hou, J., Wan, W., Mao, D., Wang, C., Mu, Q., Qin, S., & Luo, Y. (2015). Occurrence and distribution of sulfonamides, tetracyclines, quinolones, macrolides, and nitrofurans in livestock manure and amended soils of Northern China. Environmental Science and Pollution Research, 22, 4545–4554.",Sup 2014 Hou Table 9 soils section (Soil 2) | Hou supplement abbreviation normalized to full compound names using Sup 2014 Table 0 compound list.,N_HOU2015_NORTH_SOIL,Sup 2014 Jie Hou ... .docx,https://doi.org/10.1007/s11356-014-3632-y,True
soil,soil,Tianjin,Northern China amended soil Soil 3,Enrofloxacin,fluoroquinolones,44.3,,ng/g dw,2014,,"Hou, J., Wan, W., Mao, D., Wang, C., Mu, Q., Qin, S., & Luo, Y. (2015). Occurrence and distribution of sulfonamides, tetracyclines, quinolones, macrolides, and nitrofurans in livestock manure and amended soils of Northern China. Environmental Science and Pollution Research, 22, 4545–4554.",Sup 2014 Hou Table 9 soils section (Soil 3) | Hou supplement abbreviation normalized to full compound names using Sup 2014 Table 0 compound list.,N_HOU2015_NORTH_SOIL,Sup 2014 Jie Hou ... .docx,https://doi.org/10.1007/s11356-014-3632-y,True
soil,soil,Tianjin,Northern China amended soil Soil 4,Enrofloxacin,fluoroquinolones,96.4,,ng/g dw,2014,,"Hou, J., Wan, W., Mao, D., Wang, C., Mu, Q., Qin, S., & Luo, Y. (2015). Occurrence and distribution of sulfonamides, tetracyclines, quinolones, macrolides, and nitrofurans in livestock manure and amended soils of Northern China. Environmental Science and Pollution Research, 22, 4545–4554.",Sup 2014 Hou Table 9 soils section (Soil 4) | Hou supplement abbreviation normalized to full compound names using Sup 2014 Table 0 compound list.,N_HOU2015_NORTH_SOIL,Sup 2014 Jie Hou ... .docx,https://doi.org/10.1007/s11356-014-3632-y,True
soil,soil,Tianjin,Northern China amended soil Soil 5,Enrofloxacin,fluoroquinolones,47.2,,ng/g dw,2014,,"Hou, J., Wan, W., Mao, D., Wang, C., Mu, Q., Qin, S., & Luo, Y. (2015). Occurrence and distribution of sulfonamides, tetracyclines, quinolones, macrolides, and nitrofurans in livestock manure and amended soils of Northern China. Environmental Science and Pollution Research, 22, 4545–4554.",Sup 2014 Hou Table 9 soils section (Soil 5) | Hou supplement abbreviation normalized to full compound names using Sup 2014 Table 0 compound list.,N_HOU2015_NORTH_SOIL,Sup 2014 Jie Hou ... .docx,https://doi.org/10.1007/s11356-014-3632-y,True
soil,soil,Tianjin,Northern China amended soil Soil 8,Enrofloxacin,fluoroquinolones,93.2,,ng/g dw,2014,,"Hou, J., Wan, W., Mao, D., Wang, C., Mu, Q., Qin, S., & Luo, Y. (2015). Occurrence and distribution of sulfonamides, tetracyclines, quinolones, macrolides, and nitrofurans in livestock manure and amended soils of Northern China. Environmental Science and Pollution Research, 22, 4545–4554.",Sup 2014 Hou Table 9 soils section (Soil 8) | Hou supplement abbreviation normalized to full compound names using Sup 2014 Table 0 compound list.,N_HOU2015_NORTH_SOIL,Sup 2014 Jie Hou ... .docx,https://doi.org/10.1007/s11356-014-3632-y,True
soil,soil,Tianjin,Northern China amended soil Soil 9,Enrofloxacin,fluoroquinolones,54.6,,ng/g dw,2014,,"Hou, J., Wan, W., Mao, D., Wang, C., Mu, Q., Qin, S., & Luo, Y. (2015). Occurrence and distribution of sulfonamides, tetracyclines, quinolones, macrolides, and nitrofurans in livestock manure and amended soils of Northern China. Environmental Science and Pollution Research, 22, 4545–4554.",Sup 2014 Hou Table 9 soils section (Soil 9) | Hou supplement abbreviation normalized to full compound names using Sup 2014 Table 0 compound list.,N_HOU2015_NORTH_SOIL,Sup 2014 Jie Hou ... .docx,https://doi.org/10.1007/s11356-014-3632-y,True
soil,soil,Tianjin,Northern China amended soil Soil 10,Enrofloxacin,fluoroquinolones,32.8,,ng/g dw,2014,,"Hou, J., Wan, W., Mao, D., Wang, C., Mu, Q., Qin, S., & Luo, Y. (2015). Occurrence and distribution of sulfonamides, tetracyclines, quinolones, macrolides, and nitrofurans in livestock manure and amended soils of Northern China. Environmental Science and Pollution Research, 22, 4545–4554.",Sup 2014 Hou Table 9 soils section (Soil 10) | Hou supplement abbreviation normalized to full compound names using Sup 2014 Table 0 compound list.,N_HOU2015_NORTH_SOIL,Sup 2014 Jie Hou ... .docx,https://doi.org/10.1007/s11356-014-3632-y,True
soil,soil,Tianjin,Northern China amended soil Soil 1,Ciprofloxacin,fluoroquinolones,83.2,,ng/g dw,2014,,"Hou, J., Wan, W., Mao, D., Wang, C., Mu, Q., Qin, S., & Luo, Y. (2015). Occurrence and distribution of sulfonamides, tetracyclines, quinolones, macrolides, and nitrofurans in livestock manure and amended soils of Northern China. Environmental Science and Pollution Research, 22, 4545–4554.",Sup 2014 Hou Table 9 soils section (Soil 1) | Hou supplement abbreviation normalized to full compound names using Sup 2014 Table 0 compound list.,N_HOU2015_NORTH_SOIL,Sup 2014 Jie Hou ... .docx,https://doi.org/10.1007/s11356-014-3632-y,True
soil,soil,Tianjin,Northern China amended soil Soil 3,Ciprofloxacin,fluoroquinolones,59.7,,ng/g dw,2014,,"Hou, J., Wan, W., Mao, D., Wang, C., Mu, Q., Qin, S., & Luo, Y. (2015). Occurrence and distribution of sulfonamides, tetracyclines, quinolones, macrolides, and nitrofurans in livestock manure and amended soils of Northern China. Environmental Science and Pollution Research, 22, 4545–4554.",Sup 2014 Hou Table 9 soils section (Soil 3) | Hou supplement abbreviation normalized to full compound names using Sup 2014 Table 0 compound list.,N_HOU2015_NORTH_SOIL,Sup 2014 Jie Hou ... .docx,https://doi.org/10.1007/s11356-014-3632-y,True
soil,soil,Tianjin,Northern China amended soil Soil 4,Ciprofloxacin,fluoroquinolones,29.6,,ng/g dw,2014,,"Hou, J., Wan, W., Mao, D., Wang, C., Mu, Q., Qin, S., & Luo, Y. (2015). Occurrence and distribution of sulfonamides, tetracyclines, quinolones, macrolides, and nitrofurans in livestock manure and amended soils of Northern China. Environmental Science and Pollution Research, 22, 4545–4554.",Sup 2014 Hou Table 9 soils section (Soil 4) | Hou supplement abbreviation normalized to full compound names using Sup 2014 Table 0 compound list.,N_HOU2015_NORTH_SOIL,Sup 2014 Jie Hou ... .docx,https://doi.org/10.1007/s11356-014-3632-y,True
soil,soil,Tianjin,Northern China amended soil Soil 5,Ciprofloxacin,fluoroquinolones,6.8,,ng/g dw,2014,,"Hou, J., Wan, W., Mao, D., Wang, C., Mu, Q., Qin, S., & Luo, Y. (2015). Occurrence and distribution of sulfonamides, tetracyclines, quinolones, macrolides, and nitrofurans in livestock manure and amended soils of Northern China. Environmental Science and Pollution Research, 22, 4545–4554.",Sup 2014 Hou Table 9 soils section (Soil 5) | Hou supplement abbreviation normalized to full compound names using Sup 2014 Table 0 compound list.,N_HOU2015_NORTH_SOIL,Sup 2014 Jie Hou ... .docx,https://doi.org/10.1007/s11356-014-3632-y,True
soil,soil,Tianjin,Northern China amended soil Soil 7,Ciprofloxacin,fluoroquinolones,29.8,,ng/g dw,2014,,"Hou, J., Wan, W., Mao, D., Wang, C., Mu, Q., Qin, S., & Luo, Y. (2015). Occurrence and distribution of sulfonamides, tetracyclines, quinolones, macrolides, and nitrofurans in livestock manure and amended soils of Northern China. Environmental Science and Pollution Research, 22, 4545–4554.",Sup 2014 Hou Table 9 soils section (Soil 7) | Hou supplement abbreviation normalized to full compound names using Sup 2014 Table 0 compound list.,N_HOU2015_NORTH_SOIL,Sup 2014 Jie Hou ... .docx,https://doi.org/10.1007/s11356-014-3632-y,True
soil,soil,Tianjin,Northern China amended soil Soil 8,Ciprofloxacin,fluoroquinolones,36.1,,ng/g dw,2014,,"Hou, J., Wan, W., Mao, D., Wang, C., Mu, Q., Qin, S., & Luo, Y. (2015). Occurrence and distribution of sulfonamides, tetracyclines, quinolones, macrolides, and nitrofurans in livestock manure and amended soils of Northern China. Environmental Science and Pollution Research, 22, 4545–4554.",Sup 2014 Hou Table 9 soils section (Soil 8) | Hou supplement abbreviation normalized to full compound names using Sup 2014 Table 0 compound list.,N_HOU2015_NORTH_SOIL,Sup 2014 Jie Hou ... .docx,https://doi.org/10.1007/s11356-014-3632-y,True
soil,soil,Tianjin,Northern China amended soil Soil 9,Ciprofloxacin,fluoroquinolones,7.6,,ng/g dw,2014,,"Hou, J., Wan, W., Mao, D., Wang, C., Mu, Q., Qin, S., & Luo, Y. (2015). Occurrence and distribution of sulfonamides, tetracyclines, quinolones, macrolides, and nitrofurans in livestock manure and amended soils of Northern China. Environmental Science and Pollution Research, 22, 4545–4554.",Sup 2014 Hou Table 9 soils section (Soil 9) | Hou supplement abbreviation normalized to full compound names using Sup 2014 Table 0 compound list.,N_HOU2015_NORTH_SOIL,Sup 2014 Jie Hou ... .docx,https://doi.org/10.1007/s11356-014-3632-y,True
soil,soil,Tianjin,Northern China amended soil Soil 3,Ofloxacin,fluoroquinolones,62.3,,ng/g dw,2014,,"Hou, J., Wan, W., Mao, D., Wang, C., Mu, Q., Qin, S., & Luo, Y. (2015). Occurrence and distribution of sulfonamides, tetracyclines, quinolones, macrolides, and nitrofurans in livestock manure and amended soils of Northern China. Environmental Science and Pollution Research, 22, 4545–4554.",Sup 2014 Hou Table 9 soils section (Soil 3) | Hou supplement abbreviation normalized to full compound names using Sup 2014 Table 0 compound list.,N_HOU2015_NORTH_SOIL,Sup 2014 Jie Hou ... .docx,https://doi.org/10.1007/s11356-014-3632-y,True
soil,soil,Tianjin,Northern China amended soil Soil 4,Ofloxacin,fluoroquinolones,7.7,,ng/g dw,2014,,"Hou, J., Wan, W., Mao, D., Wang, C., Mu, Q., Qin, S., & Luo, Y. (2015). Occurrence and distribution of sulfonamides, tetracyclines, quinolones, macrolides, and nitrofurans in livestock manure and amended soils of Northern China. Environmental Science and Pollution Research, 22, 4545–4554.",Sup 2014 Hou Table 9 soils section (Soil 4) | Hou supplement abbreviation normalized to full compound names using Sup 2014 Table 0 compound list.,N_HOU2015_NORTH_SOIL,Sup 2014 Jie Hou ... .docx,https://doi.org/10.1007/s11356-014-3632-y,True
soil,soil,Tianjin,Northern China amended soil Soil 6,Ofloxacin,fluoroquinolones,4.9,,ng/g dw,2014,,"Hou, J., Wan, W., Mao, D., Wang, C., Mu, Q., Qin, S., & Luo, Y. (2015). Occurrence and distribution of sulfonamides, tetracyclines, quinolones, macrolides, and nitrofurans in livestock manure and amended soils of Northern China. Environmental Science and Pollution Research, 22, 4545–4554.",Sup 2014 Hou Table 9 soils section (Soil 6) | Hou supplement abbreviation normalized to full compound names using Sup 2014 Table 0 compound list.,N_HOU2015_NORTH_SOIL,Sup 2014 Jie Hou ... .docx,https://doi.org/10.1007/s11356-014-3632-y,True
soil,soil,Tianjin,Northern China amended soil Soil 7,Ofloxacin,fluoroquinolones,115.1,,ng/g dw,2014,,"Hou, J., Wan, W., Mao, D., Wang, C., Mu, Q., Qin, S., & Luo, Y. (2015). Occurrence and distribution of sulfonamides, tetracyclines, quinolones, macrolides, and nitrofurans in livestock manure and amended soils of Northern China. Environmental Science and Pollution Research, 22, 4545–4554.",Sup 2014 Hou Table 9 soils section (Soil 7) | Hou supplement abbreviation normalized to full compound names using Sup 2014 Table 0 compound list.,N_HOU2015_NORTH_SOIL,Sup 2014 Jie Hou ... .docx,https://doi.org/10.1007/s11356-014-3632-y,True
soil,soil,Tianjin,Northern China amended soil Soil 8,Ofloxacin,fluoroquinolones,13.5,,ng/g dw,2014,,"Hou, J., Wan, W., Mao, D., Wang, C., Mu, Q., Qin, S., & Luo, Y. (2015). Occurrence and distribution of sulfonamides, tetracyclines, quinolones, macrolides, and nitrofurans in livestock manure and amended soils of Northern China. Environmental Science and Pollution Research, 22, 4545–4554.",Sup 2014 Hou Table 9 soils section (Soil 8) | Hou supplement abbreviation normalized to full compound names using Sup 2014 Table 0 compound list.,N_HOU2015_NORTH_SOIL,Sup 2014 Jie Hou ... .docx,https://doi.org/10.1007/s11356-014-3632-y,True
soil,soil,Tianjin,Northern China amended soil Soil 1,Roxithromycin,macrolides,96.3,,ng/g dw,2014,,"Hou, J., Wan, W., Mao, D., Wang, C., Mu, Q., Qin, S., & Luo, Y. (2015). Occurrence and distribution of sulfonamides, tetracyclines, quinolones, macrolides, and nitrofurans in livestock manure and amended soils of Northern China. Environmental Science and Pollution Research, 22, 4545–4554.",Sup 2014 Hou Table 9 soils section (Soil 1) | Hou supplement abbreviation normalized to full compound names using Sup 2014 Table 0 compound list.,N_HOU2015_NORTH_SOIL,Sup 2014 Jie Hou ... .docx,https://doi.org/10.1007/s11356-014-3632-y,True
soil,soil,Tianjin,Northern China amended soil Soil 2,Roxithromycin,macrolides,1.8,,ng/g dw,2014,,"Hou, J., Wan, W., Mao, D., Wang, C., Mu, Q., Qin, S., & Luo, Y. (2015). Occurrence and distribution of sulfonamides, tetracyclines, quinolones, macrolides, and nitrofurans in livestock manure and amended soils of Northern China. Environmental Science and Pollution Research, 22, 4545–4554.",Sup 2014 Hou Table 9 soils section (Soil 2) | Hou supplement abbreviation normalized to full compound names using Sup 2014 Table 0 compound list.,N_HOU2015_NORTH_SOIL,Sup 2014 Jie Hou ... .docx,https://doi.org/10.1007/s11356-014-3632-y,True
soil,soil,Tianjin,Northern China amended soil Soil 3,Roxithromycin,macrolides,34.3,,ng/g dw,2014,,"Hou, J., Wan, W., Mao, D., Wang, C., Mu, Q., Qin, S., & Luo, Y. (2015). Occurrence and distribution of sulfonamides, tetracyclines, quinolones, macrolides, and nitrofurans in livestock manure and amended soils of Northern China. Environmental Science and Pollution Research, 22, 4545–4554.",Sup 2014 Hou Table 9 soils section (Soil 3) | Hou supplement abbreviation normalized to full compound names using Sup 2014 Table 0 compound list.,N_HOU2015_NORTH_SOIL,Sup 2014 Jie Hou ... .docx,https://doi.org/10.1007/s11356-014-3632-y,True
soil,soil,Tianjin,Northern China amended soil Soil 7,Roxithromycin,macrolides,52.7,,ng/g dw,2014,,"Hou, J., Wan, W., Mao, D., Wang, C., Mu, Q., Qin, S., & Luo, Y. (2015). Occurrence and distribution of sulfonamides, tetracyclines, quinolones, macrolides, and nitrofurans in livestock manure and amended soils of Northern China. Environmental Science and Pollution Research, 22, 4545–4554.",Sup 2014 Hou Table 9 soils section (Soil 7) | Hou supplement abbreviation normalized to full compound names using Sup 2014 Table 0 compound list.,N_HOU2015_NORTH_SOIL,Sup 2014 Jie Hou ... .docx,https://doi.org/10.1007/s11356-014-3632-y,True
soil,soil,Tianjin,Northern China amended soil Soil 8,Roxithromycin,macrolides,20.2,,ng/g dw,2014,,"Hou, J., Wan, W., Mao, D., Wang, C., Mu, Q., Qin, S., & Luo, Y. (2015). Occurrence and distribution of sulfonamides, tetracyclines, quinolones, macrolides, and nitrofurans in livestock manure and amended soils of Northern China. Environmental Science and Pollution Research, 22, 4545–4554.",Sup 2014 Hou Table 9 soils section (Soil 8) | Hou supplement abbreviation normalized to full compound names using Sup 2014 Table 0 compound list.,N_HOU2015_NORTH_SOIL,Sup 2014 Jie Hou ... .docx,https://doi.org/10.1007/s11356-014-3632-y,True
soil,soil,Tianjin,Northern China amended soil Soil 1,Tylosin,macrolides,26.6,,ng/g dw,2014,,"Hou, J., Wan, W., Mao, D., Wang, C., Mu, Q., Qin, S., & Luo, Y. (2015). Occurrence and distribution of sulfonamides, tetracyclines, quinolones, macrolides, and nitrofurans in livestock manure and amended soils of Northern China. Environmental Science and Pollution Research, 22, 4545–4554.",Sup 2014 Hou Table 9 soils section (Soil 1) | Hou supplement abbreviation normalized to full compound names using Sup 2014 Table 0 compound list.,N_HOU2015_NORTH_SOIL,Sup 2014 Jie Hou ... .docx,https://doi.org/10.1007/s11356-014-3632-y,True
soil,soil,Tianjin,Northern China amended soil Soil 2,Tylosin,macrolides,3.4,,ng/g dw,2014,,"Hou, J., Wan, W., Mao, D., Wang, C., Mu, Q., Qin, S., & Luo, Y. (2015). Occurrence and distribution of sulfonamides, tetracyclines, quinolones, macrolides, and nitrofurans in livestock manure and amended soils of Northern China. Environmental Science and Pollution Research, 22, 4545–4554.",Sup 2014 Hou Table 9 soils section (Soil 2) | Hou supplement abbreviation normalized to full compound names using Sup 2014 Table 0 compound list.,N_HOU2015_NORTH_SOIL,Sup 2014 Jie Hou ... .docx,https://doi.org/10.1007/s11356-014-3632-y,True
soil,soil,Tianjin,Northern China amended soil Soil 3,Tylosin,macrolides,41.3,,ng/g dw,2014,,"Hou, J., Wan, W., Mao, D., Wang, C., Mu, Q., Qin, S., & Luo, Y. (2015). Occurrence and distribution of sulfonamides, tetracyclines, quinolones, macrolides, and nitrofurans in livestock manure and amended soils of Northern China. Environmental Science and Pollution Research, 22, 4545–4554.",Sup 2014 Hou Table 9 soils section (Soil 3) | Hou supplement abbreviation normalized to full compound names using Sup 2014 Table 0 compound list.,N_HOU2015_NORTH_SOIL,Sup 2014 Jie Hou ... .docx,https://doi.org/10.1007/s11356-014-3632-y,True
soil,soil,Tianjin,Northern China amended soil Soil 7,Tylosin,macrolides,44.6,,ng/g dw,2014,,"Hou, J., Wan, W., Mao, D., Wang, C., Mu, Q., Qin, S., & Luo, Y. (2015). Occurrence and distribution of sulfonamides, tetracyclines, quinolones, macrolides, and nitrofurans in livestock manure and amended soils of Northern China. Environmental Science and Pollution Research, 22, 4545–4554.",Sup 2014 Hou Table 9 soils section (Soil 7) | Hou supplement abbreviation normalized to full compound names using Sup 2014 Table 0 compound list.,N_HOU2015_NORTH_SOIL,Sup 2014 Jie Hou ... .docx,https://doi.org/10.1007/s11356-014-3632-y,True
soil,soil,Tianjin,Northern China amended soil Soil 8,Tylosin,macrolides,9.4,,ng/g dw,2014,,"Hou, J., Wan, W., Mao, D., Wang, C., Mu, Q., Qin, S., & Luo, Y. (2015). Occurrence and distribution of sulfonamides, tetracyclines, quinolones, macrolides, and nitrofurans in livestock manure and amended soils of Northern China. Environmental Science and Pollution Research, 22, 4545–4554.",Sup 2014 Hou Table 9 soils section (Soil 8) | Hou supplement abbreviation normalized to full compound names using Sup 2014 Table 0 compound list.,N_HOU2015_NORTH_SOIL,Sup 2014 Jie Hou ... .docx,https://doi.org/10.1007/s11356-014-3632-y,True
soil,soil,Tianjin,Northern China amended soil Soil 12,Sulfamethoxazole,sulfonamides,3.7,,ng/g dw,2014,,"Hou, J., Wan, W., Mao, D., Wang, C., Mu, Q., Qin, S., & Luo, Y. (2015). Occurrence and distribution of sulfonamides, tetracyclines, quinolones, macrolides, and nitrofurans in livestock manure and amended soils of Northern China. Environmental Science and Pollution Research, 22, 4545–4554.",Sup 2014 Hou Table 10 soils section (Soil 12) | Hou supplement abbreviation normalized to full compound names using Sup 2014 Table 0 compound list.,N_HOU2015_NORTH_SOIL,Sup 2014 Jie Hou ... .docx,https://doi.org/10.1007/s11356-014-3632-y,True
soil,soil,Tianjin,Northern China amended soil Soil 13,Sulfamethoxazole,sulfonamides,27.2,,ng/g dw,2014,,"Hou, J., Wan, W., Mao, D., Wang, C., Mu, Q., Qin, S., & Luo, Y. (2015). Occurrence and distribution of sulfonamides, tetracyclines, quinolones, macrolides, and nitrofurans in livestock manure and amended soils of Northern China. Environmental Science and Pollution Research, 22, 4545–4554.",Sup 2014 Hou Table 10 soils section (Soil 13) | Hou supplement abbreviation normalized to full compound names using Sup 2014 Table 0 compound list.,N_HOU2015_NORTH_SOIL,Sup 2014 Jie Hou ... .docx,https://doi.org/10.1007/s11356-014-3632-y,True
soil,soil,Tianjin,Northern China amended soil Soil 14,Sulfamethoxazole,sulfonamides,3.7,,ng/g dw,2014,,"Hou, J., Wan, W., Mao, D., Wang, C., Mu, Q., Qin, S., & Luo, Y. (2015). Occurrence and distribution of sulfonamides, tetracyclines, quinolones, macrolides, and nitrofurans in livestock manure and amended soils of Northern China. Environmental Science and Pollution Research, 22, 4545–4554.",Sup 2014 Hou Table 10 soils section (Soil 14) | Hou supplement abbreviation normalized to full compound names using Sup 2014 Table 0 compound list.,N_HOU2015_NORTH_SOIL,Sup 2014 Jie Hou ... .docx,https://doi.org/10.1007/s11356-014-3632-y,True
soil,soil,Tianjin,Northern China amended soil Soil 15,Sulfamethoxazole,sulfonamides,3.2,,ng/g dw,2014,,"Hou, J., Wan, W., Mao, D., Wang, C., Mu, Q., Qin, S., & Luo, Y. (2015). Occurrence and distribution of sulfonamides, tetracyclines, quinolones, macrolides, and nitrofurans in livestock manure and amended soils of Northern China. Environmental Science and Pollution Research, 22, 4545–4554.",Sup 2014 Hou Table 10 soils section (Soil 15) | Hou supplement abbreviation normalized to full compound names using Sup 2014 Table 0 compound list.,N_HOU2015_NORTH_SOIL,Sup 2014 Jie Hou ... .docx,https://doi.org/10.1007/s11356-014-3632-y,True
soil,soil,Tianjin,Northern China amended soil Soil 16,Sulfamethoxazole,sulfonamides,58.1,,ng/g dw,2014,,"Hou, J., Wan, W., Mao, D., Wang, C., Mu, Q., Qin, S., & Luo, Y. (2015). Occurrence and distribution of sulfonamides, tetracyclines, quinolones, macrolides, and nitrofurans in livestock manure and amended soils of Northern China. Environmental Science and Pollution Research, 22, 4545–4554.",Sup 2014 Hou Table 10 soils section (Soil 16) | Hou supplement abbreviation normalized to full compound names using Sup 2014 Table 0 compound list.,N_HOU2015_NORTH_SOIL,Sup 2014 Jie Hou ... .docx,https://doi.org/10.1007/s11356-014-3632-y,True
soil,soil,Tianjin,Northern China amended soil Soil 17,Sulfamethoxazole,sulfonamides,4.2,,ng/g dw,2014,,"Hou, J., Wan, W., Mao, D., Wang, C., Mu, Q., Qin, S., & Luo, Y. (2015). Occurrence and distribution of sulfonamides, tetracyclines, quinolones, macrolides, and nitrofurans in livestock manure and amended soils of Northern China. Environmental Science and Pollution Research, 22, 4545–4554.",Sup 2014 Hou Table 10 soils section (Soil 17) | Hou supplement abbreviation normalized to full compound names using Sup 2014 Table 0 compound list.,N_HOU2015_NORTH_SOIL,Sup 2014 Jie Hou ... .docx,https://doi.org/10.1007/s11356-014-3632-y,True
soil,soil,Tianjin,Northern China amended soil Soil 13,Sulfamonomethoxine,sulfonamides,3.8,,ng/g dw,2014,,"Hou, J., Wan, W., Mao, D., Wang, C., Mu, Q., Qin, S., & Luo, Y. (2015). Occurrence and distribution of sulfonamides, tetracyclines, quinolones, macrolides, and nitrofurans in livestock manure and amended soils of Northern China. Environmental Science and Pollution Research, 22, 4545–4554.",Sup 2014 Hou Table 10 soils section (Soil 13) | Hou supplement abbreviation normalized to full compound names using Sup 2014 Table 0 compound list.,N_HOU2015_NORTH_SOIL,Sup 2014 Jie Hou ... .docx,https://doi.org/10.1007/s11356-014-3632-y,True
soil,soil,Tianjin,Northern China amended soil Soil 15,Sulfamonomethoxine,sulfonamides,11.6,,ng/g dw,2014,,"Hou, J., Wan, W., Mao, D., Wang, C., Mu, Q., Qin, S., & Luo, Y. (2015). Occurrence and distribution of sulfonamides, tetracyclines, quinolones, macrolides, and nitrofurans in livestock manure and amended soils of Northern China. Environmental Science and Pollution Research, 22, 4545–4554.",Sup 2014 Hou Table 10 soils section (Soil 15) | Hou supplement abbreviation normalized to full compound names using Sup 2014 Table 0 compound list.,N_HOU2015_NORTH_SOIL,Sup 2014 Jie Hou ... .docx,https://doi.org/10.1007/s11356-014-3632-y,True
soil,soil,Tianjin,Northern China amended soil Soil 16,Sulfamonomethoxine,sulfonamides,6.9,,ng/g dw,2014,,"Hou, J., Wan, W., Mao, D., Wang, C., Mu, Q., Qin, S., & Luo, Y. (2015). Occurrence and distribution of sulfonamides, tetracyclines, quinolones, macrolides, and nitrofurans in livestock manure and amended soils of Northern China. Environmental Science and Pollution Research, 22, 4545–4554.",Sup 2014 Hou Table 10 soils section (Soil 16) | Hou supplement abbreviation normalized to full compound names using Sup 2014 Table 0 compound list.,N_HOU2015_NORTH_SOIL,Sup 2014 Jie Hou ... .docx,https://doi.org/10.1007/s11356-014-3632-y,True
soil,soil,Tianjin,Northern China amended soil Soil 17,Sulfamonomethoxine,sulfonamides,6.7,,ng/g dw,2014,,"Hou, J., Wan, W., Mao, D., Wang, C., Mu, Q., Qin, S., & Luo, Y. (2015). Occurrence and distribution of sulfonamides, tetracyclines, quinolones, macrolides, and nitrofurans in livestock manure and amended soils of Northern China. Environmental Science and Pollution Research, 22, 4545–4554.",Sup 2014 Hou Table 10 soils section (Soil 17) | Hou supplement abbreviation normalized to full compound names using Sup 2014 Table 0 compound list.,N_HOU2015_NORTH_SOIL,Sup 2014 Jie Hou ... .docx,https://doi.org/10.1007/s11356-014-3632-y,True
soil,soil,Tianjin,Northern China amended soil Soil 12,Sulfadimidine,sulfonamides,122.7,,ng/g dw,2014,,"Hou, J., Wan, W., Mao, D., Wang, C., Mu, Q., Qin, S., & Luo, Y. (2015). Occurrence and distribution of sulfonamides, tetracyclines, quinolones, macrolides, and nitrofurans in livestock manure and amended soils of Northern China. Environmental Science and Pollution Research, 22, 4545–4554.",Sup 2014 Hou Table 10 soils section (Soil 12) | Hou supplement abbreviation normalized to full compound names using Sup 2014 Table 0 compound list.,N_HOU2015_NORTH_SOIL,Sup 2014 Jie Hou ... .docx,https://doi.org/10.1007/s11356-014-3632-y,True
soil,soil,Tianjin,Northern China amended soil Soil 13,Sulfadimidine,sulfonamides,177.9,,ng/g dw,2014,,"Hou, J., Wan, W., Mao, D., Wang, C., Mu, Q., Qin, S., & Luo, Y. (2015). Occurrence and distribution of sulfonamides, tetracyclines, quinolones, macrolides, and nitrofurans in livestock manure and amended soils of Northern China. Environmental Science and Pollution Research, 22, 4545–4554.",Sup 2014 Hou Table 10 soils section (Soil 13) | Hou supplement abbreviation normalized to full compound names using Sup 2014 Table 0 compound list.,N_HOU2015_NORTH_SOIL,Sup 2014 Jie Hou ... .docx,https://doi.org/10.1007/s11356-014-3632-y,True
soil,soil,Tianjin,Northern China amended soil Soil 14,Sulfadimidine,sulfonamides,96.2,,ng/g dw,2014,,"Hou, J., Wan, W., Mao, D., Wang, C., Mu, Q., Qin, S., & Luo, Y. (2015). Occurrence and distribution of sulfonamides, tetracyclines, quinolones, macrolides, and nitrofurans in livestock manure and amended soils of Northern China. Environmental Science and Pollution Research, 22, 4545–4554.",Sup 2014 Hou Table 10 soils section (Soil 14) | Hou supplement abbreviation normalized to full compound names using Sup 2014 Table 0 compound list.,N_HOU2015_NORTH_SOIL,Sup 2014 Jie Hou ... .docx,https://doi.org/10.1007/s11356-014-3632-y,True
soil,soil,Tianjin,Northern China amended soil Soil 15,Sulfadimidine,sulfonamides,53.4,,ng/g dw,2014,,"Hou, J., Wan, W., Mao, D., Wang, C., Mu, Q., Qin, S., & Luo, Y. (2015). Occurrence and distribution of sulfonamides, tetracyclines, quinolones, macrolides, and nitrofurans in livestock manure and amended soils of Northern China. Environmental Science and Pollution Research, 22, 4545–4554.",Sup 2014 Hou Table 10 soils section (Soil 15) | Hou supplement abbreviation normalized to full compound names using Sup 2014 Table 0 compound list.,N_HOU2015_NORTH_SOIL,Sup 2014 Jie Hou ... .docx,https://doi.org/10.1007/s11356-014-3632-y,True
soil,soil,Tianjin,Northern China amended soil Soil 16,Sulfadimidine,sulfonamides,29.7,,ng/g dw,2014,,"Hou, J., Wan, W., Mao, D., Wang, C., Mu, Q., Qin, S., & Luo, Y. (2015). Occurrence and distribution of sulfonamides, tetracyclines, quinolones, macrolides, and nitrofurans in livestock manure and amended soils of Northern China. Environmental Science and Pollution Research, 22, 4545–4554.",Sup 2014 Hou Table 10 soils section (Soil 16) | Hou supplement abbreviation normalized to full compound names using Sup 2014 Table 0 compound list.,N_HOU2015_NORTH_SOIL,Sup 2014 Jie Hou ... .docx,https://doi.org/10.1007/s11356-014-3632-y,True
soil,soil,Tianjin,Northern China amended soil Soil 17,Sulfadimidine,sulfonamides,45.1,,ng/g dw,2014,,"Hou, J., Wan, W., Mao, D., Wang, C., Mu, Q., Qin, S., & Luo, Y. (2015). Occurrence and distribution of sulfonamides, tetracyclines, quinolones, macrolides, and nitrofurans in livestock manure and amended soils of Northern China. Environmental Science and Pollution Research, 22, 4545–4554.",Sup 2014 Hou Table 10 soils section (Soil 17) | Hou supplement abbreviation normalized to full compound names using Sup 2014 Table 0 compound list.,N_HOU2015_NORTH_SOIL,Sup 2014 Jie Hou ... .docx,https://doi.org/10.1007/s11356-014-3632-y,True
soil,soil,Tianjin,Northern China amended soil Soil 12,Sulfachloropyridazine,sulfonamides,12.8,,ng/g dw,2014,,"Hou, J., Wan, W., Mao, D., Wang, C., Mu, Q., Qin, S., & Luo, Y. (2015). Occurrence and distribution of sulfonamides, tetracyclines, quinolones, macrolides, and nitrofurans in livestock manure and amended soils of Northern China. Environmental Science and Pollution Research, 22, 4545–4554.",Sup 2014 Hou Table 10 soils section (Soil 12) | Hou supplement abbreviation normalized to full compound names using Sup 2014 Table 0 compound list.,N_HOU2015_NORTH_SOIL,Sup 2014 Jie Hou ... .docx,https://doi.org/10.1007/s11356-014-3632-y,True
soil,soil,Tianjin,Northern China amended soil Soil 13,Sulfachloropyridazine,sulfonamides,20.1,,ng/g dw,2014,,"Hou, J., Wan, W., Mao, D., Wang, C., Mu, Q., Qin, S., & Luo, Y. (2015). Occurrence and distribution of sulfonamides, tetracyclines, quinolones, macrolides, and nitrofurans in livestock manure and amended soils of Northern China. Environmental Science and Pollution Research, 22, 4545–4554.",Sup 2014 Hou Table 10 soils section (Soil 13) | Hou supplement abbreviation normalized to full compound names using Sup 2014 Table 0 compound list.,N_HOU2015_NORTH_SOIL,Sup 2014 Jie Hou ... .docx,https://doi.org/10.1007/s11356-014-3632-y,True
soil,soil,Tianjin,Northern China amended soil Soil 14,Sulfachloropyridazine,sulfonamides,17.9,,ng/g dw,2014,,"Hou, J., Wan, W., Mao, D., Wang, C., Mu, Q., Qin, S., & Luo, Y. (2015). Occurrence and distribution of sulfonamides, tetracyclines, quinolones, macrolides, and nitrofurans in livestock manure and amended soils of Northern China. Environmental Science and Pollution Research, 22, 4545–4554.",Sup 2014 Hou Table 10 soils section (Soil 14) | Hou supplement abbreviation normalized to full compound names using Sup 2014 Table 0 compound list.,N_HOU2015_NORTH_SOIL,Sup 2014 Jie Hou ... .docx,https://doi.org/10.1007/s11356-014-3632-y,True
soil,soil,Tianjin,Northern China amended soil Soil 15,Sulfachloropyridazine,sulfonamides,13.2,,ng/g dw,2014,,"Hou, J., Wan, W., Mao, D., Wang, C., Mu, Q., Qin, S., & Luo, Y. (2015). Occurrence and distribution of sulfonamides, tetracyclines, quinolones, macrolides, and nitrofurans in livestock manure and amended soils of Northern China. Environmental Science and Pollution Research, 22, 4545–4554.",Sup 2014 Hou Table 10 soils section (Soil 15) | Hou supplement abbreviation normalized to full compound names using Sup 2014 Table 0 compound list.,N_HOU2015_NORTH_SOIL,Sup 2014 Jie Hou ... .docx,https://doi.org/10.1007/s11356-014-3632-y,True
soil,soil,Tianjin,Northern China amended soil Soil 16,Sulfachloropyridazine,sulfonamides,29.7,,ng/g dw,2014,,"Hou, J., Wan, W., Mao, D., Wang, C., Mu, Q., Qin, S., & Luo, Y. (2015). Occurrence and distribution of sulfonamides, tetracyclines, quinolones, macrolides, and nitrofurans in livestock manure and amended soils of Northern China. Environmental Science and Pollution Research, 22, 4545–4554.",Sup 2014 Hou Table 10 soils section (Soil 16) | Hou supplement abbreviation normalized to full compound names using Sup 2014 Table 0 compound list.,N_HOU2015_NORTH_SOIL,Sup 2014 Jie Hou ... .docx,https://doi.org/10.1007/s11356-014-3632-y,True
soil,soil,Tianjin,Northern China amended soil Soil 17,Sulfachloropyridazine,sulfonamides,17.4,,ng/g dw,2014,,"Hou, J., Wan, W., Mao, D., Wang, C., Mu, Q., Qin, S., & Luo, Y. (2015). Occurrence and distribution of sulfonamides, tetracyclines, quinolones, macrolides, and nitrofurans in livestock manure and amended soils of Northern China. Environmental Science and Pollution Research, 22, 4545–4554.",Sup 2014 Hou Table 10 soils section (Soil 17) | Hou supplement abbreviation normalized to full compound names using Sup 2014 Table 0 compound list.,N_HOU2015_NORTH_SOIL,Sup 2014 Jie Hou ... .docx,https://doi.org/10.1007/s11356-014-3632-y,True
soil,soil,Tianjin,Northern China amended soil Soil 13,Trimethoprim,other,48.8,,ng/g dw,2014,,"Hou, J., Wan, W., Mao, D., Wang, C., Mu, Q., Qin, S., & Luo, Y. (2015). Occurrence and distribution of sulfonamides, tetracyclines, quinolones, macrolides, and nitrofurans in livestock manure and amended soils of Northern China. Environmental Science and Pollution Research, 22, 4545–4554.",Sup 2014 Hou Table 10 soils section (Soil 13) | Hou supplement abbreviation normalized to full compound names using Sup 2014 Table 0 compound list.,N_HOU2015_NORTH_SOIL,Sup 2014 Jie Hou ... .docx,https://doi.org/10.1007/s11356-014-3632-y,True
soil,soil,Tianjin,Northern China amended soil Soil 14,Trimethoprim,other,2.7,,ng/g dw,2014,,"Hou, J., Wan, W., Mao, D., Wang, C., Mu, Q., Qin, S., & Luo, Y. (2015). Occurrence and distribution of sulfonamides, tetracyclines, quinolones, macrolides, and nitrofurans in livestock manure and amended soils of Northern China. Environmental Science and Pollution Research, 22, 4545–4554.",Sup 2014 Hou Table 10 soils section (Soil 14) | Hou supplement abbreviation normalized to full compound names using Sup 2014 Table 0 compound list.,N_HOU2015_NORTH_SOIL,Sup 2014 Jie Hou ... .docx,https://doi.org/10.1007/s11356-014-3632-y,True
soil,soil,Tianjin,Northern China amended soil Soil 15,Trimethoprim,other,2.4,,ng/g dw,2014,,"Hou, J., Wan, W., Mao, D., Wang, C., Mu, Q., Qin, S., & Luo, Y. (2015). Occurrence and distribution of sulfonamides, tetracyclines, quinolones, macrolides, and nitrofurans in livestock manure and amended soils of Northern China. Environmental Science and Pollution Research, 22, 4545–4554.",Sup 2014 Hou Table 10 soils section (Soil 15) | Hou supplement abbreviation normalized to full compound names using Sup 2014 Table 0 compound list.,N_HOU2015_NORTH_SOIL,Sup 2014 Jie Hou ... .docx,https://doi.org/10.1007/s11356-014-3632-y,True
soil,soil,Tianjin,Northern China amended soil Soil 16,Trimethoprim,other,109.6,,ng/g dw,2014,,"Hou, J., Wan, W., Mao, D., Wang, C., Mu, Q., Qin, S., & Luo, Y. (2015). Occurrence and distribution of sulfonamides, tetracyclines, quinolones, macrolides, and nitrofurans in livestock manure and amended soils of Northern China. Environmental Science and Pollution Research, 22, 4545–4554.",Sup 2014 Hou Table 10 soils section (Soil 16) | Hou supplement abbreviation normalized to full compound names using Sup 2014 Table 0 compound list.,N_HOU2015_NORTH_SOIL,Sup 2014 Jie Hou ... .docx,https://doi.org/10.1007/s11356-014-3632-y,True
soil,soil,Tianjin,Northern China amended soil Soil 17,Trimethoprim,other,5.2,,ng/g dw,2014,,"Hou, J., Wan, W., Mao, D., Wang, C., Mu, Q., Qin, S., & Luo, Y. (2015). Occurrence and distribution of sulfonamides, tetracyclines, quinolones, macrolides, and nitrofurans in livestock manure and amended soils of Northern China. Environmental Science and Pollution Research, 22, 4545–4554.",Sup 2014 Hou Table 10 soils section (Soil 17) | Hou supplement abbreviation normalized to full compound names using Sup 2014 Table 0 compound list.,N_HOU2015_NORTH_SOIL,Sup 2014 Jie Hou ... .docx,https://doi.org/10.1007/s11356-014-3632-y,True
soil,soil,Tianjin,Northern China amended soil Soil 12,Tetracycline,tetracyclines,25.2,,ng/g dw,2014,,"Hou, J., Wan, W., Mao, D., Wang, C., Mu, Q., Qin, S., & Luo, Y. (2015). Occurrence and distribution of sulfonamides, tetracyclines, quinolones, macrolides, and nitrofurans in livestock manure and amended soils of Northern China. Environmental Science and Pollution Research, 22, 4545–4554.",Sup 2014 Hou Table 10 soils section (Soil 12) | Hou supplement abbreviation normalized to full compound names using Sup 2014 Table 0 compound list.,N_HOU2015_NORTH_SOIL,Sup 2014 Jie Hou ... .docx,https://doi.org/10.1007/s11356-014-3632-y,True
soil,soil,Tianjin,Northern China amended soil Soil 13,Tetracycline,tetracyclines,152.9,,ng/g dw,2014,,"Hou, J., Wan, W., Mao, D., Wang, C., Mu, Q., Qin, S., & Luo, Y. (2015). Occurrence and distribution of sulfonamides, tetracyclines, quinolones, macrolides, and nitrofurans in livestock manure and amended soils of Northern China. Environmental Science and Pollution Research, 22, 4545–4554.",Sup 2014 Hou Table 10 soils section (Soil 13) | Hou supplement abbreviation normalized to full compound names using Sup 2014 Table 0 compound list.,N_HOU2015_NORTH_SOIL,Sup 2014 Jie Hou ... .docx,https://doi.org/10.1007/s11356-014-3632-y,True
soil,soil,Tianjin,Northern China amended soil Soil 14,Tetracycline,tetracyclines,26.5,,ng/g dw,2014,,"Hou, J., Wan, W., Mao, D., Wang, C., Mu, Q., Qin, S., & Luo, Y. (2015). Occurrence and distribution of sulfonamides, tetracyclines, quinolones, macrolides, and nitrofurans in livestock manure and amended soils of Northern China. Environmental Science and Pollution Research, 22, 4545–4554.",Sup 2014 Hou Table 10 soils section (Soil 14) | Hou supplement abbreviation normalized to full compound names using Sup 2014 Table 0 compound list.,N_HOU2015_NORTH_SOIL,Sup 2014 Jie Hou ... .docx,https://doi.org/10.1007/s11356-014-3632-y,True
soil,soil,Tianjin,Northern China amended soil Soil 15,Tetracycline,tetracyclines,17.1,,ng/g dw,2014,,"Hou, J., Wan, W., Mao, D., Wang, C., Mu, Q., Qin, S., & Luo, Y. (2015). Occurrence and distribution of sulfonamides, tetracyclines, quinolones, macrolides, and nitrofurans in livestock manure and amended soils of Northern China. Environmental Science and Pollution Research, 22, 4545–4554.",Sup 2014 Hou Table 10 soils section (Soil 15) | Hou supplement abbreviation normalized to full compound names using Sup 2014 Table 0 compound list.,N_HOU2015_NORTH_SOIL,Sup 2014 Jie Hou ... .docx,https://doi.org/10.1007/s11356-014-3632-y,True
soil,soil,Tianjin,Northern China amended soil Soil 16,Tetracycline,tetracyclines,11.2,,ng/g dw,2014,,"Hou, J., Wan, W., Mao, D., Wang, C., Mu, Q., Qin, S., & Luo, Y. (2015). Occurrence and distribution of sulfonamides, tetracyclines, quinolones, macrolides, and nitrofurans in livestock manure and amended soils of Northern China. Environmental Science and Pollution Research, 22, 4545–4554.",Sup 2014 Hou Table 10 soils section (Soil 16) | Hou supplement abbreviation normalized to full compound names using Sup 2014 Table 0 compound list.,N_HOU2015_NORTH_SOIL,Sup 2014 Jie Hou ... .docx,https://doi.org/10.1007/s11356-014-3632-y,True
soil,soil,Tianjin,Northern China amended soil Soil 17,Tetracycline,tetracyclines,34.4,,ng/g dw,2014,,"Hou, J., Wan, W., Mao, D., Wang, C., Mu, Q., Qin, S., & Luo, Y. (2015). Occurrence and distribution of sulfonamides, tetracyclines, quinolones, macrolides, and nitrofurans in livestock manure and amended soils of Northern China. Environmental Science and Pollution Research, 22, 4545–4554.",Sup 2014 Hou Table 10 soils section (Soil 17) | Hou supplement abbreviation normalized to full compound names using Sup 2014 Table 0 compound list.,N_HOU2015_NORTH_SOIL,Sup 2014 Jie Hou ... .docx,https://doi.org/10.1007/s11356-014-3632-y,True
soil,soil,Tianjin,Northern China amended soil Soil 12,Chlortetracycline,tetracyclines,10967.1,,ng/g dw,2014,,"Hou, J., Wan, W., Mao, D., Wang, C., Mu, Q., Qin, S., & Luo, Y. (2015). Occurrence and distribution of sulfonamides, tetracyclines, quinolones, macrolides, and nitrofurans in livestock manure and amended soils of Northern China. Environmental Science and Pollution Research, 22, 4545–4554.",Sup 2014 Hou Table 10 soils section (Soil 12) | Hou supplement abbreviation normalized to full compound names using Sup 2014 Table 0 compound list.,N_HOU2015_NORTH_SOIL,Sup 2014 Jie Hou ... .docx,https://doi.org/10.1007/s11356-014-3632-y,True
soil,soil,Tianjin,Northern China amended soil Soil 13,Chlortetracycline,tetracyclines,2807.9,,ng/g dw,2014,,"Hou, J., Wan, W., Mao, D., Wang, C., Mu, Q., Qin, S., & Luo, Y. (2015). Occurrence and distribution of sulfonamides, tetracyclines, quinolones, macrolides, and nitrofurans in livestock manure and amended soils of Northern China. Environmental Science and Pollution Research, 22, 4545–4554.",Sup 2014 Hou Table 10 soils section (Soil 13) | Hou supplement abbreviation normalized to full compound names using Sup 2014 Table 0 compound list.,N_HOU2015_NORTH_SOIL,Sup 2014 Jie Hou ... .docx,https://doi.org/10.1007/s11356-014-3632-y,True
soil,soil,Tianjin,Northern China amended soil Soil 14,Chlortetracycline,tetracyclines,2160.8,,ng/g dw,2014,,"Hou, J., Wan, W., Mao, D., Wang, C., Mu, Q., Qin, S., & Luo, Y. (2015). Occurrence and distribution of sulfonamides, tetracyclines, quinolones, macrolides, and nitrofurans in livestock manure and amended soils of Northern China. Environmental Science and Pollution Research, 22, 4545–4554.",Sup 2014 Hou Table 10 soils section (Soil 14) | Hou supplement abbreviation normalized to full compound names using Sup 2014 Table 0 compound list.,N_HOU2015_NORTH_SOIL,Sup 2014 Jie Hou ... .docx,https://doi.org/10.1007/s11356-014-3632-y,True
soil,soil,Tianjin,Northern China amended soil Soil 15,Chlortetracycline,tetracyclines,311.2,,ng/g dw,2014,,"Hou, J., Wan, W., Mao, D., Wang, C., Mu, Q., Qin, S., & Luo, Y. (2015). Occurrence and distribution of sulfonamides, tetracyclines, quinolones, macrolides, and nitrofurans in livestock manure and amended soils of Northern China. Environmental Science and Pollution Research, 22, 4545–4554.",Sup 2014 Hou Table 10 soils section (Soil 15) | Hou supplement abbreviation normalized to full compound names using Sup 2014 Table 0 compound list.,N_HOU2015_NORTH_SOIL,Sup 2014 Jie Hou ... .docx,https://doi.org/10.1007/s11356-014-3632-y,True
soil,soil,Tianjin,Northern China amended soil Soil 16,Chlortetracycline,tetracyclines,600.5,,ng/g dw,2014,,"Hou, J., Wan, W., Mao, D., Wang, C., Mu, Q., Qin, S., & Luo, Y. (2015). Occurrence and distribution of sulfonamides, tetracyclines, quinolones, macrolides, and nitrofurans in livestock manure and amended soils of Northern China. Environmental Science and Pollution Research, 22, 4545–4554.",Sup 2014 Hou Table 10 soils section (Soil 16) | Hou supplement abbreviation normalized to full compound names using Sup 2014 Table 0 compound list.,N_HOU2015_NORTH_SOIL,Sup 2014 Jie Hou ... .docx,https://doi.org/10.1007/s11356-014-3632-y,True
soil,soil,Tianjin,Northern China amended soil Soil 17,Chlortetracycline,tetracyclines,1785.1,,ng/g dw,2014,,"Hou, J., Wan, W., Mao, D., Wang, C., Mu, Q., Qin, S., & Luo, Y. (2015). Occurrence and distribution of sulfonamides, tetracyclines, quinolones, macrolides, and nitrofurans in livestock manure and amended soils of Northern China. Environmental Science and Pollution Research, 22, 4545–4554.",Sup 2014 Hou Table 10 soils section (Soil 17) | Hou supplement abbreviation normalized to full compound names using Sup 2014 Table 0 compound list.,N_HOU2015_NORTH_SOIL,Sup 2014 Jie Hou ... .docx,https://doi.org/10.1007/s11356-014-3632-y,True
soil,soil,Tianjin,Northern China amended soil Soil 12,Oxytetracycline,tetracyclines,571.4,,ng/g dw,2014,,"Hou, J., Wan, W., Mao, D., Wang, C., Mu, Q., Qin, S., & Luo, Y. (2015). Occurrence and distribution of sulfonamides, tetracyclines, quinolones, macrolides, and nitrofurans in livestock manure and amended soils of Northern China. Environmental Science and Pollution Research, 22, 4545–4554.",Sup 2014 Hou Table 10 soils section (Soil 12) | Hou supplement abbreviation normalized to full compound names using Sup 2014 Table 0 compound list.,N_HOU2015_NORTH_SOIL,Sup 2014 Jie Hou ... .docx,https://doi.org/10.1007/s11356-014-3632-y,True
soil,soil,Tianjin,Northern China amended soil Soil 13,Oxytetracycline,tetracyclines,181.4,,ng/g dw,2014,,"Hou, J., Wan, W., Mao, D., Wang, C., Mu, Q., Qin, S., & Luo, Y. (2015). Occurrence and distribution of sulfonamides, tetracyclines, quinolones, macrolides, and nitrofurans in livestock manure and amended soils of Northern China. Environmental Science and Pollution Research, 22, 4545–4554.",Sup 2014 Hou Table 10 soils section (Soil 13) | Hou supplement abbreviation normalized to full compound names using Sup 2014 Table 0 compound list.,N_HOU2015_NORTH_SOIL,Sup 2014 Jie Hou ... .docx,https://doi.org/10.1007/s11356-014-3632-y,True
soil,soil,Tianjin,Northern China amended soil Soil 14,Oxytetracycline,tetracyclines,146.5,,ng/g dw,2014,,"Hou, J., Wan, W., Mao, D., Wang, C., Mu, Q., Qin, S., & Luo, Y. (2015). Occurrence and distribution of sulfonamides, tetracyclines, quinolones, macrolides, and nitrofurans in livestock manure and amended soils of Northern China. Environmental Science and Pollution Research, 22, 4545–4554.",Sup 2014 Hou Table 10 soils section (Soil 14) | Hou supplement abbreviation normalized to full compound names using Sup 2014 Table 0 compound list.,N_HOU2015_NORTH_SOIL,Sup 2014 Jie Hou ... .docx,https://doi.org/10.1007/s11356-014-3632-y,True
soil,soil,Tianjin,Northern China amended soil Soil 15,Oxytetracycline,tetracyclines,252.6,,ng/g dw,2014,,"Hou, J., Wan, W., Mao, D., Wang, C., Mu, Q., Qin, S., & Luo, Y. (2015). Occurrence and distribution of sulfonamides, tetracyclines, quinolones, macrolides, and nitrofurans in livestock manure and amended soils of Northern China. Environmental Science and Pollution Research, 22, 4545–4554.",Sup 2014 Hou Table 10 soils section (Soil 15) | Hou supplement abbreviation normalized to full compound names using Sup 2014 Table 0 compound list.,N_HOU2015_NORTH_SOIL,Sup 2014 Jie Hou ... .docx,https://doi.org/10.1007/s11356-014-3632-y,True
soil,soil,Tianjin,Northern China amended soil Soil 16,Oxytetracycline,tetracyclines,39.4,,ng/g dw,2014,,"Hou, J., Wan, W., Mao, D., Wang, C., Mu, Q., Qin, S., & Luo, Y. (2015). Occurrence and distribution of sulfonamides, tetracyclines, quinolones, macrolides, and nitrofurans in livestock manure and amended soils of Northern China. Environmental Science and Pollution Research, 22, 4545–4554.",Sup 2014 Hou Table 10 soils section (Soil 16) | Hou supplement abbreviation normalized to full compound names using Sup 2014 Table 0 compound list.,N_HOU2015_NORTH_SOIL,Sup 2014 Jie Hou ... .docx,https://doi.org/10.1007/s11356-014-3632-y,True
soil,soil,Tianjin,Northern China amended soil Soil 17,Oxytetracycline,tetracyclines,345.8,,ng/g dw,2014,,"Hou, J., Wan, W., Mao, D., Wang, C., Mu, Q., Qin, S., & Luo, Y. (2015). Occurrence and distribution of sulfonamides, tetracyclines, quinolones, macrolides, and nitrofurans in livestock manure and amended soils of Northern China. Environmental Science and Pollution Research, 22, 4545–4554.",Sup 2014 Hou Table 10 soils section (Soil 17) | Hou supplement abbreviation normalized to full compound names using Sup 2014 Table 0 compound list.,N_HOU2015_NORTH_SOIL,Sup 2014 Jie Hou ... .docx,https://doi.org/10.1007/s11356-014-3632-y,True
soil,soil,Tianjin,Northern China amended soil Soil 12,Doxycycline,tetracyclines,274.4,,ng/g dw,2014,,"Hou, J., Wan, W., Mao, D., Wang, C., Mu, Q., Qin, S., & Luo, Y. (2015). Occurrence and distribution of sulfonamides, tetracyclines, quinolones, macrolides, and nitrofurans in livestock manure and amended soils of Northern China. Environmental Science and Pollution Research, 22, 4545–4554.",Sup 2014 Hou Table 10 soils section (Soil 12) | Hou supplement abbreviation normalized to full compound names using Sup 2014 Table 0 compound list.,N_HOU2015_NORTH_SOIL,Sup 2014 Jie Hou ... .docx,https://doi.org/10.1007/s11356-014-3632-y,True
soil,soil,Tianjin,Northern China amended soil Soil 13,Doxycycline,tetracyclines,385.2,,ng/g dw,2014,,"Hou, J., Wan, W., Mao, D., Wang, C., Mu, Q., Qin, S., & Luo, Y. (2015). Occurrence and distribution of sulfonamides, tetracyclines, quinolones, macrolides, and nitrofurans in livestock manure and amended soils of Northern China. Environmental Science and Pollution Research, 22, 4545–4554.",Sup 2014 Hou Table 10 soils section (Soil 13) | Hou supplement abbreviation normalized to full compound names using Sup 2014 Table 0 compound list.,N_HOU2015_NORTH_SOIL,Sup 2014 Jie Hou ... .docx,https://doi.org/10.1007/s11356-014-3632-y,True
soil,soil,Tianjin,Northern China amended soil Soil 14,Doxycycline,tetracyclines,256.4,,ng/g dw,2014,,"Hou, J., Wan, W., Mao, D., Wang, C., Mu, Q., Qin, S., & Luo, Y. (2015). Occurrence and distribution of sulfonamides, tetracyclines, quinolones, macrolides, and nitrofurans in livestock manure and amended soils of Northern China. Environmental Science and Pollution Research, 22, 4545–4554.",Sup 2014 Hou Table 10 soils section (Soil 14) | Hou supplement abbreviation normalized to full compound names using Sup 2014 Table 0 compound list.,N_HOU2015_NORTH_SOIL,Sup 2014 Jie Hou ... .docx,https://doi.org/10.1007/s11356-014-3632-y,True
soil,soil,Tianjin,Northern China amended soil Soil 15,Doxycycline,tetracyclines,136.7,,ng/g dw,2014,,"Hou, J., Wan, W., Mao, D., Wang, C., Mu, Q., Qin, S., & Luo, Y. (2015). Occurrence and distribution of sulfonamides, tetracyclines, quinolones, macrolides, and nitrofurans in livestock manure and amended soils of Northern China. Environmental Science and Pollution Research, 22, 4545–4554.",Sup 2014 Hou Table 10 soils section (Soil 15) | Hou supplement abbreviation normalized to full compound names using Sup 2014 Table 0 compound list.,N_HOU2015_NORTH_SOIL,Sup 2014 Jie Hou ... .docx,https://doi.org/10.1007/s11356-014-3632-y,True
soil,soil,Tianjin,Northern China amended soil Soil 16,Doxycycline,tetracyclines,176.4,,ng/g dw,2014,,"Hou, J., Wan, W., Mao, D., Wang, C., Mu, Q., Qin, S., & Luo, Y. (2015). Occurrence and distribution of sulfonamides, tetracyclines, quinolones, macrolides, and nitrofurans in livestock manure and amended soils of Northern China. Environmental Science and Pollution Research, 22, 4545–4554.",Sup 2014 Hou Table 10 soils section (Soil 16) | Hou supplement abbreviation normalized to full compound names using Sup 2014 Table 0 compound list.,N_HOU2015_NORTH_SOIL,Sup 2014 Jie Hou ... .docx,https://doi.org/10.1007/s11356-014-3632-y,True
soil,soil,Tianjin,Northern China amended soil Soil 17,Doxycycline,tetracyclines,188.5,,ng/g dw,2014,,"Hou, J., Wan, W., Mao, D., Wang, C., Mu, Q., Qin, S., & Luo, Y. (2015). Occurrence and distribution of sulfonamides, tetracyclines, quinolones, macrolides, and nitrofurans in livestock manure and amended soils of Northern China. Environmental Science and Pollution Research, 22, 4545–4554.",Sup 2014 Hou Table 10 soils section (Soil 17) | Hou supplement abbreviation normalized to full compound names using Sup 2014 Table 0 compound list.,N_HOU2015_NORTH_SOIL,Sup 2014 Jie Hou ... .docx,https://doi.org/10.1007/s11356-014-3632-y,True
soil,soil,Tianjin,Northern China amended soil Soil 12,Enrofloxacin,fluoroquinolones,10.6,,ng/g dw,2014,,"Hou, J., Wan, W., Mao, D., Wang, C., Mu, Q., Qin, S., & Luo, Y. (2015). Occurrence and distribution of sulfonamides, tetracyclines, quinolones, macrolides, and nitrofurans in livestock manure and amended soils of Northern China. Environmental Science and Pollution Research, 22, 4545–4554.",Sup 2014 Hou Table 10 soils section (Soil 12) | Hou supplement abbreviation normalized to full compound names using Sup 2014 Table 0 compound list.,N_HOU2015_NORTH_SOIL,Sup 2014 Jie Hou ... .docx,https://doi.org/10.1007/s11356-014-3632-y,True
soil,soil,Tianjin,Northern China amended soil Soil 13,Enrofloxacin,fluoroquinolones,18.8,,ng/g dw,2014,,"Hou, J., Wan, W., Mao, D., Wang, C., Mu, Q., Qin, S., & Luo, Y. (2015). Occurrence and distribution of sulfonamides, tetracyclines, quinolones, macrolides, and nitrofurans in livestock manure and amended soils of Northern China. Environmental Science and Pollution Research, 22, 4545–4554.",Sup 2014 Hou Table 10 soils section (Soil 13) | Hou supplement abbreviation normalized to full compound names using Sup 2014 Table 0 compound list.,N_HOU2015_NORTH_SOIL,Sup 2014 Jie Hou ... .docx,https://doi.org/10.1007/s11356-014-3632-y,True
soil,soil,Tianjin,Northern China amended soil Soil 14,Enrofloxacin,fluoroquinolones,12.1,,ng/g dw,2014,,"Hou, J., Wan, W., Mao, D., Wang, C., Mu, Q., Qin, S., & Luo, Y. (2015). Occurrence and distribution of sulfonamides, tetracyclines, quinolones, macrolides, and nitrofurans in livestock manure and amended soils of Northern China. Environmental Science and Pollution Research, 22, 4545–4554.",Sup 2014 Hou Table 10 soils section (Soil 14) | Hou supplement abbreviation normalized to full compound names using Sup 2014 Table 0 compound list.,N_HOU2015_NORTH_SOIL,Sup 2014 Jie Hou ... .docx,https://doi.org/10.1007/s11356-014-3632-y,True
soil,soil,Tianjin,Northern China amended soil Soil 15,Enrofloxacin,fluoroquinolones,9.2,,ng/g dw,2014,,"Hou, J., Wan, W., Mao, D., Wang, C., Mu, Q., Qin, S., & Luo, Y. (2015). Occurrence and distribution of sulfonamides, tetracyclines, quinolones, macrolides, and nitrofurans in livestock manure and amended soils of Northern China. Environmental Science and Pollution Research, 22, 4545–4554.",Sup 2014 Hou Table 10 soils section (Soil 15) | Hou supplement abbreviation normalized to full compound names using Sup 2014 Table 0 compound list.,N_HOU2015_NORTH_SOIL,Sup 2014 Jie Hou ... .docx,https://doi.org/10.1007/s11356-014-3632-y,True
soil,soil,Tianjin,Northern China amended soil Soil 16,Enrofloxacin,fluoroquinolones,40.7,,ng/g dw,2014,,"Hou, J., Wan, W., Mao, D., Wang, C., Mu, Q., Qin, S., & Luo, Y. (2015). Occurrence and distribution of sulfonamides, tetracyclines, quinolones, macrolides, and nitrofurans in livestock manure and amended soils of Northern China. Environmental Science and Pollution Research, 22, 4545–4554.",Sup 2014 Hou Table 10 soils section (Soil 16) | Hou supplement abbreviation normalized to full compound names using Sup 2014 Table 0 compound list.,N_HOU2015_NORTH_SOIL,Sup 2014 Jie Hou ... .docx,https://doi.org/10.1007/s11356-014-3632-y,True
soil,soil,Tianjin,Northern China amended soil Soil 17,Enrofloxacin,fluoroquinolones,18.2,,ng/g dw,2014,,"Hou, J., Wan, W., Mao, D., Wang, C., Mu, Q., Qin, S., & Luo, Y. (2015). Occurrence and distribution of sulfonamides, tetracyclines, quinolones, macrolides, and nitrofurans in livestock manure and amended soils of Northern China. Environmental Science and Pollution Research, 22, 4545–4554.",Sup 2014 Hou Table 10 soils section (Soil 17) | Hou supplement abbreviation normalized to full compound names using Sup 2014 Table 0 compound list.,N_HOU2015_NORTH_SOIL,Sup 2014 Jie Hou ... .docx,https://doi.org/10.1007/s11356-014-3632-y,True
soil,soil,Tianjin,Northern China amended soil Soil 12,Ciprofloxacin,fluoroquinolones,54.6,,ng/g dw,2014,,"Hou, J., Wan, W., Mao, D., Wang, C., Mu, Q., Qin, S., & Luo, Y. (2015). Occurrence and distribution of sulfonamides, tetracyclines, quinolones, macrolides, and nitrofurans in livestock manure and amended soils of Northern China. Environmental Science and Pollution Research, 22, 4545–4554.",Sup 2014 Hou Table 10 soils section (Soil 12) | Hou supplement abbreviation normalized to full compound names using Sup 2014 Table 0 compound list.,N_HOU2015_NORTH_SOIL,Sup 2014 Jie Hou ... .docx,https://doi.org/10.1007/s11356-014-3632-y,True
soil,soil,Tianjin,Northern China amended soil Soil 13,Ciprofloxacin,fluoroquinolones,80.9,,ng/g dw,2014,,"Hou, J., Wan, W., Mao, D., Wang, C., Mu, Q., Qin, S., & Luo, Y. (2015). Occurrence and distribution of sulfonamides, tetracyclines, quinolones, macrolides, and nitrofurans in livestock manure and amended soils of Northern China. Environmental Science and Pollution Research, 22, 4545–4554.",Sup 2014 Hou Table 10 soils section (Soil 13) | Hou supplement abbreviation normalized to full compound names using Sup 2014 Table 0 compound list.,N_HOU2015_NORTH_SOIL,Sup 2014 Jie Hou ... .docx,https://doi.org/10.1007/s11356-014-3632-y,True
soil,soil,Tianjin,Northern China amended soil Soil 14,Ciprofloxacin,fluoroquinolones,67.1,,ng/g dw,2014,,"Hou, J., Wan, W., Mao, D., Wang, C., Mu, Q., Qin, S., & Luo, Y. (2015). Occurrence and distribution of sulfonamides, tetracyclines, quinolones, macrolides, and nitrofurans in livestock manure and amended soils of Northern China. Environmental Science and Pollution Research, 22, 4545–4554.",Sup 2014 Hou Table 10 soils section (Soil 14) | Hou supplement abbreviation normalized to full compound names using Sup 2014 Table 0 compound list.,N_HOU2015_NORTH_SOIL,Sup 2014 Jie Hou ... .docx,https://doi.org/10.1007/s11356-014-3632-y,True
soil,soil,Tianjin,Northern China amended soil Soil 15,Ciprofloxacin,fluoroquinolones,29.9,,ng/g dw,2014,,"Hou, J., Wan, W., Mao, D., Wang, C., Mu, Q., Qin, S., & Luo, Y. (2015). Occurrence and distribution of sulfonamides, tetracyclines, quinolones, macrolides, and nitrofurans in livestock manure and amended soils of Northern China. Environmental Science and Pollution Research, 22, 4545–4554.",Sup 2014 Hou Table 10 soils section (Soil 15) | Hou supplement abbreviation normalized to full compound names using Sup 2014 Table 0 compound list.,N_HOU2015_NORTH_SOIL,Sup 2014 Jie Hou ... .docx,https://doi.org/10.1007/s11356-014-3632-y,True
soil,soil,Tianjin,Northern China amended soil Soil 16,Ciprofloxacin,fluoroquinolones,36.3,,ng/g dw,2014,,"Hou, J., Wan, W., Mao, D., Wang, C., Mu, Q., Qin, S., & Luo, Y. (2015). Occurrence and distribution of sulfonamides, tetracyclines, quinolones, macrolides, and nitrofurans in livestock manure and amended soils of Northern China. Environmental Science and Pollution Research, 22, 4545–4554.",Sup 2014 Hou Table 10 soils section (Soil 16) | Hou supplement abbreviation normalized to full compound names using Sup 2014 Table 0 compound list.,N_HOU2015_NORTH_SOIL,Sup 2014 Jie Hou ... .docx,https://doi.org/10.1007/s11356-014-3632-y,True
soil,soil,Tianjin,Northern China amended soil Soil 17,Ciprofloxacin,fluoroquinolones,31.1,,ng/g dw,2014,,"Hou, J., Wan, W., Mao, D., Wang, C., Mu, Q., Qin, S., & Luo, Y. (2015). Occurrence and distribution of sulfonamides, tetracyclines, quinolones, macrolides, and nitrofurans in livestock manure and amended soils of Northern China. Environmental Science and Pollution Research, 22, 4545–4554.",Sup 2014 Hou Table 10 soils section (Soil 17) | Hou supplement abbreviation normalized to full compound names using Sup 2014 Table 0 compound list.,N_HOU2015_NORTH_SOIL,Sup 2014 Jie Hou ... .docx,https://doi.org/10.1007/s11356-014-3632-y,True
soil,soil,Tianjin,Northern China amended soil Soil 12,Ofloxacin,fluoroquinolones,12.8,,ng/g dw,2014,,"Hou, J., Wan, W., Mao, D., Wang, C., Mu, Q., Qin, S., & Luo, Y. (2015). Occurrence and distribution of sulfonamides, tetracyclines, quinolones, macrolides, and nitrofurans in livestock manure and amended soils of Northern China. Environmental Science and Pollution Research, 22, 4545–4554.",Sup 2014 Hou Table 10 soils section (Soil 12) | Hou supplement abbreviation normalized to full compound names using Sup 2014 Table 0 compound list.,N_HOU2015_NORTH_SOIL,Sup 2014 Jie Hou ... .docx,https://doi.org/10.1007/s11356-014-3632-y,True
soil,soil,Tianjin,Northern China amended soil Soil 13,Ofloxacin,fluoroquinolones,17.4,,ng/g dw,2014,,"Hou, J., Wan, W., Mao, D., Wang, C., Mu, Q., Qin, S., & Luo, Y. (2015). Occurrence and distribution of sulfonamides, tetracyclines, quinolones, macrolides, and nitrofurans in livestock manure and amended soils of Northern China. Environmental Science and Pollution Research, 22, 4545–4554.",Sup 2014 Hou Table 10 soils section (Soil 13) | Hou supplement abbreviation normalized to full compound names using Sup 2014 Table 0 compound list.,N_HOU2015_NORTH_SOIL,Sup 2014 Jie Hou ... .docx,https://doi.org/10.1007/s11356-014-3632-y,True
soil,soil,Tianjin,Northern China amended soil Soil 14,Ofloxacin,fluoroquinolones,10.4,,ng/g dw,2014,,"Hou, J., Wan, W., Mao, D., Wang, C., Mu, Q., Qin, S., & Luo, Y. (2015). Occurrence and distribution of sulfonamides, tetracyclines, quinolones, macrolides, and nitrofurans in livestock manure and amended soils of Northern China. Environmental Science and Pollution Research, 22, 4545–4554.",Sup 2014 Hou Table 10 soils section (Soil 14) | Hou supplement abbreviation normalized to full compound names using Sup 2014 Table 0 compound list.,N_HOU2015_NORTH_SOIL,Sup 2014 Jie Hou ... .docx,https://doi.org/10.1007/s11356-014-3632-y,True
soil,soil,Tianjin,Northern China amended soil Soil 15,Ofloxacin,fluoroquinolones,7.8,,ng/g dw,2014,,"Hou, J., Wan, W., Mao, D., Wang, C., Mu, Q., Qin, S., & Luo, Y. (2015). Occurrence and distribution of sulfonamides, tetracyclines, quinolones, macrolides, and nitrofurans in livestock manure and amended soils of Northern China. Environmental Science and Pollution Research, 22, 4545–4554.",Sup 2014 Hou Table 10 soils section (Soil 15) | Hou supplement abbreviation normalized to full compound names using Sup 2014 Table 0 compound list.,N_HOU2015_NORTH_SOIL,Sup 2014 Jie Hou ... .docx,https://doi.org/10.1007/s11356-014-3632-y,True
soil,soil,Tianjin,Northern China amended soil Soil 16,Ofloxacin,fluoroquinolones,10.7,,ng/g dw,2014,,"Hou, J., Wan, W., Mao, D., Wang, C., Mu, Q., Qin, S., & Luo, Y. (2015). Occurrence and distribution of sulfonamides, tetracyclines, quinolones, macrolides, and nitrofurans in livestock manure and amended soils of Northern China. Environmental Science and Pollution Research, 22, 4545–4554.",Sup 2014 Hou Table 10 soils section (Soil 16) | Hou supplement abbreviation normalized to full compound names using Sup 2014 Table 0 compound list.,N_HOU2015_NORTH_SOIL,Sup 2014 Jie Hou ... .docx,https://doi.org/10.1007/s11356-014-3632-y,True
soil,soil,Tianjin,Northern China amended soil Soil 17,Ofloxacin,fluoroquinolones,8.8,,ng/g dw,2014,,"Hou, J., Wan, W., Mao, D., Wang, C., Mu, Q., Qin, S., & Luo, Y. (2015). Occurrence and distribution of sulfonamides, tetracyclines, quinolones, macrolides, and nitrofurans in livestock manure and amended soils of Northern China. Environmental Science and Pollution Research, 22, 4545–4554.",Sup 2014 Hou Table 10 soils section (Soil 17) | Hou supplement abbreviation normalized to full compound names using Sup 2014 Table 0 compound list.,N_HOU2015_NORTH_SOIL,Sup 2014 Jie Hou ... .docx,https://doi.org/10.1007/s11356-014-3632-y,True
soil,soil,Tianjin,Northern China amended soil Soil 12,Roxithromycin,macrolides,11.6,,ng/g dw,2014,,"Hou, J., Wan, W., Mao, D., Wang, C., Mu, Q., Qin, S., & Luo, Y. (2015). Occurrence and distribution of sulfonamides, tetracyclines, quinolones, macrolides, and nitrofurans in livestock manure and amended soils of Northern China. Environmental Science and Pollution Research, 22, 4545–4554.",Sup 2014 Hou Table 10 soils section (Soil 12) | Hou supplement abbreviation normalized to full compound names using Sup 2014 Table 0 compound list.,N_HOU2015_NORTH_SOIL,Sup 2014 Jie Hou ... .docx,https://doi.org/10.1007/s11356-014-3632-y,True
soil,soil,Tianjin,Northern China amended soil Soil 14,Roxithromycin,macrolides,13.4,,ng/g dw,2014,,"Hou, J., Wan, W., Mao, D., Wang, C., Mu, Q., Qin, S., & Luo, Y. (2015). Occurrence and distribution of sulfonamides, tetracyclines, quinolones, macrolides, and nitrofurans in livestock manure and amended soils of Northern China. Environmental Science and Pollution Research, 22, 4545–4554.",Sup 2014 Hou Table 10 soils section (Soil 14) | Hou supplement abbreviation normalized to full compound names using Sup 2014 Table 0 compound list.,N_HOU2015_NORTH_SOIL,Sup 2014 Jie Hou ... .docx,https://doi.org/10.1007/s11356-014-3632-y,True
soil,soil,Tianjin,Northern China amended soil Soil 15,Roxithromycin,macrolides,5.9,,ng/g dw,2014,,"Hou, J., Wan, W., Mao, D., Wang, C., Mu, Q., Qin, S., & Luo, Y. (2015). Occurrence and distribution of sulfonamides, tetracyclines, quinolones, macrolides, and nitrofurans in livestock manure and amended soils of Northern China. Environmental Science and Pollution Research, 22, 4545–4554.",Sup 2014 Hou Table 10 soils section (Soil 15) | Hou supplement abbreviation normalized to full compound names using Sup 2014 Table 0 compound list.,N_HOU2015_NORTH_SOIL,Sup 2014 Jie Hou ... .docx,https://doi.org/10.1007/s11356-014-3632-y,True
soil,soil,Tianjin,Northern China amended soil Soil 17,Roxithromycin,macrolides,7.4,,ng/g dw,2014,,"Hou, J., Wan, W., Mao, D., Wang, C., Mu, Q., Qin, S., & Luo, Y. (2015). Occurrence and distribution of sulfonamides, tetracyclines, quinolones, macrolides, and nitrofurans in livestock manure and amended soils of Northern China. Environmental Science and Pollution Research, 22, 4545–4554.",Sup 2014 Hou Table 10 soils section (Soil 17) | Hou supplement abbreviation normalized to full compound names using Sup 2014 Table 0 compound list.,N_HOU2015_NORTH_SOIL,Sup 2014 Jie Hou ... .docx,https://doi.org/10.1007/s11356-014-3632-y,True
soil,soil,Tianjin,Northern China amended soil Soil 12,Erythromycin,macrolides,7.2,,ng/g dw,2014,,"Hou, J., Wan, W., Mao, D., Wang, C., Mu, Q., Qin, S., & Luo, Y. (2015). Occurrence and distribution of sulfonamides, tetracyclines, quinolones, macrolides, and nitrofurans in livestock manure and amended soils of Northern China. Environmental Science and Pollution Research, 22, 4545–4554.",Sup 2014 Hou Table 10 soils section (Soil 12) | Hou supplement abbreviation normalized to full compound names using Sup 2014 Table 0 compound list.,N_HOU2015_NORTH_SOIL,Sup 2014 Jie Hou ... .docx,https://doi.org/10.1007/s11356-014-3632-y,True
soil,soil,Tianjin,Northern China amended soil Soil 13,Erythromycin,macrolides,4.9,,ng/g dw,2014,,"Hou, J., Wan, W., Mao, D., Wang, C., Mu, Q., Qin, S., & Luo, Y. (2015). Occurrence and distribution of sulfonamides, tetracyclines, quinolones, macrolides, and nitrofurans in livestock manure and amended soils of Northern China. Environmental Science and Pollution Research, 22, 4545–4554.",Sup 2014 Hou Table 10 soils section (Soil 13) | Hou supplement abbreviation normalized to full compound names using Sup 2014 Table 0 compound list.,N_HOU2015_NORTH_SOIL,Sup 2014 Jie Hou ... .docx,https://doi.org/10.1007/s11356-014-3632-y,True
soil,soil,Tianjin,Northern China amended soil Soil 16,Erythromycin,macrolides,5.3,,ng/g dw,2014,,"Hou, J., Wan, W., Mao, D., Wang, C., Mu, Q., Qin, S., & Luo, Y. (2015). Occurrence and distribution of sulfonamides, tetracyclines, quinolones, macrolides, and nitrofurans in livestock manure and amended soils of Northern China. Environmental Science and Pollution Research, 22, 4545–4554.",Sup 2014 Hou Table 10 soils section (Soil 16) | Hou supplement abbreviation normalized to full compound names using Sup 2014 Table 0 compound list.,N_HOU2015_NORTH_SOIL,Sup 2014 Jie Hou ... .docx,https://doi.org/10.1007/s11356-014-3632-y,True
soil,soil,Tianjin,Northern China amended soil Soil 12,Tylosin,macrolides,9.1,,ng/g dw,2014,,"Hou, J., Wan, W., Mao, D., Wang, C., Mu, Q., Qin, S., & Luo, Y. (2015). Occurrence and distribution of sulfonamides, tetracyclines, quinolones, macrolides, and nitrofurans in livestock manure and amended soils of Northern China. Environmental Science and Pollution Research, 22, 4545–4554.",Sup 2014 Hou Table 10 soils section (Soil 12) | Hou supplement abbreviation normalized to full compound names using Sup 2014 Table 0 compound list.,N_HOU2015_NORTH_SOIL,Sup 2014 Jie Hou ... .docx,https://doi.org/10.1007/s11356-014-3632-y,True
soil,soil,Tianjin,Northern China amended soil Soil 17,Tylosin,macrolides,2.3,,ng/g dw,2014,,"Hou, J., Wan, W., Mao, D., Wang, C., Mu, Q., Qin, S., & Luo, Y. (2015). Occurrence and distribution of sulfonamides, tetracyclines, quinolones, macrolides, and nitrofurans in livestock manure and amended soils of Northern China. Environmental Science and Pollution Research, 22, 4545–4554.",Sup 2014 Hou Table 10 soils section (Soil 17) | Hou supplement abbreviation normalized to full compound names using Sup 2014 Table 0 compound list.,N_HOU2015_NORTH_SOIL,Sup 2014 Jie Hou ... .docx,https://doi.org/10.1007/s11356-014-3632-y,True
soil,soil,Tianjin,Northern China amended soil Soil 13,Furazolidone,other,31.8,,ng/g dw,2014,,"Hou, J., Wan, W., Mao, D., Wang, C., Mu, Q., Qin, S., & Luo, Y. (2015). Occurrence and distribution of sulfonamides, tetracyclines, quinolones, macrolides, and nitrofurans in livestock manure and amended soils of Northern China. Environmental Science and Pollution Research, 22, 4545–4554.",Sup 2014 Hou Table 10 soils section (Soil 13) | Hou supplement abbreviation normalized to full compound names using Sup 2014 Table 0 compound list.,N_HOU2015_NORTH_SOIL,Sup 2014 Jie Hou ... .docx,https://doi.org/10.1007/s11356-014-3632-y,True
soil,soil,Tianjin,Northern China amended soil Soil 14,Furazolidone,other,57.8,,ng/g dw,2014,,"Hou, J., Wan, W., Mao, D., Wang, C., Mu, Q., Qin, S., & Luo, Y. (2015). Occurrence and distribution of sulfonamides, tetracyclines, quinolones, macrolides, and nitrofurans in livestock manure and amended soils of Northern China. Environmental Science and Pollution Research, 22, 4545–4554.",Sup 2014 Hou Table 10 soils section (Soil 14) | Hou supplement abbreviation normalized to full compound names using Sup 2014 Table 0 compound list.,N_HOU2015_NORTH_SOIL,Sup 2014 Jie Hou ... .docx,https://doi.org/10.1007/s11356-014-3632-y,True
soil,soil,Liaoning,Northern China amended soil Soil 3,Sulfamethoxazole,sulfonamides,2.2,,ng/g dw,2014,,"Hou, J., Wan, W., Mao, D., Wang, C., Mu, Q., Qin, S., & Luo, Y. (2015). Occurrence and distribution of sulfonamides, tetracyclines, quinolones, macrolides, and nitrofurans in livestock manure and amended soils of Northern China. Environmental Science and Pollution Research, 22, 4545–4554.",Sup 2014 Hou Table 9 soils section (Soil 3) | Hou supplement abbreviation normalized to full compound names using Sup 2014 Table 0 compound list.,N_HOU2015_NORTH_SOIL,Sup 2014 Jie Hou ... .docx,https://doi.org/10.1007/s11356-014-3632-y,True
soil,soil,Liaoning,Northern China amended soil Soil 4,Sulfamethoxazole,sulfonamides,8.3,,ng/g dw,2014,,"Hou, J., Wan, W., Mao, D., Wang, C., Mu, Q., Qin, S., & Luo, Y. (2015). Occurrence and distribution of sulfonamides, tetracyclines, quinolones, macrolides, and nitrofurans in livestock manure and amended soils of Northern China. Environmental Science and Pollution Research, 22, 4545–4554.",Sup 2014 Hou Table 9 soils section (Soil 4) | Hou supplement abbreviation normalized to full compound names using Sup 2014 Table 0 compound list.,N_HOU2015_NORTH_SOIL,Sup 2014 Jie Hou ... .docx,https://doi.org/10.1007/s11356-014-3632-y,True
soil,soil,Liaoning,Northern China amended soil Soil 5,Sulfamethoxazole,sulfonamides,11.6,,ng/g dw,2014,,"Hou, J., Wan, W., Mao, D., Wang, C., Mu, Q., Qin, S., & Luo, Y. (2015). Occurrence and distribution of sulfonamides, tetracyclines, quinolones, macrolides, and nitrofurans in livestock manure and amended soils of Northern China. Environmental Science and Pollution Research, 22, 4545–4554.",Sup 2014 Hou Table 9 soils section (Soil 5) | Hou supplement abbreviation normalized to full compound names using Sup 2014 Table 0 compound list.,N_HOU2015_NORTH_SOIL,Sup 2014 Jie Hou ... .docx,https://doi.org/10.1007/s11356-014-3632-y,True
soil,soil,Liaoning,Northern China amended soil Soil 6,Sulfamethoxazole,sulfonamides,46.6,,ng/g dw,2014,,"Hou, J., Wan, W., Mao, D., Wang, C., Mu, Q., Qin, S., & Luo, Y. (2015). Occurrence and distribution of sulfonamides, tetracyclines, quinolones, macrolides, and nitrofurans in livestock manure and amended soils of Northern China. Environmental Science and Pollution Research, 22, 4545–4554.",Sup 2014 Hou Table 9 soils section (Soil 6) | Hou supplement abbreviation normalized to full compound names using Sup 2014 Table 0 compound list.,N_HOU2015_NORTH_SOIL,Sup 2014 Jie Hou ... .docx,https://doi.org/10.1007/s11356-014-3632-y,True
soil,soil,Liaoning,Northern China amended soil Soil 7,Sulfamethoxazole,sulfonamides,12.3,,ng/g dw,2014,,"Hou, J., Wan, W., Mao, D., Wang, C., Mu, Q., Qin, S., & Luo, Y. (2015). Occurrence and distribution of sulfonamides, tetracyclines, quinolones, macrolides, and nitrofurans in livestock manure and amended soils of Northern China. Environmental Science and Pollution Research, 22, 4545–4554.",Sup 2014 Hou Table 9 soils section (Soil 7) | Hou supplement abbreviation normalized to full compound names using Sup 2014 Table 0 compound list.,N_HOU2015_NORTH_SOIL,Sup 2014 Jie Hou ... .docx,https://doi.org/10.1007/s11356-014-3632-y,True
soil,soil,Liaoning,Northern China amended soil Soil 8,Sulfamethoxazole,sulfonamides,11.9,,ng/g dw,2014,,"Hou, J., Wan, W., Mao, D., Wang, C., Mu, Q., Qin, S., & Luo, Y. (2015). Occurrence and distribution of sulfonamides, tetracyclines, quinolones, macrolides, and nitrofurans in livestock manure and amended soils of Northern China. Environmental Science and Pollution Research, 22, 4545–4554.",Sup 2014 Hou Table 9 soils section (Soil 8) | Hou supplement abbreviation normalized to full compound names using Sup 2014 Table 0 compound list.,N_HOU2015_NORTH_SOIL,Sup 2014 Jie Hou ... .docx,https://doi.org/10.1007/s11356-014-3632-y,True
soil,soil,Liaoning,Northern China amended soil Soil 9,Sulfamethoxazole,sulfonamides,3.8,,ng/g dw,2014,,"Hou, J., Wan, W., Mao, D., Wang, C., Mu, Q., Qin, S., & Luo, Y. (2015). Occurrence and distribution of sulfonamides, tetracyclines, quinolones, macrolides, and nitrofurans in livestock manure and amended soils of Northern China. Environmental Science and Pollution Research, 22, 4545–4554.",Sup 2014 Hou Table 9 soils section (Soil 9) | Hou supplement abbreviation normalized to full compound names using Sup 2014 Table 0 compound list.,N_HOU2015_NORTH_SOIL,Sup 2014 Jie Hou ... .docx,https://doi.org/10.1007/s11356-014-3632-y,True
soil,soil,Liaoning,Northern China amended soil Soil 10,Sulfamethoxazole,sulfonamides,6.2,,ng/g dw,2014,,"Hou, J., Wan, W., Mao, D., Wang, C., Mu, Q., Qin, S., & Luo, Y. (2015). Occurrence and distribution of sulfonamides, tetracyclines, quinolones, macrolides, and nitrofurans in livestock manure and amended soils of Northern China. Environmental Science and Pollution Research, 22, 4545–4554.",Sup 2014 Hou Table 9 soils section (Soil 10) | Hou supplement abbreviation normalized to full compound names using Sup 2014 Table 0 compound list.,N_HOU2015_NORTH_SOIL,Sup 2014 Jie Hou ... .docx,https://doi.org/10.1007/s11356-014-3632-y,True
soil,soil,Liaoning,Northern China amended soil Soil 3,Sulfadimidine,sulfonamides,28.3,,ng/g dw,2014,,"Hou, J., Wan, W., Mao, D., Wang, C., Mu, Q., Qin, S., & Luo, Y. (2015). Occurrence and distribution of sulfonamides, tetracyclines, quinolones, macrolides, and nitrofurans in livestock manure and amended soils of Northern China. Environmental Science and Pollution Research, 22, 4545–4554.",Sup 2014 Hou Table 9 soils section (Soil 3) | Hou supplement abbreviation normalized to full compound names using Sup 2014 Table 0 compound list.,N_HOU2015_NORTH_SOIL,Sup 2014 Jie Hou ... .docx,https://doi.org/10.1007/s11356-014-3632-y,True
soil,soil,Liaoning,Northern China amended soil Soil 4,Sulfadimidine,sulfonamides,33.3,,ng/g dw,2014,,"Hou, J., Wan, W., Mao, D., Wang, C., Mu, Q., Qin, S., & Luo, Y. (2015). Occurrence and distribution of sulfonamides, tetracyclines, quinolones, macrolides, and nitrofurans in livestock manure and amended soils of Northern China. Environmental Science and Pollution Research, 22, 4545–4554.",Sup 2014 Hou Table 9 soils section (Soil 4) | Hou supplement abbreviation normalized to full compound names using Sup 2014 Table 0 compound list.,N_HOU2015_NORTH_SOIL,Sup 2014 Jie Hou ... .docx,https://doi.org/10.1007/s11356-014-3632-y,True
soil,soil,Liaoning,Northern China amended soil Soil 6,Sulfadimidine,sulfonamides,11.6,,ng/g dw,2014,,"Hou, J., Wan, W., Mao, D., Wang, C., Mu, Q., Qin, S., & Luo, Y. (2015). Occurrence and distribution of sulfonamides, tetracyclines, quinolones, macrolides, and nitrofurans in livestock manure and amended soils of Northern China. Environmental Science and Pollution Research, 22, 4545–4554.",Sup 2014 Hou Table 9 soils section (Soil 6) | Hou supplement abbreviation normalized to full compound names using Sup 2014 Table 0 compound list.,N_HOU2015_NORTH_SOIL,Sup 2014 Jie Hou ... .docx,https://doi.org/10.1007/s11356-014-3632-y,True
soil,soil,Liaoning,Northern China amended soil Soil 7,Sulfadimidine,sulfonamides,59.2,,ng/g dw,2014,,"Hou, J., Wan, W., Mao, D., Wang, C., Mu, Q., Qin, S., & Luo, Y. (2015). Occurrence and distribution of sulfonamides, tetracyclines, quinolones, macrolides, and nitrofurans in livestock manure and amended soils of Northern China. Environmental Science and Pollution Research, 22, 4545–4554.",Sup 2014 Hou Table 9 soils section (Soil 7) | Hou supplement abbreviation normalized to full compound names using Sup 2014 Table 0 compound list.,N_HOU2015_NORTH_SOIL,Sup 2014 Jie Hou ... .docx,https://doi.org/10.1007/s11356-014-3632-y,True
soil,soil,Liaoning,Northern China amended soil Soil 8,Sulfadimidine,sulfonamides,30.5,,ng/g dw,2014,,"Hou, J., Wan, W., Mao, D., Wang, C., Mu, Q., Qin, S., & Luo, Y. (2015). Occurrence and distribution of sulfonamides, tetracyclines, quinolones, macrolides, and nitrofurans in livestock manure and amended soils of Northern China. Environmental Science and Pollution Research, 22, 4545–4554.",Sup 2014 Hou Table 9 soils section (Soil 8) | Hou supplement abbreviation normalized to full compound names using Sup 2014 Table 0 compound list.,N_HOU2015_NORTH_SOIL,Sup 2014 Jie Hou ... .docx,https://doi.org/10.1007/s11356-014-3632-y,True
soil,soil,Liaoning,Northern China amended soil Soil 9,Sulfadimidine,sulfonamides,15.3,,ng/g dw,2014,,"Hou, J., Wan, W., Mao, D., Wang, C., Mu, Q., Qin, S., & Luo, Y. (2015). Occurrence and distribution of sulfonamides, tetracyclines, quinolones, macrolides, and nitrofurans in livestock manure and amended soils of Northern China. Environmental Science and Pollution Research, 22, 4545–4554.",Sup 2014 Hou Table 9 soils section (Soil 9) | Hou supplement abbreviation normalized to full compound names using Sup 2014 Table 0 compound list.,N_HOU2015_NORTH_SOIL,Sup 2014 Jie Hou ... .docx,https://doi.org/10.1007/s11356-014-3632-y,True
soil,soil,Liaoning,Northern China amended soil Soil 10,Sulfadimidine,sulfonamides,15.5,,ng/g dw,2014,,"Hou, J., Wan, W., Mao, D., Wang, C., Mu, Q., Qin, S., & Luo, Y. (2015). Occurrence and distribution of sulfonamides, tetracyclines, quinolones, macrolides, and nitrofurans in livestock manure and amended soils of Northern China. Environmental Science and Pollution Research, 22, 4545–4554.",Sup 2014 Hou Table 9 soils section (Soil 10) | Hou supplement abbreviation normalized to full compound names using Sup 2014 Table 0 compound list.,N_HOU2015_NORTH_SOIL,Sup 2014 Jie Hou ... .docx,https://doi.org/10.1007/s11356-014-3632-y,True
soil,soil,Liaoning,Northern China amended soil Soil 1,Sulfachloropyridazine,sulfonamides,15.1,,ng/g dw,2014,,"Hou, J., Wan, W., Mao, D., Wang, C., Mu, Q., Qin, S., & Luo, Y. (2015). Occurrence and distribution of sulfonamides, tetracyclines, quinolones, macrolides, and nitrofurans in livestock manure and amended soils of Northern China. Environmental Science and Pollution Research, 22, 4545–4554.",Sup 2014 Hou Table 9 soils section (Soil 1) | Hou supplement abbreviation normalized to full compound names using Sup 2014 Table 0 compound list.,N_HOU2015_NORTH_SOIL,Sup 2014 Jie Hou ... .docx,https://doi.org/10.1007/s11356-014-3632-y,True
soil,soil,Liaoning,Northern China amended soil Soil 2,Sulfachloropyridazine,sulfonamides,36.7,,ng/g dw,2014,,"Hou, J., Wan, W., Mao, D., Wang, C., Mu, Q., Qin, S., & Luo, Y. (2015). Occurrence and distribution of sulfonamides, tetracyclines, quinolones, macrolides, and nitrofurans in livestock manure and amended soils of Northern China. Environmental Science and Pollution Research, 22, 4545–4554.",Sup 2014 Hou Table 9 soils section (Soil 2) | Hou supplement abbreviation normalized to full compound names using Sup 2014 Table 0 compound list.,N_HOU2015_NORTH_SOIL,Sup 2014 Jie Hou ... .docx,https://doi.org/10.1007/s11356-014-3632-y,True
soil,soil,Liaoning,Northern China amended soil Soil 3,Sulfachloropyridazine,sulfonamides,3.9,,ng/g dw,2014,,"Hou, J., Wan, W., Mao, D., Wang, C., Mu, Q., Qin, S., & Luo, Y. (2015). Occurrence and distribution of sulfonamides, tetracyclines, quinolones, macrolides, and nitrofurans in livestock manure and amended soils of Northern China. Environmental Science and Pollution Research, 22, 4545–4554.",Sup 2014 Hou Table 9 soils section (Soil 3) | Hou supplement abbreviation normalized to full compound names using Sup 2014 Table 0 compound list.,N_HOU2015_NORTH_SOIL,Sup 2014 Jie Hou ... .docx,https://doi.org/10.1007/s11356-014-3632-y,True
soil,soil,Liaoning,Northern China amended soil Soil 4,Sulfachloropyridazine,sulfonamides,14.3,,ng/g dw,2014,,"Hou, J., Wan, W., Mao, D., Wang, C., Mu, Q., Qin, S., & Luo, Y. (2015). Occurrence and distribution of sulfonamides, tetracyclines, quinolones, macrolides, and nitrofurans in livestock manure and amended soils of Northern China. Environmental Science and Pollution Research, 22, 4545–4554.",Sup 2014 Hou Table 9 soils section (Soil 4) | Hou supplement abbreviation normalized to full compound names using Sup 2014 Table 0 compound list.,N_HOU2015_NORTH_SOIL,Sup 2014 Jie Hou ... .docx,https://doi.org/10.1007/s11356-014-3632-y,True
soil,soil,Liaoning,Northern China amended soil Soil 5,Sulfachloropyridazine,sulfonamides,8.4,,ng/g dw,2014,,"Hou, J., Wan, W., Mao, D., Wang, C., Mu, Q., Qin, S., & Luo, Y. (2015). Occurrence and distribution of sulfonamides, tetracyclines, quinolones, macrolides, and nitrofurans in livestock manure and amended soils of Northern China. Environmental Science and Pollution Research, 22, 4545–4554.",Sup 2014 Hou Table 9 soils section (Soil 5) | Hou supplement abbreviation normalized to full compound names using Sup 2014 Table 0 compound list.,N_HOU2015_NORTH_SOIL,Sup 2014 Jie Hou ... .docx,https://doi.org/10.1007/s11356-014-3632-y,True
soil,soil,Liaoning,Northern China amended soil Soil 6,Sulfachloropyridazine,sulfonamides,9.7,,ng/g dw,2014,,"Hou, J., Wan, W., Mao, D., Wang, C., Mu, Q., Qin, S., & Luo, Y. (2015). Occurrence and distribution of sulfonamides, tetracyclines, quinolones, macrolides, and nitrofurans in livestock manure and amended soils of Northern China. Environmental Science and Pollution Research, 22, 4545–4554.",Sup 2014 Hou Table 9 soils section (Soil 6) | Hou supplement abbreviation normalized to full compound names using Sup 2014 Table 0 compound list.,N_HOU2015_NORTH_SOIL,Sup 2014 Jie Hou ... .docx,https://doi.org/10.1007/s11356-014-3632-y,True
soil,soil,Liaoning,Northern China amended soil Soil 7,Sulfachloropyridazine,sulfonamides,23.9,,ng/g dw,2014,,"Hou, J., Wan, W., Mao, D., Wang, C., Mu, Q., Qin, S., & Luo, Y. (2015). Occurrence and distribution of sulfonamides, tetracyclines, quinolones, macrolides, and nitrofurans in livestock manure and amended soils of Northern China. Environmental Science and Pollution Research, 22, 4545–4554.",Sup 2014 Hou Table 9 soils section (Soil 7) | Hou supplement abbreviation normalized to full compound names using Sup 2014 Table 0 compound list.,N_HOU2015_NORTH_SOIL,Sup 2014 Jie Hou ... .docx,https://doi.org/10.1007/s11356-014-3632-y,True
soil,soil,Liaoning,Northern China amended soil Soil 8,Sulfachloropyridazine,sulfonamides,9.3,,ng/g dw,2014,,"Hou, J., Wan, W., Mao, D., Wang, C., Mu, Q., Qin, S., & Luo, Y. (2015). Occurrence and distribution of sulfonamides, tetracyclines, quinolones, macrolides, and nitrofurans in livestock manure and amended soils of Northern China. Environmental Science and Pollution Research, 22, 4545–4554.",Sup 2014 Hou Table 9 soils section (Soil 8) | Hou supplement abbreviation normalized to full compound names using Sup 2014 Table 0 compound list.,N_HOU2015_NORTH_SOIL,Sup 2014 Jie Hou ... .docx,https://doi.org/10.1007/s11356-014-3632-y,True
soil,soil,Liaoning,Northern China amended soil Soil 9,Sulfachloropyridazine,sulfonamides,28.5,,ng/g dw,2014,,"Hou, J., Wan, W., Mao, D., Wang, C., Mu, Q., Qin, S., & Luo, Y. (2015). Occurrence and distribution of sulfonamides, tetracyclines, quinolones, macrolides, and nitrofurans in livestock manure and amended soils of Northern China. Environmental Science and Pollution Research, 22, 4545–4554.",Sup 2014 Hou Table 9 soils section (Soil 9) | Hou supplement abbreviation normalized to full compound names using Sup 2014 Table 0 compound list.,N_HOU2015_NORTH_SOIL,Sup 2014 Jie Hou ... .docx,https://doi.org/10.1007/s11356-014-3632-y,True
soil,soil,Liaoning,Northern China amended soil Soil 10,Sulfachloropyridazine,sulfonamides,52.9,,ng/g dw,2014,,"Hou, J., Wan, W., Mao, D., Wang, C., Mu, Q., Qin, S., & Luo, Y. (2015). Occurrence and distribution of sulfonamides, tetracyclines, quinolones, macrolides, and nitrofurans in livestock manure and amended soils of Northern China. Environmental Science and Pollution Research, 22, 4545–4554.",Sup 2014 Hou Table 9 soils section (Soil 10) | Hou supplement abbreviation normalized to full compound names using Sup 2014 Table 0 compound list.,N_HOU2015_NORTH_SOIL,Sup 2014 Jie Hou ... .docx,https://doi.org/10.1007/s11356-014-3632-y,True
soil,soil,Liaoning,Northern China amended soil Soil 1,Trimethoprim,other,28.4,,ng/g dw,2014,,"Hou, J., Wan, W., Mao, D., Wang, C., Mu, Q., Qin, S., & Luo, Y. (2015). Occurrence and distribution of sulfonamides, tetracyclines, quinolones, macrolides, and nitrofurans in livestock manure and amended soils of Northern China. Environmental Science and Pollution Research, 22, 4545–4554.",Sup 2014 Hou Table 9 soils section (Soil 1) | Hou supplement abbreviation normalized to full compound names using Sup 2014 Table 0 compound list.,N_HOU2015_NORTH_SOIL,Sup 2014 Jie Hou ... .docx,https://doi.org/10.1007/s11356-014-3632-y,True
soil,soil,Liaoning,Northern China amended soil Soil 3,Trimethoprim,other,21.5,,ng/g dw,2014,,"Hou, J., Wan, W., Mao, D., Wang, C., Mu, Q., Qin, S., & Luo, Y. (2015). Occurrence and distribution of sulfonamides, tetracyclines, quinolones, macrolides, and nitrofurans in livestock manure and amended soils of Northern China. Environmental Science and Pollution Research, 22, 4545–4554.",Sup 2014 Hou Table 9 soils section (Soil 3) | Hou supplement abbreviation normalized to full compound names using Sup 2014 Table 0 compound list.,N_HOU2015_NORTH_SOIL,Sup 2014 Jie Hou ... .docx,https://doi.org/10.1007/s11356-014-3632-y,True
soil,soil,Liaoning,Northern China amended soil Soil 4,Trimethoprim,other,2.4,,ng/g dw,2014,,"Hou, J., Wan, W., Mao, D., Wang, C., Mu, Q., Qin, S., & Luo, Y. (2015). Occurrence and distribution of sulfonamides, tetracyclines, quinolones, macrolides, and nitrofurans in livestock manure and amended soils of Northern China. Environmental Science and Pollution Research, 22, 4545–4554.",Sup 2014 Hou Table 9 soils section (Soil 4) | Hou supplement abbreviation normalized to full compound names using Sup 2014 Table 0 compound list.,N_HOU2015_NORTH_SOIL,Sup 2014 Jie Hou ... .docx,https://doi.org/10.1007/s11356-014-3632-y,True
soil,soil,Liaoning,Northern China amended soil Soil 5,Trimethoprim,other,6.5,,ng/g dw,2014,,"Hou, J., Wan, W., Mao, D., Wang, C., Mu, Q., Qin, S., & Luo, Y. (2015). Occurrence and distribution of sulfonamides, tetracyclines, quinolones, macrolides, and nitrofurans in livestock manure and amended soils of Northern China. Environmental Science and Pollution Research, 22, 4545–4554.",Sup 2014 Hou Table 9 soils section (Soil 5) | Hou supplement abbreviation normalized to full compound names using Sup 2014 Table 0 compound list.,N_HOU2015_NORTH_SOIL,Sup 2014 Jie Hou ... .docx,https://doi.org/10.1007/s11356-014-3632-y,True
soil,soil,Liaoning,Northern China amended soil Soil 6,Trimethoprim,other,9.5,,ng/g dw,2014,,"Hou, J., Wan, W., Mao, D., Wang, C., Mu, Q., Qin, S., & Luo, Y. (2015). Occurrence and distribution of sulfonamides, tetracyclines, quinolones, macrolides, and nitrofurans in livestock manure and amended soils of Northern China. Environmental Science and Pollution Research, 22, 4545–4554.",Sup 2014 Hou Table 9 soils section (Soil 6) | Hou supplement abbreviation normalized to full compound names using Sup 2014 Table 0 compound list.,N_HOU2015_NORTH_SOIL,Sup 2014 Jie Hou ... .docx,https://doi.org/10.1007/s11356-014-3632-y,True
soil,soil,Liaoning,Northern China amended soil Soil 7,Trimethoprim,other,20.7,,ng/g dw,2014,,"Hou, J., Wan, W., Mao, D., Wang, C., Mu, Q., Qin, S., & Luo, Y. (2015). Occurrence and distribution of sulfonamides, tetracyclines, quinolones, macrolides, and nitrofurans in livestock manure and amended soils of Northern China. Environmental Science and Pollution Research, 22, 4545–4554.",Sup 2014 Hou Table 9 soils section (Soil 7) | Hou supplement abbreviation normalized to full compound names using Sup 2014 Table 0 compound list.,N_HOU2015_NORTH_SOIL,Sup 2014 Jie Hou ... .docx,https://doi.org/10.1007/s11356-014-3632-y,True
soil,soil,Liaoning,Northern China amended soil Soil 10,Trimethoprim,other,0.6,,ng/g dw,2014,,"Hou, J., Wan, W., Mao, D., Wang, C., Mu, Q., Qin, S., & Luo, Y. (2015). Occurrence and distribution of sulfonamides, tetracyclines, quinolones, macrolides, and nitrofurans in livestock manure and amended soils of Northern China. Environmental Science and Pollution Research, 22, 4545–4554.",Sup 2014 Hou Table 9 soils section (Soil 10) | Hou supplement abbreviation normalized to full compound names using Sup 2014 Table 0 compound list.,N_HOU2015_NORTH_SOIL,Sup 2014 Jie Hou ... .docx,https://doi.org/10.1007/s11356-014-3632-y,True
soil,soil,Liaoning,Northern China amended soil Soil 1,Tetracycline,tetracyclines,8.6,,ng/g dw,2014,,"Hou, J., Wan, W., Mao, D., Wang, C., Mu, Q., Qin, S., & Luo, Y. (2015). Occurrence and distribution of sulfonamides, tetracyclines, quinolones, macrolides, and nitrofurans in livestock manure and amended soils of Northern China. Environmental Science and Pollution Research, 22, 4545–4554.",Sup 2014 Hou Table 9 soils section (Soil 1) | Hou supplement abbreviation normalized to full compound names using Sup 2014 Table 0 compound list.,N_HOU2015_NORTH_SOIL,Sup 2014 Jie Hou ... .docx,https://doi.org/10.1007/s11356-014-3632-y,True
soil,soil,Liaoning,Northern China amended soil Soil 2,Tetracycline,tetracyclines,7.9,,ng/g dw,2014,,"Hou, J., Wan, W., Mao, D., Wang, C., Mu, Q., Qin, S., & Luo, Y. (2015). Occurrence and distribution of sulfonamides, tetracyclines, quinolones, macrolides, and nitrofurans in livestock manure and amended soils of Northern China. Environmental Science and Pollution Research, 22, 4545–4554.",Sup 2014 Hou Table 9 soils section (Soil 2) | Hou supplement abbreviation normalized to full compound names using Sup 2014 Table 0 compound list.,N_HOU2015_NORTH_SOIL,Sup 2014 Jie Hou ... .docx,https://doi.org/10.1007/s11356-014-3632-y,True
soil,soil,Liaoning,Northern China amended soil Soil 3,Tetracycline,tetracyclines,2.3,,ng/g dw,2014,,"Hou, J., Wan, W., Mao, D., Wang, C., Mu, Q., Qin, S., & Luo, Y. (2015). Occurrence and distribution of sulfonamides, tetracyclines, quinolones, macrolides, and nitrofurans in livestock manure and amended soils of Northern China. Environmental Science and Pollution Research, 22, 4545–4554.",Sup 2014 Hou Table 9 soils section (Soil 3) | Hou supplement abbreviation normalized to full compound names using Sup 2014 Table 0 compound list.,N_HOU2015_NORTH_SOIL,Sup 2014 Jie Hou ... .docx,https://doi.org/10.1007/s11356-014-3632-y,True
soil,soil,Liaoning,Northern China amended soil Soil 4,Tetracycline,tetracyclines,10.5,,ng/g dw,2014,,"Hou, J., Wan, W., Mao, D., Wang, C., Mu, Q., Qin, S., & Luo, Y. (2015). Occurrence and distribution of sulfonamides, tetracyclines, quinolones, macrolides, and nitrofurans in livestock manure and amended soils of Northern China. Environmental Science and Pollution Research, 22, 4545–4554.",Sup 2014 Hou Table 9 soils section (Soil 4) | Hou supplement abbreviation normalized to full compound names using Sup 2014 Table 0 compound list.,N_HOU2015_NORTH_SOIL,Sup 2014 Jie Hou ... .docx,https://doi.org/10.1007/s11356-014-3632-y,True
soil,soil,Liaoning,Northern China amended soil Soil 5,Tetracycline,tetracyclines,10.8,,ng/g dw,2014,,"Hou, J., Wan, W., Mao, D., Wang, C., Mu, Q., Qin, S., & Luo, Y. (2015). Occurrence and distribution of sulfonamides, tetracyclines, quinolones, macrolides, and nitrofurans in livestock manure and amended soils of Northern China. Environmental Science and Pollution Research, 22, 4545–4554.",Sup 2014 Hou Table 9 soils section (Soil 5) | Hou supplement abbreviation normalized to full compound names using Sup 2014 Table 0 compound list.,N_HOU2015_NORTH_SOIL,Sup 2014 Jie Hou ... .docx,https://doi.org/10.1007/s11356-014-3632-y,True
soil,soil,Liaoning,Northern China amended soil Soil 6,Tetracycline,tetracyclines,46.9,,ng/g dw,2014,,"Hou, J., Wan, W., Mao, D., Wang, C., Mu, Q., Qin, S., & Luo, Y. (2015). Occurrence and distribution of sulfonamides, tetracyclines, quinolones, macrolides, and nitrofurans in livestock manure and amended soils of Northern China. Environmental Science and Pollution Research, 22, 4545–4554.",Sup 2014 Hou Table 9 soils section (Soil 6) | Hou supplement abbreviation normalized to full compound names using Sup 2014 Table 0 compound list.,N_HOU2015_NORTH_SOIL,Sup 2014 Jie Hou ... .docx,https://doi.org/10.1007/s11356-014-3632-y,True
soil,soil,Liaoning,Northern China amended soil Soil 7,Tetracycline,tetracyclines,12.3,,ng/g dw,2014,,"Hou, J., Wan, W., Mao, D., Wang, C., Mu, Q., Qin, S., & Luo, Y. (2015). Occurrence and distribution of sulfonamides, tetracyclines, quinolones, macrolides, and nitrofurans in livestock manure and amended soils of Northern China. Environmental Science and Pollution Research, 22, 4545–4554.",Sup 2014 Hou Table 9 soils section (Soil 7) | Hou supplement abbreviation normalized to full compound names using Sup 2014 Table 0 compound list.,N_HOU2015_NORTH_SOIL,Sup 2014 Jie Hou ... .docx,https://doi.org/10.1007/s11356-014-3632-y,True
soil,soil,Liaoning,Northern China amended soil Soil 8,Tetracycline,tetracyclines,11.8,,ng/g dw,2014,,"Hou, J., Wan, W., Mao, D., Wang, C., Mu, Q., Qin, S., & Luo, Y. (2015). Occurrence and distribution of sulfonamides, tetracyclines, quinolones, macrolides, and nitrofurans in livestock manure and amended soils of Northern China. Environmental Science and Pollution Research, 22, 4545–4554.",Sup 2014 Hou Table 9 soils section (Soil 8) | Hou supplement abbreviation normalized to full compound names using Sup 2014 Table 0 compound list.,N_HOU2015_NORTH_SOIL,Sup 2014 Jie Hou ... .docx,https://doi.org/10.1007/s11356-014-3632-y,True
soil,soil,Liaoning,Northern China amended soil Soil 9,Tetracycline,tetracyclines,3.8,,ng/g dw,2014,,"Hou, J., Wan, W., Mao, D., Wang, C., Mu, Q., Qin, S., & Luo, Y. (2015). Occurrence and distribution of sulfonamides, tetracyclines, quinolones, macrolides, and nitrofurans in livestock manure and amended soils of Northern China. Environmental Science and Pollution Research, 22, 4545–4554.",Sup 2014 Hou Table 9 soils section (Soil 9) | Hou supplement abbreviation normalized to full compound names using Sup 2014 Table 0 compound list.,N_HOU2015_NORTH_SOIL,Sup 2014 Jie Hou ... .docx,https://doi.org/10.1007/s11356-014-3632-y,True
soil,soil,Liaoning,Northern China amended soil Soil 10,Tetracycline,tetracyclines,6.2,,ng/g dw,2014,,"Hou, J., Wan, W., Mao, D., Wang, C., Mu, Q., Qin, S., & Luo, Y. (2015). Occurrence and distribution of sulfonamides, tetracyclines, quinolones, macrolides, and nitrofurans in livestock manure and amended soils of Northern China. Environmental Science and Pollution Research, 22, 4545–4554.",Sup 2014 Hou Table 9 soils section (Soil 10) | Hou supplement abbreviation normalized to full compound names using Sup 2014 Table 0 compound list.,N_HOU2015_NORTH_SOIL,Sup 2014 Jie Hou ... .docx,https://doi.org/10.1007/s11356-014-3632-y,True
soil,soil,Liaoning,Northern China amended soil Soil 1,Chlortetracycline,tetracyclines,145.5,,ng/g dw,2014,,"Hou, J., Wan, W., Mao, D., Wang, C., Mu, Q., Qin, S., & Luo, Y. (2015). Occurrence and distribution of sulfonamides, tetracyclines, quinolones, macrolides, and nitrofurans in livestock manure and amended soils of Northern China. Environmental Science and Pollution Research, 22, 4545–4554.",Sup 2014 Hou Table 9 soils section (Soil 1) | Hou supplement abbreviation normalized to full compound names using Sup 2014 Table 0 compound list.,N_HOU2015_NORTH_SOIL,Sup 2014 Jie Hou ... .docx,https://doi.org/10.1007/s11356-014-3632-y,True
soil,soil,Liaoning,Northern China amended soil Soil 2,Chlortetracycline,tetracyclines,65.4,,ng/g dw,2014,,"Hou, J., Wan, W., Mao, D., Wang, C., Mu, Q., Qin, S., & Luo, Y. (2015). Occurrence and distribution of sulfonamides, tetracyclines, quinolones, macrolides, and nitrofurans in livestock manure and amended soils of Northern China. Environmental Science and Pollution Research, 22, 4545–4554.",Sup 2014 Hou Table 9 soils section (Soil 2) | Hou supplement abbreviation normalized to full compound names using Sup 2014 Table 0 compound list.,N_HOU2015_NORTH_SOIL,Sup 2014 Jie Hou ... .docx,https://doi.org/10.1007/s11356-014-3632-y,True
soil,soil,Liaoning,Northern China amended soil Soil 3,Chlortetracycline,tetracyclines,36.6,,ng/g dw,2014,,"Hou, J., Wan, W., Mao, D., Wang, C., Mu, Q., Qin, S., & Luo, Y. (2015). Occurrence and distribution of sulfonamides, tetracyclines, quinolones, macrolides, and nitrofurans in livestock manure and amended soils of Northern China. Environmental Science and Pollution Research, 22, 4545–4554.",Sup 2014 Hou Table 9 soils section (Soil 3) | Hou supplement abbreviation normalized to full compound names using Sup 2014 Table 0 compound list.,N_HOU2015_NORTH_SOIL,Sup 2014 Jie Hou ... .docx,https://doi.org/10.1007/s11356-014-3632-y,True
soil,soil,Liaoning,Northern China amended soil Soil 4,Chlortetracycline,tetracyclines,6.7,,ng/g dw,2014,,"Hou, J., Wan, W., Mao, D., Wang, C., Mu, Q., Qin, S., & Luo, Y. (2015). Occurrence and distribution of sulfonamides, tetracyclines, quinolones, macrolides, and nitrofurans in livestock manure and amended soils of Northern China. Environmental Science and Pollution Research, 22, 4545–4554.",Sup 2014 Hou Table 9 soils section (Soil 4) | Hou supplement abbreviation normalized to full compound names using Sup 2014 Table 0 compound list.,N_HOU2015_NORTH_SOIL,Sup 2014 Jie Hou ... .docx,https://doi.org/10.1007/s11356-014-3632-y,True
soil,soil,Liaoning,Northern China amended soil Soil 5,Chlortetracycline,tetracyclines,76.7,,ng/g dw,2014,,"Hou, J., Wan, W., Mao, D., Wang, C., Mu, Q., Qin, S., & Luo, Y. (2015). Occurrence and distribution of sulfonamides, tetracyclines, quinolones, macrolides, and nitrofurans in livestock manure and amended soils of Northern China. Environmental Science and Pollution Research, 22, 4545–4554.",Sup 2014 Hou Table 9 soils section (Soil 5) | Hou supplement abbreviation normalized to full compound names using Sup 2014 Table 0 compound list.,N_HOU2015_NORTH_SOIL,Sup 2014 Jie Hou ... .docx,https://doi.org/10.1007/s11356-014-3632-y,True
soil,soil,Liaoning,Northern China amended soil Soil 6,Chlortetracycline,tetracyclines,4.9,,ng/g dw,2014,,"Hou, J., Wan, W., Mao, D., Wang, C., Mu, Q., Qin, S., & Luo, Y. (2015). Occurrence and distribution of sulfonamides, tetracyclines, quinolones, macrolides, and nitrofurans in livestock manure and amended soils of Northern China. Environmental Science and Pollution Research, 22, 4545–4554.",Sup 2014 Hou Table 9 soils section (Soil 6) | Hou supplement abbreviation normalized to full compound names using Sup 2014 Table 0 compound list.,N_HOU2015_NORTH_SOIL,Sup 2014 Jie Hou ... .docx,https://doi.org/10.1007/s11356-014-3632-y,True
soil,soil,Liaoning,Northern China amended soil Soil 7,Chlortetracycline,tetracyclines,6191.7,,ng/g dw,2014,,"Hou, J., Wan, W., Mao, D., Wang, C., Mu, Q., Qin, S., & Luo, Y. (2015). Occurrence and distribution of sulfonamides, tetracyclines, quinolones, macrolides, and nitrofurans in livestock manure and amended soils of Northern China. Environmental Science and Pollution Research, 22, 4545–4554.",Sup 2014 Hou Table 9 soils section (Soil 7) | Hou supplement abbreviation normalized to full compound names using Sup 2014 Table 0 compound list.,N_HOU2015_NORTH_SOIL,Sup 2014 Jie Hou ... .docx,https://doi.org/10.1007/s11356-014-3632-y,True
soil,soil,Liaoning,Northern China amended soil Soil 8,Chlortetracycline,tetracyclines,30.3,,ng/g dw,2014,,"Hou, J., Wan, W., Mao, D., Wang, C., Mu, Q., Qin, S., & Luo, Y. (2015). Occurrence and distribution of sulfonamides, tetracyclines, quinolones, macrolides, and nitrofurans in livestock manure and amended soils of Northern China. Environmental Science and Pollution Research, 22, 4545–4554.",Sup 2014 Hou Table 9 soils section (Soil 8) | Hou supplement abbreviation normalized to full compound names using Sup 2014 Table 0 compound list.,N_HOU2015_NORTH_SOIL,Sup 2014 Jie Hou ... .docx,https://doi.org/10.1007/s11356-014-3632-y,True
soil,soil,Liaoning,Northern China amended soil Soil 9,Chlortetracycline,tetracyclines,21.6,,ng/g dw,2014,,"Hou, J., Wan, W., Mao, D., Wang, C., Mu, Q., Qin, S., & Luo, Y. (2015). Occurrence and distribution of sulfonamides, tetracyclines, quinolones, macrolides, and nitrofurans in livestock manure and amended soils of Northern China. Environmental Science and Pollution Research, 22, 4545–4554.",Sup 2014 Hou Table 9 soils section (Soil 9) | Hou supplement abbreviation normalized to full compound names using Sup 2014 Table 0 compound list.,N_HOU2015_NORTH_SOIL,Sup 2014 Jie Hou ... .docx,https://doi.org/10.1007/s11356-014-3632-y,True
soil,soil,Liaoning,Northern China amended soil Soil 10,Chlortetracycline,tetracyclines,633.3,,ng/g dw,2014,,"Hou, J., Wan, W., Mao, D., Wang, C., Mu, Q., Qin, S., & Luo, Y. (2015). Occurrence and distribution of sulfonamides, tetracyclines, quinolones, macrolides, and nitrofurans in livestock manure and amended soils of Northern China. Environmental Science and Pollution Research, 22, 4545–4554.",Sup 2014 Hou Table 9 soils section (Soil 10) | Hou supplement abbreviation normalized to full compound names using Sup 2014 Table 0 compound list.,N_HOU2015_NORTH_SOIL,Sup 2014 Jie Hou ... .docx,https://doi.org/10.1007/s11356-014-3632-y,True
soil,soil,Liaoning,Northern China amended soil Soil 1,Oxytetracycline,tetracyclines,325.6,,ng/g dw,2014,,"Hou, J., Wan, W., Mao, D., Wang, C., Mu, Q., Qin, S., & Luo, Y. (2015). Occurrence and distribution of sulfonamides, tetracyclines, quinolones, macrolides, and nitrofurans in livestock manure and amended soils of Northern China. Environmental Science and Pollution Research, 22, 4545–4554.",Sup 2014 Hou Table 9 soils section (Soil 1) | Hou supplement abbreviation normalized to full compound names using Sup 2014 Table 0 compound list.,N_HOU2015_NORTH_SOIL,Sup 2014 Jie Hou ... .docx,https://doi.org/10.1007/s11356-014-3632-y,True
soil,soil,Liaoning,Northern China amended soil Soil 2,Oxytetracycline,tetracyclines,1.5,,ng/g dw,2014,,"Hou, J., Wan, W., Mao, D., Wang, C., Mu, Q., Qin, S., & Luo, Y. (2015). Occurrence and distribution of sulfonamides, tetracyclines, quinolones, macrolides, and nitrofurans in livestock manure and amended soils of Northern China. Environmental Science and Pollution Research, 22, 4545–4554.",Sup 2014 Hou Table 9 soils section (Soil 2) | Hou supplement abbreviation normalized to full compound names using Sup 2014 Table 0 compound list.,N_HOU2015_NORTH_SOIL,Sup 2014 Jie Hou ... .docx,https://doi.org/10.1007/s11356-014-3632-y,True
soil,soil,Liaoning,Northern China amended soil Soil 3,Oxytetracycline,tetracyclines,6.4,,ng/g dw,2014,,"Hou, J., Wan, W., Mao, D., Wang, C., Mu, Q., Qin, S., & Luo, Y. (2015). Occurrence and distribution of sulfonamides, tetracyclines, quinolones, macrolides, and nitrofurans in livestock manure and amended soils of Northern China. Environmental Science and Pollution Research, 22, 4545–4554.",Sup 2014 Hou Table 9 soils section (Soil 3) | Hou supplement abbreviation normalized to full compound names using Sup 2014 Table 0 compound list.,N_HOU2015_NORTH_SOIL,Sup 2014 Jie Hou ... .docx,https://doi.org/10.1007/s11356-014-3632-y,True
soil,soil,Liaoning,Northern China amended soil Soil 4,Oxytetracycline,tetracyclines,40.3,,ng/g dw,2014,,"Hou, J., Wan, W., Mao, D., Wang, C., Mu, Q., Qin, S., & Luo, Y. (2015). Occurrence and distribution of sulfonamides, tetracyclines, quinolones, macrolides, and nitrofurans in livestock manure and amended soils of Northern China. Environmental Science and Pollution Research, 22, 4545–4554.",Sup 2014 Hou Table 9 soils section (Soil 4) | Hou supplement abbreviation normalized to full compound names using Sup 2014 Table 0 compound list.,N_HOU2015_NORTH_SOIL,Sup 2014 Jie Hou ... .docx,https://doi.org/10.1007/s11356-014-3632-y,True
soil,soil,Liaoning,Northern China amended soil Soil 5,Oxytetracycline,tetracyclines,4.1,,ng/g dw,2014,,"Hou, J., Wan, W., Mao, D., Wang, C., Mu, Q., Qin, S., & Luo, Y. (2015). Occurrence and distribution of sulfonamides, tetracyclines, quinolones, macrolides, and nitrofurans in livestock manure and amended soils of Northern China. Environmental Science and Pollution Research, 22, 4545–4554.",Sup 2014 Hou Table 9 soils section (Soil 5) | Hou supplement abbreviation normalized to full compound names using Sup 2014 Table 0 compound list.,N_HOU2015_NORTH_SOIL,Sup 2014 Jie Hou ... .docx,https://doi.org/10.1007/s11356-014-3632-y,True
soil,soil,Liaoning,Northern China amended soil Soil 7,Oxytetracycline,tetracyclines,179.3,,ng/g dw,2014,,"Hou, J., Wan, W., Mao, D., Wang, C., Mu, Q., Qin, S., & Luo, Y. (2015). Occurrence and distribution of sulfonamides, tetracyclines, quinolones, macrolides, and nitrofurans in livestock manure and amended soils of Northern China. Environmental Science and Pollution Research, 22, 4545–4554.",Sup 2014 Hou Table 9 soils section (Soil 7) | Hou supplement abbreviation normalized to full compound names using Sup 2014 Table 0 compound list.,N_HOU2015_NORTH_SOIL,Sup 2014 Jie Hou ... .docx,https://doi.org/10.1007/s11356-014-3632-y,True
soil,soil,Liaoning,Northern China amended soil Soil 8,Oxytetracycline,tetracyclines,14.6,,ng/g dw,2014,,"Hou, J., Wan, W., Mao, D., Wang, C., Mu, Q., Qin, S., & Luo, Y. (2015). Occurrence and distribution of sulfonamides, tetracyclines, quinolones, macrolides, and nitrofurans in livestock manure and amended soils of Northern China. Environmental Science and Pollution Research, 22, 4545–4554.",Sup 2014 Hou Table 9 soils section (Soil 8) | Hou supplement abbreviation normalized to full compound names using Sup 2014 Table 0 compound list.,N_HOU2015_NORTH_SOIL,Sup 2014 Jie Hou ... .docx,https://doi.org/10.1007/s11356-014-3632-y,True
soil,soil,Liaoning,Northern China amended soil Soil 9,Oxytetracycline,tetracyclines,8.3,,ng/g dw,2014,,"Hou, J., Wan, W., Mao, D., Wang, C., Mu, Q., Qin, S., & Luo, Y. (2015). Occurrence and distribution of sulfonamides, tetracyclines, quinolones, macrolides, and nitrofurans in livestock manure and amended soils of Northern China. Environmental Science and Pollution Research, 22, 4545–4554.",Sup 2014 Hou Table 9 soils section (Soil 9) | Hou supplement abbreviation normalized to full compound names using Sup 2014 Table 0 compound list.,N_HOU2015_NORTH_SOIL,Sup 2014 Jie Hou ... .docx,https://doi.org/10.1007/s11356-014-3632-y,True
soil,soil,Liaoning,Northern China amended soil Soil 10,Oxytetracycline,tetracyclines,4.4,,ng/g dw,2014,,"Hou, J., Wan, W., Mao, D., Wang, C., Mu, Q., Qin, S., & Luo, Y. (2015). Occurrence and distribution of sulfonamides, tetracyclines, quinolones, macrolides, and nitrofurans in livestock manure and amended soils of Northern China. Environmental Science and Pollution Research, 22, 4545–4554.",Sup 2014 Hou Table 9 soils section (Soil 10) | Hou supplement abbreviation normalized to full compound names using Sup 2014 Table 0 compound list.,N_HOU2015_NORTH_SOIL,Sup 2014 Jie Hou ... .docx,https://doi.org/10.1007/s11356-014-3632-y,True
soil,soil,Liaoning,Northern China amended soil Soil 1,Doxycycline,tetracyclines,216.2,,ng/g dw,2014,,"Hou, J., Wan, W., Mao, D., Wang, C., Mu, Q., Qin, S., & Luo, Y. (2015). Occurrence and distribution of sulfonamides, tetracyclines, quinolones, macrolides, and nitrofurans in livestock manure and amended soils of Northern China. Environmental Science and Pollution Research, 22, 4545–4554.",Sup 2014 Hou Table 9 soils section (Soil 1) | Hou supplement abbreviation normalized to full compound names using Sup 2014 Table 0 compound list.,N_HOU2015_NORTH_SOIL,Sup 2014 Jie Hou ... .docx,https://doi.org/10.1007/s11356-014-3632-y,True
soil,soil,Liaoning,Northern China amended soil Soil 2,Doxycycline,tetracyclines,77.1,,ng/g dw,2014,,"Hou, J., Wan, W., Mao, D., Wang, C., Mu, Q., Qin, S., & Luo, Y. (2015). Occurrence and distribution of sulfonamides, tetracyclines, quinolones, macrolides, and nitrofurans in livestock manure and amended soils of Northern China. Environmental Science and Pollution Research, 22, 4545–4554.",Sup 2014 Hou Table 9 soils section (Soil 2) | Hou supplement abbreviation normalized to full compound names using Sup 2014 Table 0 compound list.,N_HOU2015_NORTH_SOIL,Sup 2014 Jie Hou ... .docx,https://doi.org/10.1007/s11356-014-3632-y,True
soil,soil,Liaoning,Northern China amended soil Soil 3,Doxycycline,tetracyclines,64.5,,ng/g dw,2014,,"Hou, J., Wan, W., Mao, D., Wang, C., Mu, Q., Qin, S., & Luo, Y. (2015). Occurrence and distribution of sulfonamides, tetracyclines, quinolones, macrolides, and nitrofurans in livestock manure and amended soils of Northern China. Environmental Science and Pollution Research, 22, 4545–4554.",Sup 2014 Hou Table 9 soils section (Soil 3) | Hou supplement abbreviation normalized to full compound names using Sup 2014 Table 0 compound list.,N_HOU2015_NORTH_SOIL,Sup 2014 Jie Hou ... .docx,https://doi.org/10.1007/s11356-014-3632-y,True
soil,soil,Liaoning,Northern China amended soil Soil 4,Doxycycline,tetracyclines,25.9,,ng/g dw,2014,,"Hou, J., Wan, W., Mao, D., Wang, C., Mu, Q., Qin, S., & Luo, Y. (2015). Occurrence and distribution of sulfonamides, tetracyclines, quinolones, macrolides, and nitrofurans in livestock manure and amended soils of Northern China. Environmental Science and Pollution Research, 22, 4545–4554.",Sup 2014 Hou Table 9 soils section (Soil 4) | Hou supplement abbreviation normalized to full compound names using Sup 2014 Table 0 compound list.,N_HOU2015_NORTH_SOIL,Sup 2014 Jie Hou ... .docx,https://doi.org/10.1007/s11356-014-3632-y,True
soil,soil,Liaoning,Northern China amended soil Soil 5,Doxycycline,tetracyclines,14.8,,ng/g dw,2014,,"Hou, J., Wan, W., Mao, D., Wang, C., Mu, Q., Qin, S., & Luo, Y. (2015). Occurrence and distribution of sulfonamides, tetracyclines, quinolones, macrolides, and nitrofurans in livestock manure and amended soils of Northern China. Environmental Science and Pollution Research, 22, 4545–4554.",Sup 2014 Hou Table 9 soils section (Soil 5) | Hou supplement abbreviation normalized to full compound names using Sup 2014 Table 0 compound list.,N_HOU2015_NORTH_SOIL,Sup 2014 Jie Hou ... .docx,https://doi.org/10.1007/s11356-014-3632-y,True
soil,soil,Liaoning,Northern China amended soil Soil 7,Doxycycline,tetracyclines,197.2,,ng/g dw,2014,,"Hou, J., Wan, W., Mao, D., Wang, C., Mu, Q., Qin, S., & Luo, Y. (2015). Occurrence and distribution of sulfonamides, tetracyclines, quinolones, macrolides, and nitrofurans in livestock manure and amended soils of Northern China. Environmental Science and Pollution Research, 22, 4545–4554.",Sup 2014 Hou Table 9 soils section (Soil 7) | Hou supplement abbreviation normalized to full compound names using Sup 2014 Table 0 compound list.,N_HOU2015_NORTH_SOIL,Sup 2014 Jie Hou ... .docx,https://doi.org/10.1007/s11356-014-3632-y,True
soil,soil,Liaoning,Northern China amended soil Soil 8,Doxycycline,tetracyclines,64.6,,ng/g dw,2014,,"Hou, J., Wan, W., Mao, D., Wang, C., Mu, Q., Qin, S., & Luo, Y. (2015). Occurrence and distribution of sulfonamides, tetracyclines, quinolones, macrolides, and nitrofurans in livestock manure and amended soils of Northern China. Environmental Science and Pollution Research, 22, 4545–4554.",Sup 2014 Hou Table 9 soils section (Soil 8) | Hou supplement abbreviation normalized to full compound names using Sup 2014 Table 0 compound list.,N_HOU2015_NORTH_SOIL,Sup 2014 Jie Hou ... .docx,https://doi.org/10.1007/s11356-014-3632-y,True
soil,soil,Liaoning,Northern China amended soil Soil 9,Doxycycline,tetracyclines,64.4,,ng/g dw,2014,,"Hou, J., Wan, W., Mao, D., Wang, C., Mu, Q., Qin, S., & Luo, Y. (2015). Occurrence and distribution of sulfonamides, tetracyclines, quinolones, macrolides, and nitrofurans in livestock manure and amended soils of Northern China. Environmental Science and Pollution Research, 22, 4545–4554.",Sup 2014 Hou Table 9 soils section (Soil 9) | Hou supplement abbreviation normalized to full compound names using Sup 2014 Table 0 compound list.,N_HOU2015_NORTH_SOIL,Sup 2014 Jie Hou ... .docx,https://doi.org/10.1007/s11356-014-3632-y,True
soil,soil,Liaoning,Northern China amended soil Soil 10,Doxycycline,tetracyclines,494.7,,ng/g dw,2014,,"Hou, J., Wan, W., Mao, D., Wang, C., Mu, Q., Qin, S., & Luo, Y. (2015). Occurrence and distribution of sulfonamides, tetracyclines, quinolones, macrolides, and nitrofurans in livestock manure and amended soils of Northern China. Environmental Science and Pollution Research, 22, 4545–4554.",Sup 2014 Hou Table 9 soils section (Soil 10) | Hou supplement abbreviation normalized to full compound names using Sup 2014 Table 0 compound list.,N_HOU2015_NORTH_SOIL,Sup 2014 Jie Hou ... .docx,https://doi.org/10.1007/s11356-014-3632-y,True
soil,soil,Liaoning,Northern China amended soil Soil 2,Enrofloxacin,fluoroquinolones,71.9,,ng/g dw,2014,,"Hou, J., Wan, W., Mao, D., Wang, C., Mu, Q., Qin, S., & Luo, Y. (2015). Occurrence and distribution of sulfonamides, tetracyclines, quinolones, macrolides, and nitrofurans in livestock manure and amended soils of Northern China. Environmental Science and Pollution Research, 22, 4545–4554.",Sup 2014 Hou Table 9 soils section (Soil 2) | Hou supplement abbreviation normalized to full compound names using Sup 2014 Table 0 compound list.,N_HOU2015_NORTH_SOIL,Sup 2014 Jie Hou ... .docx,https://doi.org/10.1007/s11356-014-3632-y,True
soil,soil,Liaoning,Northern China amended soil Soil 3,Enrofloxacin,fluoroquinolones,44.3,,ng/g dw,2014,,"Hou, J., Wan, W., Mao, D., Wang, C., Mu, Q., Qin, S., & Luo, Y. (2015). Occurrence and distribution of sulfonamides, tetracyclines, quinolones, macrolides, and nitrofurans in livestock manure and amended soils of Northern China. Environmental Science and Pollution Research, 22, 4545–4554.",Sup 2014 Hou Table 9 soils section (Soil 3) | Hou supplement abbreviation normalized to full compound names using Sup 2014 Table 0 compound list.,N_HOU2015_NORTH_SOIL,Sup 2014 Jie Hou ... .docx,https://doi.org/10.1007/s11356-014-3632-y,True
soil,soil,Liaoning,Northern China amended soil Soil 4,Enrofloxacin,fluoroquinolones,96.4,,ng/g dw,2014,,"Hou, J., Wan, W., Mao, D., Wang, C., Mu, Q., Qin, S., & Luo, Y. (2015). Occurrence and distribution of sulfonamides, tetracyclines, quinolones, macrolides, and nitrofurans in livestock manure and amended soils of Northern China. Environmental Science and Pollution Research, 22, 4545–4554.",Sup 2014 Hou Table 9 soils section (Soil 4) | Hou supplement abbreviation normalized to full compound names using Sup 2014 Table 0 compound list.,N_HOU2015_NORTH_SOIL,Sup 2014 Jie Hou ... .docx,https://doi.org/10.1007/s11356-014-3632-y,True
soil,soil,Liaoning,Northern China amended soil Soil 5,Enrofloxacin,fluoroquinolones,47.2,,ng/g dw,2014,,"Hou, J., Wan, W., Mao, D., Wang, C., Mu, Q., Qin, S., & Luo, Y. (2015). Occurrence and distribution of sulfonamides, tetracyclines, quinolones, macrolides, and nitrofurans in livestock manure and amended soils of Northern China. Environmental Science and Pollution Research, 22, 4545–4554.",Sup 2014 Hou Table 9 soils section (Soil 5) | Hou supplement abbreviation normalized to full compound names using Sup 2014 Table 0 compound list.,N_HOU2015_NORTH_SOIL,Sup 2014 Jie Hou ... .docx,https://doi.org/10.1007/s11356-014-3632-y,True
soil,soil,Liaoning,Northern China amended soil Soil 8,Enrofloxacin,fluoroquinolones,93.2,,ng/g dw,2014,,"Hou, J., Wan, W., Mao, D., Wang, C., Mu, Q., Qin, S., & Luo, Y. (2015). Occurrence and distribution of sulfonamides, tetracyclines, quinolones, macrolides, and nitrofurans in livestock manure and amended soils of Northern China. Environmental Science and Pollution Research, 22, 4545–4554.",Sup 2014 Hou Table 9 soils section (Soil 8) | Hou supplement abbreviation normalized to full compound names using Sup 2014 Table 0 compound list.,N_HOU2015_NORTH_SOIL,Sup 2014 Jie Hou ... .docx,https://doi.org/10.1007/s11356-014-3632-y,True
soil,soil,Liaoning,Northern China amended soil Soil 9,Enrofloxacin,fluoroquinolones,54.6,,ng/g dw,2014,,"Hou, J., Wan, W., Mao, D., Wang, C., Mu, Q., Qin, S., & Luo, Y. (2015). Occurrence and distribution of sulfonamides, tetracyclines, quinolones, macrolides, and nitrofurans in livestock manure and amended soils of Northern China. Environmental Science and Pollution Research, 22, 4545–4554.",Sup 2014 Hou Table 9 soils section (Soil 9) | Hou supplement abbreviation normalized to full compound names using Sup 2014 Table 0 compound list.,N_HOU2015_NORTH_SOIL,Sup 2014 Jie Hou ... .docx,https://doi.org/10.1007/s11356-014-3632-y,True
soil,soil,Liaoning,Northern China amended soil Soil 10,Enrofloxacin,fluoroquinolones,32.8,,ng/g dw,2014,,"Hou, J., Wan, W., Mao, D., Wang, C., Mu, Q., Qin, S., & Luo, Y. (2015). Occurrence and distribution of sulfonamides, tetracyclines, quinolones, macrolides, and nitrofurans in livestock manure and amended soils of Northern China. Environmental Science and Pollution Research, 22, 4545–4554.",Sup 2014 Hou Table 9 soils section (Soil 10) | Hou supplement abbreviation normalized to full compound names using Sup 2014 Table 0 compound list.,N_HOU2015_NORTH_SOIL,Sup 2014 Jie Hou ... .docx,https://doi.org/10.1007/s11356-014-3632-y,True
soil,soil,Liaoning,Northern China amended soil Soil 1,Ciprofloxacin,fluoroquinolones,83.2,,ng/g dw,2014,,"Hou, J., Wan, W., Mao, D., Wang, C., Mu, Q., Qin, S., & Luo, Y. (2015). Occurrence and distribution of sulfonamides, tetracyclines, quinolones, macrolides, and nitrofurans in livestock manure and amended soils of Northern China. Environmental Science and Pollution Research, 22, 4545–4554.",Sup 2014 Hou Table 9 soils section (Soil 1) | Hou supplement abbreviation normalized to full compound names using Sup 2014 Table 0 compound list.,N_HOU2015_NORTH_SOIL,Sup 2014 Jie Hou ... .docx,https://doi.org/10.1007/s11356-014-3632-y,True
soil,soil,Liaoning,Northern China amended soil Soil 3,Ciprofloxacin,fluoroquinolones,59.7,,ng/g dw,2014,,"Hou, J., Wan, W., Mao, D., Wang, C., Mu, Q., Qin, S., & Luo, Y. (2015). Occurrence and distribution of sulfonamides, tetracyclines, quinolones, macrolides, and nitrofurans in livestock manure and amended soils of Northern China. Environmental Science and Pollution Research, 22, 4545–4554.",Sup 2014 Hou Table 9 soils section (Soil 3) | Hou supplement abbreviation normalized to full compound names using Sup 2014 Table 0 compound list.,N_HOU2015_NORTH_SOIL,Sup 2014 Jie Hou ... .docx,https://doi.org/10.1007/s11356-014-3632-y,True
soil,soil,Liaoning,Northern China amended soil Soil 4,Ciprofloxacin,fluoroquinolones,29.6,,ng/g dw,2014,,"Hou, J., Wan, W., Mao, D., Wang, C., Mu, Q., Qin, S., & Luo, Y. (2015). Occurrence and distribution of sulfonamides, tetracyclines, quinolones, macrolides, and nitrofurans in livestock manure and amended soils of Northern China. Environmental Science and Pollution Research, 22, 4545–4554.",Sup 2014 Hou Table 9 soils section (Soil 4) | Hou supplement abbreviation normalized to full compound names using Sup 2014 Table 0 compound list.,N_HOU2015_NORTH_SOIL,Sup 2014 Jie Hou ... .docx,https://doi.org/10.1007/s11356-014-3632-y,True
soil,soil,Liaoning,Northern China amended soil Soil 5,Ciprofloxacin,fluoroquinolones,6.8,,ng/g dw,2014,,"Hou, J., Wan, W., Mao, D., Wang, C., Mu, Q., Qin, S., & Luo, Y. (2015). Occurrence and distribution of sulfonamides, tetracyclines, quinolones, macrolides, and nitrofurans in livestock manure and amended soils of Northern China. Environmental Science and Pollution Research, 22, 4545–4554.",Sup 2014 Hou Table 9 soils section (Soil 5) | Hou supplement abbreviation normalized to full compound names using Sup 2014 Table 0 compound list.,N_HOU2015_NORTH_SOIL,Sup 2014 Jie Hou ... .docx,https://doi.org/10.1007/s11356-014-3632-y,True
soil,soil,Liaoning,Northern China amended soil Soil 7,Ciprofloxacin,fluoroquinolones,29.8,,ng/g dw,2014,,"Hou, J., Wan, W., Mao, D., Wang, C., Mu, Q., Qin, S., & Luo, Y. (2015). Occurrence and distribution of sulfonamides, tetracyclines, quinolones, macrolides, and nitrofurans in livestock manure and amended soils of Northern China. Environmental Science and Pollution Research, 22, 4545–4554.",Sup 2014 Hou Table 9 soils section (Soil 7) | Hou supplement abbreviation normalized to full compound names using Sup 2014 Table 0 compound list.,N_HOU2015_NORTH_SOIL,Sup 2014 Jie Hou ... .docx,https://doi.org/10.1007/s11356-014-3632-y,True
soil,soil,Liaoning,Northern China amended soil Soil 8,Ciprofloxacin,fluoroquinolones,36.1,,ng/g dw,2014,,"Hou, J., Wan, W., Mao, D., Wang, C., Mu, Q., Qin, S., & Luo, Y. (2015). Occurrence and distribution of sulfonamides, tetracyclines, quinolones, macrolides, and nitrofurans in livestock manure and amended soils of Northern China. Environmental Science and Pollution Research, 22, 4545–4554.",Sup 2014 Hou Table 9 soils section (Soil 8) | Hou supplement abbreviation normalized to full compound names using Sup 2014 Table 0 compound list.,N_HOU2015_NORTH_SOIL,Sup 2014 Jie Hou ... .docx,https://doi.org/10.1007/s11356-014-3632-y,True
soil,soil,Liaoning,Northern China amended soil Soil 9,Ciprofloxacin,fluoroquinolones,7.6,,ng/g dw,2014,,"Hou, J., Wan, W., Mao, D., Wang, C., Mu, Q., Qin, S., & Luo, Y. (2015). Occurrence and distribution of sulfonamides, tetracyclines, quinolones, macrolides, and nitrofurans in livestock manure and amended soils of Northern China. Environmental Science and Pollution Research, 22, 4545–4554.",Sup 2014 Hou Table 9 soils section (Soil 9) | Hou supplement abbreviation normalized to full compound names using Sup 2014 Table 0 compound list.,N_HOU2015_NORTH_SOIL,Sup 2014 Jie Hou ... .docx,https://doi.org/10.1007/s11356-014-3632-y,True
soil,soil,Liaoning,Northern China amended soil Soil 3,Ofloxacin,fluoroquinolones,62.3,,ng/g dw,2014,,"Hou, J., Wan, W., Mao, D., Wang, C., Mu, Q., Qin, S., & Luo, Y. (2015). Occurrence and distribution of sulfonamides, tetracyclines, quinolones, macrolides, and nitrofurans in livestock manure and amended soils of Northern China. Environmental Science and Pollution Research, 22, 4545–4554.",Sup 2014 Hou Table 9 soils section (Soil 3) | Hou supplement abbreviation normalized to full compound names using Sup 2014 Table 0 compound list.,N_HOU2015_NORTH_SOIL,Sup 2014 Jie Hou ... .docx,https://doi.org/10.1007/s11356-014-3632-y,True
soil,soil,Liaoning,Northern China amended soil Soil 4,Ofloxacin,fluoroquinolones,7.7,,ng/g dw,2014,,"Hou, J., Wan, W., Mao, D., Wang, C., Mu, Q., Qin, S., & Luo, Y. (2015). Occurrence and distribution of sulfonamides, tetracyclines, quinolones, macrolides, and nitrofurans in livestock manure and amended soils of Northern China. Environmental Science and Pollution Research, 22, 4545–4554.",Sup 2014 Hou Table 9 soils section (Soil 4) | Hou supplement abbreviation normalized to full compound names using Sup 2014 Table 0 compound list.,N_HOU2015_NORTH_SOIL,Sup 2014 Jie Hou ... .docx,https://doi.org/10.1007/s11356-014-3632-y,True
soil,soil,Liaoning,Northern China amended soil Soil 6,Ofloxacin,fluoroquinolones,4.9,,ng/g dw,2014,,"Hou, J., Wan, W., Mao, D., Wang, C., Mu, Q., Qin, S., & Luo, Y. (2015). Occurrence and distribution of sulfonamides, tetracyclines, quinolones, macrolides, and nitrofurans in livestock manure and amended soils of Northern China. Environmental Science and Pollution Research, 22, 4545–4554.",Sup 2014 Hou Table 9 soils section (Soil 6) | Hou supplement abbreviation normalized to full compound names using Sup 2014 Table 0 compound list.,N_HOU2015_NORTH_SOIL,Sup 2014 Jie Hou ... .docx,https://doi.org/10.1007/s11356-014-3632-y,True
soil,soil,Liaoning,Northern China amended soil Soil 7,Ofloxacin,fluoroquinolones,115.1,,ng/g dw,2014,,"Hou, J., Wan, W., Mao, D., Wang, C., Mu, Q., Qin, S., & Luo, Y. (2015). Occurrence and distribution of sulfonamides, tetracyclines, quinolones, macrolides, and nitrofurans in livestock manure and amended soils of Northern China. Environmental Science and Pollution Research, 22, 4545–4554.",Sup 2014 Hou Table 9 soils section (Soil 7) | Hou supplement abbreviation normalized to full compound names using Sup 2014 Table 0 compound list.,N_HOU2015_NORTH_SOIL,Sup 2014 Jie Hou ... .docx,https://doi.org/10.1007/s11356-014-3632-y,True
soil,soil,Liaoning,Northern China amended soil Soil 8,Ofloxacin,fluoroquinolones,13.5,,ng/g dw,2014,,"Hou, J., Wan, W., Mao, D., Wang, C., Mu, Q., Qin, S., & Luo, Y. (2015). Occurrence and distribution of sulfonamides, tetracyclines, quinolones, macrolides, and nitrofurans in livestock manure and amended soils of Northern China. Environmental Science and Pollution Research, 22, 4545–4554.",Sup 2014 Hou Table 9 soils section (Soil 8) | Hou supplement abbreviation normalized to full compound names using Sup 2014 Table 0 compound list.,N_HOU2015_NORTH_SOIL,Sup 2014 Jie Hou ... .docx,https://doi.org/10.1007/s11356-014-3632-y,True
soil,soil,Liaoning,Northern China amended soil Soil 1,Roxithromycin,macrolides,96.3,,ng/g dw,2014,,"Hou, J., Wan, W., Mao, D., Wang, C., Mu, Q., Qin, S., & Luo, Y. (2015). Occurrence and distribution of sulfonamides, tetracyclines, quinolones, macrolides, and nitrofurans in livestock manure and amended soils of Northern China. Environmental Science and Pollution Research, 22, 4545–4554.",Sup 2014 Hou Table 9 soils section (Soil 1) | Hou supplement abbreviation normalized to full compound names using Sup 2014 Table 0 compound list.,N_HOU2015_NORTH_SOIL,Sup 2014 Jie Hou ... .docx,https://doi.org/10.1007/s11356-014-3632-y,True
soil,soil,Liaoning,Northern China amended soil Soil 2,Roxithromycin,macrolides,1.8,,ng/g dw,2014,,"Hou, J., Wan, W., Mao, D., Wang, C., Mu, Q., Qin, S., & Luo, Y. (2015). Occurrence and distribution of sulfonamides, tetracyclines, quinolones, macrolides, and nitrofurans in livestock manure and amended soils of Northern China. Environmental Science and Pollution Research, 22, 4545–4554.",Sup 2014 Hou Table 9 soils section (Soil 2) | Hou supplement abbreviation normalized to full compound names using Sup 2014 Table 0 compound list.,N_HOU2015_NORTH_SOIL,Sup 2014 Jie Hou ... .docx,https://doi.org/10.1007/s11356-014-3632-y,True
soil,soil,Liaoning,Northern China amended soil Soil 3,Roxithromycin,macrolides,34.3,,ng/g dw,2014,,"Hou, J., Wan, W., Mao, D., Wang, C., Mu, Q., Qin, S., & Luo, Y. (2015). Occurrence and distribution of sulfonamides, tetracyclines, quinolones, macrolides, and nitrofurans in livestock manure and amended soils of Northern China. Environmental Science and Pollution Research, 22, 4545–4554.",Sup 2014 Hou Table 9 soils section (Soil 3) | Hou supplement abbreviation normalized to full compound names using Sup 2014 Table 0 compound list.,N_HOU2015_NORTH_SOIL,Sup 2014 Jie Hou ... .docx,https://doi.org/10.1007/s11356-014-3632-y,True
soil,soil,Liaoning,Northern China amended soil Soil 7,Roxithromycin,macrolides,52.7,,ng/g dw,2014,,"Hou, J., Wan, W., Mao, D., Wang, C., Mu, Q., Qin, S., & Luo, Y. (2015). Occurrence and distribution of sulfonamides, tetracyclines, quinolones, macrolides, and nitrofurans in livestock manure and amended soils of Northern China. Environmental Science and Pollution Research, 22, 4545–4554.",Sup 2014 Hou Table 9 soils section (Soil 7) | Hou supplement abbreviation normalized to full compound names using Sup 2014 Table 0 compound list.,N_HOU2015_NORTH_SOIL,Sup 2014 Jie Hou ... .docx,https://doi.org/10.1007/s11356-014-3632-y,True
soil,soil,Liaoning,Northern China amended soil Soil 8,Roxithromycin,macrolides,20.2,,ng/g dw,2014,,"Hou, J., Wan, W., Mao, D., Wang, C., Mu, Q., Qin, S., & Luo, Y. (2015). Occurrence and distribution of sulfonamides, tetracyclines, quinolones, macrolides, and nitrofurans in livestock manure and amended soils of Northern China. Environmental Science and Pollution Research, 22, 4545–4554.",Sup 2014 Hou Table 9 soils section (Soil 8) | Hou supplement abbreviation normalized to full compound names using Sup 2014 Table 0 compound list.,N_HOU2015_NORTH_SOIL,Sup 2014 Jie Hou ... .docx,https://doi.org/10.1007/s11356-014-3632-y,True
soil,soil,Liaoning,Northern China amended soil Soil 1,Tylosin,macrolides,26.6,,ng/g dw,2014,,"Hou, J., Wan, W., Mao, D., Wang, C., Mu, Q., Qin, S., & Luo, Y. (2015). Occurrence and distribution of sulfonamides, tetracyclines, quinolones, macrolides, and nitrofurans in livestock manure and amended soils of Northern China. Environmental Science and Pollution Research, 22, 4545–4554.",Sup 2014 Hou Table 9 soils section (Soil 1) | Hou supplement abbreviation normalized to full compound names using Sup 2014 Table 0 compound list.,N_HOU2015_NORTH_SOIL,Sup 2014 Jie Hou ... .docx,https://doi.org/10.1007/s11356-014-3632-y,True
soil,soil,Liaoning,Northern China amended soil Soil 2,Tylosin,macrolides,3.4,,ng/g dw,2014,,"Hou, J., Wan, W., Mao, D., Wang, C., Mu, Q., Qin, S., & Luo, Y. (2015). Occurrence and distribution of sulfonamides, tetracyclines, quinolones, macrolides, and nitrofurans in livestock manure and amended soils of Northern China. Environmental Science and Pollution Research, 22, 4545–4554.",Sup 2014 Hou Table 9 soils section (Soil 2) | Hou supplement abbreviation normalized to full compound names using Sup 2014 Table 0 compound list.,N_HOU2015_NORTH_SOIL,Sup 2014 Jie Hou ... .docx,https://doi.org/10.1007/s11356-014-3632-y,True
soil,soil,Liaoning,Northern China amended soil Soil 3,Tylosin,macrolides,41.3,,ng/g dw,2014,,"Hou, J., Wan, W., Mao, D., Wang, C., Mu, Q., Qin, S., & Luo, Y. (2015). Occurrence and distribution of sulfonamides, tetracyclines, quinolones, macrolides, and nitrofurans in livestock manure and amended soils of Northern China. Environmental Science and Pollution Research, 22, 4545–4554.",Sup 2014 Hou Table 9 soils section (Soil 3) | Hou supplement abbreviation normalized to full compound names using Sup 2014 Table 0 compound list.,N_HOU2015_NORTH_SOIL,Sup 2014 Jie Hou ... .docx,https://doi.org/10.1007/s11356-014-3632-y,True
soil,soil,Liaoning,Northern China amended soil Soil 7,Tylosin,macrolides,44.6,,ng/g dw,2014,,"Hou, J., Wan, W., Mao, D., Wang, C., Mu, Q., Qin, S., & Luo, Y. (2015). Occurrence and distribution of sulfonamides, tetracyclines, quinolones, macrolides, and nitrofurans in livestock manure and amended soils of Northern China. Environmental Science and Pollution Research, 22, 4545–4554.",Sup 2014 Hou Table 9 soils section (Soil 7) | Hou supplement abbreviation normalized to full compound names using Sup 2014 Table 0 compound list.,N_HOU2015_NORTH_SOIL,Sup 2014 Jie Hou ... .docx,https://doi.org/10.1007/s11356-014-3632-y,True
soil,soil,Liaoning,Northern China amended soil Soil 8,Tylosin,macrolides,9.4,,ng/g dw,2014,,"Hou, J., Wan, W., Mao, D., Wang, C., Mu, Q., Qin, S., & Luo, Y. (2015). Occurrence and distribution of sulfonamides, tetracyclines, quinolones, macrolides, and nitrofurans in livestock manure and amended soils of Northern China. Environmental Science and Pollution Research, 22, 4545–4554.",Sup 2014 Hou Table 9 soils section (Soil 8) | Hou supplement abbreviation normalized to full compound names using Sup 2014 Table 0 compound list.,N_HOU2015_NORTH_SOIL,Sup 2014 Jie Hou ... .docx,https://doi.org/10.1007/s11356-014-3632-y,True
soil,soil,Liaoning,Northern China amended soil Soil 12,Sulfamethoxazole,sulfonamides,3.7,,ng/g dw,2014,,"Hou, J., Wan, W., Mao, D., Wang, C., Mu, Q., Qin, S., & Luo, Y. (2015). Occurrence and distribution of sulfonamides, tetracyclines, quinolones, macrolides, and nitrofurans in livestock manure and amended soils of Northern China. Environmental Science and Pollution Research, 22, 4545–4554.",Sup 2014 Hou Table 10 soils section (Soil 12) | Hou supplement abbreviation normalized to full compound names using Sup 2014 Table 0 compound list.,N_HOU2015_NORTH_SOIL,Sup 2014 Jie Hou ... .docx,https://doi.org/10.1007/s11356-014-3632-y,True
soil,soil,Liaoning,Northern China amended soil Soil 13,Sulfamethoxazole,sulfonamides,27.2,,ng/g dw,2014,,"Hou, J., Wan, W., Mao, D., Wang, C., Mu, Q., Qin, S., & Luo, Y. (2015). Occurrence and distribution of sulfonamides, tetracyclines, quinolones, macrolides, and nitrofurans in livestock manure and amended soils of Northern China. Environmental Science and Pollution Research, 22, 4545–4554.",Sup 2014 Hou Table 10 soils section (Soil 13) | Hou supplement abbreviation normalized to full compound names using Sup 2014 Table 0 compound list.,N_HOU2015_NORTH_SOIL,Sup 2014 Jie Hou ... .docx,https://doi.org/10.1007/s11356-014-3632-y,True
soil,soil,Liaoning,Northern China amended soil Soil 14,Sulfamethoxazole,sulfonamides,3.7,,ng/g dw,2014,,"Hou, J., Wan, W., Mao, D., Wang, C., Mu, Q., Qin, S., & Luo, Y. (2015). Occurrence and distribution of sulfonamides, tetracyclines, quinolones, macrolides, and nitrofurans in livestock manure and amended soils of Northern China. Environmental Science and Pollution Research, 22, 4545–4554.",Sup 2014 Hou Table 10 soils section (Soil 14) | Hou supplement abbreviation normalized to full compound names using Sup 2014 Table 0 compound list.,N_HOU2015_NORTH_SOIL,Sup 2014 Jie Hou ... .docx,https://doi.org/10.1007/s11356-014-3632-y,True
soil,soil,Liaoning,Northern China amended soil Soil 15,Sulfamethoxazole,sulfonamides,3.2,,ng/g dw,2014,,"Hou, J., Wan, W., Mao, D., Wang, C., Mu, Q., Qin, S., & Luo, Y. (2015). Occurrence and distribution of sulfonamides, tetracyclines, quinolones, macrolides, and nitrofurans in livestock manure and amended soils of Northern China. Environmental Science and Pollution Research, 22, 4545–4554.",Sup 2014 Hou Table 10 soils section (Soil 15) | Hou supplement abbreviation normalized to full compound names using Sup 2014 Table 0 compound list.,N_HOU2015_NORTH_SOIL,Sup 2014 Jie Hou ... .docx,https://doi.org/10.1007/s11356-014-3632-y,True
soil,soil,Liaoning,Northern China amended soil Soil 16,Sulfamethoxazole,sulfonamides,58.1,,ng/g dw,2014,,"Hou, J., Wan, W., Mao, D., Wang, C., Mu, Q., Qin, S., & Luo, Y. (2015). Occurrence and distribution of sulfonamides, tetracyclines, quinolones, macrolides, and nitrofurans in livestock manure and amended soils of Northern China. Environmental Science and Pollution Research, 22, 4545–4554.",Sup 2014 Hou Table 10 soils section (Soil 16) | Hou supplement abbreviation normalized to full compound names using Sup 2014 Table 0 compound list.,N_HOU2015_NORTH_SOIL,Sup 2014 Jie Hou ... .docx,https://doi.org/10.1007/s11356-014-3632-y,True
soil,soil,Liaoning,Northern China amended soil Soil 17,Sulfamethoxazole,sulfonamides,4.2,,ng/g dw,2014,,"Hou, J., Wan, W., Mao, D., Wang, C., Mu, Q., Qin, S., & Luo, Y. (2015). Occurrence and distribution of sulfonamides, tetracyclines, quinolones, macrolides, and nitrofurans in livestock manure and amended soils of Northern China. Environmental Science and Pollution Research, 22, 4545–4554.",Sup 2014 Hou Table 10 soils section (Soil 17) | Hou supplement abbreviation normalized to full compound names using Sup 2014 Table 0 compound list.,N_HOU2015_NORTH_SOIL,Sup 2014 Jie Hou ... .docx,https://doi.org/10.1007/s11356-014-3632-y,True
soil,soil,Liaoning,Northern China amended soil Soil 13,Sulfamonomethoxine,sulfonamides,3.8,,ng/g dw,2014,,"Hou, J., Wan, W., Mao, D., Wang, C., Mu, Q., Qin, S., & Luo, Y. (2015). Occurrence and distribution of sulfonamides, tetracyclines, quinolones, macrolides, and nitrofurans in livestock manure and amended soils of Northern China. Environmental Science and Pollution Research, 22, 4545–4554.",Sup 2014 Hou Table 10 soils section (Soil 13) | Hou supplement abbreviation normalized to full compound names using Sup 2014 Table 0 compound list.,N_HOU2015_NORTH_SOIL,Sup 2014 Jie Hou ... .docx,https://doi.org/10.1007/s11356-014-3632-y,True
soil,soil,Liaoning,Northern China amended soil Soil 15,Sulfamonomethoxine,sulfonamides,11.6,,ng/g dw,2014,,"Hou, J., Wan, W., Mao, D., Wang, C., Mu, Q., Qin, S., & Luo, Y. (2015). Occurrence and distribution of sulfonamides, tetracyclines, quinolones, macrolides, and nitrofurans in livestock manure and amended soils of Northern China. Environmental Science and Pollution Research, 22, 4545–4554.",Sup 2014 Hou Table 10 soils section (Soil 15) | Hou supplement abbreviation normalized to full compound names using Sup 2014 Table 0 compound list.,N_HOU2015_NORTH_SOIL,Sup 2014 Jie Hou ... .docx,https://doi.org/10.1007/s11356-014-3632-y,True
soil,soil,Liaoning,Northern China amended soil Soil 16,Sulfamonomethoxine,sulfonamides,6.9,,ng/g dw,2014,,"Hou, J., Wan, W., Mao, D., Wang, C., Mu, Q., Qin, S., & Luo, Y. (2015). Occurrence and distribution of sulfonamides, tetracyclines, quinolones, macrolides, and nitrofurans in livestock manure and amended soils of Northern China. Environmental Science and Pollution Research, 22, 4545–4554.",Sup 2014 Hou Table 10 soils section (Soil 16) | Hou supplement abbreviation normalized to full compound names using Sup 2014 Table 0 compound list.,N_HOU2015_NORTH_SOIL,Sup 2014 Jie Hou ... .docx,https://doi.org/10.1007/s11356-014-3632-y,True
soil,soil,Liaoning,Northern China amended soil Soil 17,Sulfamonomethoxine,sulfonamides,6.7,,ng/g dw,2014,,"Hou, J., Wan, W., Mao, D., Wang, C., Mu, Q., Qin, S., & Luo, Y. (2015). Occurrence and distribution of sulfonamides, tetracyclines, quinolones, macrolides, and nitrofurans in livestock manure and amended soils of Northern China. Environmental Science and Pollution Research, 22, 4545–4554.",Sup 2014 Hou Table 10 soils section (Soil 17) | Hou supplement abbreviation normalized to full compound names using Sup 2014 Table 0 compound list.,N_HOU2015_NORTH_SOIL,Sup 2014 Jie Hou ... .docx,https://doi.org/10.1007/s11356-014-3632-y,True
soil,soil,Liaoning,Northern China amended soil Soil 12,Sulfadimidine,sulfonamides,122.7,,ng/g dw,2014,,"Hou, J., Wan, W., Mao, D., Wang, C., Mu, Q., Qin, S., & Luo, Y. (2015). Occurrence and distribution of sulfonamides, tetracyclines, quinolones, macrolides, and nitrofurans in livestock manure and amended soils of Northern China. Environmental Science and Pollution Research, 22, 4545–4554.",Sup 2014 Hou Table 10 soils section (Soil 12) | Hou supplement abbreviation normalized to full compound names using Sup 2014 Table 0 compound list.,N_HOU2015_NORTH_SOIL,Sup 2014 Jie Hou ... .docx,https://doi.org/10.1007/s11356-014-3632-y,True
soil,soil,Liaoning,Northern China amended soil Soil 13,Sulfadimidine,sulfonamides,177.9,,ng/g dw,2014,,"Hou, J., Wan, W., Mao, D., Wang, C., Mu, Q., Qin, S., & Luo, Y. (2015). Occurrence and distribution of sulfonamides, tetracyclines, quinolones, macrolides, and nitrofurans in livestock manure and amended soils of Northern China. Environmental Science and Pollution Research, 22, 4545–4554.",Sup 2014 Hou Table 10 soils section (Soil 13) | Hou supplement abbreviation normalized to full compound names using Sup 2014 Table 0 compound list.,N_HOU2015_NORTH_SOIL,Sup 2014 Jie Hou ... .docx,https://doi.org/10.1007/s11356-014-3632-y,True
soil,soil,Liaoning,Northern China amended soil Soil 14,Sulfadimidine,sulfonamides,96.2,,ng/g dw,2014,,"Hou, J., Wan, W., Mao, D., Wang, C., Mu, Q., Qin, S., & Luo, Y. (2015). Occurrence and distribution of sulfonamides, tetracyclines, quinolones, macrolides, and nitrofurans in livestock manure and amended soils of Northern China. Environmental Science and Pollution Research, 22, 4545–4554.",Sup 2014 Hou Table 10 soils section (Soil 14) | Hou supplement abbreviation normalized to full compound names using Sup 2014 Table 0 compound list.,N_HOU2015_NORTH_SOIL,Sup 2014 Jie Hou ... .docx,https://doi.org/10.1007/s11356-014-3632-y,True
soil,soil,Liaoning,Northern China amended soil Soil 15,Sulfadimidine,sulfonamides,53.4,,ng/g dw,2014,,"Hou, J., Wan, W., Mao, D., Wang, C., Mu, Q., Qin, S., & Luo, Y. (2015). Occurrence and distribution of sulfonamides, tetracyclines, quinolones, macrolides, and nitrofurans in livestock manure and amended soils of Northern China. Environmental Science and Pollution Research, 22, 4545–4554.",Sup 2014 Hou Table 10 soils section (Soil 15) | Hou supplement abbreviation normalized to full compound names using Sup 2014 Table 0 compound list.,N_HOU2015_NORTH_SOIL,Sup 2014 Jie Hou ... .docx,https://doi.org/10.1007/s11356-014-3632-y,True
soil,soil,Liaoning,Northern China amended soil Soil 16,Sulfadimidine,sulfonamides,29.7,,ng/g dw,2014,,"Hou, J., Wan, W., Mao, D., Wang, C., Mu, Q., Qin, S., & Luo, Y. (2015). Occurrence and distribution of sulfonamides, tetracyclines, quinolones, macrolides, and nitrofurans in livestock manure and amended soils of Northern China. Environmental Science and Pollution Research, 22, 4545–4554.",Sup 2014 Hou Table 10 soils section (Soil 16) | Hou supplement abbreviation normalized to full compound names using Sup 2014 Table 0 compound list.,N_HOU2015_NORTH_SOIL,Sup 2014 Jie Hou ... .docx,https://doi.org/10.1007/s11356-014-3632-y,True
soil,soil,Liaoning,Northern China amended soil Soil 17,Sulfadimidine,sulfonamides,45.1,,ng/g dw,2014,,"Hou, J., Wan, W., Mao, D., Wang, C., Mu, Q., Qin, S., & Luo, Y. (2015). Occurrence and distribution of sulfonamides, tetracyclines, quinolones, macrolides, and nitrofurans in livestock manure and amended soils of Northern China. Environmental Science and Pollution Research, 22, 4545–4554.",Sup 2014 Hou Table 10 soils section (Soil 17) | Hou supplement abbreviation normalized to full compound names using Sup 2014 Table 0 compound list.,N_HOU2015_NORTH_SOIL,Sup 2014 Jie Hou ... .docx,https://doi.org/10.1007/s11356-014-3632-y,True
soil,soil,Liaoning,Northern China amended soil Soil 12,Sulfachloropyridazine,sulfonamides,12.8,,ng/g dw,2014,,"Hou, J., Wan, W., Mao, D., Wang, C., Mu, Q., Qin, S., & Luo, Y. (2015). Occurrence and distribution of sulfonamides, tetracyclines, quinolones, macrolides, and nitrofurans in livestock manure and amended soils of Northern China. Environmental Science and Pollution Research, 22, 4545–4554.",Sup 2014 Hou Table 10 soils section (Soil 12) | Hou supplement abbreviation normalized to full compound names using Sup 2014 Table 0 compound list.,N_HOU2015_NORTH_SOIL,Sup 2014 Jie Hou ... .docx,https://doi.org/10.1007/s11356-014-3632-y,True
soil,soil,Liaoning,Northern China amended soil Soil 13,Sulfachloropyridazine,sulfonamides,20.1,,ng/g dw,2014,,"Hou, J., Wan, W., Mao, D., Wang, C., Mu, Q., Qin, S., & Luo, Y. (2015). Occurrence and distribution of sulfonamides, tetracyclines, quinolones, macrolides, and nitrofurans in livestock manure and amended soils of Northern China. Environmental Science and Pollution Research, 22, 4545–4554.",Sup 2014 Hou Table 10 soils section (Soil 13) | Hou supplement abbreviation normalized to full compound names using Sup 2014 Table 0 compound list.,N_HOU2015_NORTH_SOIL,Sup 2014 Jie Hou ... .docx,https://doi.org/10.1007/s11356-014-3632-y,True
soil,soil,Liaoning,Northern China amended soil Soil 14,Sulfachloropyridazine,sulfonamides,17.9,,ng/g dw,2014,,"Hou, J., Wan, W., Mao, D., Wang, C., Mu, Q., Qin, S., & Luo, Y. (2015). Occurrence and distribution of sulfonamides, tetracyclines, quinolones, macrolides, and nitrofurans in livestock manure and amended soils of Northern China. Environmental Science and Pollution Research, 22, 4545–4554.",Sup 2014 Hou Table 10 soils section (Soil 14) | Hou supplement abbreviation normalized to full compound names using Sup 2014 Table 0 compound list.,N_HOU2015_NORTH_SOIL,Sup 2014 Jie Hou ... .docx,https://doi.org/10.1007/s11356-014-3632-y,True
soil,soil,Liaoning,Northern China amended soil Soil 15,Sulfachloropyridazine,sulfonamides,13.2,,ng/g dw,2014,,"Hou, J., Wan, W., Mao, D., Wang, C., Mu, Q., Qin, S., & Luo, Y. (2015). Occurrence and distribution of sulfonamides, tetracyclines, quinolones, macrolides, and nitrofurans in livestock manure and amended soils of Northern China. Environmental Science and Pollution Research, 22, 4545–4554.",Sup 2014 Hou Table 10 soils section (Soil 15) | Hou supplement abbreviation normalized to full compound names using Sup 2014 Table 0 compound list.,N_HOU2015_NORTH_SOIL,Sup 2014 Jie Hou ... .docx,https://doi.org/10.1007/s11356-014-3632-y,True
soil,soil,Liaoning,Northern China amended soil Soil 16,Sulfachloropyridazine,sulfonamides,29.7,,ng/g dw,2014,,"Hou, J., Wan, W., Mao, D., Wang, C., Mu, Q., Qin, S., & Luo, Y. (2015). Occurrence and distribution of sulfonamides, tetracyclines, quinolones, macrolides, and nitrofurans in livestock manure and amended soils of Northern China. Environmental Science and Pollution Research, 22, 4545–4554.",Sup 2014 Hou Table 10 soils section (Soil 16) | Hou supplement abbreviation normalized to full compound names using Sup 2014 Table 0 compound list.,N_HOU2015_NORTH_SOIL,Sup 2014 Jie Hou ... .docx,https://doi.org/10.1007/s11356-014-3632-y,True
soil,soil,Liaoning,Northern China amended soil Soil 17,Sulfachloropyridazine,sulfonamides,17.4,,ng/g dw,2014,,"Hou, J., Wan, W., Mao, D., Wang, C., Mu, Q., Qin, S., & Luo, Y. (2015). Occurrence and distribution of sulfonamides, tetracyclines, quinolones, macrolides, and nitrofurans in livestock manure and amended soils of Northern China. Environmental Science and Pollution Research, 22, 4545–4554.",Sup 2014 Hou Table 10 soils section (Soil 17) | Hou supplement abbreviation normalized to full compound names using Sup 2014 Table 0 compound list.,N_HOU2015_NORTH_SOIL,Sup 2014 Jie Hou ... .docx,https://doi.org/10.1007/s11356-014-3632-y,True
soil,soil,Liaoning,Northern China amended soil Soil 13,Trimethoprim,other,48.8,,ng/g dw,2014,,"Hou, J., Wan, W., Mao, D., Wang, C., Mu, Q., Qin, S., & Luo, Y. (2015). Occurrence and distribution of sulfonamides, tetracyclines, quinolones, macrolides, and nitrofurans in livestock manure and amended soils of Northern China. Environmental Science and Pollution Research, 22, 4545–4554.",Sup 2014 Hou Table 10 soils section (Soil 13) | Hou supplement abbreviation normalized to full compound names using Sup 2014 Table 0 compound list.,N_HOU2015_NORTH_SOIL,Sup 2014 Jie Hou ... .docx,https://doi.org/10.1007/s11356-014-3632-y,True
soil,soil,Liaoning,Northern China amended soil Soil 14,Trimethoprim,other,2.7,,ng/g dw,2014,,"Hou, J., Wan, W., Mao, D., Wang, C., Mu, Q., Qin, S., & Luo, Y. (2015). Occurrence and distribution of sulfonamides, tetracyclines, quinolones, macrolides, and nitrofurans in livestock manure and amended soils of Northern China. Environmental Science and Pollution Research, 22, 4545–4554.",Sup 2014 Hou Table 10 soils section (Soil 14) | Hou supplement abbreviation normalized to full compound names using Sup 2014 Table 0 compound list.,N_HOU2015_NORTH_SOIL,Sup 2014 Jie Hou ... .docx,https://doi.org/10.1007/s11356-014-3632-y,True
soil,soil,Liaoning,Northern China amended soil Soil 15,Trimethoprim,other,2.4,,ng/g dw,2014,,"Hou, J., Wan, W., Mao, D., Wang, C., Mu, Q., Qin, S., & Luo, Y. (2015). Occurrence and distribution of sulfonamides, tetracyclines, quinolones, macrolides, and nitrofurans in livestock manure and amended soils of Northern China. Environmental Science and Pollution Research, 22, 4545–4554.",Sup 2014 Hou Table 10 soils section (Soil 15) | Hou supplement abbreviation normalized to full compound names using Sup 2014 Table 0 compound list.,N_HOU2015_NORTH_SOIL,Sup 2014 Jie Hou ... .docx,https://doi.org/10.1007/s11356-014-3632-y,True
soil,soil,Liaoning,Northern China amended soil Soil 16,Trimethoprim,other,109.6,,ng/g dw,2014,,"Hou, J., Wan, W., Mao, D., Wang, C., Mu, Q., Qin, S., & Luo, Y. (2015). Occurrence and distribution of sulfonamides, tetracyclines, quinolones, macrolides, and nitrofurans in livestock manure and amended soils of Northern China. Environmental Science and Pollution Research, 22, 4545–4554.",Sup 2014 Hou Table 10 soils section (Soil 16) | Hou supplement abbreviation normalized to full compound names using Sup 2014 Table 0 compound list.,N_HOU2015_NORTH_SOIL,Sup 2014 Jie Hou ... .docx,https://doi.org/10.1007/s11356-014-3632-y,True
soil,soil,Liaoning,Northern China amended soil Soil 17,Trimethoprim,other,5.2,,ng/g dw,2014,,"Hou, J., Wan, W., Mao, D., Wang, C., Mu, Q., Qin, S., & Luo, Y. (2015). Occurrence and distribution of sulfonamides, tetracyclines, quinolones, macrolides, and nitrofurans in livestock manure and amended soils of Northern China. Environmental Science and Pollution Research, 22, 4545–4554.",Sup 2014 Hou Table 10 soils section (Soil 17) | Hou supplement abbreviation normalized to full compound names using Sup 2014 Table 0 compound list.,N_HOU2015_NORTH_SOIL,Sup 2014 Jie Hou ... .docx,https://doi.org/10.1007/s11356-014-3632-y,True
soil,soil,Liaoning,Northern China amended soil Soil 12,Tetracycline,tetracyclines,25.2,,ng/g dw,2014,,"Hou, J., Wan, W., Mao, D., Wang, C., Mu, Q., Qin, S., & Luo, Y. (2015). Occurrence and distribution of sulfonamides, tetracyclines, quinolones, macrolides, and nitrofurans in livestock manure and amended soils of Northern China. Environmental Science and Pollution Research, 22, 4545–4554.",Sup 2014 Hou Table 10 soils section (Soil 12) | Hou supplement abbreviation normalized to full compound names using Sup 2014 Table 0 compound list.,N_HOU2015_NORTH_SOIL,Sup 2014 Jie Hou ... .docx,https://doi.org/10.1007/s11356-014-3632-y,True
soil,soil,Liaoning,Northern China amended soil Soil 13,Tetracycline,tetracyclines,152.9,,ng/g dw,2014,,"Hou, J., Wan, W., Mao, D., Wang, C., Mu, Q., Qin, S., & Luo, Y. (2015). Occurrence and distribution of sulfonamides, tetracyclines, quinolones, macrolides, and nitrofurans in livestock manure and amended soils of Northern China. Environmental Science and Pollution Research, 22, 4545–4554.",Sup 2014 Hou Table 10 soils section (Soil 13) | Hou supplement abbreviation normalized to full compound names using Sup 2014 Table 0 compound list.,N_HOU2015_NORTH_SOIL,Sup 2014 Jie Hou ... .docx,https://doi.org/10.1007/s11356-014-3632-y,True
soil,soil,Liaoning,Northern China amended soil Soil 14,Tetracycline,tetracyclines,26.5,,ng/g dw,2014,,"Hou, J., Wan, W., Mao, D., Wang, C., Mu, Q., Qin, S., & Luo, Y. (2015). Occurrence and distribution of sulfonamides, tetracyclines, quinolones, macrolides, and nitrofurans in livestock manure and amended soils of Northern China. Environmental Science and Pollution Research, 22, 4545–4554.",Sup 2014 Hou Table 10 soils section (Soil 14) | Hou supplement abbreviation normalized to full compound names using Sup 2014 Table 0 compound list.,N_HOU2015_NORTH_SOIL,Sup 2014 Jie Hou ... .docx,https://doi.org/10.1007/s11356-014-3632-y,True
soil,soil,Liaoning,Northern China amended soil Soil 15,Tetracycline,tetracyclines,17.1,,ng/g dw,2014,,"Hou, J., Wan, W., Mao, D., Wang, C., Mu, Q., Qin, S., & Luo, Y. (2015). Occurrence and distribution of sulfonamides, tetracyclines, quinolones, macrolides, and nitrofurans in livestock manure and amended soils of Northern China. Environmental Science and Pollution Research, 22, 4545–4554.",Sup 2014 Hou Table 10 soils section (Soil 15) | Hou supplement abbreviation normalized to full compound names using Sup 2014 Table 0 compound list.,N_HOU2015_NORTH_SOIL,Sup 2014 Jie Hou ... .docx,https://doi.org/10.1007/s11356-014-3632-y,True
soil,soil,Liaoning,Northern China amended soil Soil 16,Tetracycline,tetracyclines,11.2,,ng/g dw,2014,,"Hou, J., Wan, W., Mao, D., Wang, C., Mu, Q., Qin, S., & Luo, Y. (2015). Occurrence and distribution of sulfonamides, tetracyclines, quinolones, macrolides, and nitrofurans in livestock manure and amended soils of Northern China. Environmental Science and Pollution Research, 22, 4545–4554.",Sup 2014 Hou Table 10 soils section (Soil 16) | Hou supplement abbreviation normalized to full compound names using Sup 2014 Table 0 compound list.,N_HOU2015_NORTH_SOIL,Sup 2014 Jie Hou ... .docx,https://doi.org/10.1007/s11356-014-3632-y,True
soil,soil,Liaoning,Northern China amended soil Soil 17,Tetracycline,tetracyclines,34.4,,ng/g dw,2014,,"Hou, J., Wan, W., Mao, D., Wang, C., Mu, Q., Qin, S., & Luo, Y. (2015). Occurrence and distribution of sulfonamides, tetracyclines, quinolones, macrolides, and nitrofurans in livestock manure and amended soils of Northern China. Environmental Science and Pollution Research, 22, 4545–4554.",Sup 2014 Hou Table 10 soils section (Soil 17) | Hou supplement abbreviation normalized to full compound names using Sup 2014 Table 0 compound list.,N_HOU2015_NORTH_SOIL,Sup 2014 Jie Hou ... .docx,https://doi.org/10.1007/s11356-014-3632-y,True
soil,soil,Liaoning,Northern China amended soil Soil 12,Chlortetracycline,tetracyclines,10967.1,,ng/g dw,2014,,"Hou, J., Wan, W., Mao, D., Wang, C., Mu, Q., Qin, S., & Luo, Y. (2015). Occurrence and distribution of sulfonamides, tetracyclines, quinolones, macrolides, and nitrofurans in livestock manure and amended soils of Northern China. Environmental Science and Pollution Research, 22, 4545–4554.",Sup 2014 Hou Table 10 soils section (Soil 12) | Hou supplement abbreviation normalized to full compound names using Sup 2014 Table 0 compound list.,N_HOU2015_NORTH_SOIL,Sup 2014 Jie Hou ... .docx,https://doi.org/10.1007/s11356-014-3632-y,True
soil,soil,Liaoning,Northern China amended soil Soil 13,Chlortetracycline,tetracyclines,2807.9,,ng/g dw,2014,,"Hou, J., Wan, W., Mao, D., Wang, C., Mu, Q., Qin, S., & Luo, Y. (2015). Occurrence and distribution of sulfonamides, tetracyclines, quinolones, macrolides, and nitrofurans in livestock manure and amended soils of Northern China. Environmental Science and Pollution Research, 22, 4545–4554.",Sup 2014 Hou Table 10 soils section (Soil 13) | Hou supplement abbreviation normalized to full compound names using Sup 2014 Table 0 compound list.,N_HOU2015_NORTH_SOIL,Sup 2014 Jie Hou ... .docx,https://doi.org/10.1007/s11356-014-3632-y,True
soil,soil,Liaoning,Northern China amended soil Soil 14,Chlortetracycline,tetracyclines,2160.8,,ng/g dw,2014,,"Hou, J., Wan, W., Mao, D., Wang, C., Mu, Q., Qin, S., & Luo, Y. (2015). Occurrence and distribution of sulfonamides, tetracyclines, quinolones, macrolides, and nitrofurans in livestock manure and amended soils of Northern China. Environmental Science and Pollution Research, 22, 4545–4554.",Sup 2014 Hou Table 10 soils section (Soil 14) | Hou supplement abbreviation normalized to full compound names using Sup 2014 Table 0 compound list.,N_HOU2015_NORTH_SOIL,Sup 2014 Jie Hou ... .docx,https://doi.org/10.1007/s11356-014-3632-y,True
soil,soil,Liaoning,Northern China amended soil Soil 15,Chlortetracycline,tetracyclines,311.2,,ng/g dw,2014,,"Hou, J., Wan, W., Mao, D., Wang, C., Mu, Q., Qin, S., & Luo, Y. (2015). Occurrence and distribution of sulfonamides, tetracyclines, quinolones, macrolides, and nitrofurans in livestock manure and amended soils of Northern China. Environmental Science and Pollution Research, 22, 4545–4554.",Sup 2014 Hou Table 10 soils section (Soil 15) | Hou supplement abbreviation normalized to full compound names using Sup 2014 Table 0 compound list.,N_HOU2015_NORTH_SOIL,Sup 2014 Jie Hou ... .docx,https://doi.org/10.1007/s11356-014-3632-y,True
soil,soil,Liaoning,Northern China amended soil Soil 16,Chlortetracycline,tetracyclines,600.5,,ng/g dw,2014,,"Hou, J., Wan, W., Mao, D., Wang, C., Mu, Q., Qin, S., & Luo, Y. (2015). Occurrence and distribution of sulfonamides, tetracyclines, quinolones, macrolides, and nitrofurans in livestock manure and amended soils of Northern China. Environmental Science and Pollution Research, 22, 4545–4554.",Sup 2014 Hou Table 10 soils section (Soil 16) | Hou supplement abbreviation normalized to full compound names using Sup 2014 Table 0 compound list.,N_HOU2015_NORTH_SOIL,Sup 2014 Jie Hou ... .docx,https://doi.org/10.1007/s11356-014-3632-y,True
soil,soil,Liaoning,Northern China amended soil Soil 17,Chlortetracycline,tetracyclines,1785.1,,ng/g dw,2014,,"Hou, J., Wan, W., Mao, D., Wang, C., Mu, Q., Qin, S., & Luo, Y. (2015). Occurrence and distribution of sulfonamides, tetracyclines, quinolones, macrolides, and nitrofurans in livestock manure and amended soils of Northern China. Environmental Science and Pollution Research, 22, 4545–4554.",Sup 2014 Hou Table 10 soils section (Soil 17) | Hou supplement abbreviation normalized to full compound names using Sup 2014 Table 0 compound list.,N_HOU2015_NORTH_SOIL,Sup 2014 Jie Hou ... .docx,https://doi.org/10.1007/s11356-014-3632-y,True
soil,soil,Liaoning,Northern China amended soil Soil 12,Oxytetracycline,tetracyclines,571.4,,ng/g dw,2014,,"Hou, J., Wan, W., Mao, D., Wang, C., Mu, Q., Qin, S., & Luo, Y. (2015). Occurrence and distribution of sulfonamides, tetracyclines, quinolones, macrolides, and nitrofurans in livestock manure and amended soils of Northern China. Environmental Science and Pollution Research, 22, 4545–4554.",Sup 2014 Hou Table 10 soils section (Soil 12) | Hou supplement abbreviation normalized to full compound names using Sup 2014 Table 0 compound list.,N_HOU2015_NORTH_SOIL,Sup 2014 Jie Hou ... .docx,https://doi.org/10.1007/s11356-014-3632-y,True
soil,soil,Liaoning,Northern China amended soil Soil 13,Oxytetracycline,tetracyclines,181.4,,ng/g dw,2014,,"Hou, J., Wan, W., Mao, D., Wang, C., Mu, Q., Qin, S., & Luo, Y. (2015). Occurrence and distribution of sulfonamides, tetracyclines, quinolones, macrolides, and nitrofurans in livestock manure and amended soils of Northern China. Environmental Science and Pollution Research, 22, 4545–4554.",Sup 2014 Hou Table 10 soils section (Soil 13) | Hou supplement abbreviation normalized to full compound names using Sup 2014 Table 0 compound list.,N_HOU2015_NORTH_SOIL,Sup 2014 Jie Hou ... .docx,https://doi.org/10.1007/s11356-014-3632-y,True
soil,soil,Liaoning,Northern China amended soil Soil 14,Oxytetracycline,tetracyclines,146.5,,ng/g dw,2014,,"Hou, J., Wan, W., Mao, D., Wang, C., Mu, Q., Qin, S., & Luo, Y. (2015). Occurrence and distribution of sulfonamides, tetracyclines, quinolones, macrolides, and nitrofurans in livestock manure and amended soils of Northern China. Environmental Science and Pollution Research, 22, 4545–4554.",Sup 2014 Hou Table 10 soils section (Soil 14) | Hou supplement abbreviation normalized to full compound names using Sup 2014 Table 0 compound list.,N_HOU2015_NORTH_SOIL,Sup 2014 Jie Hou ... .docx,https://doi.org/10.1007/s11356-014-3632-y,True
soil,soil,Liaoning,Northern China amended soil Soil 15,Oxytetracycline,tetracyclines,252.6,,ng/g dw,2014,,"Hou, J., Wan, W., Mao, D., Wang, C., Mu, Q., Qin, S., & Luo, Y. (2015). Occurrence and distribution of sulfonamides, tetracyclines, quinolones, macrolides, and nitrofurans in livestock manure and amended soils of Northern China. Environmental Science and Pollution Research, 22, 4545–4554.",Sup 2014 Hou Table 10 soils section (Soil 15) | Hou supplement abbreviation normalized to full compound names using Sup 2014 Table 0 compound list.,N_HOU2015_NORTH_SOIL,Sup 2014 Jie Hou ... .docx,https://doi.org/10.1007/s11356-014-3632-y,True
soil,soil,Liaoning,Northern China amended soil Soil 16,Oxytetracycline,tetracyclines,39.4,,ng/g dw,2014,,"Hou, J., Wan, W., Mao, D., Wang, C., Mu, Q., Qin, S., & Luo, Y. (2015). Occurrence and distribution of sulfonamides, tetracyclines, quinolones, macrolides, and nitrofurans in livestock manure and amended soils of Northern China. Environmental Science and Pollution Research, 22, 4545–4554.",Sup 2014 Hou Table 10 soils section (Soil 16) | Hou supplement abbreviation normalized to full compound names using Sup 2014 Table 0 compound list.,N_HOU2015_NORTH_SOIL,Sup 2014 Jie Hou ... .docx,https://doi.org/10.1007/s11356-014-3632-y,True
soil,soil,Liaoning,Northern China amended soil Soil 17,Oxytetracycline,tetracyclines,345.8,,ng/g dw,2014,,"Hou, J., Wan, W., Mao, D., Wang, C., Mu, Q., Qin, S., & Luo, Y. (2015). Occurrence and distribution of sulfonamides, tetracyclines, quinolones, macrolides, and nitrofurans in livestock manure and amended soils of Northern China. Environmental Science and Pollution Research, 22, 4545–4554.",Sup 2014 Hou Table 10 soils section (Soil 17) | Hou supplement abbreviation normalized to full compound names using Sup 2014 Table 0 compound list.,N_HOU2015_NORTH_SOIL,Sup 2014 Jie Hou ... .docx,https://doi.org/10.1007/s11356-014-3632-y,True
soil,soil,Liaoning,Northern China amended soil Soil 12,Doxycycline,tetracyclines,274.4,,ng/g dw,2014,,"Hou, J., Wan, W., Mao, D., Wang, C., Mu, Q., Qin, S., & Luo, Y. (2015). Occurrence and distribution of sulfonamides, tetracyclines, quinolones, macrolides, and nitrofurans in livestock manure and amended soils of Northern China. Environmental Science and Pollution Research, 22, 4545–4554.",Sup 2014 Hou Table 10 soils section (Soil 12) | Hou supplement abbreviation normalized to full compound names using Sup 2014 Table 0 compound list.,N_HOU2015_NORTH_SOIL,Sup 2014 Jie Hou ... .docx,https://doi.org/10.1007/s11356-014-3632-y,True
soil,soil,Liaoning,Northern China amended soil Soil 13,Doxycycline,tetracyclines,385.2,,ng/g dw,2014,,"Hou, J., Wan, W., Mao, D., Wang, C., Mu, Q., Qin, S., & Luo, Y. (2015). Occurrence and distribution of sulfonamides, tetracyclines, quinolones, macrolides, and nitrofurans in livestock manure and amended soils of Northern China. Environmental Science and Pollution Research, 22, 4545–4554.",Sup 2014 Hou Table 10 soils section (Soil 13) | Hou supplement abbreviation normalized to full compound names using Sup 2014 Table 0 compound list.,N_HOU2015_NORTH_SOIL,Sup 2014 Jie Hou ... .docx,https://doi.org/10.1007/s11356-014-3632-y,True
soil,soil,Liaoning,Northern China amended soil Soil 14,Doxycycline,tetracyclines,256.4,,ng/g dw,2014,,"Hou, J., Wan, W., Mao, D., Wang, C., Mu, Q., Qin, S., & Luo, Y. (2015). Occurrence and distribution of sulfonamides, tetracyclines, quinolones, macrolides, and nitrofurans in livestock manure and amended soils of Northern China. Environmental Science and Pollution Research, 22, 4545–4554.",Sup 2014 Hou Table 10 soils section (Soil 14) | Hou supplement abbreviation normalized to full compound names using Sup 2014 Table 0 compound list.,N_HOU2015_NORTH_SOIL,Sup 2014 Jie Hou ... .docx,https://doi.org/10.1007/s11356-014-3632-y,True
soil,soil,Liaoning,Northern China amended soil Soil 15,Doxycycline,tetracyclines,136.7,,ng/g dw,2014,,"Hou, J., Wan, W., Mao, D., Wang, C., Mu, Q., Qin, S., & Luo, Y. (2015). Occurrence and distribution of sulfonamides, tetracyclines, quinolones, macrolides, and nitrofurans in livestock manure and amended soils of Northern China. Environmental Science and Pollution Research, 22, 4545–4554.",Sup 2014 Hou Table 10 soils section (Soil 15) | Hou supplement abbreviation normalized to full compound names using Sup 2014 Table 0 compound list.,N_HOU2015_NORTH_SOIL,Sup 2014 Jie Hou ... .docx,https://doi.org/10.1007/s11356-014-3632-y,True
soil,soil,Liaoning,Northern China amended soil Soil 16,Doxycycline,tetracyclines,176.4,,ng/g dw,2014,,"Hou, J., Wan, W., Mao, D., Wang, C., Mu, Q., Qin, S., & Luo, Y. (2015). Occurrence and distribution of sulfonamides, tetracyclines, quinolones, macrolides, and nitrofurans in livestock manure and amended soils of Northern China. Environmental Science and Pollution Research, 22, 4545–4554.",Sup 2014 Hou Table 10 soils section (Soil 16) | Hou supplement abbreviation normalized to full compound names using Sup 2014 Table 0 compound list.,N_HOU2015_NORTH_SOIL,Sup 2014 Jie Hou ... .docx,https://doi.org/10.1007/s11356-014-3632-y,True
soil,soil,Liaoning,Northern China amended soil Soil 17,Doxycycline,tetracyclines,188.5,,ng/g dw,2014,,"Hou, J., Wan, W., Mao, D., Wang, C., Mu, Q., Qin, S., & Luo, Y. (2015). Occurrence and distribution of sulfonamides, tetracyclines, quinolones, macrolides, and nitrofurans in livestock manure and amended soils of Northern China. Environmental Science and Pollution Research, 22, 4545–4554.",Sup 2014 Hou Table 10 soils section (Soil 17) | Hou supplement abbreviation normalized to full compound names using Sup 2014 Table 0 compound list.,N_HOU2015_NORTH_SOIL,Sup 2014 Jie Hou ... .docx,https://doi.org/10.1007/s11356-014-3632-y,True
soil,soil,Liaoning,Northern China amended soil Soil 12,Enrofloxacin,fluoroquinolones,10.6,,ng/g dw,2014,,"Hou, J., Wan, W., Mao, D., Wang, C., Mu, Q., Qin, S., & Luo, Y. (2015). Occurrence and distribution of sulfonamides, tetracyclines, quinolones, macrolides, and nitrofurans in livestock manure and amended soils of Northern China. Environmental Science and Pollution Research, 22, 4545–4554.",Sup 2014 Hou Table 10 soils section (Soil 12) | Hou supplement abbreviation normalized to full compound names using Sup 2014 Table 0 compound list.,N_HOU2015_NORTH_SOIL,Sup 2014 Jie Hou ... .docx,https://doi.org/10.1007/s11356-014-3632-y,True
soil,soil,Liaoning,Northern China amended soil Soil 13,Enrofloxacin,fluoroquinolones,18.8,,ng/g dw,2014,,"Hou, J., Wan, W., Mao, D., Wang, C., Mu, Q., Qin, S., & Luo, Y. (2015). Occurrence and distribution of sulfonamides, tetracyclines, quinolones, macrolides, and nitrofurans in livestock manure and amended soils of Northern China. Environmental Science and Pollution Research, 22, 4545–4554.",Sup 2014 Hou Table 10 soils section (Soil 13) | Hou supplement abbreviation normalized to full compound names using Sup 2014 Table 0 compound list.,N_HOU2015_NORTH_SOIL,Sup 2014 Jie Hou ... .docx,https://doi.org/10.1007/s11356-014-3632-y,True
soil,soil,Liaoning,Northern China amended soil Soil 14,Enrofloxacin,fluoroquinolones,12.1,,ng/g dw,2014,,"Hou, J., Wan, W., Mao, D., Wang, C., Mu, Q., Qin, S., & Luo, Y. (2015). Occurrence and distribution of sulfonamides, tetracyclines, quinolones, macrolides, and nitrofurans in livestock manure and amended soils of Northern China. Environmental Science and Pollution Research, 22, 4545–4554.",Sup 2014 Hou Table 10 soils section (Soil 14) | Hou supplement abbreviation normalized to full compound names using Sup 2014 Table 0 compound list.,N_HOU2015_NORTH_SOIL,Sup 2014 Jie Hou ... .docx,https://doi.org/10.1007/s11356-014-3632-y,True
soil,soil,Liaoning,Northern China amended soil Soil 15,Enrofloxacin,fluoroquinolones,9.2,,ng/g dw,2014,,"Hou, J., Wan, W., Mao, D., Wang, C., Mu, Q., Qin, S., & Luo, Y. (2015). Occurrence and distribution of sulfonamides, tetracyclines, quinolones, macrolides, and nitrofurans in livestock manure and amended soils of Northern China. Environmental Science and Pollution Research, 22, 4545–4554.",Sup 2014 Hou Table 10 soils section (Soil 15) | Hou supplement abbreviation normalized to full compound names using Sup 2014 Table 0 compound list.,N_HOU2015_NORTH_SOIL,Sup 2014 Jie Hou ... .docx,https://doi.org/10.1007/s11356-014-3632-y,True
soil,soil,Liaoning,Northern China amended soil Soil 16,Enrofloxacin,fluoroquinolones,40.7,,ng/g dw,2014,,"Hou, J., Wan, W., Mao, D., Wang, C., Mu, Q., Qin, S., & Luo, Y. (2015). Occurrence and distribution of sulfonamides, tetracyclines, quinolones, macrolides, and nitrofurans in livestock manure and amended soils of Northern China. Environmental Science and Pollution Research, 22, 4545–4554.",Sup 2014 Hou Table 10 soils section (Soil 16) | Hou supplement abbreviation normalized to full compound names using Sup 2014 Table 0 compound list.,N_HOU2015_NORTH_SOIL,Sup 2014 Jie Hou ... .docx,https://doi.org/10.1007/s11356-014-3632-y,True
soil,soil,Liaoning,Northern China amended soil Soil 17,Enrofloxacin,fluoroquinolones,18.2,,ng/g dw,2014,,"Hou, J., Wan, W., Mao, D., Wang, C., Mu, Q., Qin, S., & Luo, Y. (2015). Occurrence and distribution of sulfonamides, tetracyclines, quinolones, macrolides, and nitrofurans in livestock manure and amended soils of Northern China. Environmental Science and Pollution Research, 22, 4545–4554.",Sup 2014 Hou Table 10 soils section (Soil 17) | Hou supplement abbreviation normalized to full compound names using Sup 2014 Table 0 compound list.,N_HOU2015_NORTH_SOIL,Sup 2014 Jie Hou ... .docx,https://doi.org/10.1007/s11356-014-3632-y,True
soil,soil,Liaoning,Northern China amended soil Soil 12,Ciprofloxacin,fluoroquinolones,54.6,,ng/g dw,2014,,"Hou, J., Wan, W., Mao, D., Wang, C., Mu, Q., Qin, S., & Luo, Y. (2015). Occurrence and distribution of sulfonamides, tetracyclines, quinolones, macrolides, and nitrofurans in livestock manure and amended soils of Northern China. Environmental Science and Pollution Research, 22, 4545–4554.",Sup 2014 Hou Table 10 soils section (Soil 12) | Hou supplement abbreviation normalized to full compound names using Sup 2014 Table 0 compound list.,N_HOU2015_NORTH_SOIL,Sup 2014 Jie Hou ... .docx,https://doi.org/10.1007/s11356-014-3632-y,True
soil,soil,Liaoning,Northern China amended soil Soil 13,Ciprofloxacin,fluoroquinolones,80.9,,ng/g dw,2014,,"Hou, J., Wan, W., Mao, D., Wang, C., Mu, Q., Qin, S., & Luo, Y. (2015). Occurrence and distribution of sulfonamides, tetracyclines, quinolones, macrolides, and nitrofurans in livestock manure and amended soils of Northern China. Environmental Science and Pollution Research, 22, 4545–4554.",Sup 2014 Hou Table 10 soils section (Soil 13) | Hou supplement abbreviation normalized to full compound names using Sup 2014 Table 0 compound list.,N_HOU2015_NORTH_SOIL,Sup 2014 Jie Hou ... .docx,https://doi.org/10.1007/s11356-014-3632-y,True
soil,soil,Liaoning,Northern China amended soil Soil 14,Ciprofloxacin,fluoroquinolones,67.1,,ng/g dw,2014,,"Hou, J., Wan, W., Mao, D., Wang, C., Mu, Q., Qin, S., & Luo, Y. (2015). Occurrence and distribution of sulfonamides, tetracyclines, quinolones, macrolides, and nitrofurans in livestock manure and amended soils of Northern China. Environmental Science and Pollution Research, 22, 4545–4554.",Sup 2014 Hou Table 10 soils section (Soil 14) | Hou supplement abbreviation normalized to full compound names using Sup 2014 Table 0 compound list.,N_HOU2015_NORTH_SOIL,Sup 2014 Jie Hou ... .docx,https://doi.org/10.1007/s11356-014-3632-y,True
soil,soil,Liaoning,Northern China amended soil Soil 15,Ciprofloxacin,fluoroquinolones,29.9,,ng/g dw,2014,,"Hou, J., Wan, W., Mao, D., Wang, C., Mu, Q., Qin, S., & Luo, Y. (2015). Occurrence and distribution of sulfonamides, tetracyclines, quinolones, macrolides, and nitrofurans in livestock manure and amended soils of Northern China. Environmental Science and Pollution Research, 22, 4545–4554.",Sup 2014 Hou Table 10 soils section (Soil 15) | Hou supplement abbreviation normalized to full compound names using Sup 2014 Table 0 compound list.,N_HOU2015_NORTH_SOIL,Sup 2014 Jie Hou ... .docx,https://doi.org/10.1007/s11356-014-3632-y,True
soil,soil,Liaoning,Northern China amended soil Soil 16,Ciprofloxacin,fluoroquinolones,36.3,,ng/g dw,2014,,"Hou, J., Wan, W., Mao, D., Wang, C., Mu, Q., Qin, S., & Luo, Y. (2015). Occurrence and distribution of sulfonamides, tetracyclines, quinolones, macrolides, and nitrofurans in livestock manure and amended soils of Northern China. Environmental Science and Pollution Research, 22, 4545–4554.",Sup 2014 Hou Table 10 soils section (Soil 16) | Hou supplement abbreviation normalized to full compound names using Sup 2014 Table 0 compound list.,N_HOU2015_NORTH_SOIL,Sup 2014 Jie Hou ... .docx,https://doi.org/10.1007/s11356-014-3632-y,True
soil,soil,Liaoning,Northern China amended soil Soil 17,Ciprofloxacin,fluoroquinolones,31.1,,ng/g dw,2014,,"Hou, J., Wan, W., Mao, D., Wang, C., Mu, Q., Qin, S., & Luo, Y. (2015). Occurrence and distribution of sulfonamides, tetracyclines, quinolones, macrolides, and nitrofurans in livestock manure and amended soils of Northern China. Environmental Science and Pollution Research, 22, 4545–4554.",Sup 2014 Hou Table 10 soils section (Soil 17) | Hou supplement abbreviation normalized to full compound names using Sup 2014 Table 0 compound list.,N_HOU2015_NORTH_SOIL,Sup 2014 Jie Hou ... .docx,https://doi.org/10.1007/s11356-014-3632-y,True
soil,soil,Liaoning,Northern China amended soil Soil 12,Ofloxacin,fluoroquinolones,12.8,,ng/g dw,2014,,"Hou, J., Wan, W., Mao, D., Wang, C., Mu, Q., Qin, S., & Luo, Y. (2015). Occurrence and distribution of sulfonamides, tetracyclines, quinolones, macrolides, and nitrofurans in livestock manure and amended soils of Northern China. Environmental Science and Pollution Research, 22, 4545–4554.",Sup 2014 Hou Table 10 soils section (Soil 12) | Hou supplement abbreviation normalized to full compound names using Sup 2014 Table 0 compound list.,N_HOU2015_NORTH_SOIL,Sup 2014 Jie Hou ... .docx,https://doi.org/10.1007/s11356-014-3632-y,True
soil,soil,Liaoning,Northern China amended soil Soil 13,Ofloxacin,fluoroquinolones,17.4,,ng/g dw,2014,,"Hou, J., Wan, W., Mao, D., Wang, C., Mu, Q., Qin, S., & Luo, Y. (2015). Occurrence and distribution of sulfonamides, tetracyclines, quinolones, macrolides, and nitrofurans in livestock manure and amended soils of Northern China. Environmental Science and Pollution Research, 22, 4545–4554.",Sup 2014 Hou Table 10 soils section (Soil 13) | Hou supplement abbreviation normalized to full compound names using Sup 2014 Table 0 compound list.,N_HOU2015_NORTH_SOIL,Sup 2014 Jie Hou ... .docx,https://doi.org/10.1007/s11356-014-3632-y,True
soil,soil,Liaoning,Northern China amended soil Soil 14,Ofloxacin,fluoroquinolones,10.4,,ng/g dw,2014,,"Hou, J., Wan, W., Mao, D., Wang, C., Mu, Q., Qin, S., & Luo, Y. (2015). Occurrence and distribution of sulfonamides, tetracyclines, quinolones, macrolides, and nitrofurans in livestock manure and amended soils of Northern China. Environmental Science and Pollution Research, 22, 4545–4554.",Sup 2014 Hou Table 10 soils section (Soil 14) | Hou supplement abbreviation normalized to full compound names using Sup 2014 Table 0 compound list.,N_HOU2015_NORTH_SOIL,Sup 2014 Jie Hou ... .docx,https://doi.org/10.1007/s11356-014-3632-y,True
soil,soil,Liaoning,Northern China amended soil Soil 15,Ofloxacin,fluoroquinolones,7.8,,ng/g dw,2014,,"Hou, J., Wan, W., Mao, D., Wang, C., Mu, Q., Qin, S., & Luo, Y. (2015). Occurrence and distribution of sulfonamides, tetracyclines, quinolones, macrolides, and nitrofurans in livestock manure and amended soils of Northern China. Environmental Science and Pollution Research, 22, 4545–4554.",Sup 2014 Hou Table 10 soils section (Soil 15) | Hou supplement abbreviation normalized to full compound names using Sup 2014 Table 0 compound list.,N_HOU2015_NORTH_SOIL,Sup 2014 Jie Hou ... .docx,https://doi.org/10.1007/s11356-014-3632-y,True
soil,soil,Liaoning,Northern China amended soil Soil 16,Ofloxacin,fluoroquinolones,10.7,,ng/g dw,2014,,"Hou, J., Wan, W., Mao, D., Wang, C., Mu, Q., Qin, S., & Luo, Y. (2015). Occurrence and distribution of sulfonamides, tetracyclines, quinolones, macrolides, and nitrofurans in livestock manure and amended soils of Northern China. Environmental Science and Pollution Research, 22, 4545–4554.",Sup 2014 Hou Table 10 soils section (Soil 16) | Hou supplement abbreviation normalized to full compound names using Sup 2014 Table 0 compound list.,N_HOU2015_NORTH_SOIL,Sup 2014 Jie Hou ... .docx,https://doi.org/10.1007/s11356-014-3632-y,True
soil,soil,Liaoning,Northern China amended soil Soil 17,Ofloxacin,fluoroquinolones,8.8,,ng/g dw,2014,,"Hou, J., Wan, W., Mao, D., Wang, C., Mu, Q., Qin, S., & Luo, Y. (2015). Occurrence and distribution of sulfonamides, tetracyclines, quinolones, macrolides, and nitrofurans in livestock manure and amended soils of Northern China. Environmental Science and Pollution Research, 22, 4545–4554.",Sup 2014 Hou Table 10 soils section (Soil 17) | Hou supplement abbreviation normalized to full compound names using Sup 2014 Table 0 compound list.,N_HOU2015_NORTH_SOIL,Sup 2014 Jie Hou ... .docx,https://doi.org/10.1007/s11356-014-3632-y,True
soil,soil,Liaoning,Northern China amended soil Soil 12,Roxithromycin,macrolides,11.6,,ng/g dw,2014,,"Hou, J., Wan, W., Mao, D., Wang, C., Mu, Q., Qin, S., & Luo, Y. (2015). Occurrence and distribution of sulfonamides, tetracyclines, quinolones, macrolides, and nitrofurans in livestock manure and amended soils of Northern China. Environmental Science and Pollution Research, 22, 4545–4554.",Sup 2014 Hou Table 10 soils section (Soil 12) | Hou supplement abbreviation normalized to full compound names using Sup 2014 Table 0 compound list.,N_HOU2015_NORTH_SOIL,Sup 2014 Jie Hou ... .docx,https://doi.org/10.1007/s11356-014-3632-y,True
soil,soil,Liaoning,Northern China amended soil Soil 14,Roxithromycin,macrolides,13.4,,ng/g dw,2014,,"Hou, J., Wan, W., Mao, D., Wang, C., Mu, Q., Qin, S., & Luo, Y. (2015). Occurrence and distribution of sulfonamides, tetracyclines, quinolones, macrolides, and nitrofurans in livestock manure and amended soils of Northern China. Environmental Science and Pollution Research, 22, 4545–4554.",Sup 2014 Hou Table 10 soils section (Soil 14) | Hou supplement abbreviation normalized to full compound names using Sup 2014 Table 0 compound list.,N_HOU2015_NORTH_SOIL,Sup 2014 Jie Hou ... .docx,https://doi.org/10.1007/s11356-014-3632-y,True
soil,soil,Liaoning,Northern China amended soil Soil 15,Roxithromycin,macrolides,5.9,,ng/g dw,2014,,"Hou, J., Wan, W., Mao, D., Wang, C., Mu, Q., Qin, S., & Luo, Y. (2015). Occurrence and distribution of sulfonamides, tetracyclines, quinolones, macrolides, and nitrofurans in livestock manure and amended soils of Northern China. Environmental Science and Pollution Research, 22, 4545–4554.",Sup 2014 Hou Table 10 soils section (Soil 15) | Hou supplement abbreviation normalized to full compound names using Sup 2014 Table 0 compound list.,N_HOU2015_NORTH_SOIL,Sup 2014 Jie Hou ... .docx,https://doi.org/10.1007/s11356-014-3632-y,True
soil,soil,Liaoning,Northern China amended soil Soil 17,Roxithromycin,macrolides,7.4,,ng/g dw,2014,,"Hou, J., Wan, W., Mao, D., Wang, C., Mu, Q., Qin, S., & Luo, Y. (2015). Occurrence and distribution of sulfonamides, tetracyclines, quinolones, macrolides, and nitrofurans in livestock manure and amended soils of Northern China. Environmental Science and Pollution Research, 22, 4545–4554.",Sup 2014 Hou Table 10 soils section (Soil 17) | Hou supplement abbreviation normalized to full compound names using Sup 2014 Table 0 compound list.,N_HOU2015_NORTH_SOIL,Sup 2014 Jie Hou ... .docx,https://doi.org/10.1007/s11356-014-3632-y,True
soil,soil,Liaoning,Northern China amended soil Soil 12,Erythromycin,macrolides,7.2,,ng/g dw,2014,,"Hou, J., Wan, W., Mao, D., Wang, C., Mu, Q., Qin, S., & Luo, Y. (2015). Occurrence and distribution of sulfonamides, tetracyclines, quinolones, macrolides, and nitrofurans in livestock manure and amended soils of Northern China. Environmental Science and Pollution Research, 22, 4545–4554.",Sup 2014 Hou Table 10 soils section (Soil 12) | Hou supplement abbreviation normalized to full compound names using Sup 2014 Table 0 compound list.,N_HOU2015_NORTH_SOIL,Sup 2014 Jie Hou ... .docx,https://doi.org/10.1007/s11356-014-3632-y,True
soil,soil,Liaoning,Northern China amended soil Soil 13,Erythromycin,macrolides,4.9,,ng/g dw,2014,,"Hou, J., Wan, W., Mao, D., Wang, C., Mu, Q., Qin, S., & Luo, Y. (2015). Occurrence and distribution of sulfonamides, tetracyclines, quinolones, macrolides, and nitrofurans in livestock manure and amended soils of Northern China. Environmental Science and Pollution Research, 22, 4545–4554.",Sup 2014 Hou Table 10 soils section (Soil 13) | Hou supplement abbreviation normalized to full compound names using Sup 2014 Table 0 compound list.,N_HOU2015_NORTH_SOIL,Sup 2014 Jie Hou ... .docx,https://doi.org/10.1007/s11356-014-3632-y,True
soil,soil,Liaoning,Northern China amended soil Soil 16,Erythromycin,macrolides,5.3,,ng/g dw,2014,,"Hou, J., Wan, W., Mao, D., Wang, C., Mu, Q., Qin, S., & Luo, Y. (2015). Occurrence and distribution of sulfonamides, tetracyclines, quinolones, macrolides, and nitrofurans in livestock manure and amended soils of Northern China. Environmental Science and Pollution Research, 22, 4545–4554.",Sup 2014 Hou Table 10 soils section (Soil 16) | Hou supplement abbreviation normalized to full compound names using Sup 2014 Table 0 compound list.,N_HOU2015_NORTH_SOIL,Sup 2014 Jie Hou ... .docx,https://doi.org/10.1007/s11356-014-3632-y,True
soil,soil,Liaoning,Northern China amended soil Soil 12,Tylosin,macrolides,9.1,,ng/g dw,2014,,"Hou, J., Wan, W., Mao, D., Wang, C., Mu, Q., Qin, S., & Luo, Y. (2015). Occurrence and distribution of sulfonamides, tetracyclines, quinolones, macrolides, and nitrofurans in livestock manure and amended soils of Northern China. Environmental Science and Pollution Research, 22, 4545–4554.",Sup 2014 Hou Table 10 soils section (Soil 12) | Hou supplement abbreviation normalized to full compound names using Sup 2014 Table 0 compound list.,N_HOU2015_NORTH_SOIL,Sup 2014 Jie Hou ... .docx,https://doi.org/10.1007/s11356-014-3632-y,True
soil,soil,Liaoning,Northern China amended soil Soil 17,Tylosin,macrolides,2.3,,ng/g dw,2014,,"Hou, J., Wan, W., Mao, D., Wang, C., Mu, Q., Qin, S., & Luo, Y. (2015). Occurrence and distribution of sulfonamides, tetracyclines, quinolones, macrolides, and nitrofurans in livestock manure and amended soils of Northern China. Environmental Science and Pollution Research, 22, 4545–4554.",Sup 2014 Hou Table 10 soils section (Soil 17) | Hou supplement abbreviation normalized to full compound names using Sup 2014 Table 0 compound list.,N_HOU2015_NORTH_SOIL,Sup 2014 Jie Hou ... .docx,https://doi.org/10.1007/s11356-014-3632-y,True
soil,soil,Liaoning,Northern China amended soil Soil 13,Furazolidone,other,31.8,,ng/g dw,2014,,"Hou, J., Wan, W., Mao, D., Wang, C., Mu, Q., Qin, S., & Luo, Y. (2015). Occurrence and distribution of sulfonamides, tetracyclines, quinolones, macrolides, and nitrofurans in livestock manure and amended soils of Northern China. Environmental Science and Pollution Research, 22, 4545–4554.",Sup 2014 Hou Table 10 soils section (Soil 13) | Hou supplement abbreviation normalized to full compound names using Sup 2014 Table 0 compound list.,N_HOU2015_NORTH_SOIL,Sup 2014 Jie Hou ... .docx,https://doi.org/10.1007/s11356-014-3632-y,True
soil,soil,Liaoning,Northern China amended soil Soil 14,Furazolidone,other,57.8,,ng/g dw,2014,,"Hou, J., Wan, W., Mao, D., Wang, C., Mu, Q., Qin, S., & Luo, Y. (2015). Occurrence and distribution of sulfonamides, tetracyclines, quinolones, macrolides, and nitrofurans in livestock manure and amended soils of Northern China. Environmental Science and Pollution Research, 22, 4545–4554.",Sup 2014 Hou Table 10 soils section (Soil 14) | Hou supplement abbreviation normalized to full compound names using Sup 2014 Table 0 compound list.,N_HOU2015_NORTH_SOIL,Sup 2014 Jie Hou ... .docx,https://doi.org/10.1007/s11356-014-3632-y,True
