{"type":"FeatureCollection","features":[{"type":"Feature","properties":{"adcode":110000,"name":"北京市","center":[116.405285,39.904989],"centroid":[116.41995,40.18994],"childrenNum":16,"level":"province","parent":{"adcode":100000},"subFeatureIndex":0,"acroutes":[100000]},"geometry":{"type":"MultiPolygon","coordinates":[[[[117.348611,40.581141],[117.389879,40.561593],[117.429915,40.576141],[117.412669,40.605226],[117.467487,40.649738],[117.467487,40.649738],[117.501364,40.636569],[117.514914,40.660181],[117.493973,40.675161],[117.408973,40.686961],[117.342451,40.673799],[117.319662,40.657911],[117.278394,40.664267],[117.208177,40.694675],[117.117018,40.70012],[117.11209,40.707379],[117.012308,40.693767],[116.964881,40.709647],[116.926692,40.745022],[116.924229,40.773581],[116.848468,40.839264],[116.81336,40.848319],[116.759773,40.889954],[116.713577,40.909858],[116.722201,40.927495],[116.677853,40.970888],[116.698795,41.021477],[116.688324,41.044501],[116.647672,41.059394],[116.615643,41.053076],[116.623034,41.021026],[116.598397,40.974503],[116.5676,40.992574],[116.519557,40.98128],[116.519557,40.98128],[116.455499,40.980828],[116.447492,40.953715],[116.477057,40.899907],[116.398216,40.90624],[116.370499,40.94377],[116.339702,40.929303],[116.334159,40.90443],[116.438253,40.81934],[116.46597,40.774487],[116.453651,40.765876],[116.316912,40.772221],[116.311369,40.754996],[116.273181,40.762703],[116.247311,40.791707],[116.22021,40.744115],[116.204812,40.740035],[116.171551,40.695582],[116.162928,40.662451],[116.133979,40.666536],[116.09887,40.630665],[116.005247,40.583868],[115.982457,40.578868],[115.971986,40.6025],[115.907929,40.617493],[115.885139,40.595229],[115.827857,40.587504],[115.819849,40.55932],[115.784741,40.55841],[115.755176,40.540221],[115.736082,40.503372],[115.781045,40.49336],[115.771806,40.443734],[115.864197,40.359422],[115.917784,40.354405],[115.95166,40.281852],[115.968907,40.264045],[115.89869,40.234354],[115.870356,40.185909],[115.855574,40.188652],[115.847567,40.147036],[115.806299,40.15344],[115.773654,40.176307],[115.75456,40.145663],[115.75456,40.145663],[115.599959,40.119583],[115.59072,40.096239],[115.527278,40.076092],[115.485394,40.040364],[115.454597,40.029825],[115.450286,39.992697],[115.428728,39.984443],[115.426264,39.950502],[115.481083,39.935819],[115.522967,39.899099],[115.515575,39.892212],[115.515575,39.892212],[115.526046,39.87568],[115.514344,39.837549],[115.567314,39.816407],[115.552532,39.794799],[115.50572,39.784222],[115.483547,39.798477],[115.483547,39.798477],[115.443511,39.785601],[115.439815,39.752022],[115.486626,39.741899],[115.491554,39.670074],[115.478619,39.650723],[115.478619,39.650723],[115.522351,39.640124],[115.518039,39.597252],[115.545756,39.618922],[115.587024,39.589873],[115.633836,39.599557],[115.633836,39.599557],[115.667712,39.615234],[115.698509,39.577881],[115.698509,39.577881],[115.699125,39.570039],[115.699125,39.570039],[115.716988,39.56035],[115.716988,39.56035],[115.718835,39.553891],[115.718835,39.553891],[115.720683,39.551122],[115.720683,39.551122],[115.722531,39.5442],[115.721299,39.543738],[115.722531,39.5442],[115.722531,39.543738],[115.721299,39.543738],[115.722531,39.543738],[115.724995,39.5442],[115.724995,39.5442],[115.738545,39.540046],[115.738545,39.539585],[115.738545,39.540046],[115.738545,39.539585],[115.752712,39.515581],[115.806299,39.510041],[115.806299,39.510041],[115.821081,39.522968],[115.821081,39.522968],[115.828473,39.541431],[115.867893,39.546507],[115.867893,39.546507],[115.91532,39.582955],[115.91532,39.582955],[115.910393,39.600479],[115.910393,39.600479],[115.957204,39.560812],[115.978146,39.595868],[115.995392,39.576958],[116.026189,39.587567],[116.036044,39.571884],[116.09887,39.575113],[116.130283,39.567732],[116.151841,39.583416],[116.198652,39.589412],[116.240536,39.564041],[116.257782,39.500344],[116.307057,39.488337],[116.337854,39.455536],[116.361876,39.455074],[116.361876,39.455074],[116.434557,39.442597],[116.454883,39.453226],[116.444412,39.482332],[116.411767,39.482794],[116.401912,39.528046],[116.443796,39.510041],[116.437637,39.526661],[116.478289,39.535431],[116.473361,39.552968],[116.50847,39.551122],[116.524484,39.596329],[116.592237,39.621227],[116.592237,39.621227],[116.620571,39.601863],[116.664918,39.605552],[116.723432,39.59264],[116.724048,39.59264],[116.723432,39.59264],[116.724048,39.59264],[116.726512,39.595407],[116.726512,39.595407],[116.709266,39.618],[116.748686,39.619844],[116.79057,39.595868],[116.812128,39.615695],[116.8497,39.66777],[116.906366,39.677444],[116.90575,39.688037],[116.889736,39.687576],[116.887272,39.72533],[116.916837,39.731314],[116.902055,39.763523],[116.949482,39.778703],[116.918069,39.84628],[116.907598,39.832494],[116.865714,39.843982],[116.812128,39.889916],[116.78441,39.891294],[116.782563,39.947749],[116.757925,39.967934],[116.781331,40.034866],[116.820135,40.02845],[116.831222,40.051359],[116.867562,40.041739],[116.927924,40.055024],[116.945171,40.04128],[117.025243,40.030283],[117.051728,40.059605],[117.105315,40.074261],[117.105315,40.074261],[117.140423,40.064185],[117.159517,40.077008],[117.204481,40.069681],[117.210024,40.082045],[117.224191,40.094865],[117.224191,40.094865],[117.254988,40.114548],[117.254988,40.114548],[117.254988,40.114548],[117.274082,40.105852],[117.307343,40.136971],[117.349227,40.136513],[117.367089,40.172649],[117.367089,40.173106],[117.367089,40.173106],[117.367089,40.172649],[117.383719,40.188195],[117.389879,40.227958],[117.351075,40.229786],[117.331365,40.289613],[117.295024,40.2782],[117.271618,40.325211],[117.271618,40.325211],[117.243285,40.369453],[117.226039,40.368997],[117.234046,40.417312],[117.263611,40.442367],[117.208793,40.501552],[117.262995,40.512927],[117.247597,40.539766],[117.269771,40.560684],[117.348611,40.581141],[117.348611,40.581141]]]]}},{"type":"Feature","properties":{"adcode":120000,"name":"天津市","center":[117.190182,39.125596],"centroid":[117.347043,39.288036],"childrenNum":16,"level":"province","parent":{"adcode":100000},"subFeatureIndex":1,"acroutes":[100000]},"geometry":{"type":"MultiPolygon","coordinates":[[[[117.765602,39.400527],[117.846906,39.407926],[117.871543,39.411625],[117.870311,39.455074],[117.899877,39.474479],[117.912195,39.517428],[117.912195,39.517428],[117.904804,39.533585],[117.933753,39.574191],[117.868464,39.59679],[117.829659,39.589873],[117.766834,39.598635],[117.753899,39.579726],[117.753899,39.579726],[117.745276,39.547892],[117.715711,39.529892],[117.707088,39.576036],[117.684914,39.58895],[117.654117,39.575113],[117.637486,39.603246],[117.66274,39.636437],[117.668899,39.666849],[117.627015,39.703693],[117.57774,39.726711],[117.595603,39.74604],[117.56111,39.754782],[117.546327,39.775943],[117.561726,39.799856],[117.529081,39.859144],[117.529081,39.859144],[117.508139,39.901854],[117.508139,39.901854],[117.512451,39.90874],[117.512451,39.90874],[117.513067,39.910576],[117.513067,39.910576],[117.514914,39.946832],[117.534625,39.954631],[117.546327,39.999116],[117.594987,39.994531],[117.594987,39.994531],[117.614697,39.97252],[117.671363,39.973896],[117.691073,39.984902],[117.756363,39.965181],[117.781616,39.966558],[117.781616,39.966558],[117.795167,39.996823],[117.795167,39.996823],[117.793319,40.005534],[117.793319,40.005534],[117.768681,40.022034],[117.768681,40.022034],[117.744044,40.018368],[117.74774,40.047236],[117.776073,40.059605],[117.752667,40.081588],[117.71879,40.082045],[117.71879,40.082045],[117.675059,40.082045],[117.655965,40.109514],[117.655965,40.109514],[117.654117,40.114548],[117.654117,40.114548],[117.651653,40.122786],[117.651653,40.122786],[117.613465,40.158014],[117.613465,40.158014],[117.609769,40.160301],[117.609769,40.160301],[117.576508,40.178593],[117.571581,40.219276],[117.548791,40.232527],[117.505059,40.227044],[117.450241,40.252627],[117.415748,40.248973],[117.389879,40.227958],[117.383719,40.188195],[117.367089,40.172649],[117.367089,40.173106],[117.367089,40.173106],[117.367089,40.172649],[117.349227,40.136513],[117.307343,40.136971],[117.274082,40.105852],[117.254988,40.114548],[117.254988,40.114548],[117.254988,40.114548],[117.224191,40.094865],[117.224191,40.094865],[117.210024,40.082045],[117.192162,40.066475],[117.198322,39.992697],[117.150894,39.944996],[117.162597,39.876598],[117.162597,39.876598],[117.227887,39.852712],[117.247597,39.860981],[117.251908,39.834332],[117.192162,39.832953],[117.156438,39.817326],[117.15767,39.796638],[117.205713,39.763984],[117.161981,39.748801],[117.165061,39.718886],[117.165061,39.718886],[117.177996,39.645194],[117.152742,39.623532],[117.10901,39.625375],[117.10901,39.625375],[117.016004,39.653949],[116.983359,39.638742],[116.983359,39.638742],[116.964265,39.64335],[116.948866,39.680668],[116.948866,39.680668],[116.944555,39.695405],[116.944555,39.695405],[116.932236,39.706456],[116.932236,39.706456],[116.90575,39.688037],[116.906366,39.677444],[116.8497,39.66777],[116.812128,39.615695],[116.808432,39.576497],[116.78749,39.554352],[116.819519,39.528507],[116.820751,39.482332],[116.785026,39.465702],[116.832454,39.435664],[116.876185,39.43474],[116.839845,39.413474],[116.840461,39.378326],[116.818287,39.3737],[116.829374,39.338994],[116.870642,39.357506],[116.889736,39.338068],[116.87249,39.291304],[116.881729,39.225966],[116.881729,39.225966],[116.855859,39.215766],[116.870026,39.153607],[116.909446,39.150822],[116.912526,39.110898],[116.91191,39.111362],[116.91191,39.111362],[116.912526,39.110898],[116.871874,39.054688],[116.812744,39.05097],[116.812744,39.05097],[116.783179,39.05097],[116.783179,39.05097],[116.754229,39.034701],[116.754229,39.034701],[116.754845,39.003084],[116.72836,38.975174],[116.708034,38.931892],[116.722201,38.896968],[116.723432,38.852706],[116.75115,38.831264],[116.737599,38.784629],[116.746222,38.754299],[116.794265,38.744498],[116.794265,38.744498],[116.858939,38.741231],[116.877417,38.680522],[116.948866,38.689398],[116.950714,38.689398],[116.95133,38.689398],[116.950714,38.689398],[116.948866,38.689398],[116.95133,38.689398],[117.038793,38.688464],[117.068358,38.680522],[117.055424,38.639398],[117.070822,38.608072],[117.109626,38.584685],[117.150894,38.617892],[117.183539,38.61836],[117.183539,38.61836],[117.213104,38.639866],[117.213104,38.639866],[117.258684,38.608072],[117.258684,38.608072],[117.238358,38.580943],[117.25314,38.556143],[117.368937,38.564566],[117.432379,38.601524],[117.47919,38.616489],[117.55803,38.613683],[117.639334,38.626776],[117.65658,38.66043],[117.729261,38.680055],[117.740964,38.700141],[117.740964,38.753833],[117.671363,38.772032],[117.646725,38.788827],[117.64611,38.828933],[117.752051,38.847579],[117.778536,38.869016],[117.847522,38.855502],[117.875855,38.920252],[117.898029,38.948649],[117.855529,38.957492],[117.837667,39.057011],[117.871543,39.122506],[117.96455,39.172631],[117.977485,39.206028],[118.032919,39.219939],[118.034767,39.218548],[118.064948,39.231065],[118.064948,39.256094],[118.036615,39.264898],[118.024296,39.289451],[118.024296,39.289451],[117.982412,39.298714],[117.982412,39.298714],[117.979333,39.300566],[117.979333,39.300566],[117.973173,39.312143],[117.973173,39.312143],[117.965782,39.314921],[117.965782,39.314921],[117.919587,39.318162],[117.919587,39.318162],[117.88879,39.332051],[117.854913,39.328348],[117.854297,39.328348],[117.854913,39.328348],[117.854297,39.328348],[117.850601,39.363984],[117.850601,39.363984],[117.810565,39.354729],[117.805022,39.373237],[117.784696,39.376938],[117.74466,39.354729],[117.670747,39.357969],[117.669515,39.322792],[117.594987,39.349176],[117.536472,39.338068],[117.521074,39.357043],[117.570965,39.404689],[117.601146,39.419485],[117.614081,39.407001],[117.668899,39.412087],[117.673211,39.386652],[117.699696,39.407463],[117.765602,39.400527]]],[[[117.805022,39.373237],[117.852449,39.380639],[117.846906,39.407926],[117.765602,39.400527],[117.784696,39.376938],[117.805022,39.373237]]]]}},{"type":"Feature","properties":{"adcode":130000,"name":"河北省","center":[114.502461,38.045474],"childrenNum":11,"level":"province","parent":{"adcode":100000},"subFeatureIndex":2,"acroutes":[100000]},"geometry":{"type":"MultiPolygon","coordinates":[[[[117.467487,40.649738],[117.412669,40.605226],[117.429915,40.576141],[117.389879,40.561593],[117.348611,40.581141],[117.348611,40.581141],[117.269771,40.560684],[117.247597,40.539766],[117.262995,40.512927],[117.208793,40.501552],[117.263611,40.442367],[117.234046,40.417312],[117.226039,40.368997],[117.243285,40.369453],[117.271618,40.325211],[117.271618,40.325211],[117.295024,40.2782],[117.331365,40.289613],[117.351075,40.229786],[117.389879,40.227958],[117.415748,40.248973],[117.450241,40.252627],[117.505059,40.227044],[117.548791,40.232527],[117.571581,40.219276],[117.576508,40.178593],[117.609769,40.160301],[117.609769,40.160301],[117.613465,40.158014],[117.613465,40.158014],[117.651653,40.122786],[117.651653,40.122786],[117.654117,40.114548],[117.654117,40.114548],[117.655965,40.109514],[117.655965,40.109514],[117.675059,40.082045],[117.71879,40.082045],[117.71879,40.082045],[117.752667,40.081588],[117.776073,40.059605],[117.74774,40.047236],[117.744044,40.018368],[117.768681,40.022034],[117.768681,40.022034],[117.793319,40.005534],[117.793319,40.005534],[117.795167,39.996823],[117.795167,39.996823],[117.781616,39.966558],[117.781616,39.966558],[117.756363,39.965181],[117.691073,39.984902],[117.671363,39.973896],[117.614697,39.97252],[117.594987,39.994531],[117.594987,39.994531],[117.546327,39.999116],[117.534625,39.954631],[117.514914,39.946832],[117.513067,39.910576],[117.513067,39.910576],[117.512451,39.90874],[117.512451,39.90874],[117.508139,39.901854],[117.508139,39.901854],[117.529081,39.859144],[117.529081,39.859144],[117.561726,39.799856],[117.546327,39.775943],[117.56111,39.754782],[117.595603,39.74604],[117.57774,39.726711],[117.627015,39.703693],[117.668899,39.666849],[117.66274,39.636437],[117.637486,39.603246],[117.654117,39.575113],[117.684914,39.58895],[117.707088,39.576036],[117.715711,39.529892],[117.745276,39.547892],[117.753899,39.579726],[117.753899,39.579726],[117.766834,39.598635],[117.829659,39.589873],[117.868464,39.59679],[117.933753,39.574191],[117.904804,39.533585],[117.912195,39.517428],[117.912195,39.517428],[117.899877,39.474479],[117.870311,39.455074],[117.871543,39.411625],[117.846906,39.407926],[117.852449,39.380639],[117.805022,39.373237],[117.810565,39.354729],[117.850601,39.363984],[117.850601,39.363984],[117.854297,39.328348],[117.854913,39.328348],[117.854297,39.328348],[117.854913,39.328348],[117.88879,39.332051],[117.919587,39.318162],[117.919587,39.318162],[117.965782,39.314921],[117.965782,39.314921],[117.973173,39.312143],[117.973173,39.312143],[117.979333,39.300566],[117.979333,39.300566],[117.982412,39.298714],[117.982412,39.298714],[118.024296,39.289451],[118.024296,39.289451],[118.036615,39.264898],[118.064948,39.256094],[118.064948,39.231065],[118.034767,39.218548],[118.026144,39.201854],[118.070492,39.213911],[118.077883,39.201854],[118.12531,39.182838],[118.162883,39.136433],[118.1906,39.080708],[118.225092,39.034701],[118.319331,39.009594],[118.366143,39.016104],[118.377845,38.971917],[118.491178,38.909077],[118.539837,38.910008],[118.604511,38.971452],[118.570634,38.999363],[118.533062,39.090928],[118.588497,39.107648],[118.578642,39.130863],[118.637156,39.157319],[118.76096,39.133648],[118.814546,39.138754],[118.857662,39.162888],[118.897082,39.151286],[118.920488,39.171703],[118.951285,39.178662],[118.896466,39.139683],[118.890307,39.118792],[118.926031,39.123435],[118.97777,39.163352],[119.023966,39.187012],[119.038132,39.211593],[119.096031,39.24219],[119.121284,39.281576],[119.185342,39.342234],[119.272805,39.363521],[119.317153,39.4107],[119.316537,39.437051],[119.269726,39.498497],[119.366428,39.734996],[119.474217,39.813189],[119.536427,39.809052],[119.520413,39.840306],[119.540739,39.888079],[119.588166,39.910576],[119.620195,39.904609],[119.642369,39.925264],[119.681789,39.922511],[119.726137,39.940867],[119.787115,39.950502],[119.820375,39.979399],[119.842549,39.956007],[119.872114,39.960594],[119.854252,39.98857],[119.845629,40.000949],[119.845629,40.000949],[119.854252,40.033033],[119.81668,40.050443],[119.81668,40.050443],[119.787115,40.041739],[119.787115,40.041739],[119.783419,40.046778],[119.783419,40.046778],[119.772332,40.08113],[119.736608,40.104936],[119.760629,40.136056],[119.745847,40.207851],[119.716898,40.195966],[119.671934,40.23938],[119.639289,40.231613],[119.639289,40.231613],[119.651608,40.271808],[119.598021,40.334335],[119.586934,40.375381],[119.604797,40.455119],[119.553674,40.502007],[119.572152,40.523846],[119.559217,40.547952],[119.503783,40.553864],[119.477913,40.533399],[119.429254,40.540221],[119.30237,40.530215],[119.256175,40.543404],[119.22045,40.569322],[119.230921,40.603863],[119.177951,40.609315],[119.162552,40.600228],[119.14469,40.632482],[119.184726,40.680153],[119.165632,40.69286],[119.115125,40.666536],[119.054763,40.664721],[119.028277,40.692406],[119.011031,40.687414],[118.96114,40.72008],[118.950053,40.747743],[118.895234,40.75409],[118.907553,40.775394],[118.878604,40.783098],[118.845959,40.822057],[118.873061,40.847866],[118.90201,40.960946],[118.916792,40.969984],[118.977154,40.959138],[118.977154,40.959138],[119.00056,40.967273],[119.013495,41.007479],[118.951901,41.018317],[118.937118,41.052625],[118.964836,41.079246],[119.037516,41.067516],[119.080632,41.095936],[119.081248,41.131555],[119.126212,41.138767],[119.189038,41.198234],[119.169943,41.222996],[119.204436,41.222546],[119.209364,41.244599],[119.2494,41.279689],[119.239545,41.31431],[119.211827,41.308016],[119.197661,41.282837],[119.168712,41.294978],[119.092951,41.293629],[118.980234,41.305769],[118.949437,41.317906],[118.890923,41.300823],[118.844727,41.342622],[118.843496,41.374516],[118.770199,41.352956],[118.741866,41.324198],[118.677192,41.35026],[118.629765,41.346666],[118.528135,41.355202],[118.412338,41.331838],[118.380309,41.312062],[118.348896,41.342622],[118.361215,41.384844],[118.348896,41.428384],[118.327338,41.450816],[118.271904,41.471446],[118.315636,41.512688],[118.302701,41.55256],[118.215237,41.59554],[118.206614,41.650566],[118.159187,41.67605],[118.155491,41.712694],[118.132702,41.733241],[118.140093,41.784134],[118.178281,41.814917],[118.236179,41.80778],[118.247266,41.773869],[118.29223,41.772976],[118.335346,41.845241],[118.340273,41.87243],[118.268824,41.930336],[118.306396,41.940131],[118.313788,41.98819],[118.291614,42.007759],[118.239875,42.024655],[118.286686,42.033991],[118.296541,42.057545],[118.27252,42.083312],[118.239259,42.092639],[118.212774,42.081091],[118.220165,42.058434],[118.194296,42.031324],[118.116687,42.037102],[118.155491,42.081091],[118.097593,42.105072],[118.089586,42.12283],[118.106216,42.172082],[118.033535,42.199132],[117.977485,42.229716],[117.974405,42.25054],[118.047702,42.280656],[118.060021,42.298364],[118.008898,42.346595],[118.024296,42.385064],[117.997811,42.416884],[117.874007,42.510038],[117.856761,42.539148],[117.797631,42.585431],[117.801326,42.612744],[117.779768,42.61847],[117.708935,42.588515],[117.667051,42.582347],[117.60053,42.603054],[117.537088,42.603054],[117.530313,42.590278],[117.475494,42.602613],[117.435458,42.585431],[117.434226,42.557224],[117.387415,42.517537],[117.387415,42.517537],[117.410205,42.519743],[117.413284,42.471645],[117.390495,42.461933],[117.332596,42.46105],[117.332596,42.46105],[117.275314,42.481797],[117.275314,42.481797],[117.188467,42.468114],[117.188467,42.468114],[117.135496,42.468996],[117.09546,42.484004],[117.080061,42.463699],[117.080061,42.463699],[117.01662,42.456193],[117.01662,42.456193],[117.009228,42.44957],[117.009228,42.44957],[117.005533,42.43367],[117.005533,42.43367],[116.99075,42.425719],[116.99075,42.425719],[116.974736,42.426603],[116.974736,42.426603],[116.97104,42.427486],[116.97104,42.427486],[116.944555,42.415116],[116.944555,42.415116],[116.936547,42.410256],[116.936547,42.410256],[116.921765,42.403628],[116.921765,42.403628],[116.910062,42.395231],[116.910062,42.395231],[116.910678,42.394789],[116.910678,42.394789],[116.886656,42.366496],[116.897743,42.297479],[116.918685,42.229716],[116.903287,42.190708],[116.789338,42.200462],[116.825062,42.155669],[116.850316,42.156556],[116.890352,42.092639],[116.879881,42.018431],[116.796113,41.977958],[116.748686,41.984186],[116.727744,41.951259],[116.66923,41.947698],[116.639049,41.929891],[116.597165,41.935679],[116.553433,41.928555],[116.510933,41.974399],[116.4826,41.975734],[116.453651,41.945917],[116.393289,41.942802],[116.414231,41.982407],[116.373579,42.009983],[116.310137,41.997086],[116.298434,41.96817],[116.223906,41.932562],[116.212819,41.885352],[116.194341,41.861734],[116.122892,41.861734],[116.106877,41.831419],[116.129051,41.805996],[116.09887,41.776547],[116.034196,41.782795],[116.007095,41.79752],[116.007095,41.797966],[116.007095,41.79752],[116.007095,41.797966],[115.994776,41.828743],[115.954124,41.874213],[115.916552,41.945027],[115.85311,41.927665],[115.834632,41.93835],[115.811226,41.912525],[115.726227,41.870202],[115.688038,41.867528],[115.654162,41.829189],[115.57409,41.80555],[115.519887,41.76762],[115.488474,41.760924],[115.42996,41.728775],[115.346808,41.712247],[115.319091,41.691693],[115.360975,41.661297],[115.345576,41.635807],[115.377605,41.603148],[115.310468,41.592854],[115.290142,41.622835],[115.26612,41.616124],[115.256881,41.580768],[115.20391,41.571367],[115.195287,41.602253],[115.0992,41.62373],[115.056085,41.602253],[115.016049,41.615229],[114.860832,41.60091],[114.895325,41.636255],[114.902716,41.695715],[114.89594,41.76762],[114.868839,41.813579],[114.922426,41.825175],[114.939056,41.846132],[114.923658,41.871093],[114.915035,41.960605],[114.9021,42.015763],[114.860832,42.054879],[114.86268,42.097967],[114.825723,42.139695],[114.79431,42.149457],[114.789383,42.130819],[114.75489,42.115727],[114.675434,42.12061],[114.647717,42.109512],[114.560254,42.132595],[114.510978,42.110844],[114.502355,42.06732],[114.480181,42.064654],[114.467863,42.025989],[114.511594,41.981962],[114.478334,41.951704],[114.419203,41.942356],[114.352066,41.953484],[114.343443,41.926774],[114.282465,41.863517],[114.200545,41.789934],[114.215328,41.75646],[114.206704,41.7386],[114.237501,41.698843],[114.215328,41.68499],[114.259059,41.623282],[114.226414,41.616572],[114.221487,41.582111],[114.230726,41.513584],[114.101379,41.537779],[114.032394,41.529715],[113.976959,41.505966],[113.953553,41.483553],[113.933227,41.487139],[113.919677,41.454404],[113.877793,41.431076],[113.871017,41.413126],[113.94493,41.392477],[113.92522,41.325546],[113.899351,41.316108],[113.914749,41.294529],[113.95109,41.282837],[113.971416,41.239649],[113.992357,41.269794],[114.016379,41.231999],[113.996669,41.19238],[113.960945,41.171211],[113.920293,41.172112],[113.877793,41.115777],[113.819279,41.09774],[113.868554,41.06887],[113.973263,40.983087],[113.994821,40.938798],[114.057647,40.925234],[114.041633,40.917546],[114.055183,40.867782],[114.073661,40.857372],[114.044712,40.830661],[114.080437,40.790348],[114.104458,40.797597],[114.103227,40.770861],[114.134639,40.737314],[114.162357,40.71373],[114.183299,40.67153],[114.236269,40.607043],[114.283081,40.590685],[114.273842,40.552954],[114.293552,40.55159],[114.282465,40.494725],[114.267066,40.474242],[114.299711,40.44009],[114.286161,40.425057],[114.31203,40.372645],[114.381015,40.36307],[114.390254,40.351213],[114.438914,40.371733],[114.481413,40.34802],[114.530688,40.345283],[114.510978,40.302851],[114.46971,40.268155],[114.406269,40.246232],[114.362537,40.249886],[114.292936,40.230242],[114.255364,40.236182],[114.235654,40.198252],[114.180219,40.191395],[114.135871,40.175392],[114.097683,40.193681],[114.073046,40.168533],[114.073046,40.168533],[114.101995,40.099901],[114.086596,40.071513],[114.045944,40.056856],[114.018227,40.103563],[113.989278,40.11226],[113.959097,40.033491],[113.910438,40.015618],[114.029314,39.985819],[114.028082,39.959218],[114.047176,39.916085],[114.067502,39.922511],[114.17406,39.897722],[114.212248,39.918839],[114.229494,39.899558],[114.204241,39.885324],[114.215943,39.8619],[114.286776,39.871087],[114.285545,39.858225],[114.395182,39.867412],[114.406885,39.833413],[114.390254,39.819165],[114.41674,39.775943],[114.409964,39.761683],[114.408117,39.652106],[114.431522,39.613851],[114.49558,39.608318],[114.51529,39.564964],[114.568877,39.573729],[114.532536,39.486027],[114.501739,39.476789],[114.496812,39.438437],[114.469095,39.400989],[114.466631,39.329736],[114.430906,39.307513],[114.437066,39.259337],[114.416124,39.242654],[114.47587,39.21623],[114.443841,39.174023],[114.388406,39.176807],[114.360689,39.134112],[114.369928,39.107648],[114.345907,39.075133],[114.252284,39.073739],[114.180835,39.049111],[114.157429,39.061194],[114.10877,39.052364],[114.082901,39.09325],[114.082901,39.09325],[114.064422,39.094179],[114.050872,39.135969],[114.006524,39.122971],[113.994821,39.095572],[113.961561,39.100681],[113.930148,39.063517],[113.898119,39.067699],[113.80696,38.989595],[113.776779,38.986804],[113.76754,38.959819],[113.776163,38.885788],[113.795257,38.860628],[113.855619,38.828933],[113.836525,38.795824],[113.839605,38.7585],[113.802648,38.763166],[113.775547,38.709949],[113.720728,38.713218],[113.70225,38.651551],[113.612939,38.645942],[113.603084,38.587024],[113.561816,38.558483],[113.546417,38.492936],[113.583374,38.459671],[113.537794,38.417952],[113.525475,38.383245],[113.557504,38.343359],[113.54457,38.270569],[113.570439,38.237202],[113.598772,38.22733],[113.64312,38.232031],[113.678844,38.20523],[113.711489,38.213695],[113.720728,38.174656],[113.797105,38.162894],[113.831597,38.16854],[113.811271,38.117707],[113.876561,38.055059],[113.872249,37.990471],[113.901198,37.984811],[113.936307,37.922993],[113.959097,37.906468],[113.976959,37.816696],[114.006524,37.813386],[114.044712,37.761834],[113.996669,37.730128],[113.993589,37.706932],[114.068118,37.721608],[114.12848,37.698409],[114.139567,37.675676],[114.115545,37.619761],[114.118625,37.59084],[114.036705,37.494037],[114.014531,37.42468],[113.973879,37.40329],[113.962792,37.355734],[113.90243,37.310052],[113.886416,37.239095],[113.853155,37.215269],[113.832213,37.167594],[113.773083,37.151855],[113.773699,37.107004],[113.758301,37.075497],[113.788482,37.059739],[113.771851,37.016745],[113.791561,36.98759],[113.76138,36.956034],[113.792793,36.894796],[113.773083,36.85506],[113.731815,36.858891],[113.731815,36.878521],[113.696707,36.882351],[113.676381,36.855539],[113.680692,36.789907],[113.600004,36.752995],[113.549497,36.752515],[113.535946,36.732373],[113.499606,36.740527],[113.465113,36.707908],[113.506997,36.705029],[113.476816,36.655114],[113.486671,36.635427],[113.54457,36.62342],[113.539642,36.594116],[113.569823,36.585947],[113.588917,36.547974],[113.559968,36.528741],[113.554425,36.494589],[113.587069,36.460904],[113.635729,36.451277],[113.670221,36.425278],[113.708409,36.423352],[113.731199,36.363135],[113.755221,36.366026],[113.813119,36.332285],[113.856851,36.329392],[113.84946,36.347711],[113.882104,36.353977],[113.911054,36.314927],[113.962792,36.353977],[113.981887,36.31782],[114.002828,36.334214],[114.056415,36.329392],[114.04348,36.303353],[114.080437,36.269585],[114.129096,36.280199],[114.175907,36.264759],[114.170364,36.245938],[114.170364,36.245938],[114.203009,36.245456],[114.2104,36.272962],[114.241197,36.251247],[114.257827,36.263794],[114.299095,36.245938],[114.345291,36.255591],[114.356378,36.230492],[114.408117,36.224699],[114.417356,36.205868],[114.466015,36.197658],[114.480181,36.177855],[114.533152,36.171575],[114.586739,36.141133],[114.588587,36.118414],[114.640326,36.137266],[114.720398,36.140166],[114.734564,36.15563],[114.771521,36.124699],[114.857752,36.127599],[114.858368,36.144516],[114.912571,36.140649],[114.926737,36.089403],[114.914419,36.052155],[114.998186,36.069572],[115.04623,36.112613],[115.048693,36.161912],[115.06286,36.178338],[115.104744,36.172058],[115.12507,36.209731],[115.1842,36.193312],[115.201446,36.210214],[115.201446,36.210214],[115.202678,36.209248],[115.202678,36.209248],[115.202678,36.208765],[115.202678,36.208765],[115.242098,36.19138],[115.279055,36.13775],[115.30246,36.127599],[115.312931,36.088436],[115.365902,36.099074],[115.376989,36.128083],[115.450902,36.152248],[115.465068,36.170125],[115.483547,36.148865],[115.474923,36.248352],[115.466916,36.258969],[115.466916,36.258969],[115.462605,36.276339],[115.417025,36.292742],[115.423185,36.32216],[115.366518,36.30914],[115.368982,36.342409],[115.340033,36.398307],[115.297533,36.413239],[115.317243,36.454166],[115.291374,36.460423],[115.272895,36.497476],[115.33141,36.550378],[115.355431,36.627262],[115.365902,36.621979],[115.420105,36.686795],[115.451518,36.702151],[115.479851,36.760187],[115.524815,36.763543],[115.683727,36.808117],[115.71206,36.883308],[115.75764,36.902453],[115.79706,36.968945],[115.776734,36.992848],[115.85619,37.060694],[115.888219,37.112254],[115.879596,37.150901],[115.91224,37.177132],[115.909777,37.20669],[115.969523,37.239572],[115.975682,37.337179],[116.024341,37.360015],[116.085935,37.373809],[116.106261,37.368577],[116.169087,37.384271],[116.193109,37.365723],[116.236224,37.361442],[116.2855,37.404241],[116.226369,37.428007],[116.243,37.447965],[116.224522,37.479791],[116.240536,37.489764],[116.240536,37.489764],[116.27626,37.466967],[116.290427,37.484065],[116.278724,37.524895],[116.295355,37.554316],[116.336007,37.581355],[116.36742,37.566177],[116.379738,37.522047],[116.38097,37.522522],[116.379738,37.522047],[116.38097,37.522522],[116.433941,37.473142],[116.448108,37.503059],[116.4826,37.521573],[116.575607,37.610754],[116.604556,37.624975],[116.66307,37.686096],[116.679085,37.728708],[116.724664,37.744327],[116.753613,37.77035],[116.753613,37.793054],[116.804736,37.848837],[116.837997,37.835132],[116.919301,37.846002],[117.027091,37.832296],[117.074518,37.848837],[117.150278,37.839385],[117.185387,37.849783],[117.271618,37.839858],[117.320278,37.861596],[117.400966,37.844584],[117.438538,37.854035],[117.481038,37.914967],[117.513067,37.94329],[117.524154,37.989527],[117.557414,38.046105],[117.557414,38.046105],[117.586979,38.071551],[117.704624,38.076262],[117.746508,38.12524],[117.771145,38.134655],[117.766834,38.158658],[117.789007,38.180772],[117.808718,38.22827],[117.848754,38.255062],[117.895565,38.301572],[117.948536,38.346644],[117.957775,38.376208],[117.937449,38.387936],[117.84629,38.368232],[117.781,38.373862],[117.730493,38.424985],[117.72495,38.457328],[117.678754,38.477008],[117.644878,38.52759],[117.68553,38.539293],[117.638102,38.54491],[117.639334,38.626776],[117.55803,38.613683],[117.47919,38.616489],[117.432379,38.601524],[117.368937,38.564566],[117.25314,38.556143],[117.238358,38.580943],[117.258684,38.608072],[117.258684,38.608072],[117.213104,38.639866],[117.213104,38.639866],[117.183539,38.61836],[117.183539,38.61836],[117.150894,38.617892],[117.109626,38.584685],[117.070822,38.608072],[117.055424,38.639398],[117.068358,38.680522],[117.038793,38.688464],[116.95133,38.689398],[116.948866,38.689398],[116.950714,38.689398],[116.95133,38.689398],[116.950714,38.689398],[116.948866,38.689398],[116.877417,38.680522],[116.858939,38.741231],[116.794265,38.744498],[116.794265,38.744498],[116.746222,38.754299],[116.737599,38.784629],[116.75115,38.831264],[116.723432,38.852706],[116.722201,38.896968],[116.708034,38.931892],[116.72836,38.975174],[116.754845,39.003084],[116.754229,39.034701],[116.754229,39.034701],[116.783179,39.05097],[116.783179,39.05097],[116.812744,39.05097],[116.812744,39.05097],[116.871874,39.054688],[116.912526,39.110898],[116.91191,39.111362],[116.91191,39.111362],[116.912526,39.110898],[116.909446,39.150822],[116.870026,39.153607],[116.855859,39.215766],[116.881729,39.225966],[116.881729,39.225966],[116.87249,39.291304],[116.889736,39.338068],[116.870642,39.357506],[116.829374,39.338994],[116.818287,39.3737],[116.840461,39.378326],[116.839845,39.413474],[116.876185,39.43474],[116.832454,39.435664],[116.785026,39.465702],[116.820751,39.482332],[116.819519,39.528507],[116.78749,39.554352],[116.808432,39.576497],[116.812128,39.615695],[116.79057,39.595868],[116.748686,39.619844],[116.709266,39.618],[116.726512,39.595407],[116.726512,39.595407],[116.724048,39.59264],[116.723432,39.59264],[116.724048,39.59264],[116.723432,39.59264],[116.664918,39.605552],[116.620571,39.601863],[116.592237,39.621227],[116.592237,39.621227],[116.524484,39.596329],[116.50847,39.551122],[116.473361,39.552968],[116.478289,39.535431],[116.437637,39.526661],[116.443796,39.510041],[116.401912,39.528046],[116.411767,39.482794],[116.444412,39.482332],[116.454883,39.453226],[116.434557,39.442597],[116.361876,39.455074],[116.361876,39.455074],[116.337854,39.455536],[116.307057,39.488337],[116.257782,39.500344],[116.240536,39.564041],[116.198652,39.589412],[116.151841,39.583416],[116.130283,39.567732],[116.09887,39.575113],[116.036044,39.571884],[116.026189,39.587567],[115.995392,39.576958],[115.978146,39.595868],[115.957204,39.560812],[115.910393,39.600479],[115.910393,39.600479],[115.91532,39.582955],[115.91532,39.582955],[115.867893,39.546507],[115.867893,39.546507],[115.828473,39.541431],[115.821081,39.522968],[115.821081,39.522968],[115.806299,39.510041],[115.806299,39.510041],[115.752712,39.515581],[115.738545,39.539585],[115.738545,39.540046],[115.738545,39.539585],[115.738545,39.540046],[115.724995,39.5442],[115.724995,39.5442],[115.722531,39.543738],[115.721299,39.543738],[115.722531,39.543738],[115.722531,39.5442],[115.721299,39.543738],[115.722531,39.5442],[115.720683,39.551122],[115.720683,39.551122],[115.718835,39.553891],[115.718835,39.553891],[115.716988,39.56035],[115.716988,39.56035],[115.699125,39.570039],[115.699125,39.570039],[115.698509,39.577881],[115.698509,39.577881],[115.667712,39.615234],[115.633836,39.599557],[115.633836,39.599557],[115.587024,39.589873],[115.545756,39.618922],[115.518039,39.597252],[115.522351,39.640124],[115.478619,39.650723],[115.478619,39.650723],[115.491554,39.670074],[115.486626,39.741899],[115.439815,39.752022],[115.443511,39.785601],[115.483547,39.798477],[115.483547,39.798477],[115.50572,39.784222],[115.552532,39.794799],[115.567314,39.816407],[115.514344,39.837549],[115.526046,39.87568],[115.515575,39.892212],[115.515575,39.892212],[115.522967,39.899099],[115.481083,39.935819],[115.426264,39.950502],[115.428728,39.984443],[115.450286,39.992697],[115.454597,40.029825],[115.485394,40.040364],[115.527278,40.076092],[115.59072,40.096239],[115.599959,40.119583],[115.75456,40.145663],[115.75456,40.145663],[115.773654,40.176307],[115.806299,40.15344],[115.847567,40.147036],[115.855574,40.188652],[115.870356,40.185909],[115.89869,40.234354],[115.968907,40.264045],[115.95166,40.281852],[115.917784,40.354405],[115.864197,40.359422],[115.771806,40.443734],[115.781045,40.49336],[115.736082,40.503372],[115.755176,40.540221],[115.784741,40.55841],[115.819849,40.55932],[115.827857,40.587504],[115.885139,40.595229],[115.907929,40.617493],[115.971986,40.6025],[115.982457,40.578868],[116.005247,40.583868],[116.09887,40.630665],[116.133979,40.666536],[116.162928,40.662451],[116.171551,40.695582],[116.204812,40.740035],[116.22021,40.744115],[116.247311,40.791707],[116.273181,40.762703],[116.311369,40.754996],[116.316912,40.772221],[116.453651,40.765876],[116.46597,40.774487],[116.438253,40.81934],[116.334159,40.90443],[116.339702,40.929303],[116.370499,40.94377],[116.398216,40.90624],[116.477057,40.899907],[116.447492,40.953715],[116.455499,40.980828],[116.519557,40.98128],[116.519557,40.98128],[116.5676,40.992574],[116.598397,40.974503],[116.623034,41.021026],[116.615643,41.053076],[116.647672,41.059394],[116.688324,41.044501],[116.698795,41.021477],[116.677853,40.970888],[116.722201,40.927495],[116.713577,40.909858],[116.759773,40.889954],[116.81336,40.848319],[116.848468,40.839264],[116.924229,40.773581],[116.926692,40.745022],[116.964881,40.709647],[117.012308,40.693767],[117.11209,40.707379],[117.117018,40.70012],[117.208177,40.694675],[117.278394,40.664267],[117.319662,40.657911],[117.342451,40.673799],[117.408973,40.686961],[117.493973,40.675161],[117.514914,40.660181],[117.501364,40.636569],[117.467487,40.649738],[117.467487,40.649738]]],[[[117.210024,40.082045],[117.204481,40.069681],[117.159517,40.077008],[117.140423,40.064185],[117.105315,40.074261],[117.105315,40.074261],[117.051728,40.059605],[117.025243,40.030283],[116.945171,40.04128],[116.927924,40.055024],[116.867562,40.041739],[116.831222,40.051359],[116.820135,40.02845],[116.781331,40.034866],[116.757925,39.967934],[116.782563,39.947749],[116.78441,39.891294],[116.812128,39.889916],[116.865714,39.843982],[116.907598,39.832494],[116.918069,39.84628],[116.949482,39.778703],[116.902055,39.763523],[116.916837,39.731314],[116.887272,39.72533],[116.889736,39.687576],[116.90575,39.688037],[116.932236,39.706456],[116.932236,39.706456],[116.944555,39.695405],[116.944555,39.695405],[116.948866,39.680668],[116.948866,39.680668],[116.964265,39.64335],[116.983359,39.638742],[116.983359,39.638742],[117.016004,39.653949],[117.10901,39.625375],[117.10901,39.625375],[117.152742,39.623532],[117.177996,39.645194],[117.165061,39.718886],[117.165061,39.718886],[117.161981,39.748801],[117.205713,39.763984],[117.15767,39.796638],[117.156438,39.817326],[117.192162,39.832953],[117.251908,39.834332],[117.247597,39.860981],[117.227887,39.852712],[117.162597,39.876598],[117.162597,39.876598],[117.150894,39.944996],[117.198322,39.992697],[117.192162,40.066475],[117.210024,40.082045]]],[[[117.784696,39.376938],[117.765602,39.400527],[117.699696,39.407463],[117.673211,39.386652],[117.668899,39.412087],[117.614081,39.407001],[117.601146,39.419485],[117.570965,39.404689],[117.521074,39.357043],[117.536472,39.338068],[117.594987,39.349176],[117.669515,39.322792],[117.670747,39.357969],[117.74466,39.354729],[117.784696,39.376938]]],[[[118.869365,39.142932],[118.82009,39.108576],[118.857662,39.098824],[118.869365,39.142932]]]]}},{"type":"Feature","properties":{"adcode":140000,"name":"山西省","center":[112.549248,37.857014],"centroid":[112.304436,37.618179],"childrenNum":11,"level":"province","parent":{"adcode":100000},"subFeatureIndex":3,"acroutes":[100000]},"geometry":{"type":"MultiPolygon","coordinates":[[[[110.379257,34.600612],[110.424837,34.588295],[110.488279,34.610956],[110.533242,34.583368],[110.610851,34.607508],[110.710017,34.605045],[110.749437,34.65232],[110.791937,34.649858],[110.824582,34.615881],[110.883712,34.64395],[110.903422,34.669056],[110.920052,34.730068],[110.976103,34.706456],[111.035233,34.740887],[111.118385,34.756623],[111.148566,34.807742],[111.232949,34.789559],[111.255123,34.819535],[111.29208,34.806759],[111.345666,34.831816],[111.389398,34.815113],[111.439289,34.838202],[111.502731,34.829851],[111.543999,34.853428],[111.570484,34.843114],[111.592042,34.881416],[111.617911,34.894671],[111.646861,34.938836],[111.681969,34.9511],[111.664107,34.984449],[111.740483,35.00455],[111.807005,35.032977],[111.810084,35.062374],[111.933272,35.083435],[111.97762,35.067272],[112.018888,35.068742],[112.039214,35.045717],[112.062004,35.056005],[112.05646,35.098615],[112.066315,35.153437],[112.03983,35.194039],[112.078634,35.219467],[112.058924,35.280069],[112.13838,35.271275],[112.21722,35.253195],[112.242474,35.234622],[112.304684,35.251728],[112.288053,35.219956],[112.36751,35.219956],[112.390915,35.239021],[112.513487,35.218489],[112.637291,35.225822],[112.628052,35.263457],[112.720443,35.206265],[112.772798,35.207732],[112.822073,35.258082],[112.884283,35.243909],[112.934174,35.262968],[112.936022,35.284466],[112.992072,35.29619],[112.985913,35.33965],[112.996384,35.362104],[113.067217,35.353806],[113.126347,35.332327],[113.149137,35.350878],[113.165151,35.412845],[113.185477,35.409431],[113.189789,35.44893],[113.243375,35.449418],[113.304353,35.426989],[113.31236,35.481101],[113.348085,35.468429],[113.391817,35.506925],[113.439244,35.507412],[113.49899,35.532254],[113.513773,35.57364],[113.55812,35.621816],[113.547649,35.656835],[113.578446,35.633491],[113.625258,35.632518],[113.622794,35.674825],[113.592613,35.691838],[113.587685,35.736542],[113.604932,35.797727],[113.582758,35.818111],[113.660982,35.837035],[113.637576,35.870019],[113.654207,35.931586],[113.648663,35.994073],[113.678844,35.985841],[113.694859,36.026991],[113.660366,36.034735],[113.68562,36.056026],[113.671453,36.115514],[113.655439,36.125182],[113.712721,36.129533],[113.705946,36.148865],[113.651127,36.174473],[113.697939,36.181719],[113.681924,36.216491],[113.716417,36.262347],[113.712105,36.303353],[113.736127,36.324571],[113.731199,36.363135],[113.708409,36.423352],[113.670221,36.425278],[113.635729,36.451277],[113.587069,36.460904],[113.554425,36.494589],[113.559968,36.528741],[113.588917,36.547974],[113.569823,36.585947],[113.539642,36.594116],[113.54457,36.62342],[113.486671,36.635427],[113.476816,36.655114],[113.506997,36.705029],[113.465113,36.707908],[113.499606,36.740527],[113.535946,36.732373],[113.549497,36.752515],[113.600004,36.752995],[113.680692,36.789907],[113.676381,36.855539],[113.696707,36.882351],[113.731815,36.878521],[113.731815,36.858891],[113.773083,36.85506],[113.792793,36.894796],[113.76138,36.956034],[113.791561,36.98759],[113.771851,37.016745],[113.788482,37.059739],[113.758301,37.075497],[113.773699,37.107004],[113.773083,37.151855],[113.832213,37.167594],[113.853155,37.215269],[113.886416,37.239095],[113.90243,37.310052],[113.962792,37.355734],[113.973879,37.40329],[114.014531,37.42468],[114.036705,37.494037],[114.118625,37.59084],[114.115545,37.619761],[114.139567,37.675676],[114.12848,37.698409],[114.068118,37.721608],[113.993589,37.706932],[113.996669,37.730128],[114.044712,37.761834],[114.006524,37.813386],[113.976959,37.816696],[113.959097,37.906468],[113.936307,37.922993],[113.901198,37.984811],[113.872249,37.990471],[113.876561,38.055059],[113.811271,38.117707],[113.831597,38.16854],[113.797105,38.162894],[113.720728,38.174656],[113.711489,38.213695],[113.678844,38.20523],[113.64312,38.232031],[113.598772,38.22733],[113.570439,38.237202],[113.54457,38.270569],[113.557504,38.343359],[113.525475,38.383245],[113.537794,38.417952],[113.583374,38.459671],[113.546417,38.492936],[113.561816,38.558483],[113.603084,38.587024],[113.612939,38.645942],[113.70225,38.651551],[113.720728,38.713218],[113.775547,38.709949],[113.802648,38.763166],[113.839605,38.7585],[113.836525,38.795824],[113.855619,38.828933],[113.795257,38.860628],[113.776163,38.885788],[113.76754,38.959819],[113.776779,38.986804],[113.80696,38.989595],[113.898119,39.067699],[113.930148,39.063517],[113.961561,39.100681],[113.994821,39.095572],[114.006524,39.122971],[114.050872,39.135969],[114.064422,39.094179],[114.082901,39.09325],[114.082901,39.09325],[114.10877,39.052364],[114.157429,39.061194],[114.180835,39.049111],[114.252284,39.073739],[114.345907,39.075133],[114.369928,39.107648],[114.360689,39.134112],[114.388406,39.176807],[114.443841,39.174023],[114.47587,39.21623],[114.416124,39.242654],[114.437066,39.259337],[114.430906,39.307513],[114.466631,39.329736],[114.469095,39.400989],[114.496812,39.438437],[114.501739,39.476789],[114.532536,39.486027],[114.568877,39.573729],[114.51529,39.564964],[114.49558,39.608318],[114.431522,39.613851],[114.408117,39.652106],[114.409964,39.761683],[114.41674,39.775943],[114.390254,39.819165],[114.406885,39.833413],[114.395182,39.867412],[114.285545,39.858225],[114.286776,39.871087],[114.215943,39.8619],[114.204241,39.885324],[114.229494,39.899558],[114.212248,39.918839],[114.17406,39.897722],[114.067502,39.922511],[114.047176,39.916085],[114.028082,39.959218],[114.029314,39.985819],[113.910438,40.015618],[113.959097,40.033491],[113.989278,40.11226],[114.018227,40.103563],[114.045944,40.056856],[114.086596,40.071513],[114.101995,40.099901],[114.073046,40.168533],[114.073046,40.168533],[114.097683,40.193681],[114.135871,40.175392],[114.180219,40.191395],[114.235654,40.198252],[114.255364,40.236182],[114.292936,40.230242],[114.362537,40.249886],[114.406269,40.246232],[114.46971,40.268155],[114.510978,40.302851],[114.530688,40.345283],[114.481413,40.34802],[114.438914,40.371733],[114.390254,40.351213],[114.381015,40.36307],[114.31203,40.372645],[114.286161,40.425057],[114.299711,40.44009],[114.267066,40.474242],[114.282465,40.494725],[114.293552,40.55159],[114.273842,40.552954],[114.283081,40.590685],[114.236269,40.607043],[114.183299,40.67153],[114.162357,40.71373],[114.134639,40.737314],[114.084748,40.729605],[114.063806,40.706925],[114.07243,40.679246],[114.041633,40.608861],[114.076741,40.575686],[114.080437,40.547952],[114.061959,40.52885],[114.011452,40.515657],[113.948626,40.514747],[113.890112,40.466503],[113.850691,40.460583],[113.794641,40.517932],[113.763228,40.473787],[113.688699,40.448288],[113.559968,40.348476],[113.500222,40.334335],[113.387505,40.319279],[113.316672,40.319736],[113.27602,40.388601],[113.251382,40.413211],[113.083231,40.374925],[113.03334,40.368997],[112.898449,40.329317],[112.848558,40.206937],[112.744464,40.167161],[112.712436,40.178593],[112.6299,40.235725],[112.511639,40.269068],[112.456205,40.300112],[112.418017,40.295091],[112.349031,40.257194],[112.310227,40.256281],[112.299756,40.21105],[112.232619,40.169905],[112.232003,40.133311],[112.183344,40.083877],[112.182112,40.061437],[112.142076,40.027076],[112.133453,40.001866],[112.07617,39.919298],[112.042294,39.886243],[112.012729,39.827438],[111.970229,39.796638],[111.959758,39.692642],[111.925265,39.66731],[111.9382,39.623071],[111.87907,39.606013],[111.842729,39.620305],[111.783599,39.58895],[111.722621,39.606013],[111.659179,39.641507],[111.625303,39.633672],[111.525521,39.662242],[111.497187,39.661781],[111.445448,39.640124],[111.460847,39.606935],[111.441137,39.59679],[111.422043,39.539123],[111.431282,39.508656],[111.372152,39.479099],[111.358601,39.432428],[111.337043,39.420872],[111.171971,39.423183],[111.143022,39.407926],[111.125776,39.366297],[111.159037,39.362596],[111.155341,39.338531],[111.186138,39.35149],[111.179363,39.326959],[111.202152,39.305197],[111.247732,39.302419],[111.213239,39.257021],[111.219399,39.244044],[111.163348,39.152678],[111.173819,39.135041],[111.147334,39.100681],[111.138095,39.064447],[111.094363,39.030053],[111.038313,39.020289],[110.998276,38.998433],[110.980414,38.970056],[111.009979,38.932823],[111.016755,38.889981],[110.995813,38.868084],[111.009363,38.847579],[110.965016,38.755699],[110.915125,38.704345],[110.916357,38.673981],[110.880632,38.626776],[110.898494,38.587024],[110.920052,38.581878],[110.907733,38.521035],[110.870777,38.510265],[110.874473,38.453579],[110.840596,38.439986],[110.796864,38.453579],[110.77777,38.440924],[110.746973,38.366355],[110.701394,38.353215],[110.661358,38.308617],[110.601612,38.308147],[110.57759,38.297345],[110.565887,38.215105],[110.528315,38.211814],[110.509221,38.192061],[110.519692,38.130889],[110.501829,38.097929],[110.507989,38.013107],[110.528315,37.990471],[110.522771,37.955088],[110.59422,37.922049],[110.680452,37.790216],[110.735886,37.77035],[110.750669,37.736281],[110.716792,37.728708],[110.706321,37.705511],[110.775306,37.680886],[110.793169,37.650567],[110.763604,37.639668],[110.771611,37.594634],[110.795017,37.558586],[110.770995,37.538184],[110.759292,37.474567],[110.740198,37.44939],[110.644111,37.435135],[110.630561,37.372858],[110.641648,37.360015],[110.695234,37.34955],[110.678604,37.317668],[110.690307,37.287201],[110.661974,37.281963],[110.651503,37.256722],[110.590525,37.187145],[110.53509,37.138021],[110.535706,37.115118],[110.49567,37.086956],[110.460561,37.044932],[110.417446,37.027257],[110.426685,37.008621],[110.382953,37.022001],[110.381721,37.002408],[110.424221,36.963685],[110.408823,36.892403],[110.376178,36.882351],[110.424221,36.855539],[110.406975,36.824886],[110.423605,36.818179],[110.407591,36.776007],[110.447011,36.737649],[110.438388,36.685835],[110.402663,36.697352],[110.394656,36.676716],[110.426685,36.657514],[110.447627,36.621018],[110.496902,36.582102],[110.488895,36.556628],[110.503677,36.488335],[110.47288,36.453203],[110.489511,36.430094],[110.487047,36.393972],[110.459946,36.327946],[110.474112,36.306729],[110.474112,36.248352],[110.45625,36.22663],[110.447011,36.164328],[110.467953,36.074893],[110.491974,36.034735],[110.49259,35.994073],[110.516612,35.971796],[110.502445,35.947575],[110.516612,35.918501],[110.511684,35.879718],[110.549257,35.877778],[110.550489,35.838005],[110.571431,35.800639],[110.57759,35.701559],[110.609619,35.632031],[110.589293,35.602355],[110.567735,35.539559],[110.531394,35.511309],[110.477808,35.413821],[110.45009,35.327933],[110.374946,35.251728],[110.378642,35.210666],[110.364475,35.197952],[110.373714,35.134351],[110.320743,35.00504],[110.262229,34.944233],[110.230816,34.880925],[110.246831,34.789068],[110.243135,34.725641],[110.229584,34.692679],[110.269004,34.629671],[110.29549,34.610956],[110.379257,34.600612]]]]}},{"type":"Feature","properties":{"adcode":150000,"name":"内蒙古自治区","center":[111.670801,40.818311],"centroid":[114.077429,44.331087],"childrenNum":12,"level":"province","parent":{"adcode":100000},"subFeatureIndex":4,"acroutes":[100000]},"geometry":{"type":"Polygon","coordinates":[[[97.172903,42.795257],[97.371235,42.457076],[97.500582,42.243894],[97.653335,41.986856],[97.84674,41.656379],[97.613915,41.477276],[97.629314,41.440498],[97.903407,41.168057],[97.971776,41.09774],[98.142391,41.001607],[98.184891,40.988056],[98.25018,40.93925],[98.333332,40.918903],[98.344419,40.568413],[98.627751,40.677884],[98.569853,40.746836],[98.668403,40.773128],[98.689345,40.691952],[98.72199,40.657911],[98.762642,40.639748],[98.802678,40.607043],[98.80699,40.660181],[98.790975,40.705564],[98.984996,40.782644],[99.041662,40.693767],[99.102025,40.676522],[99.12543,40.715091],[99.172858,40.747289],[99.174705,40.858278],[99.565827,40.846961],[99.673,40.93292],[99.985897,40.909858],[100.057346,40.908049],[100.107853,40.875475],[100.224882,40.727337],[100.237201,40.716905],[100.242744,40.618855],[100.169447,40.541131],[100.169447,40.277743],[100.007455,40.20008],[99.955716,40.150695],[99.927383,40.063727],[99.841152,40.013326],[99.751225,40.006909],[99.714268,39.972061],[99.533182,39.891753],[99.491298,39.884406],[99.459885,39.898181],[99.440791,39.885783],[99.469124,39.875221],[99.672384,39.888079],[99.822058,39.860063],[99.904593,39.785601],[99.958796,39.769504],[100.040716,39.757083],[100.128179,39.702312],[100.250135,39.685274],[100.314193,39.606935],[100.301258,39.572345],[100.326512,39.509118],[100.44354,39.485565],[100.500823,39.481408],[100.498975,39.400527],[100.606764,39.387577],[100.707778,39.404689],[100.842053,39.405614],[100.842669,39.199999],[100.864227,39.106719],[100.829118,39.075133],[100.835278,39.025869],[100.875314,39.002619],[100.901799,39.030053],[100.961545,39.005874],[100.969553,38.946788],[101.117378,38.975174],[101.228863,39.020754],[101.198682,38.943064],[101.237486,38.907214],[101.24303,38.860628],[101.33542,38.847113],[101.34158,38.822406],[101.307087,38.80282],[101.331109,38.777164],[101.412413,38.764099],[101.562702,38.713218],[101.601506,38.65529],[101.672955,38.6908],[101.777049,38.66043],[101.873751,38.733761],[101.941505,38.808883],[102.075164,38.891378],[102.045599,38.904885],[101.955055,38.985874],[101.926106,39.000758],[101.833715,39.08907],[101.902701,39.111827],[102.012338,39.127149],[102.050526,39.141075],[102.276576,39.188868],[102.3548,39.231993],[102.45335,39.255167],[102.579002,39.183301],[102.616574,39.171703],[102.883892,39.120649],[103.007696,39.099753],[103.133347,39.192579],[103.188166,39.215302],[103.259615,39.263971],[103.344615,39.331588],[103.428998,39.353341],[103.595302,39.386652],[103.728961,39.430117],[103.85338,39.461543],[103.955626,39.456923],[104.089901,39.419947],[104.073271,39.351953],[104.047401,39.297788],[104.171205,39.160567],[104.207546,39.083495],[104.190915,39.042139],[104.196459,38.9882],[104.173053,38.94446],[104.044322,38.895105],[104.011677,38.85923],[103.85954,38.64454],[103.416063,38.404821],[103.465339,38.353215],[103.507838,38.280905],[103.53494,38.156776],[103.368636,38.08898],[103.362477,38.037621],[103.40744,37.860651],[103.627947,37.797783],[103.683381,37.777919],[103.841062,37.64725],[103.874938,37.604117],[103.935916,37.572818],[104.089285,37.465067],[104.183524,37.406618],[104.237727,37.411847],[104.287002,37.428007],[104.322726,37.44844],[104.407726,37.464592],[104.419429,37.511604],[104.433595,37.515402],[104.623305,37.522522],[104.805007,37.539133],[104.866601,37.566651],[105.027977,37.580881],[105.111128,37.633981],[105.187505,37.657674],[105.221998,37.677097],[105.315004,37.702197],[105.4037,37.710246],[105.467141,37.695094],[105.598952,37.699356],[105.616199,37.722555],[105.622358,37.777919],[105.677177,37.771769],[105.760944,37.799674],[105.80406,37.862068],[105.799749,37.939986],[105.840401,38.004147],[105.780655,38.084741],[105.76772,38.121474],[105.775111,38.186887],[105.802828,38.220277],[105.842248,38.240962],[105.86627,38.296406],[105.821307,38.366824],[105.835473,38.387467],[105.827466,38.432486],[105.850872,38.443736],[105.836705,38.476071],[105.863806,38.53508],[105.856415,38.569714],[105.874277,38.593105],[105.852719,38.641735],[105.894603,38.696405],[105.88598,38.716953],[105.908154,38.737496],[105.909386,38.791159],[105.992538,38.857366],[105.97098,38.909077],[106.021487,38.953769],[106.060907,38.96866],[106.087392,39.006339],[106.078153,39.026333],[106.096631,39.084889],[106.145907,39.153142],[106.170544,39.163352],[106.192718,39.142932],[106.251232,39.131327],[106.285109,39.146181],[106.29558,39.167992],[106.280181,39.262118],[106.402753,39.291767],[106.511774,39.272311],[106.525325,39.308439],[106.556122,39.322329],[106.602318,39.37555],[106.643586,39.357969],[106.683622,39.357506],[106.751375,39.381564],[106.781556,39.371849],[106.806809,39.318625],[106.806193,39.277407],[106.790795,39.241263],[106.795723,39.214375],[106.825288,39.19397],[106.859164,39.107648],[106.878874,39.091392],[106.933693,39.076527],[106.96757,39.054688],[106.971881,39.026333],[106.954019,38.941202],[106.837606,38.847579],[106.756302,38.748699],[106.709491,38.718821],[106.66268,38.601524],[106.647897,38.470917],[106.599854,38.389812],[106.482209,38.319417],[106.555506,38.263521],[106.627571,38.232501],[106.654672,38.22921],[106.737824,38.197706],[106.779092,38.171833],[106.858548,38.156306],[106.942316,38.132302],[107.010069,38.120532],[107.051337,38.122886],[107.071047,38.138892],[107.119091,38.134185],[107.138801,38.161011],[107.19054,38.153953],[107.240431,38.111586],[107.33159,38.086625],[107.3938,38.014993],[107.440611,37.995659],[107.411662,37.948009],[107.448618,37.933378],[107.49235,37.944706],[107.560719,37.893717],[107.65003,37.86443],[107.684523,37.888522],[107.732566,37.84931],[107.842819,37.828987],[107.884703,37.808186],[107.982022,37.787378],[107.993109,37.735335],[108.025753,37.696041],[108.012819,37.66857],[108.025137,37.649619],[108.055318,37.652462],[108.134159,37.622131],[108.193905,37.638246],[108.205608,37.655779],[108.24626,37.665728],[108.293071,37.656726],[108.301078,37.640616],[108.422418,37.648672],[108.485244,37.678044],[108.532671,37.690832],[108.628142,37.651988],[108.699591,37.669518],[108.720533,37.683728],[108.777815,37.683728],[108.791982,37.700303],[108.784591,37.764673],[108.799989,37.784068],[108.791982,37.872934],[108.798141,37.93385],[108.82709,37.989056],[108.797525,38.04799],[108.830786,38.049875],[108.883141,38.01405],[108.893612,37.978207],[108.93488,37.922521],[108.9743,37.931962],[108.982923,37.964053],[109.018648,37.971602],[109.037742,38.021593],[109.06977,38.023008],[109.050676,38.055059],[109.069155,38.091336],[108.964445,38.154894],[108.938575,38.207582],[108.976148,38.245192],[108.961981,38.26493],[109.007561,38.359316],[109.051292,38.385122],[109.054372,38.433892],[109.128901,38.480288],[109.175712,38.518694],[109.196654,38.552867],[109.276726,38.623035],[109.331545,38.597783],[109.367269,38.627711],[109.329081,38.66043],[109.338936,38.701542],[109.404226,38.720689],[109.444262,38.782763],[109.511399,38.833595],[109.549587,38.805618],[109.624116,38.85457],[109.672159,38.928167],[109.685094,38.968195],[109.665384,38.981687],[109.72513,39.018429],[109.762086,39.057476],[109.793499,39.074204],[109.851397,39.122971],[109.890818,39.103932],[109.92223,39.107183],[109.893897,39.141075],[109.961035,39.191651],[109.871723,39.243581],[109.90252,39.271848],[109.962267,39.212056],[110.041107,39.21623],[110.109476,39.249606],[110.217881,39.281113],[110.184005,39.355192],[110.161831,39.387115],[110.136577,39.39174],[110.12549,39.432891],[110.152592,39.45415],[110.243751,39.423645],[110.257917,39.407001],[110.385417,39.310291],[110.429764,39.341308],[110.434692,39.381101],[110.482735,39.360745],[110.524003,39.382952],[110.559728,39.351027],[110.566503,39.320014],[110.596684,39.282966],[110.626249,39.266751],[110.702626,39.273701],[110.731575,39.30705],[110.73835,39.348713],[110.782698,39.38804],[110.869545,39.494341],[110.891103,39.509118],[110.958856,39.519275],[111.017371,39.552045],[111.101138,39.559428],[111.136863,39.587106],[111.154725,39.569116],[111.148566,39.531277],[111.10545,39.497573],[111.10545,39.472631],[111.058639,39.447681],[111.064182,39.400989],[111.098059,39.401914],[111.087588,39.376013],[111.125776,39.366297],[111.143022,39.407926],[111.171971,39.423183],[111.337043,39.420872],[111.358601,39.432428],[111.372152,39.479099],[111.431282,39.508656],[111.422043,39.539123],[111.441137,39.59679],[111.460847,39.606935],[111.445448,39.640124],[111.497187,39.661781],[111.525521,39.662242],[111.625303,39.633672],[111.659179,39.641507],[111.722621,39.606013],[111.783599,39.58895],[111.842729,39.620305],[111.87907,39.606013],[111.9382,39.623071],[111.925265,39.66731],[111.959758,39.692642],[111.970229,39.796638],[112.012729,39.827438],[112.042294,39.886243],[112.07617,39.919298],[112.133453,40.001866],[112.142076,40.027076],[112.182112,40.061437],[112.183344,40.083877],[112.232003,40.133311],[112.232619,40.169905],[112.299756,40.21105],[112.310227,40.256281],[112.349031,40.257194],[112.418017,40.295091],[112.456205,40.300112],[112.511639,40.269068],[112.6299,40.235725],[112.712436,40.178593],[112.744464,40.167161],[112.848558,40.206937],[112.898449,40.329317],[113.03334,40.368997],[113.083231,40.374925],[113.251382,40.413211],[113.27602,40.388601],[113.316672,40.319736],[113.387505,40.319279],[113.500222,40.334335],[113.559968,40.348476],[113.688699,40.448288],[113.763228,40.473787],[113.794641,40.517932],[113.850691,40.460583],[113.890112,40.466503],[113.948626,40.514747],[114.011452,40.515657],[114.061959,40.52885],[114.080437,40.547952],[114.076741,40.575686],[114.041633,40.608861],[114.07243,40.679246],[114.063806,40.706925],[114.084748,40.729605],[114.134639,40.737314],[114.103227,40.770861],[114.104458,40.797597],[114.080437,40.790348],[114.044712,40.830661],[114.073661,40.857372],[114.055183,40.867782],[114.041633,40.917546],[114.057647,40.925234],[113.994821,40.938798],[113.973263,40.983087],[113.868554,41.06887],[113.819279,41.09774],[113.877793,41.115777],[113.920293,41.172112],[113.960945,41.171211],[113.996669,41.19238],[114.016379,41.231999],[113.992357,41.269794],[113.971416,41.239649],[113.95109,41.282837],[113.914749,41.294529],[113.899351,41.316108],[113.92522,41.325546],[113.94493,41.392477],[113.871017,41.413126],[113.877793,41.431076],[113.919677,41.454404],[113.933227,41.487139],[113.953553,41.483553],[113.976959,41.505966],[114.032394,41.529715],[114.101379,41.537779],[114.230726,41.513584],[114.221487,41.582111],[114.226414,41.616572],[114.259059,41.623282],[114.215328,41.68499],[114.237501,41.698843],[114.206704,41.7386],[114.215328,41.75646],[114.200545,41.789934],[114.282465,41.863517],[114.343443,41.926774],[114.352066,41.953484],[114.419203,41.942356],[114.478334,41.951704],[114.511594,41.981962],[114.467863,42.025989],[114.480181,42.064654],[114.502355,42.06732],[114.510978,42.110844],[114.560254,42.132595],[114.647717,42.109512],[114.675434,42.12061],[114.75489,42.115727],[114.789383,42.130819],[114.79431,42.149457],[114.825723,42.139695],[114.86268,42.097967],[114.860832,42.054879],[114.9021,42.015763],[114.915035,41.960605],[114.923658,41.871093],[114.939056,41.846132],[114.922426,41.825175],[114.868839,41.813579],[114.89594,41.76762],[114.902716,41.695715],[114.895325,41.636255],[114.860832,41.60091],[115.016049,41.615229],[115.056085,41.602253],[115.0992,41.62373],[115.195287,41.602253],[115.20391,41.571367],[115.256881,41.580768],[115.26612,41.616124],[115.290142,41.622835],[115.310468,41.592854],[115.377605,41.603148],[115.345576,41.635807],[115.360975,41.661297],[115.319091,41.691693],[115.346808,41.712247],[115.42996,41.728775],[115.488474,41.760924],[115.519887,41.76762],[115.57409,41.80555],[115.654162,41.829189],[115.688038,41.867528],[115.726227,41.870202],[115.811226,41.912525],[115.834632,41.93835],[115.85311,41.927665],[115.916552,41.945027],[115.954124,41.874213],[115.994776,41.828743],[116.007095,41.797966],[116.007095,41.79752],[116.034196,41.782795],[116.09887,41.776547],[116.129051,41.805996],[116.106877,41.831419],[116.122892,41.861734],[116.194341,41.861734],[116.212819,41.885352],[116.223906,41.932562],[116.298434,41.96817],[116.310137,41.997086],[116.373579,42.009983],[116.414231,41.982407],[116.393289,41.942802],[116.453651,41.945917],[116.4826,41.975734],[116.510933,41.974399],[116.553433,41.928555],[116.597165,41.935679],[116.639049,41.929891],[116.66923,41.947698],[116.727744,41.951259],[116.748686,41.984186],[116.796113,41.977958],[116.879881,42.018431],[116.890352,42.092639],[116.850316,42.156556],[116.825062,42.155669],[116.789338,42.200462],[116.903287,42.190708],[116.918685,42.229716],[116.897743,42.297479],[116.886656,42.366496],[116.910678,42.394789],[116.910062,42.395231],[116.921765,42.403628],[116.936547,42.410256],[116.944555,42.415116],[116.97104,42.427486],[116.974736,42.426603],[116.99075,42.425719],[117.005533,42.43367],[117.009228,42.44957],[117.01662,42.456193],[117.080061,42.463699],[117.09546,42.484004],[117.135496,42.468996],[117.188467,42.468114],[117.275314,42.481797],[117.332596,42.46105],[117.390495,42.461933],[117.413284,42.471645],[117.410205,42.519743],[117.387415,42.517537],[117.434226,42.557224],[117.435458,42.585431],[117.475494,42.602613],[117.530313,42.590278],[117.537088,42.603054],[117.60053,42.603054],[117.667051,42.582347],[117.708935,42.588515],[117.779768,42.61847],[117.801326,42.612744],[117.797631,42.585431],[117.856761,42.539148],[117.874007,42.510038],[117.997811,42.416884],[118.024296,42.385064],[118.008898,42.346595],[118.060021,42.298364],[118.047702,42.280656],[117.974405,42.25054],[117.977485,42.229716],[118.033535,42.199132],[118.106216,42.172082],[118.089586,42.12283],[118.097593,42.105072],[118.155491,42.081091],[118.116687,42.037102],[118.194296,42.031324],[118.220165,42.058434],[118.212774,42.081091],[118.239259,42.092639],[118.27252,42.083312],[118.296541,42.057545],[118.286686,42.033991],[118.239875,42.024655],[118.291614,42.007759],[118.313788,41.98819],[118.306396,41.940131],[118.268824,41.930336],[118.340273,41.87243],[118.335346,41.845241],[118.29223,41.772976],[118.247266,41.773869],[118.236179,41.80778],[118.178281,41.814917],[118.140093,41.784134],[118.132702,41.733241],[118.155491,41.712694],[118.159187,41.67605],[118.206614,41.650566],[118.215237,41.59554],[118.302701,41.55256],[118.315636,41.512688],[118.271904,41.471446],[118.327338,41.450816],[118.348896,41.428384],[118.361215,41.384844],[118.348896,41.342622],[118.380309,41.312062],[118.412338,41.331838],[118.528135,41.355202],[118.629765,41.346666],[118.677192,41.35026],[118.741866,41.324198],[118.770199,41.352956],[118.843496,41.374516],[118.844727,41.342622],[118.890923,41.300823],[118.949437,41.317906],[118.980234,41.305769],[119.092951,41.293629],[119.168712,41.294978],[119.197661,41.282837],[119.211827,41.308016],[119.239545,41.31431],[119.296211,41.325097],[119.330704,41.385293],[119.309762,41.405944],[119.376283,41.422102],[119.378131,41.459787],[119.401537,41.472343],[119.406464,41.503276],[119.361501,41.545841],[119.362116,41.566442],[119.420015,41.567785],[119.415703,41.590169],[119.342406,41.617914],[119.307914,41.657273],[119.299907,41.705545],[119.319001,41.727435],[119.317769,41.764049],[119.292515,41.790827],[119.312841,41.80555],[119.334399,41.871539],[119.323312,41.889807],[119.340559,41.926774],[119.323928,41.937014],[119.324544,41.969505],[119.375667,42.023322],[119.384906,42.08953],[119.352261,42.118391],[119.314689,42.119723],[119.30853,42.147239],[119.286972,42.154781],[119.277733,42.185387],[119.237697,42.200905],[119.274037,42.239021],[119.280197,42.260728],[119.34795,42.300578],[119.432949,42.317396],[119.482841,42.347037],[119.502551,42.388159],[119.540123,42.363401],[119.572152,42.359421],[119.571536,42.335536],[119.539507,42.297922],[119.557985,42.289068],[119.609108,42.276671],[119.617115,42.252755],[119.679941,42.240793],[119.744615,42.211545],[119.841933,42.215534],[119.854868,42.170308],[119.837622,42.135257],[119.845629,42.097079],[119.87581,42.077982],[119.897368,42.030879],[119.921389,42.014429],[119.924469,41.98908],[119.950954,41.974399],[119.954034,41.923212],[119.989759,41.899163],[120.023019,41.816701],[120.041498,41.818932],[120.050737,41.776101],[120.024867,41.737707],[120.035954,41.708226],[120.096316,41.697056],[120.1382,41.729221],[120.127113,41.77253],[120.183164,41.826513],[120.188707,41.848361],[120.215808,41.853265],[120.251533,41.884016],[120.286641,41.880005],[120.290337,41.897381],[120.260156,41.904062],[120.271859,41.925439],[120.318054,41.93746],[120.309431,41.951704],[120.373489,41.994862],[120.399358,41.984631],[120.456641,42.016208],[120.450481,42.057101],[120.493597,42.073539],[120.466496,42.105516],[120.56751,42.152119],[120.58414,42.167203],[120.624792,42.154338],[120.72211,42.203565],[120.745516,42.223512],[120.79048,42.218636],[120.820661,42.227943],[120.8299,42.252755],[120.883487,42.242565],[120.883487,42.269585],[120.933994,42.27977],[120.992508,42.264714],[121.028848,42.242565],[121.070732,42.254083],[121.087978,42.278885],[121.120623,42.280656],[121.133558,42.300135],[121.184681,42.333324],[121.218558,42.371802],[121.285079,42.387717],[121.314644,42.42837],[121.304789,42.435879],[121.386093,42.474294],[121.434752,42.475176],[121.4791,42.49636],[121.506201,42.482239],[121.570875,42.487093],[121.607831,42.516214],[121.604136,42.495037],[121.66573,42.437204],[121.69899,42.438529],[121.747649,42.484887],[121.803084,42.514891],[121.817867,42.504303],[121.831417,42.533856],[121.844352,42.522389],[121.889931,42.556784],[121.921344,42.605697],[121.915801,42.656332],[121.94167,42.666014],[121.939207,42.688453],[122.018663,42.69901],[122.062394,42.723635],[122.072865,42.710444],[122.160945,42.684934],[122.204676,42.685374],[122.204676,42.732867],[122.261343,42.695931],[122.324785,42.684934],[122.338951,42.669975],[122.396234,42.684054],[122.396234,42.707366],[122.460907,42.755282],[122.439349,42.770221],[122.371596,42.776371],[122.35127,42.830378],[122.436886,42.843105],[122.556378,42.827745],[122.576088,42.819405],[122.580399,42.789987],[122.624747,42.773296],[122.653696,42.78252],[122.733152,42.786034],[122.73808,42.77066],[122.786123,42.757479],[122.848949,42.712203],[122.883442,42.751766],[122.887137,42.770221],[122.925941,42.772417],[122.945651,42.753524],[122.980144,42.777689],[123.058368,42.768903],[123.118114,42.801405],[123.227752,42.831695],[123.169853,42.859777],[123.188947,42.895739],[123.18402,42.925983],[123.259165,42.993431],[123.323222,43.000872],[123.434707,43.027565],[123.474743,43.042438],[123.536337,43.007],[123.572678,43.003498],[123.580685,43.036314],[123.631192,43.088346],[123.636119,43.141644],[123.666916,43.179623],[123.645974,43.208855],[123.676771,43.223684],[123.664453,43.264663],[123.698329,43.272071],[123.703873,43.37047],[123.608402,43.366119],[123.54496,43.415262],[123.519707,43.402219],[123.486446,43.44525],[123.442098,43.437863],[123.419925,43.410046],[123.382968,43.469143],[123.36449,43.483475],[123.315831,43.492159],[123.329998,43.519071],[123.304744,43.550742],[123.360179,43.567223],[123.452569,43.545971],[123.461193,43.568523],[123.434091,43.575461],[123.421157,43.598435],[123.5117,43.592801],[123.510468,43.624867],[123.536953,43.633964],[123.518475,43.682024],[123.520323,43.708419],[123.48275,43.737396],[123.498149,43.771114],[123.461809,43.822518],[123.467968,43.853599],[123.397135,43.954929],[123.37065,43.970006],[123.400831,43.979481],[123.365722,44.013922],[123.331229,44.028984],[123.32815,44.084035],[123.350939,44.092633],[123.362642,44.133452],[123.386664,44.161794],[123.323838,44.179823],[123.286882,44.211574],[123.277027,44.25274],[123.196955,44.34483],[123.128585,44.367081],[123.114419,44.40258],[123.142136,44.428228],[123.125506,44.455147],[123.137209,44.486322],[123.12489,44.5098],[123.06576,44.505959],[123.025108,44.493153],[122.85634,44.398304],[122.76087,44.369648],[122.702971,44.319145],[122.675254,44.285738],[122.641993,44.283595],[122.515726,44.251025],[122.483081,44.236877],[122.319241,44.233018],[122.271198,44.255741],[122.291524,44.310152],[122.294604,44.41113],[122.28598,44.477783],[122.228082,44.480345],[122.224386,44.526016],[122.196053,44.559712],[122.13138,44.577619],[122.113517,44.615546],[122.103046,44.67388],[122.117213,44.701961],[122.161561,44.728328],[122.152322,44.744057],[122.10243,44.736406],[122.110438,44.767856],[122.142467,44.753833],[122.168952,44.770405],[122.099967,44.7823],[122.098119,44.81882],[122.04946,44.912985],[122.079025,44.914256],[122.087032,44.95281],[122.074713,45.006573],[122.098735,45.02138],[122.119677,45.068739],[122.109822,45.142236],[122.143082,45.183167],[122.192358,45.180636],[122.22993,45.206784],[122.239169,45.276313],[122.147394,45.295682],[122.146778,45.374352],[122.180039,45.409655],[122.168336,45.439897],[122.064242,45.472641],[122.002648,45.507882],[121.993409,45.552741],[121.966308,45.596308],[121.995873,45.59882],[122.003264,45.623102],[121.970004,45.692956],[121.934279,45.71051],[121.867142,45.719703],[121.812323,45.704659],[121.811091,45.687103],[121.713773,45.701734],[121.666345,45.727641],[121.644172,45.752284],[121.657106,45.770238],[121.697142,45.76314],[121.754425,45.794862],[121.766744,45.830318],[121.769823,45.84366],[121.817251,45.875336],[121.805548,45.900746],[121.821562,45.918235],[121.809243,45.961102],[121.761816,45.998947],[121.819098,46.023054],[121.843736,46.024301],[121.864062,46.002272],[121.923808,46.004767],[121.92812,45.988552],[122.040221,45.959022],[122.085184,45.912406],[122.091344,45.882002],[122.200981,45.857],[122.236705,45.831569],[122.253952,45.7982],[122.301379,45.813218],[122.337719,45.859917],[122.372828,45.856166],[122.362357,45.917403],[122.446125,45.916986],[122.496016,45.85825],[122.504639,45.786933],[122.522501,45.786933],[122.556378,45.82156],[122.603189,45.778169],[122.640761,45.771072],[122.650001,45.731401],[122.671558,45.70048],[122.741775,45.705077],[122.751015,45.735996],[122.792283,45.766063],[122.752246,45.834905],[122.772572,45.856583],[122.80029,45.856583],[122.828623,45.912406],[122.792898,46.073313],[123.04605,46.099878],[123.070071,46.123527],[123.112571,46.130163],[123.102716,46.172037],[123.127354,46.174523],[123.128585,46.210565],[123.178476,46.248239],[123.142136,46.298293],[123.089781,46.347888],[123.011557,46.434984],[123.010325,46.524823],[123.002318,46.574624],[123.052825,46.579972],[123.04605,46.617803],[123.077462,46.622324],[123.098404,46.603002],[123.18094,46.614103],[123.228368,46.588198],[123.279491,46.616981],[123.276411,46.660947],[123.318295,46.662179],[123.366338,46.677784],[123.474743,46.686817],[123.603475,46.68928],[123.631808,46.728675],[123.629344,46.813524],[123.580069,46.827447],[123.625648,46.847508],[123.599163,46.868378],[123.605322,46.891286],[123.576989,46.891286],[123.575757,46.845461],[123.562823,46.82581],[123.506772,46.827038],[123.483366,46.84587],[123.52833,46.944836],[123.487678,46.959951],[123.42362,46.934212],[123.337389,46.988943],[123.301664,46.999965],[123.304128,46.964852],[123.360179,46.970978],[123.404526,46.935438],[123.40699,46.906416],[123.374345,46.837683],[123.341084,46.826628],[123.295505,46.865105],[123.221592,46.850373],[123.22344,46.821305],[123.198802,46.803283],[123.163694,46.74016],[123.103332,46.734828],[123.076846,46.745082],[123.026339,46.718829],[123.00355,46.730726],[122.996774,46.761483],[122.906847,46.80738],[122.893913,46.895376],[122.895144,46.960359],[122.83971,46.937072],[122.791051,46.941567],[122.798442,46.9575],[122.77442,46.973837],[122.778116,47.002822],[122.845869,47.046881],[122.852645,47.072158],[122.821232,47.065636],[122.710363,47.093349],[122.679566,47.094164],[122.615508,47.124306],[122.582863,47.158092],[122.531124,47.198771],[122.498479,47.255262],[122.462755,47.27841],[122.441197,47.310476],[122.418407,47.350632],[122.507103,47.401291],[122.543443,47.495589],[122.59395,47.54732],[122.765181,47.614333],[122.848949,47.67441],[122.926557,47.697777],[123.041122,47.746492],[123.161846,47.781892],[123.214201,47.824502],[123.256085,47.876711],[123.300432,47.953723],[123.537569,48.021816],[123.579453,48.045427],[123.705105,48.152142],[123.746373,48.197638],[123.862785,48.271782],[124.019234,48.39313],[124.07898,48.43603],[124.136878,48.463023],[124.25945,48.536385],[124.314269,48.503881],[124.302566,48.456673],[124.330283,48.435633],[124.309957,48.413393],[124.331515,48.380015],[124.317964,48.35099],[124.353689,48.315978],[124.365392,48.283731],[124.422058,48.245884],[124.412819,48.219175],[124.418978,48.181679],[124.475029,48.173698],[124.471333,48.133373],[124.430065,48.12099],[124.415899,48.08782],[124.46579,48.098213],[124.478108,48.123387],[124.505826,48.124985],[124.529847,48.146951],[124.512601,48.164518],[124.547094,48.200829],[124.579122,48.262221],[124.558796,48.268197],[124.579738,48.297269],[124.540934,48.335476],[124.547094,48.35775],[124.51876,48.378027],[124.52492,48.426897],[124.507674,48.445558],[124.555717,48.467784],[124.533543,48.515379],[124.548941,48.535593],[124.520608,48.556195],[124.579122,48.596582],[124.601912,48.632587],[124.624702,48.701755],[124.612383,48.747945],[124.656115,48.783842],[124.644412,48.80789],[124.654267,48.83429],[124.697383,48.841775],[124.715861,48.885475],[124.709086,48.920487],[124.744194,48.920487],[124.756513,48.967262],[124.808252,49.020666],[124.828578,49.077933],[124.809484,49.115943],[124.847672,49.129651],[124.860607,49.166448],[124.906802,49.184054],[124.983179,49.162535],[125.039845,49.17623],[125.034302,49.157056],[125.117453,49.126127],[125.158721,49.144921],[125.187671,49.186792],[125.219699,49.189139],[125.227707,49.248947],[125.214772,49.277066],[125.261583,49.322336],[125.256656,49.359769],[125.277598,49.379644],[125.25604,49.395227],[125.256656,49.437275],[125.270822,49.454395],[125.228323,49.487063],[125.211076,49.539908],[125.233866,49.536801],[125.23017,49.595411],[125.205533,49.593859],[125.16796,49.629923],[125.15441,49.616741],[125.127308,49.655113],[125.132236,49.672157],[125.164881,49.669446],[125.189518,49.652401],[125.185207,49.634574],[125.219699,49.669058],[125.225243,49.726349],[125.204301,49.734086],[125.221547,49.754969],[125.222779,49.799026],[125.177815,49.829533],[125.239409,49.844587],[125.225243,49.867351],[125.245569,49.87198],[125.212924,49.907452],[125.225859,49.922481],[125.199373,49.935194],[125.190134,49.959841],[125.231402,49.957531],[125.241873,49.987938],[125.278214,49.996402],[125.297924,50.014481],[125.283757,50.036012],[125.25296,50.041393],[125.289916,50.057917],[125.315786,50.04562],[125.328105,50.065985],[125.283757,50.070211],[125.287453,50.093636],[125.258504,50.103618],[125.27883,50.127411],[125.311474,50.140453],[125.376148,50.137385],[125.335496,50.161161],[125.382923,50.172278],[125.39093,50.199868],[125.417416,50.195654],[125.448829,50.216338],[125.442053,50.260357],[125.466075,50.266861],[125.463611,50.295925],[125.530749,50.331085],[125.520278,50.3498],[125.546763,50.358965],[125.522126,50.404759],[125.536292,50.420014],[125.567089,50.402852],[125.583104,50.409717],[125.562162,50.438314],[125.580024,50.449366],[125.627451,50.443268],[125.654553,50.471082],[125.699516,50.487078],[125.740784,50.523237],[125.754335,50.506874],[125.770349,50.531227],[125.794987,50.532748],[125.829479,50.56165],[125.807921,50.60383],[125.814697,50.62092],[125.793139,50.643316],[125.804226,50.658874],[125.789443,50.679735],[125.825784,50.70362],[125.78082,50.725598],[125.795603,50.738856],[125.758646,50.746809],[125.804226,50.773309],[125.828863,50.756654],[125.846726,50.769524],[125.836255,50.793363],[125.890457,50.805845],[125.878138,50.816812],[125.913247,50.825885],[125.939732,50.85423],[125.961906,50.901054],[125.997631,50.872738],[125.996399,50.906715],[126.02042,50.927466],[126.042594,50.92558],[126.068464,50.967434],[126.041978,50.981753],[126.033971,51.011132],[126.059225,51.043503],[125.976073,51.084498],[125.993935,51.119072],[125.970529,51.123955],[125.946508,51.108176],[125.909551,51.138977],[125.864588,51.146487],[125.850421,51.21364],[125.819008,51.227134],[125.761726,51.226385],[125.76111,51.261976],[125.740784,51.27583],[125.700132,51.327465],[125.626219,51.380163],[125.623756,51.387633],[125.62314,51.398089],[125.600966,51.410409],[125.60035,51.413396],[125.595422,51.416755],[125.559082,51.461521],[125.528285,51.488359],[125.424807,51.562827],[125.38046,51.585516],[125.35151,51.623801],[125.316402,51.610052],[125.289301,51.633831],[125.228938,51.640517],[125.214772,51.627888],[125.175968,51.639403],[125.130388,51.635317],[125.12854,51.659083],[125.098975,51.658341],[125.060171,51.59667],[125.073106,51.553526],[125.047236,51.529704],[125.004737,51.529332],[124.983795,51.508478],[124.928976,51.498419],[124.917889,51.474196],[124.942527,51.447349],[124.885244,51.40817],[124.864302,51.37979],[124.783614,51.392115],[124.76452,51.38726],[124.752817,51.35812],[124.693687,51.3327],[124.62655,51.327465],[124.58713,51.363725],[124.555717,51.375307],[124.490427,51.380537],[124.478108,51.36223],[124.443616,51.35812],[124.426985,51.331953],[124.430065,51.301281],[124.406659,51.272086],[124.339522,51.293422],[124.297638,51.298661],[124.271769,51.308389],[124.239124,51.344664],[124.192313,51.33943],[124.128255,51.347281],[124.090067,51.3413],[124.071588,51.320734],[123.994596,51.322604],[123.939777,51.313253],[123.926227,51.300532],[123.887423,51.320734],[123.842459,51.367462],[123.794416,51.361109],[123.711264,51.398089],[123.660141,51.342795],[123.661989,51.319237],[123.582533,51.306893],[123.582533,51.294545],[123.46304,51.286686],[123.440251,51.270963],[123.414381,51.278825],[123.376809,51.266844],[123.339853,51.27246],[123.294273,51.254111],[123.231447,51.268716],[123.231447,51.279199],[123.127969,51.297913],[123.069455,51.321108],[123.002934,51.31213],[122.965977,51.345786],[122.965977,51.386886],[122.946267,51.405183],[122.903768,51.415262],[122.900072,51.445112],[122.871123,51.455181],[122.854492,51.477551],[122.880362,51.511085],[122.858804,51.524864],[122.880362,51.537894],[122.874202,51.561339],[122.832935,51.581797],[122.85634,51.606707],[122.820616,51.633088],[122.816304,51.655371],[122.778732,51.698048],[122.749167,51.746613],[122.771957,51.779579],[122.732536,51.832495],[122.725761,51.87833],[122.706051,51.890151],[122.729457,51.919321],[122.726377,51.978709],[122.683877,51.974654],[122.664783,51.99861],[122.650616,52.058997],[122.625363,52.067459],[122.643841,52.111585],[122.629059,52.13657],[122.690653,52.140243],[122.73808,52.153464],[122.769493,52.179893],[122.766413,52.232705],[122.787355,52.252494],[122.76087,52.26678],[122.710979,52.256157],[122.67895,52.276667],[122.585943,52.266413],[122.560689,52.282526],[122.478153,52.29607],[122.484313,52.341432],[122.447356,52.394052],[122.419023,52.375057],[122.378987,52.395512],[122.367284,52.413768],[122.342031,52.414133],[122.326016,52.459374],[122.310618,52.475416],[122.207756,52.469218],[122.178191,52.48963],[122.168952,52.513674],[122.140003,52.510032],[122.142467,52.495096],[122.107358,52.452445],[122.080873,52.440407],[122.091344,52.427272],[122.040837,52.413038],[122.035909,52.377615],[121.976779,52.343626],[121.94783,52.298266],[121.901018,52.280695],[121.841272,52.282526],[121.769207,52.308147],[121.714389,52.318025],[121.715621,52.342894],[121.658338,52.3904],[121.678664,52.419973],[121.63986,52.44442],[121.590585,52.443326],[121.565331,52.460468],[121.519136,52.456821],[121.495114,52.484892],[121.474172,52.482706],[121.416274,52.499468],[121.411963,52.52205],[121.353448,52.534793],[121.323883,52.573727],[121.280151,52.586819],[121.225333,52.577364],[121.182217,52.59918],[121.237036,52.619167],[121.29247,52.651855],[121.309717,52.676173],[121.373158,52.683067],[121.455078,52.73528],[121.476636,52.772225],[121.511129,52.779104],[121.537614,52.801542],[121.591201,52.824693],[121.620766,52.853251],[121.604136,52.872401],[121.610295,52.892264],[121.66265,52.912478],[121.677432,52.948192],[121.715621,52.997926],[121.785838,53.018451],[121.817867,53.061631],[121.775367,53.089674],[121.784606,53.104408],[121.753193,53.147501],[121.722396,53.145706],[121.665114,53.170467],[121.660186,53.195213],[121.67928,53.199515],[121.679896,53.240722],[121.642324,53.262564],[121.615222,53.258984],[121.575802,53.29155],[121.504969,53.323018],[121.499426,53.337314],[121.416274,53.319443],[121.336818,53.325877],[121.308485,53.301565],[121.227797,53.280459],[121.155732,53.285468],[121.129246,53.277238],[121.098449,53.306929],[121.055334,53.29155],[120.950624,53.29763],[120.936457,53.28833],[120.882871,53.294411],[120.867472,53.278669],[120.820661,53.269007],[120.838523,53.239648],[120.821893,53.241797],[120.736277,53.204892],[120.690698,53.174771],[120.687002,53.142476],[120.659901,53.137091],[120.643886,53.106923],[120.562582,53.082845],[120.529321,53.045803],[120.452945,53.01017],[120.411061,52.957927],[120.363018,52.94134],[120.350699,52.906343],[120.295265,52.891542],[120.297112,52.869872],[120.222584,52.84277],[120.181316,52.806969],[120.14128,52.813119],[120.101244,52.788877],[120.031642,52.773674],[120.071063,52.70628],[120.035338,52.646409],[120.049505,52.598453],[120.07599,52.586092],[120.125265,52.586819],[120.194866,52.578819],[120.289721,52.623527],[120.396895,52.616261],[120.462184,52.64532],[120.483742,52.630066],[120.56135,52.595544],[120.605082,52.589364],[120.62664,52.570818],[120.658669,52.56718],[120.690698,52.547532],[120.734429,52.536977],[120.687002,52.511489],[120.706712,52.492909],[120.68269,52.464479],[120.688234,52.427637],[120.64943,52.3904],[120.653741,52.371038],[120.62356,52.361172],[120.627256,52.323878],[120.653741,52.302658],[120.695625,52.290214],[120.715951,52.261286],[120.755371,52.258355],[120.745516,52.20594],[120.786784,52.15787],[120.760299,52.136937],[120.76769,52.10938],[120.753523,52.085483],[120.717183,52.072978],[120.690698,52.047221],[120.691929,52.026973],[120.717799,52.015556],[120.704864,51.983501],[120.66298,51.958061],[120.656821,51.926333],[120.548416,51.907877],[120.549032,51.882394],[120.481278,51.885719],[120.480046,51.855049],[120.40059,51.833605],[120.40675,51.81659],[120.363634,51.789945],[120.317438,51.785873],[120.294649,51.752171],[120.226279,51.717703],[120.172693,51.679868],[120.087077,51.678013],[120.100628,51.649058],[120.05936,51.634203],[120.035954,51.583657],[120.052584,51.560967],[120.017476,51.52114],[119.985447,51.505125],[119.982367,51.482396],[120.002693,51.459283],[119.982983,51.445112],[119.97128,51.40033],[119.910918,51.390994],[119.914614,51.374187],[119.946643,51.360736],[119.883817,51.336813],[119.885049,51.302777],[119.811136,51.281071],[119.828383,51.263099],[119.797586,51.243622],[119.821607,51.21439],[119.784035,51.22601],[119.760629,51.212516],[119.788346,51.174636],[119.771716,51.124331],[119.752622,51.117193],[119.764325,51.092017],[119.719361,51.075099],[119.726753,51.051028],[119.678093,51.016404],[119.630666,51.00925],[119.598637,50.984767],[119.569688,50.933879],[119.491464,50.87878],[119.498855,50.827776],[119.515485,50.814165],[119.496391,50.771795],[119.506862,50.763846],[119.450196,50.695281],[119.430486,50.684286],[119.385522,50.682769],[119.394145,50.667219],[119.361501,50.632689],[119.298059,50.616743],[119.281428,50.601551],[119.295595,50.573814],[119.264182,50.536933],[119.262334,50.490124],[119.250631,50.448604],[119.22353,50.441363],[119.217371,50.414675],[119.165016,50.422683],[119.125596,50.389118],[119.176719,50.378814],[119.155777,50.364691],[119.188422,50.347509],[119.232153,50.365455],[119.259871,50.345218],[119.277117,50.366218],[119.322696,50.352474],[119.358421,50.358965],[119.381827,50.324208],[119.35103,50.303953],[119.339943,50.244668],[119.319001,50.220933],[119.358421,50.197953],[119.339327,50.192206],[119.350414,50.166145],[119.309762,50.161161],[119.290052,50.121655],[119.236465,50.075204],[119.190269,50.087877],[119.193965,50.069826],[119.163168,50.027554],[119.12498,50.019095],[119.090487,49.985629],[118.982082,49.979087],[118.964836,49.988708],[118.791757,49.955606],[118.761576,49.959456],[118.739402,49.946364],[118.672264,49.955991],[118.605127,49.926719],[118.574946,49.931342],[118.531214,49.887791],[118.485019,49.866194],[118.483787,49.830691],[118.443751,49.835709],[118.385853,49.827217],[118.398787,49.802502],[118.384005,49.783958],[118.315636,49.766953],[118.284223,49.743755],[118.220781,49.729831],[118.211542,49.690744],[118.156723,49.660149],[118.129622,49.669446],[118.082811,49.616741],[118.011362,49.614803],[117.995963,49.623332],[117.950999,49.596187],[117.866,49.591532],[117.849369,49.551557],[117.809333,49.521263],[117.638102,49.574847],[117.485349,49.633024],[117.278394,49.636512],[117.068974,49.695389],[116.736367,49.847674],[116.717889,49.847288],[116.428397,49.430659],[116.048363,48.873274],[116.077928,48.822471],[116.069305,48.811437],[115.83032,48.560156],[115.799523,48.514982],[115.822929,48.259432],[115.81061,48.257042],[115.529126,48.155336],[115.545141,48.134971],[115.539597,48.104607],[115.580249,47.921649],[115.939342,47.683275],[115.968291,47.689721],[116.111189,47.811642],[116.130283,47.823296],[116.26579,47.876711],[116.453035,47.837358],[116.669846,47.890758],[116.791186,47.89758],[116.879265,47.893968],[117.094844,47.8241],[117.384335,47.641356],[117.493357,47.758563],[117.519226,47.761782],[117.529081,47.782697],[117.813645,48.016212],[117.886942,48.025418],[117.96147,48.011007],[118.052014,48.01421],[118.107448,48.031021],[118.124694,48.047427],[118.150564,48.036224],[118.238643,48.041826],[118.238027,48.031422],[118.284839,48.011007],[118.351976,48.006203],[118.37415,48.016612],[118.422193,48.01461],[118.441903,47.995791],[118.568171,47.992187],[118.773278,47.771034],[119.134219,47.664335],[119.152081,47.540453],[119.205052,47.520249],[119.365812,47.47739],[119.32208,47.42721],[119.365812,47.423161],[119.386138,47.397645],[119.437877,47.378602],[119.450812,47.353065],[119.559217,47.303172],[119.56784,47.248357],[119.627586,47.247544],[119.716282,47.195518],[119.763093,47.13082],[119.806825,47.055037],[119.79081,47.04525],[119.795122,47.013024],[119.845013,46.964852],[119.859795,46.917046],[119.926933,46.903963],[119.920157,46.853238],[119.936172,46.790173],[119.917078,46.758203],[119.93494,46.712674],[119.911534,46.669572],[119.859179,46.669572],[119.804361,46.68189],[119.8136,46.66834],[119.783419,46.626023],[119.739687,46.615336],[119.677477,46.584908],[119.682405,46.605058],[119.656535,46.625612],[119.598637,46.618214],[119.557985,46.633832],[119.491464,46.629311],[119.431718,46.638763],[119.374435,46.603414],[119.357805,46.619447],[119.325776,46.608759],[119.26295,46.649034],[119.20074,46.648213],[119.152081,46.658072],[119.123132,46.642872],[119.073857,46.676552],[119.011647,46.745902],[118.951285,46.722111],[118.912481,46.733188],[118.914329,46.77501],[118.845343,46.771731],[118.788061,46.717598],[118.788061,46.687227],[118.677192,46.6979],[118.639004,46.721291],[118.586033,46.692975],[118.446831,46.704467],[118.41049,46.728265],[118.316252,46.73934],[118.274984,46.715957],[118.238643,46.709392],[118.192448,46.682711],[118.124078,46.678195],[118.04647,46.631366],[117.992883,46.631366],[117.982412,46.614925],[117.914659,46.607936],[117.868464,46.575447],[117.870927,46.549935],[117.813645,46.530588],[117.769913,46.537586],[117.748355,46.521941],[117.704008,46.516587],[117.641182,46.558166],[117.622704,46.596012],[117.596218,46.603414],[117.49582,46.600535],[117.42006,46.582029],[117.447777,46.528117],[117.392343,46.463023],[117.375712,46.416421],[117.383719,46.394962],[117.372017,46.36028],[117.247597,46.366888],[117.097308,46.356976],[116.876801,46.375559],[116.834302,46.384229],[116.81336,46.355737],[116.745606,46.327642],[116.673541,46.325163],[116.585462,46.292504],[116.573143,46.258998],[116.536187,46.23251],[116.439484,46.137628],[116.414231,46.133896],[116.271949,45.966926],[116.243,45.876169],[116.288579,45.839074],[116.278108,45.831152],[116.286731,45.775247],[116.260862,45.776082],[116.22329,45.747273],[116.217746,45.72221],[116.17463,45.688775],[116.1155,45.679577],[116.035428,45.685013],[116.026805,45.661177],[115.936878,45.632727],[115.864197,45.572853],[115.699741,45.45963],[115.586408,45.440317],[115.36467,45.392427],[115.178041,45.396209],[114.983404,45.379397],[114.920578,45.386122],[114.745035,45.438217],[114.600906,45.403773],[114.551014,45.387383],[114.539928,45.325985],[114.519602,45.283893],[114.459855,45.21353],[114.409348,45.179371],[114.347139,45.119436],[114.313262,45.107189],[114.19069,45.036607],[114.158045,44.994301],[114.116777,44.957045],[114.065038,44.931206],[113.907358,44.915104],[113.861778,44.863377],[113.798953,44.849377],[113.712105,44.788247],[113.631417,44.745333],[113.540874,44.759358],[113.503918,44.777628],[113.11526,44.799714],[113.037652,44.822641],[112.937869,44.840042],[112.850406,44.840466],[112.712436,44.879494],[112.599719,44.930783],[112.540589,45.001072],[112.438959,45.071697],[112.396459,45.064512],[112.113743,45.072965],[112.071243,45.096206],[112.002874,45.090713],[111.903707,45.052252],[111.764505,44.969325],[111.69244,44.859983],[111.624687,44.778477],[111.585267,44.705789],[111.560629,44.647062],[111.569868,44.57634],[111.530448,44.55033],[111.514434,44.507666],[111.478709,44.488884],[111.427586,44.394455],[111.415883,44.35724],[111.428818,44.319573],[111.507042,44.294305],[111.534144,44.26217],[111.541535,44.206855],[111.559397,44.171238],[111.662875,44.061247],[111.702295,44.034147],[111.773128,44.010479],[111.870447,43.940279],[111.959758,43.823382],[111.970845,43.748205],[111.951135,43.693275],[111.891388,43.6738],[111.79407,43.672068],[111.606209,43.513863],[111.564325,43.490422],[111.456535,43.494329],[111.400485,43.472618],[111.354289,43.436125],[111.183674,43.396132],[111.151029,43.38004],[111.069725,43.357852],[111.02045,43.329998],[110.82027,43.149067],[110.769763,43.099272],[110.736502,43.089657],[110.687227,43.036314],[110.689691,43.02144],[110.631177,42.936061],[110.469801,42.839156],[110.437156,42.781203],[110.34846,42.742098],[110.139657,42.674815],[110.108244,42.642687],[109.906216,42.635643],[109.733753,42.579262],[109.683862,42.558988],[109.544044,42.472528],[109.486761,42.458842],[109.291509,42.435879],[109.026039,42.458401],[108.983539,42.449128],[108.845569,42.395673],[108.798757,42.415116],[108.705134,42.413349],[108.532671,42.442945],[108.298614,42.438529],[108.238252,42.460167],[108.089195,42.436321],[108.022058,42.433229],[107.986949,42.413349],[107.939522,42.403628],[107.736262,42.415116],[107.57427,42.412907],[107.501589,42.456635],[107.46648,42.458842],[107.303872,42.412465],[107.271844,42.364285],[107.051337,42.319166],[106.785867,42.291281],[106.612789,42.241679],[106.372572,42.161436],[106.344855,42.149457],[106.01348,42.032213],[105.74185,41.949033],[105.589713,41.888471],[105.385221,41.797073],[105.291599,41.749763],[105.230621,41.751103],[105.009498,41.583007],[104.923267,41.654143],[104.803775,41.652355],[104.68921,41.6452],[104.524138,41.661745],[104.530298,41.875104],[104.418813,41.860397],[104.30856,41.840782],[104.080046,41.805104],[103.868779,41.802427],[103.454868,41.877332],[103.418527,41.882233],[103.20726,41.96283],[103.021862,42.028212],[102.712045,42.153007],[102.621502,42.154338],[102.540814,42.162323],[102.449039,42.144133],[102.093642,42.223512],[102.070236,42.232374],[101.877447,42.432345],[101.803534,42.503861],[101.770274,42.509597],[101.557775,42.529887],[101.291689,42.586312],[100.862995,42.671295],[100.826655,42.675255],[100.32528,42.690213],[100.272309,42.636523],[100.004376,42.648849],[99.969267,42.647969],[99.51224,42.568244],[98.962822,42.607018],[98.546447,42.638284],[98.195362,42.653251],[97.831958,42.706047],[97.28254,42.782081],[97.172903,42.795257]]]}},{"type":"Feature","properties":{"adcode":210000,"name":"辽宁省","center":[123.429096,41.796767],"centroid":[122.604994,41.299712],"childrenNum":14,"level":"province","parent":{"adcode":100000},"subFeatureIndex":5,"acroutes":[100000]},"geometry":{"type":"MultiPolygon","coordinates":[[[[123.534489,39.788361],[123.546808,39.756163],[123.579453,39.781002],[123.612714,39.775023],[123.642279,39.796178],[123.645358,39.823761],[123.674924,39.826979],[123.687858,39.808132],[123.795032,39.822842],[123.812278,39.831115],[123.95148,39.817786],[124.002603,39.800316],[124.103001,39.823302],[124.099306,39.777323],[124.151045,39.74558],[124.173218,39.841225],[124.214486,39.865116],[124.215102,39.883487],[124.21695,39.894049],[124.218182,39.895885],[124.219414,39.899099],[124.241588,39.928477],[124.286551,39.931689],[124.288399,39.962888],[124.349377,39.989029],[124.372167,40.021576],[124.336442,40.049985],[124.346913,40.079756],[124.428217,40.144291],[124.457782,40.177679],[124.490427,40.18408],[124.513833,40.218362],[124.515065,40.22019],[124.62655,40.291896],[124.722636,40.321561],[124.739267,40.371733],[124.834121,40.423235],[124.913578,40.481981],[124.945606,40.45603],[124.985642,40.475153],[125.044157,40.466503],[125.042925,40.483802],[125.004737,40.496091],[125.015823,40.533853],[125.076801,40.562048],[125.113758,40.569322],[125.181511,40.611132],[125.262815,40.620218],[125.279445,40.655187],[125.305315,40.661089],[125.329337,40.643835],[125.375532,40.658365],[125.422343,40.635661],[125.418648,40.673345],[125.453756,40.676522],[125.459916,40.707379],[125.49564,40.728697],[125.544915,40.729605],[125.551075,40.761796],[125.585567,40.788535],[125.61698,40.763609],[125.685349,40.769048],[125.67611,40.788082],[125.641002,40.798503],[125.648393,40.826133],[125.707523,40.866877],[125.687813,40.897645],[125.652089,40.91619],[125.584335,40.891764],[125.589263,40.931112],[125.635458,40.94151],[125.650241,40.970888],[125.674879,40.974503],[125.684118,41.021929],[125.726617,41.055332],[125.739552,41.08917],[125.712451,41.095485],[125.734009,41.125695],[125.759878,41.132908],[125.791291,41.167607],[125.73832,41.178418],[125.758646,41.232449],[125.749407,41.245499],[125.695205,41.244599],[125.685349,41.273842],[125.646545,41.264396],[125.642234,41.296327],[125.62006,41.318355],[125.637306,41.34442],[125.610205,41.365084],[125.589879,41.359245],[125.581256,41.396517],[125.547995,41.401006],[125.534444,41.428833],[125.533212,41.479069],[125.493176,41.509103],[125.507343,41.534195],[125.479626,41.544946],[125.450061,41.597777],[125.461148,41.642516],[125.446981,41.67605],[125.412488,41.691246],[125.344119,41.672474],[125.317018,41.676944],[125.332416,41.711354],[125.336112,41.768067],[125.336112,41.768067],[125.323177,41.771191],[125.323177,41.771191],[125.319482,41.776993],[125.319482,41.776993],[125.294844,41.822945],[125.307779,41.924548],[125.35151,41.92811],[125.291764,41.958825],[125.29854,41.974399],[125.369989,42.002868],[125.363213,42.017097],[125.416184,42.063766],[125.414336,42.101964],[125.446365,42.098411],[125.490097,42.136145],[125.458068,42.160105],[125.458068,42.160105],[125.41372,42.156112],[125.368141,42.182726],[125.357054,42.145464],[125.305931,42.146351],[125.312706,42.197359],[125.280677,42.175187],[125.312706,42.219966],[125.27575,42.231045],[125.27575,42.266928],[125.299156,42.289953],[125.264047,42.312528],[125.224011,42.30102],[125.175352,42.308102],[125.167345,42.351903],[125.203685,42.366938],[125.185823,42.38197],[125.186439,42.427928],[125.140243,42.44692],[125.150098,42.458842],[125.105135,42.490624],[125.068794,42.499449],[125.090968,42.515773],[125.066946,42.534738],[125.089736,42.567803],[125.082961,42.591159],[125.097127,42.622433],[125.038613,42.615387],[125.010896,42.63212],[125.014592,42.666014],[124.99057,42.677455],[124.968396,42.722756],[124.996729,42.745174],[124.975171,42.802722],[124.92836,42.819844],[124.897563,42.787791],[124.874157,42.789987],[124.856911,42.824234],[124.84952,42.882585],[124.87231,42.962344],[124.869846,42.988178],[124.840897,43.032377],[124.88894,43.074796],[124.882781,43.13422],[124.785462,43.117185],[124.755281,43.074359],[124.719557,43.069987],[124.686912,43.051185],[124.677673,43.002185],[124.658579,42.972854],[124.635173,42.972854],[124.632093,42.949642],[124.607456,42.937376],[124.586514,42.905384],[124.466406,42.847054],[124.435609,42.880831],[124.371551,42.880831],[124.38079,42.912835],[124.431913,42.930803],[124.442384,42.958841],[124.42329,42.975482],[124.369703,42.972854],[124.333363,42.997371],[124.425754,43.076107],[124.366007,43.121554],[124.273617,43.17875],[124.287167,43.207983],[124.27608,43.233278],[124.228653,43.235022],[124.215102,43.255947],[124.168291,43.244177],[124.114088,43.247229],[124.117168,43.2773],[124.099306,43.292983],[124.032784,43.280786],[123.964415,43.34088],[123.896046,43.361333],[123.881263,43.392218],[123.881263,43.392218],[123.852314,43.406133],[123.857858,43.459153],[123.857858,43.459153],[123.79688,43.489988],[123.747604,43.472184],[123.749452,43.439167],[123.710032,43.417001],[123.703873,43.37047],[123.698329,43.272071],[123.664453,43.264663],[123.676771,43.223684],[123.645974,43.208855],[123.666916,43.179623],[123.636119,43.141644],[123.631192,43.088346],[123.580685,43.036314],[123.572678,43.003498],[123.536337,43.007],[123.474743,43.042438],[123.434707,43.027565],[123.323222,43.000872],[123.259165,42.993431],[123.18402,42.925983],[123.188947,42.895739],[123.169853,42.859777],[123.227752,42.831695],[123.118114,42.801405],[123.058368,42.768903],[122.980144,42.777689],[122.945651,42.753524],[122.925941,42.772417],[122.887137,42.770221],[122.883442,42.751766],[122.883442,42.751766],[122.848949,42.712203],[122.848949,42.712203],[122.786123,42.757479],[122.73808,42.77066],[122.733152,42.786034],[122.653696,42.78252],[122.624747,42.773296],[122.580399,42.789987],[122.576088,42.819405],[122.556378,42.827745],[122.436886,42.843105],[122.35127,42.830378],[122.371596,42.776371],[122.439349,42.770221],[122.460907,42.755282],[122.396234,42.707366],[122.396234,42.684054],[122.338951,42.669975],[122.324785,42.684934],[122.261343,42.695931],[122.204676,42.732867],[122.204676,42.685374],[122.160945,42.684934],[122.072865,42.710444],[122.062394,42.723635],[122.018663,42.69901],[121.939207,42.688453],[121.94167,42.666014],[121.915801,42.656332],[121.921344,42.605697],[121.889931,42.556784],[121.844352,42.522389],[121.831417,42.533856],[121.817867,42.504303],[121.803084,42.514891],[121.747649,42.484887],[121.69899,42.438529],[121.66573,42.437204],[121.604136,42.495037],[121.607831,42.516214],[121.570875,42.487093],[121.506201,42.482239],[121.4791,42.49636],[121.434752,42.475176],[121.386093,42.474294],[121.304789,42.435879],[121.314644,42.42837],[121.285079,42.387717],[121.218558,42.371802],[121.184681,42.333324],[121.133558,42.300135],[121.120623,42.280656],[121.087978,42.278885],[121.070732,42.254083],[121.028848,42.242565],[120.992508,42.264714],[120.933994,42.27977],[120.883487,42.269585],[120.883487,42.269585],[120.883487,42.242565],[120.8299,42.252755],[120.820661,42.227943],[120.79048,42.218636],[120.745516,42.223512],[120.72211,42.203565],[120.624792,42.154338],[120.58414,42.167203],[120.56751,42.152119],[120.466496,42.105516],[120.493597,42.073539],[120.450481,42.057101],[120.456641,42.016208],[120.399358,41.984631],[120.373489,41.994862],[120.309431,41.951704],[120.318054,41.93746],[120.271859,41.925439],[120.260156,41.904062],[120.290337,41.897381],[120.286641,41.880005],[120.251533,41.884016],[120.215808,41.853265],[120.188707,41.848361],[120.183164,41.826513],[120.127113,41.77253],[120.1382,41.729221],[120.096316,41.697056],[120.035954,41.708226],[120.024867,41.737707],[120.050737,41.776101],[120.041498,41.818932],[120.023019,41.816701],[119.989759,41.899163],[119.954034,41.923212],[119.950954,41.974399],[119.924469,41.98908],[119.921389,42.014429],[119.897368,42.030879],[119.87581,42.077982],[119.845629,42.097079],[119.837622,42.135257],[119.854868,42.170308],[119.841933,42.215534],[119.744615,42.211545],[119.679941,42.240793],[119.617115,42.252755],[119.609108,42.276671],[119.557985,42.289068],[119.557985,42.289068],[119.539507,42.297922],[119.571536,42.335536],[119.572152,42.359421],[119.540123,42.363401],[119.502551,42.388159],[119.482841,42.347037],[119.432949,42.317396],[119.34795,42.300578],[119.280197,42.260728],[119.274037,42.239021],[119.237697,42.200905],[119.277733,42.185387],[119.286972,42.154781],[119.30853,42.147239],[119.314689,42.119723],[119.352261,42.118391],[119.384906,42.08953],[119.375667,42.023322],[119.324544,41.969505],[119.323928,41.937014],[119.340559,41.926774],[119.323312,41.889807],[119.334399,41.871539],[119.312841,41.80555],[119.292515,41.790827],[119.317769,41.764049],[119.319001,41.727435],[119.299907,41.705545],[119.307914,41.657273],[119.342406,41.617914],[119.415703,41.590169],[119.420015,41.567785],[119.362116,41.566442],[119.361501,41.545841],[119.406464,41.503276],[119.401537,41.472343],[119.378131,41.459787],[119.376283,41.422102],[119.309762,41.405944],[119.330704,41.385293],[119.296211,41.325097],[119.239545,41.31431],[119.2494,41.279689],[119.209364,41.244599],[119.204436,41.222546],[119.169943,41.222996],[119.189038,41.198234],[119.126212,41.138767],[119.081248,41.131555],[119.080632,41.095936],[119.037516,41.067516],[118.964836,41.079246],[118.937118,41.052625],[118.951901,41.018317],[119.013495,41.007479],[119.00056,40.967273],[118.977154,40.959138],[118.977154,40.959138],[118.916792,40.969984],[118.90201,40.960946],[118.873061,40.847866],[118.845959,40.822057],[118.878604,40.783098],[118.907553,40.775394],[118.895234,40.75409],[118.950053,40.747743],[118.96114,40.72008],[119.011031,40.687414],[119.028277,40.692406],[119.054763,40.664721],[119.115125,40.666536],[119.165632,40.69286],[119.184726,40.680153],[119.14469,40.632482],[119.162552,40.600228],[119.177951,40.609315],[119.230921,40.603863],[119.22045,40.569322],[119.256175,40.543404],[119.30237,40.530215],[119.429254,40.540221],[119.477913,40.533399],[119.503783,40.553864],[119.559217,40.547952],[119.572152,40.523846],[119.553674,40.502007],[119.604797,40.455119],[119.586934,40.375381],[119.598021,40.334335],[119.651608,40.271808],[119.639289,40.231613],[119.639289,40.231613],[119.671934,40.23938],[119.716898,40.195966],[119.745847,40.207851],[119.760629,40.136056],[119.736608,40.104936],[119.772332,40.08113],[119.783419,40.046778],[119.783419,40.046778],[119.787115,40.041739],[119.787115,40.041739],[119.81668,40.050443],[119.81668,40.050443],[119.854252,40.033033],[119.845629,40.000949],[119.845629,40.000949],[119.854252,39.98857],[119.91831,39.989946],[119.941715,40.009659],[119.947259,40.040364],[120.092005,40.077466],[120.134504,40.074719],[120.161606,40.096239],[120.273091,40.127362],[120.371641,40.174478],[120.451097,40.177679],[120.491749,40.20008],[120.523778,40.256737],[120.52193,40.304676],[120.537329,40.325211],[120.602618,40.36079],[120.596459,40.399084],[120.617401,40.41959],[120.616169,40.444645],[120.619249,40.460128],[120.666676,40.467413],[120.693777,40.505647],[120.72211,40.515657],[120.72827,40.539311],[120.822509,40.59432],[120.837291,40.644289],[120.8299,40.671076],[120.861313,40.684692],[120.939537,40.686507],[120.983269,40.712822],[121.032544,40.709193],[121.028848,40.746382],[120.991276,40.744115],[120.980189,40.766329],[120.994356,40.790801],[120.971566,40.805751],[121.00729,40.807563],[121.010986,40.784457],[121.086747,40.79805],[121.076892,40.815716],[121.096602,40.839717],[121.126167,40.86914],[121.177906,40.873665],[121.23642,40.851035],[121.290622,40.851488],[121.439064,40.830208],[121.440296,40.88181],[121.499426,40.880001],[121.526527,40.85194],[121.55486,40.849677],[121.553013,40.817528],[121.576418,40.837906],[121.626309,40.844244],[121.682976,40.829755],[121.732251,40.846961],[121.735331,40.862351],[121.778446,40.886787],[121.816019,40.894931],[121.84312,40.831567],[121.883772,40.802127],[121.934279,40.79805],[121.936127,40.711462],[121.951525,40.680607],[122.025438,40.674253],[122.06609,40.64883],[122.122141,40.657457],[122.148626,40.671983],[122.133843,40.614313],[122.150474,40.588413],[122.245944,40.519752],[122.231162,40.505192],[122.265038,40.48016],[122.221923,40.481071],[122.240401,40.461039],[122.250872,40.445555],[122.229314,40.424146],[122.186814,40.422779],[122.198517,40.382219],[122.152322,40.357597],[122.135691,40.374925],[122.111054,40.348932],[122.138155,40.338897],[122.110438,40.315629],[122.079641,40.332967],[122.040221,40.322017],[122.039605,40.260391],[122.02667,40.244862],[121.940438,40.242121],[121.950293,40.204194],[121.98109,40.173106],[122.003264,40.172191],[121.995257,40.128277],[121.956453,40.133311],[121.910257,40.072887],[121.824642,40.025701],[121.796309,39.999116],[121.779062,39.942702],[121.76428,39.933525],[121.699606,39.937196],[121.626925,39.882569],[121.572107,39.865116],[121.541926,39.874302],[121.530223,39.851334],[121.472325,39.802155],[121.487107,39.760303],[121.45939,39.747881],[121.502506,39.703233],[121.482796,39.659478],[121.451999,39.658095],[121.450151,39.624914],[121.325731,39.601402],[121.299246,39.606013],[121.263521,39.589873],[121.226565,39.554814],[121.224717,39.519275],[121.268449,39.482794],[121.286927,39.507271],[121.301709,39.476327],[121.245659,39.456923],[121.270296,39.434277],[121.246891,39.421334],[121.245659,39.389427],[121.270296,39.374162],[121.307869,39.391277],[121.324499,39.371386],[121.35468,39.377863],[121.432904,39.357506],[121.435984,39.329736],[121.466781,39.320014],[121.474788,39.296398],[121.508665,39.29223],[121.51544,39.286672],[121.562252,39.322792],[121.621382,39.326033],[121.72486,39.364447],[121.711925,39.33992],[121.7187,39.320477],[121.667577,39.310754],[121.672505,39.275554],[121.623846,39.285745],[121.589353,39.263044],[121.631237,39.22643],[121.591201,39.228748],[121.586889,39.193506],[121.604136,39.166136],[121.639244,39.166136],[121.68236,39.117863],[121.631853,39.077921],[121.605983,39.080708],[121.642324,39.11972],[121.590585,39.154999],[121.562252,39.127149],[121.599208,39.098824],[121.581962,39.075598],[121.508049,39.034237],[121.431057,39.027263],[121.370695,39.060264],[121.317108,39.012384],[121.341129,38.980757],[121.275224,38.971917],[121.204391,38.941202],[121.180369,38.959819],[121.128014,38.958888],[121.08921,38.922115],[121.094138,38.894173],[121.129862,38.879266],[121.110768,38.862026],[121.12863,38.799089],[121.112,38.776231],[121.13787,38.723023],[121.198848,38.721623],[121.259825,38.786495],[121.280767,38.786961],[121.288775,38.78976],[121.315876,38.793958],[121.359608,38.822406],[121.399028,38.812613],[121.509897,38.817743],[121.564715,38.874607],[121.618302,38.862492],[121.675585,38.86156],[121.708845,38.872744],[121.719316,38.920252],[121.655874,38.946788],[121.618918,38.950046],[121.66265,38.966333],[121.671273,39.010059],[121.73841,38.998898],[121.756889,39.025869],[121.790149,39.022614],[121.804932,38.970986],[121.863446,38.942598],[121.920728,38.969591],[121.905946,38.997503],[121.852975,39.035631],[121.8887,39.027263],[121.929352,39.024939],[121.907178,39.055617],[121.923192,39.053758],[121.963228,39.030053],[122.013735,39.073275],[122.061778,39.060264],[122.071634,39.074204],[122.048228,39.101146],[122.088264,39.112291],[122.127684,39.144788],[122.167104,39.158711],[122.123988,39.172631],[122.117213,39.213911],[122.160329,39.238019],[122.242865,39.267678],[122.274893,39.322329],[122.30877,39.346399],[122.366053,39.370461],[122.412864,39.411625],[122.455364,39.408388],[122.467682,39.403301],[122.51203,39.413474],[122.532972,39.419947],[122.581631,39.464316],[122.637066,39.488799],[122.649385,39.516505],[122.682645,39.514658],[122.808913,39.559889],[122.847101,39.581571],[122.860652,39.604629],[122.941956,39.604629],[122.972753,39.594946],[122.978912,39.616156],[123.021412,39.64335],[123.010941,39.655331],[123.103332,39.676983],[123.146448,39.647037],[123.166774,39.674219],[123.212969,39.665928],[123.215433,39.696786],[123.253005,39.689879],[123.286882,39.704154],[123.270251,39.714743],[123.274563,39.753862],[123.350939,39.750641],[123.388512,39.74742],[123.392823,39.723949],[123.477823,39.74696],[123.521555,39.772724],[123.534489,39.788361]]],[[[122.63953,39.286209],[122.593334,39.278334],[122.539131,39.308439],[122.50895,39.290377],[122.57732,39.269994],[122.67895,39.268605],[122.673406,39.269531],[122.662935,39.273701],[122.655544,39.277407],[122.640761,39.288061],[122.63953,39.286209]]],[[[122.318625,39.170775],[122.345111,39.144788],[122.366053,39.174951],[122.398697,39.16196],[122.383299,39.190723],[122.393154,39.213448],[122.343263,39.203246],[122.322321,39.177271],[122.322937,39.174487],[122.319241,39.172167],[122.318625,39.170775]]],[[[122.691884,39.23292],[122.696812,39.206492],[122.751631,39.229675],[122.740544,39.248679],[122.635834,39.241727],[122.628443,39.231993],[122.690037,39.234774],[122.691268,39.23431],[122.691884,39.23292]]],[[[122.738696,39.034701],[122.704819,39.044463],[122.733152,39.014244],[122.75779,39.009594],[122.739312,39.036561],[122.738696,39.034701]]],[[[123.022644,39.546507],[122.96105,39.551122],[122.945035,39.520198],[122.995542,39.495264],[123.036194,39.533123],[123.022644,39.546507]]],[[[122.503407,39.241263],[122.502175,39.224112],[122.547755,39.229211],[122.503407,39.241263]]],[[[120.786784,40.473787],[120.83298,40.491995],[120.8299,40.516112],[120.805262,40.525666],[120.774465,40.48016],[120.786784,40.473787]]],[[[123.086702,39.426881],[123.090397,39.450915],[123.054057,39.457847],[123.086702,39.426881]]],[[[123.160614,39.025404],[123.205578,39.057011],[123.20065,39.077921],[123.145832,39.091857],[123.143984,39.038885],[123.160614,39.025404]]],[[[123.716807,39.74512],[123.756843,39.754322],[123.719887,39.763063],[123.716807,39.74512]]]]}},{"type":"Feature","properties":{"adcode":220000,"name":"吉林省","center":[125.3245,43.886841],"centroid":[126.171208,43.703954],"childrenNum":9,"level":"province","parent":{"adcode":100000},"subFeatureIndex":6,"acroutes":[100000]},"geometry":{"type":"MultiPolygon","coordinates":[[[[129.601492,42.415116],[129.601492,42.422627],[129.591021,42.447803],[129.627361,42.462816],[129.651999,42.426603],[129.704354,42.427045],[129.748701,42.471204],[129.738846,42.500332],[129.749933,42.546644],[129.746237,42.58455],[129.786889,42.615387],[129.754245,42.645768],[129.796744,42.681854],[129.767179,42.707806],[129.78381,42.762752],[129.810911,42.795257],[129.816454,42.851003],[129.835549,42.866796],[129.846636,42.918533],[129.874969,42.923792],[129.856491,42.951833],[129.868193,42.97373],[129.903918,42.968475],[129.897143,43.001748],[129.954425,43.010938],[129.963664,42.978547],[130.002468,42.981174],[130.027106,42.9676],[130.072685,42.971541],[130.10841,42.989929],[130.144134,42.976357],[130.120729,42.954461],[130.127504,42.932556],[130.10225,42.922916],[130.136127,42.90363],[130.17062,42.912397],[130.21004,42.902315],[130.258083,42.90626],[130.277793,42.892232],[130.258083,42.860655],[130.245148,42.799209],[130.242069,42.738582],[130.257467,42.710884],[130.290112,42.702968],[130.333228,42.64973],[130.373264,42.630799],[130.388046,42.603054],[130.420691,42.617148],[130.44656,42.607459],[130.423771,42.574855],[130.435474,42.553257],[130.476125,42.570007],[130.459495,42.588075],[130.482285,42.626837],[130.522937,42.622433],[130.520473,42.593362],[130.558661,42.495919],[130.585763,42.485328],[130.581451,42.435437],[130.645509,42.426603],[130.600545,42.450453],[130.599929,42.486211],[130.565437,42.506509],[130.570364,42.557224],[130.622719,42.573092],[130.633806,42.603494],[130.592538,42.671295],[130.521089,42.702089],[130.464423,42.688453],[130.425003,42.706926],[130.40714,42.731548],[130.46627,42.772417],[130.532792,42.787352],[130.562357,42.815015],[130.603625,42.819405],[130.665835,42.847932],[130.708335,42.846615],[130.719422,42.831695],[130.75453,42.845738],[130.784095,42.842227],[130.801957,42.879515],[130.845073,42.881269],[130.890653,42.852758],[130.912826,42.870744],[130.949783,42.876884],[130.981812,42.857145],[131.043406,42.862848],[131.017536,42.915027],[131.034167,42.929051],[131.114855,42.915027],[131.145652,42.9365],[131.151195,42.968475],[131.115471,42.975482],[131.11855,43.007875],[131.102536,43.021002],[131.120398,43.068238],[131.171521,43.06955],[131.173985,43.111506],[131.207861,43.1316],[131.218948,43.191405],[131.201086,43.203185],[131.206014,43.237202],[131.255289,43.265099],[131.269455,43.297775],[131.275615,43.369165],[131.314419,43.392653],[131.295941,43.441774],[131.314419,43.461325],[131.31873,43.499539],[131.304564,43.502144],[131.294093,43.470012],[131.234963,43.475224],[131.201086,43.442209],[131.175217,43.444816],[131.142572,43.425695],[131.026775,43.508655],[130.959638,43.48608],[130.907283,43.434387],[130.864167,43.437863],[130.841378,43.454374],[130.822899,43.503446],[130.776704,43.52341],[130.727429,43.560284],[130.671378,43.565054],[130.665835,43.583698],[130.623335,43.589767],[130.630726,43.622268],[130.57098,43.626167],[130.57098,43.626167],[130.501995,43.636563],[130.488444,43.65605],[130.437937,43.646091],[130.412684,43.652586],[130.394206,43.703227],[130.423155,43.745179],[130.382503,43.777164],[130.381887,43.817768],[130.362793,43.844967],[130.386198,43.85403],[130.368336,43.894151],[130.381887,43.910106],[130.338155,43.963975],[130.364025,43.992399],[130.365256,44.044042],[130.319061,44.03974],[130.307358,44.002731],[130.27225,43.981634],[130.262395,43.949328],[130.208192,43.948466],[130.153373,43.915711],[130.143518,43.878624],[130.116417,43.878192],[130.110873,43.852735],[130.079461,43.835039],[130.027722,43.851872],[130.009243,43.889407],[130.022794,43.917866],[130.017867,43.961821],[129.979062,44.015644],[129.951345,44.027263],[129.907614,44.023821],[129.881128,44.000148],[129.868193,44.012631],[129.802904,43.964837],[129.780114,43.892857],[129.739462,43.895876],[129.743158,43.876035],[129.699426,43.8838],[129.650767,43.873016],[129.529427,43.870427],[129.467833,43.874741],[129.449971,43.850578],[129.417942,43.843672],[129.406855,43.819496],[129.348341,43.798333],[129.30892,43.812155],[129.289826,43.797038],[129.254718,43.819496],[129.211602,43.784509],[129.232544,43.709284],[129.214066,43.695006],[129.217146,43.648689],[129.232544,43.635263],[129.23008,43.593234],[129.169102,43.561585],[129.145081,43.570258],[129.093958,43.547706],[129.037907,43.540332],[129.013886,43.522976],[128.962763,43.53903],[128.949828,43.553779],[128.878379,43.539898],[128.834647,43.587599],[128.821097,43.637429],[128.78722,43.686784],[128.768126,43.732207],[128.729322,43.736964],[128.760119,43.755554],[128.739177,43.806972],[128.719467,43.816905],[128.760734,43.857482],[128.729938,43.889838],[128.696061,43.903207],[128.636315,43.891132],[128.64001,43.948035],[128.610445,43.960529],[128.584576,43.990246],[128.574721,44.047914],[128.529141,44.112401],[128.471859,44.157501],[128.450301,44.203423],[128.471859,44.247596],[128.453997,44.257884],[128.472475,44.320001],[128.446605,44.339694],[128.475555,44.346114],[128.481714,44.375637],[128.457076,44.409848],[128.463236,44.431647],[128.427511,44.473512],[128.397946,44.483761],[128.372693,44.514495],[128.295084,44.480772],[128.293237,44.467961],[128.228563,44.445748],[128.211317,44.431647],[128.172512,44.34697],[128.137404,44.357668],[128.094904,44.354673],[128.074578,44.370075],[128.049941,44.349965],[128.065339,44.307155],[128.101679,44.293449],[128.064107,44.251454],[128.104143,44.230017],[128.09244,44.181539],[128.060411,44.168663],[128.088129,44.158359],[128.091208,44.133022],[128.042549,44.103807],[127.950158,44.088334],[127.912586,44.064687],[127.862695,44.062967],[127.846065,44.081886],[127.808492,44.086615],[127.783239,44.071997],[127.729036,44.09908],[127.735811,44.11412],[127.712406,44.199133],[127.681609,44.166946],[127.641573,44.193555],[127.626174,44.187977],[127.59045,44.227872],[127.623711,44.278025],[127.579363,44.310581],[127.486356,44.410275],[127.50853,44.437202],[127.463566,44.484615],[127.465414,44.516628],[127.485124,44.528576],[127.536247,44.522176],[127.570124,44.55033],[127.557189,44.575488],[127.392733,44.632158],[127.275705,44.640249],[127.261538,44.61299],[127.214111,44.624917],[127.228893,44.642804],[127.182082,44.644507],[127.138966,44.607451],[127.094619,44.615972],[127.089691,44.593816],[127.049655,44.566961],[127.041648,44.591258],[127.044112,44.653874],[127.030561,44.673454],[127.041032,44.712169],[126.9973,44.764882],[126.984366,44.823914],[126.999764,44.87398],[127.021938,44.898997],[127.073061,44.907051],[127.092771,44.94688],[127.050271,45.004034],[127.018242,45.024341],[126.984981,45.067893],[126.970815,45.070852],[126.96404,45.132104],[126.85625,45.145613],[126.792808,45.135481],[126.787265,45.159118],[126.732446,45.187385],[126.685635,45.187807],[126.640055,45.214373],[126.644983,45.225334],[126.569222,45.252725],[126.540273,45.23882],[126.519331,45.248091],[126.402919,45.222805],[126.356107,45.185698],[126.293282,45.180214],[126.285274,45.162494],[126.235383,45.140125],[126.225528,45.154054],[126.166398,45.13337],[126.142992,45.147723],[126.091869,45.149411],[126.047522,45.170933],[125.998247,45.162072],[125.992703,45.192447],[125.957595,45.201303],[125.915095,45.196664],[125.849805,45.23882],[125.823936,45.237978],[125.815929,45.264942],[125.761726,45.291472],[125.726001,45.336503],[125.695205,45.352066],[125.712451,45.389485],[125.711835,45.477677],[125.687813,45.514173],[125.660096,45.507043],[125.61698,45.517947],[125.583104,45.491942],[125.497488,45.469283],[125.480242,45.486488],[125.424807,45.485649],[125.434662,45.462988],[125.398322,45.416797],[125.361981,45.392847],[125.319482,45.422678],[125.301619,45.402092],[125.248649,45.417637],[125.189518,45.39915],[125.137779,45.409655],[125.097127,45.38276],[125.06633,45.39915],[125.08912,45.420998],[125.0497,45.428558],[125.025678,45.493201],[124.961005,45.495299],[124.936983,45.53388],[124.911114,45.535976],[124.884628,45.495299],[124.886476,45.442836],[124.839665,45.455852],[124.792853,45.436958],[124.776223,45.468024],[124.729412,45.444096],[124.690607,45.452493],[124.625318,45.437377],[124.575427,45.451234],[124.579738,45.424358],[124.544014,45.411756],[124.507058,45.424778],[124.480572,45.456271],[124.398652,45.440737],[124.374015,45.45795],[124.352457,45.496557],[124.369087,45.512915],[124.348761,45.546874],[124.287783,45.539329],[124.264377,45.555256],[124.273001,45.584163],[124.238508,45.591702],[124.226805,45.633564],[124.162132,45.616404],[124.128255,45.641933],[124.147349,45.665359],[124.122096,45.669123],[124.13503,45.690448],[124.10177,45.700898],[124.098074,45.722628],[124.054342,45.751449],[124.014922,45.749779],[124.001987,45.770655],[124.064197,45.802372],[124.03648,45.83824],[124.067277,45.840325],[124.061118,45.886168],[123.996444,45.906993],[123.968727,45.936551],[123.973654,45.973997],[124.011842,45.981899],[123.989053,46.011833],[124.040176,46.01973],[124.034016,46.045074],[124.009995,46.057534],[124.015538,46.088257],[123.99398,46.101123],[124.01677,46.118549],[123.991516,46.143019],[124.001987,46.166649],[123.971806,46.170379],[123.956408,46.206009],[123.979814,46.228784],[123.952096,46.256516],[123.960103,46.288369],[123.936082,46.286715],[123.917604,46.25693],[123.896046,46.303668],[123.84985,46.302428],[123.775938,46.263136],[123.726047,46.255688],[123.673692,46.258585],[123.604706,46.251964],[123.569598,46.223816],[123.569598,46.223816],[123.499381,46.259826],[123.452569,46.233338],[123.430396,46.243687],[123.357099,46.232096],[123.357099,46.232096],[123.320758,46.254447],[123.286266,46.250308],[123.248078,46.273065],[123.178476,46.248239],[123.128585,46.210565],[123.127354,46.174523],[123.102716,46.172037],[123.112571,46.130163],[123.070071,46.123527],[123.04605,46.099878],[122.792898,46.073313],[122.828623,45.912406],[122.80029,45.856583],[122.772572,45.856583],[122.752246,45.834905],[122.792283,45.766063],[122.751015,45.735996],[122.741775,45.705077],[122.671558,45.70048],[122.650001,45.731401],[122.640761,45.771072],[122.603189,45.778169],[122.556378,45.82156],[122.522501,45.786933],[122.504639,45.786933],[122.496016,45.85825],[122.446125,45.916986],[122.362357,45.917403],[122.372828,45.856166],[122.337719,45.859917],[122.301379,45.813218],[122.253952,45.7982],[122.236705,45.831569],[122.200981,45.857],[122.091344,45.882002],[122.085184,45.912406],[122.040221,45.959022],[121.92812,45.988552],[121.923808,46.004767],[121.864062,46.002272],[121.843736,46.024301],[121.819098,46.023054],[121.761816,45.998947],[121.809243,45.961102],[121.821562,45.918235],[121.805548,45.900746],[121.817251,45.875336],[121.769823,45.84366],[121.766744,45.830318],[121.766744,45.830318],[121.754425,45.794862],[121.697142,45.76314],[121.657106,45.770238],[121.644172,45.752284],[121.666345,45.727641],[121.713773,45.701734],[121.811091,45.687103],[121.812323,45.704659],[121.867142,45.719703],[121.934279,45.71051],[121.970004,45.692956],[122.003264,45.623102],[121.995873,45.59882],[121.966308,45.596308],[121.993409,45.552741],[122.002648,45.507882],[122.064242,45.472641],[122.168336,45.439897],[122.180039,45.409655],[122.146778,45.374352],[122.147394,45.295682],[122.239169,45.276313],[122.22993,45.206784],[122.192358,45.180636],[122.143082,45.183167],[122.109822,45.142236],[122.119677,45.068739],[122.098735,45.02138],[122.074713,45.006573],[122.087032,44.95281],[122.079025,44.914256],[122.04946,44.912985],[122.098119,44.81882],[122.099967,44.7823],[122.168952,44.770405],[122.142467,44.753833],[122.110438,44.767856],[122.10243,44.736406],[122.152322,44.744057],[122.161561,44.728328],[122.117213,44.701961],[122.103046,44.67388],[122.113517,44.615546],[122.13138,44.577619],[122.196053,44.559712],[122.224386,44.526016],[122.228082,44.480345],[122.28598,44.477783],[122.294604,44.41113],[122.291524,44.310152],[122.271198,44.255741],[122.319241,44.233018],[122.483081,44.236877],[122.515726,44.251025],[122.641993,44.283595],[122.675254,44.285738],[122.702971,44.319145],[122.76087,44.369648],[122.85634,44.398304],[123.025108,44.493153],[123.06576,44.505959],[123.12489,44.5098],[123.137209,44.486322],[123.125506,44.455147],[123.142136,44.428228],[123.114419,44.40258],[123.128585,44.367081],[123.196955,44.34483],[123.277027,44.25274],[123.286882,44.211574],[123.323838,44.179823],[123.386664,44.161794],[123.362642,44.133452],[123.350939,44.092633],[123.32815,44.084035],[123.331229,44.028984],[123.365722,44.013922],[123.400831,43.979481],[123.37065,43.970006],[123.397135,43.954929],[123.467968,43.853599],[123.461809,43.822518],[123.498149,43.771114],[123.48275,43.737396],[123.520323,43.708419],[123.518475,43.682024],[123.536953,43.633964],[123.510468,43.624867],[123.5117,43.592801],[123.421157,43.598435],[123.434091,43.575461],[123.461193,43.568523],[123.452569,43.545971],[123.452569,43.545971],[123.360179,43.567223],[123.304744,43.550742],[123.329998,43.519071],[123.315831,43.492159],[123.36449,43.483475],[123.382968,43.469143],[123.419925,43.410046],[123.442098,43.437863],[123.486446,43.44525],[123.519707,43.402219],[123.54496,43.415262],[123.608402,43.366119],[123.703873,43.37047],[123.710032,43.417001],[123.749452,43.439167],[123.747604,43.472184],[123.79688,43.489988],[123.857858,43.459153],[123.857858,43.459153],[123.852314,43.406133],[123.881263,43.392218],[123.881263,43.392218],[123.896046,43.361333],[123.964415,43.34088],[124.032784,43.280786],[124.099306,43.292983],[124.117168,43.2773],[124.114088,43.247229],[124.168291,43.244177],[124.215102,43.255947],[124.228653,43.235022],[124.27608,43.233278],[124.287167,43.207983],[124.273617,43.17875],[124.366007,43.121554],[124.425754,43.076107],[124.333363,42.997371],[124.369703,42.972854],[124.42329,42.975482],[124.442384,42.958841],[124.431913,42.930803],[124.38079,42.912835],[124.371551,42.880831],[124.435609,42.880831],[124.466406,42.847054],[124.586514,42.905384],[124.607456,42.937376],[124.632093,42.949642],[124.635173,42.972854],[124.658579,42.972854],[124.677673,43.002185],[124.686912,43.051185],[124.719557,43.069987],[124.755281,43.074359],[124.785462,43.117185],[124.882781,43.13422],[124.88894,43.074796],[124.840897,43.032377],[124.869846,42.988178],[124.87231,42.962344],[124.84952,42.882585],[124.856911,42.824234],[124.874157,42.789987],[124.897563,42.787791],[124.92836,42.819844],[124.975171,42.802722],[124.996729,42.745174],[124.968396,42.722756],[124.99057,42.677455],[125.014592,42.666014],[125.010896,42.63212],[125.038613,42.615387],[125.097127,42.622433],[125.082961,42.591159],[125.089736,42.567803],[125.066946,42.534738],[125.090968,42.515773],[125.068794,42.499449],[125.105135,42.490624],[125.150098,42.458842],[125.140243,42.44692],[125.186439,42.427928],[125.185823,42.38197],[125.203685,42.366938],[125.167345,42.351903],[125.175352,42.308102],[125.224011,42.30102],[125.264047,42.312528],[125.299156,42.289953],[125.27575,42.266928],[125.27575,42.231045],[125.312706,42.219966],[125.280677,42.175187],[125.312706,42.197359],[125.305931,42.146351],[125.357054,42.145464],[125.368141,42.182726],[125.41372,42.156112],[125.458068,42.160105],[125.458068,42.160105],[125.490097,42.136145],[125.446365,42.098411],[125.414336,42.101964],[125.416184,42.063766],[125.363213,42.017097],[125.369989,42.002868],[125.29854,41.974399],[125.291764,41.958825],[125.35151,41.92811],[125.307779,41.924548],[125.294844,41.822945],[125.319482,41.776993],[125.319482,41.776993],[125.323177,41.771191],[125.323177,41.771191],[125.336112,41.768067],[125.336112,41.768067],[125.332416,41.711354],[125.317018,41.676944],[125.344119,41.672474],[125.412488,41.691246],[125.446981,41.67605],[125.461148,41.642516],[125.450061,41.597777],[125.479626,41.544946],[125.507343,41.534195],[125.493176,41.509103],[125.533212,41.479069],[125.534444,41.428833],[125.547995,41.401006],[125.581256,41.396517],[125.589879,41.359245],[125.610205,41.365084],[125.637306,41.34442],[125.62006,41.318355],[125.642234,41.296327],[125.646545,41.264396],[125.685349,41.273842],[125.695205,41.244599],[125.749407,41.245499],[125.758646,41.232449],[125.73832,41.178418],[125.791291,41.167607],[125.759878,41.132908],[125.734009,41.125695],[125.712451,41.095485],[125.739552,41.08917],[125.726617,41.055332],[125.684118,41.021929],[125.674879,40.974503],[125.650241,40.970888],[125.635458,40.94151],[125.589263,40.931112],[125.584335,40.891764],[125.652089,40.91619],[125.687813,40.897645],[125.707523,40.866877],[125.778356,40.897645],[125.817161,40.866877],[125.860892,40.888597],[125.875059,40.908501],[125.921254,40.882715],[125.959442,40.88181],[126.008102,40.936537],[126.041362,40.928851],[126.051833,40.96185],[126.08263,40.976762],[126.066,40.997542],[126.1085,41.011995],[126.099877,41.036376],[126.133753,41.063906],[126.124514,41.092327],[126.16763,41.094583],[126.187956,41.113072],[126.188572,41.114875],[126.295129,41.171661],[126.332086,41.236949],[126.35426,41.244599],[126.373354,41.289133],[126.437411,41.353405],[126.497158,41.374965],[126.524259,41.349362],[126.539041,41.366881],[126.497158,41.406842],[126.559983,41.548081],[126.582773,41.563307],[126.564295,41.608965],[126.592628,41.624624],[126.608027,41.669345],[126.644983,41.661297],[126.688099,41.674262],[126.724439,41.710907],[126.690562,41.728328],[126.694874,41.751103],[126.723207,41.753335],[126.8002,41.702865],[126.809439,41.749317],[126.848243,41.734134],[126.85625,41.760031],[126.887047,41.791719],[126.931395,41.812687],[126.952953,41.804212],[126.940018,41.773423],[126.979438,41.776993],[127.005923,41.749317],[127.050887,41.744852],[127.057662,41.703758],[127.037952,41.676944],[127.103242,41.647883],[127.093387,41.629993],[127.127263,41.622388],[127.135887,41.600463],[127.178386,41.600015],[127.125416,41.566442],[127.11864,41.540018],[127.164836,41.542706],[127.188241,41.527475],[127.241212,41.520754],[127.28864,41.501932],[127.253531,41.486691],[127.296031,41.486243],[127.360704,41.466065],[127.360088,41.479518],[127.405668,41.478621],[127.419835,41.460235],[127.459255,41.461581],[127.465414,41.479069],[127.526392,41.467859],[127.547334,41.477276],[127.563964,41.432871],[127.618783,41.432871],[127.636645,41.413575],[127.684073,41.422999],[127.780159,41.427038],[127.854688,41.420755],[127.86947,41.4037],[127.882405,41.448124],[127.909506,41.42973],[127.93168,41.444984],[127.970484,41.438704],[127.991426,41.421204],[128.000049,41.442741],[128.040085,41.393375],[128.110919,41.393375],[128.090593,41.374516],[128.114614,41.364186],[128.169433,41.404149],[128.203925,41.410882],[128.243345,41.477276],[128.238418,41.497898],[128.301244,41.540018],[128.317874,41.575844],[128.30186,41.627756],[128.248889,41.681414],[128.208853,41.688565],[128.163889,41.721628],[128.147875,41.78101],[128.112766,41.793504],[128.104143,41.843457],[128.115846,41.896935],[128.106607,41.949923],[128.033926,42.000199],[128.090593,42.022877],[128.294468,42.026434],[128.405338,42.018876],[128.466316,42.020654],[128.49896,42.000644],[128.598127,42.007315],[128.60675,42.02999],[128.637547,42.035324],[128.658489,42.018876],[128.70222,42.02021],[128.737945,42.050435],[128.779213,42.033546],[128.795227,42.042436],[128.898089,42.016653],[128.952908,42.025545],[128.954755,42.083756],[128.971386,42.097079],[129.008958,42.09175],[129.039139,42.107736],[129.048378,42.137476],[129.113668,42.140583],[129.166639,42.188047],[129.215914,42.208442],[129.209138,42.237692],[129.181421,42.242122],[129.183269,42.262056],[129.215914,42.265157],[129.231312,42.283755],[129.208522,42.293052],[129.260261,42.335536],[129.231312,42.356325],[129.240551,42.376223],[129.326167,42.389927],[129.30892,42.403628],[129.331094,42.429695],[129.356348,42.427045],[129.342181,42.441179],[129.368051,42.459284],[129.366203,42.428811],[129.392688,42.42837],[129.400695,42.449128],[129.452434,42.441179],[129.49863,42.412023],[129.546057,42.361632],[129.578086,42.380202],[129.569463,42.399208],[129.601492,42.415116]]]]}},{"type":"Feature","properties":{"adcode":230000,"name":"黑龙江省","center":[126.642464,45.756967],"centroid":[127.693027,48.040465],"childrenNum":13,"level":"province","parent":{"adcode":100000},"subFeatureIndex":7,"acroutes":[100000]},"geometry":{"type":"MultiPolygon","coordinates":[[[[123.569598,46.223816],[123.604706,46.251964],[123.673692,46.258585],[123.726047,46.255688],[123.775938,46.263136],[123.84985,46.302428],[123.896046,46.303668],[123.917604,46.25693],[123.936082,46.286715],[123.960103,46.288369],[123.952096,46.256516],[123.979814,46.228784],[123.956408,46.206009],[123.971806,46.170379],[124.001987,46.166649],[123.991516,46.143019],[124.01677,46.118549],[123.99398,46.101123],[124.015538,46.088257],[124.009995,46.057534],[124.034016,46.045074],[124.040176,46.01973],[123.989053,46.011833],[124.011842,45.981899],[123.973654,45.973997],[123.968727,45.936551],[123.996444,45.906993],[124.061118,45.886168],[124.067277,45.840325],[124.03648,45.83824],[124.064197,45.802372],[124.001987,45.770655],[124.014922,45.749779],[124.054342,45.751449],[124.098074,45.722628],[124.10177,45.700898],[124.13503,45.690448],[124.122096,45.669123],[124.147349,45.665359],[124.128255,45.641933],[124.162132,45.616404],[124.226805,45.633564],[124.238508,45.591702],[124.273001,45.584163],[124.264377,45.555256],[124.287783,45.539329],[124.348761,45.546874],[124.369087,45.512915],[124.352457,45.496557],[124.374015,45.45795],[124.398652,45.440737],[124.480572,45.456271],[124.507058,45.424778],[124.544014,45.411756],[124.579738,45.424358],[124.575427,45.451234],[124.625318,45.437377],[124.690607,45.452493],[124.729412,45.444096],[124.776223,45.468024],[124.792853,45.436958],[124.839665,45.455852],[124.886476,45.442836],[124.884628,45.495299],[124.911114,45.535976],[124.936983,45.53388],[124.961005,45.495299],[125.025678,45.493201],[125.0497,45.428558],[125.08912,45.420998],[125.06633,45.39915],[125.097127,45.38276],[125.137779,45.409655],[125.189518,45.39915],[125.248649,45.417637],[125.301619,45.402092],[125.319482,45.422678],[125.361981,45.392847],[125.398322,45.416797],[125.434662,45.462988],[125.424807,45.485649],[125.480242,45.486488],[125.497488,45.469283],[125.583104,45.491942],[125.61698,45.517947],[125.660096,45.507043],[125.687813,45.514173],[125.711835,45.477677],[125.712451,45.389485],[125.695205,45.352066],[125.726001,45.336503],[125.761726,45.291472],[125.815929,45.264942],[125.823936,45.237978],[125.849805,45.23882],[125.915095,45.196664],[125.957595,45.201303],[125.992703,45.192447],[125.998247,45.162072],[126.047522,45.170933],[126.091869,45.149411],[126.142992,45.147723],[126.166398,45.13337],[126.225528,45.154054],[126.235383,45.140125],[126.285274,45.162494],[126.293282,45.180214],[126.356107,45.185698],[126.402919,45.222805],[126.519331,45.248091],[126.540273,45.23882],[126.569222,45.252725],[126.644983,45.225334],[126.640055,45.214373],[126.685635,45.187807],[126.732446,45.187385],[126.787265,45.159118],[126.792808,45.135481],[126.85625,45.145613],[126.96404,45.132104],[126.970815,45.070852],[126.984981,45.067893],[127.018242,45.024341],[127.050271,45.004034],[127.092771,44.94688],[127.073061,44.907051],[127.021938,44.898997],[126.999764,44.87398],[126.984366,44.823914],[126.9973,44.764882],[127.041032,44.712169],[127.030561,44.673454],[127.044112,44.653874],[127.041648,44.591258],[127.049655,44.566961],[127.089691,44.593816],[127.094619,44.615972],[127.138966,44.607451],[127.182082,44.644507],[127.228893,44.642804],[127.214111,44.624917],[127.261538,44.61299],[127.275705,44.640249],[127.392733,44.632158],[127.557189,44.575488],[127.570124,44.55033],[127.536247,44.522176],[127.485124,44.528576],[127.465414,44.516628],[127.463566,44.484615],[127.50853,44.437202],[127.486356,44.410275],[127.579363,44.310581],[127.623711,44.278025],[127.59045,44.227872],[127.626174,44.187977],[127.641573,44.193555],[127.681609,44.166946],[127.712406,44.199133],[127.735811,44.11412],[127.729036,44.09908],[127.783239,44.071997],[127.808492,44.086615],[127.846065,44.081886],[127.862695,44.062967],[127.912586,44.064687],[127.950158,44.088334],[128.042549,44.103807],[128.091208,44.133022],[128.088129,44.158359],[128.060411,44.168663],[128.09244,44.181539],[128.104143,44.230017],[128.064107,44.251454],[128.101679,44.293449],[128.065339,44.307155],[128.049941,44.349965],[128.074578,44.370075],[128.094904,44.354673],[128.137404,44.357668],[128.172512,44.34697],[128.211317,44.431647],[128.228563,44.445748],[128.293237,44.467961],[128.295084,44.480772],[128.372693,44.514495],[128.397946,44.483761],[128.427511,44.473512],[128.463236,44.431647],[128.457076,44.409848],[128.481714,44.375637],[128.475555,44.346114],[128.446605,44.339694],[128.472475,44.320001],[128.453997,44.257884],[128.471859,44.247596],[128.450301,44.203423],[128.471859,44.157501],[128.529141,44.112401],[128.574721,44.047914],[128.584576,43.990246],[128.610445,43.960529],[128.64001,43.948035],[128.636315,43.891132],[128.696061,43.903207],[128.729938,43.889838],[128.760734,43.857482],[128.719467,43.816905],[128.739177,43.806972],[128.760119,43.755554],[128.729322,43.736964],[128.768126,43.732207],[128.78722,43.686784],[128.821097,43.637429],[128.834647,43.587599],[128.878379,43.539898],[128.949828,43.553779],[128.962763,43.53903],[129.013886,43.522976],[129.037907,43.540332],[129.093958,43.547706],[129.145081,43.570258],[129.169102,43.561585],[129.23008,43.593234],[129.232544,43.635263],[129.217146,43.648689],[129.214066,43.695006],[129.232544,43.709284],[129.211602,43.784509],[129.254718,43.819496],[129.289826,43.797038],[129.30892,43.812155],[129.348341,43.798333],[129.406855,43.819496],[129.417942,43.843672],[129.449971,43.850578],[129.467833,43.874741],[129.529427,43.870427],[129.650767,43.873016],[129.699426,43.8838],[129.743158,43.876035],[129.739462,43.895876],[129.780114,43.892857],[129.802904,43.964837],[129.868193,44.012631],[129.881128,44.000148],[129.907614,44.023821],[129.951345,44.027263],[129.979062,44.015644],[130.017867,43.961821],[130.022794,43.917866],[130.009243,43.889407],[130.027722,43.851872],[130.079461,43.835039],[130.110873,43.852735],[130.116417,43.878192],[130.143518,43.878624],[130.153373,43.915711],[130.208192,43.948466],[130.262395,43.949328],[130.27225,43.981634],[130.307358,44.002731],[130.319061,44.03974],[130.365256,44.044042],[130.364025,43.992399],[130.338155,43.963975],[130.381887,43.910106],[130.368336,43.894151],[130.386198,43.85403],[130.362793,43.844967],[130.381887,43.817768],[130.382503,43.777164],[130.423155,43.745179],[130.394206,43.703227],[130.412684,43.652586],[130.437937,43.646091],[130.488444,43.65605],[130.501995,43.636563],[130.57098,43.626167],[130.57098,43.626167],[130.630726,43.622268],[130.623335,43.589767],[130.665835,43.583698],[130.671378,43.565054],[130.727429,43.560284],[130.776704,43.52341],[130.822899,43.503446],[130.841378,43.454374],[130.864167,43.437863],[130.907283,43.434387],[130.959638,43.48608],[131.026775,43.508655],[131.142572,43.425695],[131.175217,43.444816],[131.201086,43.442209],[131.234963,43.475224],[131.294093,43.470012],[131.304564,43.502144],[131.276847,43.495632],[131.20047,43.532089],[131.222028,43.593234],[131.216485,43.613169],[131.239274,43.670337],[131.221412,43.682024],[131.215869,43.72745],[131.232499,43.742585],[131.213405,43.801357],[131.2171,43.836334],[131.254057,43.893289],[131.26268,43.948897],[131.245434,43.95579],[131.26576,44.034578],[131.28239,44.035868],[131.287318,44.03802],[131.293477,44.043182],[131.310723,44.046623],[131.111775,44.710042],[131.090833,44.717272],[131.093297,44.746183],[131.069275,44.759783],[131.064348,44.786973],[131.016304,44.789521],[131.015688,44.814999],[130.972573,44.820094],[130.965181,44.85065],[131.07913,44.881614],[131.10192,44.898997],[131.090217,44.924427],[131.16105,44.948151],[131.20355,44.932901],[131.207861,44.913833],[131.263296,44.929935],[131.274999,44.919766],[131.313803,44.950692],[131.313803,44.965938],[131.355071,44.990068],[131.380324,44.978216],[131.409889,44.985836],[131.464708,44.963397],[131.501664,44.977793],[131.484418,44.99557],[131.529382,45.012073],[131.566338,45.045487],[131.63286,45.075078],[131.695685,45.132104],[131.687678,45.1511],[131.650722,45.159962],[131.681519,45.215217],[131.721555,45.234606],[131.759127,45.213952],[131.79362,45.211844],[131.788692,45.245984],[131.825649,45.291472],[131.82996,45.311677],[131.887858,45.342393],[131.917423,45.339448],[131.93159,45.287683],[131.976554,45.277156],[132.003655,45.25441],[132.17427,45.216903],[132.394161,45.16376],[132.76434,45.081417],[132.867202,45.061976],[132.916477,45.031109],[132.954049,45.023072],[132.98731,45.043373],[133.035969,45.054366],[133.070462,45.097051],[133.089556,45.097473],[133.107418,45.124504],[133.139447,45.127459],[133.129592,45.211422],[133.095715,45.246827],[133.110498,45.266627],[133.097563,45.284735],[133.128976,45.336924],[133.119121,45.352908],[133.144991,45.367205],[133.143759,45.430658],[133.164701,45.437377],[133.170244,45.465506],[133.203505,45.516689],[133.246005,45.517528],[133.333468,45.562379],[133.342707,45.554836],[133.393214,45.580393],[133.423395,45.584163],[133.412924,45.618079],[133.471438,45.631053],[133.448649,45.647372],[133.485605,45.658667],[133.484989,45.691702],[133.445569,45.705077],[133.454192,45.731819],[133.486837,45.740173],[133.469591,45.777751],[133.505315,45.785681],[133.469591,45.799451],[133.467743,45.834905],[133.494228,45.840325],[133.491764,45.867002],[133.51209,45.887001],[133.55459,45.893249],[133.583539,45.868669],[133.618032,45.903662],[133.614952,45.942794],[133.676546,45.94321],[133.681474,45.986473],[133.740604,46.048812],[133.745531,46.075389],[133.690713,46.133896],[133.706111,46.163333],[133.764626,46.17328],[133.794807,46.193583],[133.814517,46.230854],[133.849625,46.203939],[133.87919,46.233752],[133.867487,46.250722],[133.909987,46.254447],[133.91861,46.280924],[133.908139,46.308216],[133.922922,46.330948],[133.869335,46.338386],[133.876726,46.362345],[133.940784,46.38134],[133.948791,46.401153],[133.902596,46.446119],[133.852089,46.450242],[133.849625,46.475389],[133.890893,46.525235],[133.919842,46.596012],[134.011001,46.637941],[134.030711,46.708981],[134.033175,46.759023],[134.052885,46.779928],[134.025168,46.810657],[134.041182,46.848326],[134.042414,46.886787],[134.076291,46.938298],[134.063972,46.979962],[134.10216,47.005678],[134.118175,47.061968],[134.142812,47.093349],[134.222268,47.105164],[134.232739,47.134892],[134.230276,47.182097],[134.210566,47.210155],[134.156979,47.248357],[134.177305,47.326299],[134.203174,47.347389],[134.263536,47.371307],[134.266616,47.391974],[134.307268,47.428829],[134.339297,47.439759],[134.490202,47.446235],[134.522847,47.468086],[134.568426,47.478199],[134.576434,47.519036],[134.627556,47.546512],[134.678064,47.588507],[134.689766,47.63813],[134.779694,47.7159],[134.772918,47.763391],[134.678679,47.819278],[134.670056,47.864667],[134.677448,47.884738],[134.658969,47.901191],[134.607846,47.909214],[134.599839,47.947711],[134.55426,47.982173],[134.551796,48.032622],[134.632484,48.099412],[134.67252,48.170505],[134.679295,48.256245],[134.77107,48.288908],[134.864077,48.332293],[135.009439,48.365703],[135.090743,48.403461],[135.09567,48.437618],[135.068569,48.459451],[135.035924,48.440795],[134.996504,48.439603],[134.927519,48.451513],[134.886867,48.437618],[134.848679,48.393925],[134.820961,48.37604],[134.764295,48.370076],[134.704549,48.405448],[134.640491,48.409818],[134.578281,48.405448],[134.501905,48.418954],[134.438463,48.405448],[134.369478,48.382797],[134.20379,48.3824],[134.150819,48.346217],[134.116327,48.333089],[134.0689,48.338659],[134.029479,48.327519],[133.995603,48.303639],[133.940784,48.302047],[133.876111,48.282536],[133.824372,48.277359],[133.791111,48.261026],[133.740604,48.254651],[133.693177,48.186866],[133.667307,48.183275],[133.59709,48.194846],[133.573068,48.182078],[133.545967,48.121389],[133.451728,48.112999],[133.407997,48.124585],[133.302055,48.103009],[133.239845,48.126583],[133.182563,48.135769],[133.130208,48.134971],[133.053216,48.110202],[133.02673,48.085421],[133.016259,48.054228],[132.992238,48.035424],[132.883216,48.002599],[132.819159,47.936887],[132.769268,47.93849],[132.723072,47.962941],[132.691043,47.962941],[132.661478,47.944905],[132.662094,47.922451],[132.687348,47.88514],[132.662094,47.854227],[132.621442,47.82852],[132.599268,47.792347],[132.6005,47.740858],[132.558,47.718316],[132.469305,47.726368],[132.371987,47.765402],[132.325175,47.762184],[132.288835,47.742065],[132.272205,47.718718],[132.242639,47.70986],[132.19706,47.714289],[132.157024,47.70543],[132.086191,47.703013],[132.000575,47.712276],[131.976554,47.673201],[131.900793,47.685692],[131.825649,47.677231],[131.741881,47.706638],[131.690142,47.707041],[131.641483,47.663932],[131.59036,47.660707],[131.568186,47.682469],[131.559563,47.724757],[131.543548,47.736028],[131.456085,47.747297],[131.359998,47.730796],[131.273767,47.738846],[131.236811,47.733211],[131.183224,47.702611],[131.115471,47.689721],[131.029855,47.694555],[130.983659,47.713081],[130.966413,47.733211],[130.961486,47.828118],[130.891269,47.927263],[130.870943,47.943301],[130.770544,47.998194],[130.737284,48.034223],[130.699711,48.044227],[130.666451,48.105007],[130.673842,48.12818],[130.765617,48.18926],[130.769313,48.231136],[130.787791,48.256643],[130.817972,48.265409],[130.845073,48.296473],[130.81982,48.341444],[130.785327,48.357353],[130.747755,48.404256],[130.745907,48.449131],[130.776704,48.480084],[130.767465,48.507846],[130.711414,48.511414],[130.647357,48.484844],[130.620871,48.49595],[130.615944,48.575601],[130.605473,48.594207],[130.538335,48.612016],[130.538951,48.635751],[130.576524,48.688719],[130.622103,48.783842],[130.689856,48.849651],[130.680617,48.881146],[130.609168,48.881146],[130.559277,48.861071],[130.501995,48.865795],[130.471198,48.905541],[130.412068,48.905148],[130.279641,48.866976],[130.237757,48.868551],[130.219895,48.893739],[130.113337,48.956653],[130.059135,48.979047],[130.020946,49.021058],[129.937179,49.040285],[129.9187,49.060681],[129.934715,49.078717],[129.913157,49.1085],[129.866962,49.113985],[129.855259,49.133567],[129.864498,49.158621],[129.847867,49.181316],[129.784426,49.184054],[129.753629,49.208692],[129.761636,49.25754],[129.730223,49.288387],[129.696962,49.298535],[129.604571,49.279018],[129.562687,49.299706],[129.546057,49.395227],[129.51834,49.423652],[129.448739,49.441167],[129.390224,49.432605],[129.374826,49.414309],[129.379138,49.367175],[129.358196,49.355871],[129.320623,49.3586],[129.266421,49.396006],[129.215298,49.399122],[129.180805,49.386657],[129.143849,49.357431],[129.084719,49.359769],[129.061929,49.374189],[129.013886,49.457119],[128.932582,49.46801],[128.871604,49.492506],[128.792147,49.473065],[128.76135,49.482009],[128.763198,49.515824],[128.813089,49.558157],[128.802618,49.58222],[128.744104,49.595023],[128.715155,49.564756],[128.656025,49.577564],[128.619684,49.593471],[128.537764,49.604332],[128.500192,49.593859],[128.389939,49.58998],[128.343128,49.544956],[128.287077,49.566309],[128.243345,49.563203],[128.185447,49.53952],[128.122005,49.55311],[128.070882,49.556604],[128.001281,49.592307],[127.949542,49.596187],[127.897804,49.579116],[127.815268,49.593859],[127.782007,49.630698],[127.705015,49.665185],[127.677913,49.697712],[127.674833,49.764247],[127.653892,49.780094],[127.583059,49.786277],[127.531936,49.826059],[127.529472,49.864265],[127.547334,49.928645],[127.543638,49.944438],[127.495595,49.994479],[127.501755,50.056764],[127.58737,50.137768],[127.60708,50.178794],[127.603385,50.239309],[127.44632,50.270686],[127.371791,50.29669],[127.332371,50.340634],[127.369944,50.403996],[127.3644,50.438314],[127.30527,50.45432],[127.293567,50.46575],[127.323132,50.52552],[127.36132,50.547582],[127.370559,50.581415],[127.294799,50.663426],[127.28864,50.699451],[127.305886,50.733932],[127.295415,50.755139],[127.236285,50.781256],[127.143894,50.910111],[127.113713,50.93765],[127.052119,50.962911],[126.985597,51.029202],[126.922772,51.061937],[126.917844,51.138977],[126.899982,51.200518],[126.926467,51.246244],[126.976358,51.291551],[126.98375,51.318863],[126.970815,51.332327],[126.887047,51.321856],[126.877808,51.300906],[126.908605,51.283691],[126.92154,51.259729],[126.908605,51.246619],[126.863025,51.248492],[126.820526,51.281071],[126.813134,51.311756],[126.837156,51.345038],[126.904293,51.340552],[126.930163,51.359241],[126.908605,51.407423],[126.835308,51.413769],[126.791577,51.432428],[126.784185,51.448095],[126.812518,51.493948],[126.843931,51.521885],[126.837156,51.536033],[126.69549,51.57845],[126.67886,51.602246],[126.741069,51.642374],[126.723823,51.679126],[126.734294,51.711399],[126.724439,51.7266],[126.6727,51.73179],[126.658534,51.762544],[126.622809,51.777357],[126.580925,51.824728],[126.555056,51.874266],[126.510092,51.922274],[126.462665,51.948471],[126.468208,51.982395],[126.447882,52.009294],[126.450962,52.027709],[126.487918,52.041699],[126.514404,52.037282],[126.563679,52.119302],[126.556288,52.136203],[126.499005,52.16044],[126.457121,52.165212],[126.403535,52.185031],[126.34502,52.192002],[126.306832,52.205574],[126.312992,52.235271],[126.357955,52.264216],[126.401071,52.279597],[126.436795,52.277034],[126.4331,52.298632],[126.327774,52.310342],[126.320999,52.342163],[126.348716,52.357882],[126.353644,52.389304],[126.326542,52.424353],[126.268644,52.475051],[126.205202,52.466302],[126.192883,52.492181],[126.213209,52.525327],[126.147304,52.573],[126.066616,52.603905],[126.055529,52.582455],[126.030891,52.576273],[125.989008,52.603178],[125.968682,52.630429],[125.971145,52.654033],[125.995783,52.675085],[126.061688,52.673271],[126.072775,52.691048],[126.044442,52.739628],[126.112195,52.757016],[126.116507,52.768243],[126.052449,52.800095],[126.02042,52.795753],[125.985312,52.758465],[125.966834,52.759914],[125.937269,52.786705],[125.923718,52.815651],[125.855349,52.866259],[125.854117,52.891542],[125.827631,52.899123],[125.772197,52.89804],[125.751255,52.88143],[125.722306,52.880347],[125.678574,52.86084],[125.666871,52.869872],[125.665023,52.913561],[125.737088,52.943504],[125.742632,52.993964],[125.684118,53.00801],[125.643466,53.039686],[125.640386,53.06199],[125.613901,53.083564],[125.588647,53.081047],[125.530749,53.0512],[125.504263,53.061271],[125.503647,53.095424],[125.452524,53.107641],[125.343503,53.14463],[125.315786,53.144989],[125.252344,53.18051],[125.195062,53.198439],[125.142091,53.204175],[125.038613,53.202741],[124.970244,53.194137],[124.887708,53.164368],[124.909266,53.118059],[124.87231,53.099018],[124.832889,53.145347],[124.787926,53.140681],[124.734339,53.146783],[124.712165,53.162574],[124.720789,53.192344],[124.678905,53.207043],[124.590209,53.208476],[124.563108,53.201666],[124.496587,53.207759],[124.487348,53.217436],[124.435609,53.223886],[124.412203,53.248601],[124.375863,53.258984],[124.327819,53.331954],[124.239124,53.379817],[124.19416,53.37339],[124.125791,53.348033],[124.058038,53.404085],[124.01369,53.403371],[123.985973,53.434401],[123.865249,53.489627],[123.797495,53.489983],[123.746373,53.500308],[123.698329,53.498528],[123.668764,53.533756],[123.620721,53.550115],[123.58746,53.546915],[123.569598,53.505291],[123.53141,53.507071],[123.557895,53.531978],[123.546808,53.551537],[123.517243,53.558292],[123.490758,53.542648],[123.510468,53.509206],[123.499381,53.497816],[123.47228,53.509206],[123.454417,53.536602],[123.394055,53.538024],[123.309672,53.56078],[123.274563,53.563269],[123.231447,53.549404],[123.179092,53.509918],[123.137209,53.498172],[123.093477,53.508138],[123.052209,53.506715],[122.943804,53.483929],[122.894528,53.462914],[122.826775,53.457213],[122.763949,53.463626],[122.673406,53.459351],[122.608117,53.465408],[122.5379,53.453293],[122.496016,53.458638],[122.435038,53.444739],[122.37406,53.47467],[122.350038,53.505647],[122.266886,53.470039],[122.227466,53.461845],[122.161561,53.468614],[122.111054,53.426913],[122.077177,53.422277],[122.026054,53.428339],[121.875765,53.426556],[121.816019,53.41336],[121.754425,53.389454],[121.697758,53.392666],[121.589969,53.350891],[121.499426,53.337314],[121.504969,53.323018],[121.575802,53.29155],[121.615222,53.258984],[121.642324,53.262564],[121.679896,53.240722],[121.67928,53.199515],[121.660186,53.195213],[121.665114,53.170467],[121.722396,53.145706],[121.753193,53.147501],[121.784606,53.104408],[121.775367,53.089674],[121.817867,53.061631],[121.785838,53.018451],[121.715621,52.997926],[121.677432,52.948192],[121.66265,52.912478],[121.610295,52.892264],[121.604136,52.872401],[121.620766,52.853251],[121.591201,52.824693],[121.537614,52.801542],[121.511129,52.779104],[121.476636,52.772225],[121.455078,52.73528],[121.373158,52.683067],[121.309717,52.676173],[121.29247,52.651855],[121.237036,52.619167],[121.182217,52.59918],[121.225333,52.577364],[121.280151,52.586819],[121.323883,52.573727],[121.353448,52.534793],[121.411963,52.52205],[121.416274,52.499468],[121.474172,52.482706],[121.495114,52.484892],[121.519136,52.456821],[121.565331,52.460468],[121.590585,52.443326],[121.63986,52.44442],[121.678664,52.419973],[121.658338,52.3904],[121.715621,52.342894],[121.714389,52.318025],[121.769207,52.308147],[121.841272,52.282526],[121.901018,52.280695],[121.94783,52.298266],[121.976779,52.343626],[122.035909,52.377615],[122.040837,52.413038],[122.091344,52.427272],[122.080873,52.440407],[122.107358,52.452445],[122.142467,52.495096],[122.140003,52.510032],[122.168952,52.513674],[122.178191,52.48963],[122.207756,52.469218],[122.310618,52.475416],[122.326016,52.459374],[122.342031,52.414133],[122.367284,52.413768],[122.378987,52.395512],[122.419023,52.375057],[122.447356,52.394052],[122.484313,52.341432],[122.478153,52.29607],[122.560689,52.282526],[122.585943,52.266413],[122.67895,52.276667],[122.710979,52.256157],[122.76087,52.26678],[122.787355,52.252494],[122.766413,52.232705],[122.769493,52.179893],[122.73808,52.153464],[122.690653,52.140243],[122.629059,52.13657],[122.643841,52.111585],[122.625363,52.067459],[122.650616,52.058997],[122.664783,51.99861],[122.683877,51.974654],[122.726377,51.978709],[122.729457,51.919321],[122.706051,51.890151],[122.725761,51.87833],[122.732536,51.832495],[122.771957,51.779579],[122.749167,51.746613],[122.778732,51.698048],[122.816304,51.655371],[122.820616,51.633088],[122.85634,51.606707],[122.832935,51.581797],[122.874202,51.561339],[122.880362,51.537894],[122.858804,51.524864],[122.880362,51.511085],[122.854492,51.477551],[122.871123,51.455181],[122.900072,51.445112],[122.903768,51.415262],[122.946267,51.405183],[122.965977,51.386886],[122.965977,51.345786],[123.002934,51.31213],[123.069455,51.321108],[123.127969,51.297913],[123.231447,51.279199],[123.231447,51.268716],[123.294273,51.254111],[123.339853,51.27246],[123.376809,51.266844],[123.414381,51.278825],[123.440251,51.270963],[123.46304,51.286686],[123.582533,51.294545],[123.582533,51.306893],[123.661989,51.319237],[123.660141,51.342795],[123.711264,51.398089],[123.794416,51.361109],[123.842459,51.367462],[123.887423,51.320734],[123.926227,51.300532],[123.939777,51.313253],[123.994596,51.322604],[124.071588,51.320734],[124.090067,51.3413],[124.128255,51.347281],[124.192313,51.33943],[124.239124,51.344664],[124.271769,51.308389],[124.297638,51.298661],[124.339522,51.293422],[124.406659,51.272086],[124.430065,51.301281],[124.426985,51.331953],[124.443616,51.35812],[124.478108,51.36223],[124.490427,51.380537],[124.555717,51.375307],[124.58713,51.363725],[124.62655,51.327465],[124.693687,51.3327],[124.752817,51.35812],[124.76452,51.38726],[124.783614,51.392115],[124.864302,51.37979],[124.885244,51.40817],[124.942527,51.447349],[124.917889,51.474196],[124.928976,51.498419],[124.983795,51.508478],[125.004737,51.529332],[125.047236,51.529704],[125.073106,51.553526],[125.060171,51.59667],[125.098975,51.658341],[125.12854,51.659083],[125.130388,51.635317],[125.175968,51.639403],[125.214772,51.627888],[125.228938,51.640517],[125.289301,51.633831],[125.316402,51.610052],[125.35151,51.623801],[125.38046,51.585516],[125.424807,51.562827],[125.528285,51.488359],[125.559082,51.461521],[125.559082,51.461521],[125.595422,51.416755],[125.595422,51.416755],[125.60035,51.413396],[125.60035,51.413396],[125.600966,51.410409],[125.600966,51.410409],[125.62314,51.398089],[125.62314,51.398089],[125.623756,51.387633],[125.623756,51.387633],[125.626219,51.380163],[125.626219,51.380163],[125.700132,51.327465],[125.700132,51.327465],[125.740784,51.27583],[125.740784,51.27583],[125.76111,51.261976],[125.76111,51.261976],[125.761726,51.226385],[125.819008,51.227134],[125.850421,51.21364],[125.864588,51.146487],[125.909551,51.138977],[125.946508,51.108176],[125.970529,51.123955],[125.993935,51.119072],[125.976073,51.084498],[126.059225,51.043503],[126.033971,51.011132],[126.041978,50.981753],[126.068464,50.967434],[126.042594,50.92558],[126.02042,50.927466],[125.996399,50.906715],[125.997631,50.872738],[125.961906,50.901054],[125.939732,50.85423],[125.913247,50.825885],[125.878138,50.816812],[125.890457,50.805845],[125.836255,50.793363],[125.846726,50.769524],[125.828863,50.756654],[125.804226,50.773309],[125.758646,50.746809],[125.795603,50.738856],[125.78082,50.725598],[125.825784,50.70362],[125.789443,50.679735],[125.804226,50.658874],[125.793139,50.643316],[125.814697,50.62092],[125.807921,50.60383],[125.829479,50.56165],[125.794987,50.532748],[125.770349,50.531227],[125.754335,50.506874],[125.740784,50.523237],[125.699516,50.487078],[125.654553,50.471082],[125.627451,50.443268],[125.580024,50.449366],[125.562162,50.438314],[125.583104,50.409717],[125.567089,50.402852],[125.536292,50.420014],[125.522126,50.404759],[125.546763,50.358965],[125.520278,50.3498],[125.530749,50.331085],[125.463611,50.295925],[125.466075,50.266861],[125.442053,50.260357],[125.448829,50.216338],[125.417416,50.195654],[125.39093,50.199868],[125.382923,50.172278],[125.335496,50.161161],[125.376148,50.137385],[125.311474,50.140453],[125.27883,50.127411],[125.258504,50.103618],[125.287453,50.093636],[125.283757,50.070211],[125.328105,50.065985],[125.315786,50.04562],[125.289916,50.057917],[125.25296,50.041393],[125.283757,50.036012],[125.297924,50.014481],[125.278214,49.996402],[125.241873,49.987938],[125.231402,49.957531],[125.190134,49.959841],[125.199373,49.935194],[125.225859,49.922481],[125.212924,49.907452],[125.245569,49.87198],[125.225243,49.867351],[125.239409,49.844587],[125.177815,49.829533],[125.222779,49.799026],[125.221547,49.754969],[125.204301,49.734086],[125.225243,49.726349],[125.219699,49.669058],[125.185207,49.634574],[125.189518,49.652401],[125.164881,49.669446],[125.132236,49.672157],[125.127308,49.655113],[125.15441,49.616741],[125.16796,49.629923],[125.205533,49.593859],[125.23017,49.595411],[125.233866,49.536801],[125.211076,49.539908],[125.228323,49.487063],[125.270822,49.454395],[125.256656,49.437275],[125.25604,49.395227],[125.277598,49.379644],[125.256656,49.359769],[125.261583,49.322336],[125.214772,49.277066],[125.227707,49.248947],[125.219699,49.189139],[125.187671,49.186792],[125.158721,49.144921],[125.117453,49.126127],[125.034302,49.157056],[125.039845,49.17623],[124.983179,49.162535],[124.906802,49.184054],[124.860607,49.166448],[124.847672,49.129651],[124.809484,49.115943],[124.828578,49.077933],[124.808252,49.020666],[124.756513,48.967262],[124.744194,48.920487],[124.709086,48.920487],[124.715861,48.885475],[124.697383,48.841775],[124.654267,48.83429],[124.644412,48.80789],[124.656115,48.783842],[124.612383,48.747945],[124.624702,48.701755],[124.601912,48.632587],[124.579122,48.596582],[124.520608,48.556195],[124.548941,48.535593],[124.533543,48.515379],[124.555717,48.467784],[124.507674,48.445558],[124.52492,48.426897],[124.51876,48.378027],[124.547094,48.35775],[124.540934,48.335476],[124.579738,48.297269],[124.558796,48.268197],[124.579122,48.262221],[124.547094,48.200829],[124.512601,48.164518],[124.529847,48.146951],[124.505826,48.124985],[124.478108,48.123387],[124.46579,48.098213],[124.415899,48.08782],[124.430065,48.12099],[124.471333,48.133373],[124.475029,48.173698],[124.418978,48.181679],[124.412819,48.219175],[124.422058,48.245884],[124.365392,48.283731],[124.353689,48.315978],[124.317964,48.35099],[124.331515,48.380015],[124.309957,48.413393],[124.330283,48.435633],[124.302566,48.456673],[124.314269,48.503881],[124.25945,48.536385],[124.25945,48.536385],[124.136878,48.463023],[124.07898,48.43603],[124.019234,48.39313],[123.862785,48.271782],[123.746373,48.197638],[123.705105,48.152142],[123.579453,48.045427],[123.537569,48.021816],[123.300432,47.953723],[123.256085,47.876711],[123.214201,47.824502],[123.161846,47.781892],[123.041122,47.746492],[122.926557,47.697777],[122.848949,47.67441],[122.765181,47.614333],[122.59395,47.54732],[122.543443,47.495589],[122.507103,47.401291],[122.418407,47.350632],[122.441197,47.310476],[122.441197,47.310476],[122.462755,47.27841],[122.498479,47.255262],[122.531124,47.198771],[122.582863,47.158092],[122.582863,47.158092],[122.615508,47.124306],[122.679566,47.094164],[122.710363,47.093349],[122.710363,47.093349],[122.821232,47.065636],[122.852645,47.072158],[122.845869,47.046881],[122.778116,47.002822],[122.77442,46.973837],[122.798442,46.9575],[122.791051,46.941567],[122.83971,46.937072],[122.895144,46.960359],[122.893913,46.895376],[122.906847,46.80738],[122.996774,46.761483],[123.00355,46.730726],[123.026339,46.718829],[123.076846,46.745082],[123.103332,46.734828],[123.163694,46.74016],[123.198802,46.803283],[123.22344,46.821305],[123.221592,46.850373],[123.295505,46.865105],[123.341084,46.826628],[123.374345,46.837683],[123.40699,46.906416],[123.404526,46.935438],[123.360179,46.970978],[123.304128,46.964852],[123.301664,46.999965],[123.337389,46.988943],[123.42362,46.934212],[123.487678,46.959951],[123.52833,46.944836],[123.483366,46.84587],[123.506772,46.827038],[123.562823,46.82581],[123.575757,46.845461],[123.576989,46.891286],[123.605322,46.891286],[123.599163,46.868378],[123.625648,46.847508],[123.580069,46.827447],[123.629344,46.813524],[123.631808,46.728675],[123.603475,46.68928],[123.474743,46.686817],[123.366338,46.677784],[123.318295,46.662179],[123.276411,46.660947],[123.279491,46.616981],[123.228368,46.588198],[123.18094,46.614103],[123.098404,46.603002],[123.077462,46.622324],[123.04605,46.617803],[123.052825,46.579972],[123.002318,46.574624],[123.010325,46.524823],[123.011557,46.434984],[123.089781,46.347888],[123.142136,46.298293],[123.178476,46.248239],[123.248078,46.273065],[123.286266,46.250308],[123.320758,46.254447],[123.357099,46.232096],[123.357099,46.232096],[123.430396,46.243687],[123.452569,46.233338],[123.499381,46.259826],[123.569598,46.223816],[123.569598,46.223816]]]]}},{"type":"Feature","properties":{"adcode":310000,"name":"上海市","center":[121.472644,31.231706],"centroid":[121.438737,31.072559],"childrenNum":16,"level":"province","parent":{"adcode":100000},"subFeatureIndex":8,"acroutes":[100000]},"geometry":{"type":"MultiPolygon","coordinates":[[[[120.901349,31.017327],[120.940153,31.010146],[120.949392,31.030148],[120.989428,31.01425],[121.000515,30.938309],[120.993124,30.889532],[121.020225,30.872069],[120.991892,30.837133],[121.038087,30.814007],[121.060261,30.845354],[121.097833,30.857171],[121.13787,30.826342],[121.123087,30.77905],[121.174826,30.771851],[121.21671,30.785734],[121.232108,30.755909],[121.272144,30.723504],[121.274608,30.677191],[121.362071,30.679764],[121.426129,30.730192],[121.517288,30.775451],[121.601056,30.805269],[121.681128,30.818633],[121.904714,30.814007],[121.943518,30.776993],[121.970004,30.789333],[121.954605,30.825828],[121.994025,30.862823],[121.990945,30.96859],[121.977395,31.016301],[121.946598,31.066039],[121.809859,31.196669],[121.722396,31.3036],[121.599208,31.37465],[121.520984,31.394575],[121.404571,31.479337],[121.343593,31.511996],[121.301093,31.49873],[121.301093,31.49873],[121.247507,31.476785],[121.241963,31.493117],[121.174826,31.44922],[121.143413,31.392021],[121.113848,31.37465],[121.130478,31.343987],[121.142797,31.275472],[121.090442,31.291838],[121.060261,31.245289],[121.076892,31.158267],[121.018377,31.134194],[120.930298,31.141365],[120.881023,31.134706],[120.859465,31.100379],[120.890878,31.094229],[120.901349,31.017327]]],[[[121.974931,31.61704],[121.715005,31.673592],[121.64294,31.697527],[121.599824,31.703128],[121.49881,31.753012],[121.431673,31.769295],[121.384861,31.833382],[121.323267,31.868458],[121.265369,31.863883],[121.200079,31.834907],[121.118775,31.759119],[121.145261,31.75403],[121.289391,31.61653],[121.371926,31.553314],[121.395332,31.585437],[121.434136,31.590535],[121.547469,31.531382],[121.625693,31.501792],[121.682976,31.491075],[121.819098,31.437987],[121.890547,31.428795],[121.981706,31.464024],[121.995873,31.493117],[121.974931,31.61704]]],[[[121.795693,31.330186],[121.792613,31.363408],[121.742106,31.407345],[121.585657,31.454836],[121.567179,31.48342],[121.520984,31.494137],[121.509897,31.4824],[121.572107,31.435944],[121.727939,31.35472],[121.76428,31.31536],[121.785222,31.31127],[121.795693,31.330186]]],[[[121.801852,31.356765],[121.8037,31.328652],[121.840656,31.295418],[121.932431,31.283144],[122.016199,31.282121],[122.097503,31.255522],[122.122756,31.307179],[122.116597,31.320984],[122.040837,31.324051],[121.951525,31.337343],[121.845584,31.37465],[121.792613,31.377715],[121.801852,31.356765]]],[[[121.626925,31.445135],[121.631853,31.456878],[121.579498,31.479848],[121.626925,31.445135]]],[[[121.943518,31.215608],[121.959533,31.159291],[121.995873,31.160828],[122.008808,31.221238],[121.950909,31.228915],[121.943518,31.215608]]],[[[121.88254,31.240684],[121.909026,31.195133],[121.923808,31.234032],[121.88254,31.240684]]]]}},{"type":"Feature","properties":{"adcode":320000,"name":"江苏省","center":[118.767413,32.041544],"centroid":[119.486506,32.983991],"childrenNum":13,"level":"province","parent":{"adcode":100000},"subFeatureIndex":9,"acroutes":[100000]},"geometry":{"type":"MultiPolygon","coordinates":[[[[117.311654,34.561686],[117.27285,34.556757],[117.303647,34.542463],[117.267923,34.532603],[117.27285,34.499565],[117.252524,34.48674],[117.248213,34.451216],[117.166293,34.434435],[117.139191,34.526687],[117.15151,34.559222],[117.104083,34.648874],[117.073286,34.639026],[117.061583,34.675947],[117.070206,34.713835],[117.022163,34.759081],[116.969192,34.771864],[116.95133,34.81069],[116.979047,34.815113],[116.966113,34.844588],[116.929156,34.843114],[116.922381,34.894671],[116.858323,34.928533],[116.821983,34.929515],[116.815823,34.965324],[116.789338,34.975133],[116.781331,34.916757],[116.677853,34.939327],[116.622418,34.939818],[116.613795,34.922645],[116.557745,34.908905],[116.445028,34.895652],[116.408071,34.850972],[116.403144,34.756131],[116.369267,34.749247],[116.363724,34.715311],[116.392057,34.710391],[116.374195,34.640011],[116.430245,34.650843],[116.432709,34.630163],[116.477057,34.614896],[116.490607,34.573513],[116.594085,34.511894],[116.592237,34.493646],[116.662454,34.472927],[116.722816,34.472434],[116.773939,34.453683],[116.782563,34.429993],[116.828142,34.389012],[116.909446,34.408271],[116.969192,34.389012],[116.960569,34.363821],[116.983359,34.348011],[116.969192,34.283753],[117.051112,34.221425],[117.025243,34.167469],[117.046801,34.151622],[117.123793,34.128342],[117.130568,34.101586],[117.192162,34.068873],[117.257452,34.065899],[117.277162,34.078787],[117.311654,34.067882],[117.357234,34.088205],[117.404045,34.03218],[117.435458,34.028212],[117.514914,34.060941],[117.543248,34.038627],[117.569117,33.985051],[117.612849,34.000433],[117.629479,34.028708],[117.671363,33.992494],[117.672595,33.934916],[117.715095,33.879287],[117.753899,33.891211],[117.759442,33.874318],[117.739732,33.758467],[117.72495,33.74951],[117.750203,33.710688],[117.791471,33.733585],[117.843826,33.736074],[117.901724,33.720146],[117.972557,33.74951],[118.019985,33.738562],[118.065564,33.76593],[118.117919,33.766427],[118.161035,33.735576],[118.16781,33.663381],[118.112376,33.617045],[118.117919,33.594615],[118.107448,33.475391],[118.050782,33.491863],[118.027376,33.455421],[118.016905,33.402978],[118.029224,33.374995],[117.992883,33.333005],[117.974405,33.279487],[117.939297,33.262475],[117.942376,33.224936],[117.977485,33.226437],[117.988572,33.180869],[118.037231,33.152314],[118.038463,33.134776],[118.149332,33.169348],[118.178281,33.217926],[118.217085,33.191888],[118.219549,33.114227],[118.243571,33.027967],[118.244803,32.998359],[118.26944,32.969242],[118.303933,32.96874],[118.291614,32.946143],[118.252194,32.936601],[118.2331,32.914498],[118.250346,32.848157],[118.301469,32.846145],[118.300237,32.783275],[118.334114,32.761637],[118.363063,32.770695],[118.375382,32.718849],[118.411106,32.715828],[118.450526,32.743518],[118.483787,32.721367],[118.560163,32.729926],[118.572482,32.719856],[118.642699,32.744525],[118.707373,32.72036],[118.756648,32.737477],[118.73817,32.772708],[118.743097,32.853184],[118.743097,32.853184],[118.810235,32.853687],[118.821322,32.920527],[118.846575,32.922034],[118.849039,32.956689],[118.89585,32.957694],[118.89585,32.957694],[118.892771,32.941121],[118.934039,32.93861],[118.993169,32.958196],[119.020886,32.955685],[119.054763,32.8748],[119.113277,32.823014],[119.184726,32.825529],[119.211827,32.708275],[119.208748,32.641276],[119.230921,32.607001],[119.22045,32.576748],[119.152697,32.557582],[119.168096,32.536394],[119.142226,32.499556],[119.084944,32.452602],[119.041212,32.515201],[118.975923,32.505108],[118.922336,32.557078],[118.92172,32.557078],[118.922336,32.557078],[118.92172,32.557078],[118.890923,32.553042],[118.908169,32.59238],[118.84288,32.56767],[118.820706,32.60448],[118.784981,32.582295],[118.757264,32.603976],[118.73509,32.58885],[118.719076,32.614059],[118.719076,32.614059],[118.688895,32.588346],[118.658714,32.594397],[118.632844,32.578261],[118.59712,32.600951],[118.568787,32.585825],[118.564475,32.562122],[118.608823,32.536899],[118.592192,32.481383],[118.628533,32.467751],[118.691359,32.472295],[118.685199,32.403604],[118.703061,32.328792],[118.657482,32.30148],[118.674728,32.250375],[118.643931,32.209875],[118.510888,32.194176],[118.49549,32.165304],[118.501033,32.121726],[118.433896,32.086746],[118.394476,32.076098],[118.389548,31.985281],[118.363679,31.930443],[118.472084,31.879639],[118.466541,31.857784],[118.504729,31.841516],[118.481939,31.778453],[118.533678,31.76726],[118.521975,31.743343],[118.5577,31.73011],[118.571866,31.746397],[118.641467,31.75861],[118.653786,31.73011],[118.697518,31.709747],[118.643315,31.671555],[118.643315,31.649651],[118.736322,31.633347],[118.748025,31.675629],[118.773894,31.682759],[118.802844,31.619078],[118.858894,31.623665],[118.881684,31.564023],[118.885995,31.519139],[118.883532,31.500261],[118.852119,31.393553],[118.824401,31.375672],[118.767735,31.363919],[118.745561,31.372606],[118.720924,31.322518],[118.726467,31.282121],[118.756648,31.279564],[118.794836,31.229426],[118.870597,31.242219],[118.984546,31.237102],[119.014727,31.241707],[119.10527,31.235055],[119.107118,31.250917],[119.158241,31.294907],[119.197661,31.295418],[119.198277,31.270357],[119.266646,31.250405],[119.294363,31.263195],[119.338095,31.259103],[119.350414,31.301043],[119.374435,31.258591],[119.360269,31.213049],[119.391682,31.174142],[119.439109,31.177214],[119.461283,31.156219],[119.532732,31.159291],[119.599869,31.10909],[119.623891,31.130096],[119.678093,31.167997],[119.705811,31.152634],[119.715666,31.169533],[119.779723,31.17875],[119.809904,31.148536],[119.827151,31.174142],[119.878274,31.160828],[119.921389,31.170045],[119.946027,31.106016],[119.988527,31.059375],[120.001461,31.027071],[120.052584,31.00553],[120.111099,30.955761],[120.149903,30.937283],[120.223816,30.926502],[120.316206,30.933689],[120.371025,30.948575],[120.35809,30.886964],[120.42338,30.902884],[120.435083,30.920855],[120.441858,30.860768],[120.460336,30.839702],[120.489285,30.763624],[120.504684,30.757967],[120.563814,30.835592],[120.589684,30.854089],[120.654973,30.846896],[120.68269,30.882342],[120.713487,30.88491],[120.709176,30.933176],[120.684538,30.955247],[120.698089,30.970643],[120.746132,30.962432],[120.770154,30.996809],[120.820661,31.006556],[120.865624,30.989627],[120.901349,31.017327],[120.890878,31.094229],[120.859465,31.100379],[120.881023,31.134706],[120.930298,31.141365],[121.018377,31.134194],[121.076892,31.158267],[121.060261,31.245289],[121.090442,31.291838],[121.142797,31.275472],[121.130478,31.343987],[121.113848,31.37465],[121.143413,31.392021],[121.174826,31.44922],[121.241963,31.493117],[121.247507,31.476785],[121.301093,31.49873],[121.301093,31.49873],[121.343593,31.511996],[121.371926,31.553314],[121.289391,31.61653],[121.145261,31.75403],[121.118775,31.759119],[121.200079,31.834907],[121.265369,31.863883],[121.323267,31.868458],[121.384861,31.833382],[121.431673,31.769295],[121.49881,31.753012],[121.599824,31.703128],[121.64294,31.697527],[121.715005,31.673592],[121.974931,31.61704],[121.970004,31.718911],[121.889315,31.866425],[121.856055,31.955328],[121.772287,32.032984],[121.759352,32.059362],[121.525295,32.136423],[121.542542,32.152132],[121.458774,32.177462],[121.499426,32.211394],[121.493882,32.263533],[121.450151,32.282256],[121.425513,32.430885],[121.390405,32.460682],[121.352216,32.474315],[121.269681,32.483402],[121.153268,32.52933],[121.121855,32.569183],[121.076892,32.576243],[121.020225,32.605489],[120.961711,32.612042],[120.979573,32.636236],[120.963559,32.68259],[120.916131,32.701225],[120.953088,32.714318],[120.972182,32.761134],[120.981421,32.85972],[120.957399,32.893395],[120.932762,33.005887],[120.917979,33.02596],[120.871784,33.047032],[120.874247,33.093672],[120.843451,33.209915],[120.819429,33.237951],[120.833595,33.274984],[120.813885,33.303499],[120.769538,33.307],[120.741205,33.337505],[120.717183,33.436945],[120.680227,33.520306],[120.622944,33.615051],[120.611241,33.627012],[120.583524,33.668362],[120.534249,33.782346],[120.48559,33.859411],[120.367329,34.091674],[120.347619,34.179352],[120.314359,34.255563],[120.311895,34.306991],[120.103707,34.391481],[119.962657,34.459112],[119.811752,34.485754],[119.781571,34.515839],[119.641137,34.569078],[119.610956,34.592729],[119.569072,34.615389],[119.465594,34.672994],[119.525956,34.73351],[119.456971,34.748264],[119.381827,34.752198],[119.494543,34.754656],[119.497007,34.754164],[119.439725,34.785136],[119.440957,34.769406],[119.378747,34.764489],[119.312841,34.774813],[119.272189,34.797914],[119.238313,34.799388],[119.217371,34.827886],[119.202588,34.890253],[119.214907,34.925589],[119.211211,34.981507],[119.238313,35.048657],[119.285124,35.068252],[119.291899,35.028567],[119.307298,35.032977],[119.292515,35.068742],[119.306066,35.076578],[119.286972,35.115261],[119.250016,35.124562],[119.217371,35.106939],[119.137915,35.096167],[119.114509,35.055026],[119.027045,35.055516],[118.942662,35.040817],[118.928495,35.051106],[118.86259,35.025626],[118.860742,34.944233],[118.805307,34.87307],[118.80038,34.843114],[118.772047,34.794474],[118.739402,34.792508],[118.719076,34.745313],[118.764039,34.740396],[118.783749,34.723181],[118.739402,34.693663],[118.690127,34.678408],[118.664257,34.693663],[118.607591,34.694155],[118.601431,34.714327],[118.545997,34.705964],[118.460997,34.656258],[118.473932,34.623269],[118.439439,34.626223],[118.424657,34.595193],[118.439439,34.507949],[118.416034,34.473914],[118.404947,34.427525],[118.379693,34.415183],[118.290382,34.424563],[118.277447,34.404814],[118.220165,34.405802],[118.217701,34.379134],[118.179513,34.379628],[118.177665,34.45319],[118.132702,34.483287],[118.16473,34.50499],[118.185056,34.543942],[118.079115,34.569571],[118.114839,34.614404],[118.084042,34.655766],[118.053861,34.650843],[117.951615,34.678408],[117.909732,34.670533],[117.902956,34.644443],[117.793935,34.651827],[117.791471,34.583368],[117.801942,34.518798],[117.684298,34.547392],[117.659044,34.501044],[117.609769,34.490686],[117.592523,34.462566],[117.53832,34.467006],[117.465023,34.484767],[117.402813,34.550843],[117.402813,34.569571],[117.370785,34.584846],[117.325205,34.573021],[117.325205,34.573021],[117.32151,34.566614],[117.32151,34.566614],[117.311654,34.561686],[117.311654,34.561686]]]]}},{"type":"Feature","properties":{"adcode":330000,"name":"浙江省","center":[120.153576,30.287459],"centroid":[120.109913,29.181466],"childrenNum":11,"level":"province","parent":{"adcode":100000},"subFeatureIndex":10,"acroutes":[100000]},"geometry":{"type":"MultiPolygon","coordinates":[[[[118.433896,28.288335],[118.444367,28.253548],[118.490562,28.238259],[118.493026,28.262509],[118.588497,28.282538],[118.595272,28.258292],[118.651322,28.277267],[118.674728,28.27147],[118.699366,28.309939],[118.719692,28.312047],[118.756032,28.252493],[118.802228,28.240368],[118.804075,28.207675],[118.771431,28.188687],[118.805923,28.154923],[118.802228,28.117453],[118.767735,28.10584],[118.719076,28.063601],[118.733858,28.027684],[118.730163,27.970615],[118.753568,27.947885],[118.818242,27.916689],[118.829329,27.847921],[118.873677,27.733563],[118.879836,27.667859],[118.913713,27.619616],[118.909401,27.568168],[118.869365,27.540047],[118.907553,27.460952],[118.955597,27.4498],[118.986393,27.47582],[118.983314,27.498649],[119.020886,27.498118],[119.03998,27.478475],[119.092335,27.466262],[119.129907,27.475289],[119.121284,27.438115],[119.14777,27.424836],[119.224146,27.416868],[119.26911,27.42218],[119.285124,27.457766],[119.334399,27.480067],[119.360269,27.524657],[119.416935,27.539517],[119.438493,27.508734],[119.466826,27.526249],[119.501935,27.610601],[119.501319,27.649837],[119.541971,27.666799],[119.606028,27.674749],[119.644217,27.663619],[119.626354,27.620676],[119.630666,27.582491],[119.675014,27.574534],[119.659615,27.540578],[119.690412,27.537394],[119.70889,27.514042],[119.703347,27.446613],[119.685485,27.438646],[119.711354,27.403054],[119.750774,27.373829],[119.739687,27.362668],[119.782187,27.330241],[119.768636,27.307909],[119.843165,27.300464],[119.938636,27.329709],[119.960194,27.365857],[120.008237,27.375423],[120.026099,27.344063],[120.052584,27.338747],[120.096316,27.390302],[120.136968,27.402523],[120.134504,27.420055],[120.221352,27.420055],[120.26262,27.432804],[120.273091,27.38924],[120.340844,27.399867],[120.343924,27.363199],[120.430155,27.258976],[120.401822,27.250996],[120.404286,27.204166],[120.461568,27.142407],[120.492365,27.136016],[120.545952,27.156785],[120.574901,27.234501],[120.554575,27.25206],[120.580444,27.321203],[120.665444,27.357884],[120.673451,27.420055],[120.703016,27.478475],[120.637111,27.561271],[120.634647,27.577186],[120.685154,27.622797],[120.709176,27.682699],[120.771386,27.734623],[120.777545,27.774873],[120.809574,27.775402],[120.840371,27.758986],[120.910588,27.864852],[120.942001,27.896592],[120.97403,27.887071],[121.027616,27.832574],[121.070116,27.834162],[121.107688,27.81352],[121.152036,27.815638],[121.134174,27.787051],[121.13479,27.787051],[121.149572,27.801345],[121.149572,27.801875],[121.153268,27.809815],[121.152652,27.810344],[121.192072,27.822518],[121.193304,27.872259],[121.162507,27.879136],[121.162507,27.90717],[121.099681,27.895005],[121.05595,27.900294],[120.991892,27.95],[121.015298,27.981714],[121.059029,28.096338],[121.108304,28.139092],[121.121239,28.12537],[121.140949,28.031382],[121.176058,28.022401],[121.261057,28.034551],[121.299862,28.067297],[121.328195,28.134343],[121.373774,28.133287],[121.402107,28.197127],[121.45631,28.250385],[121.488955,28.301509],[121.538846,28.299401],[121.571491,28.279376],[121.580114,28.240368],[121.627541,28.251966],[121.669425,28.33312],[121.660186,28.355768],[121.634317,28.347868],[121.658954,28.392628],[121.692831,28.407368],[121.671273,28.472621],[121.646019,28.511544],[121.634317,28.562542],[121.596128,28.575156],[121.557324,28.645033],[121.540694,28.655537],[121.646019,28.682842],[121.689135,28.719062],[121.704534,28.804577],[121.687287,28.863294],[121.774751,28.863818],[121.772287,28.898404],[121.743338,28.954451],[121.711309,28.985865],[121.712541,29.028783],[121.658954,29.058606],[121.660186,29.118226],[121.616454,29.143318],[121.608447,29.168927],[121.715621,29.125022],[121.750113,29.136523],[121.767975,29.166837],[121.780294,29.10986],[121.811091,29.10986],[121.85975,29.086328],[121.884388,29.105677],[121.966308,29.052852],[121.970004,29.092604],[121.988482,29.110906],[121.986634,29.154817],[121.948446,29.193485],[121.971851,29.193485],[121.966924,29.249894],[122.002032,29.260336],[122.000185,29.278608],[121.94475,29.28435],[121.958301,29.334448],[121.936127,29.348012],[121.937975,29.384],[121.975547,29.411113],[121.993409,29.45229],[121.973083,29.477821],[121.968772,29.515846],[121.995257,29.545007],[122.000185,29.582486],[121.966308,29.636078],[121.909641,29.650122],[121.872685,29.632437],[121.833265,29.653242],[121.937359,29.748373],[122.003264,29.762401],[122.043916,29.822647],[122.10243,29.859504],[122.143082,29.877668],[122.140003,29.901535],[122.00696,29.891678],[122.00388,29.92021],[121.971235,29.955476],[121.919497,29.920729],[121.835113,29.958068],[121.78399,29.99332],[121.721164,29.992802],[121.699606,30.007832],[121.652795,30.071037],[121.635548,30.070002],[121.561636,30.184395],[121.497578,30.258861],[121.395332,30.338435],[121.371926,30.37097],[121.328195,30.397299],[121.225333,30.404526],[121.183449,30.434458],[121.092906,30.515952],[121.058413,30.563888],[121.148956,30.599953],[121.188992,30.632916],[121.239499,30.648878],[121.274608,30.677191],[121.272144,30.723504],[121.232108,30.755909],[121.21671,30.785734],[121.174826,30.771851],[121.123087,30.77905],[121.13787,30.826342],[121.097833,30.857171],[121.060261,30.845354],[121.038087,30.814007],[120.991892,30.837133],[121.020225,30.872069],[120.993124,30.889532],[121.000515,30.938309],[120.989428,31.01425],[120.949392,31.030148],[120.940153,31.010146],[120.901349,31.017327],[120.865624,30.989627],[120.820661,31.006556],[120.770154,30.996809],[120.746132,30.962432],[120.698089,30.970643],[120.684538,30.955247],[120.709176,30.933176],[120.713487,30.88491],[120.68269,30.882342],[120.654973,30.846896],[120.589684,30.854089],[120.563814,30.835592],[120.504684,30.757967],[120.489285,30.763624],[120.460336,30.839702],[120.441858,30.860768],[120.435083,30.920855],[120.42338,30.902884],[120.35809,30.886964],[120.371025,30.948575],[120.316206,30.933689],[120.223816,30.926502],[120.149903,30.937283],[120.111099,30.955761],[120.052584,31.00553],[120.001461,31.027071],[119.988527,31.059375],[119.946027,31.106016],[119.921389,31.170045],[119.878274,31.160828],[119.827151,31.174142],[119.809904,31.148536],[119.779723,31.17875],[119.715666,31.169533],[119.705811,31.152634],[119.678093,31.167997],[119.623891,31.130096],[119.649144,31.104991],[119.629434,31.085517],[119.633746,31.019379],[119.580159,30.967051],[119.582007,30.932149],[119.563529,30.919315],[119.557369,30.874124],[119.575847,30.829939],[119.55429,30.825828],[119.527188,30.77905],[119.479761,30.772365],[119.482841,30.704467],[119.444652,30.650422],[119.408312,30.645274],[119.39045,30.685941],[119.343022,30.664322],[119.323312,30.630341],[119.238929,30.609225],[119.265414,30.574709],[119.237081,30.546881],[119.272189,30.510281],[119.326392,30.532964],[119.336247,30.508734],[119.335015,30.448389],[119.36766,30.38491],[119.402768,30.374584],[119.349182,30.349281],[119.326392,30.372002],[119.277117,30.341018],[119.246936,30.341018],[119.236465,30.297106],[119.201356,30.290905],[119.126828,30.304856],[119.091719,30.323972],[119.06277,30.304856],[118.988857,30.332237],[118.954365,30.360126],[118.880452,30.31519],[118.877988,30.282637],[118.905089,30.216464],[118.929727,30.2025],[118.852735,30.166805],[118.852119,30.149729],[118.895234,30.148694],[118.873677,30.11505],[118.878604,30.064822],[118.902626,30.029078],[118.894619,29.937845],[118.838568,29.934733],[118.841032,29.891159],[118.740634,29.814859],[118.744945,29.73902],[118.700598,29.706277],[118.647011,29.64336],[118.61991,29.654282],[118.573714,29.638159],[118.532446,29.588731],[118.500417,29.57572],[118.496106,29.519492],[118.381541,29.504909],[118.347664,29.474174],[118.329802,29.495012],[118.306396,29.479384],[118.316252,29.422581],[118.248498,29.431443],[118.193064,29.395472],[118.205382,29.343839],[118.166578,29.314099],[118.178281,29.297921],[118.138861,29.283828],[118.077883,29.290614],[118.073571,29.216993],[118.042159,29.210202],[118.027992,29.167882],[118.045238,29.149068],[118.037847,29.102017],[118.076035,29.074822],[118.066796,29.053898],[118.097593,28.998952],[118.115455,29.009944],[118.115455,29.009944],[118.133933,28.983771],[118.165346,28.986912],[118.227556,28.942406],[118.195527,28.904167],[118.270056,28.918836],[118.300237,28.826075],[118.364295,28.813491],[118.403099,28.702791],[118.428352,28.681267],[118.428352,28.617193],[118.428352,28.617193],[118.412338,28.55676],[118.4302,28.515225],[118.414802,28.497344],[118.474548,28.478934],[118.456686,28.424738],[118.432048,28.402104],[118.455454,28.384204],[118.480091,28.327325],[118.433896,28.288335]]],[[[122.163408,29.988137],[122.239785,29.962735],[122.279205,29.937326],[122.322321,29.940438],[122.341415,29.976733],[122.343879,30.020269],[122.310002,30.039958],[122.290908,30.074663],[122.301379,30.086574],[122.293988,30.100554],[122.152938,30.113497],[122.095655,30.158008],[122.048844,30.147141],[121.955221,30.183878],[121.934895,30.161631],[121.983554,30.100554],[121.989714,30.077252],[121.978011,30.059125],[122.027902,29.991247],[122.106742,30.005759],[122.118445,29.986582],[122.163408,29.988137]]],[[[122.213915,30.186464],[122.178807,30.199396],[122.152938,30.19112],[122.143698,30.163183],[122.168336,30.138343],[122.213915,30.186464]]],[[[122.229314,29.711995],[122.210836,29.700559],[122.269966,29.685482],[122.231162,29.710435],[122.229314,29.711995]]],[[[122.427646,30.738422],[122.427031,30.697777],[122.532972,30.696748],[122.528045,30.725047],[122.475074,30.714243],[122.445509,30.745109],[122.427646,30.738422]]],[[[122.162793,30.329654],[122.058083,30.291938],[122.154169,30.244903],[122.231778,30.234562],[122.247176,30.30124],[122.228082,30.329654],[122.191126,30.329654],[122.176343,30.351863],[122.162793,30.329654]]],[[[122.317393,30.249556],[122.277973,30.242835],[122.358661,30.236113],[122.365437,30.255242],[122.417175,30.238699],[122.40732,30.272817],[122.333408,30.272817],[122.317393,30.249556]]],[[[122.026054,29.178333],[122.013119,29.151681],[122.056851,29.158476],[122.075945,29.176243],[122.036525,29.20759],[122.026054,29.178333]]],[[[122.372212,29.893234],[122.386379,29.834069],[122.415944,29.828877],[122.401777,29.869884],[122.433806,29.883376],[122.43319,29.919173],[122.411632,29.951846],[122.398081,29.9394],[122.351886,29.959105],[122.330944,29.937845],[122.338951,29.911911],[122.353734,29.89946],[122.362973,29.894272],[122.372212,29.893234]]],[[[122.43011,30.408655],[122.432574,30.445294],[122.37406,30.461802],[122.277973,30.471603],[122.281669,30.418461],[122.318625,30.407106],[122.352502,30.422074],[122.43011,30.408655]]],[[[121.837577,28.770484],[121.86283,28.782024],[121.861598,28.814016],[121.837577,28.770484]]],[[[122.265038,29.84549],[122.221307,29.832512],[122.248408,29.804473],[122.310002,29.766557],[122.325401,29.781621],[122.299531,29.819532],[122.319241,29.829397],[122.265038,29.84549]]],[[[121.790765,29.082144],[121.832649,29.050236],[121.84312,29.082144],[121.82033,29.099402],[121.790765,29.082144]]],[[[121.201311,27.623328],[121.197616,27.618025],[121.198848,27.616964],[121.203775,27.625979],[121.201311,27.623328]]],[[[121.943518,30.776993],[121.968156,30.688514],[121.997105,30.658659],[122.087032,30.602014],[122.133227,30.595317],[122.075329,30.647848],[122.011271,30.66947],[121.992793,30.695204],[121.987866,30.753338],[121.970004,30.789333],[121.943518,30.776993]]],[[[121.889315,28.471569],[121.918881,28.497344],[121.881924,28.502603],[121.889315,28.471569]]],[[[122.182503,29.650642],[122.211452,29.692241],[122.200365,29.712515],[122.146778,29.749412],[122.13138,29.788893],[122.083952,29.78318],[122.047612,29.719791],[122.074097,29.701599],[122.095655,29.716673],[122.138155,29.662083],[122.182503,29.650642]]],[[[122.461523,29.944068],[122.459675,29.944586],[122.460291,29.947179],[122.451668,29.943031],[122.451052,29.940956],[122.450436,29.940956],[122.449204,29.9394],[122.4529,29.936807],[122.452284,29.935252],[122.45598,29.926435],[122.457827,29.927472],[122.462755,29.927991],[122.467067,29.928509],[122.459059,29.938882],[122.461523,29.944068]]],[[[122.570544,30.644244],[122.559457,30.679764],[122.546523,30.651967],[122.570544,30.644244]]],[[[121.869605,28.423685],[121.910873,28.44],[121.889931,28.45105],[121.869605,28.423685]]],[[[122.065474,30.179739],[122.055619,30.200431],[122.017431,30.186464],[122.025438,30.161631],[122.065474,30.179739]]],[[[122.391306,29.970512],[122.411632,30.025969],[122.378371,30.023896],[122.3679,29.980361],[122.391306,29.970512]]],[[[121.850511,29.977251],[121.874533,29.964809],[121.933047,29.994875],[121.924424,30.052391],[121.88562,30.094859],[121.848663,30.101072],[121.84004,30.047211],[121.844968,29.982953],[121.850511,29.977251]]],[[[121.066421,27.478475],[121.066421,27.461483],[121.107073,27.443958],[121.067036,27.478475],[121.066421,27.478475]]],[[[121.952141,29.187738],[121.979243,29.160043],[121.976779,29.191918],[121.952141,29.187738]]],[[[122.038373,29.759284],[122.011271,29.746294],[122.02975,29.716673],[122.038373,29.759284]]],[[[121.940438,30.114533],[121.910257,30.089163],[121.945982,30.064304],[121.962612,30.106249],[121.940438,30.114533]]],[[[121.957685,30.287804],[122.0008,30.308473],[121.989098,30.339985],[121.94167,30.33327],[121.921344,30.30744],[121.957685,30.287804]]],[[[122.192974,29.965327],[122.163408,29.988137],[122.152322,29.97103],[122.154169,29.97103],[122.155401,29.970512],[122.18435,29.955476],[122.192974,29.965327]]],[[[122.287828,29.723949],[122.301379,29.748373],[122.258263,29.753569],[122.241633,29.784738],[122.2133,29.771752],[122.251488,29.731225],[122.287828,29.723949]]],[[[121.134174,27.787051],[121.134174,27.785992],[121.13479,27.787051],[121.134174,27.787051]]],[[[122.760254,30.141966],[122.784275,30.130062],[122.781196,30.13265],[122.778116,30.13679],[122.770725,30.138861],[122.763333,30.141966],[122.762101,30.142484],[122.760254,30.141966]]],[[[122.264423,30.269716],[122.253952,30.237147],[122.315545,30.250073],[122.300147,30.271266],[122.264423,30.269716]]],[[[122.282901,29.860542],[122.30877,29.849642],[122.343263,29.860542],[122.343263,29.882857],[122.301379,29.883895],[122.282901,29.860542]]],[[[122.781196,30.694175],[122.799674,30.716301],[122.778732,30.729677],[122.757174,30.713728],[122.781196,30.694175]]],[[[121.098449,27.937311],[121.152652,27.961629],[121.120623,27.986471],[121.0695,27.984357],[121.038087,27.948942],[121.098449,27.937311]]],[[[121.185913,27.963215],[121.237652,27.988056],[121.197616,28.000739],[121.17113,27.978543],[121.185913,27.963215]]],[[[122.454132,29.956513],[122.447972,29.955994],[122.445509,29.952365],[122.446741,29.951327],[122.447972,29.947698],[122.459059,29.950809],[122.458443,29.951846],[122.455364,29.955994],[122.454132,29.956513]]],[[[122.836014,30.698806],[122.831087,30.728648],[122.807681,30.714243],[122.836014,30.698806]]],[[[122.200365,29.969475],[122.233626,29.946661],[122.273662,29.93214],[122.239785,29.960142],[122.200365,29.969475]]],[[[122.029134,29.954957],[122.043916,29.930584],[122.058699,29.955994],[122.029134,29.954957]]],[[[121.044247,27.979072],[121.089826,27.998625],[121.073812,28.007608],[121.044247,27.979072]]],[[[122.471378,29.927472],[122.470762,29.925916],[122.473226,29.925397],[122.47261,29.927472],[122.471378,29.927472]]],[[[122.152322,29.97103],[122.155401,29.970512],[122.154169,29.97103],[122.152322,29.97103]]]]}},{"type":"Feature","properties":{"adcode":340000,"name":"安徽省","center":[117.283042,31.86119],"centroid":[117.226884,31.849254],"childrenNum":16,"level":"province","parent":{"adcode":100000},"subFeatureIndex":11,"acroutes":[100000]},"geometry":{"type":"MultiPolygon","coordinates":[[[[116.599629,34.014324],[116.641512,33.978103],[116.64336,33.896675],[116.631042,33.887733],[116.566984,33.9081],[116.558361,33.881274],[116.486296,33.869846],[116.437637,33.846489],[116.437021,33.801246],[116.408071,33.805721],[116.393905,33.782843],[116.316912,33.771402],[116.263326,33.730101],[116.230065,33.735078],[116.155536,33.709693],[116.132747,33.751501],[116.100102,33.782843],[116.074232,33.781351],[116.055754,33.804727],[116.05945,33.860902],[115.982457,33.917039],[116.00032,33.965199],[115.95782,34.007875],[115.904233,34.009859],[115.876516,34.028708],[115.877132,34.002913],[115.85003,34.004898],[115.846335,34.028708],[115.809378,34.062428],[115.768726,34.061932],[115.736082,34.076805],[115.705901,34.059949],[115.658473,34.061437],[115.642459,34.03218],[115.60735,34.030196],[115.579017,33.974133],[115.577785,33.950307],[115.547604,33.874815],[115.631988,33.869846],[115.614126,33.775879],[115.576553,33.787817],[115.563003,33.772895],[115.601807,33.718653],[115.601191,33.658898],[115.639995,33.585143],[115.564851,33.576169],[115.511264,33.55323],[115.463837,33.567193],[115.422569,33.557219],[115.394851,33.506335],[115.366518,33.5233],[115.345576,33.502842],[115.345576,33.449928],[115.324634,33.457418],[115.315395,33.431451],[115.328946,33.403477],[115.313547,33.376994],[115.341881,33.370997],[115.365286,33.336005],[115.361591,33.298497],[115.335105,33.297997],[115.340033,33.260973],[115.300613,33.204407],[115.303692,33.149809],[115.289526,33.131769],[115.245178,33.135778],[115.194671,33.120743],[115.168186,33.088658],[115.041302,33.086653],[114.990795,33.102195],[114.966158,33.147304],[114.932897,33.153817],[114.902716,33.129764],[114.897172,33.086653],[114.913187,33.083143],[114.925506,33.016928],[114.891629,33.020441],[114.883006,32.990328],[114.916266,32.971251],[114.943368,32.935094],[115.009273,32.940117],[115.035143,32.932582],[115.029599,32.906962],[115.139237,32.897917],[115.155867,32.864747],[115.197135,32.856201],[115.189744,32.812452],[115.211301,32.785791],[115.189744,32.770695],[115.179273,32.726402],[115.182968,32.666973],[115.20083,32.591876],[115.24333,32.593388],[115.267352,32.578261],[115.30554,32.583303],[115.304924,32.553042],[115.411482,32.575235],[115.409018,32.549007],[115.497713,32.492489],[115.5088,32.468761],[115.510648,32.468761],[115.510648,32.468256],[115.510648,32.467751],[115.509416,32.466741],[115.522967,32.441997],[115.57101,32.419266],[115.604271,32.425833],[115.626445,32.40512],[115.657857,32.428864],[115.667712,32.409667],[115.704669,32.495013],[115.742241,32.476335],[115.771806,32.505108],[115.789052,32.468761],[115.861117,32.537403],[115.891298,32.576243],[115.910393,32.567165],[115.8759,32.542448],[115.845719,32.501575],[115.883291,32.487946],[115.865429,32.458662],[115.899306,32.390971],[115.912856,32.227596],[115.941805,32.166318],[115.922095,32.049725],[115.928871,32.003046],[115.909161,31.94314],[115.920248,31.920285],[115.894994,31.8649],[115.893762,31.832365],[115.914704,31.814567],[115.886371,31.776418],[115.851878,31.786593],[115.808147,31.770313],[115.808147,31.770313],[115.767495,31.78761],[115.731154,31.76726],[115.676336,31.778453],[115.553764,31.69549],[115.534054,31.698545],[115.495249,31.673083],[115.476771,31.643028],[115.485394,31.608885],[115.439815,31.588496],[115.415793,31.525771],[115.371446,31.495668],[115.389924,31.450241],[115.373909,31.405813],[115.393004,31.389977],[115.372062,31.349098],[115.40717,31.337854],[115.443511,31.344498],[115.473076,31.265242],[115.507568,31.267799],[115.539597,31.231985],[115.540213,31.194621],[115.585793,31.143926],[115.603655,31.17363],[115.655394,31.211002],[115.700973,31.201276],[115.778582,31.112164],[115.797676,31.128047],[115.837712,31.127022],[115.867277,31.147512],[115.887603,31.10909],[115.939958,31.071678],[115.938726,31.04707],[116.006479,31.034764],[116.015102,31.011685],[116.058834,31.012711],[116.071769,30.956787],[116.03974,30.957813],[115.976298,30.931636],[115.932566,30.889532],[115.865429,30.864364],[115.848799,30.828397],[115.863581,30.815549],[115.851262,30.756938],[115.782893,30.751795],[115.762567,30.685426],[115.81369,30.637035],[115.819234,30.597893],[115.848799,30.602014],[115.876516,30.582438],[115.887603,30.542758],[115.910393,30.519046],[115.894994,30.452517],[115.921479,30.416397],[115.885139,30.379747],[115.91532,30.337919],[115.903001,30.31364],[115.985537,30.290905],[115.997856,30.252657],[116.065609,30.204569],[116.055754,30.180774],[116.088399,30.110391],[116.078544,30.062233],[116.091479,30.036331],[116.073616,29.969993],[116.128435,29.897904],[116.13521,29.819532],[116.172783,29.828358],[116.227601,29.816936],[116.250391,29.785777],[116.280572,29.788893],[116.342782,29.835626],[116.467818,29.896347],[116.525716,29.897385],[116.552201,29.909836],[116.585462,30.045657],[116.620571,30.073109],[116.666766,30.076734],[116.720353,30.053945],[116.747454,30.057053],[116.783794,30.030632],[116.802889,29.99643],[116.830606,30.004723],[116.83307,29.95755],[116.868794,29.980361],[116.900207,29.949253],[116.882961,29.893753],[116.780715,29.792529],[116.762237,29.802396],[116.673541,29.709916],[116.698795,29.707836],[116.70557,29.69692],[116.706802,29.6964],[116.704954,29.688602],[116.680317,29.681323],[116.651983,29.637118],[116.716657,29.590813],[116.721585,29.564789],[116.760389,29.599139],[116.780715,29.569994],[116.849084,29.57624],[116.873722,29.609546],[116.939627,29.648561],[116.974736,29.657403],[116.996294,29.683403],[117.041873,29.680803],[117.112706,29.711995],[117.108395,29.75201],[117.136728,29.775388],[117.123177,29.798761],[117.073286,29.831992],[117.127489,29.86158],[117.129952,29.89946],[117.171836,29.920729],[117.2168,29.926953],[117.246365,29.915023],[117.261763,29.880781],[117.25314,29.834588],[117.29256,29.822647],[117.338756,29.848085],[117.359082,29.812782],[117.382487,29.840818],[117.415132,29.85068],[117.408973,29.802396],[117.455168,29.749412],[117.453936,29.688082],[117.490277,29.660003],[117.530313,29.654282],[117.523538,29.630356],[117.543248,29.588731],[117.608537,29.591333],[117.647957,29.614749],[117.678754,29.595496],[117.690457,29.555939],[117.729877,29.550213],[117.795167,29.570515],[117.872775,29.54761],[117.933753,29.549172],[118.00397,29.578322],[118.042774,29.566351],[118.050782,29.542924],[118.095129,29.534072],[118.143788,29.489803],[118.127774,29.47209],[118.136397,29.418932],[118.193064,29.395472],[118.248498,29.431443],[118.316252,29.422581],[118.306396,29.479384],[118.329802,29.495012],[118.347664,29.474174],[118.381541,29.504909],[118.496106,29.519492],[118.500417,29.57572],[118.532446,29.588731],[118.573714,29.638159],[118.61991,29.654282],[118.647011,29.64336],[118.700598,29.706277],[118.744945,29.73902],[118.740634,29.814859],[118.841032,29.891159],[118.838568,29.934733],[118.894619,29.937845],[118.902626,30.029078],[118.878604,30.064822],[118.873677,30.11505],[118.895234,30.148694],[118.852119,30.149729],[118.852735,30.166805],[118.929727,30.2025],[118.905089,30.216464],[118.877988,30.282637],[118.880452,30.31519],[118.954365,30.360126],[118.988857,30.332237],[119.06277,30.304856],[119.091719,30.323972],[119.126828,30.304856],[119.201356,30.290905],[119.236465,30.297106],[119.246936,30.341018],[119.277117,30.341018],[119.326392,30.372002],[119.349182,30.349281],[119.402768,30.374584],[119.36766,30.38491],[119.335015,30.448389],[119.336247,30.508734],[119.326392,30.532964],[119.272189,30.510281],[119.237081,30.546881],[119.265414,30.574709],[119.238929,30.609225],[119.323312,30.630341],[119.343022,30.664322],[119.39045,30.685941],[119.408312,30.645274],[119.444652,30.650422],[119.482841,30.704467],[119.479761,30.772365],[119.527188,30.77905],[119.55429,30.825828],[119.575847,30.829939],[119.557369,30.874124],[119.563529,30.919315],[119.582007,30.932149],[119.580159,30.967051],[119.633746,31.019379],[119.629434,31.085517],[119.649144,31.104991],[119.623891,31.130096],[119.599869,31.10909],[119.532732,31.159291],[119.461283,31.156219],[119.439109,31.177214],[119.391682,31.174142],[119.360269,31.213049],[119.374435,31.258591],[119.350414,31.301043],[119.338095,31.259103],[119.294363,31.263195],[119.266646,31.250405],[119.198277,31.270357],[119.197661,31.295418],[119.158241,31.294907],[119.107118,31.250917],[119.10527,31.235055],[119.014727,31.241707],[118.984546,31.237102],[118.870597,31.242219],[118.794836,31.229426],[118.756648,31.279564],[118.726467,31.282121],[118.720924,31.322518],[118.745561,31.372606],[118.767735,31.363919],[118.824401,31.375672],[118.852119,31.393553],[118.883532,31.500261],[118.857046,31.506384],[118.865669,31.519139],[118.885995,31.519139],[118.881684,31.564023],[118.858894,31.623665],[118.802844,31.619078],[118.773894,31.682759],[118.748025,31.675629],[118.736322,31.633347],[118.643315,31.649651],[118.643315,31.671555],[118.697518,31.709747],[118.653786,31.73011],[118.641467,31.75861],[118.571866,31.746397],[118.5577,31.73011],[118.521975,31.743343],[118.533678,31.76726],[118.481939,31.778453],[118.504729,31.841516],[118.466541,31.857784],[118.472084,31.879639],[118.363679,31.930443],[118.389548,31.985281],[118.394476,32.076098],[118.433896,32.086746],[118.501033,32.121726],[118.49549,32.165304],[118.510888,32.194176],[118.643931,32.209875],[118.674728,32.250375],[118.657482,32.30148],[118.703061,32.328792],[118.685199,32.403604],[118.691359,32.472295],[118.628533,32.467751],[118.592192,32.481383],[118.608823,32.536899],[118.564475,32.562122],[118.568787,32.585825],[118.59712,32.600951],[118.632844,32.578261],[118.658714,32.594397],[118.688895,32.588346],[118.719076,32.614059],[118.719076,32.614059],[118.73509,32.58885],[118.757264,32.603976],[118.784981,32.582295],[118.820706,32.60448],[118.84288,32.56767],[118.908169,32.59238],[118.890923,32.553042],[118.92172,32.557078],[118.922336,32.557078],[118.92172,32.557078],[118.922336,32.557078],[118.975923,32.505108],[119.041212,32.515201],[119.084944,32.452602],[119.142226,32.499556],[119.168096,32.536394],[119.152697,32.557582],[119.22045,32.576748],[119.230921,32.607001],[119.208748,32.641276],[119.211827,32.708275],[119.184726,32.825529],[119.113277,32.823014],[119.054763,32.8748],[119.020886,32.955685],[118.993169,32.958196],[118.934039,32.93861],[118.892771,32.941121],[118.89585,32.957694],[118.89585,32.957694],[118.849039,32.956689],[118.846575,32.922034],[118.821322,32.920527],[118.810235,32.853687],[118.743097,32.853184],[118.743097,32.853184],[118.73817,32.772708],[118.756648,32.737477],[118.707373,32.72036],[118.642699,32.744525],[118.572482,32.719856],[118.560163,32.729926],[118.483787,32.721367],[118.450526,32.743518],[118.411106,32.715828],[118.375382,32.718849],[118.363063,32.770695],[118.334114,32.761637],[118.300237,32.783275],[118.301469,32.846145],[118.250346,32.848157],[118.2331,32.914498],[118.252194,32.936601],[118.291614,32.946143],[118.303933,32.96874],[118.26944,32.969242],[118.244803,32.998359],[118.243571,33.027967],[118.219549,33.114227],[118.217085,33.191888],[118.178281,33.217926],[118.149332,33.169348],[118.038463,33.134776],[118.037231,33.152314],[117.988572,33.180869],[117.977485,33.226437],[117.942376,33.224936],[117.939297,33.262475],[117.974405,33.279487],[117.992883,33.333005],[118.029224,33.374995],[118.016905,33.402978],[118.027376,33.455421],[118.050782,33.491863],[118.107448,33.475391],[118.117919,33.594615],[118.112376,33.617045],[118.16781,33.663381],[118.161035,33.735576],[118.117919,33.766427],[118.065564,33.76593],[118.019985,33.738562],[117.972557,33.74951],[117.901724,33.720146],[117.843826,33.736074],[117.791471,33.733585],[117.750203,33.710688],[117.72495,33.74951],[117.739732,33.758467],[117.759442,33.874318],[117.753899,33.891211],[117.715095,33.879287],[117.672595,33.934916],[117.671363,33.992494],[117.629479,34.028708],[117.612849,34.000433],[117.569117,33.985051],[117.543248,34.038627],[117.514914,34.060941],[117.435458,34.028212],[117.404045,34.03218],[117.357234,34.088205],[117.311654,34.067882],[117.277162,34.078787],[117.257452,34.065899],[117.192162,34.068873],[117.130568,34.101586],[117.123793,34.128342],[117.046801,34.151622],[117.025243,34.167469],[117.051112,34.221425],[116.969192,34.283753],[116.983359,34.348011],[116.960569,34.363821],[116.969192,34.389012],[116.909446,34.408271],[116.828142,34.389012],[116.782563,34.429993],[116.773939,34.453683],[116.722816,34.472434],[116.662454,34.472927],[116.592237,34.493646],[116.594085,34.511894],[116.490607,34.573513],[116.477057,34.614896],[116.432709,34.630163],[116.430245,34.650843],[116.374195,34.640011],[116.334159,34.620806],[116.32492,34.601104],[116.286116,34.608986],[116.247927,34.551829],[116.196804,34.575977],[116.191261,34.535561],[116.204196,34.508442],[116.178326,34.496112],[116.162312,34.459605],[116.178942,34.430487],[116.215898,34.403333],[116.213435,34.382098],[116.255934,34.376665],[116.301514,34.342082],[116.357564,34.319843],[116.372347,34.26595],[116.409303,34.273863],[116.409303,34.273863],[116.456731,34.268917],[116.516477,34.296114],[116.562056,34.285731],[116.582382,34.266444],[116.545426,34.241711],[116.542962,34.203608],[116.565752,34.16945],[116.536187,34.151127],[116.52818,34.122892],[116.576223,34.068873],[116.576223,34.068873],[116.599629,34.014324],[116.599629,34.014324]]],[[[118.865669,31.519139],[118.857046,31.506384],[118.883532,31.500261],[118.885995,31.519139],[118.865669,31.519139]]],[[[116.698795,29.707836],[116.673541,29.709916],[116.653831,29.694841],[116.680317,29.681323],[116.704954,29.688602],[116.706802,29.6964],[116.70557,29.69692],[116.698795,29.707836]]],[[[115.5088,32.468761],[115.509416,32.466741],[115.510648,32.467751],[115.510648,32.468256],[115.510648,32.468761],[115.5088,32.468761]]]]}},{"type":"Feature","properties":{"adcode":350000,"name":"福建省","center":[119.306239,26.075302],"centroid":[118.006468,26.069925],"childrenNum":9,"level":"province","parent":{"adcode":100000},"subFeatureIndex":12,"acroutes":[100000]},"geometry":{"type":"MultiPolygon","coordinates":[[[[119.004872,24.970009],[118.989473,24.973807],[119.023966,25.04377],[119.016575,25.058409],[118.974691,25.024792],[118.945126,25.028588],[118.892155,25.092558],[118.974691,25.115319],[118.951901,25.15162],[118.985162,25.168954],[118.985162,25.19495],[118.942046,25.211195],[118.940198,25.21715],[118.943278,25.221482],[118.903242,25.239347],[118.900162,25.242595],[118.919256,25.248008],[118.91556,25.256668],[118.918024,25.25721],[118.956212,25.272905],[118.996864,25.266411],[118.975307,25.237723],[118.990089,25.20199],[119.055379,25.219316],[119.074473,25.211195],[119.054147,25.168412],[119.032589,25.17437],[119.028893,25.139702],[119.06585,25.102855],[119.075705,25.099604],[119.134219,25.106107],[119.107118,25.075214],[119.119436,25.012861],[119.146538,25.056782],[119.165632,25.145661],[119.137299,25.15487],[119.108349,25.193867],[119.131755,25.223106],[119.190269,25.175995],[119.231537,25.188993],[119.26911,25.159746],[119.314689,25.190076],[119.294979,25.237182],[119.331935,25.230685],[119.380595,25.250173],[119.333167,25.287516],[119.299291,25.328634],[119.247552,25.333502],[119.240776,25.316733],[119.218603,25.368115],[119.14469,25.388121],[119.151465,25.426503],[119.191501,25.424341],[119.232153,25.442176],[119.219834,25.468654],[119.256175,25.488643],[119.275269,25.476758],[119.26295,25.428124],[119.288204,25.410827],[119.353493,25.411908],[119.343638,25.472436],[119.359037,25.521592],[119.400921,25.493505],[119.45266,25.493505],[119.438493,25.412449],[119.463131,25.448661],[119.491464,25.443257],[119.48592,25.418935],[119.507478,25.396231],[119.486536,25.369737],[119.548746,25.365952],[119.578927,25.400556],[119.555521,25.429205],[119.577695,25.445959],[119.59063,25.398394],[119.582623,25.374063],[119.597405,25.334584],[119.649144,25.342697],[119.665159,25.3719],[119.656535,25.396772],[119.670086,25.435691],[119.622659,25.434069],[119.675014,25.468113],[119.682405,25.445959],[119.688564,25.441095],[119.773564,25.395691],[119.764325,25.433529],[119.804977,25.457847],[119.866571,25.455145],[119.864107,25.469734],[119.862875,25.474597],[119.811136,25.507009],[119.81668,25.532393],[119.861027,25.531313],[119.883817,25.546432],[119.831462,25.579905],[119.843165,25.597717],[119.790194,25.614447],[119.785883,25.66786],[119.700267,25.616606],[119.683637,25.592859],[119.716898,25.551292],[119.715666,25.51187],[119.680557,25.497827],[119.675014,25.475137],[119.634362,25.475137],[119.611572,25.519972],[119.616499,25.556691],[119.586934,25.59232],[119.534579,25.585303],[119.541355,25.6247],[119.478529,25.631715],[119.472986,25.662466],[119.543819,25.684581],[119.602949,25.68512],[119.602949,25.714779],[119.626354,25.723406],[119.628202,25.87212],[119.638057,25.889888],[119.69534,25.904424],[119.723673,26.011503],[119.700267,26.032477],[119.668854,26.026024],[119.654688,26.090002],[119.618963,26.11956],[119.604181,26.168985],[119.664543,26.202282],[119.676246,26.262943],[119.7711,26.285481],[119.802513,26.268846],[119.806825,26.307479],[119.845013,26.323036],[119.862875,26.307479],[119.904143,26.308552],[119.95465,26.352534],[119.946027,26.374519],[119.893672,26.355752],[119.835774,26.434019],[119.83639,26.454381],[119.788346,26.583435],[119.740303,26.610727],[119.670086,26.618218],[119.605412,26.595744],[119.577695,26.622498],[119.619579,26.649246],[119.637441,26.703256],[119.664543,26.726243],[119.711354,26.686681],[119.833926,26.690959],[119.864107,26.671174],[119.873962,26.642827],[119.908455,26.661547],[119.899216,26.693098],[119.938636,26.747088],[119.942947,26.784492],[120.052584,26.786629],[120.061824,26.768997],[119.99407,26.720363],[119.969433,26.686681],[119.972512,26.654594],[119.949107,26.624638],[119.901679,26.624638],[119.851788,26.595209],[119.828383,26.524013],[119.867187,26.509019],[119.947875,26.56042],[119.93802,26.576478],[119.967585,26.597885],[120.007621,26.595744],[120.063671,26.627848],[120.093852,26.613938],[120.1382,26.638012],[120.110483,26.692563],[120.162222,26.717691],[120.151135,26.750829],[120.106787,26.752966],[120.136352,26.797847],[120.103707,26.794642],[120.102476,26.82669],[120.073526,26.823485],[120.054432,26.863533],[120.117874,26.882751],[120.126497,26.920644],[120.130193,26.917976],[120.1807,26.920644],[120.233055,26.907837],[120.25954,26.982526],[120.279866,26.987326],[120.275554,27.027315],[120.29588,27.035845],[120.282946,27.089671],[120.391967,27.081146],[120.403054,27.10086],[120.461568,27.142407],[120.404286,27.204166],[120.401822,27.250996],[120.430155,27.258976],[120.343924,27.363199],[120.340844,27.399867],[120.273091,27.38924],[120.26262,27.432804],[120.221352,27.420055],[120.134504,27.420055],[120.136968,27.402523],[120.096316,27.390302],[120.052584,27.338747],[120.026099,27.344063],[120.008237,27.375423],[119.960194,27.365857],[119.938636,27.329709],[119.843165,27.300464],[119.768636,27.307909],[119.782187,27.330241],[119.739687,27.362668],[119.750774,27.373829],[119.711354,27.403054],[119.685485,27.438646],[119.703347,27.446613],[119.70889,27.514042],[119.690412,27.537394],[119.659615,27.540578],[119.675014,27.574534],[119.630666,27.582491],[119.626354,27.620676],[119.644217,27.663619],[119.606028,27.674749],[119.541971,27.666799],[119.501319,27.649837],[119.501935,27.610601],[119.466826,27.526249],[119.438493,27.508734],[119.416935,27.539517],[119.360269,27.524657],[119.334399,27.480067],[119.285124,27.457766],[119.26911,27.42218],[119.224146,27.416868],[119.14777,27.424836],[119.121284,27.438115],[119.129907,27.475289],[119.092335,27.466262],[119.03998,27.478475],[119.020886,27.498118],[118.983314,27.498649],[118.986393,27.47582],[118.955597,27.4498],[118.907553,27.460952],[118.869365,27.540047],[118.909401,27.568168],[118.913713,27.619616],[118.879836,27.667859],[118.873677,27.733563],[118.829329,27.847921],[118.818242,27.916689],[118.753568,27.947885],[118.730163,27.970615],[118.733858,28.027684],[118.719076,28.063601],[118.767735,28.10584],[118.802228,28.117453],[118.805923,28.154923],[118.771431,28.188687],[118.804075,28.207675],[118.802228,28.240368],[118.756032,28.252493],[118.719692,28.312047],[118.699366,28.309939],[118.674728,28.27147],[118.651322,28.277267],[118.595272,28.258292],[118.588497,28.282538],[118.493026,28.262509],[118.490562,28.238259],[118.444367,28.253548],[118.433896,28.288335],[118.424041,28.291497],[118.314404,28.221913],[118.339041,28.193962],[118.375382,28.186577],[118.361215,28.155978],[118.356288,28.091586],[118.242339,28.075746],[118.199839,28.049869],[118.153644,28.062016],[118.120999,28.041946],[118.129006,28.017118],[118.094513,28.003909],[118.096977,27.970615],[117.999043,27.991227],[117.965166,27.962687],[117.942992,27.974315],[117.910963,27.949471],[117.856145,27.94577],[117.78716,27.896063],[117.788392,27.855858],[117.740348,27.800286],[117.704624,27.834162],[117.68245,27.823577],[117.649805,27.851625],[117.609769,27.863265],[117.556182,27.966387],[117.52169,27.982243],[117.477958,27.930966],[117.453936,27.939955],[117.407741,27.893948],[117.366473,27.88231],[117.341836,27.855858],[117.334444,27.8876],[117.280242,27.871201],[117.276546,27.847921],[117.303031,27.833103],[117.296256,27.764282],[117.245133,27.71926],[117.205097,27.714492],[117.204481,27.683759],[117.174916,27.677399],[117.114554,27.692238],[117.096076,27.667329],[117.11209,27.645596],[117.094228,27.627569],[117.065279,27.665739],[117.040641,27.669979],[117.003685,27.625449],[117.024627,27.592569],[117.01662,27.563393],[117.054808,27.5427],[117.076982,27.566046],[117.103467,27.533149],[117.110242,27.458828],[117.133032,27.42218],[117.107163,27.393491],[117.104699,27.330773],[117.140423,27.322798],[117.136728,27.303123],[117.171836,27.29036],[117.149662,27.241419],[117.044953,27.146667],[117.05296,27.100327],[116.967344,27.061962],[116.936547,27.019319],[116.910062,27.034779],[116.851548,27.009188],[116.817671,27.018252],[116.679085,26.978259],[116.632889,26.933984],[116.602092,26.888623],[116.548506,26.84004],[116.543578,26.803723],[116.557745,26.773806],[116.515245,26.720898],[116.520172,26.684543],[116.566368,26.650315],[116.553433,26.575942],[116.539267,26.559349],[116.597165,26.512768],[116.610716,26.476882],[116.638433,26.477418],[116.608252,26.429732],[116.601476,26.372911],[116.553433,26.365404],[116.553433,26.400253],[116.519557,26.410437],[116.499846,26.361651],[116.459194,26.345026],[116.437021,26.308016],[116.412999,26.297822],[116.385282,26.238253],[116.400064,26.202819],[116.392057,26.171133],[116.435789,26.159854],[116.476441,26.172745],[116.489375,26.113649],[116.384666,26.030864],[116.360028,25.991601],[116.369883,25.963088],[116.326152,25.956631],[116.303362,25.924341],[116.258398,25.902809],[116.225138,25.908731],[116.17771,25.894195],[116.132131,25.860273],[116.131515,25.824185],[116.18079,25.778926],[116.129667,25.758985],[116.106877,25.701299],[116.067457,25.703995],[116.068689,25.646282],[116.041588,25.62416],[116.063145,25.56317],[116.040356,25.548052],[116.03666,25.514571],[116.005247,25.490264],[116.023109,25.435691],[115.992928,25.374063],[116.008327,25.319437],[115.987385,25.290221],[115.949813,25.292386],[115.930719,25.236099],[115.855574,25.20957],[115.860501,25.165704],[115.888219,25.128866],[115.880212,25.092016],[115.908545,25.084428],[115.928255,25.050276],[115.873436,25.019911],[115.925175,24.960786],[115.870356,24.959701],[115.89253,24.936911],[115.907929,24.923343],[115.985537,24.899461],[116.015102,24.905975],[116.068073,24.850053],[116.153073,24.846795],[116.191877,24.877203],[116.221442,24.829959],[116.251007,24.82507],[116.244232,24.793563],[116.297202,24.801712],[116.345862,24.828872],[116.363724,24.87123],[116.395137,24.877746],[116.417927,24.840821],[116.381586,24.82507],[116.375427,24.803885],[116.419158,24.767482],[116.416079,24.744113],[116.44626,24.714216],[116.485064,24.720196],[116.517709,24.652225],[116.506622,24.621218],[116.530027,24.604895],[116.570679,24.621762],[116.600861,24.654401],[116.623034,24.64189],[116.667382,24.658752],[116.777635,24.679418],[116.815207,24.654944],[116.761005,24.583128],[116.759157,24.545572],[116.796729,24.502014],[116.83307,24.496568],[116.860787,24.460075],[116.839229,24.442097],[116.903903,24.369614],[116.895895,24.350533],[116.919301,24.321087],[116.914374,24.287817],[116.938395,24.28127],[116.933468,24.220157],[116.956257,24.216883],[116.998757,24.179217],[116.9347,24.126794],[116.930388,24.064514],[116.953178,24.008218],[116.981511,23.999471],[116.976583,23.931659],[116.955642,23.922359],[116.981511,23.855602],[117.012308,23.855054],[117.019083,23.801952],[117.048032,23.758687],[117.055424,23.694038],[117.123793,23.647448],[117.147199,23.654027],[117.192778,23.629356],[117.192778,23.5619],[117.291328,23.571225],[117.302415,23.550379],[117.387415,23.555317],[117.463791,23.584937],[117.454552,23.628259],[117.493357,23.642514],[117.501364,23.70445],[117.54448,23.715956],[117.601762,23.70171],[117.660276,23.789357],[117.651653,23.815093],[117.671979,23.878041],[117.691073,23.888985],[117.762522,23.886796],[117.792703,23.906494],[117.807486,23.947521],[117.864768,24.004938],[117.910347,24.012045],[117.927594,24.039922],[117.936217,24.100029],[118.000275,24.152462],[118.019369,24.197232],[118.074803,24.225615],[118.115455,24.229435],[118.158571,24.269814],[118.112376,24.357075],[118.081579,24.35653],[118.088354,24.408858],[118.048934,24.418122],[118.084042,24.528695],[118.121615,24.570067],[118.150564,24.583673],[118.169042,24.559725],[118.242955,24.51236],[118.375382,24.536317],[118.363679,24.567889],[118.444367,24.614689],[118.512736,24.60816],[118.557084,24.572788],[118.558316,24.51236],[118.614366,24.521617],[118.680272,24.58204],[118.687047,24.63373],[118.661178,24.622306],[118.652554,24.653857],[118.670417,24.679962],[118.703677,24.665278],[118.778822,24.743569],[118.786213,24.77672],[118.650707,24.808774],[118.647627,24.843536],[118.702445,24.865258],[118.69875,24.848967],[118.748641,24.84245],[118.807771,24.870687],[118.834256,24.854397],[118.864437,24.887518],[118.933423,24.870687],[118.988857,24.878831],[118.987009,24.898375],[118.932807,24.906518],[118.91864,24.932569],[118.945741,24.954275],[119.014111,24.941252],[119.032589,24.961328],[119.032589,24.961871],[119.007335,24.963499],[119.004872,24.970009]]],[[[118.412338,24.514538],[118.374766,24.458986],[118.318715,24.486765],[118.298389,24.477506],[118.31194,24.424661],[118.282375,24.413218],[118.329802,24.382152],[118.353208,24.415398],[118.405563,24.427931],[118.457918,24.412128],[118.477012,24.437738],[118.451758,24.506915],[118.412338,24.514538]]],[[[119.471138,25.197116],[119.507478,25.183036],[119.52534,25.157579],[119.549362,25.161912],[119.566608,25.210112],[119.540739,25.20199],[119.501319,25.21715],[119.473601,25.259916],[119.44342,25.238806],[119.444036,25.20199],[119.471138,25.197116]]],[[[119.580159,25.627398],[119.611572,25.669479],[119.580775,25.650059],[119.580159,25.627398]]],[[[119.976824,26.191005],[120.016244,26.217316],[119.998998,26.235569],[119.970665,26.217852],[119.976824,26.191005]]],[[[118.230636,24.401228],[118.273752,24.441007],[118.233716,24.445911],[118.230636,24.401228]]],[[[119.906607,26.68989],[119.926933,26.664756],[119.950954,26.692563],[119.906607,26.68989]]],[[[118.204151,24.504737],[118.191832,24.536861],[118.14502,24.560814],[118.093281,24.540672],[118.068644,24.463344],[118.084042,24.435559],[118.143173,24.420847],[118.19368,24.463344],[118.204151,24.504737]]],[[[119.929397,26.134067],[119.960194,26.146961],[119.919542,26.172208],[119.929397,26.134067]]],[[[119.642985,26.129231],[119.665159,26.155556],[119.62697,26.173282],[119.606028,26.15287],[119.642985,26.129231]]],[[[120.034106,26.488667],[120.066751,26.498308],[120.071679,26.521336],[120.035954,26.515981],[120.034106,26.488667]]],[[[119.662079,25.646822],[119.673782,25.632794],[119.718745,25.634952],[119.716898,25.664624],[119.662079,25.646822]]],[[[119.760629,26.613402],[119.776644,26.600025],[119.818527,26.616613],[119.796354,26.630523],[119.760629,26.613402]]],[[[120.135736,26.550784],[120.167149,26.571661],[120.153598,26.604841],[120.117874,26.568984],[120.135736,26.550784]]],[[[120.360554,26.916909],[120.394431,26.933984],[120.363018,26.967592],[120.327909,26.963858],[120.319286,26.944654],[120.360554,26.916909]]],[[[120.150519,26.798916],[120.140048,26.795176],[120.163454,26.798381],[120.161606,26.803189],[120.150519,26.798916]]],[[[119.668238,26.628383],[119.720593,26.635873],[119.758781,26.659408],[119.748926,26.681334],[119.712586,26.6685],[119.673782,26.680799],[119.651608,26.657269],[119.668238,26.628383]]]]}},{"type":"Feature","properties":{"adcode":360000,"name":"江西省","center":[115.892151,28.676493],"centroid":[115.732975,27.636112],"childrenNum":11,"level":"province","parent":{"adcode":100000},"subFeatureIndex":13,"acroutes":[100000]},"geometry":{"type":"MultiPolygon","coordinates":[[[[118.193064,29.395472],[118.136397,29.418932],[118.127774,29.47209],[118.143788,29.489803],[118.095129,29.534072],[118.050782,29.542924],[118.042774,29.566351],[118.00397,29.578322],[117.933753,29.549172],[117.872775,29.54761],[117.795167,29.570515],[117.729877,29.550213],[117.690457,29.555939],[117.678754,29.595496],[117.647957,29.614749],[117.608537,29.591333],[117.543248,29.588731],[117.523538,29.630356],[117.530313,29.654282],[117.490277,29.660003],[117.453936,29.688082],[117.455168,29.749412],[117.408973,29.802396],[117.415132,29.85068],[117.382487,29.840818],[117.359082,29.812782],[117.338756,29.848085],[117.29256,29.822647],[117.25314,29.834588],[117.261763,29.880781],[117.246365,29.915023],[117.2168,29.926953],[117.171836,29.920729],[117.129952,29.89946],[117.127489,29.86158],[117.073286,29.831992],[117.123177,29.798761],[117.136728,29.775388],[117.108395,29.75201],[117.112706,29.711995],[117.041873,29.680803],[116.996294,29.683403],[116.974736,29.657403],[116.939627,29.648561],[116.873722,29.609546],[116.849084,29.57624],[116.780715,29.569994],[116.760389,29.599139],[116.721585,29.564789],[116.716657,29.590813],[116.651983,29.637118],[116.680317,29.681323],[116.653831,29.694841],[116.673541,29.709916],[116.762237,29.802396],[116.780715,29.792529],[116.882961,29.893753],[116.900207,29.949253],[116.868794,29.980361],[116.83307,29.95755],[116.830606,30.004723],[116.802889,29.99643],[116.783794,30.030632],[116.747454,30.057053],[116.720353,30.053945],[116.666766,30.076734],[116.620571,30.073109],[116.585462,30.045657],[116.552201,29.909836],[116.525716,29.897385],[116.467818,29.896347],[116.342782,29.835626],[116.280572,29.788893],[116.250391,29.785777],[116.227601,29.816936],[116.172783,29.828358],[116.13521,29.819532],[116.087167,29.795125],[116.049595,29.761881],[115.965827,29.724469],[115.909777,29.723949],[115.837096,29.748373],[115.762567,29.793048],[115.706517,29.837703],[115.667712,29.850161],[115.611662,29.841337],[115.51188,29.840299],[115.479235,29.811224],[115.470612,29.739539],[115.412714,29.688602],[115.355431,29.649602],[115.304924,29.637118],[115.28583,29.618391],[115.250722,29.660003],[115.176809,29.654803],[115.113367,29.684963],[115.117679,29.655843],[115.143548,29.645961],[115.120142,29.597578],[115.157099,29.584568],[115.154019,29.510117],[115.086266,29.525741],[115.087498,29.560104],[115.033295,29.546568],[115.00065,29.572076],[114.947679,29.542924],[114.966773,29.522096],[114.940288,29.493971],[114.900868,29.505951],[114.860216,29.476258],[114.888549,29.436134],[114.918114,29.454374],[114.90518,29.473132],[114.935977,29.486678],[114.947063,29.465317],[114.931049,29.422581],[114.895325,29.397557],[114.866375,29.404335],[114.812173,29.383478],[114.784455,29.386086],[114.759818,29.363139],[114.740724,29.386607],[114.67297,29.395993],[114.621847,29.379828],[114.589819,29.352707],[114.519602,29.325578],[114.466015,29.324013],[114.440145,29.341752],[114.376088,29.322969],[114.341595,29.327665],[114.307102,29.365225],[114.259059,29.343839],[114.252284,29.23475],[114.169748,29.216993],[114.063191,29.204978],[114.034857,29.152204],[113.98743,29.126068],[113.952321,29.092604],[113.94185,29.047097],[113.961561,28.999476],[113.955401,28.978536],[113.973879,28.937692],[114.008988,28.955498],[114.005292,28.917788],[114.028082,28.891069],[114.060111,28.902596],[114.056415,28.872204],[114.076741,28.834464],[114.124784,28.843376],[114.153734,28.829221],[114.137719,28.779926],[114.157429,28.761566],[114.122321,28.623497],[114.132176,28.607211],[114.08598,28.558337],[114.138335,28.533629],[114.15435,28.507337],[114.218407,28.48472],[114.217175,28.466308],[114.172212,28.432632],[114.214712,28.403157],[114.252284,28.395787],[114.2529,28.319423],[114.198081,28.29097],[114.182067,28.249858],[114.143879,28.246694],[114.109386,28.205038],[114.107538,28.182885],[114.068734,28.171806],[114.012068,28.174972],[113.992357,28.161255],[114.025002,28.080499],[114.047176,28.057263],[114.025618,28.031382],[113.970184,28.041418],[113.966488,28.017646],[113.936307,28.018703],[113.914133,27.991227],[113.864242,28.004966],[113.845148,27.971672],[113.822974,27.982243],[113.752141,27.93361],[113.72812,27.874904],[113.756453,27.860091],[113.763228,27.799228],[113.69917,27.740979],[113.696707,27.71979],[113.652359,27.663619],[113.607395,27.625449],[113.608627,27.585143],[113.579062,27.545354],[113.583374,27.524657],[113.627105,27.49971],[113.591381,27.467855],[113.59754,27.428554],[113.632033,27.40518],[113.605548,27.38924],[113.616635,27.345658],[113.657902,27.347253],[113.699786,27.331836],[113.72812,27.350442],[113.872865,27.384988],[113.872865,27.346721],[113.854387,27.30525],[113.872865,27.289828],[113.846996,27.222262],[113.779242,27.137081],[113.771851,27.096598],[113.803264,27.099261],[113.824206,27.036378],[113.86301,27.018252],[113.892575,26.964925],[113.927068,26.948922],[113.890112,26.895562],[113.877177,26.859262],[113.835909,26.806394],[113.853771,26.769532],[113.860546,26.664221],[113.912901,26.613938],[113.996669,26.615543],[114.019459,26.587182],[114.10877,26.56952],[114.07243,26.480096],[114.110002,26.482775],[114.090292,26.455988],[114.085364,26.406149],[114.062575,26.406149],[114.030546,26.376664],[114.047792,26.337518],[114.021307,26.288701],[114.029314,26.266163],[113.978807,26.237716],[113.972647,26.20604],[113.949242,26.192616],[113.962792,26.150722],[114.013299,26.184023],[114.088444,26.168448],[114.102611,26.187783],[114.181451,26.214631],[114.216559,26.203355],[114.237501,26.152333],[114.188842,26.121172],[114.10569,26.097526],[114.121089,26.085702],[114.087828,26.06635],[114.044096,26.076564],[114.008372,26.015806],[114.028082,25.98138],[114.028082,25.893119],[113.971416,25.836036],[113.961561,25.77731],[113.920293,25.741197],[113.913517,25.701299],[113.957249,25.611749],[113.983118,25.599336],[113.986198,25.529153],[113.962792,25.528072],[113.94493,25.441635],[114.003444,25.442716],[113.983118,25.415152],[114.050256,25.36433],[114.029314,25.328093],[114.017611,25.273987],[114.039785,25.250714],[114.055799,25.277775],[114.083517,25.275611],[114.115545,25.302125],[114.190074,25.316733],[114.204857,25.29942],[114.260291,25.291845],[114.2954,25.299961],[114.31511,25.33837],[114.382863,25.317274],[114.43029,25.343779],[114.438914,25.376226],[114.477718,25.37136],[114.541159,25.416773],[114.599674,25.385959],[114.63663,25.324306],[114.714238,25.315651],[114.743188,25.274528],[114.73518,25.225813],[114.693912,25.213902],[114.685905,25.173287],[114.73518,25.155954],[114.735796,25.121822],[114.664963,25.10123],[114.640326,25.074129],[114.604601,25.083886],[114.561485,25.077382],[114.532536,25.022623],[114.506051,24.999844],[114.45616,24.99659],[114.454928,24.977062],[114.395798,24.951019],[114.403189,24.877746],[114.378551,24.861457],[114.342211,24.807145],[114.336052,24.749004],[114.281849,24.724001],[114.27261,24.700624],[114.169132,24.689749],[114.19069,24.656576],[114.258443,24.641346],[114.289856,24.619042],[114.300943,24.578775],[114.363769,24.582584],[114.391486,24.563535],[114.403189,24.497657],[114.429058,24.48622],[114.534384,24.559181],[114.589819,24.537406],[114.627391,24.576598],[114.664963,24.583673],[114.704999,24.525973],[114.73826,24.565168],[114.729637,24.608704],[114.781376,24.613057],[114.827571,24.588026],[114.846665,24.602719],[114.868839,24.562446],[114.893477,24.582584],[114.909491,24.661471],[114.940288,24.650049],[115.00373,24.679418],[115.024672,24.669085],[115.057317,24.703343],[115.083802,24.699537],[115.104744,24.667997],[115.1842,24.711498],[115.258729,24.728894],[115.269816,24.749548],[115.306772,24.758787],[115.358511,24.735416],[115.372678,24.774546],[115.412714,24.79302],[115.476771,24.762591],[115.522967,24.702799],[115.555611,24.683768],[115.569778,24.622306],[115.605503,24.62557],[115.671408,24.604895],[115.68927,24.545027],[115.752712,24.546116],[115.785357,24.567345],[115.843871,24.562446],[115.840791,24.584217],[115.797676,24.628834],[115.780429,24.663103],[115.801371,24.705517],[115.769342,24.708236],[115.756408,24.749004],[115.776734,24.774546],[115.764415,24.791933],[115.790284,24.856027],[115.807531,24.862543],[115.824161,24.909232],[115.863581,24.891318],[115.861733,24.863629],[115.907313,24.879917],[115.885139,24.898918],[115.89253,24.936911],[115.870356,24.959701],[115.925175,24.960786],[115.873436,25.019911],[115.928255,25.050276],[115.908545,25.084428],[115.880212,25.092016],[115.888219,25.128866],[115.860501,25.165704],[115.855574,25.20957],[115.930719,25.236099],[115.949813,25.292386],[115.987385,25.290221],[116.008327,25.319437],[115.992928,25.374063],[116.023109,25.435691],[116.005247,25.490264],[116.03666,25.514571],[116.040356,25.548052],[116.063145,25.56317],[116.041588,25.62416],[116.068689,25.646282],[116.067457,25.703995],[116.106877,25.701299],[116.129667,25.758985],[116.18079,25.778926],[116.131515,25.824185],[116.132131,25.860273],[116.17771,25.894195],[116.225138,25.908731],[116.258398,25.902809],[116.303362,25.924341],[116.326152,25.956631],[116.369883,25.963088],[116.360028,25.991601],[116.384666,26.030864],[116.489375,26.113649],[116.476441,26.172745],[116.435789,26.159854],[116.392057,26.171133],[116.400064,26.202819],[116.385282,26.238253],[116.412999,26.297822],[116.437021,26.308016],[116.459194,26.345026],[116.499846,26.361651],[116.519557,26.410437],[116.553433,26.400253],[116.553433,26.365404],[116.601476,26.372911],[116.608252,26.429732],[116.638433,26.477418],[116.610716,26.476882],[116.597165,26.512768],[116.539267,26.559349],[116.553433,26.575942],[116.566368,26.650315],[116.520172,26.684543],[116.515245,26.720898],[116.557745,26.773806],[116.543578,26.803723],[116.548506,26.84004],[116.602092,26.888623],[116.632889,26.933984],[116.679085,26.978259],[116.817671,27.018252],[116.851548,27.009188],[116.910062,27.034779],[116.936547,27.019319],[116.967344,27.061962],[117.05296,27.100327],[117.044953,27.146667],[117.149662,27.241419],[117.171836,27.29036],[117.136728,27.303123],[117.140423,27.322798],[117.104699,27.330773],[117.107163,27.393491],[117.133032,27.42218],[117.110242,27.458828],[117.103467,27.533149],[117.076982,27.566046],[117.054808,27.5427],[117.01662,27.563393],[117.024627,27.592569],[117.003685,27.625449],[117.040641,27.669979],[117.065279,27.665739],[117.094228,27.627569],[117.11209,27.645596],[117.096076,27.667329],[117.114554,27.692238],[117.174916,27.677399],[117.204481,27.683759],[117.205097,27.714492],[117.245133,27.71926],[117.296256,27.764282],[117.303031,27.833103],[117.276546,27.847921],[117.280242,27.871201],[117.334444,27.8876],[117.341836,27.855858],[117.366473,27.88231],[117.407741,27.893948],[117.453936,27.939955],[117.477958,27.930966],[117.52169,27.982243],[117.556182,27.966387],[117.609769,27.863265],[117.649805,27.851625],[117.68245,27.823577],[117.704624,27.834162],[117.740348,27.800286],[117.788392,27.855858],[117.78716,27.896063],[117.856145,27.94577],[117.910963,27.949471],[117.942992,27.974315],[117.965166,27.962687],[117.999043,27.991227],[118.096977,27.970615],[118.094513,28.003909],[118.129006,28.017118],[118.120999,28.041946],[118.153644,28.062016],[118.199839,28.049869],[118.242339,28.075746],[118.356288,28.091586],[118.361215,28.155978],[118.375382,28.186577],[118.339041,28.193962],[118.314404,28.221913],[118.424041,28.291497],[118.433896,28.288335],[118.480091,28.327325],[118.455454,28.384204],[118.432048,28.402104],[118.456686,28.424738],[118.474548,28.478934],[118.414802,28.497344],[118.4302,28.515225],[118.412338,28.55676],[118.428352,28.617193],[118.428352,28.617193],[118.428352,28.681267],[118.403099,28.702791],[118.364295,28.813491],[118.300237,28.826075],[118.270056,28.918836],[118.195527,28.904167],[118.227556,28.942406],[118.165346,28.986912],[118.133933,28.983771],[118.115455,29.009944],[118.115455,29.009944],[118.097593,28.998952],[118.066796,29.053898],[118.076035,29.074822],[118.037847,29.102017],[118.045238,29.149068],[118.027992,29.167882],[118.042159,29.210202],[118.073571,29.216993],[118.077883,29.290614],[118.138861,29.283828],[118.178281,29.297921],[118.166578,29.314099],[118.205382,29.343839],[118.193064,29.395472]]]]}},{"type":"Feature","properties":{"adcode":370000,"name":"山东省","center":[117.000923,36.675807],"centroid":[118.187759,36.376092],"childrenNum":16,"level":"province","parent":{"adcode":100000},"subFeatureIndex":14,"acroutes":[100000]},"geometry":{"type":"MultiPolygon","coordinates":[[[[116.374195,34.640011],[116.392057,34.710391],[116.363724,34.715311],[116.369267,34.749247],[116.403144,34.756131],[116.408071,34.850972],[116.445028,34.895652],[116.557745,34.908905],[116.613795,34.922645],[116.622418,34.939818],[116.677853,34.939327],[116.781331,34.916757],[116.789338,34.975133],[116.815823,34.965324],[116.821983,34.929515],[116.858323,34.928533],[116.922381,34.894671],[116.929156,34.843114],[116.966113,34.844588],[116.979047,34.815113],[116.95133,34.81069],[116.969192,34.771864],[117.022163,34.759081],[117.070206,34.713835],[117.061583,34.675947],[117.073286,34.639026],[117.104083,34.648874],[117.15151,34.559222],[117.139191,34.526687],[117.166293,34.434435],[117.248213,34.451216],[117.252524,34.48674],[117.27285,34.499565],[117.267923,34.532603],[117.303647,34.542463],[117.27285,34.556757],[117.311654,34.561686],[117.311654,34.561686],[117.32151,34.566614],[117.32151,34.566614],[117.325205,34.573021],[117.325205,34.573021],[117.370785,34.584846],[117.402813,34.569571],[117.402813,34.550843],[117.465023,34.484767],[117.53832,34.467006],[117.592523,34.462566],[117.609769,34.490686],[117.659044,34.501044],[117.684298,34.547392],[117.801942,34.518798],[117.791471,34.583368],[117.793935,34.651827],[117.902956,34.644443],[117.909732,34.670533],[117.951615,34.678408],[118.053861,34.650843],[118.084042,34.655766],[118.114839,34.614404],[118.079115,34.569571],[118.185056,34.543942],[118.16473,34.50499],[118.132702,34.483287],[118.177665,34.45319],[118.179513,34.379628],[118.217701,34.379134],[118.220165,34.405802],[118.277447,34.404814],[118.290382,34.424563],[118.379693,34.415183],[118.404947,34.427525],[118.416034,34.473914],[118.439439,34.507949],[118.424657,34.595193],[118.439439,34.626223],[118.473932,34.623269],[118.460997,34.656258],[118.545997,34.705964],[118.601431,34.714327],[118.607591,34.694155],[118.664257,34.693663],[118.690127,34.678408],[118.739402,34.693663],[118.783749,34.723181],[118.764039,34.740396],[118.719076,34.745313],[118.739402,34.792508],[118.772047,34.794474],[118.80038,34.843114],[118.805307,34.87307],[118.860742,34.944233],[118.86259,35.025626],[118.928495,35.051106],[118.942662,35.040817],[119.027045,35.055516],[119.114509,35.055026],[119.137915,35.096167],[119.217371,35.106939],[119.250016,35.124562],[119.286972,35.115261],[119.306066,35.076578],[119.354109,35.080007],[119.373819,35.078538],[119.428022,35.121136],[119.397841,35.137777],[119.411392,35.231689],[119.450812,35.285443],[119.493312,35.318655],[119.538275,35.296678],[119.543819,35.347949],[119.590014,35.37284],[119.579543,35.406504],[119.618963,35.459655],[119.663311,35.562931],[119.662079,35.589215],[119.718129,35.615492],[119.75139,35.617924],[119.772332,35.578995],[119.780339,35.584835],[119.792658,35.615492],[119.824071,35.646136],[119.83023,35.620357],[119.868419,35.60868],[119.925085,35.637382],[119.91215,35.660725],[119.950339,35.729741],[119.920157,35.739943],[119.926317,35.759856],[119.958346,35.760342],[120.01378,35.714193],[120.049505,35.786562],[120.032258,35.812288],[120.064287,35.873414],[120.112331,35.885052],[120.125265,35.906868],[120.152983,35.907353],[120.207801,35.947575],[120.169613,35.888446],[120.202258,35.89184],[120.209033,35.917531],[120.265699,35.966468],[120.30512,35.971796],[120.316206,36.002304],[120.289721,36.017311],[120.285409,36.01247],[120.249069,35.992136],[120.257076,36.025055],[120.198562,35.995525],[120.234902,36.030863],[120.239214,36.062316],[120.181316,36.066669],[120.152367,36.095206],[120.116642,36.102943],[120.108635,36.127599],[120.142512,36.143549],[120.140664,36.173507],[120.181316,36.203936],[120.22012,36.209248],[120.224432,36.19138],[120.260772,36.198624],[120.263236,36.182202],[120.310047,36.185101],[120.297112,36.225664],[120.319902,36.232423],[120.362402,36.196209],[120.35809,36.174956],[120.286025,36.047317],[120.337764,36.055058],[120.429539,36.056994],[120.468959,36.087952],[120.546568,36.091821],[120.546568,36.107778],[120.593995,36.100525],[120.615553,36.120348],[120.64327,36.114547],[120.672835,36.130016],[120.712255,36.126632],[120.696857,36.15563],[120.696857,36.203936],[120.680843,36.238698],[120.686386,36.279234],[120.657437,36.276339],[120.66298,36.331803],[120.744284,36.327946],[120.694393,36.390118],[120.759683,36.46283],[120.828668,36.46668],[120.837291,36.459942],[120.858849,36.424797],[120.848994,36.403124],[120.871784,36.36699],[120.911204,36.412276],[120.917979,36.417573],[120.90874,36.450315],[120.938305,36.447908],[120.965407,36.466199],[120.95432,36.507578],[120.983269,36.546051],[120.962327,36.562877],[120.909972,36.568645],[120.884718,36.601323],[120.847146,36.618617],[120.882255,36.627262],[120.926602,36.611892],[120.955551,36.575855],[121.028848,36.572971],[121.078123,36.607568],[121.161275,36.651273],[121.251818,36.671436],[121.29863,36.702151],[121.31218,36.702151],[121.35776,36.713186],[121.400876,36.701191],[121.3941,36.738129],[121.454462,36.752515],[121.496962,36.795179],[121.506817,36.803805],[121.565331,36.830635],[121.548701,36.807638],[121.485259,36.786073],[121.532071,36.73621],[121.575186,36.740047],[121.556092,36.764502],[121.651563,36.723739],[121.631853,36.80093],[121.6762,36.819137],[121.726092,36.826323],[121.762432,36.84644],[121.767975,36.874691],[121.927504,36.932597],[121.965076,36.938337],[122.008808,36.96225],[122.042684,36.871819],[122.051923,36.904846],[122.093191,36.913938],[122.115981,36.94025],[122.124604,36.944077],[122.141235,36.938337],[122.119677,36.891924],[122.175727,36.894317],[122.188662,36.866073],[122.174495,36.842609],[122.220691,36.848835],[122.275509,36.83734],[122.280437,36.835904],[122.344495,36.828239],[122.378371,36.844525],[122.383915,36.865595],[122.415944,36.85937],[122.454748,36.879],[122.452284,36.88618],[122.434422,36.914416],[122.483081,36.913938],[122.48924,36.886659],[122.532356,36.901496],[122.55761,36.968467],[122.544675,37.004797],[122.583479,37.037289],[122.575472,37.054485],[122.494168,37.033945],[122.467067,37.037289],[122.478769,37.058784],[122.484313,37.128956],[122.533588,37.153286],[122.581015,37.147562],[122.573624,37.176178],[122.624131,37.190959],[122.592718,37.261485],[122.567465,37.25958],[122.573624,37.296247],[122.611196,37.339558],[122.607501,37.364296],[122.650616,37.388551],[122.6925,37.373809],[122.714058,37.392355],[122.701739,37.418501],[122.67587,37.413273],[122.641377,37.428482],[122.553914,37.407093],[122.4954,37.413748],[122.487393,37.43466],[122.41656,37.414699],[122.337103,37.414223],[122.281053,37.430858],[122.287212,37.445114],[122.25272,37.467917],[122.194205,37.456041],[122.166488,37.438937],[122.131996,37.49926],[122.163408,37.519199],[122.150474,37.557163],[122.08888,37.554316],[122.075329,37.540556],[122.017431,37.531065],[121.997721,37.494512],[121.923808,37.473142],[121.772903,37.466492],[121.66573,37.473617],[121.635548,37.494037],[121.575802,37.460317],[121.571491,37.441313],[121.477252,37.475992],[121.460006,37.522522],[121.400876,37.557638],[121.395948,37.589891],[121.435368,37.592737],[121.391021,37.625449],[121.349137,37.635403],[121.358376,37.597479],[121.304789,37.582778],[121.217326,37.582778],[121.17421,37.597479],[121.148956,37.626397],[121.161891,37.646302],[121.142797,37.661464],[121.160043,37.698882],[121.136022,37.723501],[121.037471,37.718767],[120.994356,37.759468],[120.943233,37.785486],[120.940769,37.819533],[120.874863,37.833241],[120.845298,37.826623],[120.839139,37.82426],[120.733197,37.833714],[120.656821,37.793054],[120.634031,37.796364],[120.590915,37.7642],[120.517619,37.750005],[120.454793,37.757576],[120.367945,37.697935],[120.227511,37.693673],[120.22012,37.671886],[120.269395,37.658622],[120.272475,37.636824],[120.215192,37.621183],[120.208417,37.588469],[120.246605,37.556689],[120.222584,37.532963],[120.144359,37.481691],[120.086461,37.465067],[120.064903,37.448915],[120.010085,37.442263],[119.949723,37.419927],[119.926933,37.386649],[119.843781,37.376662],[119.837006,37.346695],[119.883201,37.311004],[119.89244,37.263866],[119.865339,37.233854],[119.83023,37.225754],[119.808057,37.196203],[119.740303,37.133727],[119.687332,37.143746],[119.678709,37.158056],[119.576463,37.127524],[119.489616,37.134681],[119.428022,37.125616],[119.361501,37.125616],[119.327624,37.115595],[119.301138,37.139452],[119.298675,37.197156],[119.2069,37.223371],[119.190885,37.25958],[119.204436,37.280058],[119.136683,37.230995],[119.12806,37.254816],[119.091103,37.257674],[119.084328,37.239572],[119.054147,37.254816],[119.03998,37.30434],[119.001176,37.31862],[118.942662,37.497361],[118.939582,37.527268],[118.988857,37.620709],[119.023966,37.642037],[119.153313,37.655305],[119.236465,37.651988],[119.262334,37.660517],[119.280197,37.692726],[119.309146,37.805349],[119.291899,37.869627],[119.24016,37.878131],[119.212443,37.838913],[119.16132,37.81906],[119.12806,37.847892],[119.110813,37.921577],[119.001792,37.99613],[118.974075,38.094162],[118.908169,38.139362],[118.811467,38.157717],[118.703677,38.151129],[118.626069,38.138421],[118.607591,38.129006],[118.597736,38.079088],[118.552156,38.05553],[118.534294,38.063541],[118.517048,38.088509],[118.504729,38.11394],[118.44991,38.124299],[118.431432,38.106406],[118.404331,38.121003],[118.331034,38.12524],[118.217085,38.146893],[118.177665,38.186417],[118.112376,38.210403],[118.045238,38.214165],[118.018753,38.202409],[117.896797,38.279495],[117.895565,38.301572],[117.848754,38.255062],[117.808718,38.22827],[117.789007,38.180772],[117.766834,38.158658],[117.771145,38.134655],[117.746508,38.12524],[117.704624,38.076262],[117.586979,38.071551],[117.557414,38.046105],[117.557414,38.046105],[117.524154,37.989527],[117.513067,37.94329],[117.481038,37.914967],[117.438538,37.854035],[117.400966,37.844584],[117.320278,37.861596],[117.271618,37.839858],[117.185387,37.849783],[117.150278,37.839385],[117.074518,37.848837],[117.027091,37.832296],[116.919301,37.846002],[116.837997,37.835132],[116.804736,37.848837],[116.753613,37.793054],[116.753613,37.77035],[116.724664,37.744327],[116.679085,37.728708],[116.66307,37.686096],[116.604556,37.624975],[116.575607,37.610754],[116.4826,37.521573],[116.448108,37.503059],[116.433941,37.473142],[116.38097,37.522522],[116.379738,37.522047],[116.38097,37.522522],[116.379738,37.522047],[116.36742,37.566177],[116.336007,37.581355],[116.295355,37.554316],[116.278724,37.524895],[116.290427,37.484065],[116.27626,37.466967],[116.240536,37.489764],[116.240536,37.489764],[116.224522,37.479791],[116.243,37.447965],[116.226369,37.428007],[116.2855,37.404241],[116.236224,37.361442],[116.193109,37.365723],[116.169087,37.384271],[116.106261,37.368577],[116.085935,37.373809],[116.024341,37.360015],[115.975682,37.337179],[115.969523,37.239572],[115.909777,37.20669],[115.91224,37.177132],[115.879596,37.150901],[115.888219,37.112254],[115.85619,37.060694],[115.776734,36.992848],[115.79706,36.968945],[115.75764,36.902453],[115.71206,36.883308],[115.683727,36.808117],[115.524815,36.763543],[115.479851,36.760187],[115.451518,36.702151],[115.420105,36.686795],[115.365902,36.621979],[115.355431,36.627262],[115.33141,36.550378],[115.272895,36.497476],[115.291374,36.460423],[115.317243,36.454166],[115.297533,36.413239],[115.340033,36.398307],[115.368982,36.342409],[115.366518,36.30914],[115.423185,36.32216],[115.417025,36.292742],[115.462605,36.276339],[115.466916,36.258969],[115.466916,36.258969],[115.474923,36.248352],[115.483547,36.148865],[115.484163,36.125666],[115.449054,36.047317],[115.447822,36.01247],[115.362822,35.971796],[115.353583,35.938854],[115.364054,35.894264],[115.335105,35.796756],[115.363438,35.779765],[115.407786,35.80889],[115.460141,35.867594],[115.487858,35.880688],[115.495249,35.896203],[115.505104,35.899112],[115.513112,35.890385],[115.583945,35.921893],[115.648618,35.922863],[115.699125,35.966468],[115.774886,35.974702],[115.779813,35.993588],[115.817386,36.012954],[115.859886,36.003756],[115.89869,36.026507],[115.989849,36.045381],[116.057602,36.104877],[116.099486,36.112129],[116.063145,36.028927],[116.048979,35.970343],[115.984921,35.974218],[115.911624,35.960171],[115.907929,35.92674],[115.873436,35.918985],[115.882675,35.879718],[115.859886,35.857894],[115.81677,35.844312],[115.773654,35.854014],[115.73485,35.833154],[115.696046,35.788989],[115.693582,35.754028],[115.622749,35.739457],[115.52851,35.733628],[115.48601,35.710306],[115.383148,35.568772],[115.34496,35.55368],[115.356047,35.490359],[115.307388,35.480126],[115.237171,35.423087],[115.172497,35.426501],[115.126302,35.41821],[115.117679,35.400163],[115.091809,35.416259],[115.073947,35.374304],[115.04315,35.376744],[114.957534,35.261014],[114.929201,35.244886],[114.932281,35.198441],[114.861448,35.182301],[114.841738,35.15099],[114.883006,35.098615],[114.835578,35.076578],[114.818948,35.051596],[114.852209,35.041797],[114.824492,35.012393],[114.880542,35.00357],[114.923658,34.968757],[114.950759,34.989843],[115.008041,34.988372],[115.028983,34.9717],[115.075179,35.000628],[115.12815,35.00455],[115.157099,34.957968],[115.219309,34.96042],[115.205142,34.914303],[115.251953,34.906451],[115.239019,34.87798],[115.256265,34.845079],[115.317243,34.859321],[115.42688,34.805285],[115.449054,34.74433],[115.433655,34.725149],[115.461373,34.637057],[115.515575,34.582383],[115.553148,34.568586],[115.622749,34.574499],[115.685575,34.556265],[115.697278,34.594207],[115.787821,34.580905],[115.827241,34.558236],[115.838328,34.5676],[115.984305,34.589281],[115.991081,34.615389],[116.037276,34.593222],[116.101334,34.60603],[116.134594,34.559715],[116.156768,34.5538],[116.196804,34.575977],[116.247927,34.551829],[116.286116,34.608986],[116.32492,34.601104],[116.334159,34.620806],[116.374195,34.640011]]],[[[120.729502,37.947065],[120.721495,37.917328],[120.76461,37.895134],[120.76461,37.923937],[120.729502,37.947065]]],[[[120.692545,37.983867],[120.732581,37.961694],[120.724574,37.987641],[120.692545,37.983867]]],[[[120.990044,36.413239],[120.978341,36.428649],[120.950624,36.414684],[120.990044,36.413239]]],[[[120.750444,38.150188],[120.7874,38.158658],[120.742436,38.199116],[120.750444,38.150188]]],[[[120.918595,38.345236],[120.914899,38.373393],[120.895189,38.36307],[120.918595,38.345236]]],[[[120.159142,35.765198],[120.169613,35.740428],[120.193019,35.756942],[120.172077,35.785591],[120.159142,35.765198]]],[[[120.62664,37.94565],[120.631567,37.981037],[120.602002,37.978678],[120.62664,37.94565]]],[[[120.802183,38.284193],[120.848378,38.305799],[120.816349,38.318008],[120.802183,38.284193]]],[[[121.489571,37.577086],[121.489571,37.577561],[121.489571,37.578509],[121.488955,37.578035],[121.489571,37.577086]]],[[[121.485875,37.578509],[121.487723,37.578035],[121.487723,37.578509],[121.485875,37.578509]]],[[[121.487723,37.578509],[121.487723,37.577561],[121.488955,37.578035],[121.488955,37.578509],[121.488339,37.578509],[121.487723,37.578509]]],[[[115.495249,35.896203],[115.487858,35.880688],[115.513112,35.890385],[115.505104,35.899112],[115.495249,35.896203]]]]}},{"type":"Feature","properties":{"adcode":410000,"name":"河南省","center":[113.665412,34.757975],"centroid":[113.619717,33.902648],"childrenNum":18,"level":"province","parent":{"adcode":100000},"subFeatureIndex":15,"acroutes":[100000]},"geometry":{"type":"MultiPolygon","coordinates":[[[[112.716747,32.357612],[112.735841,32.356095],[112.776493,32.358623],[112.860877,32.396024],[112.888594,32.37682],[112.912,32.390971],[112.992072,32.378336],[113.000695,32.41674],[113.025949,32.425328],[113.078919,32.394508],[113.107869,32.398551],[113.118956,32.375809],[113.155912,32.380863],[113.158992,32.410677],[113.211962,32.431895],[113.2366,32.407141],[113.333918,32.336377],[113.317904,32.327275],[113.353628,32.294904],[113.376418,32.298445],[113.428773,32.270618],[113.511925,32.316654],[113.624642,32.36115],[113.650511,32.412698],[113.700402,32.420782],[113.735511,32.410677],[113.76754,32.370249],[113.753989,32.328286],[113.768772,32.30148],[113.768156,32.284279],[113.758301,32.27669],[113.749061,32.272642],[113.73859,32.255942],[113.752757,32.215951],[113.782322,32.184553],[113.750293,32.11615],[113.722576,32.12426],[113.728735,32.083197],[113.791561,32.036028],[113.757685,31.98985],[113.817431,31.964467],[113.805728,31.929428],[113.832213,31.918761],[113.830981,31.87913],[113.854387,31.843042],[113.893807,31.847109],[113.914749,31.877098],[113.957865,31.852701],[113.952321,31.793714],[113.988662,31.749959],[114.017611,31.770822],[114.086596,31.782014],[114.121705,31.809482],[114.134024,31.843042],[114.191922,31.852192],[114.235654,31.833382],[114.292936,31.752503],[114.350218,31.755557],[114.403189,31.746906],[114.443841,31.728074],[114.530688,31.742834],[114.549783,31.766751],[114.586123,31.762172],[114.57134,31.660858],[114.547935,31.623665],[114.560869,31.560963],[114.572572,31.553824],[114.61692,31.585437],[114.641558,31.582378],[114.696376,31.525771],[114.778912,31.520669],[114.789383,31.480358],[114.830035,31.45892],[114.870071,31.479337],[114.884238,31.469129],[114.962462,31.494648],[114.995107,31.471171],[115.022824,31.527811],[115.096121,31.508425],[115.114599,31.530362],[115.106592,31.567592],[115.12507,31.599201],[115.16449,31.604808],[115.212533,31.555354],[115.235939,31.555354],[115.218077,31.515057],[115.211301,31.442072],[115.252569,31.421646],[115.250722,31.392021],[115.301229,31.383846],[115.338801,31.40428],[115.373909,31.405813],[115.389924,31.450241],[115.371446,31.495668],[115.415793,31.525771],[115.439815,31.588496],[115.485394,31.608885],[115.476771,31.643028],[115.495249,31.673083],[115.534054,31.698545],[115.553764,31.69549],[115.676336,31.778453],[115.731154,31.76726],[115.767495,31.78761],[115.808147,31.770313],[115.808147,31.770313],[115.851878,31.786593],[115.886371,31.776418],[115.914704,31.814567],[115.893762,31.832365],[115.894994,31.8649],[115.920248,31.920285],[115.909161,31.94314],[115.928871,32.003046],[115.922095,32.049725],[115.941805,32.166318],[115.912856,32.227596],[115.899306,32.390971],[115.865429,32.458662],[115.883291,32.487946],[115.845719,32.501575],[115.8759,32.542448],[115.910393,32.567165],[115.891298,32.576243],[115.861117,32.537403],[115.789052,32.468761],[115.771806,32.505108],[115.742241,32.476335],[115.704669,32.495013],[115.667712,32.409667],[115.657857,32.428864],[115.626445,32.40512],[115.604271,32.425833],[115.57101,32.419266],[115.522967,32.441997],[115.509416,32.466741],[115.5088,32.468761],[115.497713,32.492489],[115.409018,32.549007],[115.411482,32.575235],[115.304924,32.553042],[115.30554,32.583303],[115.267352,32.578261],[115.24333,32.593388],[115.20083,32.591876],[115.182968,32.666973],[115.179273,32.726402],[115.189744,32.770695],[115.211301,32.785791],[115.189744,32.812452],[115.197135,32.856201],[115.155867,32.864747],[115.139237,32.897917],[115.029599,32.906962],[115.035143,32.932582],[115.009273,32.940117],[114.943368,32.935094],[114.916266,32.971251],[114.883006,32.990328],[114.891629,33.020441],[114.925506,33.016928],[114.913187,33.083143],[114.897172,33.086653],[114.902716,33.129764],[114.932897,33.153817],[114.966158,33.147304],[114.990795,33.102195],[115.041302,33.086653],[115.168186,33.088658],[115.194671,33.120743],[115.245178,33.135778],[115.289526,33.131769],[115.303692,33.149809],[115.300613,33.204407],[115.340033,33.260973],[115.335105,33.297997],[115.361591,33.298497],[115.365286,33.336005],[115.341881,33.370997],[115.313547,33.376994],[115.328946,33.403477],[115.315395,33.431451],[115.324634,33.457418],[115.345576,33.449928],[115.345576,33.502842],[115.366518,33.5233],[115.394851,33.506335],[115.422569,33.557219],[115.463837,33.567193],[115.511264,33.55323],[115.564851,33.576169],[115.639995,33.585143],[115.601191,33.658898],[115.601807,33.718653],[115.563003,33.772895],[115.576553,33.787817],[115.614126,33.775879],[115.631988,33.869846],[115.547604,33.874815],[115.577785,33.950307],[115.579017,33.974133],[115.60735,34.030196],[115.642459,34.03218],[115.658473,34.061437],[115.705901,34.059949],[115.736082,34.076805],[115.768726,34.061932],[115.809378,34.062428],[115.846335,34.028708],[115.85003,34.004898],[115.877132,34.002913],[115.876516,34.028708],[115.904233,34.009859],[115.95782,34.007875],[116.00032,33.965199],[115.982457,33.917039],[116.05945,33.860902],[116.055754,33.804727],[116.074232,33.781351],[116.100102,33.782843],[116.132747,33.751501],[116.155536,33.709693],[116.230065,33.735078],[116.263326,33.730101],[116.316912,33.771402],[116.393905,33.782843],[116.408071,33.805721],[116.437021,33.801246],[116.437637,33.846489],[116.486296,33.869846],[116.558361,33.881274],[116.566984,33.9081],[116.631042,33.887733],[116.64336,33.896675],[116.641512,33.978103],[116.599629,34.014324],[116.599629,34.014324],[116.576223,34.068873],[116.576223,34.068873],[116.52818,34.122892],[116.536187,34.151127],[116.565752,34.16945],[116.542962,34.203608],[116.545426,34.241711],[116.582382,34.266444],[116.562056,34.285731],[116.516477,34.296114],[116.456731,34.268917],[116.409303,34.273863],[116.409303,34.273863],[116.372347,34.26595],[116.357564,34.319843],[116.301514,34.342082],[116.255934,34.376665],[116.213435,34.382098],[116.215898,34.403333],[116.178942,34.430487],[116.162312,34.459605],[116.178326,34.496112],[116.204196,34.508442],[116.191261,34.535561],[116.196804,34.575977],[116.156768,34.5538],[116.134594,34.559715],[116.101334,34.60603],[116.037276,34.593222],[115.991081,34.615389],[115.984305,34.589281],[115.838328,34.5676],[115.827241,34.558236],[115.787821,34.580905],[115.697278,34.594207],[115.685575,34.556265],[115.622749,34.574499],[115.553148,34.568586],[115.515575,34.582383],[115.461373,34.637057],[115.433655,34.725149],[115.449054,34.74433],[115.42688,34.805285],[115.317243,34.859321],[115.256265,34.845079],[115.239019,34.87798],[115.251953,34.906451],[115.205142,34.914303],[115.219309,34.96042],[115.157099,34.957968],[115.12815,35.00455],[115.075179,35.000628],[115.028983,34.9717],[115.008041,34.988372],[114.950759,34.989843],[114.923658,34.968757],[114.880542,35.00357],[114.824492,35.012393],[114.852209,35.041797],[114.818948,35.051596],[114.835578,35.076578],[114.883006,35.098615],[114.841738,35.15099],[114.861448,35.182301],[114.932281,35.198441],[114.929201,35.244886],[114.957534,35.261014],[115.04315,35.376744],[115.073947,35.374304],[115.091809,35.416259],[115.117679,35.400163],[115.126302,35.41821],[115.172497,35.426501],[115.237171,35.423087],[115.307388,35.480126],[115.356047,35.490359],[115.34496,35.55368],[115.383148,35.568772],[115.48601,35.710306],[115.52851,35.733628],[115.622749,35.739457],[115.693582,35.754028],[115.696046,35.788989],[115.73485,35.833154],[115.773654,35.854014],[115.81677,35.844312],[115.859886,35.857894],[115.882675,35.879718],[115.873436,35.918985],[115.907929,35.92674],[115.911624,35.960171],[115.984921,35.974218],[116.048979,35.970343],[116.063145,36.028927],[116.099486,36.112129],[116.057602,36.104877],[115.989849,36.045381],[115.89869,36.026507],[115.859886,36.003756],[115.817386,36.012954],[115.779813,35.993588],[115.774886,35.974702],[115.699125,35.966468],[115.648618,35.922863],[115.583945,35.921893],[115.513112,35.890385],[115.487858,35.880688],[115.460141,35.867594],[115.407786,35.80889],[115.363438,35.779765],[115.335105,35.796756],[115.364054,35.894264],[115.353583,35.938854],[115.362822,35.971796],[115.447822,36.01247],[115.449054,36.047317],[115.484163,36.125666],[115.483547,36.148865],[115.465068,36.170125],[115.450902,36.152248],[115.376989,36.128083],[115.365902,36.099074],[115.312931,36.088436],[115.30246,36.127599],[115.279055,36.13775],[115.242098,36.19138],[115.202678,36.208765],[115.202678,36.208765],[115.202678,36.209248],[115.202678,36.209248],[115.201446,36.210214],[115.201446,36.210214],[115.1842,36.193312],[115.12507,36.209731],[115.104744,36.172058],[115.06286,36.178338],[115.048693,36.161912],[115.04623,36.112613],[114.998186,36.069572],[114.914419,36.052155],[114.926737,36.089403],[114.912571,36.140649],[114.858368,36.144516],[114.857752,36.127599],[114.771521,36.124699],[114.734564,36.15563],[114.720398,36.140166],[114.640326,36.137266],[114.588587,36.118414],[114.586739,36.141133],[114.533152,36.171575],[114.480181,36.177855],[114.466015,36.197658],[114.417356,36.205868],[114.408117,36.224699],[114.356378,36.230492],[114.345291,36.255591],[114.299095,36.245938],[114.257827,36.263794],[114.241197,36.251247],[114.2104,36.272962],[114.203009,36.245456],[114.170364,36.245938],[114.170364,36.245938],[114.175907,36.264759],[114.129096,36.280199],[114.080437,36.269585],[114.04348,36.303353],[114.056415,36.329392],[114.002828,36.334214],[113.981887,36.31782],[113.962792,36.353977],[113.911054,36.314927],[113.882104,36.353977],[113.84946,36.347711],[113.856851,36.329392],[113.813119,36.332285],[113.755221,36.366026],[113.731199,36.363135],[113.736127,36.324571],[113.712105,36.303353],[113.716417,36.262347],[113.681924,36.216491],[113.697939,36.181719],[113.651127,36.174473],[113.705946,36.148865],[113.712721,36.129533],[113.655439,36.125182],[113.671453,36.115514],[113.68562,36.056026],[113.660366,36.034735],[113.694859,36.026991],[113.678844,35.985841],[113.648663,35.994073],[113.654207,35.931586],[113.637576,35.870019],[113.660982,35.837035],[113.582758,35.818111],[113.604932,35.797727],[113.587685,35.736542],[113.592613,35.691838],[113.622794,35.674825],[113.625258,35.632518],[113.578446,35.633491],[113.547649,35.656835],[113.55812,35.621816],[113.513773,35.57364],[113.49899,35.532254],[113.439244,35.507412],[113.391817,35.506925],[113.348085,35.468429],[113.31236,35.481101],[113.304353,35.426989],[113.243375,35.449418],[113.189789,35.44893],[113.185477,35.409431],[113.165151,35.412845],[113.149137,35.350878],[113.126347,35.332327],[113.067217,35.353806],[112.996384,35.362104],[112.985913,35.33965],[112.992072,35.29619],[112.936022,35.284466],[112.934174,35.262968],[112.884283,35.243909],[112.822073,35.258082],[112.772798,35.207732],[112.720443,35.206265],[112.628052,35.263457],[112.637291,35.225822],[112.513487,35.218489],[112.390915,35.239021],[112.36751,35.219956],[112.288053,35.219956],[112.304684,35.251728],[112.242474,35.234622],[112.21722,35.253195],[112.13838,35.271275],[112.058924,35.280069],[112.078634,35.219467],[112.03983,35.194039],[112.066315,35.153437],[112.05646,35.098615],[112.062004,35.056005],[112.039214,35.045717],[112.018888,35.068742],[111.97762,35.067272],[111.933272,35.083435],[111.810084,35.062374],[111.807005,35.032977],[111.740483,35.00455],[111.664107,34.984449],[111.681969,34.9511],[111.646861,34.938836],[111.617911,34.894671],[111.592042,34.881416],[111.570484,34.843114],[111.543999,34.853428],[111.502731,34.829851],[111.439289,34.838202],[111.389398,34.815113],[111.345666,34.831816],[111.29208,34.806759],[111.255123,34.819535],[111.232949,34.789559],[111.148566,34.807742],[111.118385,34.756623],[111.035233,34.740887],[110.976103,34.706456],[110.920052,34.730068],[110.903422,34.669056],[110.883712,34.64395],[110.824582,34.615881],[110.791937,34.649858],[110.749437,34.65232],[110.710017,34.605045],[110.610851,34.607508],[110.533242,34.583368],[110.488279,34.610956],[110.424837,34.588295],[110.379257,34.600612],[110.366939,34.566614],[110.404511,34.557743],[110.372482,34.544435],[110.360779,34.516825],[110.403279,34.433448],[110.403279,34.433448],[110.473496,34.393457],[110.503677,34.33714],[110.451938,34.292653],[110.428533,34.288203],[110.43962,34.243196],[110.507989,34.217466],[110.55172,34.213012],[110.55788,34.193214],[110.621938,34.177372],[110.642264,34.161032],[110.61393,34.113478],[110.591757,34.101586],[110.587445,34.023252],[110.620706,34.035652],[110.671213,33.966192],[110.665669,33.937895],[110.627481,33.925482],[110.628713,33.910086],[110.587445,33.887733],[110.612083,33.852453],[110.66259,33.85295],[110.712481,33.833564],[110.74143,33.798759],[110.782082,33.796272],[110.81719,33.751003],[110.831973,33.713675],[110.823966,33.685793],[110.878784,33.634486],[110.966864,33.609071],[111.00382,33.578662],[111.002588,33.535772],[111.02661,33.478386],[111.02661,33.467903],[110.996429,33.435946],[111.025994,33.375495],[111.025994,33.330504],[110.984726,33.255469],[111.046936,33.202905],[111.045704,33.169849],[111.08882,33.181871],[111.12824,33.15532],[111.146102,33.12375],[111.179363,33.115229],[111.192913,33.071609],[111.152877,33.039507],[111.221862,33.042517],[111.258819,33.006389],[111.273601,32.971753],[111.242804,32.930573],[111.255123,32.883846],[111.276065,32.903445],[111.293311,32.859217],[111.380159,32.829049],[111.41342,32.757108],[111.475629,32.760127],[111.458383,32.726402],[111.513202,32.674026],[111.530448,32.628172],[111.577875,32.593388],[111.640701,32.634724],[111.646245,32.605993],[111.713382,32.606497],[111.808853,32.536899],[111.858128,32.528826],[111.890157,32.503089],[111.948671,32.51722],[111.975772,32.471791],[112.014576,32.450077],[112.063851,32.474315],[112.081098,32.425833],[112.155626,32.377326],[112.150083,32.411688],[112.172873,32.385412],[112.206133,32.392992],[112.328089,32.321712],[112.360118,32.3657],[112.390915,32.37126],[112.448814,32.34295],[112.477147,32.380863],[112.530733,32.37682],[112.545516,32.404109],[112.589248,32.381369],[112.612037,32.386928],[112.645298,32.368227],[112.716747,32.357612]]],[[[113.768156,32.284279],[113.768772,32.30148],[113.749061,32.272642],[113.758301,32.27669],[113.768156,32.284279]]]]}},{"type":"Feature","properties":{"adcode":420000,"name":"湖北省","center":[114.298572,30.584355],"centroid":[112.271301,30.987527],"childrenNum":17,"level":"province","parent":{"adcode":100000},"subFeatureIndex":16,"acroutes":[100000]},"geometry":{"type":"MultiPolygon","coordinates":[[[[111.045704,33.169849],[111.034001,33.177864],[111.035849,33.187881],[111.046936,33.202905],[110.984726,33.255469],[110.960704,33.253967],[110.9219,33.203907],[110.865234,33.213921],[110.828893,33.201403],[110.824582,33.158327],[110.753133,33.15031],[110.702626,33.097182],[110.650887,33.157324],[110.623785,33.143796],[110.59422,33.168346],[110.57759,33.250464],[110.54125,33.255469],[110.471032,33.171352],[110.398352,33.176862],[110.398352,33.176862],[110.372482,33.186379],[110.33799,33.160331],[110.285635,33.171352],[110.218497,33.163336],[110.164911,33.209415],[110.031252,33.191888],[109.999223,33.212419],[109.973353,33.203907],[109.916687,33.229942],[109.852013,33.247961],[109.813209,33.236449],[109.732521,33.231443],[109.693101,33.254468],[109.649985,33.251465],[109.619804,33.275484],[109.60687,33.235949],[109.514479,33.237951],[109.498464,33.207412],[109.438718,33.152314],[109.468283,33.140288],[109.522486,33.138785],[109.576073,33.110216],[109.688174,33.116733],[109.704188,33.101694],[109.794731,33.067095],[109.785492,32.987316],[109.76455,32.909474],[109.789804,32.882339],[109.847702,32.893395],[109.856941,32.910479],[109.907448,32.903947],[109.927158,32.887364],[109.988752,32.886359],[110.051578,32.851676],[110.105164,32.832569],[110.142121,32.802895],[110.127338,32.77774],[110.159367,32.767173],[110.156903,32.683093],[110.206179,32.633212],[110.153824,32.593388],[110.124259,32.616579],[110.090382,32.617083],[110.084223,32.580782],[110.017701,32.546989],[109.97089,32.577756],[109.910528,32.592884],[109.816905,32.577252],[109.746072,32.594901],[109.726978,32.608513],[109.631507,32.599943],[109.619804,32.56767],[109.637051,32.540935],[109.575457,32.506622],[109.526797,32.43341],[109.529877,32.405625],[109.502776,32.38895],[109.513247,32.342444],[109.495385,32.300468],[109.528645,32.270112],[109.550203,32.225065],[109.592703,32.219495],[109.604406,32.199241],[109.58716,32.161251],[109.621652,32.106519],[109.590855,32.047696],[109.590855,32.012688],[109.631507,31.962436],[109.62042,31.928412],[109.584696,31.900472],[109.60379,31.885737],[109.633971,31.824738],[109.633971,31.804396],[109.592087,31.789136],[109.585928,31.726546],[109.622268,31.711783],[109.683246,31.719929],[109.731289,31.700582],[109.737449,31.628761],[109.76455,31.602769],[109.745456,31.598182],[109.727594,31.548214],[109.837847,31.555354],[109.894513,31.519139],[109.969658,31.508935],[109.94502,31.47066],[109.98752,31.474744],[110.036795,31.436966],[110.054042,31.410921],[110.118715,31.409899],[110.161831,31.314338],[110.155671,31.279564],[110.180309,31.179774],[110.200019,31.158779],[110.180309,31.121899],[110.147048,31.116776],[110.119947,31.088592],[110.120563,31.0322],[110.140273,31.030661],[110.140889,30.987062],[110.172918,30.978853],[110.153824,30.953708],[110.151976,30.911613],[110.082375,30.799614],[110.048498,30.800642],[110.019549,30.829425],[110.008462,30.883369],[109.943788,30.878746],[109.894513,30.899803],[109.828608,30.864364],[109.780564,30.848437],[109.701724,30.783677],[109.656761,30.760538],[109.661072,30.738936],[109.625348,30.702923],[109.590855,30.69366],[109.574225,30.646818],[109.543428,30.63961],[109.535421,30.664837],[109.435638,30.595832],[109.418392,30.559766],[109.35495,30.487076],[109.337088,30.521623],[109.36111,30.551004],[109.314298,30.599953],[109.299516,30.630341],[109.245313,30.580892],[109.191726,30.545851],[109.191726,30.545851],[109.143683,30.521108],[109.103647,30.565949],[109.09256,30.578831],[109.106111,30.61077],[109.111654,30.646303],[109.071002,30.640125],[109.042669,30.655571],[109.006329,30.626736],[108.971836,30.627766],[108.893612,30.565434],[108.838793,30.503062],[108.808612,30.491202],[108.789518,30.513374],[108.743939,30.494812],[108.698975,30.54482],[108.688504,30.58759],[108.642925,30.578831],[108.6497,30.53915],[108.56778,30.468508],[108.556077,30.487592],[108.512961,30.501515],[108.472925,30.487076],[108.42673,30.492233],[108.411331,30.438586],[108.430425,30.416397],[108.402092,30.376649],[108.431041,30.354446],[108.460606,30.35961],[108.501258,30.314673],[108.524048,30.309506],[108.54499,30.269716],[108.581947,30.255759],[108.551766,30.1637],[108.56778,30.157491],[108.546222,30.104178],[108.513577,30.057571],[108.532055,30.051873],[108.536367,29.983472],[108.517889,29.9394],[108.516041,29.885451],[108.467998,29.864175],[108.433505,29.880262],[108.371295,29.841337],[108.424266,29.815897],[108.422418,29.772791],[108.442744,29.778505],[108.437201,29.741098],[108.460606,29.741098],[108.504338,29.707836],[108.504954,29.728626],[108.548686,29.749412],[108.52528,29.770713],[108.556077,29.818493],[108.601041,29.863656],[108.658939,29.854833],[108.680497,29.800319],[108.676801,29.749412],[108.690968,29.689642],[108.752562,29.649082],[108.786438,29.691721],[108.797525,29.660003],[108.781511,29.635558],[108.844337,29.658443],[108.888068,29.628795],[108.870206,29.596537],[108.901003,29.604863],[108.913322,29.574679],[108.878213,29.539279],[108.888684,29.502305],[108.866511,29.470527],[108.884373,29.440824],[108.927488,29.435612],[108.934264,29.399643],[108.919481,29.3261],[108.983539,29.332883],[108.999553,29.36366],[109.034662,29.360531],[109.060531,29.403292],[109.11227,29.361053],[109.106727,29.288526],[109.141835,29.270256],[109.110422,29.21647],[109.139372,29.168927],[109.162777,29.180946],[109.215748,29.145409],[109.232378,29.119271],[109.274262,29.121885],[109.261328,29.161089],[109.275494,29.202366],[109.257632,29.222738],[109.312451,29.25146],[109.352487,29.284872],[109.343863,29.369398],[109.391291,29.372005],[109.368501,29.413719],[109.418392,29.453332],[109.415928,29.497617],[109.436254,29.488761],[109.433791,29.530948],[109.458428,29.513242],[109.467051,29.560104],[109.488609,29.553336],[109.516326,29.626194],[109.558826,29.606944],[109.578536,29.629836],[109.651833,29.625674],[109.664768,29.599659],[109.717739,29.615269],[109.701108,29.636078],[109.714659,29.673524],[109.760238,29.689122],[109.755311,29.733304],[109.779333,29.757725],[109.869876,29.774869],[109.908064,29.763959],[109.941325,29.774349],[110.02386,29.769674],[110.113788,29.789932],[110.160599,29.753569],[110.219729,29.746814],[110.289946,29.6964],[110.302265,29.661563],[110.339221,29.668324],[110.372482,29.633477],[110.447011,29.664684],[110.467337,29.713034],[110.507373,29.692241],[110.562807,29.712515],[110.642879,29.775907],[110.60038,29.839779],[110.549873,29.848085],[110.538786,29.895828],[110.49875,29.91243],[110.517228,29.961179],[110.557264,29.988137],[110.491358,30.019751],[110.497518,30.055499],[110.531394,30.061197],[110.600996,30.054463],[110.650887,30.07777],[110.712481,30.033223],[110.756212,30.054463],[110.746973,30.112979],[110.851067,30.126439],[110.924364,30.111426],[110.929907,30.063268],[111.031537,30.048765],[111.242188,30.040476],[111.266826,30.01146],[111.3315,29.970512],[111.342587,29.944586],[111.382623,29.95029],[111.394325,29.912948],[111.436825,29.930065],[111.475629,29.918654],[111.527368,29.925916],[111.553854,29.894272],[111.669034,29.888565],[111.669034,29.888565],[111.705375,29.890121],[111.723853,29.909317],[111.723853,29.909317],[111.75773,29.92021],[111.8107,29.901017],[111.861207,29.856909],[111.899396,29.855871],[111.899396,29.855871],[111.925881,29.836665],[111.965917,29.832512],[111.95483,29.796683],[112.008417,29.778505],[112.07617,29.743696],[112.065699,29.681323],[112.089721,29.685482],[112.111279,29.659483],[112.178416,29.656883],[112.202438,29.633997],[112.244322,29.659483],[112.233851,29.61631],[112.303452,29.585609],[112.281278,29.536676],[112.291133,29.517409],[112.333017,29.545007],[112.368741,29.541362],[112.424792,29.598619],[112.439574,29.633997],[112.499321,29.629316],[112.54182,29.60122],[112.572001,29.624113],[112.640371,29.607985],[112.650842,29.592374],[112.693957,29.601741],[112.714283,29.648561],[112.733378,29.645441],[112.788812,29.681323],[112.79374,29.735902],[112.861493,29.78318],[112.894138,29.783699],[112.902145,29.79149],[112.929246,29.77383],[112.923703,29.766557],[112.926782,29.692241],[112.944645,29.682883],[112.974826,29.732784],[113.025949,29.772791],[113.005007,29.693801],[112.915696,29.620992],[112.912,29.606944],[112.950188,29.473132],[113.034572,29.523658],[113.057362,29.522616],[113.078304,29.438218],[113.099861,29.459585],[113.145441,29.449163],[113.181781,29.485636],[113.222433,29.543965],[113.277252,29.594976],[113.37765,29.703158],[113.571671,29.849123],[113.575367,29.809147],[113.550729,29.768115],[113.558736,29.727067],[113.540258,29.699519],[113.547033,29.675603],[113.606164,29.666764],[113.663446,29.684443],[113.680692,29.64336],[113.704098,29.634518],[113.73859,29.579363],[113.710257,29.555419],[113.630801,29.523137],[113.677613,29.513763],[113.755221,29.446557],[113.731199,29.393907],[113.674533,29.388172],[113.660982,29.333405],[113.632033,29.316186],[113.609859,29.25146],[113.651743,29.225872],[113.693011,29.226394],[113.691779,29.19662],[113.66283,29.16945],[113.690547,29.114566],[113.696091,29.077437],[113.722576,29.104631],[113.749677,29.060699],[113.775547,29.095219],[113.816199,29.105154],[113.852539,29.058606],[113.882104,29.065407],[113.876561,29.038202],[113.898119,29.029307],[113.94185,29.047097],[113.952321,29.092604],[113.98743,29.126068],[114.034857,29.152204],[114.063191,29.204978],[114.169748,29.216993],[114.252284,29.23475],[114.259059,29.343839],[114.307102,29.365225],[114.341595,29.327665],[114.376088,29.322969],[114.440145,29.341752],[114.466015,29.324013],[114.519602,29.325578],[114.589819,29.352707],[114.621847,29.379828],[114.67297,29.395993],[114.740724,29.386607],[114.759818,29.363139],[114.784455,29.386086],[114.812173,29.383478],[114.866375,29.404335],[114.895325,29.397557],[114.931049,29.422581],[114.947063,29.465317],[114.935977,29.486678],[114.90518,29.473132],[114.918114,29.454374],[114.888549,29.436134],[114.860216,29.476258],[114.900868,29.505951],[114.940288,29.493971],[114.966773,29.522096],[114.947679,29.542924],[115.00065,29.572076],[115.033295,29.546568],[115.087498,29.560104],[115.086266,29.525741],[115.154019,29.510117],[115.157099,29.584568],[115.120142,29.597578],[115.143548,29.645961],[115.117679,29.655843],[115.113367,29.684963],[115.176809,29.654803],[115.250722,29.660003],[115.28583,29.618391],[115.304924,29.637118],[115.355431,29.649602],[115.412714,29.688602],[115.470612,29.739539],[115.479235,29.811224],[115.51188,29.840299],[115.611662,29.841337],[115.667712,29.850161],[115.706517,29.837703],[115.762567,29.793048],[115.837096,29.748373],[115.909777,29.723949],[115.965827,29.724469],[116.049595,29.761881],[116.087167,29.795125],[116.13521,29.819532],[116.128435,29.897904],[116.073616,29.969993],[116.091479,30.036331],[116.078544,30.062233],[116.088399,30.110391],[116.055754,30.180774],[116.065609,30.204569],[115.997856,30.252657],[115.985537,30.290905],[115.903001,30.31364],[115.91532,30.337919],[115.885139,30.379747],[115.921479,30.416397],[115.894994,30.452517],[115.910393,30.519046],[115.887603,30.542758],[115.876516,30.582438],[115.848799,30.602014],[115.819234,30.597893],[115.81369,30.637035],[115.762567,30.685426],[115.782893,30.751795],[115.851262,30.756938],[115.863581,30.815549],[115.848799,30.828397],[115.865429,30.864364],[115.932566,30.889532],[115.976298,30.931636],[116.03974,30.957813],[116.071769,30.956787],[116.058834,31.012711],[116.015102,31.011685],[116.006479,31.034764],[115.938726,31.04707],[115.939958,31.071678],[115.887603,31.10909],[115.867277,31.147512],[115.837712,31.127022],[115.797676,31.128047],[115.778582,31.112164],[115.700973,31.201276],[115.655394,31.211002],[115.603655,31.17363],[115.585793,31.143926],[115.540213,31.194621],[115.539597,31.231985],[115.507568,31.267799],[115.473076,31.265242],[115.443511,31.344498],[115.40717,31.337854],[115.372062,31.349098],[115.393004,31.389977],[115.373909,31.405813],[115.338801,31.40428],[115.301229,31.383846],[115.250722,31.392021],[115.252569,31.421646],[115.211301,31.442072],[115.218077,31.515057],[115.235939,31.555354],[115.212533,31.555354],[115.16449,31.604808],[115.12507,31.599201],[115.106592,31.567592],[115.114599,31.530362],[115.096121,31.508425],[115.022824,31.527811],[114.995107,31.471171],[114.962462,31.494648],[114.884238,31.469129],[114.870071,31.479337],[114.830035,31.45892],[114.789383,31.480358],[114.778912,31.520669],[114.696376,31.525771],[114.641558,31.582378],[114.61692,31.585437],[114.572572,31.553824],[114.560869,31.560963],[114.547935,31.623665],[114.57134,31.660858],[114.586123,31.762172],[114.549783,31.766751],[114.530688,31.742834],[114.443841,31.728074],[114.403189,31.746906],[114.350218,31.755557],[114.292936,31.752503],[114.235654,31.833382],[114.191922,31.852192],[114.134024,31.843042],[114.121705,31.809482],[114.086596,31.782014],[114.017611,31.770822],[113.988662,31.749959],[113.952321,31.793714],[113.957865,31.852701],[113.914749,31.877098],[113.893807,31.847109],[113.854387,31.843042],[113.830981,31.87913],[113.832213,31.918761],[113.805728,31.929428],[113.817431,31.964467],[113.757685,31.98985],[113.791561,32.036028],[113.728735,32.083197],[113.722576,32.12426],[113.750293,32.11615],[113.782322,32.184553],[113.752757,32.215951],[113.73859,32.255942],[113.749061,32.272642],[113.768772,32.30148],[113.753989,32.328286],[113.76754,32.370249],[113.735511,32.410677],[113.700402,32.420782],[113.650511,32.412698],[113.624642,32.36115],[113.511925,32.316654],[113.428773,32.270618],[113.376418,32.298445],[113.353628,32.294904],[113.317904,32.327275],[113.333918,32.336377],[113.2366,32.407141],[113.211962,32.431895],[113.158992,32.410677],[113.155912,32.380863],[113.118956,32.375809],[113.107869,32.398551],[113.078919,32.394508],[113.025949,32.425328],[113.000695,32.41674],[112.992072,32.378336],[112.912,32.390971],[112.888594,32.37682],[112.860877,32.396024],[112.776493,32.358623],[112.735841,32.356095],[112.733993,32.356601],[112.724138,32.358623],[112.716747,32.357612],[112.645298,32.368227],[112.612037,32.386928],[112.589248,32.381369],[112.545516,32.404109],[112.530733,32.37682],[112.477147,32.380863],[112.448814,32.34295],[112.390915,32.37126],[112.360118,32.3657],[112.328089,32.321712],[112.206133,32.392992],[112.172873,32.385412],[112.150083,32.411688],[112.155626,32.377326],[112.081098,32.425833],[112.063851,32.474315],[112.014576,32.450077],[111.975772,32.471791],[111.948671,32.51722],[111.890157,32.503089],[111.858128,32.528826],[111.808853,32.536899],[111.713382,32.606497],[111.646245,32.605993],[111.640701,32.634724],[111.577875,32.593388],[111.530448,32.628172],[111.513202,32.674026],[111.458383,32.726402],[111.475629,32.760127],[111.41342,32.757108],[111.380159,32.829049],[111.293311,32.859217],[111.276065,32.903445],[111.255123,32.883846],[111.242804,32.930573],[111.273601,32.971753],[111.258819,33.006389],[111.221862,33.042517],[111.152877,33.039507],[111.192913,33.071609],[111.179363,33.115229],[111.146102,33.12375],[111.12824,33.15532],[111.08882,33.181871],[111.045704,33.169849]]],[[[109.106111,30.570587],[109.101183,30.579346],[109.09872,30.579346],[109.106111,30.570587]]],[[[111.046936,33.202905],[111.035849,33.187881],[111.034001,33.177864],[111.045704,33.169849],[111.046936,33.202905]]],[[[112.716747,32.357612],[112.735841,32.356095],[112.733993,32.356601],[112.724138,32.358623],[112.716747,32.357612]]],[[[112.902145,29.79149],[112.894138,29.783699],[112.923703,29.766557],[112.929246,29.77383],[112.902145,29.79149]]]]}},{"type":"Feature","properties":{"adcode":430000,"name":"湖南省","center":[112.982279,28.19409],"centroid":[111.711649,27.629216],"childrenNum":14,"level":"province","parent":{"adcode":100000},"subFeatureIndex":17,"acroutes":[100000]},"geometry":{"type":"MultiPolygon","coordinates":[[[[112.024431,24.740308],[112.03367,24.771286],[112.124214,24.841364],[112.149467,24.837019],[112.167329,24.859828],[112.175337,24.927685],[112.119902,24.963499],[112.12175,24.989538],[112.155626,25.026419],[112.151931,25.055698],[112.177184,25.106649],[112.187039,25.182494],[112.246785,25.185202],[112.256025,25.159204],[112.302836,25.157037],[112.315771,25.175453],[112.365046,25.191701],[112.414937,25.14241],[112.44327,25.185744],[112.458053,25.152162],[112.562762,25.124531],[112.628052,25.140785],[112.660081,25.132658],[112.712436,25.083344],[112.714899,25.025876],[112.742001,24.99876],[112.743233,24.959701],[112.778341,24.947764],[112.780805,24.896747],[112.873812,24.896747],[112.904609,24.921715],[112.941565,24.915745],[112.994536,24.927142],[113.009934,24.977604],[112.979137,25.03401],[113.004391,25.089306],[112.96805,25.141869],[112.97421,25.168412],[113.034572,25.198199],[112.992688,25.247467],[112.958195,25.254503],[112.897833,25.238264],[112.867036,25.249632],[112.854718,25.337829],[112.891058,25.339993],[112.924319,25.296714],[112.93479,25.325929],[112.969898,25.350269],[113.013014,25.352432],[113.078304,25.382174],[113.096782,25.412449],[113.131274,25.414611],[113.11834,25.445418],[113.176854,25.471355],[113.226129,25.50971],[113.248919,25.514031],[113.311129,25.490264],[113.314208,25.442716],[113.341926,25.448661],[113.373338,25.402719],[113.407215,25.401637],[113.449715,25.359463],[113.479896,25.375145],[113.535946,25.368656],[113.579062,25.34432],[113.584606,25.306453],[113.611707,25.327552],[113.680076,25.334584],[113.686852,25.351891],[113.753373,25.362707],[113.76446,25.333502],[113.814967,25.328634],[113.839605,25.363248],[113.877177,25.380552],[113.887032,25.436772],[113.94493,25.441635],[113.962792,25.528072],[113.986198,25.529153],[113.983118,25.599336],[113.957249,25.611749],[113.913517,25.701299],[113.920293,25.741197],[113.961561,25.77731],[113.971416,25.836036],[114.028082,25.893119],[114.028082,25.98138],[114.008372,26.015806],[114.044096,26.076564],[114.087828,26.06635],[114.121089,26.085702],[114.10569,26.097526],[114.188842,26.121172],[114.237501,26.152333],[114.216559,26.203355],[114.181451,26.214631],[114.102611,26.187783],[114.088444,26.168448],[114.013299,26.184023],[113.962792,26.150722],[113.949242,26.192616],[113.972647,26.20604],[113.978807,26.237716],[114.029314,26.266163],[114.021307,26.288701],[114.047792,26.337518],[114.030546,26.376664],[114.062575,26.406149],[114.085364,26.406149],[114.090292,26.455988],[114.110002,26.482775],[114.07243,26.480096],[114.10877,26.56952],[114.019459,26.587182],[113.996669,26.615543],[113.912901,26.613938],[113.860546,26.664221],[113.853771,26.769532],[113.835909,26.806394],[113.877177,26.859262],[113.890112,26.895562],[113.927068,26.948922],[113.892575,26.964925],[113.86301,27.018252],[113.824206,27.036378],[113.803264,27.099261],[113.771851,27.096598],[113.779242,27.137081],[113.846996,27.222262],[113.872865,27.289828],[113.854387,27.30525],[113.872865,27.346721],[113.872865,27.384988],[113.72812,27.350442],[113.699786,27.331836],[113.657902,27.347253],[113.616635,27.345658],[113.605548,27.38924],[113.632033,27.40518],[113.59754,27.428554],[113.591381,27.467855],[113.627105,27.49971],[113.583374,27.524657],[113.579062,27.545354],[113.608627,27.585143],[113.607395,27.625449],[113.652359,27.663619],[113.696707,27.71979],[113.69917,27.740979],[113.763228,27.799228],[113.756453,27.860091],[113.72812,27.874904],[113.752141,27.93361],[113.822974,27.982243],[113.845148,27.971672],[113.864242,28.004966],[113.914133,27.991227],[113.936307,28.018703],[113.966488,28.017646],[113.970184,28.041418],[114.025618,28.031382],[114.047176,28.057263],[114.025002,28.080499],[113.992357,28.161255],[114.012068,28.174972],[114.068734,28.171806],[114.107538,28.182885],[114.109386,28.205038],[114.143879,28.246694],[114.182067,28.249858],[114.198081,28.29097],[114.2529,28.319423],[114.252284,28.395787],[114.214712,28.403157],[114.172212,28.432632],[114.217175,28.466308],[114.218407,28.48472],[114.15435,28.507337],[114.138335,28.533629],[114.08598,28.558337],[114.132176,28.607211],[114.122321,28.623497],[114.157429,28.761566],[114.137719,28.779926],[114.153734,28.829221],[114.124784,28.843376],[114.076741,28.834464],[114.056415,28.872204],[114.060111,28.902596],[114.028082,28.891069],[114.005292,28.917788],[114.008988,28.955498],[113.973879,28.937692],[113.955401,28.978536],[113.961561,28.999476],[113.94185,29.047097],[113.898119,29.029307],[113.876561,29.038202],[113.882104,29.065407],[113.852539,29.058606],[113.816199,29.105154],[113.775547,29.095219],[113.749677,29.060699],[113.722576,29.104631],[113.696091,29.077437],[113.690547,29.114566],[113.66283,29.16945],[113.691779,29.19662],[113.693011,29.226394],[113.651743,29.225872],[113.609859,29.25146],[113.632033,29.316186],[113.660982,29.333405],[113.674533,29.388172],[113.731199,29.393907],[113.755221,29.446557],[113.677613,29.513763],[113.630801,29.523137],[113.710257,29.555419],[113.73859,29.579363],[113.704098,29.634518],[113.680692,29.64336],[113.663446,29.684443],[113.606164,29.666764],[113.547033,29.675603],[113.540258,29.699519],[113.558736,29.727067],[113.550729,29.768115],[113.575367,29.809147],[113.571671,29.849123],[113.37765,29.703158],[113.277252,29.594976],[113.222433,29.543965],[113.181781,29.485636],[113.145441,29.449163],[113.099861,29.459585],[113.078304,29.438218],[113.057362,29.522616],[113.034572,29.523658],[112.950188,29.473132],[112.912,29.606944],[112.915696,29.620992],[113.005007,29.693801],[113.025949,29.772791],[112.974826,29.732784],[112.944645,29.682883],[112.926782,29.692241],[112.923703,29.766557],[112.894138,29.783699],[112.861493,29.78318],[112.79374,29.735902],[112.788812,29.681323],[112.733378,29.645441],[112.714283,29.648561],[112.693957,29.601741],[112.650842,29.592374],[112.640371,29.607985],[112.572001,29.624113],[112.54182,29.60122],[112.499321,29.629316],[112.439574,29.633997],[112.424792,29.598619],[112.368741,29.541362],[112.333017,29.545007],[112.291133,29.517409],[112.281278,29.536676],[112.303452,29.585609],[112.233851,29.61631],[112.244322,29.659483],[112.202438,29.633997],[112.178416,29.656883],[112.111279,29.659483],[112.089721,29.685482],[112.065699,29.681323],[112.07617,29.743696],[112.008417,29.778505],[111.95483,29.796683],[111.965917,29.832512],[111.925881,29.836665],[111.899396,29.855871],[111.899396,29.855871],[111.861207,29.856909],[111.8107,29.901017],[111.75773,29.92021],[111.723853,29.909317],[111.723853,29.909317],[111.705375,29.890121],[111.669034,29.888565],[111.669034,29.888565],[111.553854,29.894272],[111.527368,29.925916],[111.475629,29.918654],[111.436825,29.930065],[111.394325,29.912948],[111.382623,29.95029],[111.342587,29.944586],[111.3315,29.970512],[111.266826,30.01146],[111.242188,30.040476],[111.031537,30.048765],[110.929907,30.063268],[110.924364,30.111426],[110.851067,30.126439],[110.746973,30.112979],[110.756212,30.054463],[110.712481,30.033223],[110.650887,30.07777],[110.600996,30.054463],[110.531394,30.061197],[110.497518,30.055499],[110.491358,30.019751],[110.557264,29.988137],[110.517228,29.961179],[110.49875,29.91243],[110.538786,29.895828],[110.549873,29.848085],[110.60038,29.839779],[110.642879,29.775907],[110.562807,29.712515],[110.507373,29.692241],[110.467337,29.713034],[110.447011,29.664684],[110.372482,29.633477],[110.339221,29.668324],[110.302265,29.661563],[110.289946,29.6964],[110.219729,29.746814],[110.160599,29.753569],[110.113788,29.789932],[110.02386,29.769674],[109.941325,29.774349],[109.908064,29.763959],[109.869876,29.774869],[109.779333,29.757725],[109.755311,29.733304],[109.760238,29.689122],[109.714659,29.673524],[109.701108,29.636078],[109.717739,29.615269],[109.664768,29.599659],[109.651833,29.625674],[109.578536,29.629836],[109.558826,29.606944],[109.516326,29.626194],[109.488609,29.553336],[109.467051,29.560104],[109.458428,29.513242],[109.433791,29.530948],[109.436254,29.488761],[109.415928,29.497617],[109.418392,29.453332],[109.368501,29.413719],[109.391291,29.372005],[109.343863,29.369398],[109.352487,29.284872],[109.312451,29.25146],[109.257632,29.222738],[109.275494,29.202366],[109.261328,29.161089],[109.274262,29.121885],[109.232378,29.119271],[109.240386,29.086328],[109.312451,29.066453],[109.319842,29.042388],[109.294588,29.015177],[109.292741,28.987436],[109.261328,28.952356],[109.235458,28.882161],[109.246545,28.80143],[109.241002,28.776779],[109.2989,28.7474],[109.294588,28.722211],[109.252704,28.691767],[109.271183,28.671816],[109.192958,28.636104],[109.201581,28.597753],[109.235458,28.61982],[109.252089,28.606685],[109.306907,28.62087],[109.319842,28.579886],[109.273646,28.53836],[109.274262,28.494714],[109.260712,28.46473],[109.264407,28.392628],[109.289045,28.373673],[109.268719,28.33786],[109.275494,28.313101],[109.317994,28.277795],[109.33524,28.293605],[109.388211,28.268307],[109.367885,28.254602],[109.340168,28.19027],[109.33832,28.141731],[109.314298,28.103729],[109.298284,28.036136],[109.335856,28.063073],[109.378972,28.034551],[109.362342,28.007608],[109.319842,27.988585],[109.30198,27.956343],[109.32169,27.868027],[109.346943,27.838396],[109.332777,27.782815],[109.37774,27.736741],[109.366653,27.721909],[109.414081,27.725087],[109.470747,27.680049],[109.45658,27.673689],[109.470131,27.62863],[109.451037,27.586204],[109.461508,27.567637],[109.404841,27.55066],[109.303211,27.47582],[109.300132,27.423774],[109.245313,27.41793],[109.202197,27.450331],[109.167089,27.41793],[109.141835,27.448207],[109.142451,27.418461],[109.103647,27.336621],[109.044517,27.331304],[109.053756,27.293551],[108.983539,27.26802],[108.963213,27.235565],[108.907778,27.204699],[108.926873,27.160512],[108.878829,27.106187],[108.79075,27.084343],[108.877597,27.01612],[108.942887,27.017186],[108.942887,27.017186],[108.940423,27.044907],[109.007561,27.08008],[109.032814,27.104056],[109.128901,27.122701],[109.101183,27.06889],[109.165857,27.066758],[109.21698,27.114711],[109.239154,27.14933],[109.264407,27.131755],[109.33524,27.139212],[109.358646,27.153058],[109.415312,27.154123],[109.441182,27.117907],[109.472595,27.134951],[109.454733,27.069423],[109.486761,27.053968],[109.497848,27.079548],[109.520022,27.058764],[109.555131,26.946788],[109.436254,26.892359],[109.452885,26.861932],[109.486761,26.895562],[109.509551,26.877947],[109.513247,26.84004],[109.497232,26.815474],[109.522486,26.749226],[109.528645,26.743881],[109.554515,26.73533],[109.597015,26.756173],[109.568065,26.726243],[109.528645,26.743881],[109.52187,26.749226],[109.486761,26.759913],[109.447957,26.759913],[109.407305,26.719829],[109.35495,26.693098],[109.283501,26.698445],[109.306291,26.661012],[109.334008,26.646036],[109.35495,26.658873],[109.390675,26.598955],[109.407305,26.533116],[109.381436,26.518659],[109.385747,26.493487],[109.362342,26.472061],[109.38082,26.454381],[109.319842,26.418477],[109.29582,26.350389],[109.271183,26.327863],[109.285965,26.295676],[109.325385,26.29031],[109.351255,26.264016],[109.369733,26.277432],[109.442414,26.289774],[109.467051,26.313917],[109.439334,26.238789],[109.47629,26.148035],[109.513863,26.128157],[109.502776,26.096451],[109.449805,26.101826],[109.452885,26.055598],[109.48245,26.029788],[109.513247,25.998056],[109.560058,26.021184],[109.588391,26.019571],[109.635203,26.047533],[109.649369,26.016882],[109.730057,25.989988],[109.710963,25.954478],[109.693717,25.959321],[109.67955,25.921649],[109.685094,25.880197],[109.768246,25.890427],[109.779333,25.866196],[109.811361,25.877504],[109.826144,25.911422],[109.806434,25.973848],[109.782412,25.996981],[109.814441,26.041081],[109.864332,26.027637],[109.898825,26.095377],[109.904368,26.135679],[109.970274,26.195301],[110.03002,26.166299],[110.099005,26.168985],[110.100853,26.132455],[110.065128,26.050221],[110.100853,26.020108],[110.168606,26.028713],[110.181541,26.060437],[110.24991,26.010965],[110.257301,25.961473],[110.325671,25.975462],[110.373098,26.088927],[110.437772,26.153945],[110.477808,26.179727],[110.495054,26.166299],[110.546793,26.233421],[110.552952,26.283335],[110.584365,26.296749],[110.612083,26.333764],[110.643495,26.308552],[110.673676,26.317135],[110.721104,26.294066],[110.742046,26.313917],[110.73527,26.270993],[110.759292,26.248451],[110.836284,26.255966],[110.939762,26.286554],[110.926212,26.320354],[110.944074,26.326791],[110.94469,26.373447],[110.974255,26.385778],[111.008747,26.35897],[111.008132,26.336982],[111.090667,26.308016],[111.208928,26.30426],[111.204616,26.276359],[111.228022,26.261333],[111.277913,26.272066],[111.293311,26.222148],[111.271754,26.217316],[111.274833,26.183486],[111.258203,26.151796],[111.26621,26.095914],[111.244652,26.078177],[111.267442,26.058824],[111.235413,26.048071],[111.189834,25.953402],[111.230486,25.916267],[111.251428,25.864581],[111.29208,25.854349],[111.297007,25.874274],[111.346282,25.906577],[111.376463,25.906039],[111.383239,25.881812],[111.460231,25.885042],[111.4861,25.859196],[111.43313,25.84627],[111.442369,25.77192],[111.399869,25.744431],[111.30871,25.720171],[111.309942,25.645203],[111.343202,25.602574],[111.324724,25.564249],[111.32842,25.521592],[111.279145,25.42326],[111.210776,25.363248],[111.184906,25.367034],[111.138711,25.303748],[111.103602,25.285351],[111.112841,25.21715],[110.998892,25.161371],[110.98411,25.101772],[110.951465,25.04377],[110.968711,24.975434],[111.009363,24.921172],[111.100522,24.945593],[111.101754,25.035095],[111.139943,25.042144],[111.200921,25.074672],[111.221862,25.106649],[111.274833,25.151078],[111.321645,25.105023],[111.36784,25.108817],[111.375231,25.128324],[111.435593,25.093642],[111.416499,25.047566],[111.467622,25.02208],[111.460231,24.992793],[111.43313,24.979774],[111.434977,24.951562],[111.470086,24.92877],[111.447296,24.892947],[111.449144,24.857113],[111.479325,24.797366],[111.461463,24.728894],[111.431282,24.687574],[111.451608,24.665822],[111.499035,24.667997],[111.526752,24.637538],[111.570484,24.64461],[111.588962,24.690837],[111.641933,24.684856],[111.637621,24.715303],[111.666571,24.760961],[111.708455,24.788673],[111.783599,24.785957],[111.814396,24.770199],[111.868599,24.771829],[111.875374,24.756613],[111.929577,24.75607],[111.951135,24.769655],[112.024431,24.740308]]],[[[109.528645,26.743881],[109.522486,26.749226],[109.52187,26.749226],[109.528645,26.743881]]]]}},{"type":"Feature","properties":{"adcode":440000,"name":"广东省","center":[113.280637,23.125178],"centroid":[113.429919,23.334643],"childrenNum":21,"level":"province","parent":{"adcode":100000},"subFeatureIndex":18,"acroutes":[100000]},"geometry":{"type":"MultiPolygon","coordinates":[[[[113.558736,22.212244],[113.594461,22.228864],[113.595693,22.304186],[113.617866,22.315259],[113.604932,22.339617],[113.627721,22.349027],[113.669605,22.416539],[113.66591,22.438667],[113.624642,22.443092],[113.608627,22.408793],[113.573519,22.41156],[113.631417,22.475723],[113.668373,22.4807],[113.691779,22.514981],[113.740438,22.534329],[113.717033,22.645391],[113.678228,22.726007],[113.733663,22.736494],[113.758301,22.683496],[113.765692,22.665825],[113.803264,22.593463],[113.856851,22.539857],[113.869786,22.459685],[113.893807,22.442539],[113.952937,22.486783],[113.954785,22.491206],[113.976343,22.510558],[114.031778,22.503923],[114.082285,22.512216],[114.095219,22.534329],[114.156813,22.543726],[114.166052,22.559201],[114.222719,22.553122],[114.232574,22.539857],[114.294784,22.563623],[114.321885,22.587385],[114.381631,22.60175],[114.427211,22.589042],[114.472174,22.522168],[114.476486,22.459132],[114.506667,22.438667],[114.549167,22.465769],[114.611377,22.481806],[114.628623,22.513875],[114.614456,22.545384],[114.568261,22.560859],[114.559022,22.583517],[114.603369,22.638763],[114.579964,22.661407],[114.51529,22.655332],[114.567029,22.685705],[114.591666,22.690122],[114.601521,22.730975],[114.689601,22.7674],[114.709927,22.787817],[114.749963,22.764089],[114.73518,22.724351],[114.728405,22.651466],[114.743803,22.632687],[114.746267,22.581859],[114.866375,22.591805],[114.88547,22.538751],[114.922426,22.549253],[114.927969,22.621639],[114.945216,22.645391],[115.039454,22.713862],[115.02344,22.726007],[115.053621,22.747533],[115.076411,22.788368],[115.154635,22.80161],[115.190975,22.77347],[115.190359,22.818711],[115.236555,22.82533],[115.230396,22.776781],[115.319091,22.783402],[115.338185,22.776781],[115.349272,22.712206],[115.381301,22.684048],[115.430576,22.684048],[115.471844,22.697852],[115.575322,22.650914],[115.565467,22.684048],[115.609198,22.753052],[115.541445,22.755259],[115.570394,22.786713],[115.583945,22.82864],[115.654162,22.865591],[115.696046,22.84298],[115.760103,22.834707],[115.788437,22.809885],[115.796444,22.739254],[115.829089,22.734838],[115.883291,22.78561],[115.931334,22.802713],[115.965211,22.800506],[115.99724,22.826985],[116.05637,22.844635],[116.104413,22.816505],[116.14137,22.835259],[116.239304,22.921275],[116.259014,22.932298],[116.302746,22.951588],[116.382818,22.91907],[116.449955,22.936707],[116.50539,22.930645],[116.544194,22.996769],[116.576839,23.014397],[116.557129,23.056253],[116.566368,23.088738],[116.550969,23.109656],[116.566368,23.134424],[116.665534,23.158086],[116.701259,23.198248],[116.74499,23.215299],[116.806584,23.200998],[116.821367,23.240597],[116.798577,23.244996],[116.782563,23.313714],[116.871874,23.4159],[116.871258,23.416449],[116.874338,23.447199],[116.874953,23.447748],[116.895895,23.476295],[116.888504,23.501543],[116.92854,23.530079],[116.963649,23.507031],[117.01046,23.502641],[117.044953,23.539955],[117.085605,23.536663],[117.192778,23.5619],[117.192778,23.629356],[117.147199,23.654027],[117.123793,23.647448],[117.055424,23.694038],[117.048032,23.758687],[117.019083,23.801952],[117.012308,23.855054],[116.981511,23.855602],[116.955642,23.922359],[116.976583,23.931659],[116.981511,23.999471],[116.953178,24.008218],[116.930388,24.064514],[116.9347,24.126794],[116.998757,24.179217],[116.956257,24.216883],[116.933468,24.220157],[116.938395,24.28127],[116.914374,24.287817],[116.919301,24.321087],[116.895895,24.350533],[116.903903,24.369614],[116.839229,24.442097],[116.860787,24.460075],[116.83307,24.496568],[116.796729,24.502014],[116.759157,24.545572],[116.761005,24.583128],[116.815207,24.654944],[116.777635,24.679418],[116.667382,24.658752],[116.623034,24.64189],[116.600861,24.654401],[116.570679,24.621762],[116.530027,24.604895],[116.506622,24.621218],[116.517709,24.652225],[116.485064,24.720196],[116.44626,24.714216],[116.416079,24.744113],[116.419158,24.767482],[116.375427,24.803885],[116.381586,24.82507],[116.417927,24.840821],[116.395137,24.877746],[116.363724,24.87123],[116.345862,24.828872],[116.297202,24.801712],[116.244232,24.793563],[116.251007,24.82507],[116.221442,24.829959],[116.191877,24.877203],[116.153073,24.846795],[116.068073,24.850053],[116.015102,24.905975],[115.985537,24.899461],[115.907929,24.923343],[115.89253,24.936911],[115.885139,24.898918],[115.907313,24.879917],[115.861733,24.863629],[115.863581,24.891318],[115.824161,24.909232],[115.807531,24.862543],[115.790284,24.856027],[115.764415,24.791933],[115.776734,24.774546],[115.756408,24.749004],[115.769342,24.708236],[115.801371,24.705517],[115.780429,24.663103],[115.797676,24.628834],[115.840791,24.584217],[115.843871,24.562446],[115.785357,24.567345],[115.752712,24.546116],[115.68927,24.545027],[115.671408,24.604895],[115.605503,24.62557],[115.569778,24.622306],[115.555611,24.683768],[115.522967,24.702799],[115.476771,24.762591],[115.412714,24.79302],[115.372678,24.774546],[115.358511,24.735416],[115.306772,24.758787],[115.269816,24.749548],[115.258729,24.728894],[115.1842,24.711498],[115.104744,24.667997],[115.083802,24.699537],[115.057317,24.703343],[115.024672,24.669085],[115.00373,24.679418],[114.940288,24.650049],[114.909491,24.661471],[114.893477,24.582584],[114.868839,24.562446],[114.846665,24.602719],[114.827571,24.588026],[114.781376,24.613057],[114.729637,24.608704],[114.73826,24.565168],[114.704999,24.525973],[114.664963,24.583673],[114.627391,24.576598],[114.589819,24.537406],[114.534384,24.559181],[114.429058,24.48622],[114.403189,24.497657],[114.391486,24.563535],[114.363769,24.582584],[114.300943,24.578775],[114.289856,24.619042],[114.258443,24.641346],[114.19069,24.656576],[114.169132,24.689749],[114.27261,24.700624],[114.281849,24.724001],[114.336052,24.749004],[114.342211,24.807145],[114.378551,24.861457],[114.403189,24.877746],[114.395798,24.951019],[114.454928,24.977062],[114.45616,24.99659],[114.506051,24.999844],[114.532536,25.022623],[114.561485,25.077382],[114.604601,25.083886],[114.640326,25.074129],[114.664963,25.10123],[114.735796,25.121822],[114.73518,25.155954],[114.685905,25.173287],[114.693912,25.213902],[114.73518,25.225813],[114.743188,25.274528],[114.714238,25.315651],[114.63663,25.324306],[114.599674,25.385959],[114.541159,25.416773],[114.477718,25.37136],[114.438914,25.376226],[114.43029,25.343779],[114.382863,25.317274],[114.31511,25.33837],[114.2954,25.299961],[114.260291,25.291845],[114.204857,25.29942],[114.190074,25.316733],[114.115545,25.302125],[114.083517,25.275611],[114.055799,25.277775],[114.039785,25.250714],[114.017611,25.273987],[114.029314,25.328093],[114.050256,25.36433],[113.983118,25.415152],[114.003444,25.442716],[113.94493,25.441635],[113.887032,25.436772],[113.877177,25.380552],[113.839605,25.363248],[113.814967,25.328634],[113.76446,25.333502],[113.753373,25.362707],[113.686852,25.351891],[113.680076,25.334584],[113.611707,25.327552],[113.584606,25.306453],[113.579062,25.34432],[113.535946,25.368656],[113.479896,25.375145],[113.449715,25.359463],[113.407215,25.401637],[113.373338,25.402719],[113.341926,25.448661],[113.314208,25.442716],[113.311129,25.490264],[113.248919,25.514031],[113.226129,25.50971],[113.176854,25.471355],[113.11834,25.445418],[113.131274,25.414611],[113.096782,25.412449],[113.078304,25.382174],[113.013014,25.352432],[112.969898,25.350269],[112.93479,25.325929],[112.924319,25.296714],[112.891058,25.339993],[112.854718,25.337829],[112.867036,25.249632],[112.897833,25.238264],[112.958195,25.254503],[112.992688,25.247467],[113.034572,25.198199],[112.97421,25.168412],[112.96805,25.141869],[113.004391,25.089306],[112.979137,25.03401],[113.009934,24.977604],[112.994536,24.927142],[112.941565,24.915745],[112.904609,24.921715],[112.873812,24.896747],[112.780805,24.896747],[112.778341,24.947764],[112.743233,24.959701],[112.742001,24.99876],[112.714899,25.025876],[112.712436,25.083344],[112.660081,25.132658],[112.628052,25.140785],[112.562762,25.124531],[112.458053,25.152162],[112.44327,25.185744],[112.414937,25.14241],[112.365046,25.191701],[112.315771,25.175453],[112.302836,25.157037],[112.256025,25.159204],[112.246785,25.185202],[112.187039,25.182494],[112.177184,25.106649],[112.151931,25.055698],[112.155626,25.026419],[112.12175,24.989538],[112.119902,24.963499],[112.175337,24.927685],[112.167329,24.859828],[112.149467,24.837019],[112.124214,24.841364],[112.03367,24.771286],[112.024431,24.740308],[111.961606,24.721283],[111.939432,24.686487],[111.953598,24.64733],[111.927729,24.629378],[111.936968,24.595645],[111.972077,24.578775],[112.007185,24.534684],[112.009649,24.503103],[111.985011,24.467701],[112.025047,24.438828],[112.057692,24.387057],[112.05954,24.339628],[112.026279,24.294908],[111.990555,24.279634],[111.986243,24.25672],[111.958526,24.263813],[111.912946,24.221795],[111.877222,24.227252],[111.871062,24.176487],[111.886461,24.163929],[111.878454,24.109862],[111.92157,24.012045],[111.940664,23.987989],[111.911714,23.943693],[111.854432,23.947521],[111.845809,23.904305],[111.812548,23.887343],[111.824867,23.832612],[111.8107,23.80688],[111.722621,23.823305],[111.683201,23.822758],[111.683201,23.822758],[111.654868,23.833159],[111.627766,23.78881],[111.621607,23.725819],[111.666571,23.718696],[111.614832,23.65896],[111.615448,23.639225],[111.555702,23.64087],[111.487332,23.626615],[111.479941,23.532822],[111.428818,23.466414],[111.399869,23.469159],[111.383239,23.399423],[111.389398,23.375804],[111.363528,23.340641],[111.376463,23.30437],[111.353058,23.284582],[111.36476,23.240047],[111.388782,23.210349],[111.38447,23.16744],[111.365992,23.14488],[111.377695,23.082132],[111.402333,23.066165],[111.43313,23.073322],[111.433746,23.036428],[111.389398,23.005583],[111.403565,22.99126],[111.362913,22.967568],[111.374615,22.938361],[111.358601,22.889301],[111.218167,22.748085],[111.185522,22.735942],[111.118385,22.744773],[111.058023,22.729871],[111.089435,22.695643],[111.055559,22.648705],[110.997045,22.631582],[110.958856,22.636553],[110.950233,22.61059],[110.896031,22.613352],[110.897878,22.591805],[110.812263,22.576333],[110.778386,22.585174],[110.749437,22.556991],[110.762988,22.518298],[110.740198,22.498947],[110.74143,22.464109],[110.688459,22.477935],[110.712481,22.440879],[110.711249,22.369506],[110.74143,22.361757],[110.749437,22.329653],[110.787009,22.28259],[110.759292,22.274837],[110.725415,22.29588],[110.687843,22.249914],[110.646575,22.220554],[110.678604,22.172901],[110.629329,22.149068],[110.598532,22.162924],[110.602843,22.18343],[110.55788,22.196175],[110.505525,22.14297],[110.456866,22.189526],[110.414366,22.208365],[110.378026,22.164587],[110.34846,22.195621],[110.326287,22.152393],[110.364475,22.125785],[110.35154,22.097508],[110.359547,22.015973],[110.352772,21.97602],[110.374946,21.967695],[110.374946,21.967695],[110.378642,21.939942],[110.378642,21.939942],[110.391576,21.89386],[110.337374,21.887751],[110.290562,21.917736],[110.283787,21.892194],[110.224041,21.882198],[110.224041,21.882198],[110.212338,21.886085],[110.212338,21.886085],[110.196323,21.899968],[110.12857,21.902744],[110.101469,21.86998],[110.050962,21.857205],[109.999839,21.881643],[109.94502,21.84443],[109.940093,21.769419],[109.916071,21.668787],[109.888354,21.652101],[109.888354,21.652101],[109.839695,21.636525],[109.786108,21.637638],[109.778101,21.670455],[109.742992,21.616497],[109.754695,21.556396],[109.788572,21.490702],[109.785492,21.45673],[109.819369,21.445033],[109.894513,21.442248],[109.904368,21.429992],[109.868644,21.365913],[109.770709,21.359783],[109.757775,21.346963],[109.763934,21.226514],[109.674623,21.136671],[109.674007,21.067997],[109.655529,20.929435],[109.664768,20.862343],[109.711579,20.774519],[109.730057,20.719673],[109.74484,20.621124],[109.793499,20.615522],[109.813825,20.574627],[109.811977,20.541566],[109.839695,20.489439],[109.888354,20.475423],[109.895745,20.42776],[109.864948,20.40196],[109.861252,20.376717],[109.916071,20.316677],[109.909296,20.236961],[109.929006,20.211691],[109.993679,20.254368],[110.082375,20.258859],[110.118099,20.219553],[110.168606,20.219553],[110.220345,20.25156],[110.296722,20.249314],[110.349076,20.258859],[110.384185,20.293103],[110.425453,20.291419],[110.452554,20.311064],[110.491358,20.373912],[110.54125,20.42047],[110.550489,20.47262],[110.499982,20.572386],[110.487047,20.640167],[110.466105,20.680485],[110.411286,20.670966],[110.392192,20.682724],[110.407591,20.731987],[110.393424,20.816479],[110.350924,20.84165],[110.327519,20.847802],[110.269004,20.839972],[110.209874,20.860106],[110.184005,20.891979],[110.180925,20.98197],[110.204947,21.003202],[110.208642,21.050684],[110.241903,21.016051],[110.24991,21.045098],[110.296722,21.093684],[110.39096,21.124949],[110.422373,21.190807],[110.451322,21.186343],[110.501213,21.217588],[110.534474,21.204198],[110.626249,21.215915],[110.65951,21.239902],[110.713097,21.3124],[110.768531,21.364799],[110.796248,21.37483],[110.888639,21.367585],[110.929291,21.375945],[111.034617,21.438906],[111.103602,21.455616],[111.171355,21.458401],[111.28284,21.485691],[111.276065,21.443362],[111.250196,21.45116],[111.257587,21.41495],[111.28592,21.41885],[111.353058,21.464528],[111.382623,21.495714],[111.444217,21.514088],[111.494724,21.501282],[111.521825,21.517429],[111.560629,21.50518],[111.609904,21.530234],[111.650556,21.512418],[111.677658,21.529677],[111.693672,21.590345],[111.736788,21.609821],[111.794686,21.61149],[111.832258,21.578659],[111.810084,21.555283],[111.887693,21.578659],[111.941896,21.607039],[111.972692,21.603144],[112.026895,21.633744],[111.997946,21.657107],[111.954214,21.667674],[111.956062,21.710494],[112.036134,21.761637],[112.136532,21.793871],[112.192583,21.789425],[112.196894,21.736624],[112.236315,21.727173],[112.238778,21.702153],[112.353343,21.707157],[112.415553,21.734956],[112.427256,21.789981],[112.445734,21.803317],[112.497473,21.785535],[112.535661,21.753856],[112.647146,21.758302],[112.68595,21.810541],[112.792508,21.921067],[112.841167,21.920512],[112.893522,21.84443],[112.929862,21.838875],[112.989608,21.869424],[113.047507,21.956595],[113.053666,22.012089],[113.032108,22.04593],[113.045659,22.088636],[113.086927,22.12634],[113.091854,22.065344],[113.142977,22.012089],[113.1516,21.979905],[113.235368,21.887751],[113.266781,21.871646],[113.319752,21.909407],[113.330223,21.96159],[113.442324,22.009315],[113.45957,22.043711],[113.527939,22.073663],[113.567359,22.075327],[113.554425,22.107489],[113.554425,22.142416],[113.534715,22.174009],[113.53841,22.209473],[113.558736,22.212244]]],[[[117.024627,23.437865],[116.982743,23.460924],[116.944555,23.440061],[116.951946,23.419744],[117.027091,23.41535],[117.050496,23.400522],[117.081909,23.409309],[117.124409,23.389537],[117.142887,23.400522],[117.142887,23.459826],[117.129336,23.483431],[117.093612,23.459277],[117.058503,23.47355],[117.029554,23.443356],[117.024627,23.437865]]],[[[112.853486,21.740515],[112.876275,21.772753],[112.840551,21.776644],[112.782653,21.739959],[112.724138,21.719945],[112.70566,21.679354],[112.734609,21.666562],[112.780189,21.671568],[112.730914,21.613715],[112.775261,21.564189],[112.817145,21.590345],[112.798667,21.610933],[112.821457,21.655994],[112.804826,21.686583],[112.83316,21.736624],[112.853486,21.740515]]],[[[112.530733,21.583667],[112.563378,21.591458],[112.571385,21.619835],[112.621277,21.606482],[112.665624,21.642644],[112.639139,21.67268],[112.66624,21.683803],[112.663776,21.714386],[112.592327,21.693256],[112.560299,21.666562],[112.57077,21.645982],[112.535045,21.628737],[112.530733,21.583667]]],[[[114.231342,22.016528],[114.311414,22.041493],[114.302791,22.050368],[114.239965,22.03539],[114.231342,22.016528]]],[[[110.43346,21.171276],[110.489511,21.138904],[110.508605,21.140579],[110.544945,21.083633],[110.582517,21.094801],[110.632409,21.210893],[110.589293,21.194713],[110.525235,21.190249],[110.499366,21.213125],[110.445163,21.184669],[110.431612,21.180763],[110.43346,21.171276]]],[[[112.435263,21.663781],[112.456205,21.648763],[112.458669,21.68992],[112.435263,21.663781]]],[[[110.517844,21.079166],[110.459946,21.062971],[110.398352,21.096476],[110.352772,21.079724],[110.305961,21.0881],[110.27578,21.033369],[110.211106,20.986999],[110.201251,20.938378],[110.309656,20.963529],[110.347845,20.984763],[110.407591,20.990351],[110.47288,20.983087],[110.511684,20.916578],[110.535706,20.922727],[110.539402,20.987557],[110.560344,21.061295],[110.517844,21.079166]]],[[[113.765076,21.962145],[113.774315,21.998218],[113.74167,21.991559],[113.765076,21.962145]]],[[[113.723192,21.922177],[113.742902,21.950489],[113.71888,21.951599],[113.723192,21.922177]]],[[[113.142977,21.831653],[113.162071,21.853873],[113.203955,21.861093],[113.167615,21.876644],[113.136818,21.868869],[113.142977,21.831653]]],[[[113.819894,22.396068],[113.813735,22.419858],[113.786634,22.413773],[113.819894,22.396068]]],[[[114.190074,21.986564],[114.229494,21.995443],[114.180835,22.00987],[114.190074,21.986564]]],[[[114.153734,21.97491],[114.171596,22.000437],[114.124169,21.985455],[114.153734,21.97491]]],[[[116.769628,20.771721],[116.761005,20.750456],[116.87249,20.738143],[116.889736,20.683284],[116.849084,20.628405],[116.749302,20.600958],[116.796113,20.582471],[116.862635,20.588633],[116.905135,20.619443],[116.934084,20.676565],[116.925461,20.726949],[116.88604,20.775638],[116.820135,20.780674],[116.769628,20.771721]]],[[[113.025333,21.847762],[113.045659,21.882753],[113.007471,21.869424],[113.025333,21.847762]]],[[[110.405127,20.678245],[110.437772,20.677685],[110.414366,20.710157],[110.405127,20.678245]]],[[[110.644727,20.935584],[110.584365,20.948998],[110.548641,20.908752],[110.562807,20.861224],[110.611467,20.860106],[110.646575,20.917137],[110.644727,20.935584]]],[[[110.556648,20.32734],[110.593604,20.360447],[110.586213,20.381205],[110.556648,20.32734]]],[[[115.943037,21.097592],[115.953508,21.064088],[115.989233,21.035603],[116.040356,21.02052],[116.067457,21.04063],[116.044051,21.110434],[116.024341,21.12439],[115.965211,21.123832],[115.943037,21.097592]]],[[[115.926407,20.981411],[115.939342,20.945644],[115.970139,20.919373],[115.999088,20.922727],[116.000936,20.948439],[115.954124,20.99985],[115.926407,20.981411]]],[[[115.834632,22.722695],[115.834632,22.722143],[115.835248,22.722695],[115.834632,22.722695]]],[[[115.834632,22.723247],[115.834632,22.722695],[115.835248,22.722695],[115.834632,22.723247]]]]}},{"type":"Feature","properties":{"adcode":450000,"name":"广西壮族自治区","center":[108.320004,22.82402],"centroid":[108.7944,23.833381],"childrenNum":14,"level":"province","parent":{"adcode":100000},"subFeatureIndex":19,"acroutes":[100000]},"geometry":{"type":"MultiPolygon","coordinates":[[[[109.48245,26.029788],[109.473211,26.006663],[109.408537,25.967392],[109.435022,25.93349],[109.396834,25.900117],[109.359262,25.836036],[109.339552,25.83442],[109.327849,25.76168],[109.340168,25.731493],[109.296436,25.71424],[109.207125,25.740119],[109.206509,25.788087],[109.147995,25.741736],[109.13198,25.762758],[109.143683,25.795092],[109.095024,25.80533],[109.077778,25.776771],[109.048213,25.790781],[108.989698,25.778926],[108.999553,25.765453],[108.963829,25.732572],[108.940423,25.740119],[108.896076,25.71424],[108.900387,25.682423],[108.953974,25.686738],[108.953974,25.686738],[109.007561,25.734728],[109.043285,25.738502],[109.07901,25.72071],[109.075314,25.693749],[109.030966,25.629556],[109.051908,25.566949],[109.088249,25.550752],[109.024807,25.51241],[108.949046,25.557231],[108.8893,25.543193],[108.890532,25.556151],[108.826474,25.550212],[108.814772,25.526992],[108.781511,25.554531],[108.799989,25.576666],[108.783975,25.628477],[108.724844,25.634952],[108.68912,25.623081],[108.68604,25.587462],[108.660787,25.584763],[108.658323,25.550212],[108.68912,25.533473],[108.634917,25.520512],[108.6072,25.491885],[108.600425,25.432448],[108.62999,25.335666],[108.625062,25.308076],[108.589338,25.335125],[108.585642,25.365952],[108.471693,25.458928],[108.418723,25.443257],[108.400244,25.491344],[108.359592,25.513491],[108.348506,25.536173],[108.308469,25.525912],[108.280752,25.48],[108.241332,25.46217],[108.251803,25.430286],[108.192673,25.458928],[108.162492,25.444878],[108.193289,25.405421],[108.142782,25.390825],[108.152021,25.324306],[108.143398,25.269658],[108.115065,25.210112],[108.080572,25.193867],[108.001732,25.196574],[107.928435,25.155954],[107.872384,25.141327],[107.839124,25.115861],[107.762747,25.125073],[107.789233,25.15487],[107.760283,25.188451],[107.762131,25.229061],[107.741805,25.24043],[107.700537,25.194408],[107.696226,25.219858],[107.661733,25.258833],[107.659885,25.316192],[107.632168,25.310241],[107.599523,25.250714],[107.576734,25.256668],[107.512676,25.209029],[107.472024,25.213902],[107.489886,25.276693],[107.481263,25.299961],[107.432604,25.289139],[107.409198,25.347024],[107.420901,25.392987],[107.375937,25.411908],[107.358691,25.393528],[107.318039,25.401637],[107.308184,25.432988],[107.336517,25.461089],[107.263836,25.543193],[107.232423,25.556691],[107.228728,25.604733],[107.205322,25.607971],[107.185612,25.578825],[107.064272,25.559391],[107.066736,25.50917],[107.015613,25.495666],[106.996519,25.442716],[106.963874,25.437852],[106.987896,25.358922],[107.012533,25.352973],[107.013765,25.275611],[106.975577,25.232851],[106.933077,25.250714],[106.904128,25.231768],[106.888113,25.181953],[106.853005,25.186827],[106.787715,25.17112],[106.764926,25.183036],[106.732281,25.162454],[106.691013,25.179245],[106.644817,25.164621],[106.63989,25.132658],[106.590615,25.08768],[106.551195,25.082802],[106.519782,25.054072],[106.450181,25.033468],[106.442173,25.019369],[106.332536,24.988454],[106.304819,24.973807],[106.253696,24.971094],[106.215508,24.981944],[106.191486,24.95319],[106.145291,24.954275],[106.197645,24.885889],[106.206269,24.851139],[106.173008,24.760417],[106.150218,24.762591],[106.113878,24.714216],[106.047356,24.684312],[106.024566,24.633186],[105.961741,24.677786],[105.942031,24.725088],[105.863806,24.729437],[105.827466,24.702799],[105.767104,24.719109],[105.70551,24.768569],[105.617431,24.78161],[105.607576,24.803885],[105.573083,24.797366],[105.497322,24.809318],[105.493011,24.833217],[105.457286,24.87123],[105.428337,24.930941],[105.365511,24.943423],[105.334099,24.9266],[105.267577,24.929313],[105.251563,24.967296],[105.212758,24.995505],[105.178266,24.985199],[105.157324,24.958616],[105.131454,24.959701],[105.09573,24.92877],[105.096346,24.928228],[105.082179,24.915745],[105.077868,24.918459],[105.039064,24.872859],[105.026745,24.815836],[105.03352,24.787586],[104.899245,24.752809],[104.865985,24.730524],[104.841963,24.676155],[104.771746,24.659839],[104.729246,24.617953],[104.703377,24.645698],[104.628848,24.660927],[104.595587,24.709323],[104.529682,24.731611],[104.489646,24.653313],[104.520443,24.535228],[104.550008,24.518894],[104.575877,24.424661],[104.616529,24.421937],[104.63008,24.397958],[104.610986,24.377246],[104.641783,24.367979],[104.70892,24.321087],[104.721239,24.340173],[104.703377,24.419757],[104.715695,24.441552],[104.74834,24.435559],[104.765587,24.45953],[104.784681,24.443732],[104.83642,24.446456],[104.914028,24.426296],[104.930042,24.411038],[104.979933,24.412673],[105.042759,24.442097],[105.106817,24.414853],[105.111744,24.37234],[105.138846,24.376701],[105.188121,24.347261],[105.196744,24.326541],[105.164715,24.288362],[105.215222,24.214699],[105.24294,24.208695],[105.229389,24.165567],[105.182577,24.167205],[105.20044,24.105491],[105.260186,24.061236],[105.292831,24.074896],[105.273121,24.092927],[105.320548,24.116416],[105.334099,24.094566],[105.395692,24.065607],[105.406163,24.043748],[105.493011,24.016965],[105.533663,24.130071],[105.594641,24.137718],[105.628518,24.126794],[105.649459,24.032816],[105.704278,24.0667],[105.739387,24.059596],[105.765256,24.073804],[105.802212,24.051945],[105.796669,24.023524],[105.841633,24.03063],[105.859495,24.056864],[105.89214,24.040468],[105.908154,24.069432],[105.901995,24.099482],[105.919241,24.122425],[105.963589,24.110954],[105.998081,24.120786],[106.011632,24.099482],[106.04982,24.089649],[106.053516,24.051399],[106.096631,24.018058],[106.091088,23.998924],[106.128044,23.956819],[106.157609,23.891174],[106.192718,23.879135],[106.173008,23.861622],[106.192102,23.824947],[106.136667,23.795381],[106.157609,23.724175],[106.149602,23.665538],[106.120653,23.605229],[106.141595,23.569579],[106.08616,23.524043],[106.071994,23.495506],[106.039965,23.484529],[105.999929,23.447748],[105.986378,23.489469],[105.935871,23.508678],[105.913081,23.499348],[105.89214,23.52514],[105.852103,23.526786],[105.815763,23.507031],[105.805908,23.467512],[105.758481,23.459826],[105.699966,23.40162],[105.637757,23.404366],[105.694423,23.363168],[105.699966,23.327453],[105.649459,23.346136],[105.593409,23.312614],[105.560148,23.257093],[105.526272,23.234548],[105.542902,23.184495],[105.558916,23.177893],[105.574931,23.066165],[105.625438,23.064513],[105.648844,23.078828],[105.724604,23.06231],[105.74185,23.030921],[105.780039,23.022659],[105.805908,22.994565],[105.839169,22.987403],[105.879205,22.916865],[105.893987,22.936707],[105.959277,22.948832],[105.994385,22.93781],[106.019639,22.990709],[106.08616,22.996218],[106.106486,22.980792],[106.153914,22.988505],[106.206885,22.978588],[106.270326,22.907494],[106.258007,22.889852],[106.286957,22.867245],[106.366413,22.857871],[106.37134,22.878273],[106.41384,22.877171],[106.504383,22.91025],[106.525941,22.946628],[106.562282,22.923479],[106.606013,22.925684],[106.631267,22.88103],[106.657136,22.863385],[106.674998,22.891506],[106.716882,22.881582],[106.709491,22.866142],[106.774781,22.812643],[106.776012,22.813746],[106.778476,22.814298],[106.779092,22.813746],[106.779708,22.813195],[106.78094,22.813195],[106.784636,22.812643],[106.796338,22.812091],[106.801882,22.815401],[106.804346,22.816505],[106.808657,22.817608],[106.813585,22.817608],[106.838838,22.803265],[106.820976,22.768504],[106.768621,22.739254],[106.780324,22.708894],[106.756302,22.68957],[106.711955,22.575228],[106.650361,22.575228],[106.61402,22.602303],[106.585071,22.517192],[106.588151,22.472958],[106.560434,22.455813],[106.588767,22.374486],[106.562897,22.345706],[106.663296,22.33076],[106.670071,22.283144],[106.688549,22.260438],[106.7021,22.207257],[106.673151,22.182322],[106.706411,22.160707],[106.691629,22.13521],[106.71565,22.089745],[106.706411,22.021521],[106.683006,21.999882],[106.698404,21.959925],[106.73844,22.008205],[106.790179,22.004876],[106.802498,21.98157],[106.859164,21.986009],[106.926302,21.967695],[106.935541,21.933836],[106.974345,21.923288],[106.999598,21.947714],[107.05996,21.914959],[107.058729,21.887196],[107.018693,21.859427],[107.018077,21.81943],[107.093837,21.803317],[107.148656,21.758858],[107.194851,21.736624],[107.199163,21.718833],[107.242279,21.703265],[107.271844,21.727173],[107.310648,21.733844],[107.356843,21.667674],[107.363619,21.602031],[107.388256,21.594241],[107.431372,21.642088],[107.477567,21.659888],[107.500973,21.613715],[107.486806,21.59591],[107.547168,21.58645],[107.584741,21.614828],[107.603219,21.597579],[107.712856,21.616497],[107.807711,21.655438],[107.837892,21.640419],[107.863761,21.650988],[107.892095,21.622617],[107.893942,21.596466],[107.929051,21.585893],[107.958,21.534131],[108.034376,21.545821],[108.108289,21.508521],[108.193905,21.519656],[108.156332,21.55083],[108.205608,21.597579],[108.241332,21.599805],[108.249955,21.561406],[108.210535,21.505737],[108.230245,21.491259],[108.330027,21.540254],[108.397781,21.533017],[108.492635,21.554727],[108.591802,21.677129],[108.626294,21.67991],[108.658939,21.643757],[108.678033,21.659331],[108.735931,21.628181],[108.734084,21.626512],[108.745786,21.602587],[108.801837,21.626512],[108.83325,21.610933],[108.881293,21.627068],[108.937959,21.589789],[109.093792,21.579215],[109.09872,21.571424],[109.110422,21.568085],[109.138756,21.567528],[109.142451,21.511861],[109.074698,21.489589],[109.039589,21.457844],[109.046365,21.424421],[109.095024,21.419407],[109.138756,21.388762],[109.186183,21.390991],[109.245929,21.425536],[109.41716,21.438906],[109.484914,21.453388],[109.529877,21.437234],[109.540964,21.466199],[109.576689,21.493487],[109.604406,21.523553],[109.612413,21.556953],[109.654913,21.493487],[109.704188,21.462857],[109.785492,21.45673],[109.788572,21.490702],[109.754695,21.556396],[109.742992,21.616497],[109.778101,21.670455],[109.786108,21.637638],[109.839695,21.636525],[109.888354,21.652101],[109.888354,21.652101],[109.916071,21.668787],[109.940093,21.769419],[109.94502,21.84443],[109.999839,21.881643],[110.050962,21.857205],[110.101469,21.86998],[110.12857,21.902744],[110.196323,21.899968],[110.212338,21.886085],[110.212338,21.886085],[110.224041,21.882198],[110.224041,21.882198],[110.283787,21.892194],[110.290562,21.917736],[110.337374,21.887751],[110.391576,21.89386],[110.378642,21.939942],[110.378642,21.939942],[110.374946,21.967695],[110.374946,21.967695],[110.352772,21.97602],[110.359547,22.015973],[110.35154,22.097508],[110.364475,22.125785],[110.326287,22.152393],[110.34846,22.195621],[110.378026,22.164587],[110.414366,22.208365],[110.456866,22.189526],[110.505525,22.14297],[110.55788,22.196175],[110.602843,22.18343],[110.598532,22.162924],[110.629329,22.149068],[110.678604,22.172901],[110.646575,22.220554],[110.687843,22.249914],[110.725415,22.29588],[110.759292,22.274837],[110.787009,22.28259],[110.749437,22.329653],[110.74143,22.361757],[110.711249,22.369506],[110.712481,22.440879],[110.688459,22.477935],[110.74143,22.464109],[110.740198,22.498947],[110.762988,22.518298],[110.749437,22.556991],[110.778386,22.585174],[110.812263,22.576333],[110.897878,22.591805],[110.896031,22.613352],[110.950233,22.61059],[110.958856,22.636553],[110.997045,22.631582],[111.055559,22.648705],[111.089435,22.695643],[111.058023,22.729871],[111.118385,22.744773],[111.185522,22.735942],[111.218167,22.748085],[111.358601,22.889301],[111.374615,22.938361],[111.362913,22.967568],[111.403565,22.99126],[111.389398,23.005583],[111.433746,23.036428],[111.43313,23.073322],[111.402333,23.066165],[111.377695,23.082132],[111.365992,23.14488],[111.38447,23.16744],[111.388782,23.210349],[111.36476,23.240047],[111.353058,23.284582],[111.376463,23.30437],[111.363528,23.340641],[111.389398,23.375804],[111.383239,23.399423],[111.399869,23.469159],[111.428818,23.466414],[111.479941,23.532822],[111.487332,23.626615],[111.555702,23.64087],[111.615448,23.639225],[111.614832,23.65896],[111.666571,23.718696],[111.621607,23.725819],[111.627766,23.78881],[111.654868,23.833159],[111.683201,23.822758],[111.683201,23.822758],[111.722621,23.823305],[111.8107,23.80688],[111.824867,23.832612],[111.812548,23.887343],[111.845809,23.904305],[111.854432,23.947521],[111.911714,23.943693],[111.940664,23.987989],[111.92157,24.012045],[111.878454,24.109862],[111.886461,24.163929],[111.871062,24.176487],[111.877222,24.227252],[111.912946,24.221795],[111.958526,24.263813],[111.986243,24.25672],[111.990555,24.279634],[112.026279,24.294908],[112.05954,24.339628],[112.057692,24.387057],[112.025047,24.438828],[111.985011,24.467701],[112.009649,24.503103],[112.007185,24.534684],[111.972077,24.578775],[111.936968,24.595645],[111.927729,24.629378],[111.953598,24.64733],[111.939432,24.686487],[111.961606,24.721283],[112.024431,24.740308],[111.951135,24.769655],[111.929577,24.75607],[111.875374,24.756613],[111.868599,24.771829],[111.814396,24.770199],[111.783599,24.785957],[111.708455,24.788673],[111.666571,24.760961],[111.637621,24.715303],[111.641933,24.684856],[111.588962,24.690837],[111.570484,24.64461],[111.526752,24.637538],[111.499035,24.667997],[111.451608,24.665822],[111.431282,24.687574],[111.461463,24.728894],[111.479325,24.797366],[111.449144,24.857113],[111.447296,24.892947],[111.470086,24.92877],[111.434977,24.951562],[111.43313,24.979774],[111.460231,24.992793],[111.467622,25.02208],[111.416499,25.047566],[111.435593,25.093642],[111.375231,25.128324],[111.36784,25.108817],[111.321645,25.105023],[111.274833,25.151078],[111.221862,25.106649],[111.200921,25.074672],[111.139943,25.042144],[111.101754,25.035095],[111.100522,24.945593],[111.009363,24.921172],[110.968711,24.975434],[110.951465,25.04377],[110.98411,25.101772],[110.998892,25.161371],[111.112841,25.21715],[111.103602,25.285351],[111.138711,25.303748],[111.184906,25.367034],[111.210776,25.363248],[111.279145,25.42326],[111.32842,25.521592],[111.324724,25.564249],[111.343202,25.602574],[111.309942,25.645203],[111.30871,25.720171],[111.399869,25.744431],[111.442369,25.77192],[111.43313,25.84627],[111.4861,25.859196],[111.460231,25.885042],[111.383239,25.881812],[111.376463,25.906039],[111.346282,25.906577],[111.297007,25.874274],[111.29208,25.854349],[111.251428,25.864581],[111.230486,25.916267],[111.189834,25.953402],[111.235413,26.048071],[111.267442,26.058824],[111.244652,26.078177],[111.26621,26.095914],[111.258203,26.151796],[111.274833,26.183486],[111.271754,26.217316],[111.293311,26.222148],[111.277913,26.272066],[111.228022,26.261333],[111.204616,26.276359],[111.208928,26.30426],[111.090667,26.308016],[111.008132,26.336982],[111.008747,26.35897],[110.974255,26.385778],[110.94469,26.373447],[110.944074,26.326791],[110.926212,26.320354],[110.939762,26.286554],[110.836284,26.255966],[110.759292,26.248451],[110.73527,26.270993],[110.742046,26.313917],[110.721104,26.294066],[110.673676,26.317135],[110.643495,26.308552],[110.612083,26.333764],[110.584365,26.296749],[110.552952,26.283335],[110.546793,26.233421],[110.495054,26.166299],[110.477808,26.179727],[110.437772,26.153945],[110.373098,26.088927],[110.325671,25.975462],[110.257301,25.961473],[110.24991,26.010965],[110.181541,26.060437],[110.168606,26.028713],[110.100853,26.020108],[110.065128,26.050221],[110.100853,26.132455],[110.099005,26.168985],[110.03002,26.166299],[109.970274,26.195301],[109.904368,26.135679],[109.898825,26.095377],[109.864332,26.027637],[109.814441,26.041081],[109.782412,25.996981],[109.806434,25.973848],[109.826144,25.911422],[109.811361,25.877504],[109.779333,25.866196],[109.768246,25.890427],[109.685094,25.880197],[109.67955,25.921649],[109.693717,25.959321],[109.710963,25.954478],[109.730057,25.989988],[109.649369,26.016882],[109.635203,26.047533],[109.588391,26.019571],[109.560058,26.021184],[109.513247,25.998056],[109.48245,26.029788]]],[[[105.096346,24.928228],[105.09573,24.92877],[105.077868,24.918459],[105.082179,24.915745],[105.096346,24.928228]]],[[[109.088249,21.014934],[109.11227,21.02499],[109.117814,21.017727],[109.144299,21.041189],[109.138756,21.067439],[109.09256,21.057386],[109.088865,21.031134],[109.088249,21.014934]]]]}},{"type":"Feature","properties":{"adcode":460000,"name":"海南省","center":[110.33119,20.031971],"centroid":[109.754859,19.189767],"childrenNum":19,"level":"province","parent":{"adcode":100000},"subFeatureIndex":20,"acroutes":[100000]},"geometry":{"type":"MultiPolygon","coordinates":[[[[110.106396,20.026812],[110.042339,19.991384],[109.997375,19.980136],[109.965346,19.993634],[109.898825,19.994196],[109.855093,19.984073],[109.814441,19.993072],[109.76147,19.981261],[109.712195,20.017253],[109.657993,20.01163],[109.585312,19.98801],[109.526797,19.943573],[109.498464,19.873236],[109.411001,19.895184],[109.349407,19.898561],[109.300748,19.917693],[109.25948,19.898561],[109.255784,19.867045],[109.231147,19.863105],[109.159082,19.79048],[109.169553,19.736411],[109.147379,19.704863],[109.093792,19.68965],[109.048829,19.619764],[108.993394,19.587065],[108.92872,19.524468],[108.855424,19.469182],[108.806148,19.450561],[108.765496,19.400894],[108.694047,19.387346],[108.644772,19.349518],[108.609048,19.276661],[108.591186,19.141592],[108.598577,19.055633],[108.630606,19.003017],[108.637997,18.924346],[108.595497,18.872256],[108.593033,18.809386],[108.65278,18.740258],[108.663866,18.67337],[108.641077,18.565614],[108.644772,18.486738],[108.68912,18.447571],[108.776583,18.441894],[108.881293,18.416344],[108.905315,18.389087],[108.944735,18.314107],[109.006329,18.323198],[109.108575,18.323766],[109.138756,18.268081],[109.17448,18.260125],[109.287813,18.264671],[109.355566,18.215221],[109.441182,18.199303],[109.467051,18.173718],[109.527413,18.169169],[109.584696,18.143579],[109.661688,18.175424],[109.726362,18.177698],[109.749767,18.193618],[109.785492,18.339672],[109.919767,18.375457],[110.022629,18.360121],[110.070672,18.376025],[110.090382,18.399309],[110.116867,18.506602],[110.214186,18.578662],[110.246215,18.609859],[110.329366,18.642185],[110.367555,18.631977],[110.499366,18.651824],[110.499366,18.751592],[110.578206,18.784458],[110.590525,18.838841],[110.585597,18.88075],[110.619474,19.152334],[110.676756,19.286264],[110.706321,19.320153],[110.729727,19.378878],[110.787009,19.399765],[110.844292,19.449996],[110.888023,19.518827],[110.920668,19.552668],[111.008747,19.60398],[111.061718,19.612436],[111.071573,19.628784],[111.043856,19.763448],[111.013675,19.850159],[110.966248,20.018377],[110.940994,20.028499],[110.871393,20.01163],[110.808567,20.035808],[110.778386,20.068415],[110.744509,20.074036],[110.717408,20.148778],[110.687843,20.163947],[110.655814,20.134169],[110.562191,20.110006],[110.526467,20.07516],[110.495054,20.077408],[110.387265,20.113378],[110.318279,20.108882],[110.28933,20.056047],[110.243135,20.077408],[110.144585,20.074598],[110.106396,20.026812]]],[[[112.208597,3.876129],[112.241858,3.845677],[112.280046,3.86777],[112.260336,3.917925],[112.219068,3.908969],[112.208597,3.876129]]],[[[113.266165,8.125929],[113.311129,8.177469],[113.343157,8.193463],[113.288955,8.119412],[113.349933,8.172137],[113.386273,8.238479],[113.386273,8.289412],[113.354244,8.304217],[113.353628,8.237887],[113.293882,8.176284],[113.266165,8.125929]]],[[[111.99733,3.848065],[112.015192,3.823583],[112.064467,3.830152],[112.073707,3.865979],[112.03367,3.892251],[111.99733,3.848065]]],[[[111.463311,17.077491],[111.536607,17.104949],[111.4861,17.058039],[111.559397,17.087788],[111.542151,17.11982],[111.452224,17.092936],[111.463311,17.077491]]],[[[117.708319,15.182712],[117.712631,15.118592],[117.726798,15.105303],[117.827812,15.111659],[117.72495,15.131302],[117.720638,15.195418],[117.74466,15.217941],[117.784696,15.16885],[117.838899,15.15903],[117.782848,15.187333],[117.748355,15.230068],[117.715095,15.222561],[117.708319,15.182712]]],[[[112.241858,3.942404],[112.292365,3.946583],[112.288053,3.97345],[112.254177,3.97942],[112.241858,3.942404]]],[[[111.734324,16.19732],[111.779903,16.19732],[111.81686,16.224329],[111.813164,16.261676],[111.782367,16.273741],[111.716462,16.249036],[111.789758,16.250186],[111.790374,16.220307],[111.734324,16.19732]]],[[[111.649324,16.255931],[111.577875,16.208239],[111.56802,16.162834],[111.611136,16.156511],[111.690592,16.211112],[111.606825,16.177779],[111.598817,16.198469],[111.681353,16.262251],[111.649324,16.255931]]],[[[113.896887,7.607204],[113.919677,7.566865],[113.98743,7.536014],[114.058879,7.537794],[114.157429,7.561525],[114.289856,7.617288],[114.368696,7.638642],[114.407501,7.683126],[114.419819,7.765557],[114.464167,7.814771],[114.540543,7.862201],[114.555326,7.891249],[114.540543,7.945783],[114.511594,7.966527],[114.47279,7.968898],[114.414892,7.952895],[114.268298,7.870501],[114.211632,7.786904],[114.095219,7.721082],[114.029314,7.670078],[113.921524,7.639235],[113.896887,7.607204]]],[[[113.976959,8.872888],[114.013299,8.836817],[114.035473,8.783591],[114.060111,8.816119],[114.041017,8.843913],[113.989894,8.878801],[113.976959,8.872888]]],[[[113.956017,8.840365],[113.975111,8.793054],[114.012068,8.798376],[113.977575,8.841548],[113.956017,8.840365]]],[[[111.97454,16.323715],[112.002258,16.306484],[112.07617,16.323715],[112.074938,16.349558],[112.047221,16.360469],[112.002874,16.350707],[111.97454,16.323715]]],[[[111.739251,16.452898],[111.766969,16.470116],[111.786679,16.520039],[111.759577,16.545857],[111.765737,16.495366],[111.739251,16.452898]]],[[[112.216604,8.866383],[112.206133,8.88767],[112.180264,8.862244],[112.216604,8.866383]]],[[[113.792177,7.373422],[113.828518,7.362145],[113.829134,7.383511],[113.792177,7.373422]]],[[[114.194386,8.764664],[114.201161,8.727991],[114.248588,8.724442],[114.222103,8.784773],[114.194386,8.764664]]],[[[112.232619,16.996239],[112.207981,16.987081],[112.222764,16.960751],[112.292981,16.96762],[112.266496,16.993949],[112.232619,16.996239]]],[[[114.689601,10.345648],[114.702536,10.312677],[114.725941,10.319154],[114.747499,10.37214],[114.717318,10.380381],[114.689601,10.345648]]],[[[115.837712,9.709775],[115.861117,9.694438],[115.867277,9.650191],[115.901153,9.67084],[115.925791,9.781734],[115.901153,9.795888],[115.870972,9.778785],[115.837712,9.709775]]],[[[114.617536,9.965688],[114.642173,9.917351],[114.672355,9.927963],[114.685905,9.979245],[114.617536,9.965688]]],[[[113.769387,7.636862],[113.773699,7.601865],[113.814967,7.603051],[113.831597,7.644573],[113.769387,7.636862]]],[[[109.463972,7.344339],[109.463972,7.315254],[109.513247,7.320002],[109.571761,7.373422],[109.654297,7.479648],[109.709115,7.511095],[109.791651,7.524742],[109.938861,7.504569],[109.948716,7.522962],[109.904984,7.55144],[109.816289,7.572797],[109.72205,7.575763],[109.653065,7.559745],[109.536037,7.448792],[109.463972,7.344339]]],[[[116.273181,8.879392],[116.294123,8.858105],[116.332311,8.901269],[116.305826,8.917233],[116.273181,8.879392]]],[[[112.476531,16.001247],[112.570154,16.011027],[112.612037,16.039212],[112.588016,16.070844],[112.462364,16.043813],[112.448814,16.005274],[112.476531,16.001247]]],[[[112.537509,8.846278],[112.57077,8.815527],[112.639755,8.818484],[112.598487,8.859288],[112.537509,8.846278]]],[[[114.469095,10.836261],[114.475254,10.814512],[114.513442,10.848605],[114.565181,10.836261],[114.593514,10.856245],[114.587355,10.909138],[114.55471,10.900911],[114.469095,10.836261]]],[[[112.409393,16.294996],[112.383524,16.265698],[112.411241,16.2634],[112.475915,16.288677],[112.531349,16.285805],[112.536893,16.312228],[112.509176,16.317397],[112.409393,16.294996]]],[[[116.48876,10.395686],[116.461658,10.34918],[116.467202,10.309144],[116.511549,10.297957],[116.566368,10.304434],[116.644592,10.335051],[116.637817,10.365076],[116.514629,10.34918],[116.542346,10.41982],[116.526332,10.426883],[116.48876,10.395686]]],[[[112.349031,16.912088],[112.360734,16.925257],[112.334249,16.962469],[112.30222,16.963041],[112.349031,16.912088]]],[[[111.500267,16.45175],[111.49534,16.4374],[111.545847,16.43453],[111.538455,16.461507],[111.500267,16.45175]]],[[[115.500177,9.897897],[115.54822,9.869007],[115.585177,9.896128],[115.581481,9.917351],[115.518039,9.933857],[115.500177,9.897897]]],[[[114.669891,8.210048],[114.691449,8.18517],[114.74134,8.189316],[114.726557,8.21064],[114.669891,8.210048]]],[[[114.507899,8.120004],[114.530073,8.103415],[114.595978,8.120596],[114.624311,8.149626],[114.595978,8.15792],[114.507899,8.120004]]],[[[115.16757,8.386523],[115.18112,8.345668],[115.235939,8.321982],[115.285214,8.314876],[115.315395,8.356326],[115.299381,8.370537],[115.202678,8.395403],[115.16757,8.386523]]],[[[113.895039,8.00505],[113.904894,7.963564],[113.9708,7.944597],[113.969568,7.974825],[113.940003,8.018088],[113.895039,8.00505]]],[[[115.436119,9.393447],[115.450286,9.345028],[115.469996,9.3592],[115.456445,9.417064],[115.436119,9.393447]]],[[[116.457347,9.174326],[116.477057,9.137103],[116.500462,9.164282],[116.457347,9.174326]]],[[[113.638192,8.976942],[113.654823,8.962163],[113.730583,9.004133],[113.719496,9.020092],[113.644968,8.989355],[113.638192,8.976942]]],[[[114.696992,11.004322],[114.710543,11.001972],[114.793079,11.07657],[114.799854,11.10476],[114.766593,11.110045],[114.710543,11.039567],[114.696992,11.004322]]],[[[114.62,11.432264],[114.652644,11.436957],[114.661884,11.522584],[114.621232,11.518479],[114.62,11.432264]]],[[[114.910723,10.863298],[114.931049,10.841551],[114.959998,10.902087],[114.934129,10.902674],[114.910723,10.863298]]],[[[111.572948,16.470116],[111.578491,16.447158],[111.614216,16.44027],[111.592658,16.490775],[111.572948,16.470116]]],[[[113.939387,8.875253],[113.912285,8.888853],[113.893807,8.862836],[113.916597,8.837999],[113.939387,8.875253]]],[[[109.936397,7.848566],[109.936397,7.823665],[109.988136,7.8124],[110.050346,7.846194],[110.082991,7.896584],[110.078063,7.949339],[110.0331,7.944597],[109.953027,7.888878],[109.936397,7.848566]]],[[[116.727128,11.501473],[116.765316,11.430504],[116.772092,11.445755],[116.738215,11.514961],[116.727128,11.501473]]],[[[111.690592,16.587731],[111.724469,16.560198],[111.717078,16.59404],[111.690592,16.587731]]],[[[112.507328,16.466098],[112.586784,16.525777],[112.575081,16.537251],[112.499321,16.493645],[112.507328,16.466098]]],[[[111.761425,16.061642],[111.791606,16.028859],[111.828563,16.049565],[111.829795,16.070844],[111.761425,16.061642]]],[[[113.845764,10.018733],[113.865474,10.00341],[113.872249,10.123029],[113.856851,10.12185],[113.845764,10.018733]]],[[[114.791847,8.160882],[114.777064,8.114079],[114.812173,8.110524],[114.818332,8.141332],[114.791847,8.160882]]],[[[116.557129,9.745167],[116.566368,9.718623],[116.593469,9.723932],[116.557129,9.745167]]],[[[115.28275,10.191951],[115.288294,10.172513],[115.333257,10.200198],[115.28891,10.211388],[115.28275,10.191951]]],[[[116.832454,10.476908],[116.855243,10.468669],[116.868794,10.495739],[116.832454,10.476908]]],[[[114.703151,16.170307],[114.816484,16.198469],[114.802934,16.215135],[114.704383,16.199044],[114.703151,16.170307]]],[[[115.97753,9.321997],[115.926407,9.311366],[115.943037,9.269433],[115.976298,9.268252],[115.999088,9.293649],[115.97753,9.321997]]],[[[113.660366,9.231039],[113.676997,9.202683],[113.697323,9.225722],[113.660366,9.231039]]],[[[114.665579,7.590001],[114.671739,7.563898],[114.72163,7.59178],[114.703767,7.614915],[114.665579,7.590001]]],[[[114.493116,10.717504],[114.513442,10.722208],[114.562717,10.778064],[114.539312,10.793349],[114.493116,10.717504]]],[[[117.770529,10.773361],[117.798862,10.753371],[117.835819,10.803931],[117.831507,10.838612],[117.801942,10.839788],[117.775457,10.809222],[117.770529,10.773361]]],[[[114.242429,10.242014],[114.263371,10.239658],[114.326197,10.284414],[114.312646,10.300901],[114.265219,10.275581],[114.242429,10.242014]]],[[[114.688985,11.469217],[114.722246,11.429331],[114.737644,11.463938],[114.720398,11.49209],[114.688985,11.469217]]],[[[116.638433,10.503977],[116.653215,10.491031],[116.70865,10.492797],[116.699411,10.517511],[116.638433,10.503977]]],[[[110.459946,8.116449],[110.471032,8.072012],[110.554184,8.093935],[110.599764,8.156735],[110.568351,8.17273],[110.461793,8.128298],[110.459946,8.116449]]],[[[111.463311,8.52504],[111.497187,8.523857],[111.509506,8.550489],[111.463311,8.52504]]],[[[115.258113,8.509652],[115.271048,8.477098],[115.296301,8.510836],[115.258113,8.509652]]],[[[113.221817,8.073789],[113.235984,8.068456],[113.283411,8.111117],[113.269861,8.120004],[113.221817,8.073789]]],[[[114.074893,10.929118],[114.064422,10.904437],[114.110002,10.918541],[114.096451,10.947921],[114.074893,10.929118]]],[[[117.258068,10.320331],[117.299336,10.313855],[117.299952,10.343293],[117.274698,10.358011],[117.258068,10.320331]]],[[[114.212864,16.040937],[114.31203,16.034611],[114.306487,16.057616],[114.268914,16.059342],[114.212864,16.040937]]],[[[110.609003,8.010976],[110.642879,7.989049],[110.641648,8.031125],[110.622553,8.041199],[110.609003,8.010976]]],[[[115.509416,8.490712],[115.521735,8.460523],[115.55438,8.461115],[115.569162,8.49012],[115.558691,8.523265],[115.514344,8.519122],[115.509416,8.490712]]],[[[111.539071,7.54432],[111.542767,7.524742],[111.583419,7.543134],[111.612368,7.592374],[111.566788,7.606017],[111.539071,7.54432]]],[[[111.657947,8.672974],[111.665955,8.622683],[111.717694,8.6499],[111.697368,8.67889],[111.657947,8.672974]]],[[[110.460561,7.799948],[110.487663,7.783346],[110.511684,7.805878],[110.485199,7.827815],[110.460561,7.799948]]],[[[112.345952,8.926101],[112.392763,8.919598],[112.384756,8.946793],[112.345952,8.926101]]],[[[116.469665,9.810041],[116.47952,9.785272],[116.50847,9.79117],[116.490607,9.821246],[116.469665,9.810041]]],[[[111.925265,8.070827],[111.949287,8.05068],[111.994866,8.047125],[112.018888,8.065494],[112.013344,8.093342],[111.95483,8.106377],[111.925265,8.070827]]],[[[114.457392,15.599305],[114.466631,15.576823],[114.491884,15.59354],[114.457392,15.599305]]],[[[114.985252,11.078332],[115.013585,11.063062],[115.021592,11.085967],[114.985252,11.078332]]],[[[114.10569,16.004124],[114.110618,15.978235],[114.132176,16.007575],[114.10569,16.004124]]],[[[116.045283,10.095338],[116.067457,10.065876],[116.09579,10.09357],[116.070537,10.12892],[116.045283,10.095338]]],[[[117.266691,10.69163],[117.348611,10.672811],[117.404661,10.671047],[117.418212,10.702803],[117.369553,10.7422],[117.293176,10.735144],[117.266691,10.69163]]],[[[114.854057,7.244611],[114.819564,7.192957],[114.869455,7.198895],[114.854057,7.244611]]],[[[112.823305,8.910729],[112.859645,8.889444],[112.873196,8.908364],[112.823305,8.910729]]],[[[111.670266,7.651098],[111.707223,7.648725],[111.749722,7.703884],[111.726317,7.729977],[111.691208,7.711593],[111.670266,7.651098]]],[[[112.207981,8.835634],[112.235699,8.827355],[112.241242,8.852783],[112.207981,8.835634]]],[[[112.527654,5.79444],[112.531965,5.766455],[112.562762,5.75931],[112.562146,5.820637],[112.527654,5.79444]]],[[[114.599058,8.846278],[114.645869,8.844504],[114.68221,8.881166],[114.665579,8.900087],[114.61692,8.881166],[114.599058,8.846278]]],[[[114.868223,7.983715],[114.907643,7.951117],[114.914419,8.00742],[114.883006,8.011569],[114.868223,7.983715]]],[[[112.945261,8.410204],[112.985297,8.429149],[112.949572,8.432701],[112.945261,8.410204]]],[[[113.600004,6.961929],[113.580294,6.920344],[113.62341,6.942325],[113.600004,6.961929]]],[[[116.695099,16.345538],[116.708034,16.299591],[116.738831,16.303612],[116.747454,16.360469],[116.717889,16.373676],[116.695099,16.345538]]],[[[117.347995,10.090624],[117.354154,10.06293],[117.385567,10.063519],[117.373864,10.106532],[117.347995,10.090624]]],[[[112.993304,19.472003],[113.038883,19.480466],[113.048123,19.506417],[113.029028,19.52898],[112.993304,19.52616],[112.980369,19.496263],[112.993304,19.472003]]],[[[114.448153,16.034035],[114.485109,16.034611],[114.521449,16.056466],[114.465399,16.067393],[114.448153,16.034035]]],[[[113.832213,19.158552],[113.874097,19.151203],[113.914749,19.172119],[113.920293,19.223551],[113.875945,19.237113],[113.80696,19.222986],[113.799568,19.19925],[113.832213,19.158552]]],[[[112.650842,5.106941],[112.655769,5.055676],[112.682871,5.048522],[112.719211,5.075944],[112.678559,5.121247],[112.650842,5.106941]]],[[[111.638853,7.907254],[111.665339,7.887099],[111.712766,7.887099],[111.713382,7.927408],[111.651788,7.932743],[111.638853,7.907254]]],[[[112.244322,8.874662],[112.281278,8.855148],[112.288669,8.885896],[112.244322,8.874662]]],[[[112.89229,7.844416],[112.929862,7.827815],[112.93171,7.867537],[112.89229,7.844416]]],[[[112.583088,5.56159],[112.606494,5.51751],[112.614501,5.465683],[112.642834,5.489512],[112.616349,5.568737],[112.583088,5.56159]]],[[[112.523342,5.656289],[112.5449,5.616386],[112.565842,5.63068],[112.56153,5.677133],[112.528886,5.687257],[112.523342,5.656289]]],[[[115.361591,13.948985],[115.397315,13.92517],[115.438583,13.943757],[115.423185,13.977443],[115.377605,13.968732],[115.361591,13.948985]]],[[[113.596924,10.240836],[113.617866,10.22199],[113.638192,10.243192],[113.596924,10.240836]]],[[[113.860546,15.477068],[113.893807,15.463802],[113.890112,15.490909],[113.860546,15.477068]]],[[[112.907072,4.993079],[112.943413,4.991887],[112.952652,5.047926],[112.910768,5.038388],[112.907072,4.993079]]],[[[112.557219,5.109326],[112.568922,5.071771],[112.610806,5.091443],[112.601567,5.120055],[112.557219,5.109326]]],[[[112.350263,5.621747],[112.385988,5.615791],[112.385372,5.643187],[112.350263,5.621747]]],[[[112.226459,16.759147],[112.254177,16.751698],[112.262184,16.778057],[112.211061,16.795819],[112.226459,16.759147]]],[[[112.233851,15.69612],[112.25972,15.734718],[112.240626,15.741055],[112.20367,15.71398],[112.233851,15.69612]]],[[[112.612037,5.367973],[112.640371,5.347715],[112.685334,5.371548],[112.690878,5.406702],[112.62374,5.401935],[112.612037,5.367973]]],[[[112.472219,5.73966],[112.496857,5.736683],[112.498089,5.775387],[112.472219,5.73966]]],[[[113.217506,6.306249],[113.230441,6.285429],[113.243991,6.325878],[113.217506,6.306249]]],[[[116.152457,9.579384],[116.189413,9.565221],[116.187565,9.595317],[116.152457,9.579384]]],[[[114.948911,7.508722],[114.960614,7.484988],[115.012353,7.48